9796	PHYHIP
7918	GPANK1
8233	ZRSR2
4899	NRF1
5297	PI4KA
6564	SLC15A1
8668	EIF3I
10826	FAXDC2
4489	MT1A
6272	SORT1
4041	LRP5
6202	RPS8
924	CD7
65005	MRPL9
5704	PSMC4
1958	EGR1
6633	SNRPD2
85289	KRTAP4-5
6872	TAF1
10451	VAV3
3846	KRTAP5-9
3163	HMOX2
2353	FOS
5611	DNAJC3
3965	LGALS9
4609	MYC
9064	MAP3K6
54474	KRT20
114791	TUBGCP5
2147	F2
1759	DNM1
10726	NUDC
963	CD53
2932	GSK3B
55739	NAXD
57709	SLC7A14
5817	PVR
1186	CLCN7
891	CCNB1
22809	ATF5
1017	CDK2
4728	NDUFS8
5307	PITX1
5295	PIK3R1
6732	SRPK1
3238	HOXD12
28969	BZW2
10454	TAB1
344387	CDKL4
84988	PPP1R16A
2114	ETS2
6667	SP1
28511	NKIRAS2
3433	IFIT2
6790	AURKA
6434	TRA2B
10524	KAT5
30012	TLX3
22803	XRN2
6125	RPL5
8773	SNAP23
801	CALM1
3628	INPP1
5536	PPP5C
9129	PRPF3
10291	SF3A1
7536	SF1
4233	MET
1869	E2F1
5810	RAD1
3866	KRT15
10664	CTCF
5875	RABGGTA
8533	COPS3
151	ADRA2B
4637	MYL6
4682	NUBP1
339834	IHO1
7428	VHL
27069	GHITM
675	BRCA2
166	TLE5
1122	CHML
1175	AP2S1
4809	SNU13
1650	DDOST
6502	SKP2
3181	HNRNPA2B1
26121	PRPF31
135932	TMEM139
682	BSG
754	PTTG1IP
1203	CLN5
1847	DUSP5
9921	RNF10
4726	NDUFS6
65220	NADK
10159	ATP6AP2
5476	CTSA
2770	GNAI1
10484	SEC23A
10455	ECI2
7182	NR2C2
80854	SETD7
10946	SF3A3
7580	ZNF32
3169	FOXA1
7341	SUMO1
1111	CHEK1
7014	TERF2
6839	SUV39H1
7276	TTR
339229	OXLD1
11325	DDX42
9135	RABEP1
84277	DNAJC30
841	CASP8
23137	SMC5
358	AQP1
2113	ETS1
7013	TERF1
23404	EXOSC2
8646	CHRD
6789	STK4
51614	ERGIC3
1956	EGFR
3024	H1-1
3662	IRF4
120939	TMEM52B
8335	H2AC4
2623	GATA1
1053	CEBPE
353132	LCE1B
1460	CSNK2B
23013	SPEN
5499	PPP1CA
7375	USP4
7107	GPR137B
3303	HSPA1A
5111	PCNA
6613	SUMO2
10025	MED16
54915	YTHDF1
5573	PRKAR1A
4088	SMAD3
5359	PLSCR1
4222	MEOX1
1946	EFNA5
5355	PLP2
205	AK4
2261	FGFR3
1490	CCN2
2885	GRB2
1874	E2F4
2332	FMR1
1107	CHD3
119	ADD2
4738	NEDD8
51255	RNF181
11100	HNRNPUL1
10492	SYNCRIP
7514	XPO1
1836	SLC26A2
4000	LMNA
7329	UBE2I
64881	PCDH20
7073	TIAL1
3732	CD82
1871	E2F3
5080	PAX6
1295	COL8A1
830	CAPZA2
4879	NPPB
8766	RAB11A
6688	SPI1
5708	PSMD2
5467	PPARD
5728	PTEN
2033	EP300
3588	IL10RB
57175	CORO1B
5042	PABPC3
932	MS4A3
4778	NFE2
6773	STAT2
1477	CSTF1
3875	KRT18
843	CASP10
2495	FTH1
7316	UBC
54544	CRCT1
1856	DVL2
2768	GNA12
3671	ISLR
5579	PRKCB
3842	TNPO1
1849	DUSP7
1432	MAPK14
5276	SERPINI2
5423	POLB
10488	CREB3
1543	CYP1A1
10987	COPS5
23601	CLEC5A
1054	CEBPG
7629	ZNF76
10236	HNRNPR
4149	MAX
2886	GRB7
4627	MYH9
4702	NDUFA8
4878	NPPA
10559	SLC35A1
3630	INS
6464	SHC1
7266	DNAJC7
23385	NCSTN
163059	ZNF433
8175	SF3A2
3398	ID2
11162	NUDT6
127002	ATXN7L2
3615	IMPDH2
4100	MAGEA1
56935	SMCO4
8525	DGKZ
7307	U2AF1
3554	IL1R1
2041	EPHA1
8087	FXR1
9512	PMPCB
6132	RPL8
4591	TRIM37
55075	UACA
6636	SNRPF
409	ARRB2
1029	CDKN2A
5427	POLE2
60	ACTB
84330	ZNF414
53	ACP2
8363	H4C11
10142	AKAP9
5145	PDE6A
3326	HSP90AB1
64837	KLC2
526	ATP6V1B2
55030	FBXO34
3727	JUND
2896	GRN
5364	PLXNB1
890	CCNA2
90957	DHX57
323	APBB2
85450	ITPRIP
3837	KPNB1
6628	SNRPB
374395	TMEM179B
9730	DCAF1
29095	ORMDL2
22894	DIS3
55837	EAPP
5976	UPF1
9618	TRAF4
5347	PLK1
81851	KRTAP1-1
8662	EIF3B
3241	HPCAL1
5516	PPP2CB
904	CCNT1
10009	ZBTB33
54206	ERRFI1
9632	SEC24C
8544	PIR
8464	SUPT3H
339366	ADAMTSL5
3909	LAMA3
57511	COG6
2040	STOM
3172	HNF4A
10277	UBE4B
4543	MTNR1A
3958	LGALS3
158427	TSTD2
51100	SH3GLB1
1994	ELAVL1
4929	NR4A2
5087	PBX1
2036	EPB41L1
1207	CLNS1A
6093	ROCK1
5781	PTPN11
6279	S100A8
8315	BRAP
8737	RIPK1
56652	TWNK
1857	DVL3
8239	USP9X
6608	SMO
6713	SQLE
5305	PIP4K2A
1457	CSNK2A1
1783	DYNC1LI2
2934	GSN
4659	PPP1R12A
23361	ZNF629
29767	TMOD2
3042	HBM
8453	CUL2
5079	PAX5
10576	CCT2
5121	PCP4
2634	GBP2
7532	YWHAG
580	BARD1
1859	DYRK1A
10241	CALCOCO2
8454	CUL1
51118	UTP11
10594	PRPF8
10202	DHRS2
5020	OXT
2101	ESRRA
5991	RFX3
51512	GTSE1
2975	GTF3C1
3725	JUN
6187	RPS2
25959	KANK2
8338	H2AC20
79364	ZXDC
7111	TMOD1
1019	CDK4
4580	MTX1
9111	NMI
661	POLR3D
994	CDC25B
695	BTK
8330	H2AC15
2175	FANCA
84707	BEX2
590	BCHE
27301	APEX2
64763	ZNF574
3930	LBR
9040	UBE2M
55677	IWS1
56898	BDH2
57567	ZNF319
6138	RPL15
1051	CEBPB
1745	DLX1
3178	HNRNPA1
83755	KRTAP4-12
3134	HLA-F
1952	CELSR2
4665	NAB2
408	ARRB1
4188	MDFI
79142	PHF23
26240	FAM50B
6647	SOD1
7454	WAS
367	AR
2060	EPS15
84941	HSH2D
26239	LCE2B
7965	AIMP2
5654	HTRA1
26993	AKAP8L
3221	HOXC4
25942	SIN3A
10775	POP4
4843	NOS2
5586	PKN2
2099	ESR1
29128	UHRF1
4223	MEOX2
2059	EPS8
2580	GAK
84445	LZTS2
3605	IL17A
284355	TPRX1
6134	RPL10
10929	SRSF8
5161	PDHA2
353131	LCE1A
58	ACTA1
640	BLK
1385	CREB1
238	ALK
593	BCKDHA
9110	MTMR4
2038	EPB42
3950	LECT2
545	ATR
9498	SLC4A8
267	AMFR
7415	VCP
6668	SP2
4170	MCL1
83606	GUCD1
780	DDR1
65065	NBEAL1
23555	TSPAN15
2244	FGB
898	CCNE1
9782	MATR3
7270	TTF1
810	CALML3
583	BBS2
5612	THAP12
6327	SCN2B
5092	PCBD1
5829	PXN
5933	RBL1
7009	TMBIM6
7412	VCAM1
5594	MAPK1
83878	USHBP1
2122	MECOM
6720	SREBF1
7529	YWHAB
1327	COX4I1
55143	CDCA8
638	BIK
4436	MSH2
2275	FHL3
8726	EED
7189	TRAF6
5911	RAP2A
5879	RAC1
9260	PDLIM7
63978	PRDM14
10950	BTG3
4236	MFAP1
8702	B4GALT4
6652	SORD
7314	UBB
1267	CNP
973	CD79A
2264	FGFR4
122183	PRR20A
1876	E2F6
11170	FAM107A
3298	HSF2
4666	NACA
2740	GLP1R
6899	TBX1
6935	ZEB1
8611	PLPP1
9815	GIT2
1312	COMT
3184	HNRNPD
2624	GATA2
1131	CHRM3
2103	ESRRB
1269	CNR2
6009	RHEB
7175	TPR
6657	SOX2
3838	KPNA2
161742	SPRED1
10424	PGRMC2
9775	EIF4A3
25894	PLEKHG4
6430	SRSF5
2959	GTF2B
120379	PIH1D2
55110	MAGOHB
6925	TCF4
50863	NTM
9801	MRPL19
373	TRIM23
51319	RSRC1
6717	SRI
2162	F13A1
3561	IL2RG
3009	H1-5
23379	ICE1
6642	SNX1
57096	RPGRIP1
8887	TAX1BP1
54534	MRPL50
5747	PTK2
4043	LRPAP1
5018	OXA1L
149461	CLDN19
79065	ATG9A
857	CAV1
5159	PDGFRB
10482	NXF1
6597	SMARCA4
2928	GSC2
2193	FARSA
8342	H2BC14
37	ACADVL
3091	HIF1A
10043	TOM1
3656	IRAK2
7376	NR1H2
27031	NPHP3
8648	NCOA1
4904	YBX1
2271	FH
2735	GLI1
3609	ILF3
2355	FOSL2
29950	SERTAD1
2908	NR3C1
3300	DNAJB2
9659	PDE4DIP
4673	NAP1L1
22852	ANKRD26
2804	GOLGB1
602	BCL3
2017	CTTN
79041	TMEM38A
1454	CSNK1E
3313	HSPA9
3183	HNRNPC
57665	RDH14
65057	ACD
9911	TMCC2
6189	RPS3A
1962	EHHADH
2566	GABRG2
2597	GAPDH
3215	HOXB5
5705	PSMC5
983	CDK1
7528	YY1
4988	OPRM1
4528	MTIF2
10204	NUTF2
1736	DKC1
599	BCL2L2
29115	SAP30BP
5329	PLAUR
27076	LYPD3
9094	UNC119
4175	MCM6
6432	SRSF7
6885	MAP3K7
8928	FOXH1
6840	SVIL
1778	DYNC1H1
4815	NINJ2
6318	SERPINB4
81	ACTN4
10957	PNRC1
10171	RCL1
5165	PDK3
4751	NEK2
672	BRCA1
389	RHOC
10460	TACC3
54541	DDIT4
4833	NME4
54776	PPP1R12C
5354	PLP1
51655	RASD1
9625	AATK
79698	ZMAT4
221656	KDM1B
5204	PFDN5
5578	PRKCA
7332	UBE2L3
142	PARP1
8553	BHLHE40
3831	KLC1
11007	CCDC85B
3836	KPNA1
4793	NFKBIB
846	CASR
5089	PBX2
11107	PRDM5
5925	RB1
6446	SGK1
648	BMI1
5901	RAN
9495	AKAP5
23126	POGZ
3017	H2BC5
353139	LCE2A
1879	EBF1
23673	STX12
3066	HDAC2
286075	ZNF707
293	SLC25A6
6208	RPS14
229	ALDOB
2177	FANCD2
1032	CDKN2D
1786	DNMT1
6886	TAL1
8736	MYOM1
7323	UBE2D3
10127	ZNF263
8661	EIF3A
84140	FAM161A
25	ABL1
51741	WWOX
126410	CYP4F22
7534	YWHAZ
7289	TULP3
9320	TRIP12
57168	ASPHD2
55737	VPS35
4919	ROR1
2534	FYN
351	APP
55964	SEPTIN3
29074	MRPL18
5702	PSMC3
5693	PSMB5
7188	TRAF5
6241	RRM2
23595	ORC3
7251	TSG101
2648	KAT2A
80227	PAAF1
2997	GYS1
89872	AQP10
51545	ZNF581
3575	IL7R
26038	CHD5
10787	NCKAP1
10749	KIF1C
8416	ANXA9
813	CALU
11186	RASSF1
3659	IRF1
3660	IRF2
131616	TMEM42
9218	VAPA
9656	MDC1
5725	PTBP1
5090	PBX3
5791	PTPRE
23184	MESD
346	APOC4
2706	GJB2
5195	PEX14
5523	PPP2R3A
8467	SMARCA5
3281	HSBP1
8048	CSRP3
4801	NFYB
10097	ACTR2
9079	LDB2
5566	PRKACA
226	ALDOA
11059	WWP1
8027	STAM
10426	TUBGCP3
2774	GNAL
1671	DEFA6
25852	ARMC8
9317	PTER
6139	RPL17
8908	GYG2
5886	RAD23A
5987	TRIM27
6128	RPL6
7132	TNFRSF1A
2067	ERCC1
2305	FOXM1
2516	NR5A1
10179	RBM7
3895	KTN1
23170	TTLL12
4824	NKX3-1
54947	LPCAT2
3068	HDGF
8630	HSD17B6
2185	PTK2B
23412	COMMD3
64129	TINAGL1
9131	AIFM1
2235	FECH
7088	TLE1
6310	ATXN1
3164	NR4A1
23035	PHLPP2
83902	KRTAP17-1
1154	CISH
7913	DEK
9798	IST1
56104	PCDHGB1
4800	NFYA
975	CD81
5698	PSMB9
8976	WASL
905	CCNT2
2074	ERCC6
491	ATP2B2
1558	CYP2C8
48	ACO1
331	XIAP
8974	P4HA2
2801	GOLGA2
5664	PSEN2
6157	RPL27A
8655	DYNLL1
4606	MYBPC2
5916	RARG
1525	CXADR
4286	MITF
7037	TFRC
10540	DCTN2
9463	PICK1
353142	LCE3A
9443	MED7
7046	TGFBR1
4629	MYH11
1937	EEF1G
6133	RPL9
5795	PTPRJ
3299	HSF4
5739	PTGIR
5660	PSAP
1967	EIF2B1
162427	RETREG3
622	BDH1
26751	SH3YL1
1616	DAXX
3052	HCCS
9821	RB1CC1
6774	STAT3
8831	SYNGAP1
946	SIGLEC6
7549	ZNF2
51564	HDAC7
9859	CEP170
3549	IHH
64518	TEKT3
64769	MEAF6
6629	SNRPB2
908	CCT6A
5914	RARA
1022	CDK7
4654	MYOD1
5663	PSEN1
10438	C1D
506	ATP5F1B
1108	CHD4
192666	KRT24
1109	AKR1C4
7422	VEGFA
3932	LCK
10126	DNAL4
51213	LUZP4
23677	SH3BP4
3476	IGBP1
26268	FBXO9
8036	SHOC2
2232	FDXR
1727	CYB5R3
8890	EIF2B4
5460	POU5F1
6168	RPL37A
57187	THOC2
5601	MAPK9
952	CD38
6233	RPS27A
4582	MUC1
51027	BOLA1
3188	HNRNPH2
1499	CTNNB1
26064	RAI14
7975	MAFK
5970	RELA
6426	SRSF1
1488	CTBP2
23594	ORC6
114571	SLC22A9
7566	ZNF18
7572	ZNF24
51421	AMOTL2
6635	SNRPE
817	CAMK2D
9978	RBX1
80233	FAAP100
5127	CDK16
5140	PDE3B
135228	CD109
4628	MYH10
302	ANXA2
5741	PTH
338	APOB
1355	COX15
1831	TSC22D3
4201	MEA1
7681	MKRN3
6772	STAT1
10175	CNIH1
3069	HDLBP
23085	ERC1
2247	FGF2
3185	HNRNPF
80196	RNF34
1021	CDK6
6606	SMN1
57666	FBRSL1
1050	CEBPA
9324	HMGN3
6449	SGTA
5910	RAP1GDS1
2972	BRF1
80007	C10orf88
4707	NDUFB1
79759	ZNF668
1762	DMWD
10253	SPRY2
10640	EXOC5
10980	COPS6
7368	UGT8
9837	GINS1
3799	KIF5B
10569	SLU7
3801	KIFC3
2064	ERBB2
7321	UBE2D1
10884	MRPS30
10169	SERF2
1487	CTBP1
6135	RPL11
10249	GLYAT
10458	BAIAP2
8899	PRPF4B
10808	HSPH1
360	AQP3
9855	FARP2
64754	SMYD3
3960	LGALS4
991	CDC20
1742	DLG4
23180	RFTN1
1639	DCTN1
3598	IL13RA2
1289	COL5A1
51073	MRPL4
7185	TRAF1
6696	SPP1
7812	CSDE1
944	TNFSF8
3208	HPCA
6141	RPL18
1058	CENPA
10252	SPRY1
8841	HDAC3
5034	P4HB
8727	CTNNAL1
498	ATP5F1A
6709	SPTAN1
78988	MRPL57
1643	DDB2
4771	NF2
51133	KCTD3
292	SLC25A5
10865	ARID5A
3516	RBPJ
1654	DDX3X
3358	HTR2C
3881	KRT31
5595	MAPK3
10342	TFG
11335	CBX3
2553	GABPB1
7597	ZBTB25
29966	STRN3
1810	DR1
4142	MAS1
3736	KCNA1
10403	NDC80
85291	KRTAP4-2
83899	KRTAP9-2
4607	MYBPC3
9861	PSMD6
5339	PLEC
9172	MYOM2
467	ATF3
5902	RANBP1
56342	PPAN
6137	RPL13
51075	TMX2
2923	PDIA3
4882	NPR2
6143	RPL19
1452	CSNK1A1
7841	MOGS
9219	MTA2
4087	SMAD2
2027	ENO3
10799	RPP40
4110	MAGEA11
5357	PLS1
55588	MED29
115265	DDIT4L
51439	FAM8A1
27347	STK39
5599	MAPK8
8548	BLZF1
4163	MCC
6193	RPS5
23218	NBEAL2
5153	PDE1B
392	ARHGAP1
1287	COL4A5
30011	SH3KBP1
2002	ELK1
6498	SKIL
5435	POLR2F
55722	CEP72
9277	WDR46
7319	UBE2A
6191	RPS4X
3304	HSPA1B
1284	COL4A2
10544	PROCR
84708	LNX1
6142	RPL18A
10728	PTGES3
170392	OIT3
2125	EVPL
85364	ZCCHC3
5575	PRKAR1B
2556	GABRA3
1896	EDA
79913	ACTR5
10975	UQCR11
6130	RPL7A
770	CA11
64221	ROBO3
9382	COG1
5607	MAP2K5
7741	ZSCAN26
1642	DDB1
4345	CD200
11284	PNKP
808	CALM3
10956	OS9
10180	RBM6
54780	NSMCE4A
6640	SNTA1
94107	TMEM203
4670	HNRNPM
5906	RAP1A
4869	NPM1
6950	TCP1
7745	ZKSCAN8
5863	RGL2
55814	BDP1
1997	ELF1
2767	GNA11
10769	PLK2
2564	GABRE
1072	CFL1
8678	BECN1
6585	SLIT1
1948	EFNB2
51184	GPN3
2306	FOXD2
6386	SDCBP
11066	SNRNP35
163154	PRR22
5245	PHB
10207	PATJ
84078	KBTBD7
4860	PNP
84912	SLC35B4
6856	SYPL1
3551	IKBKB
8836	GGH
81555	YIPF5
6917	TCEA1
6921	ELOC
10838	ZNF275
10573	MRPL28
4880	NPPC
2303	FOXC2
2551	GABPA
23237	ARC
3676	ITGA4
1020	CDK5
8784	TNFRSF18
9209	LRRFIP2
5894	RAF1
5468	PPARG
116461	TSEN15
5997	RGS2
23421	ITGB3BP
10537	UBD
4192	MDK
182	JAG1
2683	B4GALT1
90196	SYS1
9586	CREB5
4007	PRICKLE3
10273	STUB1
3621	ING1
6777	STAT5B
6835	SURF2
3553	IL1B
9204	ZMYM6
8936	WASF1
5027	P2RX7
84281	C2orf88
8677	STX10
4172	MCM3
79863	RBFA
2668	GDNF
2158	F9
1950	EGF
4601	MXI1
5591	PRKDC
2873	GPS1
23624	CBLC
6721	SREBF2
3728	JUP
5284	PIGR
25994	HIGD1A
5876	RABGGTB
30014	SPANXA1
6637	SNRPG
5515	PPP2CA
63932	STEEP1
29997	NOP53
7507	XPA
9704	DHX34
26330	GAPDHS
5883	RAD9A
6050	RNH1
1025	CDK9
81853	TMEM14B
64061	TSPYL2
3934	LCN2
23102	TBC1D2B
1687	GSDME
1641	DCX
2005	ELK4
10174	SORBS3
56063	TMEM234
3357	HTR2B
945	CD33
3054	HCFC1
1350	COX7C
2	A2M
785	CACNB4
3309	HSPA5
6176	RPLP1
7168	TPM1
4690	NCK1
9774	BCLAF1
7388	UQCRH
8353	H3C6
207	AKT1
23234	DNAJC9
54682	MANSC1
26003	GORASP2
5125	PCSK5
6041	RNASEL
6880	TAF9
5966	REL
11198	SUPT16H
3480	IGF1R
2783	GNB2
54870	QRICH1
815	CAMK2A
4522	MTHFD1
566	AZU1
9817	KEAP1
2782	GNB1
1163	CKS1B
5780	PTPN9
23001	WDFY3
4700	NDUFA6
7718	ZNF165
5104	SERPINA5
2091	FBL
5163	PDK1
2188	FANCF
3312	HSPA8
5692	PSMB4
8260	NAA10
27249	MMADHC
3884	KRT33B
1667	DEFA1
10919	EHMT2
1912	PHC2
948	CD36
26063	DECR2
3043	HBB
5021	OXTR
3008	H1-4
337967	KRTAP6-2
3065	HDAC1
5978	REST
6737	TRIM21
20	ABCA2
1003	CDH5
8399	PLA2G10
527	ATP6V0C
558	AXL
2976	GTF3C2
4291	MLF1
10363	HMG20A
9440	MED17
7545	ZIC1
1211	CLTA
79959	CEP76
10376	TUBA1B
85376	RIMBP3
26	AOC1
10551	AGR2
25970	SH2B1
3055	HCK
7083	TK1
3608	ILF2
5428	POLG
7267	TTC3
5465	PPARA
117144	CATSPER1
8398	PLA2G6
23541	SEC14L2
4001	LMNB1
1191	CLU
165140	OXER1
6934	TCF7L2
85378	TUBGCP6
85365	ALG2
4040	LRP6
4356	MPP3
87	ACTN1
1500	CTNND1
7533	YWHAH
10015	PDCD6IP
6817	SULT1A1
581	BAX
6248	RSC1A1
10240	MRPS31
11072	DUSP14
27086	FOXP1
57120	GOPC
28620	TRBV2
1398	CRK
51297	BPIFA1
629	CFB
56897	WRNIP1
10385	BTN2A2
4790	NFKB1
8227	AKAP17A
7508	XPC
54903	MKS1
5947	RBP1
1182	CLCN3
28965	SLC27A6
90993	CREB3L1
4066	LYL1
88	ACTN2
3594	IL12RB1
4090	SMAD5
27020	NPTN
1938	EEF2
778	CACNA1F
6493	SIM2
2029	ENSA
1026	CDKN1A
5439	POLR2J
6714	SRC
10855	HPSE
2665	GDI2
845	CASQ2
1045	CDX2
22858	CILK1
56252	YLPM1
1198	CLK3
162	AP1B1
6996	TDG
1875	E2F5
5888	RAD51
7391	USF1
688	KLF5
5518	PPP2R1A
9570	GOSR2
883	KYAT1
6203	RPS9
2879	GPX4
55536	CDCA7L
9695	EDEM1
55763	EXOC1
3783	KCNN4
825	CAPN3
8341	H2BC15
1627	DBN1
1613	DAPK3
2859	GPR35
3651	PDX1
660	BMX
80328	ULBP2
10059	DNM1L
113878	DTX2
51084	CRYL1
10155	TRIM28
10381	TUBB3
6015	RING1
7417	VDAC2
8417	STX7
22950	SLC4A1AP
8818	DPM2
4004	LMO1
6944	VPS72
60491	NIF3L1
259	AMBP
8531	YBX3
2192	FBLN1
1936	EEF1D
9892	SNAP91
10439	OLFM1
80273	GRPEL1
3784	KCNQ1
56997	COQ8A
60412	EXOC4
23020	SNRNP200
27141	CIDEB
10892	MALT1
90550	MCU
79068	FTO
657	BMPR1A
55177	RMDN3
23741	EID1
55231	CCDC87
3927	LASP1
10197	PSME3
23600	AMACR
330	BIRC3
998	CDC42
3661	IRF3
4261	CIITA
8237	USP11
2962	GTF2F1
7156	TOP3A
200523	TEX37
80742	PRR3
85477	SCIN
2891	GRIA2
25980	AAR2
5689	PSMB1
53615	MBD3
4005	LMO2
65062	TMEM237
708	C1QBP
9319	TRIP13
84790	TUBA1C
6418	SET
1489	CTF1
22907	DHX30
2213	FCGR2B
6804	STX1A
3956	LGALS1
25816	TNFAIP8
9538	EI24
55624	POMGNT1
2189	FANCG
2967	GTF2H3
79666	PLEKHF2
6672	SP100
10284	SAP18
7277	TUBA4A
189	AGXT
8379	MAD1L1
910	CD1B
4802	NFYC
7873	MANF
24142	NAA80
8030	CCDC6
23560	GTPBP4
2709	GJB5
58490	RPRD1B
6883	TAF12
1562	CYP2C18
375307	CATIP
1031	CDKN2C
5720	PSME1
7049	TGFBR3
1612	DAPK1
25932	CLIC4
388677	NOTCH2NLA
4887	NPY2R
23281	MTUS2
27079	RPUSD2
187	APLNR
55885	LMO3
5684	PSMA3
5493	PPL
3094	HINT1
6461	SHB
2263	FGFR2
3587	IL10RA
11277	TREX1
2622	GAS8
6396	SEC13
3198	HOXA1
55755	CDK5RAP2
7283	TUBG1
4798	NFRKB
3200	HOXA3
84129	ACAD11
1075	CTSC
664	BNIP3
6531	SLC6A3
410	ARSA
6472	SHMT2
5885	RAD21
8894	EIF2S2
23358	USP24
29978	UBQLN2
1196	CLK2
23405	DICER1
7086	TKT
2844	GPR21
9474	ATG5
55284	UBE2W
4259	MGST3
6923	ELOB
8556	CDC14A
5753	PTK6
9722	NOS1AP
10152	ABI2
4026	LPP
7485	GET1
5335	PLCG1
1974	EIF4A2
84858	ZNF503
816	CAMK2B
143884	CWF19L2
7739	ZNF185
5928	RBBP4
3224	HOXC8
5071	PRKN
9262	STK17B
2237	FEN1
6603	SMARCD2
5521	PPP2R2B
996	CDC27
7920	ABHD16A
9391	CIAO1
25945	NECTIN3
4642	MYO1D
1387	CREBBP
163050	ZNF564
30817	ADGRE2
54867	TMEM214
10534	ZNRD2
13	AADAC
4171	MCM2
7260	EIPR1
1877	E4F1
965	CD58
57228	SMAGP
6634	SNRPD3
5580	PRKCD
23294	ANKS1A
1399	CRKL
4694	NDUFA1
4633	MYL2
5892	RAD51D
4540	MT-ND5
326343	MT1DP
2533	FYB1
788	SLC25A20
9421	HAND1
2100	ESR2
79087	ALG12
3093	UBE2K
79839	CCDC102B
3006	H1-2
2707	GJB3
5592	PRKG1
116840	CNTROB
202243	CCDC125
6477	SIAH1
3889	KRT83
134829	CLVS2
55170	PRMT6
11077	HSF2BP
9054	NFS1
4085	MAD2L1
1161	ERCC8
4795	NFKBIL1
10158	PDZK1IP1
550	AUP1
9972	NUP153
1114	CHGB
7052	TGM2
29113	C6orf15
64858	DCLRE1B
2119	ETV5
1485	CTAG1B
51203	NUSAP1
7278	TUBA3C
51652	CHMP3
27295	PDLIM3
29890	RBM15B
57185	NIPAL3
57325	KAT14
3841	KPNA5
23417	MLYCD
2819	GPD1
3716	JAK1
11281	POU6F2
1263	PLK3
9454	HOMER3
359	AQP2
55204	GOLPH3L
6183	MRPS12
8895	CPNE3
28999	KLF15
64755	RUSF1
84243	ZDHHC18
51574	LARP7
1975	EIF4B
91	ACVR1B
866	SERPINA6
55388	MCM10
26136	TES
93487	MAPK1IP1L
51660	MPC1
23144	ZC3H3
51090	PLLP
23029	RBM34
6554	SLC10A1
51280	GOLM1
84948	TIGD5
10478	SLC25A17
4618	MYF6
7325	UBE2E2
6643	SNX2
3885	KRT34
4641	MYO1C
2322	FLT3
9638	FEZ1
8930	MBD4
5318	PKP2
509	ATP5F1C
200845	KCTD6
5597	MAPK6
3853	KRT6A
57129	MRPL47
8178	ELL
8607	RUVBL1
51398	WDR83OS
1794	DOCK2
6122	RPL3
3329	HSPD1
2882	GPX7
10476	ATP5PD
1116	CHI3L1
10817	FRS3
54657	UGT1A4
54585	LZTFL1
2494	NR5A2
165055	CCDC138
8481	OFD1
9205	ZMYM5
8318	CDC45
11117	EMILIN1
8554	PIAS1
2043	EPHA4
10282	BET1
1187	CLCNKA
8649	LAMTOR3
1353	COX11
25819	NOCT
6303	SAT1
3868	KRT16
84914	ZNF587
7884	SLBP
2309	FOXO3
9370	ADIPOQ
54793	KCTD9
5013	OTX1
57159	TRIM54
4184	SMCP
4210	MEFV
5394	EXOSC10
8266	UBL4A
84522	JAGN1
60485	SAV1
6136	RPL12
7782	SLC30A4
1993	ELAVL2
4914	NTRK1
154	ADRB2
7414	VCL
2547	XRCC6
2950	GSTP1
25962	VIRMA
51121	RPL26L1
919	CD247
7644	ZNF91
9869	SETDB1
8434	RECK
1445	CSK
8991	SELENBP1
7637	ZNF84
6150	MRPL23
7112	TMPO
10948	STARD3
4602	MYB
80125	CCDC33
6124	RPL4
9099	USP2
6280	S100A9
5445	PON2
2081	ERN1
8336	H2AC17
6155	RPL27
146779	EFCAB3
4015	LOX
6361	CCL17
6900	CNTN2
974	CD79B
5119	CHMP1A
1192	CLIC1
2274	FHL2
54507	ADAMTSL4
4342	MOS
4216	MAP3K4
613	BCR
6908	TBP
7311	UBA52
3572	IL6ST
7416	VDAC1
30061	SLC40A1
30818	KCNIP3
4093	SMAD9
5533	PPP3CC
3225	HOXC9
2806	GOT2
1329	COX5B
2803	GOLGA4
5691	PSMB3
8000	PSCA
1316	KLF6
3276	PRMT1
9784	SNX17
84217	ZMYND12
6297	SALL2
10246	SLC17A2
1942	EFNA1
4193	MDM2
3798	KIF5A
8735	MYH13
54708	MARCHF5
3678	ITGA5
2200	FBN1
2475	MTOR
2625	GATA3
11060	WWP2
23087	TRIM35
84461	NEURL4
4678	NASP
23765	IL17RA
10648	SCGB1D1
51157	ZNF580
3569	IL6
4956	ODF1
3860	KRT13
10810	WASF3
55138	FAM90A1
22920	KIFAP3
1436	CSF1R
6196	RPS6KA2
58491	ZNF71
54849	DEF8
23481	PES1
1326	MAP3K8
9778	KIAA0232
643	CXCR5
6844	VAMP2
6924	ELOA
7410	VAV2
23107	MRPS27
11339	OIP5
7023	TFAP4
9051	PSTPIP1
2781	GNAZ
337880	KRTAP11-1
55166	CENPQ
7517	XRCC3
3117	HLA-DQA1
54880	BCOR
27346	TMEM97
27037	TRMT2A
8665	EIF3F
29952	DPP7
4939	OAS2
9532	BAG2
4089	SMAD4
863	CBFA2T3
23381	SMG5
2669	GEM
6521	SLC4A1
6625	SNRNP70
3315	HSPB1
8645	KCNK5
11051	NUDT21
940	CD28
5935	RBM3
7067	THRA
2197	FAU
3749	KCNC4
282616	IFNL2
7320	UBE2B
3959	LGALS3BP
51361	HOOK1
3717	JAK2
56125	PCDHB11
29914	UBIAD1
7284	TUFM
9525	VPS4B
51252	FAM178B
7348	UPK1B
7431	VIM
6904	TBCD
4116	MAGOH
84569	LYZL1
10380	BPNT1
51160	VPS28
7186	TRAF2
1062	CENPE
6654	SOS1
5433	POLR2D
25862	USP49
4285	MIPEP
9701	PPP6R2
144983	HNRNPA1L2
5993	RFX5
889	KRIT1
5290	PIK3CA
4212	MEIS2
3192	HNRNPU
5565	PRKAB2
10049	DNAJB6
4830	NME1
10099	TSPAN3
701	BUB1B
7753	ZNF202
4128	MAOA
3712	IVD
10525	HYOU1
9851	KIAA0753
7850	IL1R2
29970	SCHIP1
9119	KRT75
80145	THOC7
23214	XPO6
148	ADRA1A
3021	H3-3B
7704	ZBTB16
960	CD44
1059	CENPB
29082	CHMP4A
814	CAMK4
70	ACTC1
7022	TFAP2C
8355	H3C8
1288	COL4A6
9061	PAPSS1
5294	PIK3CG
3790	KCNS3
50618	ITSN2
5431	POLR2B
57505	AARS2
23500	DAAM2
10423	CDIPT
2785	GNG3
64114	TMBIM1
58500	ZNF250
3886	KRT35
6663	SOX10
1969	EPHA2
51114	ZDHHC9
7259	TSPYL1
90933	TRIM41
2260	FGFR1
5129	CDK18
11083	DIDO1
7108	TM7SF2
471	ATIC
4287	ATXN3
369	ARAF
177	AGER
23623	RUSC1
54930	HAUS4
79830	ZMYM1
4892	NRAP
27248	ERLEC1
2063	NR2F6
147945	NLRP4
10910	SUGT1
57732	ZFYVE28
10562	OLFM4
5588	PRKCQ
38	ACAT1
215	ABCD1
25821	MTO1
7476	WNT7A
5696	PSMB8
8449	DHX16
136263	SSMEM1
56940	DUSP22
56139	PCDHA10
5396	PRRX1
23266	ADGRL2
51510	CHMP5
9416	DDX23
3202	HOXA5
5701	PSMC2
2629	GBA
5340	PLG
85451	UNK
6427	SRSF2
3614	IMPDH1
328	APEX1
4300	MLLT3
9413	FAM189A2
9349	RPL23
1400	CRMP1
147339	C18orf25
3859	KRT12
311	ANXA11
4691	NCL
6599	SMARCC1
6829	SUPT5H
9737	GPRASP1
2593	GAMT
3028	HSD17B10
18	ABAT
718	C3
2068	ERCC2
5931	RBBP7
1785	DNM2
84528	RHOXF2
9217	VAPB
5609	MAP2K7
595	CCND1
7150	TOP1
51701	NLK
7171	TPM4
5899	RALB
6692	SPINT1
1840	DTX1
57326	PBXIP1
10535	RNASEH2A
23512	SUZ12
7392	USF2
55607	PPP1R9A
5443	POMC
26277	TINF2
274	BIN1
56852	RAD18
1296	COL8A2
5700	PSMC1
3087	HHEX
79768	KATNBL1
1044	CDX1
3987	LIMS1
7097	TLR2
9045	RPL14
5577	PRKAR2B
22893	BAHD1
9126	SMC3
1717	DHCR7
10260	DENND4A
8924	HERC2
3646	EIF3E
26046	LTN1
133015	PACRGL
4851	NOTCH1
4288	MKI67
5052	PRDX1
6045	RNF2
7157	TP53
10311	VPS26C
10144	FAM13A
8405	SPOP
10529	NEBL
2037	EPB41L2
10432	RBM14
29775	CARD10
3301	DNAJA1
54505	DHX29
79943	ZNF696
7158	TP53BP1
54956	PARP16
1496	CTNNA2
25771	TBC1D22A
6626	SNRPA
10904	BLCAP
9027	NAT8
3611	ILK
10286	BCAS2
818	CAMK2G
7531	YWHAE
1605	DAG1
153657	TTC23L
25873	RPL36
3360	HTR4
9373	PLAA
7374	UNG
22938	SNW1
9212	AURKB
5292	PIM1
6489	ST8SIA1
6919	TCEA2
6300	MAPK12
5507	PPP1R3C
23607	CD2AP
10763	NES
9854	C2CD2L
1472	CST4
93380	MMGT1
112	ADCY6
55041	PLEKHB2
10221	TRIB1
5132	PDC
1459	CSNK2A2
125115	KRT40
5604	MAP2K1
4283	CXCL9
1961	EGR4
27089	UQCRQ
6879	TAF7
2289	FKBP5
1104	RCC1
5326	PLAGL2
23557	SNAPIN
5905	RANGAP1
6047	RNF4
645	BLVRB
3106	HLA-B
6838	SURF6
6722	SRF
9402	GRAP2
988	CDC5L
4035	LRP1
23295	MGRN1
1653	DDX1
54148	MRPL39
5429	POLH
51060	TXNDC12
2980	GUCA2A
345275	HSD17B13
10513	APPBP2
433	ASGR2
9669	EIF5B
4759	NEU2
24144	TFIP11
8322	FZD4
1209	CLPTM1
2670	GFAP
6646	SOAT1
9818	NUP58
6622	SNCA
6711	SPTBN1
26585	GREM1
10935	PRDX3
23197	FAF2
5501	PPP1CC
7324	UBE2E1
5144	PDE4D
2243	FGA
57085	AGTRAP
4915	NTRK2
3150	HMGN1
7802	DNALI1
30844	EHD4
79095	BBLN
3622	ING2
6129	RPL7
83862	TMEM120A
9049	AIP
6601	SMARCC2
9258	MFHAS1
9531	BAG3
9253	NUMBL
258	AMBN
8559	PRPF18
2993	GYPA
53353	LRP1B
5108	PCM1
1278	COL1A2
1232	CCR3
49854	ZBTB21
462	SERPINC1
9550	ATP6V1G1
1738	DLD
56950	SMYD2
58477	SRPRB
55120	FANCL
5026	P2RX5
3777	KCNK3
1301	COL11A1
4925	NUCB2
7216	TRO
4835	NQO2
9001	HAP1
9820	CUL7
55663	ZNF446
6366	CCL21
11196	SEC23IP
604	BCL6
84632	AFAP1L2
10989	IMMT
867	CBL
9146	HGS
5862	RAB2A
8799	PEX11B
10982	MAPRE2
1132	CHRM4
2204	FCAR
51148	CERCAM
22848	AAK1
6256	RXRA
2890	GRIA1
5265	SERPINA1
5366	PMAIP1
11043	MID2
4792	NFKBIA
29086	BABAM1
54865	GPATCH4
7994	KAT6A
4719	NDUFS1
5688	PSMA7
1628	DBP
27342	RABGEF1
6997	TDGF1
146	ADRA1D
2867	FFAR2
1144	CHRND
10468	FST
6352	CCL5
4752	NEK3
55111	PLEKHJ1
7059	THBS3
6201	RPS7
2176	FANCC
51003	MED31
10422	UBAC1
6400	SEL1L
4741	NEFM
54331	GNG2
546	ATRX
56681	SAR1A
5068	REG3A
7203	CCT3
80213	TM2D3
829	CAPZA1
6938	TCF12
5434	POLR2E
9513	FXR2
3713	IVL
5786	PTPRA
4205	MEF2A
2051	EPHB6
805	CALM2
6558	SLC12A2
468	ATF4
55679	LIMS2
10668	CGRRF1
93	ACVR2B
51053	GMNN
10362	HMG20B
27297	CRCP
916	CD3E
8575	PRKRA
11276	SYNRG
673	BRAF
80823	BHLHB9
7142	TNP2
142680	SLC34A3
56654	NPDC1
5865	RAB3B
5770	PTPN1
59	ACTA2
3455	IFNAR2
27158	NDOR1
2212	FCGR2A
5634	PRPS2
9075	CLDN2
6566	SLC16A1
7379	UPK2
90	ACVR1
3763	KCNJ6
55048	VPS37C
6453	ITSN1
112869	SGF29
9415	FADS2
7803	PTP4A1
387	RHOA
1408	CRY2
3992	FADS1
7248	TSC1
9125	CNOT9
83541	FAM110A
160	AP2A1
7353	UFD1
3428	IFI16
51316	PLAC8
3577	CXCR1
8812	CCNK
55929	DMAP1
790	CAD
3685	ITGAV
7421	VDR
9675	TTI1
23764	MAFF
5936	RBM4
2342	FNTB
9497	SLC4A7
8687	KRT38
5921	RASA1
22992	KDM2A
10539	GLRX3
860	RUNX2
9646	CTR9
489	ATP2A3
2530	FUT8
2319	FLOT2
2317	FLNB
23408	SIRT5
79026	AHNAK
6490	PMEL
2246	FGF1
324	APC
5458	POU4F2
7917	BAG6
8214	DGCR6
7766	ZNF223
79923	NANOG
3320	HSP90AA1
7114	TMSB4X
663	BNIP2
3726	JUNB
10250	SRRM1
10953	TOMM34
202	CRYBG1
30849	PIK3R4
10001	MED6
23582	CCNDBP1
1845	DUSP3
9752	PCDHA9
3920	LAMP2
8350	H3C1
2335	FN1
6541	SLC7A1
5479	PPIB
900	CCNG1
8487	GEMIN2
247	ALOX15B
11336	EXOC3
1743	DLST
7982	ST7
3295	HSD17B4
26010	SPATS2L
51026	GOLT1B
9409	PEX16
116519	APOA5
27074	LAMP3
6277	S100A6
114928	GPRASP2
55101	DMAC2
3394	IRF8
1638	DCT
5864	RAB3A
1811	SLC26A3
7411	VBP1
10295	BCKDK
9716	AQR
6999	TDO2
2034	EPAS1
1917	EEF1A2
29844	TFPT
5441	POLR2L
72	ACTG2
9562	MINPP1
5756	TWF1
7295	TXN
9114	ATP6V0D1
3423	IDS
2054	STX2
3014	H2AX
55824	PAG1
4204	MECP2
8115	TCL1A
5836	PYGL
335	APOA1
1944	EFNA3
1511	CTSG
5300	PIN1
5376	PMP22
1027	CDKN1B
10447	FAM3C
9022	CLIC3
79088	ZNF426
3815	KIT
51760	SYT17
115704	EVI5L
120892	LRRK2
2978	GUCA1A
8576	STK16
3482	IGF2R
79981	FRMD1
2107	ETF1
5626	PROP1
9739	SETD1A
997	CDC34
2588	GALNS
2874	GPS2
8601	RGS20
6567	SLC16A2
29785	CYP2S1
28639	TRBC1
8562	DENR
116151	FAM210B
10133	OPTN
10134	BCAP31
7095	SEC62
329	BIRC2
27235	COQ2
90665	TBL1Y
51324	SPG21
11091	WDR5
1603	DAD1
6210	RPS15A
2104	ESRRG
10109	ARPC2
5296	PIK3R2
7541	ZBTB14
5152	PDE9A
10399	RACK1
23028	KDM1A
64319	FBRS
26019	UPF2
25803	SPDEF
7133	TNFRSF1B
221	ALDH3B1
6092	ROBO2
4313	MMP2
3308	HSPA4
7322	UBE2D2
11269	DDX19B
7134	TNNC1
55916	NXT2
2773	GNAI3
2159	F10
6351	CCL4
2324	FLT4
11140	CDC37
3921	RPSA
4194	MDM4
7020	TFAP2A
5164	PDK2
63877	FAM204A
8550	MAPKAPK5
2590	GALNT2
71	ACTG1
51473	DCDC2
10527	IPO7
1455	CSNK1G2
22994	CEP131
19	ABCA1
8242	KDM5C
29894	CPSF1
84263	HSDL2
2267	FGL1
10591	DNPH1
372	ARCN1
80254	CEP63
6812	STXBP1
2330	FMO5
7746	ZSCAN9
83450	DRC3
9894	TELO2
9354	UBE4A
4646	MYO6
6731	SRP72
3512	JCHAIN
10952	SEC61B
4848	CNOT2
6195	RPS6KA1
10933	MORF4L1
10618	TGOLN2
84919	PPP1R15B
55905	RNF114
6598	SMARCB1
2517	FUCA1
7726	TRIM26
4301	AFDN
65989	DLK2
9901	SRGAP3
25927	CNRIP1
79867	TCTN2
4756	NEO1
25792	CIZ1
8689	KRT36
3306	HSPA2
3170	FOXA2
4250	SCGB2A2
9202	ZMYM4
1213	CLTC
800	CALD1
1915	EEF1A1
746	TMEM258
145226	RDH12
5870	RAB6A
9804	TOMM20
22862	FNDC3A
1829	DSG2
94081	SFXN1
821	CANX
6294	SAFB
4502	MT2A
51631	LUC7L2
5710	PSMD4
2737	GLI3
56927	GPR108
254950	KRTAP15-1
8216	LZTR1
1429	CRYZ
3916	LAMP1
10269	ZMPSTE24
222662	LHFPL5
5796	PTPRK
719	C3AR1
10868	USP20
10079	ATP9A
154807	VKORC1L1
8419	BFSP2
5687	PSMA6
6348	CCL3
10613	ERLIN1
2848	GPR25
7813	EVI5
202052	DNAJC18
9759	HDAC4
4361	MRE11
6850	SYK
9688	NUP93
55839	CENPN
57223	PPP4R3B
4643	MYO1E
83719	YPEL3
5450	POU2AF1
11030	RBPMS
1135	CHRNA2
79161	TMEM243
5058	PAK1
55093	NTAQ1
22908	SACM1L
7916	PRRC2A
10670	RRAGA
8368	H4C13
89890	KBTBD6
6605	SMARCE1
533	ATP6V0B
55117	SLC6A15
199720	GGN
3148	HMGB2
26027	ACOT11
8445	DYRK2
3991	LIPE
5598	MAPK7
6729	SRP54
80731	THSD7B
7169	TPM2
22853	LMTK2
4701	NDUFA7
2120	ETV6
9230	RAB11B
3133	HLA-E
5662	PSD
9502	XAGE2
2010	EMD
54475	NLE1
27185	DISC1
7042	TGFB2
100	ADA
8370	H4C14
6638	SNRPN
3669	ISG20
10818	FRS2
902	CCNH
9529	BAG5
2048	EPHB2
2218	FKTN
65003	MRPL11
978	CDA
525	ATP6V1B1
51429	SNX9
1998	ELF2
6656	SOX1
1147	CHUK
6118	RPA2
1443	CSH2
1822	ATN1
11129	CLASRP
5837	PYGM
7535	ZAP70
4488	MSX2
7004	TEAD4
10165	SLC25A13
51112	TRAPPC12
5015	OTX2
8065	CUL5
3484	IGFBP1
301	ANXA1
1763	DNA2
1495	CTNNA1
7520	XRCC5
4067	LYN
5095	PCCA
3795	KHK
10467	ZNHIT1
57456	KIAA1143
8740	TNFSF14
7124	TNF
55823	VPS11
4638	MYLK
8573	CASK
5436	POLR2G
26088	GGA1
84065	TMEM222
9724	UTP14C
4841	NONO
27258	LSM3
1894	ECT2
4176	MCM7
5193	PEX12
84872	ZC3H10
388818	KRTAP26-1
79022	TMEM106C
8243	SMC1A
54980	C2orf42
567	B2M
2521	FUS
145483	FAM161B
64395	GMCL1
5929	RBBP5
8933	RTL8C
3550	IK
10874	NMU
8345	H2BC9
9318	COPS2
9792	SERTAD2
5784	PTPN14
64792	IFT22
58525	WIZ
3981	LIG4
53981	CPSF2
4804	NGFR
51343	FZR1
10078	TSSC4
9282	MED14
10671	DCTN6
347	APOD
8674	VAMP4
5274	SERPINI1
4928	NUP98
4017	LOXL2
8356	H3C12
10238	DCAF7
5563	PRKAA2
11228	RASSF8
11146	GLMN
23371	TNS2
57154	SMURF1
9925	ZBTB5
375056	MIA3
1789	DNMT3B
2671	GFER
1401	CRP
25888	ZNF473
55334	SLC39A9
6462	SHBG
8431	NR0B2
1105	CHD1
10390	CEPT1
421	ARVCF
55800	SCN3B
84440	RAB11FIP4
6317	SERPINB3
50616	IL22
23413	NCS1
152006	RNF38
26523	AGO1
8942	KYNU
355	FAS
1813	DRD2
6182	MRPL12
5971	RELB
23333	DPY19L1
79862	ZNF669
7053	TGM3
23650	TRIM29
875	CBS
9874	TLK1
10228	STX6
6949	TCOF1
868	CBLB
653240	KRTAP4-11
3327	HSP90AB3P
6421	SFPQ
3441	IFNA4
5350	PLN
11130	ZWINT
55247	NEIL3
8568	RRP1
26009	ZZZ3
9098	USP6
4292	MLH1
26011	TENM4
6238	RRBP1
3002	GZMB
5727	PTCH1
64699	TMPRSS3
596	BCL2
126321	MFSD12
56160	NSMCE3
7252	TSHB
7328	UBE2H
538	ATP7A
54472	TOLLIP
5432	POLR2C
9919	SEC16A
57639	CCDC146
8673	VAMP8
5814	PURB
10575	CCT4
4776	NFATC4
7024	TFCP2
839	CASP6
57536	KIAA1328
197407	ZNF48
8503	PIK3R3
5160	PDHA1
2202	EFEMP1
1846	DUSP4
11082	ESM1
2904	GRIN2B
5351	PLOD1
54576	UGT1A8
1659	DHX8
161	AP2A2
8666	EIF3G
535	ATP6V0A1
1478	CSTF2
6204	RPS10
5133	PDCD1
84616	KRTAP4-4
53407	STX18
55174	INTS10
2548	GAA
943	TNFRSF8
6403	SELP
55634	KRBOX4
55666	NPLOC4
10574	CCT7
51177	PLEKHO1
150	ADRA2A
57459	GATAD2B
2817	GPC1
3425	IDUA
63905	MANBAL
8079	MLF2
1039	CDR2
6205	RPS11
9368	SLC9A3R1
1374	CPT1A
10620	ARID3B
5558	PRIM2
8690	JRKL
27036	SIGLEC7
5777	PTPN6
10394	PRG3
1977	EIF4E
5201	PFDN1
6602	SMARCD1
823	CAPN1
4656	MYOG
2771	GNAI2
6733	SRPK2
10538	BATF
11224	RPL35
2512	FTL
4645	MYO5B
128	ADH5
6235	RPS29
4644	MYO5A
3493	IGHA1
9975	NR1D2
9968	MED12
7068	THRB
5452	POU2F2
713	C1QB
10464	PIBF1
3854	KRT6B
2199	FBLN2
4297	KMT2A
386682	KRTAP10-3
8468	FKBP6
23549	DNPEP
3690	ITGB3
8697	CDC23
5407	PNLIPRP1
9698	PUM1
9846	GAB2
57452	GALNT16
5775	PTPN4
7159	TP53BP2
6894	TARBP1
9452	ITM2A
6749	SSRP1
582	BBS1
23392	ECPAS
26206	SPAG8
146325	PRR35
54726	OTUD4
6915	TBXA2R
55845	BRK1
1407	CRY1
164	AP1G1
55706	NDC1
55281	TMEM140
5048	PAFAH1B1
27072	VPS41
10972	TMED10
336	APOA2
2011	MARK2
4613	MYCN
999	CDH1
91544	UBXN11
51103	NDUFAF1
440	ASNS
6194	RPS6
91137	SLC25A46
6307	MSMO1
2130	EWSR1
5074	PAWR
9708	PCDHGA8
10474	TADA3
56970	ATXN7L3
8881	CDC16
10653	SPINT2
3665	IRF7
29986	SLC39A2
832	CAPZB
8473	OGT
10736	SIX2
11270	NRM
10694	CCT8
53834	FGFRL1
57132	CHMP1B
9569	GTF2IRD1
5358	PLS3
6188	RPS3
2812	GP1BB
64376	IKZF5
26233	FBXL6
6144	RPL21
5585	PKN1
9810	RNF40
4140	MARK3
29079	MED4
5878	RAB5C
10477	UBE2E3
1493	CTLA4
9939	RBM8A
10519	CIB1
120114	FAT3
26020	LRP10
5371	PML
3939	LDHA
8364	H4C3
204	AK2
5682	PSMA1
9080	CLDN9
9404	LPXN
6532	SLC6A4
54462	CCSER2
8878	SQSTM1
57142	RTN4
5782	PTPN12
5451	POU2F1
8332	H2AC16
84807	NFKBID
51006	SLC35C2
9372	ZFYVE9
10772	SRSF10
6734	SRPRA
23395	LARS2
1113	CHGA
3400	ID4
341	APOC1
55260	TMEM143
5713	PSMD7
7205	TRIP6
6480	ST6GAL1
4052	LTBP1
147687	ZNF417
25844	YIPF3
5898	RALA
51105	PHF20L1
326	AIRE
3558	IL2
3654	IRAK1
6836	SURF4
57474	ZNF490
3845	KRAS
4597	MVD
27309	ZNF330
128866	CHMP4B
3237	HOXD11
2444	FRK
3494	IGHA2
22836	RHOBTB3
3159	HMGA1
8452	CUL3
23005	MAPKBP1
4061	LY6E
5076	PAX2
5062	PAK2
23644	EDC4
29927	SEC61A1
26097	CHTOP
10392	NOD1
1121	CHM
57172	CAMK1G
354	KLK3
64965	MRPS9
4046	LSP1
951	CD37
3566	IL4R
9361	LONP1
7468	NSD2
116447	TOP1MT
8357	H3C10
6738	RO60
3190	HNRNPK
83901	KRTAP9-8
64083	GOLPH3
28966	SNX24
7874	USP7
3187	HNRNPH1
5695	PSMB7
6548	SLC9A1
85294	KRTAP2-4
7113	TMPRSS2
7074	TIAM1
10445	MCRS1
1954	MEGF8
55033	FKBP14
10452	TOMM40
5191	PEX7
185	AGTR1
55	ACP3
1388	ATF6B
85302	FBF1
11232	POLG2
6869	TACR1
9276	COPB2
7010	TEK
4070	TACSTD2
2831	NPBWR1
10528	NOP56
1600	DAB1
87178	PNPT1
10412	NSA2
9088	PKMYT1
1537	CYC1
23633	KPNA6
115106	HAUS1
55917	CTTNBP2NL
4967	OGDH
26092	TOR1AIP1
10963	STIP1
2549	GAB1
3796	KIF2A
23047	PDS5B
3839	KPNA3
1832	DSP
51061	TXNDC11
3754	KCNF1
59353	TMEM35A
51233	DRICH1
5530	PPP3CA
1610	DAO
1277	COL1A1
4709	NDUFB3
91647	ATPAF2
1739	DLG1
6867	TACC1
8543	LMO4
54842	MFSD6
6431	SRSF6
51224	ELOA2
5093	PCBP1
1282	COL4A1
5308	PITX2
836	CASP3
54536	EXOC6
8328	GFI1B
83637	ZMIZ2
3431	SP110
6747	SSR3
5469	MED1
5116	PCNT
64782	AEN
2357	FPR1
1158	CKM
10813	UTP14A
29974	A1CF
10107	TRIM10
4118	MAL
9933	PUM3
10036	CHAF1A
7272	TTK
7090	TLE3
8440	NCK2
2826	CCR10
54550	NECAB2
9612	NCOR2
5411	PNN
8698	S1PR4
1534	CYB561
6631	SNRPC
820	CAMP
1838	DTNB
2912	GRM2
3848	KRT1
55145	THAP1
353	APRT
5494	PPM1A
29123	ANKRD11
5170	PDPK1
1660	DHX9
3912	LAMB1
3880	KRT19
1164	CKS2
57467	HHATL
10755	GIPC1
3064	HTT
11171	STRAP
1588	CYP19A1
81608	FIP1L1
4820	NKTR
85015	USP45
3635	INPP5D
6874	TAF4
1602	DACH1
57620	STIM2
8971	H1-10
29882	ANAPC2
57610	RANBP10
28976	ACAD9
2146	EZH2
5690	PSMB2
11211	FZD10
157	GRK3
57048	PLSCR3
8557	TCAP
2935	GSPT1
64927	TTC23
54458	PRR13
23471	TRAM1
2647	BLOC1S1
3214	HOXB4
9678	PHF14
522	ATP5PF
4735	SEPTIN2
1063	CENPF
84920	ALG10
1729	DIAPH1
834	CASP1
774	CACNA1B
4722	NDUFS3
2571	GAD1
4056	LTC4S
8165	AKAP1
80764	THAP7
51199	NIN
4715	NDUFB9
1123	CHN1
9507	ADAMTS4
847	CAT
9240	PNMA1
54820	NDE1
63948	DMRTB1
3340	NDST1
5764	PTN
4437	MSH3
1902	LPAR1
3249	HPN
9620	CELSR1
54971	BANP
920	CD4
116173	CMTM5
3032	HADHB
29920	PYCR2
5954	RCN1
2207	FCER1G
1292	COL6A2
8563	THOC5
22924	MAPRE3
6809	STX3
1390	CREM
3422	IDI1
4905	NSF
2253	FGF8
51377	UCHL5
55353	LAPTM4B
5908	RAP1B
56729	RETN
7696	ZNF137P
8502	PKP4
6522	SLC4A2
54819	ZCCHC10
55290	BRF2
6146	RPL22
970	CD70
9572	NR1D1
8797	TNFRSF10A
439	GET3
10038	PARP2
10628	TXNIP
5884	RAD17
211	ALAS1
10413	YAP1
4076	CAPRIN1
6304	SATB1
3098	HK1
1901	S1PR1
53347	UBASH3A
10844	TUBGCP2
8294	H4C9
11143	KAT7
5203	PFDN4
2321	FLT1
26285	CLDN17
51514	DTL
9342	SNAP29
4695	NDUFA2
7936	NELFE
11124	FAF1
1195	CLK1
57562	CEP126
79797	ZNF408
8241	RBM10
10533	ATG7
11045	UPK1A
2878	GPX3
5824	PEX19
25937	WWTR1
8476	CDC42BPA
29797	POM121L8P
3396	MRPL58
51726	DNAJB11
3131	HLF
9682	KDM4A
29080	CCDC59
1629	DBT
639	PRDM1
58524	DMRT3
8496	PPFIBP1
4121	MAN1A1
10567	RABAC1
375791	CYSRT1
8848	TSC22D1
6161	RPL32
5522	PPP2R2C
131368	ZPLD1
25920	NELFB
10616	RBCK1
7579	ZSCAN20
27336	HTATSF1
1024	CDK8
7040	TGFB1
287015	TRIM42
85025	TMEM60
310	ANXA7
10758	TRAF3IP2
4731	NDUFV3
2066	ERBB4
4034	LRCH4
10120	ACTR1B
11285	B4GALT7
25900	IFFO1
55035	NOL8
221150	SKA3
9640	ZNF592
1828	DSG1
8192	CLPP
1261	CNGA3
51399	TRAPPC4
7050	TGIF1
2983	GUCY1B1
5587	PRKD1
838	CASP5
26994	RNF11
8886	DDX18
5303	PIN4
2201	FBN2
4137	MAPT
80324	PUS1
65264	UBE2Z
759	CA1
23309	SIN3B
3856	KRT8
7155	TOP2B
114821	ZBED9
363	AQP6
143684	FAM76B
7101	NR2E1
8751	ADAM15
3265	HRAS
10410	IFITM3
1973	EIF4A1
3397	ID1
4077	NBR1
8295	TRRAP
668	FOXL2
6278	S100A7
30851	TAX1BP3
5162	PDHB
10783	NEK6
4723	NDUFV1
51147	ING4
57730	ANKRD36B
6670	SP3
6497	SKI
2703	GJA8
8785	MATN4
6857	SYT1
2186	BPTF
5590	PRKCZ
784	CACNB3
8458	TTF2
11178	LZTS1
7791	ZYX
64753	CCDC136
25799	ZNF324
9412	MED21
51669	SARAF
130940	CCDC148
80022	MYO15B
55741	EDEM2
156	GRK2
22918	CD93
57690	TNRC6C
23212	RRS1
10020	GNE
250	ALPP
3552	IL1A
79571	GCC1
6319	SCD
7005	TEAD3
5174	PDZK1
3835	KIF22
4355	MPP2
3316	HSPB2
25879	DCAF13
56137	PCDHA12
942	CD86
79886	CAAP1
6229	RPS24
3576	CXCL8
2208	FCER2
29984	RHOD
2925	GRPR
1520	CTSS
3586	IL10
11315	PARK7
5430	POLR2A
10116	FEM1B
3855	KRT7
29979	UBQLN1
11073	TOPBP1
10430	TMEM147
26152	ZNF337
1793	DOCK1
2690	GHR
995	CDC25C
1212	CLTB
23270	TSPYL4
9039	UBA3
1112	FOXN3
154091	SLC2A12
6495	SIX1
10921	RNPS1
56851	EMC7
4329	ALDH6A1
2931	GSK3A
54764	ZRANB1
6526	SLC5A3
81537	SGPP1
4105	MAGEA6
126070	ZNF440
25813	SAMM50
8450	CUL4B
3691	ITGB4
8798	DYRK4
169026	SLC30A8
11098	PRSS23
5473	PPBP
9828	ARHGEF17
10900	RUNDC3A
7161	TP73
8852	AKAP4
6478	SIAH2
6627	SNRPA1
92181	UBTD2
84302	PGAP4
649	BMP1
11081	KERA
7525	YES1
10163	WASF2
23779	ARHGAP8
57332	CBX8
91942	NDUFAF2
5325	PLAGL1
8744	TNFSF9
10992	SF3B2
2316	FLNA
9179	AP4M1
60312	AFAP1
79583	TMEM231
6230	RPS25
2968	GTF2H4
7106	TSPAN4
5250	SLC25A3
3284	HSD3B2
2078	ERG
3141	HLCS
1052	CEBPD
2673	GFPT1
1176	AP3S1
6209	RPS15
86	ACTL6A
2694	CBLIF
4047	LSS
1413	CRYBA4
6207	RPS13
6855	SYP
55651	NHP2
5624	PROC
10565	ARFGEF1
56001	NXF2
79001	VKORC1
57761	TRIB3
5519	PPP2R1B
9694	EMC2
3579	CXCR2
5873	RAB27A
5008	OSM
55311	ZNF444
4943	TBC1D25
3735	KARS1
9356	SLC22A6
345757	FAM174A
54487	DGCR8
7136	TNNI2
23542	MAPK8IP2
51295	ECSIT
148223	C19orf25
9254	CACNA2D2
1649	DDIT3
57621	ZBTB2
2272	FHIT
2000	ELF4
1522	CTSZ
54512	EXOSC4
58498	MYL7
547	KIF1A
90799	CEP95
5422	POLA1
1788	DNMT3A
5789	PTPRD
5356	PLRG1
51412	ACTL6B
5502	PPP1R1A
23086	EXPH5
7584	ZNF35
64853	AIDA
7070	THY1
5272	SERPINB9
83851	SYT16
699	BUB1
2550	GABBR1
4538	MT-ND4
25847	ANAPC13
4478	MSN
652	BMP4
55002	TMCO3
427	ASAH1
9457	FHL5
9984	THOC1
712	C1QA
8110	DPF3
1808	DPYSL2
90410	IFT20
23384	SPECC1L
2295	FOXF2
23332	CLASP1
83695	RHNO1
10807	ENTR1
8629	JRK
7336	UBE2V2
3297	HSF1
27285	TEKT2
23657	SLC7A11
57616	TSHZ3
9733	SART3
10768	AHCYL1
122011	CSNK1A1L
5413	SEPTIN5
7879	RAB7A
130951	M1AP
51428	DDX41
9020	MAP3K14
9841	ZBTB24
1073	CFL2
3096	HIVEP1
3688	ITGB1
5714	PSMD8
10121	ACTR1A
466	ATF1
10901	DHRS4
1515	CTSV
10112	KIF20A
4536	MT-ND2
5549	PRELP
84224	NBPF3
54778	RNF111
4354	MPP1
7064	THOP1
80777	CYB5B
9278	ZBTB22
4189	DNAJB9
6224	RPS20
8725	URI1
29993	PACSIN1
9180	OSMR
6520	SLC3A2
51251	NT5C3A
8545	CGGBP1
6877	TAF5
2242	FES
51619	UBE2D4
36	ACADSB
55156	ARMC1
25853	DCAF12
5792	PTPRF
64852	TUT1
27332	ZNF638
23049	SMG1
7780	SLC30A2
7402	UTRN
4760	NEUROD1
4059	BCAM
22948	CCT5
6560	SLC12A4
4153	MBL2
4669	NAGLU
2778	GNAS
7570	ZNF22
55422	ZNF331
2187	FANCB
7469	NELFA
1244	ABCC2
79188	TMEM43
9429	ABCG2
4686	NCBP1
3419	IDH3A
27101	CACYBP
6117	RPA1
22885	ABLIM3
4190	MDH1
6429	SRSF4
4782	NFIC
3162	HMOX1
23031	MAST3
8682	PEA15
28977	MRPL42
10898	CPSF4
7091	TLE4
4622	MYH4
1812	DRD1
1410	CRYAB
22929	SEPHS1
1386	ATF2
109	ADCY3
149018	LELP1
26505	CNNM3
3196	TLX2
2720	GLB1
4013	VWA5A
8856	NR1I2
3195	TLX1
3925	STMN1
1756	DMD
8658	TNKS
5199	CFP
10494	STK25
3832	KIF11
6156	RPL30
23306	NEMP1
3850	KRT3
728	C5AR1
377	ARF3
56475	RPRM
9256	TSPOAP1
54886	PLPPR1
6217	RPS16
8676	STX11
4725	NDUFS5
9265	CYTH3
22919	MAPRE1
959	CD40LG
1437	CSF2
1453	CSNK1D
4057	LTF
63893	UBE2O
9128	PRPF4
6901	TAFAZZIN
54520	CCDC93
819	CAMLG
23426	GRIP1
1069	CETN2
4225	MEP1B
11128	POLR3A
79922	MRM1
6198	RPS6KB1
55731	FAM222B
2956	MSH6
10010	TANK
5709	PSMD3
7465	WEE1
80321	CEP70
23172	ABRAXAS2
826	CAPNS1
5799	PTPRN2
7288	TULP2
2661	GDF9
2214	FCGR3A
3013	H2AC7
8558	CDK10
7099	TLR4
8463	TEAD2
6907	TBL1X
22884	WDR37
10715	CERS1
4113	MAGEB2
1740	DLG2
27042	UTP25
7165	TPD52L2
8290	H3-4
54557	SGTB
608	TNFRSF17
8653	DDX3Y
222698	NKAPL
128977	C22orf39
27300	ZNF544
22995	CEP152
23587	ELP5
9711	RUBCN
5669	PSG1
10978	CLP1
9577	BABAM2
9637	FEZ2
10988	METAP2
79669	C3orf52
705	BYSL
1951	CELSR3
6119	RPA3
163	AP2B1
4796	TONSL
9445	ITM2B
55798	METTL2B
2787	GNG5
5903	RANBP2
5275	SERPINB13
3785	KCNQ2
9014	TAF1B
5830	PEX5
7697	ZNF138
284418	FAM71E2
23149	FCHO1
3456	IFNB1
55505	NOP10
23517	MTREX
6727	SRP14
9149	DYRK1B
3813	KIR3DS1
257364	SNX33
5977	DPF2
27302	BMP10
57684	ZBTB26
1153	CIRBP
381	ARF5
495	ATP4A
140809	SRXN1
4214	MAP3K1
6873	TAF2
1965	EIF2S1
9616	RNF7
51497	NELFCD
2887	GRB10
9482	STX8
175	AGA
5283	PIGH
64599	GIGYF1
9776	ATG13
11074	TRIM31
23451	SF3B1
5653	KLK6
7117	TMSB4XP8
6468	FBXW4
1501	CTNND2
1991	ELANE
8045	RASSF7
2358	FPR2
10446	LRRN2
4091	SMAD6
6871	TADA2A
6575	SLC20A2
11322	TMC6
862	RUNX1T1
23016	EXOSC7
84318	CCDC77
84448	ABLIM2
8826	IQGAP1
1138	CHRNA5
288	ANK3
8829	NRP1
10436	EMG1
55752	SEPTIN11
8358	H3C2
10100	TSPAN2
8208	CHAF1B
8536	CAMK1
23019	CNOT1
634	CEACAM1
2055	CLN8
7419	VDAC3
152206	CCDC13
6745	SSR1
64121	RRAGC
3993	LLGL2
55032	SLC35A5
1999	ELF3
5869	RAB5B
27	ABL2
57216	VANGL2
27339	PRPF19
57529	RTL9
55236	UBA6
4605	MYBL2
3693	ITGB5
4736	RPL10A
285	ANGPT2
9112	MTA1
24137	KIF4A
763	CA5A
159195	USP54
575	ADGRB1
2065	ERBB3
8412	BCAR3
208	AKT2
23774	BRD1
26249	KLHL3
8408	ULK1
1080	CFTR
8351	H3C4
57594	HOMEZ
2273	FHL1
9692	PRORP
5028	P2RY1
586	BCAT1
23564	DDAH2
5602	MAPK10
9967	THRAP3
65260	COA7
84033	OBSCN
5694	PSMB6
219402	MTIF3
9877	ZC3H11A
29883	CNOT7
573	BAG1
10894	LYVE1
4131	MAP1B
4794	NFKBIE
51333	ZNF771
8882	ZPR1
56934	CA10
79624	ARMT1
7164	TPD52L1
23095	KIF1B
64946	CENPH
5196	PF4
57062	DDX24
27071	DAPP1
10320	IKZF1
90480	GADD45GIP1
3078	CFHR1
3356	HTR2A
2047	EPHB1
4363	ABCC1
1238	ACKR2
2318	FLNC
164312	LRRN4
7220	TRPC1
4867	NPHP1
3681	ITGAD
5996	RGS1
528	ATP6V1C1
11065	UBE2C
399693	CCDC187
3872	KRT17
55212	BBS7
10970	CKAP4
761	CA3
2023	ENO1
7871	SLMAP
6837	MED22
54555	DDX49
861	RUNX1
432	ASGR1
3004	GZMM
57521	RPTOR
8139	GAN
9833	MELK
5717	PSMD11
10615	SPAG5
23592	LEMD3
3354	HTR1E
22890	ZBTB1
3707	ITPKB
10042	HMGXB4
3596	IL13
7634	ZNF80
10226	PLIN3
54737	MPHOSPH8
11230	PRAF2
7434	VIPR2
5686	PSMA5
51030	TVP23B
8352	H3C3
64170	CARD9
55591	VEZT
9585	KIF20B
386675	KRTAP10-7
4924	NUCB1
1012	CDH13
3359	HTR3A
6228	RPS23
6416	MAP2K4
7448	VTN
5311	PKD2
5167	ENPP1
29116	MYLIP
64708	COPS7B
4318	MMP9
623	BDKRB1
1406	CRX
51263	MRPL30
10318	TNIP1
9341	VAMP3
78992	YIPF2
29951	PDZRN4
79085	SLC25A23
10475	TRIM38
6584	SLC22A5
6441	SFTPD
984	CDK11B
55840	EAF2
9868	TOMM70
2149	F2R
54892	NCAPG2
2961	GTF2E2
479	ATP12A
7222	TRPC3
84376	HOOK3
3458	IFNG
220	ALDH1A3
10425	ARIH2
539	ATP5PO
6407	SEMG2
6929	TCF3
1586	CYP17A1
6945	MLX
2487	FRZB
10084	PQBP1
3652	IPP
7291	TWIST1
1412	CRYBA2
342371	ATXN1L
7298	TYMS
9878	TOX4
9044	BTAF1
6776	STAT5A
1361	CPB2
23053	ZSWIM8
5055	SERPINB2
578	BAK1
353141	LCE2D
9830	TRIM14
10776	ARPP19
51300	TIMMDC1
11161	ERG28
23039	XPO7
4734	NEDD4
8900	CCNA1
5440	POLR2K
9863	MAGI2
23122	CLASP2
2134	EXTL1
6651	SON
55745	AP5M1
4289	MKLN1
7678	ZNF124
1827	RCAN1
7477	WNT7B
7589	ZSCAN21
3323	HSP90AA4P
10398	MYL9
29946	SERTAD3
5232	PGK2
10007	GNPDA1
4139	MARK1
5718	PSMD12
10444	ZER1
8794	TNFRSF10C
10006	ABI1
5524	PTPA
51283	BFAR
23524	SRRM2
23376	UFL1
11319	ECD
10130	PDIA6
3606	IL18
10367	MICU1
11120	BTN2A1
9683	N4BP1
5395	PMS2
4920	ROR2
939	CD27
4831	NME2
9883	POM121
1949	EFNB3
4650	MYO9B
9725	TMEM63A
3107	HLA-C
270	AMPD1
9337	CNOT8
10815	CPLX1
6257	RXRB
113457	TUBA3D
89	ACTN3
1556	CYP2B7P
6440	SFTPC
84779	NAA11
3090	HIC1
6048	RNF5
8013	NR4A3
7574	ZNF26
1893	ECM1
23543	RBFOX2
2519	FUCA2
64805	P2RY12
4207	BORCS8-MEF2B
22864	R3HDM2
9528	TMEM59
55689	YEATS2
8916	HERC3
3104	ZBTB48
1028	CDKN1C
54925	ZSCAN32
445	ASS1
51175	TUBE1
9493	KIF23
4836	NMT1
81559	TRIM11
4218	RAB8A
23598	PATZ1
23181	DIP2A
6658	SOX3
10951	CBX1
28956	LAMTOR2
408263	FNDC9
6865	TACR2
6875	TAF4B
5372	PMM1
3604	TNFRSF9
4512	MT-CO1
1482	NKX2-5
5798	PTPRN
9055	PRC1
51649	MRPS23
25896	INTS7
10095	ARPC1B
5097	PCDH1
27429	HTRA2
92595	ZNF764
132954	PDCL2
2650	GCNT1
51092	SIDT2
4624	MYH6
51123	ZNF706
27434	POLM
6660	SOX5
696	BTN1A1
5187	PER1
51079	NDUFA13
382	ARF6
6687	SPG7
1666	DECR1
51729	WBP11
25764	HYPK
240	ALOX5
3695	ITGB7
4335	MNT
23531	MMD
3543	IGLL1
55589	BMP2K
29896	TRA2A
2776	GNAQ
6181	RPLP2
3012	H2AC8
4308	TRPM1
51004	COQ6
27120	DKKL1
4814	NINJ1
1910	EDNRB
3663	IRF5
7128	TNFAIP3
1006	CDH8
55361	PI4K2A
55148	UBR7
23265	EXOC7
473	RERE
117286	CIB3
115196	ZNF554
8218	CLTCL1
7727	ZNF174
3191	HNRNPL
5900	RALGDS
4610	MYCL
334	APLP2
84080	ENKD1
6942	TCF20
81565	NDEL1
55773	TBC1D23
7867	MAPKAPK3
472	ATM
11023	VAX1
6456	SH3GL2
6281	S100A10
84866	TMEM25
3843	IPO5
8517	IKBKG
23354	HAUS5
11094	CACFD1
9949	AMMECR1
54386	TERF2IP
4926	NUMA1
255043	TMEM86B
4625	MYH7
55257	MRGBP
4331	MNAT1
29766	TMOD3
9533	POLR1C
8347	H2BC4
55266	TMEM19
51311	TLR8
896	CCND3
29119	CTNNA3
10617	STAMBP
4621	MYH3
57731	SPTBN4
9700	ESPL1
2259	FGF14
6452	SH3BP2
515	ATP5PB
56915	EXOSC5
9958	USP15
1297	COL9A1
221955	DAGLB
23023	TMCC1
55890	GPRC5C
11041	B4GAT1
6563	SLC14A1
2314	FLII
317749	DHRS4L2
4711	NDUFB5
51099	ABHD5
27033	ZBTB32
10262	SF3B4
6345	SRL
26052	DNM3
1591	CYP24A1
9524	TECR
6175	RPLP0
4217	MAP3K5
2960	GTF2E1
2822	GPLD1
55658	RNF126
22859	ADGRL1
55697	VAC14
10345	TRDN
1509	CTSD
7592	ZNF41
57094	CPA6
10971	YWHAQ
9113	LATS1
114971	PTPMT1
7072	TIA1
4772	NFATC1
9584	RBM39
27175	TUBG2
2230	FDX1
10969	EBNA1BP2
11326	VSIG4
5932	RBBP8
4739	NEDD9
2889	RAPGEF1
7443	VRK1
5715	PSMD9
4068	SH2D1A
7840	ALMS1
9766	SUSD6
148534	TLCD4
57552	NCEH1
914	CD2
57088	PLSCR4
54535	CCHCR1
7187	TRAF3
9378	NRXN1
2631	NIPSNAP2
80131	LRRC8E
83460	EMC6
658	BMPR1B
7135	TNNI1
6884	TAF13
6535	SLC6A8
1000	CDH2
1665	DHX15
28952	CCDC22
83900	KRTAP9-3
3082	HGF
5940	RBMY1A1
10801	SEPTIN9
55833	UBAP2
2050	EPHB4
10570	DPYSL4
55201	MAP1S
90827	ZNF479
84451	MAP3K21
8932	MBD2
63971	KIF13A
5156	PDGFRA
1475	CSTA
3122	HLA-DRA
4758	NEU1
7115	TMSB4XP1
57414	RHBDD2
23491	CES3
3963	LGALS7
84276	NICN1
3005	H1-0
51706	CYB5R1
4884	NPTX1
6610	SMPD2
2012	EMP1
7805	LAPTM5
10520	ZNF211
8631	SKAP1
7752	ZNF200
23558	WBP2
8361	H4C6
5393	EXOSC9
444	ASPH
11017	SNRNP27
667	DST
2954	GSTZ1
55559	HAUS7
1173	AP2M1
8099	CDK2AP1
1646	AKR1C2
7706	TRIM25
26060	APPL1
6787	NEK4
147912	SIX5
6741	SSB
57561	ARRDC3
4102	MAGEA3
6811	STX5
22871	NLGN1
6470	SHMT1
677	ZFP36L1
5496	PPM1G
22902	RUFY3
7087	ICAM5
54840	APTX
51131	PHF11
1979	EIF4EBP2
1469	CST1
3636	INPPL1
6868	ADAM17
9903	KLHL21
51444	RNF138
10406	WFDC2
51069	MRPL2
2846	LPAR4
55719	SLF2
9275	BCL7B
5562	PRKAA1
218	ALDH3A1
4688	NCF2
11085	ADAM30
8874	ARHGEF7
23077	MYCBP2
25827	FBXL2
116225	ZMYND19
5045	FURIN
51225	ABI3
3623	INHA
1655	DDX5
5155	PDGFB
1728	NQO1
9789	SPCS2
3399	ID3
146542	ZNF688
93166	PRDM6
27156	RSPH14
10965	ACOT2
23082	PPRC1
3673	ITGA2
66037	BOLL
9535	GMFG
29781	NCAPH2
11097	NUP42
123722	FSD2
84265	POLR3GL
7756	ZNF207
8019	BRD3
2215	FCGR3B
85293	KRTAP3-3
7409	VAV1
1369	CPN1
3073	HEXA
9842	PLEKHM1
26580	BSCL2
6671	SP4
54583	EGLN1
5316	PKNOX1
23210	JMJD6
11321	GPN1
9666	DZIP3
7335	UBE2V1
2045	EPHA7
7364	UGT2B7
7750	ZMYM2
8291	DYSF
3010	H1-6
56941	HMCES
4729	NDUFV2
348	APOE
55753	OGDHL
4109	MAGEA10
10985	GCN1
317	APAF1
23787	MTCH1
57786	RBAK
10654	PMVK
969	CD69
79818	ZNF552
29948	OSGIN1
8879	SGPL1
8723	SNX4
27202	C5AR2
248	ALPI
1589	CYP21A2
3447	IFNA13
9873	FCHSD2
9296	ATP6V1F
1434	CSE1L
10138	YAF2
340359	KLHL38
10257	ABCC4
6158	RPL28
6510	SLC1A5
10490	VTI1B
7386	UQCRFS1
8313	AXIN2
28996	HIPK2
23479	ISCU
23279	NUP160
3672	ITGA1
7048	TGFBR2
118	ADD1
27180	SIGLEC9
23532	PRAME
1911	PHC1
284111	SLC13A5
5582	PRKCG
9887	SMG7
54442	KCTD5
23201	FAM168A
11103	KRR1
10094	ARPC3
10195	ALG3
1047	CLGN
4179	CD46
26098	EDRF1
8438	RAD54L
4208	MEF2C
29925	GMPPB
169693	TMEM252
7001	PRDX2
5617	PRL
7408	VASP
345274	SLC10A6
9185	REPS2
738	VPS51
23545	ATP6V0A2
60506	NYX
23094	SIPA1L3
55898	UNC45A
4036	LRP2
25829	TMEM184B
25913	POT1
85407	NKD1
2537	IFI6
29943	PADI1
1184	CLCN5
967	CD63
1601	DAB2
2870	GRK6
25766	PRPF40B
79012	CAMKV
5711	PSMD5
4863	NPAT
1544	CYP1A2
84313	VPS25
64781	CERK
10101	NUBP2
10247	RIDA
6788	STK3
5635	PRPSAP1
11346	SYNPO
7334	UBE2N
160760	PPTC7
10735	STAG2
10111	RAD50
859	CAV3
5576	PRKAR2A
26150	RIBC2
23770	FKBP8
3861	KRT14
4791	NFKB2
22905	EPN2
7430	EZR
54662	TBC1D13
7051	TGM1
9063	PIAS2
51014	TMED7
51474	LIMA1
1621	DBH
9261	MAPKAPK2
4074	M6PR
10663	CXCR6
7551	ZNF3
93492	TPTE2
27030	MLH3
93185	IGSF8
3034	HAL
84062	DTNBP1
309	ANXA6
9802	DAZAP2
401	PHOX2A
80198	MUS81
5268	SERPINB5
10293	TRAIP
7184	HSP90B1
58529	MYOZ1
10346	TRIM22
375	ARF1
7922	SLC39A7
1018	CDK3
2633	GBP1
7018	TF
79109	MAPKAP1
51384	WNT16
9601	PDIA4
8362	H4C12
8193	DPF1
10469	TIMM44
7056	THBD
2195	FAT1
570	BAAT
10106	CTDSP2
151393	RMDN2
51	ACOX1
22856	CHSY1
399	RHOH
9509	ADAMTS2
5184	PEPD
8663	EIF3C
3151	HMGN2
58508	KMT2C
2488	FSHB
6293	VPS52
5949	RBP3
2596	GAP43
139067	SPANXN3
23648	SSBP3
221662	RBM24
6617	SNAPC1
4616	GADD45B
4696	NDUFA3
5774	PTPN3
57553	MICAL3
10040	TOM1L1
23637	RABGAP1
7066	THPO
7122	CLDN5
25912	C1orf43
56649	TMPRSS4
55846	ITFG2
5610	EIF2AK2
1731	SEPTIN1
10092	ARPC5
53635	PTOV1
6232	RPS27
80195	TMEM254
5631	PRPS1
55330	BLOC1S4
8839	CCN5
6102	RP2
2872	MKNK2
9736	USP34
4927	NUP88
3933	LCN1
3108	HLA-DMA
8712	PAGE1
7957	EPM2A
2869	GRK5
572	BAD
5887	RAD23B
57683	ZDBF2
3146	HMGB1
8529	CYP4F2
5425	POLD2
22888	UBOX5
24148	PRPF6
9141	PDCD5
162239	ZFP1
9880	ZBTB39
8022	LHX3
79696	ZC2HC1C
5214	PFKP
4055	LTBR
23043	TNIK
25834	MGAT4C
9590	AKAP12
140691	TRIM69
7094	TLN1
1540	CYLD
741	ZNHIT2
976	ADGRE5
3030	HADHA
332	BIRC5
10213	PSMD14
929	CD14
23127	COLGALT2
56288	PARD3
8349	H2BC21
22889	KHDC4
402	ARL2
6821	SUOX
7104	TM4SF4
5190	PEX6
56928	SPPL2B
23163	GGA3
6645	SNTB2
3486	IGFBP3
6500	SKP1
11249	NXPH2
1633	DCK
9929	JOSD1
2180	ACSL1
2042	EPHA3
2266	FGG
25886	POC1A
3040	HBA2
7832	BTG2
54205	CYCS
2838	GPR15
921	CD5
4854	NOTCH3
6515	SLC2A3
8600	TNFSF11
54978	SLC35F6
5671	PSG3
6046	BRD2
26147	PHF19
587	BCAT2
22974	TPX2
8337	H2AC18
9328	GTF3C5
8897	MTMR3
644591	PPIAL4G
10928	RALBP1
5707	PSMD1
637	BID
5567	PRKACB
1632	ECI1
8539	API5
11190	CEP250
94104	PAXBP1
1230	CCR1
3015	H2AZ1
10248	POP7
3219	HOXB9
10232	MSLN
9070	ASH2L
56658	TRIM39
9302	SNORD26
1447	CSN2
22806	IKZF3
3156	HMGCR
4296	MAP3K11
55914	ERBIN
10541	ANP32B
57532	NUFIP2
79139	DERL1
8968	H3C7
126306	JSRP1
5002	SLC22A18
5243	ABCB1
1735	DIO3
57007	ACKR3
56947	MFF
1270	CNTF
53358	SHC3
11101	ATE1
54461	FBXW5
3702	ITK
81622	UNC93B1
5771	PTPN2
8615	USO1
57822	GRHL3
23635	SSBP2
56994	CHPT1
9592	IER2
1366	CLDN7
3373	HYAL1
10140	TOB1
2222	FDFT1
4703	NEB
6888	TALDO1
54437	SEMA5B
81035	COLEC12
23327	NEDD4L
79724	ZNF768
9021	SOCS3
11148	HHLA2
56159	TEX11
2644	GCHFR
1281	COL3A1
9987	HNRNPDL
1356	CP
10351	ABCA8
624	BDKRB2
91147	TMEM67
10093	ARPC4
10612	TRIM3
1448	CSN3
8520	HAT1
8161	COIL
10360	NPM3
25885	POLR1A
1796	DOK1
81786	TRIM7
5064	PALM
5520	PPP2R2A
7264	GFUS
1630	DCC
388	RHOB
8969	H2AC11
10301	DLEU1
9900	SV2A
721	C4B
7480	WNT10B
2866	GPR42
26155	NOC2L
7273	TTN
22909	FAN1
10761	PLAC1
1604	CD55
2562	GABRB3
9559	VPS26A
55691	FRMD4A
80146	UXS1
9092	SART1
8394	PIP5K1A
1981	EIF4G1
9470	EIF4E2
2688	GH1
989	SEPTIN7
11243	PMF1
26146	TRAF3IP1
51686	OAZ3
219	ALDH1B1
1152	CKB
83543	AIF1L
23	ABCF1
3020	H3-3A
23059	CLUAP1
9636	ISG15
27238	GPKOW
146562	DNAAF8
51588	PIAS4
9329	GTF3C4
55135	WRAP53
5478	PPIA
57213	SPRYD7
3182	HNRNPAB
6383	SDC2
10791	VAMP5
9567	GTPBP1
51218	GLRX5
4839	NOP2
28998	MRPL13
54511	HMGCLL1
4861	NPAS1
6399	TRAPPC2
10024	TROAP
54972	TMEM132A
961	CD47
9910	RABGAP1L
892	CCNC
9917	FAM20B
745	MYRF
9294	S1PR2
5352	PLOD2
2131	EXT1
54765	TRIM44
2026	ENO2
6730	SRP68
83746	L3MBTL2
197	AHSG
11342	RNF13
23233	EXOC6B
9902	MRC2
100861412	FSBP
57463	AMIGO1
51438	MAGEC2
50674	NEUROG3
51548	SIRT6
56122	PCDHB14
2969	GTF2I
7360	UGP2
6691	SPINK2
6100	RP9
5819	NECTIN2
8439	NSMAF
7773	ZNF230
3797	KIF3C
11213	IRAK3
57530	CGN
4430	MYO1B
262	AMD1
92906	HNRNPLL
9576	SPAG6
641	BLM
55668	GPATCH2L
25949	SYF2
57215	THAP11
9246	UBE2L6
8031	NCOA4
5500	PPP1CB
10018	BCL2L11
23299	BICD2
55506	MACROH2A2
278	AMY1C
84648	LCE3D
27338	UBE2S
10869	USP19
2115	ETV1
8493	PPM1D
26525	IL36RN
51341	ZBTB7A
79754	ASB13
10225	CD96
3488	IGFBP5
6504	SLAMF1
4145	MATK
84317	CCDC115
3689	ITGB2
79598	CEP97
54531	MIER2
213	ALB
2073	ERCC5
57717	PCDHB16
6936	GCFC2
146894	CD300LG
10201	NME6
81704	DOCK8
3560	IL2RB
598	BCL2L1
9300	SNORD28
9662	CEP135
118430	MUCL1
8618	CADPS
64147	KIF9
163183	SYNE4
6830	SUPT6H
4115	MAGEB4
55643	BTBD2
60673	ATG101
10211	FLOT1
6881	TAF10
931	MS4A1
51191	HERC5
6659	SOX4
5424	POLD1
3627	CXCL10
84676	TRIM63
25876	SPEF1
64282	TENT4B
7490	WT1
83988	NCALD
203	AK1
3613	IMPA2
7432	VIP
1513	CTSK
57680	CHD8
83895	KRTAP1-5
1200	TPP1
54749	EPDR1
23173	METAP1
27287	VENTX
55851	PSENEN
3640	INSL3
6505	SLC1A1
2001	ELF5
476	ATP1A1
5685	PSMA4
10647	SCGB1D2
10961	ERP29
3751	KCND2
10557	RPP38
65018	PINK1
25874	MPC2
6049	RNF6
2052	EPHX1
64757	MTARC1
9786	KIAA0586
25923	ATL3
1747	DLX3
51806	CALML5
8354	H3C11
4683	NBN
2538	G6PC1
8301	PICALM
3113	HLA-DPA1
23507	LRRC8B
9283	GPR37L1
11151	CORO1A
2529	FUT7
23499	MACF1
7538	ZFP36
6595	SMARCA2
5449	POU1F1
23243	ANKRD28
2057	EPOR
11340	EXOSC8
9441	MED26
6779	STATH
9990	SLC12A6
767	CA8
80304	WDCP
55596	ZCCHC8
1674	DES
9807	IP6K1
4544	MTNR1B
2957	GTF2A1
10193	RNF41
10143	CLEC3A
22863	ATG14
55283	MCOLN3
1676	DFFA
6288	SAA1
5331	PLCB3
8667	EIF3H
4294	MAP3K10
10383	TUBB4B
5544	PRB3
5094	PCBP2
84957	RELT
118813	ZFYVE27
220988	HNRNPA3
55209	SETD5
64396	GMCL2
149628	PYHIN1
23209	MLC1
1395	CRHR2
8738	CRADD
2643	GCH1
5881	RAC3
26517	TIMM13
5743	PTGS2
1834	DSPP
8813	DPM1
92815	H2AW
50804	MYEF2
29916	SNX11
1663	DDX11
9450	LY86
79734	KCTD17
2171	FABP5
894	CCND2
150483	TEKT4
5584	PRKCI
57630	SH3RF1
22953	P2RX2
342	APOC1P1
10682	EBP
5202	PFDN2
29107	NXT1
768	CA9
662	BNIP1
4916	NTRK3
3757	KCNH2
1185	CLCN6
9546	APBA3
84085	FBXO30
9806	SPOCK2
22841	RAB11FIP2
224	ALDH3A2
3442	IFNA5
6389	SDHA
55168	MRPS18A
3174	HNF4G
22981	NINL
84181	CHD6
144097	SPINDOC
146664	MGAT5B
4107	MAGEA8
2239	GPC4
8926	SNURF
4968	OGG1
10564	ARFGEF2
66000	TMEM108
1129	CHRM2
8200	GDF5
6897	TARS1
23513	SCRIB
388372	CCL4L1
1373	CPS1
53826	FXYD6
6725	SRMS
8904	CPNE1
10498	CARM1
22807	IKZF2
121793	TEX29
4155	MBP
8148	TAF15
3310	HSPA6
27315	PGAP2
55633	TBC1D22B
6311	ATXN2
2248	FGF3
858	CAV2
7026	NR2F2
5981	RFC1
81034	SLC25A32
63940	GPSM3
7542	ZFPL1
7069	THRSP
9173	IL1RL1
1201	CLN3
56901	NDUFA4L2
4846	NOS3
23603	CORO1C
3059	HCLS1
6758	SSX5
113829	SLC35A4
201627	DENND6A
28513	CDH19
8763	CD164
9144	SYNGR2
55432	YOD1
8577	TMEFF1
55662	HIF1AN
22955	SCMH1
9308	CD83
3035	HARS1
7919	DDX39B
54918	CMTM6
54464	XRN1
51258	MRPL51
51433	ANAPC5
7775	ZNF232
79844	ZDHHC11
6147	RPL23A
55692	LUC7L
84996	URB1-AS1
1755	DMBT1
3337	DNAJB1
286148	DPY19L4
24149	ZNF318
3305	HSPA1L
10105	PPIF
521	ATP5ME
150472	CBWD2
8724	SNX3
10606	PAICS
23347	SMCHD1
5529	PPP2R5E
79595	SAP130
8310	ACOX3
3643	INSR
55191	NADSYN1
54552	GNL3L
80258	EFHC2
7462	LAT2
64080	RBKS
8771	TNFRSF6B
54785	BORCS6
10550	ARL6IP5
79083	MLPH
51299	NRN1
10523	CHERP
3501	IGHG2
350	APOH
3481	IGF2
51747	LUC7L3
4302	MLLT6
65108	MARCKSL1
27161	AGO2
5733	PTGER3
1298	COL9A2
10459	MAD2L2
7846	TUBA1A
23067	SETD1B
51375	SNX7
8574	AKR7A2
23678	SGK3
54617	INO80
11331	PHB2
3607	FOXK2
9456	HOMER1
10660	LBX1
10940	POP1
5198	PFAS
386681	KRTAP10-8
79953	SYNDIG1
827	CAPN6
55738	ARFGAP1
7041	TGFB1I1
925	CD8A
11343	MGLL
642	BLMH
23386	NUDCD3
50943	FOXP3
57547	ZNF624
3270	HRC
3899	AFF3
5252	PHF1
463	ZFHX3
5915	RARB
23390	ZDHHC17
7031	TFF1
2651	GCNT2
6286	S100P
6810	STX4
63931	MRPS14
64963	MRPS11
7262	PHLDA2
7100	TLR5
80820	EEPD1
3416	IDE
5437	POLR2H
3223	HOXC6
2288	FKBP4
6786	STIM1
4676	NAP1L4
9516	LITAF
25929	GEMIN5
11172	INSL6
2810	SFN
10915	TCERG1
631	BFSP1
6570	SLC18A1
50512	PODXL2
1656	DDX6
516	ATP5MC1
59349	KLHL12
51164	DCTN4
55471	NDUFAF7
7849	PAX8
5063	PAK3
10681	GNB5
1892	ECHS1
29015	SLC43A3
3351	HTR1B
1760	DMPK
4123	MAN2C1
2799	GNS
5188	GATB
23526	ARHGAP45
4255	MGMT
54468	MIOS
9899	SV2B
115572	TENT5B
30833	NT5C
11068	CYB561D2
80346	REEP4
4598	MVK
29924	EPN1
25875	LETMD1
10553	HTATIP2
257	ALX3
55285	RBM41
9706	ULK2
2155	F7
6596	HLTF
80306	MED28
5208	PFKFB2
113251	LARP4
6890	TAP1
10393	ANAPC10
27283	TINAG
80714	PBX4
1347	COX7A2
1474	CST6
7511	XPNPEP1
4521	NUDT1
6683	SPAST
57188	ADAMTSL3
10804	GJB6
3892	KRT86
79637	ARMC7
83860	TAF3
1314	COPA
6184	RPN1
157567	ANKRD46
8292	COLQ
6165	RPL35A
10920	COPS8
4692	NDN
9897	WASHC5
23097	CDK19
5927	KDM5A
752	FMNL1
7398	USP1
3537	IGLC1
10461	MERTK
23632	CA14
80313	LRRC27
6641	SNTB1
356	FASLG
114327	EFHC1
23293	SMG6
3001	GZMA
5531	PPP4C
9016	SLC25A14
5831	PYCR1
6607	SMN2
54629	MINDY2
23272	TASOR
9271	PIWIL1
23397	NCAPH
2160	F11
273	AMPH
23619	ZIM2
10542	LAMTOR5
10198	MPHOSPH9
23291	FBXW11
972	CD74
79736	TEFM
23484	LEPROTL1
337960	KRTAP13-3
29098	RANGRF
6018	RLF
3800	KIF5C
26005	C2CD3
14	AAMP
83538	ODAD4
2621	GAS6
2257	FGF12
5868	RAB5A
3376	IARS1
5098	PCDHGC3
7565	ZNF17
2492	FSHR
835	CASP2
114824	PNMA5
7978	MTERF1
27252	KLHL20
2019	EN1
23647	ARFIP2
51604	PIGT
9781	RNF144A
81027	TUBB1
55031	USP47
79631	EFL1
60561	RINT1
7818	DAP3
27230	SERP1
92	ACVR2A
60493	FASTKD5
3703	STT3A
23559	WBP1
26031	OSBPL3
51128	SAR1B
8767	RIPK2
5066	PAM
10566	AKAP3
10479	SLC9A6
5004	ORM1
130507	UBR3
91445	RNF185
3567	IL5
1854	DUT
8760	CDS2
1787	TRDMT1
10188	TNK2
6726	SRP9
5553	PRG2
5998	RGS3
50809	HP1BP3
10026	PIGK
405	ARNT
57534	MIB1
11338	U2AF2
5757	PTMA
2072	ERCC4
23185	LARP4B
9310	ZNF235
54443	ANLN
9263	STK17A
2784	GNB3
26985	AP3M1
55116	TMEM39B
8569	MKNK1
10456	HAX1
28964	GIT1
26577	PCOLCE2
25961	NUDT13
23191	CYFIP1
10514	MYBBP1A
80776	B9D2
5289	PIK3C3
10013	HDAC6
6339	SCNN1D
29994	BAZ2B
6019	RLN2
8317	CDC7
3437	IFIT3
84292	WDR83
366	AQP9
6801	STRN
617	BCS1L
782	CACNB1
9715	FAM131B
221079	ARL5B
191	AHCY
54733	SLC35F2
9623	TCL1B
64847	SPATA20
407	ARR3
26168	SENP3
4117	MAK
6234	RPS28
79019	CENPM
64976	MRPL40
9643	MORF4L2
10128	LRPPRC
481	ATP1B1
6632	SNRPD1
2697	GJA1
146225	CMTM2
6370	CCL25
3018	H2BC3
53938	PPIL3
1990	CELA1
1193	CLIC2
3568	IL5RA
9963	SLC23A1
6612	SUMO3
22980	TCF25
51366	UBR5
84125	LRRIQ1
79868	ALG13
23022	PALLD
23204	ARL6IP1
3945	LDHB
103	ADAR
1136	CHRNA3
3983	ABLIM1
55614	KIF16B
4853	NOTCH2
4353	MPO
3460	IFNGR2
1446	CSN1S1
11116	CEP43
3382	ICA1
80174	DBF4B
57587	CFAP97
134285	TMEM171
10389	SCML2
3105	HLA-A
9918	NCAPD2
3698	ITIH2
4698	NDUFA5
3737	KCNA2
5629	PROX1
11169	WDHD1
5984	RFC4
3812	KIR3DL2
5099	PCDH7
1595	CYP51A1
8905	AP1S2
4747	NEFL
353144	LCE3C
83743	GRWD1
607	BCL9
1677	DFFB
6499	SKIV2L
2194	FASN
79726	WDR59
57181	SLC39A10
9223	MAGI1
5082	PDCL
2356	FPGS
115752	DIS3L
30	ACAA1
55626	AMBRA1
84985	FAM83A
5825	ABCD3
127428	TCEANC2
4849	CNOT3
4697	NDUFA4
5209	PFKFB3
11222	MRPL3
9352	TXNL1
7401	CLRN1
8407	TAGLN2
64224	HERPUD2
8038	ADAM12
50615	IL21R
9650	MTFR1
199834	LCE4A
6152	RPL24
571	BACH1
5317	PKP1
8801	SUCLG2
23314	SATB2
1315	COPB1
10611	PDLIM5
23641	LDOC1
125170	MIEF2
55038	CDCA4
158067	AK8
10733	PLK4
136895	C7orf31
9655	SOCS5
406	ARNTL
89958	SAPCD2
54434	SSH1
5678	PSG9
1030	CDKN2B
2829	XCR1
4010	LMX1B
6653	SORL1
22913	RALY
8851	CDK5R1
4316	MMP7
9753	ZSCAN12
23136	EPB41L3
56478	EIF4ENIF1
9330	GTF3C3
79720	VPS37B
8508	NIPSNAP1
3929	LBP
3984	LIMK1
9928	KIF14
23498	HAAO
23506	BICRAL
1749	DLX5
5600	MAPK11
1672	DEFB1
55630	SLC39A4
2354	FOSB
9095	TBX19
379	ARL4D
8522	GAS7
10489	LRRC41
8078	USP5
147841	SPC24
11112	HIBADH
27040	LAT
9941	EXOG
386676	KRTAP10-9
9926	LPGAT1
7784	ZP3
56894	AGPAT3
181	AGRP
55245	UQCC1
2290	FOXG1
8061	FOSL1
22800	RRAS2
25843	MOB4
5526	PPP2R5B
23468	CBX5
92840	REEP6
63876	PKNOX2
6223	RPS19
56704	JPH1
6457	SH3GL3
10268	RAMP3
23552	CDK20
342574	KRT27
8444	DYRK3
196441	ZFC3H1
3557	IL1RN
51507	RTF2
3161	HMMR
990	CDC6
54939	COMMD4
22878	TRAPPC8
57405	SPC25
54797	MED18
22999	RIMS1
913	CD1E
3048	HBG2
6482	ST3GAL1
54845	ESRP1
1527	TEX28
54715	RBFOX1
57464	STRIP2
25831	HECTD1
4258	MGST2
6648	SOD2
6154	RPL26
51616	TAF9B
9564	BCAR1
284391	ZNF844
4343	MOV10
1995	ELAVL3
8875	VNN2
6227	RPS21
3383	ICAM1
135	ADORA2A
8858	PROZ
353134	LCE1D
8535	CBX4
5724	PTAFR
84864	RIOX2
4615	MYD88
3744	KCNA10
9962	SLC23A2
51078	THAP4
6710	SPTB
8636	SSNA1
11267	SNF8
10330	CNPY2
8972	MGAM
9997	SCO2
3791	KDR
1716	DGUOK
6274	S100A3
284904	SEC14L4
7436	VLDLR
9247	GCM2
4704	NDUFA9
286	ANK1
6402	SELL
10069	RWDD2B
6121	RPE65
84659	RNASE7
4485	MST1
51253	MRPL37
5627	PROS1
1741	DLG3
5073	PARN
2895	GRID2
5636	PRPSAP2
308	ANXA5
29957	SLC25A24
6185	RPN2
54815	GATAD2A
9663	LPIN2
4086	SMAD1
127665	ZNF648
971	CD72
6240	RRM1
4969	OGN
9400	RECQL5
928	CD9
26960	NBEA
5226	PGD
2899	GRIK3
10634	GAS2L1
57597	BAHCC1
10181	RBM5
3684	ITGAM
5729	PTGDR
8425	LTBP4
11283	CYP4F8
27005	USP21
5620	PRM2
10927	SPIN1
3911	LAMA5
5332	PLCB4
130560	SPATA3
6785	ELOVL4
79794	SPRING1
23304	UBR2
9145	SYNGR1
987	LRBA
23041	MON2
9303	SNORD25
51267	CLEC1A
22903	BTBD3
3029	HAGH
4141	MARS1
23566	LPAR3
9453	GGPS1
747	DAGLA
79027	ZNF655
84148	KAT8
6443	SGCB
3742	KCNA6
1468	SLC25A10
10767	HBS1L
7809	BSND
51764	GNG13
6218	RPS17
54069	MIS18A
3039	HBA1
8672	EIF4G3
11188	NISCH
29127	RACGAP1
25822	DNAJB5
26353	HSPB8
6675	UAP1
23034	SAMD4A
5557	PRIM1
4922	NTS
29761	USP25
6455	SH3GL1
10307	APBB3
84272	YIPF4
84163	GTF2IRD2
54898	ELOVL2
2786	GNG4
23510	KCTD2
2995	GYPC
733	C8G
2298	FOXD4
268	AMH
4049	LTA
222389	BEND7
1471	CST3
51136	RNFT1
4509	MT-ATP8
84908	FAM136A
4818	NKG7
83444	INO80B
3667	IRS1
3083	HGFAC
3446	IFNA10
7381	UQCRB
259294	TAS2R19
4753	NELL2
5583	PRKCH
51465	UBE2J1
28978	TMEM14A
84266	ALKBH7
5218	CDK14
7716	VEZF1
958	CD40
523	ATP6V1A
8864	PER2
2729	GCLC
7730	ZNF177
9639	ARHGEF10
345	APOC3
23199	GSE1
56616	DIABLO
57708	MIER1
83734	ATG10
2046	EPHA8
100287399	POTEB2
79713	IGFLR1
81833	SPACA1
6887	TAL2
396	ARHGDIA
23380	SRGAP2
54904	NSD3
55578	SUPT20H
56142	PCDHA6
54906	TASOR2
11063	SOX30
118490	MSS51
50628	GEMIN4
84970	C1orf94
3710	ITPR3
605	BCL7A
79836	LONRF3
92399	MRRF
10214	SSX3
7015	TERT
9557	CHD1L
5362	PLXNA2
55282	LRRC36
11176	BAZ2A
28959	TMEM176B
93979	CPA5
717	C2
5328	PLAU
56121	PCDHB15
4931	NVL
6284	S100A13
1476	CSTB
53371	NUP54
170954	PPP1R18
51776	MAP3K20
51077	FCF1
57689	LRRC4C
65094	JMJD4
9819	TSC22D2
9771	RAPGEF5
1036	CDO1
26040	SETBP1
9486	CHST10
81539	SLC38A1
25759	SHC2
10090	UST
54927	CHCHD3
1933	EEF1B2
7474	WNT5A
10856	RUVBL2
2868	GRK4
4946	OAZ1
7555	CNBP
4713	NDUFB7
22976	PAXIP1
10254	STAM2
8411	EEA1
8650	NUMB
7755	ZNF205
811	CALR
2965	GTF2H1
54955	C1orf109
3149	HMGB3
23038	WDTC1
3833	KIFC1
7568	ZNF20
2944	GSTM1
23211	ZC3H4
79618	HMBOX1
4542	MYO1F
7162	TPBG
84285	EIF1AD
55608	ANKRD10
51520	LARS1
84221	SPATC1L
79947	DHDDS
79444	BIRC7
23654	PLXNB2
5310	PKD1
51538	ZCCHC17
5648	MASP1
3339	HSPG2
30850	CDR2L
55165	CEP55
54504	CPVL
6932	TCF7
6769	STAC
56904	SH3GLB2
51478	HSD17B7
7299	TYR
2049	EPHB3
81533	ITFG1
8085	KMT2D
54681	P4HTM
8835	SOCS2
5673	PSG5
50855	PARD6A
7143	TNR
84541	KBTBD8
8883	NAE1
25820	ARIH1
147660	ZNF578
8805	TRIM24
55139	ANKZF1
3998	LMAN1
2938	GSTA1
9729	KIAA0408
23099	ZBTB43
158747	MOSPD2
23609	MKRN2
8788	DLK1
64778	FNDC3B
51170	HSD17B11
11127	KIF3A
4850	CNOT4
51150	SDF4
5683	PSMA2
1848	DUSP6
29922	NME7
1265	CNN2
196	AHR
9475	ROCK2
3217	HOXB7
744	MPPED2
5003	SLC22A18AS
5169	ENPP3
22911	WDR47
10912	GADD45G
2617	GARS1
5438	POLR2I
22822	PHLDA1
83640	RAMAC
128821	CST9L
8907	AP1M1
5286	PIK3C2A
51296	SLC15A3
2016	EMX1
23786	BCL2L13
4306	NR3C2
23353	SUN1
8802	SUCLG1
54922	RASIP1
6588	SLN
64149	C17orf75
84332	DYDC2
64802	NMNAT1
56923	NMUR2
1662	DDX10
27173	SLC39A1
140	ADORA3
11344	TWF2
5480	PPIC
3840	KPNA4
25973	PARS2
56262	LRRC8A
5934	RBL2
54739	XAF1
51008	ASCC1
6390	SDHB
9425	CDYL
55131	RBM28
1725	DHPS
6259	RYK
6565	SLC15A2
9066	SYT7
4744	NEFH
57130	ATP13A1
2327	FMO2
29888	STRN4
79567	RIPOR1
5217	PFN2
5230	PGK1
7371	UCK2
1041	CDSN
64978	MRPL38
196472	FAM71C
871	SERPINH1
80020	FOXRED2
8896	BUD31
134391	GPR151
51187	RSL24D1
10131	TRAP1
1555	CYP2B6
51661	FKBP7
57410	SCYL1
1306	COL15A1
11275	KLHL2
23584	VSIG2
246100	CTAG1A
2006	ELN
3891	KRT85
1855	DVL1
51635	DHRS7
4496	MT1H
84661	DPY30
57473	ZNF512B
2572	GAD2
4893	NRAS
8693	GALNT4
57541	ZNF398
10135	NAMPT
10916	MAGED2
51642	MRPL48
55216	NKAPD1
7484	WNT9B
956	ENTPD3
64949	MRPS26
2585	GALK2
55128	TRIM68
27253	PCDH17
2796	GNRH1
1943	EFNA2
54763	ROPN1
57819	LSM2
7737	RNF113A
4593	MUSK
6342	SCP2
7979	SEM1
10067	SCAMP3
8428	STK24
25880	TMEM186
6708	SPTA1
28991	COMMD5
9891	NUAK1
51693	TRAPPC2L
5514	PPP1R10
6249	CLIP1
93426	SYCE1
10897	YIF1A
5917	RARS1
2746	GLUD1
6744	ITPRID2
56243	KIAA1217
9101	USP8
4811	NID1
3778	KCNMA1
6827	SUPT4H1
65061	CDK15
54943	DNAJC28
842	CASP9
9823	ARMCX2
51076	CUTC
7317	UBA1
9712	USP6NL
1806	DPYD
84894	LINGO1
23269	MGA
650	BMP2
3720	JARID2
9555	MACROH2A1
54058	C21orf58
1523	CUX1
2677	GGCX
6275	S100A4
8329	H2AC13
6419	SETMAR
23190	UBXN4
25839	COG4
84059	ADGRV1
9325	TRIP4
51124	IER3IP1
54033	RBM11
8703	B4GALT3
23344	ESYT1
9727	RAB11FIP3
1539	CYLC2
64770	CCDC14
8367	H4C5
55362	TMEM63B
4620	MYH2
1880	GPR183
3556	IL1RAP
83737	ITCH
5746	PTH2R
9943	OXSR1
6583	SLC22A4
11108	PRDM4
6780	STAU1
5999	RGS4
3775	KCNK1
2086	ERV3-1
483	ATP1B3
5019	OXCT1
10421	CD2BP2
89944	GLB1L2
757	TMEM50B
57418	WDR18
6253	RTN2
55182	RNF220
132	ADK
80167	ABHD18
84832	ANKRD36BP1
339	APOBEC1
8814	CDKL1
8324	FZD7
4284	MIP
80347	COASY
55249	YY1AP1
55118	CRTAC1
22838	RNF44
54913	RPP25
10098	TSPAN5
6861	SYT5
1456	CSNK1G3
2339	FNTA
55011	PIH1D1
3047	HBG1
8675	STX16
55027	HEATR3
25898	RCHY1
178	AGL
7798	LUZP1
655	BMP7
11144	DMC1
9757	KMT2B
57713	SFMBT2
284346	ZNF575
10777	ARPP21
8500	PPFIA1
4684	NCAM1
29078	NDUFAF4
7138	TNNT1
10743	RAI1
659	BMPR2
58515	SELENOK
8287	USP9Y
55599	RNPC3
3655	ITGA6
1234	CCR5
9369	NRXN3
8451	CUL4A
55147	RBM23
9946	CRYZL1
1947	EFNB1
55005	RMND1
55183	RIF1
55273	TMEM100
4016	LOXL1
9604	RNF14
54460	MRPS21
30008	EFEMP2
24139	EML2
146852	ODF4
9641	IKBKE
10014	HDAC5
54998	AURKAIP1
5007	OSBP
493	ATP2B4
80204	FBXO11
64105	CENPK
22795	NID2
3421	IDH3G
26470	SEZ6L2
9047	SH2D2A
10299	MARCHF6
5880	RAC2
7384	UQCRC1
55720	TSR1
79036	KXD1
5001	ORC5
25855	BRMS1
5989	RFX1
51503	CWC15
84069	PLEKHN1
8688	KRT37
56255	TMX4
29093	MRPL22
901	CCNG2
1414	CRYBB1
7337	UBE3A
202134	FAM153B
6582	SLC22A2
162605	KRT28
91419	ATP23
4092	SMAD7
5106	PCK2
9025	RNF8
25825	BACE2
6341	SCO1
80270	HSD3B7
7089	TLE2
4898	NRDC
127343	DMBX1
135295	SRSF12
4224	MEP1A
5706	PSMC6
9053	MAP7
9191	DEDD
2557	GABRA4
94	ACVRL1
5734	PTGER4
1415	CRYBB2
1368	CPM
9168	TMSB10
64434	NOM1
23313	KIAA0930
79842	ZBTB3
4482	MSRA
6517	SLC2A4
83873	GPR61
11311	VPS45
143	PARP4
79084	WDR77
2736	GLI2
5315	PKM
200232	FAM209A
6011	GRK1
6424	SFRP4
10401	PIAS3
3205	HOXA9
9777	TM9SF4
4761	NEUROD2
23167	EFR3A
29843	SENP1
79147	FKRP
51352	WT1-AS
55274	PHF10
51138	COPS4
79956	ERMP1
513	ATP5F1D
8710	SERPINB7
7105	TSPAN6
9857	CEP350
79172	CENPO
6550	SLC9A3
57560	IFT80
9530	BAG4
25824	PRDX5
22845	DOLK
26515	TIMM10B
1236	CCR7
9703	KIAA0100
10902	BRD8
6433	SFSWAP
2071	ERCC3
79073	TMEM109
55142	HAUS2
81706	PPP1R14C
23613	ZMYND8
51317	PHF21A
2705	GJB1
2998	GYS2
10908	PNPLA6
5616	PRKY
84236	RHBDD1
7444	VRK2
51241	COX16
4942	OAT
8312	AXIN1
1891	ECH1
10712	FAM189B
9652	TTC37
55816	DOK5
63891	RNF123
25791	NGEF
5550	PREP
79654	HECTD3
10210	TOPORS
10959	TMED2
84867	PTPN5
23186	RCOR1
9915	ARNT2
9046	DOK2
9376	SLC22A8
4173	MCM4
1060	CENPC
26270	FBXO6
117246	FTSJ3
4211	MEIS1
923	CD6
1801	DPH1
3761	KCNJ4
653	BMP5
1046	CDX4
4951	OCM2
1780	DYNC1I1
383	ARG1
80342	TRAF3IP3
116441	TM4SF18
10000	AKT3
54806	AHI1
23410	SIRT3
977	CD151
10263	CDK2AP2
9184	BUB3
10437	IFI30
139322	APOOL
1536	CYBB
2312	FLG
54476	RNF216
114825	PWWP2A
57158	JPH2
80311	KLHL15
3209	HOXA13
3565	IL4
26013	L3MBTL1
7738	ZNF184
1809	DPYSL3
5216	PFN1
2308	FOXO1
3589	IL11
6878	TAF6
9236	CCPG1
3638	INSIG1
11123	RCAN3
55584	CHRNA9
25930	PTPN23
10667	FARS2
4718	NDUFC2
387755	INSC
55081	IFT57
9231	DLG5
96764	TGS1
55653	BCAS4
23345	SYNE1
174	AFP
50964	SOST
5731	PTGER1
10879	SMR3B
10450	PPIE
4716	NDUFB10
597	BCL2A1
3937	LCP2
7342	UBP1
2823	GPM6A
10200	MPHOSPH6
64785	GINS3
5871	MAP4K2
3949	LDLR
6909	TBX2
3489	IGFBP6
8471	IRS4
8346	H2BC10
26119	LDLRAP1
9338	TCEAL1
8220	ESS2
23548	TTC33
84733	CBX2
54433	GAR1
64093	SMOC1
131578	LRRC15
23223	RRP12
63035	BCORL1
7343	UBTF
4913	NTHL1
23780	APOL2
2039	DMTN
7033	TFF3
9610	RIN1
84695	LOXL3
9058	SLC13A2
10848	PPP1R13L
9422	ZNF264
874	CBR3
25809	TTLL1
81669	CCNL2
28638	TRBC2
2205	FCER1A
11131	CAPN11
26073	POLDIP2
2719	GPC3
4023	LPL
3914	LAMB3
79695	GALNT12
10847	SRCAP
56158	TEX12
55680	RUFY2
23469	PHF3
27229	TUBGCP4
1843	DUSP1
55363	HEMGN
83461	CDCA3
23118	TAB2
4486	MST1R
11022	TDRKH
7098	TLR3
4632	MYL1
23710	GABARAPL1
9970	NR1I3
55295	KLHL26
1978	EIF4EBP1
2664	GDI1
4282	MIF
26984	SEC22A
7905	REEP5
23310	NCAPD3
28986	MAGEH1
7257	TSNAX
5510	PPP1R7
29789	OLA1
4733	DRG1
23480	SEC61G
55007	FAM118A
22985	ACIN1
8940	TOP3B
9500	MAGED1
9462	RASAL2
81847	RNF146
26986	PABPC1
220002	CYB561A3
201191	SAMD14
26610	ELP4
9107	MTMR6
121391	KRT74
11337	GABARAP
90102	PHLDB2
25793	FBXO7
10677	AVIL
57559	STAMBPL1
10075	HUWE1
3479	IGF1
26043	UBXN7
56257	MEPCE
8717	TRADD
80728	ARHGAP39
8028	MLLT10
26128	KIFBP
57515	SERINC1
501	ALDH7A1
55337	SHFL
2245	FGD1
6926	TBX3
5532	PPP3CB
710	SERPING1
10287	RGS19
57727	NCOA5
1479	CSTF3
23334	SZT2
5866	RAB3IL1
6095	RORA
9687	GREB1
9580	SOX13
9410	SNRNP40
2108	ETFA
6103	RPGR
25940	FAM98A
79677	SMC6
5800	PTPRO
151254	C2CD6
55157	DARS2
29855	UBN1
8888	MCM3AP
152	ADRA2C
8898	MTMR2
27018	BEX3
7942	TFEB
2209	FCGR1A
378	ARF4
138046	RALYL
388228	SBK1
81628	TSC22D4
84056	KATNAL1
92345	NAF1
57144	PAK5
64418	TMEM168
55198	APPL2
2875	GPT
6337	SCNN1A
121441	NEDD1
6473	SHOX
9827	RGP1
51599	LSR
29117	BRD7
6594	SMARCA1
3752	KCND3
55251	PCMTD2
64116	SLC39A8
4635	MYL4
5298	PI4KB
11078	TRIOBP
164592	CCDC116
26118	WSB1
321	APBA2
202559	KHDRBS2
176	ACAN
4664	NAB1
9852	EPM2AIP1
3275	PRMT2
79035	NABP2
4541	MT-ND6
9793	CKAP5
92421	CHMP4C
23643	LY96
23138	N4BP3
4763	NF1
25804	LSM4
116841	SNAP47
54929	TMEM161A
8711	TNK1
7345	UCHL1
28981	IFT81
81850	KRTAP1-3
9931	HELZ
29777	ABT1
26145	IRF2BP1
1670	DEFA5
11155	LDB3
1839	HBEGF
23457	ABCB9
5605	MAP2K2
55754	TMEM30A
4513	MT-CO2
6834	SURF1
23064	SETX
1820	ARID3A
91107	TRIM47
8992	ATP6V0E1
4693	NDP
55791	LRIF1
280664	WFDC10B
8581	LY6D
26135	SERBP1
23221	RHOBTB2
3852	KRT5
1233	CCR4
54101	RIPK4
23516	SLC39A14
55735	DNAJC11
6553	SLC9A5
2542	SLC37A4
64750	SMURF2
1634	DCN
55884	WSB2
144110	TMEM86A
7305	TYROBP
57862	ZNF410
5859	QARS1
11165	NUDT3
5699	PSMB10
55194	EVA1B
3633	INPP5B
55255	WDR41
51290	ERGIC2
51248	PDZD11
203111	ERICH5
54948	MRPL16
57596	BEGAIN
54762	GRAMD1C
95	ACY1
5564	PRKAB1
26524	LATS2
7109	TRAPPC10
26468	LHX6
64132	XYLT2
6573	SLC19A1
10039	PARP3
216	ALDH1A1
10054	UBA2
64219	PJA1
5816	PVALB
1428	CRYM
79740	ZBBX
51567	TDP2
10906	TRAFD1
55340	GIMAP5
7301	TYRO3
26012	NSMF
3738	KCNA3
9334	B4GALT5
5889	RAD51C
8424	BBOX1
2730	GCLM
51162	EGFL7
254958	REXO1L1P
8729	GBF1
5535	PPP3R2
54935	DUSP23
4803	NGF
55544	RBM38
51308	REEP2
8269	TMEM187
54994	GID8
23318	TUT4
57381	RHOJ
127544	RNF19B
11064	CNTRL
6251	RSU1
84268	RPAIN
55211	DPPA4
8914	TIMELESS
912	CD1D
51382	ATP6V1D
10472	ZBTB18
51560	RAB6B
80179	MYO19
22802	CLCA4
55631	LRRC40
1302	COL11A2
23338	JADE2
6091	ROBO1
64951	MRPS24
347516	DGAT2L6
51340	CRNKL1
55069	TMEM248
4762	NEUROG1
3053	SERPIND1
26024	PTCD1
54108	CHRAC1
4303	FOXO4
3362	HTR6
10465	PPIH
55835	CENPJ
23133	PHF8
91683	SYT12
4921	DDR2
6347	CCL2
5050	PAFAH1B3
51244	CCDC174
9133	CCNB2
9124	PDLIM1
57590	WDFY1
2639	GCDH
2181	ACSL3
3514	IGKC
5037	PEBP1
52	ACP1
9844	ELMO1
84766	CRACR2A
25904	CNOT10
23423	TMED3
10499	NCOA2
83591	THAP2
6876	TAGLN
55275	VPS53
8776	MTMR1
80320	SP6
397	ARHGDIB
23264	ZC3H7B
5327	PLAT
84678	KDM2B
3978	LIG1
27247	NFU1
7280	TUBB2A
10076	PTPRU
22827	PUF60
5716	PSMD10
115817	DHRS1
9627	SNCAIP
90060	CCDC120
11330	CTRC
1272	CNTN1
55300	PI4K2B
7084	TK2
9477	MED20
3563	IL3RA
81831	NETO2
26207	PITPNC1
11183	MAP4K5
4978	OPCML
6911	TBX6
22916	NCBP2
793	CALB1
23475	QPRT
551	AVP
51634	RBMX2
1134	CHRNA1
129880	BBS5
27316	RBMX
3007	H1-3
9100	USP10
92359	CRB3
1833	EPYC
9333	TGM5
11079	RER1
10148	EBI3
79979	TRMT2B
2044	EPHA5
722	C4BPA
10298	PAK4
23256	SCFD1
151246	SGO2
57510	XPO5
1800	DPEP1
2287	FKBP3
26258	BLOC1S6
27077	B9D1
23640	HSPBP1
56917	MEIS3
4298	MLLT1
2525	FUT3
2170	FABP3
4648	MYO7B
255626	H2BC1
7025	NR2F1
9764	KIAA0513
79977	GRHL2
353143	LCE3B
11318	GPR182
6794	STK11
1506	CTRL
21	ABCA3
2888	GRB14
6948	TCN2
6237	RRAS
55906	ZC4H2
7082	TJP1
23450	SF3B3
55827	DCAF6
25906	ANAPC15
4940	OAS3
3913	LAMB2
1130	LYST
9464	HAND2
80329	ULBP1
51182	HSPA14
8945	BTRC
79874	RABEP2
55294	FBXW7
5994	RFXAP
8289	ARID1A
8621	CDK13
58497	PRUNE1
5985	RFC5
9879	DDX46
55577	NAGK
8994	LIMD1
2994	GYPB
10023	FRAT1
5373	PMM2
138199	CARNMT1
666	BOK
5261	PHKG2
4159	MC3R
4705	NDUFA10
9622	KLK4
26039	SS18L1
54620	FBXL19
8651	SOCS1
23253	ANKRD12
5930	RBBP6
57335	ZNF286A
27243	CHMP2A
9306	SOCS6
23621	BACE1
5511	PPP1R8
9522	SCAMP1
63979	FIGNL1
325	APCS
10586	MAB21L2
10954	PDIA5
114088	TRIM9
9043	SPAG9
55333	SYNJ2BP
8189	SYMPK
90507	SCRN2
23140	ZZEF1
10053	AP1M2
84283	TMEM79
3642	INSM1
23409	SIRT4
8131	NPRL3
4487	MSX1
53916	RAB4B
170082	TCEANC
26608	TBL2
22823	MTF2
23636	NUP62
930	CD19
5009	OTC
201266	SLC39A11
11197	WIF1
7866	IFRD2
10652	YKT6
6928	HNF1B
684	BST2
3003	GZMK
148362	BROX
23164	MPRIP
51074	APIP
9189	ZBED1
54967	CT55
585	BBS4
23066	CAND2
5334	PLCL1
8850	KAT2B
10322	SMYD5
23177	CEP68
7027	TFDP1
7852	CXCR4
3452	IFNA21
1133	CHRM5
1690	COCH
353323	KRTAP12-2
1070	CETN3
55805	LRP2BP
306	ANXA3
2004	ELK3
91754	NEK9
65258	MPPE1
1503	CTPS1
84897	TBRG1
54478	PIMREG
9609	RAB36
56913	C1GALT1
55176	SEC61A2
6001	RGS10
386677	KRTAP10-1
6252	RTN1
1803	DPP4
56943	ENY2
1106	CHD2
55248	PACC1
678	ZFP36L2
53340	SPA17
3706	ITPKA
9203	ZMYM3
8867	SYNJ1
3603	IL16
23420	NOMO1
23303	KIF13B
2182	ACSL4
51684	SUFU
57190	SELENON
1870	E2F2
60680	CELF5
10411	RAPGEF3
9551	ATP5MF
4774	NFIA
9545	RAB3D
51593	SRRT
6693	SPN
126393	HSPB6
2742	GLRA2
8021	NUP214
8321	FZD1
56135	PCDHAC1
740	MRPL49
4221	MEN1
54821	ERCC6L
56984	PSMG2
9568	GABBR2
64115	VSIR
65117	RSRC2
54716	SLC6A20
5139	PDE3A
6895	TARBP2
10597	TRAPPC2B
83786	FRMD8
54543	TOMM7
8546	AP3B1
8795	TNFRSF10B
5360	PLTP
64960	MRPS15
51537	MTFP1
2252	FGF7
3135	HLA-G
22954	TRIM32
55515	ASIC4
148066	ZNRF4
54858	PGPEP1
2583	B4GALNT1
79187	FSD1
10066	SCAMP2
755	CFAP410
63875	MRPL17
5957	RCVRN
11258	DCTN3
9927	MFN2
3593	IL12B
11187	PKP3
23761	PISD
6305	SBF1
56650	CLDND1
10516	FBLN5
143187	VTI1A
4524	MTHFR
116412	ZNF837
158	ADSL
2167	FABP4
5670	PSG2
64975	MRPL41
23339	VPS39
23400	ATP13A2
57544	TXNDC16
22837	COBLL1
65993	MRPS34
3887	KRT81
4720	NDUFS2
6271	S100A1
1852	DUSP9
203562	TMEM31
54938	SARS2
6258	RXRG
3756	KCNH1
55240	STEAP3
5649	RELN
10981	RAB32
85235	H2AC12
56673	C11orf16
4174	MCM5
51149	MRNIP
840	CASP7
22927	HABP4
6676	SPAG4
23089	PEG10
387267	KRTAP5-4
34	ACADM
9805	SCRN1
9587	MAD2L1BP
29944	PNMA3
4671	NAIP
11004	KIF2C
5923	RASGRF1
128826	MIR1-1HG
9228	DLGAP2
23351	KHNYN
5909	RAP1GAP
6414	SELENOP
7003	TEAD1
23012	STK38L
217	ALDH2
10166	SLC25A15
2861	GPR37
55219	MACO1
1442	CSH1
51562	MBIP
79345	OR51B2
378807	CATSPER4
119032	BORCS7
64127	NOD2
3804	KIR2DL3
56900	TMEM167B
79600	TCTN1
54	ACP5
3045	HBD
54439	RBM27
84314	TMEM107
83903	HASPIN
8541	PPFIA3
10568	SLC34A2
5527	PPP2R5C
1155	TBCB
8834	TMEM11
340481	ZDHHC21
7804	LRP8
9541	CIR1
54752	FNDC8
54910	SEMA4C
4299	AFF1
29911	HOOK2
1776	DNASE1L3
10480	EIF3M
1081	CGA
2138	EYA1
6795	AURKC
28951	TRIB2
9442	MED27
11215	AKAP11
4053	LTBP2
8514	KCNAB2
57701	NCKAP5L
1470	CST2
126328	NDUFA11
11189	CELF3
6494	SIPA1
3204	HOXA7
11157	LSM6
5630	PRPH
9467	SH3BP5
22897	CEP164
2921	CXCL3
54850	FBXL12
8366	H4C2
28990	ASTE1
54496	PRMT7
3772	KCNJ15
3915	LAMC1
9747	TCAF1
5337	PLD1
10603	SH2B2
10656	KHDRBS3
30968	STOML2
730	C7
5745	PTH1R
1757	SARDH
64207	IRF2BPL
6169	RPL38
162655	ZNF519
4952	OCRL
781	CACNA2D1
6591	SNAI2
10302	SNAPC5
55660	PRPF40A
2219	FCN1
6159	RPL29
8202	NCOA3
4311	MME
1984	EIF5A
6993	DYNLT1
11020	IFT27
63922	CHTF18
27288	RBMXL2
84304	NUDT22
5083	PAX9
353333	KRTAP10-10
8001	GLRA3
55028	C17orf80
54498	SMOX
89884	LHX4
147	ADRA1B
10443	N4BP2L2
2901	GRIK5
126695	KDF1
6167	RPL37
51633	OTUD6B
773	CACNA1A
50717	DCAF8
7163	TPD52
9514	GAL3ST1
2328	FMO3
11202	KLK8
5348	FXYD1
8348	H2BC17
51109	RDH11
83417	FCRL4
6845	VAMP7
8498	RANBP3
23759	PPIL2
55930	MYO5C
627	BDNF
8988	HSPB3
864	RUNX3
29105	CFAP20
10811	NOXA1
656	BMP8B
51143	DYNC1LI1
53838	C11orf24
58157	NGB
10803	CCR9
2258	FGF13
9293	GPR52
23424	TDRD7
23329	TBC1D30
58190	CTDSP1
23198	PSME4
54059	YBEY
8639	AOC3
9479	MAPK8IP1
3745	KCNB1
1349	COX7B
1174	AP1S1
29091	STXBP6
1087	CEACAM7
786	CACNG1
4706	NDUFAB1
80036	TRPM3
9867	PJA2
29072	SETD2
93273	LEMD1
7862	BRPF1
6404	SELPLG
56945	MRPS22
5672	PSG4
57574	MARCHF4
1837	DTNA
777	CACNA1E
203197	TMEM268
10560	SLC19A2
1435	CSF1
126353	MISP
79156	PLEKHF1
79064	TMEM223
23567	ZNF346
8626	TP63
1008	CDH10
55671	PPP4R3A
10002	NR2E3
10189	ALYREF
3097	HIVEP2
84705	GTPBP3
3075	CFH
2792	GNGT1
4103	MAGEA4
1945	EFNA4
6160	RPL31
2069	EREG
7174	TPP2
54769	DIRAS2
8455	ATRN
147872	KASH5
58485	TRAPPC1
2834	PRLHR
285971	ZNF775
55616	ASAP3
8125	ANP32A
26099	SZRD1
56829	ZC3HAV1
9936	CD302
3696	ITGB8
79784	MYH14
54361	WNT4
54517	PUS7
4111	MAGEA12
1149	CIDEA
2790	GNG10
3632	INPP5A
10123	ARL4C
148103	ZNF599
7039	TGFA
60529	ALX4
6314	ATXN7
4360	MRC1
26002	MOXD1
80705	TSGA10
90865	IL33
4750	NEK1
9797	TATDN2
6010	RHO
2752	GLUL
10048	RANBP9
64840	PORCN
51171	HSD17B14
51390	AIG1
80014	WWC2
8863	PER3
56107	PCDHGA9
55872	PBK
63027	SLC22A23
7297	TYK2
90594	ZNF439
79725	THAP9
92714	ARRDC1
51098	IFT52
84083	ZRANB3
5962	RDX
8842	PROM1
55749	CCAR1
54556	ING3
6282	S100A11
5655	KLK10
2911	GRM1
3157	HMGCS1
492	ATP2B3
23731	TMEM245
9908	G3BP2
7310	ZRSR2P1
29886	SNX8
8796	SCEL
90485	ZNF835
55844	PPP2R2D
26112	CCDC69
9015	TAF1A
3705	ITPK1
23411	SIRT1
4094	MAF
26589	MRPL46
337969	KRTAP19-2
55714	TENM3
10161	LPAR6
29088	MRPL15
1146	CHRNG
7358	UGDH
6539	SLC6A12
4817	NIT1
22839	DLGAP4
256586	LYSMD2
23363	OBSL1
254187	TSGA10IP
2254	FGF9
1734	DIO2
147719	LYPD4
3189	HNRNPH3
7265	TTC1
154467	CCDC167
51780	KDM3B
10622	POLR3G
6650	CAPN15
4337	MOCS1
51081	MRPS7
79829	NAA40
9139	CBFA2T2
10750	GRAP
27111	SDCBP2
6832	SUPV3L1
9702	CEP57
117283	IP6K3
9397	NMT2
3708	ITPR1
9238	TBRG4
54881	TEX10
56919	DHX33
65109	UPF3B
796	CALCA
5937	RBMS1
55233	MOB1A
1384	CRAT
3233	HOXD4
10016	PDCD6
80135	RPF1
5832	ALDH18A1
144699	FBXL14
23203	PMPCA
89953	KLC4
4060	LUM
5979	RET
11177	BAZ1A
6712	SPTBN2
1579	CYP4A11
9950	GOLGA5
91703	ACY3
26051	PPP1R16B
2139	EYA2
84456	L3MBTL3
3280	HES1
8970	H2BC11
6799	SULT1A2
8816	DCAF5
27330	RPS6KA6
10237	SLC35B1
79807	GSTCD
26999	CYFIP2
1068	CETN1
6301	SARS1
23228	PLCL2
2150	F2RL1
55957	LIN37
7515	XRCC1
23492	CBX7
2077	ERF
2915	GRM5
84619	ZGPAT
55095	SAMD4B
1371	CPOX
3985	LIMK2
51222	ZNF219
51690	LSM7
51645	PPIL1
2191	FAP
81285	OR51E2
23581	CASP14
5277	PIGA
1066	CES1
53842	CLDN22
64081	PBLD
10885	WDR3
83594	NUDT12
79648	MCPH1
10153	CEBPZ
79603	CERS4
51529	ANAPC11
3964	LGALS8
8567	MADD
117	ADCYAP1R1
65110	UPF3A
22915	MMRN1
9816	URB2
968	CD68
5939	RBMS2
412	STS
79778	MICALL2
899	CCNF
47	ACLY
10938	EHD1
64839	FBXL17
54665	RSBN1
222865	TMEM130
5148	PDE6G
1908	EDN3
9554	SEC22B
51650	MRPS33
25828	TXN2
9188	DDX21
7709	ZBTB17
8482	SEMA7A
4773	NFATC2
9647	PPM1F
5542	PRB1
57659	ZBTB4
4799	NFX1
55507	GPRC5D
55571	CNOT11
3755	KCNG1
10994	ILVBL
23534	TNPO3
3539	IGLC3
81551	STMN4
83892	KCTD10
8870	IER3
3658	IREB2
81607	NECTIN4
10352	WARS2
727	C5
158866	ZDHHC15
23658	LSM5
22926	ATF6
714	C1QC
4617	MYF5
10765	KDM5B
5078	PAX4
4081	MAB21L1
2800	GOLGA1
2299	FOXI1
2695	GIP
1084	CEACAM3
6171	RPL41
51535	PPHLN1
1103	CHAT
2070	EYA4
57089	ENTPD7
83667	SESN2
3954	LETM1
1519	CTSO
7779	SLC30A1
54933	RHBDL2
2281	FKBP1B
64422	ATG3
57617	VPS18
7290	HIRA
10642	IGF2BP1
26578	OSTF1
642623	UBTFL1
10802	SEC24A
51699	VPS29
22872	SEC31A
80789	INTS5
54622	ARL15
9377	COX5A
2952	GSTT1
3980	LIG3
3166	HMX1
9582	APOBEC3B
121457	IKBIP
163071	ZNF114
3177	SLC29A2
10005	ACOT8
5175	PECAM1
9213	XPR1
4535	MT-ND1
2744	GLS
80006	TRAPPC13
54499	TMCO1
30815	ST6GALNAC6
7253	TSHR
80726	IQCN
6818	SULT1A3
337879	KRTAP8-1
64429	ZDHHC6
11180	WDR6
1819	DRG2
1802	DPH2
8100	IFT88
7423	VEGFB
84557	MAP1LC3A
196051	PLPP4
27345	KCNMB4
3718	JAK3
57020	VPS35L
26575	RGS17
10979	FERMT2
1420	CRYGC
84460	ZMAT1
55054	ATG16L1
10312	TCIRG1
157378	TMEM65
3239	HOXD13
55269	PSPC1
9466	IL27RA
8089	YEATS4
115939	TSR3
23522	KAT6B
8570	KHSRP
1441	CSF3R
8369	H4C7
6903	TBCC
173	AFM
80256	FAM214B
27130	INVS
9961	MVP
3448	IFNA14
2893	GRIA4
10693	CCT6B
917	CD3G
55554	KLK15
55644	OSGEP
23274	CLEC16A
50861	STMN3
5805	PTS
64768	IPPK
2124	EVI2B
51013	EXOSC1
22906	TRAK1
10243	GPHN
80817	CEP44
23283	CSTF2T
51002	TPRKB
6783	SULT1E1
7405	UVRAG
58505	OSTC
57143	ADCK1
8396	PIP4K2B
5036	PA2G4
26156	RSL1D1
51647	CIAO2B
1464	CSPG4
9760	TOX
2280	FKBP1A
55341	LSG1
6615	SNAI1
55859	BEX1
340307	CTAGE6
54868	TMEM104
55278	QRSL1
55758	RCOR3
5338	PLD2
54680	ZNHIT6
7466	WFS1
23495	TNFRSF13B
7433	VIPR1
5481	PPID
7170	TPM3
9406	ZRANB2
435	ASL
1823	DSC1
950	SCARB2
10146	G3BP1
64506	CPEB1
1781	DYNC1I2
23493	HEY2
26511	CHIC2
10891	PPARGC1A
54962	TIPIN
84186	ZCCHC7
51019	WASHC3
80230	RUFY1
55083	KIF26B
10261	IGSF6
6428	SRSF3
2775	GNAO1
81888	HYI
7054	TH
735	C9
27351	DESI1
5223	PGAM1
1340	COX6B1
55924	INKA2
4507	MTAP
51659	GINS2
1652	DDT
353137	LCE1F
26287	ANKRD2
8470	SORBS2
7019	TFAM
203062	TSNARE1
7274	TTPA
420	ART4
51141	INSIG2
56413	LTB4R2
8516	ITGA8
11052	CPSF6
4012	LNPEP
2491	CENPI
91156	IGFN1
26007	TKFC
25953	PNKD
26235	FBXL4
136991	ASZ1
10300	KATNB1
79171	RBM42
55603	TENT5A
26036	ZNF451
22933	SIRT2
2315	MLANA
7110	TMF1
9882	TBC1D4
2523	FUT1
5552	SRGN
8732	RNGTT
3936	LCP1
5650	KLK7
1647	GADD45A
2762	GMDS
4008	LMO7
2892	GRIA3
8448	DOC2A
5313	PKLR
1397	CRIP2
55813	UTP6
83443	SF3B5
676	BRDT
2137	EXTL3
6604	SMARCD3
8427	ZNF282
2917	GRM7
8359	H4C1
4589	MUC7
5207	PFKFB1
9374	PPT2
130827	TMEM182
51397	COMMD10
8447	DOC2B
4501	MT1X
79587	CARS2
6778	STAT6
64745	METTL17
5420	PODXL
27068	PPA2
50813	COPS7A
23158	TBC1D9
2554	GABRA1
83990	BRIP1
2637	GBX2
337882	KRTAP19-1
7988	ZNF212
7694	ZNF135
29945	ANAPC4
4653	MYOC
57231	SNX14
10062	NR1H3
10003	NAALAD2
56134	PCDHAC2
7407	VARS1
7447	VSNL1
6953	TCP10L3
993	CDC25A
1396	CRIP1
6990	DYNLT3
9499	MYOT
56952	PRTFDC1
6882	TAF11
4891	SLC11A2
9772	TMEM94
9517	SPTLC2
41	ASIC1
9136	RRP9
124790	HEXIM2
5537	PPP6C
2920	CXCL2
284827	KRTAP13-4
2793	GNGT2
23091	ZC3H13
3257	HPS1
5471	PPAT
3910	LAMA4
4681	NBL1
25830	SULT4A1
3957	LGALS2
6748	SSR4
8443	GNPAT
2876	GPX1
81488	POLR2M
11054	OGFR
2981	GUCA2B
118738	ZNF488
2217	FCGRT
81631	MAP1LC3B
2820	GPD2
10	NAT2
5589	PRKCSH
1048	CEACAM5
1791	DNTT
54879	ST7L
3503	IGHG4
4147	MATN2
11015	KDELR3
25778	DSTYK
56061	UBFD1
64400	AKTIP
6007	RHD
55040	EPN3
51742	ARID4B
55771	PRR11
6619	SNAPC3
57599	WDR48
633	BGN
4319	MMP10
81543	LRRC3
51257	MARCHF2
2123	EVI2A
3996	LLGL1
9853	RUSC2
64377	CHST8
23244	PDS5A
7564	ZNF16
8837	CFLAR
6206	RPS12
3624	INHBA
9401	RECQL4
91694	LONRF1
27352	SGSM3
3782	KCNN3
7518	XRCC4
10102	TSFM
2662	GDF10
4710	NDUFB4
9274	BCL7C
2780	GNAT2
55188	RIC8B
11070	TMEM115
9709	HERPUD1
55034	MOCOS
4293	MAP3K9
3953	LEPR
3449	IFNA16
390	RND3
164127	CCDC185
7347	UCHL3
411	ARSB
1889	ECE1
22797	TFEC
337974	KRTAP19-7
50848	F11R
54212	SNTG1
23683	PRKD3
58986	PGAP6
6559	SLC12A3
126003	TRAPPC5
3679	ITGA7
5361	PLXNA1
51116	MRPS2
962	CD48
84975	MFSD5
10409	BASP1
8302	KLRC4
8986	RPS6KA4
79843	FAM124B
9605	VPS9D1
3440	IFNA2
277	AMY1B
79747	ADGB
25936	NSL1
25915	NDUFAF3
12	SERPINA3
56993	TOMM22
2203	FBP1
23378	RRP8
56891	LGALS14
241	ALOX5AP
10297	APC2
5802	PTPRS
11035	RIPK3
5621	PRNP
10782	ZNF274
147700	KLC3
84572	GNPTG
644	BLVRA
8880	FUBP1
374403	TBC1D10C
10382	TUBB4A
9658	ZNF516
79753	SNIP1
130540	FLACC1
5349	FXYD3
398	ARHGDIG
84066	TEX35
388512	CLEC17A
140690	CTCFL
9728	SECISBP2L
6004	RGS16
84883	AIFM2
1528	CYB5A
55017	C14orf119
4999	ORC2
8086	AAAS
2563	GABRD
2030	SLC29A1
3364	HUS1
11200	CHEK2
3142	HLX
30000	TNPO2
4781	NFIB
56850	GRIPAP1
23511	NUP188
3211	HOXB1
2672	GFI1
139105	BEND2
26054	SENP6
7153	TOP2A
2811	GP1BA
1307	COL16A1
23608	MKRN1
9439	MED23
121506	ERP27
51010	EXOSC3
1363	CPE
9321	TRIP11
26291	FGF21
3977	LIFR
8996	NOL3
23063	WAPL
5867	RAB4A
4599	MX1
7857	SCG2
11034	DSTN
64748	PLPPR2
55132	LARP1B
54923	LIME1
8743	TNFSF10
6474	SHOX2
5211	PFKL
56344	CABP5
55299	BRIX1
79576	NKAP
1040	CDS1
91750	LIN52
81689	ISCA1
26995	TRUB2
6555	SLC10A2
5459	POU4F3
1376	CPT2
2118	ETV4
54973	INTS11
80351	TNKS2
23119	HIC2
199990	FAAP20
286753	TRARG1
55227	LRRC1
1271	CNTFR
2865	FFAR3
7486	WRN
6662	SOX9
29959	NRBP1
8527	DGKD
1798	DPAGT1
79811	SLTM
779	CACNA1S
9667	SAFB2
10419	PRMT5
23503	ZFYVE26
25836	NIPBL
4783	NFIL3
10294	DNAJA2
8195	MKKS
715	C1R
23352	UBR4
7498	XDH
26953	RANBP6
50604	IL20
725	C4BPB
27341	RRP7A
83464	APH1B
2641	GCG
8270	LAGE3
55238	SLC38A7
8934	RAB29
56006	SMG9
4162	MCAM
27131	SNX5
3600	IL15
8360	H4C4
54876	DCAF16
10607	TBL3
147808	ZNF784
116211	TM4SF19
3821	KLRC1
27000	DNAJC2
35	ACADS
1462	VCAN
1959	EGR2
353135	LCE1E
3559	IL2RA
55243	KIRREL1
23130	ATG2A
84515	MCM8
285093	RTP5
23160	WDR43
84270	CARD19
9118	INA
9019	MPZL1
79039	DDX54
10552	ARPC1A
84131	CEP78
9648	GCC2
1160	CKMT2
2710	GK
5256	PHKA2
26297	SERGEF
7980	TFPI2
9353	SLIT2
55329	MNS1
84316	NAA38
79937	CNTNAP3
7993	UBXN8
79056	PRRG4
3123	HLA-DRB1
4358	MPV17
54438	GFOD1
220929	ZNF438
2963	GTF2F2
10577	NPC2
7296	TXNRD1
2618	GART
57506	MAVS
10687	PNMA2
85379	KIAA1671
55954	ZMAT5
4014	LORICRIN
15	AANAT
1	A1BG
3092	HIP1
5033	P4HA1
9175	MAP3K13
63917	GALNT11
10313	RTN3
54928	BPNT2
26001	RNF167
5241	PGR
594	BCKDHB
10555	AGPAT2
140576	S100A16
26260	FBXO25
2626	GATA4
7043	TGFB3
966	CD59
9875	URB1
9459	ARHGEF6
2802	GOLGA3
10623	POLR3C
118429	ANTXR2
133686	NADK2
8403	SOX14
221154	MICU2
9167	COX7A2L
83659	TEKT1
488	ATP2A2
2645	GCK
23168	RTF1
2745	GLRX
55425	GPALPP1
3631	INPP4A
80310	PDGFD
2909	ARHGAP35
51028	VPS36
6742	SSBP1
11104	KATNA1
1719	DHFR
117178	SSX2IP
2833	CXCR3
276	AMY1A
337959	KRTAP13-2
2953	GSTT2
22943	DKK1
64101	LRRC4
8497	PPFIA4
23708	GSPT2
7464	CORO2A
8092	ALX1
112950	MED8
3802	KIR2DL1
5525	PPP2R5A
23312	DMXL2
1758	DMP1
6518	SLC2A5
126069	ZNF491
8772	FADD
51086	TNNI3K
4647	MYO7A
7327	UBE2G2
9696	CROCC
51435	SCARA3
7571	ZNF23
113174	SAAL1
1906	EDN1
3235	HOXD9
5333	PLCD1
2520	GAST
933	CD22
5000	ORC4
1101	CHAD
26259	FBXW8
10605	PAIP1
84333	PCGF5
27236	ARFIP1
6197	RPS6KA3
64222	TOR3A
23389	MED13L
9183	ZW10
51001	MTERF3
775	CACNA1C
337970	KRTAP19-3
7126	TNFAIP1
5801	PTPRR
90874	ZNF697
400	ARL1
2157	F8
7768	ZNF225
11016	ATF7
5293	PIK3CD
79005	SCNM1
153	ADRB1
9489	PGS1
57563	KLHL8
317781	DDX51
56963	RGMA
8706	B3GALNT1
127703	C1orf216
51337	THEM6
27289	RND1
116179	TGM7
3753	KCNE1
7703	PCGF2
10672	GNA13
3074	HEXB
53832	IL20RA
58516	SINHCAF
10256	CNKSR1
23098	SARM1
254428	SLC41A1
8225	GTPBP6
51107	APH1A
25789	TMEM59L
55454	CSGALNACT2
9653	HS2ST1
3417	IDH1
23583	SMUG1
6285	S100B
65265	C8orf33
9886	RHOBTB1
11133	KPTN
197258	FCSK
25897	RNF19A
25989	ULK3
1418	CRYGA
5304	PIP
158800	RHOXF1
8664	EIF3D
145946	SPATA8
10085	EDIL3
10368	CACNG3
26747	NUFIP1
9631	NUP155
81492	RSPH6A
56259	CTNNBL1
7781	SLC30A3
9860	LRIG2
64146	PDF
4675	NAP1L3
93323	HAUS8
8153	RND2
136853	SSC4D
7352	UCP3
4938	OAS1
79791	FBXO31
57508	INTS2
22861	NLRP1
91319	DERL3
4134	MAP4
8775	NAPA
51504	TRMT112
54884	RETSAT
6655	SOS2
55125	CEP192
129303	TMEM150A
440021	KRTAP5-2
53841	CDHR5
388407	LINC02875
2532	ACKR1
22979	EFR3B
53346	TM6SF1
29121	CLEC2D
23515	MORC3
2058	EPRS1
4101	MAGEA2
665	BNIP3L
60314	MYG1
441631	TSPAN11
79368	FCRL2
130	ADH6
5581	PRKCE
9824	ARHGAP11A
83593	RASSF5
55723	ASF1B
79594	MUL1
64928	MRPL14
9589	WTAP
3508	IGHMBP2
3050	HBZ
9103	FCGR2C
1280	COL2A1
1508	CTSB
7268	TTC4
4868	NPHS1
669	BPGM
57226	LYRM2
54477	PLEKHA5
9314	KLF4
4125	MAN2B1
29110	TBK1
7351	UCP2
8808	IL1RL2
4209	MEF2D
134526	ACOT12
10939	AFG3L2
79133	NDUFAF5
56896	DPYSL5
6097	RORC
84518	CNFN
322	APBB1
112609	MRAP2
9013	TAF1C
3908	LAMA2
51043	ZBTB7B
10427	SEC24B
2584	GALK1
5049	PAFAH1B2
2862	MLNR
685	BTC
29841	GRHL1
284312	ZSCAN1
283	ANG
9050	PSTPIP2
60484	HAPLN2
54801	HAUS6
23746	AIPL1
167826	OLIG3
116238	TLCD1
83955	NACA4P
57171	DOLPP1
65125	WNK1
124935	SLC43A2
3683	ITGAL
2109	ETFB
6664	SOX11
10203	CALCRL
8975	USP13
3741	KCNA5
26271	FBXO5
5827	PXMP2
3222	HOXC5
3675	ITGA3
27314	RAB30
283208	P4HA3
94039	ZNF101
4215	MAP3K3
51594	NBAS
57336	ZNF287
7385	UQCRC2
120	ADD3
79892	MCMBP
28973	MRPS18B
9388	LIPG
915	CD3D
79672	FN3KRP
3500	IGHG1
5528	PPP2R5D
5498	PPOX
8340	H2BC13
6000	RGS7
51322	WAC
55699	IARS2
80169	CTC1
4907	NT5E
5813	PURA
6222	RPS18
6354	CCL7
79866	BORA
23585	TMEM50A
55750	AGK
5973	RENBP
4514	MT-CO3
113	ADCY7
10331	B3GNT3
51072	MEMO1
3228	HOXC12
9360	PPIG
84336	TMEM101
90379	DCAF15
259236	TMIE
6199	RPS6KB2
670	BPHL
5995	RGR
10206	TRIM13
64324	NSD1
706	TSPO
26133	TRPC4AP
403	ARL3
196403	DTX3
394	ARHGAP5
333	APLP1
55553	SOX6
5625	PRODH
51702	PADI3
79165	LENG1
7181	NR2C1
8884	SLC5A6
6364	CCL20
286451	YIPF6
51368	TEX264
112770	GLMP
150274	HSCB
55806	HR
10584	COLEC10
78995	HROB
143241	DYDC1
23014	FBXO21
140462	ASB9
7675	ZNF121
7702	ZNF143
120224	TMEM45B
57476	GRAMD1B
3581	IL9R
29915	HCFC2
55254	TMEM39A
909	CD1A
63916	ELMO2
23317	DNAJC13
9351	SLC9A3R2
83447	SLC25A31
26231	LRRC29
1318	SLC31A2
51475	CABP2
683	BST1
10063	COX17
26151	NAT9
2798	GNRHR
5822	PWP2
26130	GAPVD1
2145	EZH1
114823	LENG8
119180	LYZL2
1124	CHN2
23032	USP33
30827	CXXC1
55154	MSTO1
6231	RPS26
23141	ANKLE2
22868	FASTKD2
8747	ADAM21
57697	FANCM
337972	KRTAP19-5
23071	ERP44
419	ART3
84146	ZNF644
51318	MRPL35
1237	CCR8
4508	MT-ATP6
10849	POLR1G
8480	RAE1
11234	HPS5
753	LDLRAD4
89941	RHOT2
93144	RPS10P5
79718	TBL1XR1
5982	RFC2
26018	LRIG1
26127	FGFR1OP2
2395	FXN
1364	CLDN4
9270	ITGB1BP1
55108	BSDC1
150084	IGSF5
1382	CRABP2
23286	WWC1
60684	TRAPPC11
269	AMHR2
58512	DLGAP3
8409	UXT
5077	PAX3
2539	G6PD
64776	C11orf1
55253	TYW1
84287	ZDHHC16
9326	ZNHIT3
6338	SCNN1B
81790	RNF170
79143	MBOAT7
10466	COG5
2559	GABRA6
57539	WDR35
9738	CCP110
55367	PIDD1
3781	KCNN2
11218	DDX20
10845	CLPX
53335	BCL11A
10857	PGRMC1
55967	NDUFA12
80332	ADAM33
28974	C19orf53
83896	KRTAP3-1
284323	ZNF780A
6764	DENND2B
25796	PGLS
51179	HAO2
85456	TNKS1BP1
1825	DSC3
29999	FSCN3
8825	LIN7A
57192	MCOLN1
93627	TBCK
3240	HP
64682	ANAPC1
23556	PIGN
54830	NUP62CL
51550	CINP
121599	SPIC
10209	EIF1
64431	ACTR6
3084	NRG1
140258	KRTAP13-1
22914	KLRK1
337	APOA4
6768	ST14
60488	MRPS35
9735	KNTC1
4537	MT-ND3
10814	CPLX2
9465	AKAP7
79735	TBC1D17
84191	CIAO2A
5264	PHYH
27250	PDCD4
1615	DARS1
307	ANXA4
3459	IFNGR1
3231	HOXD1
758	MPPED1
4714	NDUFB8
1439	CSF2RB
23240	TMEM131L
9994	CASP8AP2
2765	GML
9670	IPO13
720	C4A
5754	PTK7
56893	UBQLN4
25854	FAM149A
56683	CFAP298
51750	RTEL1
27333	GOLIM4
23357	ANGEL1
7326	UBE2G1
689	BTF3
2079	ERH
51265	CDKL3
7516	XRCC2
8635	RNASET2
9350	CER1
3817	KLK2
220047	CCDC83
23195	MDN1
51293	CD320
27095	TRAPPC3
5495	PPM1B
9588	PRDX6
51639	SF3B6
6624	FSCN1
10280	SIGMAR1
10762	NUP50
54407	SLC38A2
65009	NDRG4
4232	MEST
83897	KRTAP3-2
8871	SYNJ2
284467	TAFA3
4238	MFAP3
10205	MPZL2
60678	EEFSEC
2947	GSTM3
2152	F3
10651	MTX2
8853	ASAP2
79159	NOL12
7587	ZNF37A
6941	TCF19
9140	ATG12
8293	SERF1A
29954	POMT2
55803	ADAP2
3767	KCNJ11
5336	PLCG2
59341	TRPV4
60490	PPCDC
4253	MIA2
51561	IL23A
7707	ZNF148
26160	IFT172
26354	GNL3
84142	ABRAXAS1
4249	MGAT5
1992	SERPINB1
1746	DLX2
55324	ABCF3
9527	GOSR1
8935	SKAP2
84311	MRPL45
22794	CASC3
49856	WRAP73
51426	POLK
9563	H6PD
9969	MED13
57592	ZNF687
23729	SHPK
90353	CTU1
113146	AHNAK2
54532	USP53
3336	HSPE1
51692	CPSF3
65992	DDRGK1
6590	SLPI
145264	SERPINA12
9143	SYNGR3
79896	THNSL1
5793	PTPRG
4314	MMP3
148137	PROSER3
11182	SLC2A6
64174	DPEP2
6340	SCNN1G
10137	RBM12
4499	MT1M
57698	SHTN1
29765	TMOD4
22977	AKR7A3
83446	CCDC70
84955	NUDCD1
2558	GABRA5
29800	ZDHHC1
55167	MSL2
477	ATP1A2
7761	ZNF214
8872	CDC123
7167	TPI1
160728	SLC5A8
132141	IQCF1
79042	TSEN34
8906	AP1G2
7389	UROD
132204	SYNPR
9026	HIP1R
201255	LRRC45
9811	CTIF
50488	MINK1
55825	PECR
64184	EDDM3B
1795	DOCK3
23219	FBXO28
8140	SLC7A5
22900	CARD8
51571	CYRIB
6357	CCL13
4724	NDUFS4
4548	MTR
101	ADAM8
10592	SMC2
5291	PIK3CB
127254	ERICH3
114991	ZNF618
22901	ARSG
54813	KLHL28
27349	MCAT
2268	FGR
26232	FBXO2
10673	TNFSF13B
7690	ZNF131
54993	ZSCAN2
3454	IFNAR1
54887	UHRF1BP1
85406	DNAJC14
4832	NME3
55715	DOK4
51608	GET4
210	ALAD
10558	SPTLC1
2832	NPBWR2
29068	ZBTB44
26090	ABHD12
51024	FIS1
6905	TBCE
9363	RAB33A
5826	ABCD4
3507	IGHM
4779	NFE2L1
26504	CNNM4
9780	PIEZO1
25917	THUMPD3
4807	NHLH1
80097	MZT2B
84861	KLHL22
239	ALOX12
84232	MAF1
51286	CEND1
94097	SFXN5
2296	FOXC1
54471	MIEF1
3242	HPD
10717	AP4B1
10440	TIMM17A
51016	EMC9
6927	HNF1A
10395	DLC1
84450	ZNF512
8778	SIGLEC5
2977	GUCY1A2
83451	ABHD11
242	ALOX12B
11345	GABARAPL2
64327	LMBR1
6822	SULT2A1
7767	ZNF224
50489	CD207
6059	ABCE1
116236	ABHD15
7869	SEMA3B
55421	NCBP3
56996	SLC12A9
9312	KCNB2
8927	BSN
10636	RGS14
53820	RIPPLY3
26056	RAB11FIP5
6940	ZNF354A
23112	TNRC6B
51522	TMEM14C
6528	SLC5A5
23580	CDC42EP4
291	SLC25A4
5309	PITX3
102	ADAM10
23288	IQCE
196374	KRT78
80013	MINDY3
51479	ANKFY1
29965	CDIP1
10886	NPFFR2
8820	HESX1
3071	NCKAP1L
5534	PPP3R1
51021	MRPS16
55112	DYNC2I1
81570	CLPB
3898	LAD1
125058	TBC1D16
9536	PTGES
57498	KIDINS220
132660	LIN54
80778	ZNF34
23145	SSPOP
57715	SEMA4G
51282	SCAND1
80019	UBTD1
84905	ZNF341
1266	CNN3
6843	VAMP1
10329	RXYLT1
3758	KCNJ1
11092	SPACA9
7799	PRDM2
23307	FKBP15
10738	RFPL3
23760	PITPNB
9836	LCMT2
8819	SAP30
2035	EPB41
84547	PGBD1
9611	NCOR1
7096	TLR1
5783	PTPN13
79003	MIS12
54882	ANKHD1
129881	CCDC173
85446	ZFHX2
5281	PIGF
7695	ZNF136
27023	FOXB1
29126	CD274
64756	ATPAF1
147007	TMEM199
84300	UQCC2
1119	CHKA
55379	LRRC59
8612	PLPP2
58511	DNASE2B
55217	TMLHE
5730	PTGDS
54902	TTC19
1737	DLAT
10343	PKDREJ
23593	HEBP2
85363	TRIM5
51409	HEMK1
3049	HBQ1
57805	CCAR2
55968	NSFL1C
55366	LGR4
56916	SMARCAD1
9221	NOLC1
139596	UPRT
27241	BBS9
4435	CITED1
57146	LDAF1
8331	H2AC14
168544	ZNF467
1535	CYBA
23176	SEPTIN8
10022	INSL5
51327	AHSP
54623	PAF1
57224	NHSL1
6576	SLC25A1
23042	PDXDC1
150248	C22orf15
4842	NOS1
2894	GRID1
90423	ATP6V1E2
84667	HES7
11001	SLC27A2
114790	STK11IP
55971	BAIAP2L1
79786	KLHL36
290	ANPEP
11118	BTN3A2
245973	ATP6V1C2
1264	CNN1
83853	ROPN1L
1678	TIMM8A
6320	CLEC11A
80173	IFT74
8314	BAP1
6616	SNAP25
90701	SEC11C
4143	MAT1A
125919	ZNF543
5228	PGF
55609	ZNF280C
5081	PAX7
84643	KIF2B
55656	INTS8
147409	DSG4
80069	LINC00574
22934	RPIA
6854	SYN2
84319	CMSS1
8987	STBD1
29893	PSMC3IP
5641	LGMN
55092	TMEM51
127540	HMGB4
55796	MBNL3
56341	PRMT8
83550	GPR101
55602	CDKN2AIP
26190	FBXW2
154386	LINC01600
84984	CEP19
55012	PPP2R3C
22847	ZNF507
79887	PLBD1
84231	TRAF7
55746	NUP133
4157	MC1R
55611	OTUB1
2132	EXT2
79608	RIC3
4332	MNDA
10491	CRTAP
9344	TAOK2
6374	CXCL5
6813	STXBP2
64859	NABP1
4312	MMP1
79739	TTLL7
56675	NRIP3
4976	OPA1
10325	RRAGB
5980	REV3L
4082	MARCKS
2535	FZD2
65080	MRPL44
55909	BIN3
25777	SUN2
9123	SLC16A3
58478	ENOPH1
3827	KNG1
90316	TGIF2LX
55003	PAK1IP1
7770	ZNF227
2660	MSTN
79694	MANEA
57472	CNOT6
58506	SCAF1
1559	CYP2C9
257169	C9orf43
124245	ZC3H18
8715	NOL4
170626	XAGE3
3475	IFRD1
6239	RREB1
9077	DIRAS3
54676	GTPBP2
11316	COPE
2739	GLO1
151507	MSL3P1
10521	DDX17
11235	PDCD10
11314	CD300A
5603	MAPK13
1861	TOR1A
5546	PRCC
3434	IFIT1
4689	NCF4
5010	CLDN11
8034	SLC25A16
6611	SMS
79607	FAM118B
5606	MAP2K3
23649	POLA2
5047	PAEP
2352	FOLR3
5455	POU3F3
9166	EBAG9
2642	GCGR
3490	IGFBP7
11011	TLK2
115290	FBXO17
57466	SCAF4
79659	DYNC2H1
4775	NFATC3
22983	MAST1
125875	CLDND2
26093	CCDC9
353133	LCE1C
343068	PRAMEF5
716	C1S
23157	SEPTIN6
84532	ACSS1
10905	MAN1A2
4144	MAT2A
23367	LARP1
84294	UTP23
10742	RAI2
27128	CYTH4
2151	F2RL2
10657	KHDRBS1
80746	TSEN2
4855	NOTCH4
23276	KLHL18
96626	LIMS3
554	AVPR2
4038	LRP4
51678	PALS2
80178	TEDC2
79441	HAUS3
4712	NDUFB6
50485	SMARCAL1
8334	H2AC6
11194	ABCB8
54413	NLGN3
4908	NTF3
7855	FZD5
80011	PSME3IP1
51042	ZNF593
7201	TRHR
6723	SRM
9073	CLDN8
5968	REG1B
4160	MC4R
5023	P2RX1
831	CAST
60468	BACH2
10943	MSL3
55022	PID1
55268	ECHDC2
5091	PC
9741	LAPTM4A
5442	POLRMT
1325	CORT
6173	RPL36A
25818	KLK5
5890	RAD51B
1473	CST5
10614	HEXIM1
51534	VTA1
1038	CDR1
56886	UGGT1
9581	PREPL
29071	C1GALT1C1
10621	POLR3F
58480	RHOU
8838	CCN6
51728	POLR3K
23464	GCAT
4340	MOG
29995	LMCD1
1291	COL6A1
7472	WNT2
90441	ZNF622
347735	SERINC2
2805	GOT1
123	PLIN2
79037	PVRIG
65975	STK33
55152	DALRD3
8226	PUDP
4745	NELL1
23162	MAPK8IP3
83666	PARP9
1102	RCBTB2
11160	ERLIN2
84167	C19orf44
8861	LDB1
10983	CCNI
79169	C1orf35
6273	S100A2
140688	NOL4L
8372	HYAL3
3692	EIF6
3445	IFNA8
7763	ZFAND5
3439	IFNA1
81542	TMX1
1409	CRYAA
54931	TRMT10C
8365	H4C8
56938	ARNTL2
84662	GLIS2
10730	YME1L1
23589	CARHSP1
28957	MRPS28
2760	GM2A
9906	SLC35E2A
254359	ZDHHC24
3127	HLA-DRB5
1514	CTSL
29903	CCDC106
79025	FNDC11
2907	GRINA
353145	LCE3E
140901	STK35
23324	MAN2B2
949	SCARB1
1001	CDH3
4097	MAFG
27132	CPNE7
79870	BAALC
283768	GOLGA8G
8204	NRIP1
79738	BBS10
131920	TMEM207
43	ACHE
83752	LONP2
1438	CSF2RA
337973	KRTAP19-6
10678	B3GNT2
54852	PAQR5
79577	CDC73
9677	PPIP5K1
92170	MTG1
7621	ZNF70
59286	UBL5
56110	PCDHGA5
23438	HARS2
25801	GCA
8029	CUBN
79465	ULBP3
5306	PITPNA
84823	LMNB2
541466	CT45A1
56129	PCDHB7
79971	WLS
9322	TRIP10
23322	RPGRIP1L
10881	ACTL7A
6846	XCL2
25998	IBTK
10147	SUGP2
31	ACACA
729233	PRR20B
6757	SSX2
6324	SCN1B
4321	MMP12
23040	MYT1L
7102	TSPAN7
55761	TTC17
51605	TRMT6
80143	SIKE1
344022	NOTO
2326	FMO1
5321	PLA2G4A
23287	AGTPBP1
10723	SLC12A7
4045	LSAMP
8402	SLC25A11
6525	SMTN
10483	SEC23B
222487	ADGRG3
23528	ZNF281
5788	PTPRC
57135	DAZ4
10172	ZNF256
9552	SPAG7
80381	CD276
9096	TBX18
6574	SLC20A1
22978	NT5C2
5950	RBP4
56164	STK31
22936	ELL2
55072	RNF31
55686	MREG
3344	FOXN2
94056	SYAP1
54799	MBTD1
57673	BEND3
65010	SLC26A6
90624	LYRM7
10044	SH2D3C
6376	CX3CL1
54891	INO80D
9108	MTMR7
51194	IPO11
64786	TBC1D15
51506	UFC1
51025	PAM16
9343	EFTUD2
3293	HSD17B3
80183	RUBCNL
5504	PPP1R2
200205	IBA57
8786	RGS11
8395	PIP5K1B
5926	ARID4A
2021	ENDOG
5719	PSMD13
23597	ACOT9
51654	CDK5RAP1
1308	COL17A1
150082	LCA5L
55262	TRAPPC14
10871	CD300C
579	NKX3-2
5142	PDE4B
54756	IL17RD
3206	HOXA10
79633	FAT4
9537	TP53I11
79616	CCNJL
1137	CHRNA4
55127	HEATR1
60385	TSKS
27152	INTU
955	ENTPD6
93624	TADA2B
55304	SPTLC3
51389	RWDD1
3788	KCNS2
6649	SOD3
93611	FBXO44
401508	FAM74A4
6299	SALL1
79871	RPAP2
22874	PLEKHA6
140545	RNF32
49860	CRNN
6382	SDC1
9451	EIF2AK3
9956	HS3ST2
16	AARS1
8623	ASMTL
51362	CDC40
84688	C9orf24
9355	LHX2
22832	CEP162
3670	ISL1
1431	CS
10827	FAM114A2
3155	HMGCL
11069	RAPGEF4
6391	SDHC
1824	DSC2
54941	RNF125
91875	TTC5
6689	SPIB
57482	CRACD
55704	CCDC88A
57182	ANKRD50
151963	MB21D2
23268	DNMBP
3232	HOXD3
2632	GBE1
79137	RETREG2
64598	MOSPD3
56648	EIF5A2
4660	PPP1R12B
10083	USH1C
5554	PRH1
9560	CCL4L2
8925	HERC1
11142	PKIG
116115	ZNF526
55770	EXOC2
4281	MID1
92609	TIMM50
4129	MAOB
23434	LINC01565
54843	SYTL2
5763	PTMS
7006	TEC
84641	MFSD14B
2569	GABRR1
57406	ABHD6
200081	TXLNA
55342	STRBP
51513	ETV7
64420	SUSD1
23530	NNT
3294	HSD17B2
51326	ARL17A
9785	DHX38
1300	COL10A1
4957	ODF2
6492	SIM1
4634	MYL3
1571	CYP2E1
9553	MRPL33
318	NUDT2
56521	DNAJC12
1143	CHRNB4
6954	TCP11
51691	LSM8
26205	GMEB2
344892	RTP2
203076	C8orf74
133	ADM
475	ATOX1
9380	GRHPR
6674	SPAG1
55364	IMPACT
55332	DRAM1
23277	CLUH
3171	FOXA3
4900	NRGN
60481	ELOVL5
283375	SLC39A5
10923	SUB1
153241	CEP120
1982	EIF4G2
83740	H2AB3
7075	TIE1
84340	GFM2
64333	ARHGAP9
55061	SUSD4
9755	TBKBP1
553	AVPR1B
9960	USP3
7586	ZKSCAN1
80223	RAB11FIP1
7456	WIPF1
53833	IL20RB
39	ACAT2
90231	KIAA2013
9744	ACAP1
9794	MAML1
55508	SLC35E3
55850	USE1
10945	KDELR1
28958	COA3
2153	F5
10713	USP39
3037	HAS2
80149	ZC3H12A
51449	PCYOX1
3592	IL12A
9074	CLDN6
2302	FOXJ1
54067	C21orf62-AS1
167691	LCA5
10518	CIB2
6096	RORB
272	AMPD3
51330	TNFRSF12A
10966	RAB40B
79792	GSDMD
1606	DGKA
51200	CPA4
55195	CCDC198
254827	NAALADL2
93233	ODAD1
3119	HLA-DQB1
387264	KRTAP5-1
57118	CAMK1D
6242	RTKN
131377	KLHL40
29100	TMEM208
3931	LCAT
51715	RAB23
3227	HOXC11
55504	TNFRSF19
84058	WDR54
57016	AKR1B10
89885	FATE1
64897	C12orf43
245934	DEFB121
3851	KRT4
694	BTG1
6405	SEMA3F
23215	PRRC2C
51606	ATP6V1H
83642	SELENOO
93100	NAPRT
8499	PPFIA2
92715	DPH7
171482	FAM9A
5143	PDE4C
338322	NLRP10
487	ATP2A1
22931	RAB18
64098	PARVG
401541	CENPP
10314	LANCL1
340156	MYLK4
8893	EIF2B5
55657	ZNF692
3709	ITPR2
762	CA4
29083	GTPBP8
283870	BRICD5
9862	MED24
1141	CHRNB2
6770	STAR
9710	GARRE1
54926	UBE2R2
4320	MMP11
8793	TNFRSF10D
9779	TBC1D5
1657	DMXL1
283948	NHLRC4
8459	TPST2
6860	SYT4
112574	SNX18
84306	PDCD2L
84991	RBM17
55094	GPATCH1
54851	ANKRD49
9540	TP53I3
146310	RNF151
3578	IL9
190	NR0B1
10052	GJC1
8436	CAVIN2
93343	MVB12A
6016	RIT1
10170	DHRS9
4674	NAP1L2
1821	DRP2
120071	LARGE2
2110	ETFDH
9912	ARHGAP44
2702	GJA5
7458	EIF4H
5861	RAB1A
57691	KIAA1586
23178	PASK
8555	CDC14B
23348	DOCK9
3269	HRH1
1582	CYP8B1
266812	NAP1L5
824	CAPN2
51367	POP5
2579	GAGE7
84255	SLC37A3
64744	SMAP2
4256	MGP
11040	PIM2
56254	RNF20
11099	PTPN21
89891	DYNC2I2
84502	JPH4
25938	HEATR5A
7567	ZNF19
54963	UCKL1
9871	SEC24D
7249	TSC2
388960	C2orf78
5834	PYGB
10944	C11orf58
7080	NKX2-1
23523	CABIN1
1303	COL12A1
123606	NIPA1
23216	TBC1D1
7494	XBP1
59277	NTN4
11244	ZHX1
10675	CSPG5
6513	SLC2A1
55178	MRM3
23002	DAAM1
26022	TMEM98
1573	CYP2J2
10794	ZNF460
3562	IL3
11193	WBP4
7071	KLF10
81544	GDPD5
5213	PFKM
2813	GP2
4953	ODC1
27183	VPS4A
10141	LINC01587
79101	TAF1D
79770	TXNDC15
84612	PARD6B
11021	RAB35
55314	TMEM144
25978	CHMP2B
51496	CTDSPL2
79180	EFHD2
9181	ARHGEF2
79671	NLRX1
1510	CTSE
25861	WHRN
26266	SLC13A4
134187	POU5F2
1622	DBI
6356	CCL11
4864	NPC1
9518	GDF15
26173	INTS1
59343	SENP2
1411	CRYBA1
284001	CCDC57
165918	RNF168
51765	STK26
23588	KLHDC2
3680	ITGA9
10497	UNC13B
81932	HDHD3
10019	SH2B3
9519	TBPL1
11282	MGAT4B
9362	CPNE6
3115	HLA-DPB1
56098	PCDHGC4
6491	STIL
5031	P2RY6
89797	NAV2
1009	CDH11
11047	ADRM1
84668	FAM126A
126375	ZNF792
5054	SERPINE1
23225	NUP210
26045	LRRTM2
30836	DNTTIP2
63904	DUSP21
81794	ADAMTS10
353332	KRTAP12-1
2987	GUK1
64326	COP1
10212	DDX39A
128602	C20orf85
54836	BSPRY
127933	UHMK1
7450	VWF
23271	CAMSAP2
55975	KLHL7
25797	QPCT
8647	ABCB11
8446	DUSP11
54921	CHTF8
57018	CCNL1
9907	AP5Z1
8705	B3GALT4
2902	GRIN1
3384	ICAM2
84168	ANTXR1
51807	TUBA8
83931	STK40
79057	PRRG3
24145	PANX1
79841	AGBL2
51719	CAB39
2224	FDPS
11062	DUS4L
200894	ARL13B
9455	HOMER2
5618	PRLR
26519	TIMM10
7224	TRPC5
79813	EHMT1
4780	NFE2L2
9657	IQCB1
79641	ROGDI
5426	POLE
7552	ZNF711
783	CACNB2
8506	CNTNAP1
79983	POF1B
2627	GATA6
80111	C3orf36
4784	NFIX
4828	NMB
66036	MTMR9
5538	PPT1
9720	CCDC144A
1983	EIF5
26086	GPSM1
5803	PTPRZ1
79673	ZNF329
11164	NUDT5
28982	FLVCR1
57649	PHF12
6906	SERPINA7
30835	CD209
33	ACADL
147183	KRT25
80028	FBXL18
200261	LINC00656
114882	OSBPL8
400830	DEFB132
55860	ACTR10
55561	CDC42BPG
10190	TXNDC9
3849	KRT2
80144	FRAS1
84792	FAM220A
51095	TRNT1
3497	IGHE
490	ATP2B1
64223	MLST8
8859	STK19
55894	DEFB103B
27232	GNMT
414236	C10orf55
9832	JAKMIP2
23229	ARHGEF9
79053	ALG8
64137	ABCG4
56647	BCCIP
731	C8A
1512	CTSH
9448	MAP4K4
56929	FEM1C
23251	MINAR1
121665	SPPL3
27124	INPP5J
4277	MICB
10396	ATP8A1
6484	ST3GAL4
6367	CCL22
3625	INHBB
8774	NAPG
4604	MYBPC1
26030	PLEKHG3
167838	TXLNB
7481	WNT11
122704	MRPL52
54431	DNAJC10
25941	TPGS2
57486	NLN
7851	MALL
7016	TESK1
57179	KIAA1191
8692	HYAL2
362	AQP5
2056	EPO
3975	LHX1
7047	TGM4
23074	UHRF1BP1L
27327	TNRC6A
636	BICD1
253461	ZBTB38
80232	WDR26
23046	KIF21B
285613	RELL2
2733	GLE1
158506	CBLL2
4237	MFAP2
25895	EEF1AKMT3
27032	ATP2C1
1285	COL4A3
64288	ZSCAN31
5406	PNLIP
29928	TIMM22
85440	DOCK7
51186	TCEAL9
5608	MAP2K6
10486	CAP2
2638	GC
55159	RFWD3
6387	CXCL12
2251	FGF6
873	CBR1
25988	HINFP
133923	ZNF474
5721	PSME2
55540	IL17RB
84260	TCHP
80184	CEP290
10473	HMGN4
353324	SPATA12
2255	FGF10
154865	IQUB
57669	EPB41L5
23250	ATP11A
28972	SPCS1
5341	PLEK
338761	C1QL4
64499	TPSB2
6621	SNAPC4
57093	TRIM49
55349	CHDH
5154	PDGFA
60401	EDA2R
50937	CDON
2581	GALC
84365	NIFK
26532	OR10H3
10428	CFDP1
22984	PDCD11
5157	PDGFRL
10580	SORBS1
7786	MAP3K12
140707	BRI3BP
27163	NAAA
286380	FOXD4L3
23382	AHCYL2
54822	TRPM7
51094	ADIPOR1
6853	SYN1
57585	CRAMP1
25979	DHRS7B
91056	AP5B1
91404	SESTD1
10011	SRA1
64089	SNX16
79089	TMUB2
7225	TRPC6
10882	C1QL1
8479	HIRIP3
140850	DEFB127
51501	HIKESHI
23321	TRIM2
23192	ATG4B
7035	TFPI
9787	DLGAP5
6820	SULT2B1
537	ATP6AP1
26579	MYEOV
6814	STXBP3
104	ADARB1
140459	ASB6
4881	NPR1
3158	HMGCS2
83884	SLC25A2
6261	RYR1
8720	MBTPS1
414325	DEFB103A
84289	ING5
11025	LILRB3
8073	PTP4A2
79685	SAP30L
58533	SNX6
65991	FUNDC2
10493	VAT1
57572	DOCK6
11252	PACSIN2
26227	PHGDH
11332	ACOT7
9150	CTDP1
28989	NTMT1
9134	CCNE2
11221	DUSP10
144193	AMDHD1
1317	SLC31A1
6363	CCL19
5236	PGM1
55509	BATF3
51087	YBX2
53339	BTBD1
7372	UMPS
5955	RCN2
63943	FKBPL
57558	USP35
128344	PIFO
3491	CCN1
11341	SCRG1
26276	VPS33B
51163	DBR1
54908	SPDL1
58526	MID1IP1
3263	HPX
337966	KRTAP6-1
9444	QKI
10793	ZNF273
8989	TRPA1
55325	UFSP2
51350	KRT76
1830	DSG3
80124	VCPIP1
9689	BZW1
169966	TENT5D
55171	TBCCD1
23462	HEY1
3234	HOXD8
6398	SECTM1
135138	PACRG
79777	ACBD4
143686	SESN3
79915	ATAD5
30819	KCNIP2
8777	MPDZ
9685	CLINT1
56957	OTUD7B
9672	SDC3
2958	GTF2A2
8764	TNFRSF14
53904	MYO3A
57107	PDSS2
8521	GCM1
2241	FER
1718	DHCR24
6623	SNCG
23187	PHLDB1
54039	PCBP3
9491	PSMF1
6385	SDC4
8708	B3GALT1
9394	HS6ST1
22843	PPM1E
10556	RPP30
94005	PIGS
5110	PCMT1
94101	ORMDL1
1890	TYMP
9252	RPS6KA5
9169	SCAF11
9392	TGFBRAP1
6236	RRAD
56889	TM9SF3
1774	DNASE1L1
60626	RIC8A
1440	CSF3
51499	TRIAP1
115416	MALSU1
8761	PABPC4
7204	TRIO
158399	ZNF483
11076	TPPP
26100	WIPI2
10471	PFDN6
5965	RECQL
126133	ALDH16A1
9681	DEPDC5
5267	SERPINA4
8913	CACNA1G
8910	SGCE
6775	STAT4
4600	MX2
55267	PRR34
4064	CD180
112616	CMTM7
374882	TMEM205
10999	SLC27A4
23646	PLD3
55226	NAT10
116	ADCYAP1
23586	DDX58
26057	ANKRD17
84833	ATP5MK
8815	BANF1
8892	EIF2B2
5990	RFX2
1071	CETP
5891	MOK
4862	NPAS2
27013	CNPPD1
126119	JOSD2
2053	EPHX2
55175	KLHL11
5224	PGAM2
51329	ARL6IP4
51127	TRIM17
7357	UGCG
4126	MANBA
79991	STN1
23440	OTP
10196	PRMT3
7294	TXK
25776	CBY1
4889	NPY5R
90850	ZNF598
108	ADCY2
8718	TNFRSF25
145864	HAPLN3
3212	HOXB2
57555	NLGN2
54974	THG1L
9301	SNORD27
3619	INCENP
5571	PRKAG1
9295	SRSF11
23383	MAU2
81855	SFXN3
54841	BIVM
3822	KLRC2
10781	ZNF266
3099	HK2
55026	TMEM255A
92400	RBM18
4998	ORC1
23262	PPIP5K2
55832	CAND1
50839	TAS2R10
183	AGT
3769	KCNJ13
5016	OVGP1
130916	MTERF4
84951	TNS4
51256	TBC1D7
83549	UCK1
55037	PTCD3
1777	DNASE2
2701	GJA4
64926	RASAL3
65056	GPBP1
5897	RAG2
3430	IFI35
54968	TMEM70
10744	PTTG2
7137	TNNI3
23011	RAB21
3858	KRT10
23474	ETHE1
7078	TIMP3
64600	PLA2G2F
7903	ST8SIA4
51517	NCKIPSD
9	NAT1
54457	TAF7L
391	RHOG
1814	DRD3
3266	ERAS
6401	SELE
6618	SNAPC2
10162	LPCAT3
390212	GPR152
55937	APOM
167153	TENT2
55365	TMEM176A
92822	ZNF276
28987	NOB1
283518	KCNRG
6094	ROM1
55558	PLXNA3
153328	SLC25A48
222553	SLC35F1
11137	PWP1
9847	C2CD5
57631	LRCH2
8790	FPGT
283420	CLEC9A
57102	C12orf4
7373	COL14A1
3077	HFE
219854	TMEM218
3375	IAPP
153579	BTNL9
9619	ABCG1
1750	DLX6
114757	CYGB
1004	CDH6
55070	DET1
5149	PDE6H
2926	GRSF1
81576	YJU2B
9595	CYTIP
393	ARHGAP4
29926	GMPPA
113452	TMEM54
57222	ERGIC1
23196	FAM120A
5893	RAD52
79289	OR5H8
4351	MPI
29967	LRP12
23569	PADI4
50999	TMED5
4603	MYBL1
161145	TMEM229B
1241	LTB4R
56949	XAB2
2323	FLT3LG
55272	IMP3
10771	ZMYND11
8939	FUBP3
54957	TXNL4B
85352	SHISAL1
56992	KIF15
142686	ASB14
3216	HOXB6
23060	ZNF609
7771	ZNF112
28984	RGCC
124401	ANKS3
114932	MRFAP1L1
58476	TP53INP2
286499	FAM133A
448834	KPRP
152940	C4orf45
84107	ZIC4
22883	CLSTN1
10384	BTN3A3
65982	ZSCAN18
64359	NXN
79415	CYBC1
7029	TFDP2
7148	TNXB
80317	ZKSCAN3
11260	XPOT
91369	ANKRD40
79596	OBI1
10658	CELF1
116150	NUS1
387893	KMT5A
50807	ASAP1
2919	CXCL1
11033	ADAP1
3759	KCNJ2
55700	MAP7D1
8641	PCDHGB4
6759	SSX4
64849	SLC13A3
10809	STARD10
9731	CEP104
131601	TPRA1
51231	VRK3
81892	SLIRP
353140	LCE2C
79894	ZNF672
1844	DUSP2
5330	PLCB2
9746	CLSTN3
58191	CXCL16
7789	ZXDA
2898	GRIK2
10336	PCGF3
25977	NECAP1
57634	EP400
54187	NANS
9520	NPEPPS
57409	MIF4GD
51321	AMZ2
56912	IFT46
115509	ZNF689
540	ATP7B
26341	OR5H1
79931	TNIP3
339344	MYPOP
5457	POU4F1
8560	DEGS1
50619	DEF6
11237	RNF24
9743	ARHGAP32
7011	TEP1
55006	TRMT61B
51104	ABHD17B
8731	RNMT
54831	BEST2
460	ASTN1
10278	EFS
137196	CCDC26
4033	IRAG2
4608	MYBPH
1996	ELAVL4
79993	ELOVL7
22820	COPG1
255374	MBLAC1
5983	RFC3
93183	PIGM
24140	FTSJ1
55164	SHQ1
7748	ZNF195
1576	CYP3A4
55638	SYBU
79990	PLEKHH3
9913	SUPT7L
201181	ZNF385C
23174	ZCCHC14
5271	SERPINB8
4135	MAP6
4152	MBD1
199221	DZIP1L
80833	APOL3
55199	FAM86C1P
22930	RAB3GAP1
55215	FANCI
5737	PTGFR
7553	ZNF7
136242	PRSS37
55573	CDV3
10081	PDCD7
54878	DPP8
5105	PCK1
271	AMPD2
81629	TSSK3
79960	JADE1
771	CA12
1815	DRD4
146540	ZNF785
2184	FAH
9245	GCNT3
23428	SLC7A8
2249	FGF4
6469	SHH
161253	REM2
55615	PRR5
23476	BRD4
85007	PHYKPL
55503	TRPV6
79932	KIAA0319L
54899	PXK
79446	WDR25
23093	TTLL5
9290	GPR55
118881	COMTD1
3273	HRG
6992	PPP1R11
4808	NHLH2
84126	ATRIP
1392	CRH
84233	TMEM126A
8754	ADAM9
171023	ASXL1
64175	P3H1
56853	CELF4
26355	FAM162A
4257	MGST1
6863	TAC1
92129	RIPPLY1
5742	PTGS1
64318	NOC3L
27246	RNF115
55102	ATG2B
54700	RRN3
51142	CHCHD2
5379	PMS2P1
610	HCN2
114625	ERMAP
26548	ITGB1BP2
286827	TRIM59
90806	ANGEL2
5147	PDE6D
9419	CRIPT
57533	TBC1D14
10949	HNRNPA0
865	CBFB
55287	TMEM40
51530	ZC3HC1
56667	MUC13
28955	DEXI
23081	KDM4C
91977	MYOZ3
64854	USP46
51056	LAP3
64689	GORASP1
25770	C22orf31
4063	LY9
84259	DCUN1D5
4897	NRCAM
57045	TWSG1
4150	MAZ
29097	CNIH4
8869	ST3GAL5
4112	MAGEB1
54808	DYM
5287	PIK3C2B
1524	CX3CR1
9091	PIGQ
55122	AKIRIN2
79902	NUP85
251	ALPG
50945	TBX22
4837	NNMT
4048	LTA4H
1645	AKR1C1
56144	PCDHA4
51227	PIGP
112802	KRT71
5570	PKIB
63976	PRDM16
56895	AGPAT4
6483	ST3GAL2
124565	SLC38A10
84750	FUT10
64426	SUDS3
54853	WDR55
5409	PNMT
7733	ZNF180
150921	TCF23
117581	TWIST2
55501	CHST12
7837	PXDN
1675	CFD
284185	LINC00482
54953	ODR4
54491	OTULINL
84918	LRP11
89858	SIGLEC12
79727	LIN28A
27340	UTP20
26998	FETUB
92014	SLC25A51
55765	INAVA
3502	IGHG3
10585	POMT1
10435	CDC42EP2
5100	PCDH8
57178	ZMIZ1
246184	CDC26
113802	HENMT1
84749	USP30
55900	ZNF302
57082	KNL1
54675	CRLS1
51601	LIPT1
344018	FIGLA
63898	SH2D4A
2009	EML1
54578	UGT1A6
141	ADPRH
22870	PPP6R1
83442	SH3BGRL3
147686	ZNF418
11126	CD160
1181	CLCN2
85437	ZCRB1
3597	IL13RA1
91368	CDKN2AIPNL
7543	ZFX
342931	RFPL4A
29953	TRHDE
3371	TNC
54600	UGT1A9
84197	POMK
1504	CTRB1
2653	GCSH
1592	CYP26A1
59339	PLEKHA2
56925	LXN
51586	MED15
80349	WDR61
11168	PSIP1
11184	MAP4K1
54732	TMED9
8344	H2BC6
11122	PTPRT
4336	MOBP
2334	AFF2
55871	CBWD1
79038	ZFYVE21
23432	GPR161
254910	LCE5A
54982	CLN6
23090	ZNF423
57017	COQ9
54165	DCUN1D1
51552	RAB14
3995	FADS3
3810	KIR2DS5
8106	PABPN1
149708	WFDC5
57622	LRFN1
8985	PLOD3
4322	MMP13
220134	SKA1
57333	RCN3
60625	DHX35
480	ATP1A4
57823	SLAMF7
221895	JAZF1
9331	B4GALT6
27102	EIF2AK1
80704	SLC19A3
23325	WASHC4
1850	DUSP8
123920	CMTM3
79917	MAGIX
1609	DGKQ
4985	OPRD1
3290	HSD11B1
114984	FLYWCH2
93594	TBC1D31
3918	LAMC2
1635	DCTD
10955	SERINC3
7123	CLEC3B
83877	TM2D2
1389	CREBL2
7764	ZNF217
10379	IRF9
65979	PHACTR4
26234	FBXL5
283455	KSR2
23078	VWA8
1268	CNR1
23616	SH3BP1
25972	UNC50
2014	EMP3
9446	GSTO1
26229	B3GAT3
5412	UBL3
22987	SV2C
284297	SSC5D
51315	KRCC1
2313	FLI1
1909	EDNRA
11167	FSTL1
9267	CYTH1
51119	SBDS
114990	VASN
11214	AKAP13
57117	INTS12
85280	KRTAP9-4
55200	PLEKHG6
63982	ANO3
9468	PCYT1B
9578	CDC42BPB
2937	GSS
25782	RAB3GAP2
25865	PRKD2
51762	RAB8B
349149	GJC3
5197	PF4V1
80222	TARS2
7178	TPT1
10317	B3GALT5
112476	PRRT2
146853	C17orf50
79869	CPSF7
11328	FKBP9
79047	KCTD15
10008	KCNE3
3570	IL6R
214	ALCAM
5639	PRRG2
54832	VPS13C
23435	TARDBP
8614	STC2
81671	VMP1
29780	PARVB
9117	SEC22C
9501	RPH3AL
6442	SGCA
4246	SCGB2A1
2022	ENG
81889	FAHD1
5025	P2RX4
5858	PZP
51068	NMD3
54542	RC3H2
54584	GNB1L
10184	LHFPL2
26053	AUTS2
64225	ATL2
6792	CDKL5
51035	UBXN1
10752	CHL1
55789	DEPDC1B
57658	CALCOCO1
6397	SEC14L1
85027	SMIM3
115209	OMA1
7403	KDM6A
7705	ZNF146
266	AMELY
79901	CYBRD1
11212	PLPBP
9229	DLGAP1
222484	LNX2
65123	INTS3
29122	PRSS50
348093	RBPMS2
27245	AHDC1
22873	DZIP1
162967	ZNF320
23554	TSPAN12
51559	NT5DC3
57655	GRAMD1A
10785	WDR4
3768	KCNJ12
9935	MAFB
55732	C1orf112
1159	CKMT1B
11036	GTF2A1L
112858	TP53RK
1014	CDH16
387923	SERP2
6192	RPS4Y1
170384	FUT11
26153	KIF26A
83660	TLN2
23439	ATP1B4
55621	TRMT1
84548	TMEM185A
10572	SIVA1
252839	TMEM9
151195	CCNYL1
1748	DLX4
54539	NDUFB11
6289	SAA2
26512	INTS6
534	ATP6V1G2
23387	SIK3
64710	NUCKS1
51067	YARS2
10316	NMUR1
84958	SYTL1
8518	ELP1
6756	SSX1
64102	TNMD
84818	IL17RC
445582	POTEE
65997	RASL11B
2018	EMX2
2743	GLRB
2686	GGT7
55661	DDX27
170575	GIMAP1
799	CALCR
91442	FAAP24
8549	LGR5
22866	CNKSR2
40	ASIC2
79228	THOC6
8669	EIF3J
6760	SS18
80323	CCDC68
5555	PRH2
10695	CNPY3
5270	SERPINE2
3311	HSPA7
10495	ENOX2
729	C6
79961	DENND2D
577	ADGRB3
3125	HLA-DRB3
118980	SFXN2
3201	HOXA4
3620	IDO1
9244	CRLF1
80205	CHD9
5192	PEX10
64423	INF2
10806	SDCCAG8
3111	HLA-DOA
23113	CUL9
57716	PRX
130074	FAM168B
54919	DNAAF5
79789	CLMN
9791	PTDSS1
7140	TNNT3
122953	JDP2
54984	PINX1
84444	DOT1L
4680	CEACAM6
79805	VASH2
11272	PRR4
23326	USP22
65082	VPS33A
1797	DXO
79722	ANKRD55
149951	COMMD7
147463	ANKRD29
59338	PLEKHA1
10641	NPRL2
4856	CCN3
5134	PDCD2
529	ATP6V1E1
5818	NECTIN1
389812	LCN15
1393	CRHBP
9371	KIF3B
7130	TNFAIP6
9052	GPRC5A
79890	RIN3
10598	AHSA1
2905	GRIN2C
3139	HLA-L
113730	KLHDC7B
4148	MATN3
116448	OLIG1
5454	POU3F2
51125	GOLGA7
80762	NDFIP1
11012	KLK11
55812	SPATA7
338773	TMEM119
6164	RPL34
6476	SI
23562	CLDN14
3226	HOXC10
23368	PPP1R13B
220082	CBY2
7356	SCGB1A1
1294	COL7A1
51208	CLDN18
143098	MPP7
200558	APLF
55734	ZFP64
23788	MTCH2
55777	MBD5
80830	APOL6
23048	FNBP1
344787	ZNF860
64427	TTC31
246329	STAC3
84102	SLC41A2
4254	KITLG
81609	SNX27
55239	OGFOD1
65986	ZBTB10
56998	CTNNBIP1
55014	STX17
147179	WIPF2
57161	PELI2
6620	SNCB
55526	DHTKD1
10449	ACAA2
54606	DDX56
51117	COQ4
140465	MYL6B
9197	SLC33A1
51102	MECR
84939	PWWP3A
4519	MT-CYB
10922	FASTK
60672	MIIP
27343	POLL
347688	TUBB8
51130	ASB3
221718	LINC00518
11080	DNAJB4
4810	NHS
8915	BCL10
11009	IL24
2982	GUCY1A1
116143	DNAAF10
57703	CWC22
6326	SCN2A
27153	ZNF777
6302	TSPAN31
51146	A4GNT
29933	GPR132
10113	PREB
646	BNC1
287	ANK2
23092	ARHGAP26
85021	REPS1
118788	PIK3AP1
517	ATP5MC2
10274	STAG1
23308	ICOSLG
65078	RTN4R
256435	ST6GALNAC3
347730	LRRTM1
91272	BOD1
3990	LIPC
6695	SPOCK1
9028	RHBDL1
8638	OASL
6706	SPRR2G
26037	SIPA1L1
938	CD24P4
3762	KCNJ5
140890	SREK1
5166	PDK4
429	ASCL1
3229	HOXC13
7012	TERC
79034	C7orf26
23446	SLC44A1
25934	NIPSNAP3A
8803	SUCLA2
51176	LEF1
80755	AARSD1
10462	CLEC10A
27254	CSDC2
60685	ZFAND3
9812	DELE1
6014	RIT2
2821	GPI
345651	ACTBL2
4018	LPA
79705	LRRK1
6571	SLC18A2
9156	EXO1
9496	TBX4
55327	LIN7C
58492	ZNF77
143903	LAYN
7318	UBA7
687	KLF9
32	ACACB
9938	ARHGAP25
5257	PHKB
161436	EML5
113655	MFSD3
2560	GABRB1
85285	KRTAP4-1
81567	TXNDC5
79711	IPO4
51646	YPEL5
161291	TMEM30B
136	ADORA2B
84290	CAPNS2
196074	METTL15
80221	ACSF2
23473	CAPN7
115703	ARHGAP33
27090	ST6GALNAC4
79149	ZSCAN5A
54896	SLC66A1
27122	DKK3
285679	C5orf60
8174	MADCAM1
65008	MRPL1
84959	UBASH3B
23350	U2SURP
3590	IL11RA
30837	SOCS7
28985	MCTS1
6373	CXCL11
5005	ORM2
57661	PHRF1
23054	NCOA6
64983	MRPL32
8943	AP3D1
4677	NARS1
440145	MZT1
54869	EPS8L1
51778	MYOZ2
6767	ST13
84890	ADO
23671	TMEFF2
9761	MLEC
3429	IFI27
57551	TAOK1
55500	ETNK1
202051	SPATA24
79048	SECISBP2
5320	PLA2G2A
9898	UBAP2L
57577	CCDC191
55090	MED9
222643	UNC5CL
136051	ZNF786
6322	SCML1
7760	ZNF213
375035	SFT2D2
9889	ZBED4
84309	NUDT16L1
284	ANGPT1
26574	AATF
54107	POLE3
3687	ITGAX
51082	POLR1D
8603	FAM193A
8602	NOP14
2971	GTF3A
51763	INPP5K
1583	CYP11A1
51122	COMMD2
26164	MTG2
79443	FYCO1
94239	H2AZ2
84893	FBH1
386678	KRTAP10-11
9734	HDAC9
79070	POGLUT2
342945	ZSCAN22
7984	ARHGEF5
5924	RASGRF2
7556	ZNF10
57504	MTA3
4440	MSI1
56256	SERTAD4
51668	HSPB11
4350	MPG
65988	ZNF747
10629	TAF6L
57636	ARHGAP23
25800	SLC39A6
3267	AGFG1
55288	RHOT1
123207	C15orf40
10739	RFPL2
29760	BLNK
1730	DIAPH2
149473	CCDC24
55702	YJU2
386674	KRTAP10-6
11329	STK38
10124	ARL4A
23132	RAD54L2
94115	CGB8
79837	PIP4K2C
2764	GMFB
89846	FGD3
80237	ELL3
83548	COG3
80380	PDCD1LG2
8320	EOMES
91283	MSANTD3
57565	KLHL14
85359	DGCR6L
5128	CDK17
10627	MYL12A
8565	YARS1
84516	DCTN5
2178	FANCE
953	ENTPD1
51442	VGLL1
11014	KDELR2
10609	P3H4
29763	PACSIN3
51188	SS18L2
6295	SAG
9235	IL32
56269	IRGC
22826	DNAJC8
51676	ASB2
54577	UGT1A7
10960	LMAN2
23065	EMC1
10625	IVNS1ABP
139324	HDX
22879	MON1B
6051	RNPEP
1491	CTH
27237	ARHGEF16
10017	BCL2L10
54951	COMMD8
10072	DPP3
9411	ARHGAP29
28227	PPP2R3B
374383	NCR3LG1
140735	DYNLL2
55297	CCDC91
957	ENTPD5
166979	CDC20B
56287	GKN1
3806	KIR2DS1
79760	GEMIN7
11240	PADI2
135114	HINT3
3109	HLA-DMB
22824	HSPA4L
163590	TOR1AIP2
548596	CKMT1A
1180	CLCN1
64328	XPO4
85369	STRIP1
9210	BMP15
55718	POLR3E
112399	EGLN3
8343	H2BC7
11274	USP18
81929	SEH1L
29099	COMMD9
25893	TRIM58
7881	KCNAB1
85013	TMEM128
283212	KLHL35
55585	UBE2Q1
64220	STRA6
64210	MMS19
23076	RRP1B
3739	KCNA4
3818	KLKB1
6542	SLC7A2
57122	NUP107
151903	CCDC12
22949	PTGR1
212	ALAS2
129450	TYW5
27148	STK36
3350	HTR1A
3714	JAG2
55153	SDAD1
60686	C14orf93
3251	HPRT1
84329	HVCN1
1618	DAZL
6509	SLC1A4
27043	PELP1
51374	ATRAID
9510	ADAMTS1
107	ADCY1
51364	ZMYND10
5872	RAB13
55270	NUDT15
55133	SRBD1
1380	CR2
57461	ISY1
22828	SCAF8
10947	AP3M2
24141	LAMP5
81502	HM13
55100	WDR70
55023	PHIP
6524	SLC5A2
146705	TEPSIN
6728	SRP19
91663	MYADM
342979	PALM3
142684	RAB40A
26586	CKAP2
51132	RLIM
144811	LACC1
167127	UGT3A2
55345	ZGRF1
6678	SPARC
23242	COBL
9904	RBM19
10388	SYCP2
1013	CDH15
55510	DDX43
2741	GLRA1
79796	ALG9
8660	IRS2
29949	IL19
4191	MDH2
51172	NAGPA
83759	RBM4B
9905	SGSM2
79814	AGMAT
84271	POLDIP3
11102	RPP14
284110	GSDMA
6406	SEMG1
2286	FKBP2
54432	YIPF1
6665	SOX15
58504	ARHGAP22
27239	GPR162
50854	SNHG32
91289	LMF2
57644	MYH7B
343	AQP8
55760	DHX32
162540	SPPL2C
51463	GPR89B
5651	TMPRSS15
8733	GPAA1
2013	EMP2
4166	CHST6
7743	ZNF189
60492	CCDC90B
26292	MYCBP
54014	BRWD1
8707	B3GALT2
54551	MAGEL2
9825	SPATA2
3112	HLA-DOB
10223	GPA33
9982	FGFBP1
1964	EIF1AX
81624	DIAPH3
27125	AFF4
79175	ZNF343
94103	ORMDL3
84962	AJUBA
135892	TRIM50
84726	PRRC2B
344	APOC2
78991	PCYOX1L
64591	TSPY2
357	SHROOM2
195814	SDR16C5
81930	KIF18A
51348	KLRF1
1417	CRYBB3
64417	TMEM267
58517	RBM25
93621	MRFAP1
200879	LIPH
51307	FAM53C
11061	CNMD
27097	TAF5L
5365	PLXNB3
80333	KCNIP4
9726	ZNF646
197370	NSMCE1
79643	CHMP6
2769	GNA15
9826	ARHGEF11
84626	KRBA1
49	ACR
5877	RABIF
113201	GOLM2
25909	AHCTF1
3385	ICAM3
3811	KIR3DL1
8683	SRSF9
29799	YPEL1
124460	SNX20
285367	RPUSD3
5194	PEX13
26262	TSPAN17
11135	CDC42EP1
10691	GMEB1
81399	OR4F16
5680	PSG11
203547	VMA21
11152	WDR45
79908	BTNL8
57184	FAM219B
56302	TRPV5
4122	MAN2A2
55346	TCP11L1
8912	CACNA1H
283989	TSEN54
4886	NPY1R
314	AOC2
51526	OSER1
1345	COX6C
140885	SIRPA
81493	SYNC
23403	FBXO46
10265	IRX5
83932	SPRTN
23111	SPART
54521	WDR44
1593	CYP27A1
85403	EAF1
147166	TRIM16L
84706	GPT2
80155	NAA15
3070	HELLS
6503	SLA
3199	HOXA2
6166	RPL36AL
7390	UROS
23155	CLCC1
8505	PARG
51727	CMPK1
63894	VIPAS39
151636	DTX3L
114884	OSBPL10
154796	AMOT
54677	CROT
26058	GIGYF2
55696	RBM22
563	AZGP1
4154	MBNL1
9093	DNAJA3
57692	MAGEE1
84458	LCOR
151188	ARL6IP6
51338	MS4A4A
148113	CILP2
115948	ODAD3
760	CA2
79699	ZYG11B
5794	PTPRH
10509	SEMA4B
64795	RMND5A
388633	LDLRAD1
24138	IFIT5
5414	SEPTIN4
23125	CAMTA2
80142	PTGES2
64112	MOAP1
10800	CYSLTR1
221092	HNRNPUL2
79968	WDR76
23052	ENDOD1
8997	KALRN
26508	HEYL
57002	YAE1
54916	TMEM260
10270	AKAP8
7546	ZIC2
64432	MRPS25
60370	AVPI1
3882	KRT32
84498	FAM120B
196385	DNAH10
51491	NOP16
339942	H1-10-AS1
2117	ETV3
84940	CORO6
400258	C14orf180
10526	IPO8
51569	UFM1
8273	SLC10A3
1644	DDC
65983	GRAMD2B
26275	HIBCH
337968	KRTAP6-3
2939	GSTA2
26025	PCDHGA12
57180	ACTR3B
9097	USP14
794	CALB2
27063	ANKRD1
57136	APMAP
57092	PCNP
154881	KCTD7
63908	NAPB
2841	GPR18
186	AGTR2
5053	PAH
10328	EMC8
54997	TESC
51009	DERL2
50810	HDGFL3
59307	SIGIRR
56914	OTOR
131474	CHCHD4
85452	CFAP74
22986	SORCS3
79809	TTC21B
51573	GDE1
2329	FMO4
83741	TFAP2D
54441	STAG3L1
55635	DEPDC1
148281	SYT6
57380	MRS2
26122	EPC2
63892	THADA
147744	TMEM190
157753	TMEM74
81557	MAGED4B
171483	FAM9B
7166	TPH1
9266	CYTH2
10136	CELA3A
80010	RMI1
9152	SLC6A5
6375	XCL1
84060	RBM48
26091	HERC4
5920	PLAAT4
3033	HADH
23463	ICMT
5833	PCYT2
10365	KLF2
64746	ACBD3
159090	PABIR2
57611	ISLR2
1178	CLC
55695	NSUN5
54509	RHOF
493869	GPX8
149297	FAM78B
2794	GNL1
11031	RAB31
3338	DNAJC4
79029	SPATA5L1
56922	MCCC1
79828	METTL8
9896	FIG4
78999	LRFN4
23062	GGA2
126364	LRRC25
10051	SMC4
54934	KANSL2
93010	B3GNT7
5464	PPA1
27306	HPGDS
3418	IDH2
22899	ARHGEF15
1311	COMP
23705	CADM1
23369	PUM2
9414	TJP2
1486	CTBS
8170	SLC14A2
284325	C19orf54
22937	SCAP
64374	SIL1
4661	MYT1
51809	GALNT7
10283	CWC27
23429	RYBP
146456	TMED6
25788	RAD54B
80775	TMEM177
3101	HK3
27087	B3GAT1
79590	MRPL24
284654	RSPO1
131118	DNAJC19
9895	TECPR2
55293	UEVLD
26115	TANC2
9770	RASSF2
153129	SLC38A9
79072	FASTKD3
23255	MTCL1
55794	DDX28
88455	ANKRD13A
117608	ZNF354B
220004	PPP1R32
6388	SDF2
29941	PKN3
23433	RHOQ
26749	GAGE2E
80279	CDK5RAP3
55605	KIF21A
79365	BHLHE41
10549	PRDX4
79411	GLB1L
85019	TMEM241
139212	DNAAF6
10245	TIMM17B
29102	DROSHA
54901	CDKAL1
51031	GLOD4
6666	SOX12
11219	TREX2
79018	GID4
84812	PLCD4
4547	MTTP
89970	RSPRY1
168374	ZNF92
55062	WIPI1
5959	RDH5
83445	GSG1
255877	BCL6B
2277	VEGFD
23109	DDN
1723	DHODH
122809	SOCS4
65999	LRRC61
54988	ACSM5
5378	PMS1
55636	CHD7
54811	ZNF562
3248	HPGD
65059	RAPH1
55672	NBPF1
79876	UBA5
23300	ATMIN
7711	ZNF155
10087	CERT1
80308	FLAD1
51585	PCF11
55124	PIWIL2
49855	SCAPER
6819	SULT1C2
2256	FGF11
4986	OPRK1
57613	FAM234B
2135	EXTL2
7145	TNS1
51447	IP6K2
23246	BOP1
51309	ARMCX1
127687	C1orf122
9768	PCLAF
10061	ABCF2
4069	LYZ
26286	ARFGAP3
8993	PGLYRP1
130162	CLHC1
375248	ANKRD36
1394	CRHR1
5797	PTPRM
79080	CCDC86
312	ANXA13
5768	QSOX1
51126	NAA20
139562	OTUD6A
55109	AGGF1
66008	TRAK2
125476	INO80C
54575	UGT1A10
22865	SLITRK3
8462	KLF11
6910	TBX5
29960	MRM2
55228	PNMA8A
57019	CIAPIN1
51023	MRPS18C
2515	ADAM2
55222	LRRC20
2941	GSTA4
55620	STAP2
113235	SLC46A1
51046	ST8SIA3
84870	RSPO3
92283	ZNF461
55339	WDR33
399687	MYO18A
55114	ARHGAP17
284369	SIGLECL1
51236	HGH1
2903	GRIN2A
23394	ADNP
9367	RAB9A
129807	NEU4
5253	PHF2
388324	INCA1
374659	HDDC3
6013	RLN1
79622	SNRNP25
1016	CDH18
1903	S1PR3
4909	NTF4
56674	TMEM9B
1128	CHRM1
25790	CFAP45
144100	PLEKHA7
8460	TPST1
3780	KCNN1
8578	SCARF1
84321	THOC3
54106	TLR9
27067	STAU2
361	AQP4
10219	KLRG1
64062	RBM26
5046	PCSK6
415	ARSL
8604	SLC25A12
654	BMP6
22875	ENPP4
10021	HCN4
10797	MTHFD2
51264	MRPL27
51335	NGRN
765	CA6
253128	LINC00612
2348	FOLR1
51097	SCCPDH
55326	AGPAT5
54888	NSUN2
6579	SLCO1A2
7772	ZNF229
54465	ETAA1
219988	PATL1
6344	SCTR
9922	IQSEC1
91782	CHMP7
55291	PPP6R3
79008	SLX1B
80005	DOCK5
54522	ANKRD16
9200	HACD1
114822	RHPN1
6358	CCL14
9480	ONECUT2
56241	SUSD2
89882	TPD52L3
222642	TSPO2
170680	PSORS1C2
7593	MZF1
10876	EDDM3A
2678	GGT1
55856	ACOT13
140801	RPL10L
4651	MYO10
91039	DPP9
57546	PDP2
130574	LYPD6
116442	RAB39B
64969	MRPS5
84669	USP32
9575	CLOCK
26138	LINC00588
56987	BBX
3748	KCNC3
80314	EPC1
5896	RAG1
6782	HSPA13
117177	RAB3IP
1015	CDH17
51617	NSG2
125893	ZNF816
23505	TMEM131
9526	MPDU1
79767	ELMO3
5210	PFKFB4
10536	P3H3
6507	SLC1A3
5860	QDPR
27304	MOCS3
6309	SC5D
55296	TBC1D19
254427	PROSER2
79370	BCL2L14
54961	SSH3
23753	SDF2L1
79173	BRME1
55225	RAVER2
2524	FUT2
51752	ERAP1
2827	GPR3
81569	ACTL8
3760	KCNJ3
163126	EID2
3145	HMBS
55703	POLR3B
51427	ZNF107
57600	FNIP2
6170	RPL39
79157	MFSD11
140836	BANF2
9298	SNORD31
4241	MELTF
10487	CAP1
266740	MAGEA2B
1466	CSRP2
55970	GNG12
342132	ZNF774
128710	SLX4IP
5790	PTPRCAP
57169	ZNFX1
147807	ZNF524
5179	PENK
2098	ESD
9476	NAPSA
1826	DSCAM
79096	C11orf49
56905	C15orf39
10457	GPNMB
23604	DAPK2
3857	KRT9
83658	DYNLRB1
23230	VPS13A
79657	RPAP3
118426	BORCS5
29904	EEF2K
10096	ACTR3
9814	SFI1
6527	SLC5A4
1416	CRYBB2P1
22928	SEPHS2
9973	CCS
8495	PPFIBP2
340419	RSPO2
84262	PSMG3
9208	LRRFIP1
57106	NAT14
115653	KIR3DL3
79882	ZC3H14
27348	TOR1B
440051	KRTAP5-11
8844	KSR1
55173	MRPS10
23399	CTDNEP1
221357	GSTA5
10296	MAEA
80152	CENPT
64581	CLEC7A
133619	PRRC1
10724	OGA
78987	CRELD1
57624	NYAP2
55172	DNAAF2
84269	CHCHD5
2847	MCHR1
6037	RNASE3
79955	PDZD7
4352	MPL
55039	TRMT12
55015	PRPF39
51626	DYNC2LI1
57863	CADM3
9255	AIMP1
4901	NRL
5568	PRKACG
10643	IGF2BP3
84617	TUBB6
9742	IFT140
79682	CENPU
54554	WDR5B
84851	TRIM52
84859	LRCH3
5126	PCSK2
63939	FAM217B
5346	PLIN1
84868	HAVCR2
144404	TMEM120B
23193	GANAB
51440	HPCAL4
10290	SPEG
4500	MT1L
6866	TAC3
374	AREG
222223	ELAPOR2
2948	GSTM4
84727	SPSB2
57545	CC2D2A
3574	IL7
26032	SUSD5
11179	ZNF277
3972	LHB
114803	MYSM1
22	ABCB7
2999	GZMH
85395	SLX9
6098	ROS1
6536	SLC6A9
22796	COG2
57799	RAB40C
2116	ETV2
6697	SPR
23456	ABCB10
54823	SWT1
220108	FAM124A
64773	PCED1A
55036	CCDC40
60496	AASDHPPT
122060	SLAIN1
10626	TRIM16
3283	HSD3B1
97	ACYP1
2667	GDI2P1
26048	ZNF500
29991	OBP2A
1404	HAPLN1
23161	SNX13
1816	DRD5
4481	MSR1
3213	HOXB3
25840	METTL7A
23151	GRAMD4
388468	POTEC
27179	IL36A
23080	AVL9
79269	DCAF10
390792	KRT39
29089	UBE2T
2979	GUCA1B
55969	RAB5IF
130026	ICA1L
5645	PRSS2
83852	SETDB2
23036	ZNF292
116540	MRPL53
10554	AGPAT1
84527	ZNF559
118472	ZNF511
22844	FRMPD1
1351	COX8A
5324	PLAG1
1608	DGKG
9718	ECE2
84106	PRAM1
7200	TRH
84418	CYSTM1
152816	ODAPH
122876	GPHB5
54596	L1TD1
55529	PIP4P2
23171	GPD1L
55705	IPO9
7639	ZNF85
84901	NFATC2IP
5345	SERPINF2
80153	EDC3
26137	ZBTB20
9686	VGLL4
54502	RBM47
169841	ZNF169
338324	S100A7A
5151	PDE8A
283459	GATC
200350	FOXD4L1
728378	POTEF
50814	NSDHL
7620	ZNF69
58495	OVOL2
79152	FA2H
5189	PEX1
7471	WNT1
81844	TRIM56
55729	ATF7IP
50626	CYHR1
26471	NUPR1
9942	XYLB
116835	HSPA12B
2700	GJA3
93436	ARMC6
6120	RPE
333932	H3C15
8789	FBP2
26472	PPP1R14B
55869	HDAC8
11113	CIT
117248	GALNT15
25864	ABHD14A
10434	LYPLA1
10914	PAPOLA
342897	NCCRP1
23175	LPIN1
23154	NCDN
56983	POGLUT1
83871	RAB34
23553	HYAL4
3535	IGL
51363	CHST15
59345	GNB4
7554	ZNF8
340277	FAM221A
55619	DOCK10
201780	SLC10A4
64398	PALS1
54985	HCFC1R1
51808	PHAX
2824	GPM6B
10590	SCGN
57787	MARK4
23336	SYNM
51759	C9orf78
1548	CYP2A6
2592	GALT
4267	CD99
53944	CSNK1G1
9829	DNAJC6
6331	SCN5A
90070	LACRT
11248	NXPH3
256329	LMNTD2
79776	ZFHX4
55764	IFT122
7453	WARS1
6572	SLC18A3
9315	NREP
116328	C8orf34
146378	C16orf92
89910	UBE3B
776	CACNA1D
822	CAPG
2619	GAS1
25871	NEPRO
64215	DNAJC1
54897	CASZ1
56145	PCDHA3
54810	GIPC2
576	ADGRB2
55051	NRDE2
54065	SMIM11A
25983	NGDN
9924	PAN2
51477	ISYNA1
7378	UPP1
10285	SMNDC1
83648	FAM167A
9849	ZNF518A
81618	ITM2C
23200	ATP11B
4295	MLN
26507	CNNM1
286128	ZFP41
364	AQP7
83440	ADPGK
26017	FAM32A
56906	THAP10
55146	ZDHHC4
55904	KMT2E
90580	TIMM29
2906	GRIN2D
5806	PTX3
158787	RIBC1
146760	RTN4RL1
83939	EIF2A
6718	AKR1D1
4838	NODAL
10608	MXD4
149420	PDIK1L
57396	CLK4
7769	ZNF226
887	CCKBR
140876	RIPOR3
55892	MYNN
284069	FAM171A2
50650	ARHGEF3
79140	CCDC28B
27092	CACNG4
29104	N6AMT1
5646	PRSS3
79102	RNF26
23590	PDSS1
126298	IRGQ
170572	HTR3C
149428	BNIPL
941	CD80
10587	TXNRD2
4242	MFNG
57722	IGDCC4
54828	BCAS3
6451	SH3BGRL
10714	POLD3
10160	FARP1
9076	CLDN1
55998	NXF5
126789	PUSL1
7021	TFAP2B
54510	PCDH18
4168	MCF2
57148	RALGAPB
8999	CDKL2
27244	SESN1
131583	FAM43A
7030	TFE3
4323	MMP14
116931	MED12L
386680	KRTAP10-5
10481	HOXB13
114112	TXNRD3
55193	PBRM1
2615	LRRC32
7478	WNT8A
10208	USPL1
92483	LDHAL6B
6533	SLC6A6
1521	CTSW
78996	CYREN
9628	RGS6
83861	RSPH3
85439	STON2
9031	BAZ1B
140290	TCP10L
3897	L1CAM
2595	GANC
5229	PGGT1B
8050	PDHX
337978	KRTAP21-2
55052	MRPL20
89849	ATG16L2
51582	AZIN1
55757	UGGT2
8681	JMJD7-PLA2G4B
125988	MICOS13
79663	HSPBAP1
734	OSGIN2
51230	PHF20
10397	NDRG1
9858	PPP1R26
112464	CAVIN3
23639	DNAAF11
10073	SNUPN
440533	PSG8
6700	SPRR2A
127833	SYT2
51379	CRLF3
402682	UFSP1
221504	ZBTB9
55612	FERMT1
81857	MED25
574	BAGE
340061	STING1
3694	ITGB6
26823	RNU12-2P
79190	IRX6
137209	ZNF572
79023	NUP37
91662	NLRP12
23189	KANK1
80345	ZSCAN16
8513	LIPF
3176	HNMT
10579	TACC2
94030	LRRC4B
8823	FGF16
54862	CC2D1A
9249	DHRS3
6355	CCL8
3730	ANOS1
84240	ZCCHC9
55512	SMPD3
150684	COMMD1
57035	RSRP1
729230	CCR2
146439	BICDL2
84545	MRPL43
10215	OLIG2
9220	TIAF1
7286	TUFT1
4239	MFAP4
2791	GNG11
2788	GNG7
90378	SAMD1
199953	TMEM201
4595	MUTYH
84296	GINS4
123346	HIGD2B
51460	SFMBT1
9071	CLDN10
55076	TMEM45A
611	OPN1SW
80218	NAA50
6328	SCN3A
145645	TERB2
3292	HSD17B1
3766	KCNJ10
10907	TXNL4A
140578	CHODL
9132	KCNQ4
11231	SEC63
1775	DNASE1L2
135398	C6orf141
3140	MR1
4958	OMD
54757	FAM20A
4084	MXD1
79801	SHCBP1
147923	ZNF420
4050	LTB
6815	STYX
6330	SCN4B
8187	ZNF239
9751	SNPH
51029	DESI2
7062	TCHH
4099	MAG
11199	ANXA10
3321	IGSF3
51071	DERA
25842	ASF1A
222255	ATXN7L1
30845	EHD3
6955	TRA
11236	RNF139
54839	LRRC49
64601	VPS16
219931	TPCN2
84517	ACTRT3
6549	SLC9A2
284021	MILR1
256815	C10orf67
23224	SYNE2
221424	LRRC73
9379	NRXN2
552	AVPR1A
5874	RAB27B
55625	ZDHHC7
92346	C1orf105
55140	ELP3
3444	IFNA7
2483	FRG1
23061	TBC1D9B
57650	CIP2A
440023	KRTAP5-6
113115	MTFR2
51202	DDX47
57657	HCN3
10420	TESK2
51386	EIF3L
10599	SLCO1B1
57626	KLHL1
4054	LTBP3
253639	ZNF620
136288	C7orf57
23645	PPP1R15A
11226	GALNT6
111	ADCY5
80856	LNPK
115	ADCY9
154064	RAET1L
319	APOF
387338	NSUN4
3700	ITIH4
116987	AGAP1
50514	DELEC1
10748	KLRA1P
60386	SLC25A19
64410	KLHL25
3487	IGFBP4
55717	WDR11
346689	KLRG2
25837	RAB26
55565	ZNF821
7404	UTY
51406	NOL7
11261	CHP1
10522	DEAF1
30009	TBX21
6450	SH3BGR
50944	SHANK1
11158	RABL2B
4619	MYH1
23331	TTC28
137835	TMEM71
112724	RDH13
56946	EMSY
151011	SEPTIN10
7141	TNP1
5260	PHKG1
133022	TRAM1L1
57573	ZNF471
80262	PHAF1
2140	EYA3
8076	MFAP5
828	CAPS
113178	SCAMP4
85366	MYLK2
6323	SCN1A
3110	MNX1
2842	GPR19
84248	FYTTD1
79158	GNPTAB
55308	DDX19A
51181	DCXR
6423	SFRP2
57699	CPNE5
3218	HOXB8
8741	TNFSF13
79054	TRPM8
51705	EMCN
84057	MND1
2674	GFRA1
8325	FZD8
84898	PLXDC2
7991	TUSC3
65990	ANTKMT
126295	ZNF57
29964	PRICKLE4
23617	TSSK2
79050	NOC4L
327	APEH
54834	GDAP2
55486	PARL
59271	EVA1C
140902	R3HDML
51246	SHISA5
115548	FCHO2
50484	RRM2B
144348	ZNF664
285205	LINC00636
7544	ZFY
84889	SLC7A3
7728	ZNF175
7008	TEF
60528	ELAC2
55744	COA1
26248	OR2K2
2687	GGT5
54332	GDAP1
135458	HUS1B
57147	SCYL3
116228	COX20
10661	KLF1
55711	FAR2
54587	MXRA8
9948	WDR1
2587	GALR1
4199	ME1
10644	IGF2BP2
162968	ZNF497
317754	POTED
64399	HHIP
159989	DEUP1
163081	ZNF567
4058	LTK
10942	PRSS21
8504	PEX3
11056	DDX52
79650	USB1
29028	ATAD2
90332	EXOC3L2
23220	DTX4
57448	BIRC6
26289	AK5
84230	LRRC8C
84061	MAGT1
374879	ZNF699
55681	SCYL2
5787	PTPRB
30813	VSX1
23355	VPS8
368	ABCC6
151987	PPP4R2
3060	HCRT
64168	NECAB1
79899	PRR5L
7227	TRPS1
85509	MBD3L1
64091	POPDC2
10589	DRAP1
9521	EEF1E1
51207	DUSP13
83795	KCNK16
26974	ZNF285
58487	CREBZF
7058	THBS2
344191	EVX2
57037	ANKMY2
6039	RNASE6
726	CAPN5
347733	TUBB2B
27065	NSG1
8491	MAP4K3
3203	HOXA6
196740	VSTM4
11313	LYPLA2
54964	C1orf56
732	C8B
5408	PNLIPRP2
85413	SLC22A16
3764	KCNJ8
64430	PCNX4
9472	AKAP6
57794	SUGP1
81494	CFHR5
90203	SNX21
55830	GLT8D1
3061	HCRTR1
10531	PITRM1
8828	NRP2
10602	CDC42EP3
1620	BRINP1
9985	REC8
84696	ABHD1
3420	IDH3B
164633	CABP7
57139	RGL3
116349	EXOC3-AS1
10745	PHTF1
25975	EGFL6
2992	GYG1
2966	GTF2H2
128239	IQGAP3
10369	CACNG2
23254	KAZN
10281	DSCR4
3664	IRF6
81616	ACSBG2
9732	DOCK4
6017	RLBP1
84530	SRRM4
9947	MAGEC1
55237	VRTN
51533	PHF7
127700	OSCP1
125	ADH1B
85464	SSH2
4852	NPY
90121	TSR2
8625	RFXANK
83732	RIOK1
56136	PCDHA13
57556	SEMA6A
9767	JADE3
257397	TAB3
4357	MPST
10548	TM9SF1
63827	BCAN
4245	MGAT1
10082	GPC6
253714	MMS22L
9665	MARF1
54940	OCIAD1
89887	ZNF628
2877	GPX2
81839	VANGL1
22849	CPEB3
153443	SRFBP1
55004	LAMTOR1
28960	DCPS
54751	FBLIM1
9583	ENTPD4
7638	ZNF221
81037	CLPTM1L
5017	OVOL1
84699	CREB3L3
54754	NUTM2F
4359	MPZ
28602	TRBV6-5
84342	COG8
10870	HCST
29992	PILRA
125997	MBD3L2
22880	MORC2
9783	RIMS3
4534	MTM1
8722	CTSF
286530	P2RY8
51058	ZNF691
1365	CLDN3
80199	FUZ
79847	MFSD13A
80723	SLC35G2
9447	AIM2
153743	PPP1R2B
26272	FBXO4
55527	FEM1A
7844	RNF103
10168	ZNF197
79656	BEND5
348303	SELENOV
126299	ZNF428
55066	PDPR
440738	MAP1LC3C
56980	PRDM10
51734	MSRB1
83696	TRAPPC9
161198	CLEC14A
29124	LGALS13
1668	DEFA3
284439	SLC25A42
283232	TMEM80
5176	SERPINF1
1577	CYP3A5
81603	TRIM8
9856	KIAA0319
30846	EHD2
144717	PHETA1
60313	GPBP1L1
416	ARSF
57522	SRGAP1
55252	ASXL2
51091	SEPSECS
222166	MTURN
192669	AGO3
728642	CDK11A
347902	AMIGO2
3485	IGFBP2
259234	DSCR10
29109	FHOD1
4009	LMX1A
8624	PSMG1
64793	CEP85
27303	RBMS3
8780	RIOK3
92344	GORAB
51108	METTL9
57491	AHRR
64130	LIN7B
28576	TRBV12-4
115207	KCTD12
4493	MT1E
134701	RIPPLY2
79090	TRAPPC6A
80895	ILKAP
4649	MYO9A
84816	RTN4IP1
9399	STOML1
257101	ZNF683
80004	ESRP2
23301	EHBP1
93474	ZNF670
729240	PRR20C
127435	PODN
55646	LYAR
3038	HAS3
93986	FOXP2
94121	SYTL4
6023	RMRP
2635	GBP3
91452	ACBD5
51592	TRIM33
163351	GBP6
56163	RNF17
55181	SMG8
55055	ZWILCH
6003	RGS13
90139	TSPAN18
51434	ANAPC7
7692	ZNF133
136227	COL26A1
6038	RNASE4
159163	RBMY1F
81605	URM1
84324	SARNP
55207	ARL8B
5051	PAFAH2
133746	JMY
4439	MSH5
90678	LRSAM1
27091	CACNG5
79998	ANKRD53
54103	GSAP
9719	ADAMTSL2
79897	RPP21
222696	ZSCAN23
85444	LRRCC1
29108	PYCARD
9248	GPR50
2738	GLI4
91543	RSAD2
10391	CORO2B
51304	ZDHHC3
25963	TMEM87A
57801	HES4
6753	SSTR3
2984	GUCY2C
3955	LFNG
5593	PRKG2
56270	WDR45B
23418	CRB1
4130	MAP1A
56961	SHD
153769	SH3RF2
79058	ASPSCR1
51621	KLF13
55818	KDM3A
79864	JHY
9754	STARD8
2166	FAAH
2936	GSR
132158	GLYCTK
84219	WDR24
161514	TBC1D21
57728	WDR19
91746	YTHDC1
55246	CCDC25
54566	EPB41L4B
157922	CAMSAP1
1117	CHI3L2
51135	IRAK4
91734	IDI2
10220	GDF11
127	ADH4
10251	SPRY3
4973	OLR1
51744	CD244
91408	BTF3L4
8224	SYN3
55244	SLC47A1
83698	CALN1
56124	PCDHB12
1960	EGR3
84651	SPINK7
51110	LACTB2
29990	PILRB
79832	QSER1
5509	PPP1R3D
57542	KLHL42
27159	CHIA
7625	ZNF74
5912	RAP2B
3026	HABP2
90407	TMEM41A
57057	TBX20
84960	CCDC183
56203	LMOD3
139793	PAGE3
5596	MAPK4
81577	GFOD2
6329	SCN4A
51270	TFDP3
84923	FAM104A
79572	ATP13A3
29889	GNL2
1007	CDH9
23008	KLHDC10
11055	ZPBP
5956	OPN1LW
221188	ADGRG5
51205	ACP6
4133	MAP2
51422	PRKAG2
26123	TCTN3
51032	CELA2B
56672	AKIP1
26750	RPS6KC1
284252	KCTD1
55726	INTS13
79719	AAGAB
84298	LLPH
79707	NOL9
79905	TMC7
29940	DSE
79664	ICE2
84455	EFCAB7
64794	DDX31
51284	TLR7
2897	GRIK1
23527	ACAP2
25903	OLFML2B
55320	MIS18BP1
55068	ENOX1
146279	TEKT5
84886	C1orf198
55250	ELP2
65083	NOL6
1043	CD52
7306	TYRP1
9232	PTTG1
29090	TIMM21
133396	IL31RA
5740	PTGIS
445815	PALM2AKAP2
9060	PAPSS2
57003	CCDC47
10563	CXCL13
51174	TUBD1
837	CASP4
55065	SLC52A1
2307	FOXS1
57606	SLAIN2
51466	EVL
51334	PRR16
64787	EPS8L2
1953	MEGF6
402117	VWC2L
54663	WDR74
3746	KCNC1
163702	IFNLR1
260425	MAGI3
50865	HEBP1
4161	MC5R
54704	PDP1
84680	ACCS
8877	SPHK1
83706	FERMT3
10578	GNLY
7633	ZNF79
5130	PCYT1A
29	ABR
386683	KRTAP12-3
5029	P2RY2
56990	CDC42SE2
286887	KRT6C
8501	SLC43A1
4158	MC2R
4234	METTL1
230	ALDOC
127845	GOLT1A
9721	GPRIN2
23015	GOLGA8A
284119	CAVIN1
1804	DPP6
4947	OAZ2
2570	GABRR2
686	BTD
375567	VWC2
119504	ANAPC16
200185	KRTCAP2
2949	GSTM5
3792	KEL
249	ALPL
10926	DBF4
9299	SNORD30
7263	TST
9971	NR1H4
51204	TACO1
5972	REN
10244	RABEPK
7036	TFR2
58494	JAM2
6044	SNORA62
653316	FAM153CP
4330	MN1
134	ADORA1
1939	EIF2D
57693	ZNF317
2161	F12
833	CARS1
5657	PRTN3
9940	DLEC1
146198	ZFP90
79873	NUDT18
554313	H4C15
27257	LSM1
9242	MSC
10058	ABCB6
2531	KDSR
10218	ANGPTL7
220001	VWCE
55259	DNAI7
10361	NPM2
5269	SERPINB6
165	AEBP1
54097	FAM3B
23466	CBX6
947	CD34
9403	SELENOF
51720	UIMC1
51441	YTHDF2
84549	MAK16
23026	MYO16
51249	TMEM69
80781	COL18A1
29070	CCDC113
55759	WDR12
114569	MAL2
7180	CRISP2
84969	TOX2
64856	VWA1
6506	SLC1A2
2779	GNAT1
81030	ZBP1
168417	ZNF679
84220	RGPD5
286826	LIN9
5137	PDE1C
6349	CCL3L1
51430	SUCO
84135	UTP15
2747	GLUD2
154313	CFAP206
26748	GAGE12I
28514	DLL1
6392	SDHD
3704	ITPA
132228	LSMEM2
56339	METTL3
4708	NDUFB2
30001	ERO1A
1611	DAP
27436	EML4
127396	ZNF684
55319	TMA16
84303	CHCHD6
56902	PNO1
57674	RNF213
6362	CCL18
25939	SAMHD1
50640	PNPLA8
9289	ADGRG1
26165	SPATA31A7
9690	UBE3C
1362	CPD
79680	RTL10
478	ATP1A3
1142	CHRNB3
27121	DKK4
80228	ORAI2
9615	GDA
1767	DNAH5
54809	SAMD9
6035	RNASE1
27242	TNFRSF21
6547	SLC8A3
3902	LAG3
5138	PDE2A
54784	ALKBH4
5681	PSKH1
53840	TRIM34
51663	ZFR
284361	EMC10
58509	CACTIN
51804	SIX4
2734	GLG1
27329	ANGPTL3
9674	KIAA0040
132014	IL17RE
3538	IGLC2
9215	LARGE1
885	CCK
339123	JMJD8
440050	KRTAP5-7
116138	KLHDC3
57700	FHIP2A
207063	DHRSX
29919	RMC1
8833	GMPS
23414	ZFPM2
91653	BOC
64493	LINC00235
114787	GPRIN1
51596	CUTA
54800	KLHL24
2555	GABRA2
84267	C9orf64
417	ART1
8671	SLC4A4
84067	FHIP1B
22846	VASH1
9788	MTSS1
91689	SMDT1
148206	ZNF714
23152	CIC
79989	TTC26
152992	TRMT44
116449	CLNK
10890	RAB10
9547	CXCL14
84717	HDGFL2
23239	PHLPP1
2731	GLDC
196513	DCP1B
55502	HES6
92935	MARS2
1580	CYP4B1
54549	SDK2
23360	FNBP4
83714	NRIP2
11266	DUSP12
84838	ZNF496
80700	UBXN6
23248	RPRD2
114	ADCY8
7139	TNNT2
84141	EVA1A
23521	RPL13A
79798	ARMC5
196527	ANO6
283551	LINC01588
83463	MXD3
343930	MSGN1
55810	FOXJ2
125061	AFMID
10716	TBR1
654483	BOLA2B
10632	ATP5MG
151647	TAFA4
279	AMY2A
11000	SLC27A3
153527	ZMAT2
10233	LRRC23
79875	THSD4
51289	RXFP3
140710	SOGA1
26801	SNORD48
338599	DUSP29
64714	PDIA2
1140	CHRNB1
387266	KRTAP5-3
132001	TAMM41
2206	MS4A2
253012	HEPACAM2
320	APBA1
23762	OSBP2
8323	FZD6
10319	LAMC3
83849	SYT15
57568	SIPA1L2
83604	TMEM47
196383	RILPL2
10276	NET1
51602	NOP58
57628	DPP10
23207	PLEKHM2
443	ASPA
118460	EXOSC6
51531	TRMO
126868	MAB21L3
54221	SNTG2
9147	NEMF
11005	SPINK5
80740	LY6G6C
79834	PEAK1
80829	ZFP91
54959	ODAM
3046	HBE1
219738	FAM241B
259266	ASPM
55229	PANK4
145173	B3GLCT
121227	LRIG3
440275	EIF2AK4
26267	FBXO10
54859	ELP6
9749	PHACTR2
57111	RAB25
29947	DNMT3L
27430	MAT2B
79020	C7orf25
283385	MORN3
23235	SIK2
57584	ARHGAP21
51637	RTRAF
6891	TAP2
28662	TRAV21
55623	THUMPD1
3674	ITGA2B
374654	KIF7
220323	OAF
57162	PELI1
26094	DCAF4
8809	IL18R1
9635	CLCA2
25763	H2AP
79763	ISOC2
139599	MAGEE2
3612	IMPA1
5101	PCDH9
92610	TIFA
5447	POR
56157	TEX13A
200539	ANKRD23
29935	RPA4
55086	RADX
55787	TXLNG
159	ADSS2
28962	OSTM1
140564	APOBEC3D
2691	GHRH
56204	FAM214A
7179	TPTE
55819	RNF130
79980	DSN1
84881	RPUSD4
5141	PDE4A
4994	OR3A1
29103	DNAJC15
64968	MRPS6
80727	TTYH3
26228	STAP1
165215	FAM171B
203054	ADCK5
199692	ZNF627
79184	BRCC3
6445	SGCG
26261	FBXO24
169355	IDO2
79853	TM4SF20
6983	TRGV9
29985	SLC39A3
9515	STXBP5L
124220	ZG16B
10071	MUC12
25946	ZNF385A
27044	SND1
131405	TRIM71
6981	TRGV7
26521	TIMM8B
64320	RNF25
7247	TSN
285527	FRYL
53917	RAB24
9748	SLK
79723	SUV39H2
51704	GPRC5B
92105	INTS4
7923	HSD17B8
60558	GUF1
80115	BAIAP2L2
7076	TIMP1
84173	ELMOD3
10417	SPON2
90987	ZNF251
9420	CYP7B1
79132	DHX58
25814	ATXN10
29801	ZDHHC8
1463	NCAN
7827	NPHS2
8339	H2BC8
54855	TENT5C
22808	MRAS
146923	RUNDC1
55863	TMEM126B
10974	ADIRF
57186	RALGAPA2
1208	CLPS
170589	GPHA2
58499	ZNF462
9158	FIBP
8540	AGPS
54946	SLC41A3
57647	DHX37
7439	BEST1
4438	MSH4
5255	PHKA1
55854	ZC3H15
23335	WDR7
8530	CST7
118427	OLFM3
64801	ARV1
9989	PPP4R1
55149	MTPAP
9534	ZNF254
57520	HECW2
116092	DNTTIP1
63967	CLSPN
51651	PTRH2
51185	CRBN
29803	REPIN1
29899	GPSM2
50	ACO2
55858	TMEM165
57116	ZNF695
2852	GPER1
10332	CLEC4M
9086	EIF1AY
55698	RADIL
4037	LRP3
54345	SOX18
151194	METTL21A
29937	NENF
51755	CDK12
23007	PLCH1
29062	WDR91
60509	AGBL5
146691	TOM1L2
64841	GNPNAT1
85300	ATCAY
2169	FABP2
129025	ZNF280A
275	AMT
5697	PYY
79706	PRKRIP1
2591	GALNT3
2165	F13B
50837	TAS2R7
9991	PTBP3
10505	SEMA4F
56907	SPIRE1
286133	SCARA5
9127	P2RX6
6343	SCT
84930	MASTL
64783	RBM15
56979	PRDM9
222584	FAM83B
6262	RYR2
23518	R3HDM1
55352	COPRS
388588	SMIM1
84250	SLF1
22801	ITGA11
78994	PRR14
63910	SLC17A9
83468	GLT8D2
57484	RNF150
26959	HBP1
353376	TICAM2
22941	SHANK2
153364	MBLAC2
22882	ZHX2
7559	ZNF12
84105	PCBD2
4324	MMP15
84924	ZNF566
55604	CARMIL1
54540	FAM193B
24146	CLDN15
94015	TTYH2
55829	SELENOS
3207	HOXA11
27109	DMAC2L
3952	LEP
10114	HIPK3
63924	CIDEC
7627	ZNF75A
160857	CCDC122
5319	PLA2G1B
55137	FIGN
51700	CYB5R2
1379	CR1L
23396	PIP5K1C
23165	NUP205
23544	SEZ6L
386684	KRTAP12-4
5992	RFX4
1465	CSRP1
64843	ISL2
2561	GABRB2
56954	NIT2
205860	TRIML2
3816	KLK1
85397	RGS8
9885	OSBPL2
1286	COL4A4
729246	PRR20D
142689	ASB12
25807	RHBDD3
64693	CTAGE1
28755	TRAC
4051	CYP4F3
29085	PHPT1
131890	GRK7
8492	PRSS12
7355	SLC35A2
55197	RPRD1A
65095	KRI1
26973	CHORDC1
80263	TRIM45
4821	NKX2-2
128637	TBC1D20
10110	SGK2
9699	RIMS2
79612	NAA16
7940	LST1
55655	NLRP2
56180	MOSPD1
51209	RAB9B
26609	VCX
158297	SAXO1
2676	GFRA3
27129	HSPB7
149483	CCDC17
83937	RASSF4
84076	TKTL2
114793	FMNL2
53405	CLIC5
28834	IGLC7
1118	CHIT1
8742	TNFSF12
51193	ZNF639
27350	APOBEC3C
680	BRS3
285668	C5orf64
54949	SDHAF2
128553	TSHZ2
167227	DCP2
8807	IL18RAP
3948	LDHC
283209	PGM2L1
3381	IBSP
11253	MAN1B1
51247	PAIP2
49861	CLDN20
1807	DPYS
549	AUH
84312	BRMS1L
10699	CORIN
6943	TCF21
5096	PCCB
135946	OR6B1
3823	KLRC3
84447	SYVN1
4539	MT-ND4L
81926	ABHD17A
54480	CHPF2
3601	IL15RA
10633	RASL10A
2628	GATM
8091	HMGA2
10227	MFSD10
7125	TNNC2
93145	OLFM2
125958	OR7D4
10199	MPHOSPH10
129285	PPP1R21
10666	CD226
10229	COQ7
84464	SLX4
8528	DDO
124583	CANT1
55815	TSNAXIP1
64780	MICAL1
117247	SLC16A10
3973	LHCGR
5545	PRB4
79751	SLC25A22
23676	SMPX
204962	SLC44A5
6752	SSTR2
29101	SSU72
79774	GRTP1
81848	SPRY4
6957	TRB
3467	IFNW1
10630	PDPN
170062	FAM47B
25823	TPSG1
9194	SLC16A7
134492	NUDCD2
64718	UNKL
201595	STT3B
81620	CDT1
51751	HIGD1B
5623	PSPN
63915	BLOC1S5
51480	VCX2
56924	PAK6
79831	KDM8
64641	EBF2
3036	HAS1
54463	RETREG1
90025	UBE3D
131034	CPNE4
4495	MT1G
3120	HLA-DQB2
117143	TADA1
57489	ODF2L
9048	ARTN
51493	RTCB
9693	RAPGEF2
79833	GEMIN6
28988	DBNL
84817	TXNDC17
6569	SLC34A1
23467	NPTXR
54875	CNTLN
81610	FAM83D
27107	ZBTB11
9630	GNA14
26520	TIMM9
55740	ENAH
79714	CCDC51
55556	ENOSF1
7223	TRPC4
64777	RMND5B
9644	SH3PXD2A
54093	SETD4
196477	CCER1
55855	DENND10P1
2990	GUSB
10718	NRG3
56105	PCDHGA11
7044	LEFTY2
29057	FAM156A
10288	LILRB2
57198	ATP8B2
54958	TMEM160
10156	RASA4
91833	WDR20
81572	PDRG1
1375	CPT1B
81563	C1orf21
132724	TMPRSS11B
130106	CIB4
9436	NCR2
90417	KNSTRN
51458	RHCG
53940	FTHL17
10309	CCNO
55374	TMCO6
79670	TUT7
231	AKR1B1
54960	GEMIN8
54979	PLAAT2
2168	FABP1
79634	SCRN3
5828	PEX2
4124	MAN2A1
29094	LGALSL
10308	ZNF267
2696	GIPR
84935	MEDAG
6920	TCEA3
25992	SNED1
25884	CHRDL2
155	ADRB3
1290	COL5A2
1305	COL13A1
80757	TMEM121
4626	MYH8
4552	MTRR
9890	PLPPR4
55857	KIZ
5136	PDE1A
10289	EIF1B
50506	DUOX2
55922	NKRF
5778	PTPN7
9506	PAGE4
11159	RABL2A
10766	TOB2
6123	RPL3L
127495	LRRC39
159013	CXorf38
1444	CSHL1
80148	SLC66A2
80206	FHOD3
29118	DDX25
65244	SPATS2
2815	GP9
1339	COX6A2
4338	MOCS2
23143	LRCH1
63897	HEATR6
92106	OXNAD1
3492	IGH
23341	DNAJC16
284352	PPP1R37
115992	RNF166
56138	PCDHA11
90655	TGIF2LY
161003	STOML3
797	CALCB
50852	TRAT1
58472	SQOR
145282	MIPOL1
51388	NIP7
84305	PYM1
27094	KCNMB3
4240	MFGE8
9976	CLEC2B
91661	ZNF765
353288	KRT26
9104	RGN
391257	SUMO1P1
3274	HRH2
22998	LIMCH1
6746	SSR2
57091	CASS4
28232	SLCO3A1
83693	HSDL1
283165	KIRREL3-AS3
2220	FCN2
26035	GLCE
29956	CERS2
9945	GFPT2
143425	SYT9
51228	GLTP
2649	NR6A1
150864	FAM117B
548594	KIR3DP1
2620	GAS2
55080	TAPBPL
23024	PDZRN3
9980	DOP1B
8406	SRPX
148581	UBE2U
161582	DNAAF4
132625	ZFP42
8120	AP3B2
23704	KCNE4
64428	CIAO3
2922	GRP
128989	TANGO2
79016	DDA1
7915	ALDH5A1
112849	L3HYPDH
5118	PCOLCE
23236	PLCB1
23349	PHF24
64784	CRTC3
4885	NPTX2
84932	RAB2B
25921	ZDHHC5
10057	ABCC5
92521	SPECC1
10327	AKR1A1
57110	PLAAT1
27143	PALD1
1183	CLCN4
51490	SPOUT1
84100	ARL6
56005	MYDGF
157556	BAALC-AS2
10690	FUT9
3699	ITIH3
92922	CCDC102A
146059	CDAN1
51054	PLEKHA8P1
144568	A2ML1
10635	RAD51AP1
51134	CEP83
84246	MED10
23166	STAB1
8519	IFITM1
85865	GTPBP10
147798	TMC4
152485	ZNF827
3697	ITIH1
2577	GAGE5
64110	MAGEF1
54558	SPATA6
22887	FOXJ3
25806	VAX2
22850	ADNP2
23051	ZHX3
93978	CLEC6A
6736	SRY
30812	SOX8
64762	GAREM1
84842	HPDL
84656	GLYR1
55280	CWF19L1
4586	MUC5AC
4982	TNFRSF11B
55701	ARHGEF40
8288	EPX
2173	FABP7
138428	PTRH1
115825	WDFY2
25926	NOL11
64284	RAB17
57176	VARS2
84904	ARHGEF39
54942	ABITRAM
5173	PDYN
23328	SASH1
26071	RTL8A
2717	GLA
496	ATP4B
51542	VPS54
92482	BBIP1
56547	MMP26
50846	DHH
5032	P2RY11
58189	WFDC1
26253	CLEC4E
25957	PNISR
65980	BRD9
54872	PIGG
84693	MCEE
83733	SLC25A18
4114	MAGEB3
84299	MIEN1
60592	SCOC
80032	ZNF556
23406	COTL1
80000	GREB1L
51096	UTP18
6581	SLC22A3
79414	LRFN3
93973	ACTR8
5547	PRCP
114898	C1QTNF2
326625	MMAB
84196	USP48
116285	ACSM1
84747	UNC119B
29907	SNX15
64094	SMOC2
64419	MTMR14
90809	PIP4P1
55610	VPS50
221477	C6orf89
55756	INTS9
91894	C11orf52
10993	SDS
146212	KCTD19
5967	REG1A
149069	DCDC2B
51070	NOSIP
84079	ANKRD27
4990	SIX6
29934	SNX12
10055	SAE1
58527	ABRACL
85438	CABS1
118812	MORN4
6892	TAPBP
7350	UCP1
114836	SLAMF6
10773	ZBTB6
57060	PCBP4
55234	SMU1
54976	C20orf27
53349	ZFYVE1
79155	TNIP2
80067	DCAF17
6755	SSTR5
53942	CNTN5
10321	CRISP3
53343	NUDT9
27291	R3HCC1L
81894	SLC25A28
1259	CNGA1
65977	PLEKHA3
162993	ZNF846
26664	OR7C1
22821	RASA3
57097	PARP11
1120	CHKB
25999	CLIP3
54346	UNC93A
10600	USP16
11201	POLI
64403	CDH24
83416	FCRL5
23131	GPATCH8
162972	ZNF550
283578	TMED8
1358	CPA2
9121	SLC16A5
54344	DPM3
341350	OVCH1
2689	GH2
51566	ARMCX3
54414	SIAE
79573	TTC13
81556	INTS14
5205	ATP8B1
9617	MTRF1
8613	PLPP3
144501	KRT80
9427	ECEL1
8277	TKTL1
93349	SP140L
123283	TARS3
84684	INSM2
116362	RBP7
27154	BRPF3
402381	SOHLH1
26061	HACL1
201562	HACD2
375484	SIMC1
127795	C1orf87
6422	SFRP1
79912	PYROXD1
170506	DHX36
518	ATP5MC3
9603	NFE2L3
57763	ANKRA2
8721	EDF1
90133	KRT8P12
221184	CPNE2
55768	NGLY1
283576	ZDHHC22
51294	PCDH12
90427	BMF
114038	LINC00313
79635	CCDC121
11006	LILRB4
122553	TRAPPC6B
5913	RAPSN
10216	PRG4
51274	KLF3
200576	PIKFYVE
56942	CMC2
4490	MT1B
23247	KATNIP
197322	ACSF3
84152	PPP1R1B
51714	SELENOT
51129	ANGPTL4
98	ACYP2
57609	DIP2B
26528	DAZAP1
84328	LZIC
282809	POC1B
83638	C11orf68
146822	CDRT15
58513	EPS15L1
10917	BTNL3
255308	EIF2S3B
8654	PDE5A
51011	FAHD2A
10103	TSPAN1
50649	ARHGEF4
126961	H3C14
163227	ZNF100
8792	TNFRSF11A
114771	PGLYRP3
3938	LCT
26059	ERC2
85441	HELZ2
55920	RCC2
79872	CBLL1
58473	PLEKHB1
89790	SIGLEC10
1968	EIF2S3
6005	RHAG
78990	OTUB2
28512	NKIRAS1
112936	VPS26B
400506	KNOP1
11216	AKAP10
57447	NDRG2
7292	TNFSF4
10324	KLHL41
78986	DUSP26
4108	MAGEA9
60682	SMAP1
11075	STMN2
162966	ZNF600
51373	MRPS17
91624	NEXN
1761	DMRT1
3268	AGFG2
10725	NFAT5
57468	SLC12A5
116372	LYPD1
200634	KRTCAP3
83540	NUF2
64393	ZMAT3
55748	CNDP2
2331	FMOD
51303	FKBP11
80139	ZNF703
91461	PKDCC
79848	CSPP1
55013	MCUB
54977	SLC25A38
54991	C1orf159
55659	ZNF416
3988	LIPA
5551	PRF1
64816	CYP3A43
114827	FHAD1
9839	ZEB2
9914	ATP2C2
51768	TM7SF3
29087	THYN1
56931	DUS3L
2346	FOLH1
11141	IL1RAPL1
29968	PSAT1
10230	NBR2
55082	ARGLU1
56926	NCLN
79134	TMEM185B
2128	EVX1
203328	SUSD3
202299	LINC01554
84946	LTV1
148109	FAM187B
64135	IFIH1
11067	DEPP1
55652	SLC48A1
5744	PTHLH
57642	COL20A1
64397	ZNF106
63874	ABHD4
220359	TIGD3
84525	HOPX
126068	ZNF441
8857	FCGBP
8911	CACNA1I
114781	BTBD9
9697	TRAM2
1002	CDH4
30811	HUNK
3347	HTN3
8209	GATD3A
23075	SWAP70
55322	C5orf22
79568	MAIP1
30832	ZNF354C
84938	ATG4C
23030	KDM4B
23241	PACS2
55355	HJURP
51528	JKAMP
124923	RSKR
145258	GSC
259282	BOD1L1
340348	TSPAN33
374355	CCDC172
316	AOX1
26015	RPAP1
8566	PDXK
58493	INIP
8787	RGS9
79621	RNASEH2B
137695	TMEM68
3904	LAIR2
79944	L2HGDH
84293	PRXL2A
64981	MRPL34
55286	C4orf19
5444	PON1
23431	AP4E1
1378	CR1
8854	ALDH1A2
8509	NDST2
94241	TP53INP1
55214	P3H2
64283	ARHGEF28
133522	PPARGC1B
2840	GPR17
57706	DENND1A
51005	AMDHD2
170394	PWWP2B
84689	MS4A14
440400	RNASEK
116985	ARAP1
7701	ZNF142
1617	DAZ1
26958	COPG2
25870	SUMF2
79728	PALB2
91582	RPS19BP1
29988	SLC2A8
8382	NME5
128308	MRPL55
113179	ADAT3
27190	IL17B
90864	SPSB3
221074	SLC39A12
201931	TMEM192
6898	TAT
256302	NATD1
91057	CCDC34
148398	SAMD11
6496	SIX3
56776	FMN2
2864	FFAR1
54802	TRIT1
90506	LRRC46
10973	ASCC3
8228	PNPLA4
165545	DQX1
84254	CAMKK1
51062	ATL1
3443	IFNA6
6750	SST
114134	SLC2A13
100131303	DPEP2NB
84437	MSANTD4
6291	SAA4
51015	ISOC1
3820	KLRB1
284427	SLC25A41
1769	DNAH8
844	CASQ1
51272	BET1L
91523	PCED1B
83452	RAB33B
252969	NEIL2
23072	HECW1
1337	COX6A1
64844	MARCHF7
11018	TMED1
64764	CREB3L2
64855	NIBAN2
340527	NHSL2
79731	NARS2
255275	MYADML2
55676	SLC30A6
203286	ANKS6
23478	SEC11A
349667	RTN4RL2
7693	ZNF134
9668	ZNF432
150383	CDPF1
26224	FBXL3
148156	ZNF558
55437	STRADB
9227	LRAT
80210	ARMC9
200734	SPRED2
90390	MED30
149111	CNIH3
84620	ST6GAL2
51234	EMC4
64151	NCAPG
57488	ESYT2
57105	CYSLTR2
285386	TPRG1
255809	C19orf38
5273	SERPINB10
51372	TMA7
152815	THAP6
2946	GSTM2
219348	PLAC9
223	ALDH9A1
80128	TRIM46
91748	MIDEAS
140831	ZSWIM3
284716	RIMKLA
83787	ARMC10
6677	SPAM1
3386	ICAM4
112755	STX1B
134429	STARD4
83874	TBC1D10A
128229	TSACC
79946	C10orf95
54429	TAS2R5
2578	GAGE6
80352	RNF39
245972	ATP6V0D2
6296	ACSM3
10588	MTHFS
57519	STARD9
91433	RCCD1
3363	HTR7
27034	ACAD8
6529	SLC6A1
51268	PIPOX
56246	MRAP
55776	SAYSD1
4071	TM4SF1
81490	PTDSS2
6690	SPINK1
57379	AICDA
112939	NACC1
147525	LINC00526
57619	SHROOM3
84690	SPATA22
29081	METTL5
93099	DMKN
113791	PIK3IP1
55795	PCID2
7461	CLIP2
5069	PAPPA
8526	DGKE
5652	PRSS8
8909	ENDOU
4685	NCAM2
8456	FOXN1
79077	DCTPP1
57496	MRTFB
55223	TRIM62
54619	CCNJ
154214	RNF217
57407	NMRAL1
81626	SHCBP1L
399947	C11orf87
10841	FTCD
8891	EIF2B3
142678	MIB2
150465	TTL
225	ABCD2
286262	TPRN
28954	REM1
54795	TRPM4
197131	UBR1
149950	NOL4L-DT
10581	IFITM2
155465	AGR3
7293	TNFRSF4
55743	CHFR
1381	CRABP1
55466	DNAJA4
653509	SFTPA1
79178	THTPA
22891	ZNF365
30820	KCNIP1
6519	SLC3A1
126382	NR2C2AP
84720	PIGO
7699	ZNF140
79230	ZNF557
27231	NMRK2
57453	DSCAML1
2830	GPR6
285533	RNF175
25851	TECPR1
4151	MB
29969	MDFIC
4200	ME2
926	CD8B
3595	IL12RB2
51151	SLC45A2
114548	NLRP3
56956	LHX9
51066	SSUH2
54861	SNRK
51603	METTL13
125150	ZSWIM7
170463	SSBP4
140606	SELENOM
114789	SLC25A25
116988	AGAP3
11278	KLF12
79921	TCEAL4
94086	HSPB9
23452	ANGPTL2
27324	TOX3
5506	PPP1R3A
10858	CYP46A1
26284	ERAL1
64108	RTP4
89866	SEC16B
9381	OTOF
29982	NRBF2
79033	ERI3
9196	KCNAB3
84457	PHYHIPL
9649	RALGPS1
22944	KIN
5251	PHEX
79071	ELOVL6
5644	PRSS1
56108	PCDHGA7
79733	E2F8
7582	ZNF33B
84910	TMEM87B
29058	TMEM230
84809	CROCCP2
134266	GRPEL2
79885	HDAC11
65055	REEP1
79639	TMEM53
342096	GOLGA6A
139628	FOXR2
59352	LGR6
80344	DCAF11
89927	BMERB1
90459	ERI1
57662	CAMSAP3
55721	IQCC
9654	TTLL4
59344	ALOXE3
64411	ARAP3
60343	FAM3A
84449	ZNF333
84973	SNHG7
114294	LACTB
3808	KIR2DS3
56978	PRDM8
284359	IZUMO1
256646	NUTM1
3361	HTR5A
55568	GALNT10
57591	MRTFA
387357	THEMIS
130589	GALM
115362	GBP5
83707	TRPT1
1594	CYP27B1
10840	ALDH1L1
64425	POLR1E
54707	GPN2
8507	ENC1
2766	GMPR
56944	OLFML3
8303	SNN
10056	FARSB
2250	FGF5
63899	NSUN3
8263	F8A1
80331	DNAJC5
140807	KRT72
57462	MYORG
5738	PTGFRN
192683	SCAMP5
80759	KHDC1
64240	ABCG5
653067	XAGE1B
4584	MUC3A
118987	PDZD8
90589	ZNF625
286077	FAM83H
55521	TRIM36
9870	AREL1
84307	ZNF397
81562	LMAN2L
6512	SLC1A7
79675	FASTKD1
6276	S100A5
2576	GAGE4
389136	VGLL3
22877	MLXIP
55802	DCP1A
26050	SLITRK5
3175	ONECUT1
92999	ZBTB47
84892	POMGNT2
7483	WNT9A
196500	PIANP
55316	RSAD1
25966	C2CD2
55613	MTMR8
84072	HORMAD1
8832	CD84
10741	RBBP9
57798	GATAD1
162461	TMEM92
55959	SULF2
22895	RPH3A
57038	RARS2
134353	LSM11
149371	EXOC8
23017	FAIM2
84193	SETD3
9993	DGCR2
51156	SERPINA10
1088	CEACAM8
90011	KIR3DX1
1557	CYP2C19
341208	HEPHL1
172	AFG3L1P
1551	CYP3A7
284415	VSTM1
84891	ZSCAN10
57403	RAB22A
121504	H4-16
155006	TMEM213
201475	RAB12
6444	SGCD
92305	TMEM129
83692	CD99L2
54900	LAX1
89122	TRIM4
387990	TOMM20L
28971	AAMDC
8840	CCN4
152687	ZNF595
203228	C9orf72
10899	JTB
164091	PAQR7
55683	KANSL3
169792	GLIS3
222256	CDHR3
26065	LSM14A
91749	MFSD4B
29035	C16orf72
3682	ITGAE
2020	EN2
27293	SMPDL3B
128869	PIGU
56834	GPR137
139081	MAGEC3
11010	GLIPR1
84190	METTL25
157680	VPS13B
54936	ADPRS
486	FXYD2
23670	CEMIP2
3888	KRT82
388969	C2orf68
84514	GHDC
2294	FOXF1
116154	PHACTR3
84128	WDR75
27178	IL37
2843	GPR20
635	BHMT
10231	RCAN2
123811	CEP20
54970	TTC12
51761	ATP8A2
84068	SLC10A7
5239	PGM5
199675	MCEMP1
119710	IFTAP
11209	MST1P2
6530	SLC6A2
85377	MICALL1
10645	CAMKK2
246213	SLC17A8
57492	ARID1B
145957	NRG4
643853	TMPPE
84064	HDHD2
56888	KCMF1
23568	ARL2BP
26469	PTPN18
23576	DDAH1
150572	SMYD1
4185	ADAM11
1258	CNGB1
221785	ZSCAN25
84922	FIZ1
80108	ZFP2
9214	FCMR
151230	KLHL23
10333	TLR6
51083	GAL
285672	SREK1IP1
114900	C1QTNF4
79609	VCPKMT
170622	COMMD6
116541	MRPL54
5619	PRM1
121642	ALKBH2
1497	CTNS
116039	OSR2
57010	CABP4
9923	ZBTB40
55687	TRMU
4825	NKX6-1
51018	RRP15
55210	ATAD3A
90826	PRMT9
343069	HNRNPCL1
8642	DCHS1
25901	CCDC28A
86614	HSFY1
60489	APOBEC3G
27296	TP53TG5
51271	UBAP1
89853	MVB12B
4640	MYO1A
4857	NOVA1
6716	SRD5A2
2693	GHSR
93664	CADPS2
26509	MYOF
166968	MIER3
63935	PCIF1
9937	DCLRE1A
286410	ATP11C
168620	BHLHA15
4025	LPO
171546	SPTSSA
2658	GDF2
128178	EDARADD
482	ATP1B2
79693	YRDC
11145	PLAAT3
285966	TCAF2
4594	MMUT
4317	MMP8
54503	ZDHHC13
85459	CEP295
57704	GBA2
56477	CCL28
10746	MAP3K2
57795	BRINP2
83473	KATNAL2
79939	SLC35E1
51101	ZC2HC1A
124995	MRPL10
57115	PGLYRP4
401152	C4orf3
84256	FLYWCH1
56181	MTFR1L
56937	PMEPA1
57554	LRRC7
24	ABCA4
1299	COL9A3
84759	PCGF1
6247	RS1
869	CBLN1
112942	CFAP36
60560	NAA35
9311	ASIC3
4504	MT3
51622	CCZ1
30848	CTAG2
128439	SNHG11
51451	LCMT1
57538	ALPK3
126	ADH1C
90956	ADCK2
126792	B3GALT6
166863	RBM46
165829	GPR156
81573	ANKRD13C
81532	MOB2
202151	RANBP3L
25974	MMACHC
54989	ZNF770
3645	INSRR
53637	S1PR5
80012	PHC3
123263	MTFMT
56141	PCDHA7
9162	DGKI
91775	NXPE3
55593	OTUD5
200895	DHFR2
282808	RAB40AL
150962	PUS10
203068	TUBB
254122	SNX32
139422	MAGEB10
55359	STYK1
27123	DKK2
5168	ENPP2
3346	HTN1
9138	ARHGEF1
10875	FGL2
203259	FAM219A
51703	ACSL5
10266	RAMP2
51547	SIRT7
6447	SCG5
80818	ZNF436
80255	SLC35F5
56062	KLHL4
55974	SLC50A1
23139	MAST2
282974	STK32C
63970	TP53AIP1
54741	LEPROT
57817	HAMP
113130	CDCA5
283458	NME2P1
51206	GP6
51455	REV1
440295	GOLGA6L9
64342	HS1BP3
4826	NNAT
22996	TTC39A
163033	ZNF579
84124	ZNF394
26273	FBXO3
26034	IPCEF1
91614	DEPDC7
23768	FLRT2
57549	IGSF9
353174	ZACN
23259	DDHD2
54848	ARHGEF38
651	BMP3
57827	C6orf47
22854	NTNG1
6263	RYR3
57595	PDZD4
8644	AKR1C3
11138	TBC1D8
55841	WWC3
55733	HHAT
50507	NOX4
162681	C18orf54
10217	CTDSPL
25914	RTTN
148932	MOB3C
140689	CBLN4
6556	SLC11A1
5961	PRPH2
56986	DTWD1
57402	S100A14
26140	TTLL3
79710	MORC4
27113	BBC3
55891	LENEP
27146	FAM184B
387263	C6orf120
137735	ABRA
9364	RAB28
3250	HPR
51154	MRTO4
313	AOAH
59284	CACNG7
9765	ZFYVE16
23213	SULF1
55151	TMEM38B
9120	SLC16A6
51454	GULP1
6707	SPRR3
200186	CRTC2
84942	WDR73
57393	CLTRN
8433	UTF1
148870	CCDC27
10501	SEMA6B
2918	GRM8
4494	MT1F
6487	ST3GAL3
5539	PPY
23096	IQSEC2
54981	NMRK1
219409	GSX1
63826	SRR
341640	FREM2
55888	ZKSCAN7
142685	ASB15
54995	OXSM
80003	PCNX2
130576	LYPD6B
53632	PRKAG3
51371	POMP
23284	ADGRL3
8634	RTCA
55684	RABL6
6360	CCL16
81873	ARPC5L
26499	PLEK2
6580	SLC22A1
57711	ZNF529
8817	FGF18
25841	ABTB2
1427	CRYGS
54969	HPF1
26263	FBXO22
2849	GPR26
80025	PANK2
3803	KIR2DL2
152185	SPICE1
2913	GRM3
83401	ELOVL3
79691	QTRT2
112752	IFT43
83547	RILP
1581	CYP7A1
55793	MINDY1
56911	MAP3K7CL
55907	CMAS
4072	EPCAM
10650	PRELID3A
9488	PIGB
64848	YTHDC2
79780	CCDC82
9865	TRIL
64145	RBSN
1235	CCR6
23642	SNHG1
339302	CPLX4
283471	TMPRSS12
55915	LANCL2
166793	ZBTB49
55778	ZNF839
92565	FANK1
64798	DEPTOR
161424	NOP9
126006	PCP2
4975	OMP
2543	GAGE1
9684	LRRC14
283514	SIAH3
92162	TMEM88
28992	MACROD1
51020	HDDC2
50862	RNF141
57128	LYRM4
389084	SNORC
282991	BLOC1S2
149603	RNF187
64167	ERAP2
954	ENTPD2
57696	DDX55
5222	PGA5
84735	CNDP1
6988	TCTA
1545	CYP1B1
134860	TAAR9
57455	REXO1
391123	VSIG8
158798	AKAP14
3483	IGFALS
55213	RCBTB1
163259	DENND2C
3426	CFI
27166	PRELID1
57685	CACHD1
112398	EGLN2
80832	APOL4
54857	GDPD2
57526	PCDH19
55831	EMC3
5613	PRKX
84103	C4orf17
50808	AK3
124930	ANKRD13B
151473	SLC16A14
84215	ZNF541
53345	TM6SF2
57167	SALL4
64761	PARP12
54905	CYP2W1
389840	MAP3K15
56910	STARD7
89870	TRIM15
57134	MAN1C1
727897	MUC5B
80117	ARL14
7103	TSPAN8
8804	CREG1
126626	GABPB2
118924	FRA10AC1
3976	LIF
55179	FAIM
79176	FBXL15
430	ASCL2
51339	DACT1
137075	CLDN23
23116	TOGARAM1
81876	RAB1B
3451	IFNA17
93109	TMEM44
6913	TBX15
4583	MUC2
80305	TRABD
7504	XK
22993	HMGXB3
1768	DNAH6
26095	PTPN20
347365	ITIH6
84665	MYPN
64332	NFKBIZ
10347	ABCA7
203427	SLC25A43
374877	TEX45
64943	NT5DC2
440574	MICOS10
56605	ERO1B
92689	FAM114A1
124093	CCDC78
171484	FAM9C
27240	SIT1
148753	FAM163A
55190	NUDT11
54538	ROBO4
221806	VWDE
11279	KLF8
8637	EIF4EBP3
133418	EMB
7442	TRPV1
146862	UNC45B
2914	GRM4
284390	ZNF763
84968	PNMA6A
83992	CTTNBP2
57047	PLSCR2
159686	CFAP58
57338	JPH3
168090	C6orf118
54814	QPCTL
22881	ANKRD6
84675	TRIM55
116254	GINM1
8811	GALR2
117579	RLN3
55163	PNPO
283933	ZNF843
4636	MYL5
91869	RFT1
55071	C9orf40
3805	KIR2DL4
27290	SPINK4
339665	SLC35E4
89778	SERPINB11
196483	EEF2KMT
5146	PDE6C
11154	AP4S1
5178	PEG3
10235	RASGRP2
284695	ZNF326
79803	HPS6
153642	ARSK
222894	FERD3L
5122	PCSK1
9750	RIPOR2
79585	CORO7
84171	LOXL4
23483	TGDS
26191	PTPN22
54996	MTARC2
9645	MICAL2
283349	RASSF3
11251	PTGDR2
26952	SMR3A
148254	ZNF555
7399	USH2A
9130	FAM50A
55049	REX1BD
90411	MCFD2
55870	ASH1L
1215	CMA1
84133	ZNRF3
22869	ZNF510
56890	MDM1
1179	CLCA1
221061	FAM171A1
79646	PANK3
51365	PLA1A
79081	LBHD1
113263	GLCCI1
132320	SCLT1
22818	COPZ1
9034	CCRL2
55667	DENND4C
121260	SLC15A4
339324	ZNF260
23509	POFUT1
84154	RPF2
4585	MUC4
256126	SYCE2
197320	ZNF778
8534	CHST1
51088	KLHL5
338785	KRT79
57104	PNPLA2
146956	EME1
6043	SNORA63
57348	TTYH1
219621	CABCOCO1
154141	MBOAT1
4983	OPHN1
116224	PABIR1
51360	MBTPS2
53373	TPCN1
26278	SACS
26872	STEAP1
140460	ASB7
6991	DYNLT2
84251	SGIP1
23231	SEL1L3
79363	CPLANE2
79589	RNF128
7120	TMSB4XP6
54894	RNF43
6870	TACR3
117157	SH2D1B
81579	PLA2G12A
84950	PRPF38A
201292	TRIM65
6847	SYCP1
128153	SPATA17
124872	B4GALNT2
285203	EOGT
3236	HOXD10
60487	TRMT11
246176	GAS2L2
80023	NRSN2
23105	FSTL4
79651	RHBDF2
9437	NCR1
113402	SFT2D1
84879	MFSD2A
10500	SEMA6C
84524	ZC3H8
23365	ARHGEF12
53918	PELO
79177	ZNF576
337867	UBAC2
283229	CRACR2B
9032	TM4SF5
11273	ATXN2L
166929	SGMS2
60559	SPCS3
54625	PARP14
11185	INMT
201254	CENPX
65987	KCTD14
340542	BEX5
8685	MARCO
171177	RHOV
79002	TRIR
57404	CYP20A1
55628	ZNF407
254394	MCM9
55196	RESF1
246	ALOX15
28568	TRBV19
64421	DCLRE1C
130617	ZFAND2B
80745	THUMPD2
51292	GMPR2
56101	PCDHGB5
11037	STON1
23660	ZKSCAN5
79632	FAM184A
79174	CRELD2
7976	FZD3
90273	CEACAM21
84108	PCGF6
10239	AP3S2
4062	LY6H
155368	METTL27
252884	ZNF396
203102	ADAM32
54567	DLL4
440435	GPR179
8326	FZD9
55572	FOXRED1
199731	CADM4
3903	LAIR1
5225	PGC
79840	NHEJ1
4325	MMP16
168002	DACT2
11333	PDAP1
84936	ZFYVE19
221981	THSD7A
84967	LSM10
154197	PNLDC1
83605	CCM2
79078	C1orf50
8929	PHOX2B
6902	TBCA
11044	TENT4A
115098	CCDC124
23025	UNC13A
220136	CFAP53
29901	SAC3D1
283849	EXOC3L1
84218	TBC1D3F
55781	RIOK2
4987	OPRL1
80303	EFHD1
201305	SPNS3
129530	LYG1
150696	PROM2
84899	TMTC4
7581	ZNF33A
10463	SLC30A9
2814	GP5
58155	PTBP2
56655	POLE4
25925	ZNF521
9423	NTN1
387522	PEDS1-UBE2V1
85016	CFAP300
6006	RHCE
23767	FLRT3
89848	FCHSD1
339005	WHAMMP3
83481	EPPK1
146433	IL34
9122	SLC16A4
256471	MFSD8
27075	TSPAN13
9057	SLC7A6
28614	TRBV5-1
56130	PCDHB6
5569	PKIA
81858	SHARPIN
3126	HLA-DRB4
2300	FOXL1
245915	DEFB112
124626	ZPBP2
9840	TESPA1
91893	FDXACB1
340385	ZNF517
87769	GGACT
96459	FNIP1
4146	MATN1
285180	RUFY4
26049	FAM169A
122786	FRMD6
25794	FSCN2
9556	ATP5MJ
124590	USH1G
28673	TRAV12-2
8074	FGF23
84301	DDI2
55317	AP5S1
1082	CGB3
317772	H2AC21
28	ABO
9633	TESMIN
10326	SIRPB1
2657	GDF1
121214	SDR9C7
51106	TFB1M
147372	CCBE1
85329	LGALS12
51540	SCLY
7057	THBS1
83894	TTC29
8572	PDLIM4
4065	LY75
8284	KDM5D
114785	MBD6
10407	SPAG11B
63920	ZBED8
58503	OPRPN
119392	SFR1
124359	CDYL2
6702	SPRR2C
140881	DEFB129
1636	ACE
10864	SLC22A7
160418	TMTC3
8620	NPFF
118424	UBE2J2
51805	COQ3
59350	RXFP1
114049	BUD23
5723	PSPH
2262	GPC5
9909	DENND4B
254048	UBN2
5463	POU6F1
7380	UPK3A
283985	FADS6
84206	MEX3B
57050	UTP3
56103	PCDHGB2
1010	CDH12
10686	CLDN16
64900	LPIN3
388695	LYSMD1
54602	NDFIP2
730755	KRTAP2-3
286053	NSMCE2
3291	HSD11B2
83882	TSPAN10
283373	ANKRD52
2675	GFRA2
152573	SHISA3
10267	RAMP1
90187	EMILIN3
57030	SLC17A7
203245	NAIF1
285753	CEP57L1
80325	ABTB1
149345	SHISA4
9288	TAAR3P
4668	NAGA
10507	SEMA4D
64924	SLC30A5
57646	USP28
51575	ESF1
132720	FAM241A
387836	CLEC2A
115399	LRRC56
222229	LRWD1
514	ATP5F1E
9201	DCLK1
54954	FAM120C
55742	PARVA
83448	PUS7L
80835	TAS1R1
84162	KIAA1109
253827	MSRB3
10721	POLQ
79934	COQ8B
284086	NEK8
51012	PRELID3B
28559	TRBV28
55707	NECAP2
85014	TMEM141
26084	ARHGEF26
384	ARG2
7077	TIMP2
84282	RNF135
8418	CMAHP
55119	PRPF38B
116135	LRRC3B
342510	CD300E
155061	ZNF746
26000	TBC1D10B
3118	HLA-DQA2
148979	GLIS1
9473	THEMIS2
54920	DUS2
80164	PRR36
3067	HDC
55530	SVOP
162494	RHBDL3
80154	GOLGA2P10
28970	C11orf54
10402	ST3GAL6
347862	GATD1
55654	TMEM127
84875	PARP10
219333	USP12
1805	DPT
2646	GCKR
57580	PREX1
1033	CDKN3
57465	TBC1D24
221472	FGD2
25987	TSKU
83483	PLVAP
23037	PDZD2
9375	TM9SF2
55357	TBC1D2
54664	TMEM106B
57221	ARFGEF3
359787	DPPA3
129831	RBM45
55218	EXD2
4974	OMG
653437	AQP12B
58484	NLRC4
84722	PSRC1
56474	CTPS2
199	AIF1
64218	SEMA4A
84993	UBL7
79191	IRX3
81691	REXO5
79153	GDPD3
84275	SLC25A33
91409	CCDC74B
65267	WNK3
54658	UGT1A1
201232	SLC16A13
85313	PPIL4
23142	DCUN1D4
57663	USP29
135293	PM20D2
6703	SPRR2D
55277	FGGY
50508	NOX3
57670	KIAA1549
140775	SMCR8
121536	AEBP2
58528	RRAGD
221749	PXDC1
154791	FMC1
4247	MGAT2
5244	ABCB4
503497	MS4A13
92335	STRADA
137886	UBXN2B
79930	DOK3
9955	HS3ST3A1
150221	RIMBP3C
255758	DYNLT2B
138255	C9orf135
378949	RBMY1D
83608	C18orf21
57127	RHBG
79661	NEIL1
55958	KLHL9
57157	PHTF2
6372	CXCL6
152002	XXYLT1
78989	COLEC11
140683	BPIFA2
83590	TMUB1
63928	CHP2
80063	ATF7IP2
55074	OXR1
26762	HAVCR1
552900	BOLA2
134957	STXBP5
163786	SASS6
6833	ABCC8
84258	SYT3
8714	ABCC3
219541	MED19
23263	MCF2L
89765	RSPH1
51111	KMT5B
9508	ADAMTS3
10129	FRY
23148	NACAD
51057	WDPCP
54734	RAB39A
6609	SMPD1
9087	TMSB4Y
8822	FGF17
65268	WNK2
80212	CCDC92
91807	MYLK3
206358	SLC36A1
64077	LHPP
128674	PROKR2
56102	PCDHGB3
6101	RP1
146909	KIF18B
7429	VIL1
80301	PLEKHO2
150677	OTOS
387032	ZKSCAN4
10045	SH2D3A
378708	CENPS
80309	SPHKAP
23108	RAP1GAP2
27445	PCLO
284338	PRR19
23101	MCF2L2
85443	DCLK3
55020	TTC38
1352	COX10
57109	REXO4
50515	CHST11
3814	KISS1
10400	PEMT
4520	MTF1
89796	NAV1
139285	AMER1
400916	CHCHD10
6036	RNASE2
80207	OPA3
400120	SERTM1
2712	GK2
55192	DNAJC17
145567	TTC7B
57575	PCDH10
131450	CD200R1
2527	FUT5
23769	FLRT1
6715	SRD5A1
80772	CPTP
728340	GTF2H2C
51725	FBXO40
55669	MFN1
27147	DENND2A
7032	TFF2
8821	INPP4B
10659	CELF2
79986	ZNF702P
80168	MOGAT2
152007	GLIPR2
3081	HGD
246744	STH
127253	TYW3
378950	RBMY1E
151648	SGO1
131	ADH7
5150	PDE7A
51400	PPME1
79586	CHPF
83942	TSSK1B
285282	RABL3
29989	OBP2B
25850	ZNF345
8542	APOL1
8537	BCAS1
404734	ANKHD1-EIF4EBP3
64651	CSRNP1
161753	ODF3L1
440184	CCDC196
132299	OCIAD2
7079	TIMP4
7424	VEGFC
55224	ETNK2
257019	FRMD3
11149	BVES
80318	GKAP1
10150	MBNL2
91010	FMNL3
81789	TIGD6
83986	FAM234A
105	ADARB2
51306	FAM13B
57449	PLEKHG5
169981	SPIN3
54874	FNBP1L
119391	GSTO2
23401	FRAT2
54952	TRNAU1AP
79957	PAQR6
80018	NAA25
219771	CCNY
10991	SLC38A3
64118	DUS1L
26539	OR10H1
51237	MZB1
9211	LGI1
119467	CLRN3
85476	GFM1
131566	DCBLD2
57645	POGK
6557	SLC12A1
6751	SSTR1
3747	KCNC2
3906	LALBA
144402	CPNE8
51260	PBDC1
221491	SMIM29
7127	TNFAIP2
83552	MFRP
795	S100G
26797	SNORD52
7562	ZNF708
85360	SYDE1
85481	PSKH2
220992	ZNF485
165100	TEX44
246175	CNOT6L
114876	OSBPL1A
26226	FBXW4P1
63929	XPNPEP3
10344	CCL26
84159	ARID5B
9758	FRMPD4
55600	ITLN1
160777	CCDC60
114609	TIRAP
127534	GJB4
79745	CLIP4
64343	AZI2
79709	COLGALT1
79744	ZNF419
6947	TCN1
164153	UBL4B
55088	CCDC186
148738	HJV
51115	RMDN1
9988	DMTF1
64766	S100PBP
3765	KCNJ9
90525	SHF
55709	KBTBD4
6793	STK10
57337	SENP7
143872	ARHGAP42
28793	IGLV3-25
7596	ZNF45
57191	VN1R1
113000	RPUSD1
26230	TIAM2
64064	OXCT2
26269	FBXO8
255057	CBARP
201163	FLCN
27335	EIF3K
123879	DCUN1D3
25890	ABI3BP
135250	RAET1E
92104	TTC30A
55063	ZCWPW1
55785	FGD6
7258	TSPY1
30834	POLR1H
84081	NSRP1
10485	MIR9-1HG
6698	SPRR1A
55622	TTC27
112714	TUBA3E
79865	TREML2
115201	ATG4A
113026	PLCD3
54742	LY6K
140432	RNF113B
1955	MEGF9
9542	NRG2
55790	CSGALNACT1
55276	PGM2
79893	GGNBP2
5279	PIGC
8694	DGAT1
80851	SH3BP5L
6514	SLC2A2
155054	ZNF425
10846	PDE10A
79074	C2orf49
83933	HDAC10
2636	GBX1
153020	RASGEF1B
2297	FOXD1
148022	TICAM1
60681	FKBP10
25924	MYRIP
145773	FAM81A
93643	TJAP1
51065	RPS27L
84645	C22orf23
79849	PDZD3
84164	ASCC2
10157	AASS
304	ANXA2P2
127602	DNAH14
92747	BPIFB1
153733	CCDC112
54777	CFAP46
55862	ECHDC1
55690	PACS1
29850	TRPM5
27134	TJP3
2121	EVC
9790	BMS1
54363	HAO1
1549	CYP2A7
403313	PLPP6
253558	LCLAT1
84172	POLR1B
9297	SNORD29
198437	LKAAEAR1
2015	ADGRE1
9723	SEMA3E
3834	KIF25
3779	KCNMB1
91304	TMEM259
29066	ZC3H7A
9398	CD101
60675	PROK2
7045	TGFBI
339779	PRR30
4503	MT2P1
10164	CHST4
23208	SYT11
2900	GRIK4
26033	ATRNL1
57664	PLEKHA4
50836	TAS2R8
154043	CNKSR3
53919	SLCO1C1
55347	ABHD10
29880	ALG5
56261	GPCPD1
29929	ALG6
57687	VAT1L
9056	SLC7A7
54796	BNC2
56155	TEX14
79877	DCAKD
54758	KLHDC4
6066	RNU2-1
254863	TMEM256
7682	MKRN4P
392307	FAM221B
92017	SNX29
22829	NLGN4Y
79642	ARSJ
64901	RANBP17
51166	AADAT
149465	CFAP57
56849	TCEAL7
150094	SIK1
29796	UQCR10
51278	IER5
85458	DIXDC1
7482	WNT2B
51710	ZNF44
84466	MEGF10
166614	DCLK2
126282	TNFAIP8L1
343099	CCDC18
57509	MTUS1
56604	TUBB7P
80129	CCDC170
54856	GON4L
124446	TMEM219
22921	MSRB2
6002	RGS12
137392	CIBAR1
348174	CLEC18A
1293	COL6A3
197257	LDHD
2028	ENPEP
88745	RRP36
81627	TRMT1L
84273	NOA1
29998	BICRA
8862	APLN
146723	CD300LD-AS1
92211	CDHR1
80095	ZNF606
79075	DSCC1
9808	KIAA0087
126661	CCDC163
152789	JAKMIP1
219927	MRPL21
1139	CHRNA7
8701	DNAH11
79581	SLC52A2
84223	IQCG
1673	DEFB4A
6511	SLC1A6
57095	PITHD1
84725	PLEKHA8
221927	BRAT1
10861	SLC26A1
7366	UGT2B15
81875	ISG20L2
10224	ZNF443
221264	AK9
10631	POSTN
9600	PITPNM1
114335	CGB1
201299	RDM1
221322	TBC1D32
113246	C12orf57
2304	FOXE1
90843	TCEAL8
23416	KCNH3
5367	PMCH
79898	ZNF613
57470	LRRC47
84902	CEP89
89869	PLCZ1
284129	SLC26A11
79004	CUEDC2
256364	EML3
254065	BRWD3
146434	ZNF597
115950	ZNF653
157638	LRATD2
338872	C1QTNF9
123355	LRRC28
338376	IFNE
84873	ADGRG7
55336	FBXL8
3167	HMX2
431707	LHX8
128486	FITM2
147837	ZNF563
201799	TMEM154
25943	DNAAF9
28815	IGLV2-14
114897	C1QTNF1
2837	UTS2R
7473	WNT3
9965	FGF19
134864	TAAR1
65243	ZFP69B
83729	INHBE
1260	CNGA2
8309	ACOX2
26108	PYGO1
58985	IL22RA1
79094	CHAC1
84929	FIBCD1
10962	MLLT11
84187	TMEM164
8404	SPARCL1
94122	SYTL5
284680	SPATA46
7275	TUB
136371	ASB10
343071	PRAMEF10
90268	OTULIN
23550	PSD4
92370	PXYLP1
94059	LENG9
7539	ZFP37
140609	NEK7
84876	ORAI1
23398	PPWD1
129787	TMEM18
6448	SGSH
140467	ZNF358
126208	ZNF787
59274	TLNRD1
114879	OSBPL5
203523	ZNF449
54860	MS4A12
81617	CAB39L
81887	LAS1L
84628	NTNG2
922	CD5L
9831	ZNF623
65985	AACS
90007	MIDN
64375	IKZF4
129685	TAF8
169834	ZNF883
80864	EGFL8
51320	MEX3C
9083	BPY2
1841	DTYMK
84937	ZNRF1
2196	FAT2
2589	GALNT1
8846	ALKBH1
133121	ENPP6
81029	WNT5B
53831	GPR84
91851	CHRDL1
144455	E2F7
3547	IGSF1
6543	SLC8A2
89782	LMLN
142679	DUSP19
255189	PLA2G4F
2863	GPR39
9626	GUCA1C
29895	MYLPF
1538	CYLC1
55627	SMPD4
51667	NUB1
56975	FAM20C
26157	GIMAP2
8728	ADAM19
51144	HSD17B12
222	ALDH3B2
50801	KCNK4
23630	KCNE5
56126	PCDHB10
9881	TRANK1
145389	SLC38A6
3890	KRT84
84513	PLPP5
29106	SCG3
8800	PEX11A
112817	HOGA1
9024	BRSK2
56955	MEPE
2853	GPR31
55534	MAML3
283932	FBXL19-AS1
11317	RBPJL
80758	PRR7
2582	GALE
113189	CHST14
149986	LSM14B
11132	CAPN10
5638	PRRG1
124602	KIF19
91603	ZNF830
3824	KLRD1
23252	OTUD3
149175	MANEAL
10068	IL18BP
23362	PSD3
26047	CNTNAP2
10370	CITED2
151258	SLC38A11
51022	GLRX2
26502	NARF
282617	IFNL3
219447	OR5AS1
79665	DHX40
79442	LRRC2
114034	TOE1
9813	EFCAB14
79799	UGT2A3
83595	SOX7
23129	PLXND1
50511	SYCP3
9033	PKD2L1
317719	KLHL10
51754	TMEM8B
23245	ASTN2
63934	ZNF667
1419	CRYGB
10913	EDAR
10125	RASGRP1
54890	ALKBH5
115727	RASGRP4
284805	C20orf203
113675	SDSL
79092	CARD14
404672	GTF2H5
25911	DPCD
57217	TTC7A
94134	ARHGAP12
154075	SAMD3
6586	SLIT3
80834	TAS1R2
3116	HLA-DPB2
4902	NRTN
613212	CTXN3
10859	LILRB1
9304	SNORD22
170302	ARX
92675	DTD1
23194	FBXL7
9148	NEURL1
283987	HID1
144577	KICS2
245911	DEFB108B
79948	PLPPR3
122769	LRR1
5075	PAX1
137492	VPS37A
51302	CYP39A1
56300	IL36G
1005	CDH7
388559	ZNF888
8704	B4GALT2
6346	CCL1
26298	EHF
284309	ZNF776
255426	RASGEF1C
8609	KLF7
10178	TENM1
123016	TTC8
79717	PPCS
55664	CDC37L1
91612	CHURC1
55775	TDP1
55008	HERC6
26167	PCDHB5
79640	C22orf46
153918	ZC2HC1B
64895	PAPOLG
8564	KMO
5266	PI3
10780	ZNF234
205717	USF3
4991	OR1D2
58538	MPP4
285855	RPL7L1
652968	CASTOR1
54149	C21orf91
158405	KIAA1958
886	CCKAR
9170	LPAR2
54453	RIN2
27035	NOX1
55629	PNRC2
6508	SLC4A3
51495	HACD3
1565	CYP2D6
23258	DENND5A
84830	ADTRP
221476	PI16
1359	CPA3
4248	MGAT3
7783	ZP2
92960	PEX11G
148808	MFSD4A
2526	FUT4
258010	SVIP
25780	RASGRP3
81854	ZNF205-AS1
84274	COQ5
57513	CASKIN2
26582	DUX3
8995	TNFSF18
6545	SLC7A4
54518	APBB1IP
80231	TASL
11119	BTN3A1
55693	KDM4D
79845	RNF122
80790	CMIP
26811	SNORD55
117245	PLAAT5
80264	ZNF430
84335	AKT1S1
80099	PKD1L1-AS1
395	ARHGAP6
89932	PAPLN
80339	PNPLA3
91978	TPGS1
345930	ECT2L
2565	GABRG1
4948	OCA2
27443	CECR2
146223	CMTM4
56479	KCNQ5
55788	LMBRD1
51643	TMBIM4
90522	YIF1B
2359	FPR3
89978	DPH6
56899	ANKS1B
10692	RRH
7576	ZNF28
27127	SMC1B
25849	PARM1
81792	ADAMTS12
27106	ARRDC2
56132	PCDHB3
56123	PCDHB13
254773	LYG2
6967	TRGC2
127391	TMCO2
27164	SALL3
54545	MTMR12
10788	IQGAP2
51666	ASB4
79366	HMGN5
53836	GPR87
3136	HLA-H
57480	PLEKHG1
57523	NYNRIN
3786	KCNQ3
140686	WFDC3
79963	ABCA11P
124404	SEPTIN12
64759	TNS3
57001	SDHAF3
124	ADH1A
642612	TRIM49C
29063	ZCCHC4
388569	ZNF324B
130557	ZNF513
55601	DDX60
140628	GATA5
5314	PKHD1
84987	COX14
3324	HSP90AA2P
90293	KLHL13
138715	ARID3C
57720	GPR107
4935	GPR143
375346	STIMATE
196792	FAM24B
93550	ZFAND4
54873	PALMD
253725	WASHC2C
387914	SHISA2
11320	MGAT4A
55423	SIRPG
257144	GCSAM
92979	MARCHF9
134288	TMEM174
280	AMY2B
55186	SLC25A36
90355	MACIR
55343	SLC35C1
26683	OR4F3
2845	GPR22
353274	ZNF445
8659	ALDH4A1
390078	OR52E6
57677	ZFP14
83891	SNX25
124912	SPACA3
11024	LILRA1
54768	HYDIN
5988	RFPL1
114883	OSBPL9
2835	GPR12
127294	MYOM3
160065	PATE1
4829	NMBR
5238	PGM3
57648	KIAA1522
9069	CLDN12
54986	ULK4
84520	GON7
348938	NIPAL4
9023	CH25H
80724	ACAD10
83657	DYNLRB2
284618	RUSC1-AS1
26333	OR7A17
25956	SEC31B
373863	DND1
7177	TPSAB1
10371	SEMA3A
56670	SUCNR1
50838	TAS2R13
11156	PTP4A3
284837	AATBC
55531	ELMOD1
79810	PTCD2
140596	DEFB104A
55105	GPATCH2
139170	DCAF12L1
29906	ST8SIA5
5375	PMP2
91687	CENPL
54766	BTG4
9843	HEPH
7712	ZNF157
2681	GGTA1
245909	DEFB106A
8745	ADAM23
55150	C19orf73
84992	PIGY
84895	MIGA2
8643	PTCH2
81611	ANP32E
221613	H2AC1
10089	KCNK7
23305	ACSL6
55786	ZNF415
123803	NTAN1
27433	TOR2A
55728	N4BP2
4327	MMP19
23070	CMTR1
55852	TEX2
64236	PDLIM2
4717	NDUFC1
9957	HS3ST1
54914	FOCAD
259197	NCR3
64241	ABCG8
5288	PIK3C2G
57471	ERMN
84501	SPIRE2
10418	SPON1
125972	CALR3
27165	GLS2
151056	PLB1
63941	NECAB3
83715	ESPN
132789	GNPDA2
259217	HSPA12A
91179	SCARF2
282969	FUOM
200916	RPL22L1
266629	SEC14L3
24147	FJX1
115352	FCRL3
8532	CPZ
221786	FAM200A
653319	KIAA0895L
80110	ZNF614
5030	P2RY4
6546	SLC8A1
26873	OPLAH
79031	PDCL3
7425	VGF
64109	CRLF2
113277	TMEM106A
90161	HS6ST2
128061	C1orf131
57140	RNPEPL1
92949	ADAMTSL1
4477	MSMB
79679	VTCN1
220965	FAM13C
1421	CRYGD
1587	ADAM3A
11096	ADAMTS5
55315	SLC29A3
114805	GALNT13
129642	MBOAT2
151556	GPR155
157869	SBSPON
167681	PRSS35
406967	MIR192
641371	ACOT1
284058	KANSL1
253959	RALGAPA1
23316	CUX2
51738	GHRL
54805	CNNM2
57531	HACE1
91801	ALKBH8
200424	TET3
221692	PHACTR1
348980	HCN1
100131801	PET100
147381	CBLN2
406987	MIR204
6334	SCN8A
131669	UROC1
6369	CCL24
50856	CLEC4A
25805	BAMBI
93649	MYOCD
252995	FNDC5
406912	MIR125B2
406991	MIR21
9332	CD163
136259	KLF14
284207	METRNL
4883	NPR3
5986	RFNG
51201	ZDHHC2
55187	VPS13D
285172	FAM126B
5368	PNOC
9365	KL
11255	HRH3
50632	CALY
56848	SPHK2
57084	SLC17A6
9469	CHST3
23169	SLC35D1
56172	ANKH
91252	SLC39A13
132884	EVC2
203859	ANO5
285590	SH3PXD2B
284276	LINC00908
54210	TREM1
56624	ASAH2
83716	CRISPLD2
94235	GNG8
55532	SLC30A10
84947	SERAC1
5172	SLC26A4
5456	POU3F4
7007	TECTA
51168	MYO15A
64072	CDH23
65217	PCDH15
117531	TMC1
125336	LOXHD1
126326	GIPC3
146183	OTOA
152137	CCDC50
153562	MARVELD2
220074	LRTOMT
286676	ILDR1
375611	SLC26A5
389207	GRXCR1
407053	MIR96
493856	CISD2
494513	PJVK
4923	NTSR1
9177	HTR3B
10887	PROKR1
5024	P2RX3
6336	SCN10A
9607	CARTPT
11280	SCN11A
1907	EDN2
10911	UTS2
80216	ALPK1
6415	SELENOW
57282	SLC4A10
80816	ASXL3
340533	NEXMIF
59272	ACE2
4549	RNR1
160335	TMTC2
345895	RSPH4A
85480	TSLP
406919	MIR130A
406937	MIR145
406947	MIR155
494336	MIR424
219736	STOX1
1773	DNASE1
94025	MUC16
1842	ECM2
10561	IFI44
10824	DIAPH2-AS1
51554	ACKR4
80034	CSRNP3
10047	CST8
79730	NSUN7
83756	TAS1R3
339345	NANOS2
346562	GNAT3
387712	ENO4
100506658	OCLN
114907	FBXO32
374569	ASPG
338442	HCAR2
79823	CAMKMT
338811	TAFA2
140767	NRSN1
81693	AMN
79602	ADIPOR2
5158	PDE6B
84839	RAX2
114902	C1QTNF5
391051	UOX
100048912	CDKN2B-AS1
134218	DNAJC21
10060	ABCC9
92667	MGME1
121278	TPH2
57479	PRR12
653361	NCF1
54714	CNGB3
84627	ZNF469
162417	NAGS
84634	KISS1R
51733	UPB1
8622	PDE8B
85358	SHANK3
6335	SCN9A
59340	HRH4
151306	GPBAR1
5732	PTGER2
59335	PRDM12
729041	FAAHP1
4567	TRNL1
389015	SLC9A4
83893	SPATA16
7055	THAS
83879	CDCA7
7547	ZIC3
388531	RGS9BP
57582	KCNT1
2414	FRA7G
3137	HLA-J
3355	HTR1F
6538	SLC6A11
8128	ST8SIA2
8490	RGS5
8605	PLA2G4C
8633	UNC5C
8843	HCAR3
9348	NDST3
9481	SLC25A27
10151	HNRNPA3P1
10279	PRSS16
22904	SBNO2
23114	NFASC
23551	RASD2
26223	FBXL21P
27115	PDE7B
27184	DISC2
27189	IL17C
27201	GPR78
30816	ERVW-1
51735	RAPGEF6
54659	UGT1A3
54719	RNANC
55206	SBNO1
55784	MCTP2
55808	ST6GALNAC1
55879	GABRQ
56301	SLC7A10
57576	KIF17
58510	PRODH2
59283	CACNG8
64067	NPAS3
64478	CSMD1
64850	ETNPPL
80312	TET1
81033	KCNH6
83999	KREMEN1
84539	MCHR2
84687	PPP1R9B
84952	CGNL1
86123	YWHAZP5
89781	HPS4
89832	CHRFAM7A
90141	EFCAB11
90952	ESAM
91752	ZNF804A
93663	ARHGAP18
114784	CSMD2
115111	SLC26A7
116369	SLC26A8
116443	GRIN3A
119749	OR4C46
131177	FAM3D
135152	B3GAT2
147657	ZNF480
147929	ZNF565
151295	SLC23A3
154664	ABCA13
166378	SPATA5
169166	SNX31
200909	HTR3D
200933	FBXO45
202333	CMYA5
219790	RTKN2
221393	ADGRF4
223117	SEMA3D
255101	CFAP65
255239	ANKK1
259173	ALS2CL
266553	OFCC1
266727	MDGA1
266743	NPAS4
267012	DAOA
282706	DAOA-AS1
284217	LAMA1
285242	HTR3E
339230	CCDC137
348327	ZNF530
387129	NPSR1
387509	GPR153
388552	BLOC1S3
400765	MIR137HG
406901	MIR107
406928	MIR137
406952	MIR17
406961	MIR185
406989	MIR206
407003	MIR219A2
407034	MIR30E
442721	LMOD2
442900	MIR326
442901	MIR328
442911	MIR346
449489	DFNB47
494331	MIR382
574451	MIR432
574456	MIR497
594857	NPS
619465	ERVK-8
641372	ACOT6
692200	SNORD103C
100131814	LINC00271
100137049	PLA2G4B
100188856	DEL22Q11.2
100302690	DLG2-AS1
100303453	TSNAX-DISC1
100616452	MIR2682
100616496	ERVW-4
27328	PCDH11X
54209	TREM2
124152	IQCK
406892	MIR100
406938	MIR146A
407022	MIR296
494324	MIR375
574508	MIR505
768218	MIR766
100126333	MIR708
100170222	SNAR-I
100500871	MIR3622B
100616367	MIR4467
28234	SLCO1B3
116844	LRG1
407008	MIR223
407054	MIR98
553158	PRR5-ARHGAP8
100507056	CCAT1
438	ASMT
1240	CMKLR1
1607	DGKB
2973	GTS
2996	GYPE
3776	KCNK2
7349	UCN
8973	CHRNA6
26281	FGF20
51555	PEX5L
54738	FEV
80114	BICC1
3352	HTR1D
4397	MS
7038	TG
140947	DCANP1
319100	TAAR6
116085	SLC22A12
283238	SLC22A24
406891	MIRLET7I
406902	MIR10A
406906	MIR122
406932	MIR140
406935	MIR143
406940	MIR148A
406997	MIR215
407010	MIR23A
407014	MIR25
407029	MIR30A
407033	MIR30D
407055	MIR99A
574447	MIR146B
120227	CYP2R1
407026	MIR29C
407030	MIR30B
407032	MIR30C2
442895	MIR302C
442913	MIR376C
574506	MIR503
100126331	MIR942
100126334	MIR885
100313838	MIR764
6439	SFTPB
7367	UGT2B17
10863	ADAM28
29923	HILPDA
80157	CWH43
153090	DAB2IP
160492	LMNTD1
253260	RICTOR
253650	ANKRD18A
400931	MIRLET7BHG
406914	MIR127
406927	MIR136
406946	MIR154
406968	MIR193A
407007	MIR222
407009	MIR224
407035	MIR31
407041	MIR34B
407042	MIR34C
442896	MIR302D
442914	MIR369
442915	MIR370
541471	MIR4435-2HG
574413	MIR409
574434	MIR410
574445	MIR511
574452	MIR494
664616	MIR487B
100126327	MIR938
8547	FCN3
9920	KBTBD11
10990	LILRB5
11093	ADAMTS13
25891	PAMR1
27085	MTBP
51085	MLXIPL
51266	CLEC1B
55576	STAB2
56892	TCIM
57125	PLXDC1
57512	GPR158
57733	GBA3
79574	EPS8L3
79742	DIPK2B
83394	PITPNM3
83597	RTP3
83854	ANGPTL6
83875	BCO2
83876	MRO
83940	TATDN1
85416	ZIC5
85445	CNTNAP4
90381	TICRR
91937	TIMD4
114804	RNF157
117145	THEM4
138009	DCAF4L2
139420	PPP4R3C
143941	TTC36
150468	CKAP2L
157313	CDCA2
168667	BMPER
169611	OLFML2A
170712	COX7B2
196528	ARID2
197358	NLRC3
283600	SLC25A47
284403	WDR62
338005	LINC00221
339390	CLEC4G
374393	FAM111B
387103	CENPW
387775	SLC22A10
389558	FAM180A
574473	MIR520B
653820	FAM72B
664612	MIR539
693200	MIR615
723961	INS-IGF2
100124700	HOTAIR
100507436	MICA
105416157	NKILA
1553	CYP2A13
2567	GABRG3
5726	TAS2R38
7971	GHS
8484	GALR3
9037	SEMA5A
9705	ST18
25976	TIPARP
26503	SLC17A5
27255	CNTN6
29114	TAGLN3
50833	TAS2R16
54360	CYTL1
56311	ANKRD7
57502	NLGN4X
79570	NKAIN1
152330	CNTN4
154215	NKAIN2
400359	LINC02694
677833	SNORA54
57412	AS3MT
84966	IGSF21
146177	VWA3A
225689	MAPK15
255022	CALHM1
341568	OR8S1
374887	YJEFN3
389289	ANXA2R
693120	MIR33B
693124	MIR532
100422979	MIR4324
632	BGLAP
1585	CYP11B2
6916	TBXAS1
11095	ADAMTS8
27294	DHDH
50509	COL5A3
54790	TET2
55256	ADI1
55312	RFK
59084	ENPP5
60526	LDAH
64579	NDST4
79689	STEAP4
83259	PCDH11Y
84519	ACRBP
90338	ZNF160
116113	FOXP4
124222	PAQR4
132671	SPATA18
135112	NCOA7
138474	TAF1L
148327	CREB3L4
201294	UNC13D
222546	RFX6
246778	IL27
283131	NEAT1
283237	TTC9C
285704	RGMB
373156	GSTK1
389058	SP5
406899	MIR106A
606293	KLKP1
100750225	PCAT1
101669767	SCHLAP1
1310	COL19A1
1770	DNAH9
2350	FOLR2
2568	GABRP
2916	GRM6
2986	GUCY2F
6425	SFRP5
7092	TLL1
9154	SLC28A1
9884	LRRC37A
9986	RCE1
10139	ARFRP1
11227	GALNT5
11250	GPR45
11309	SLCO2B1
22982	DIP2C
23033	DOP1A
23179	RGL1
26280	IL1RAPL2
27098	CLUL1
28316	CDH20
29942	PURG
51167	CYB5R4
51314	NME8
55205	ZNF532
55809	TRERF1
55876	GSDMB
56100	PCDHGB6
56666	PANX2
57535	KIAA1324
57643	ZSWIM5
57724	EPG5
63926	ANKEF1
80774	LIMD2
80863	PRRT1
81031	SLC2A10
81797	OR12D3
83439	TCF7L1
83479	DDX59
84075	FSCB
84166	NLRC5
84804	MFSD9
85236	H2BC12
90529	STPG1
90853	SPOCD1
91074	ANKRD30A
91608	RASL10B
92140	MTDH
92270	ATP6AP1L
93587	TRMT10A
94234	FOXQ1
113510	HELQ
113828	FAM83F
114815	SORCS1
114885	OSBPL11
116986	AGAP2
117156	SCGB3A2
120526	DNAJC24
124989	EFCAB13
125228	FAM210A
126205	NLRP8
126248	WDR88
127707	KLHDC7A
128218	TMEM125
130872	AHSA2P
131408	FAM131A
131965	METTL6
132112	RTP1
134510	UBLCP1
136647	MPLKIP
137872	ADHFE1
138883	OR1N1
145447	ABHD12B
148266	ZNF569
148789	B3GALNT2
149563	SRARP
152273	FGD5
158056	MAMDC4
160897	GPR180
164656	TMPRSS6
164781	DAW1
165904	XIRP1
167465	ZNF366
171019	ADAMTS19
200035	NUDT17
200315	APOBEC3A
219749	ZNF25
221078	NSUN6
221458	KIF6
221687	RNF182
221914	GPC2
252983	STXBP4
256714	MAP7D2
256957	HEATR9
257044	CATSPERE
267004	PGBD3
282973	JAKMIP3
283120	H19
283310	OTOGL
284615	ANKRD34A
284996	RNF149
337975	KRTAP20-1
337977	KRTAP21-1
338321	NLRP9
338323	NLRP14
339327	ZNF546
339976	TRIML1
340205	TREML1
342908	ZNF404
343450	KCNT2
348180	CTU2
348654	GEN1
348793	WDR53
374955	SPATA21
374977	MROH7
375444	C5orf34
378938	MALAT1
387119	CEP85L
388387	LINC00671
389197	C4orf50
389400	GFRAL
400224	PLEKHD1
400500	BCAR4
404037	HAPLN4
404281	YY2
406894	MIR101-2
406903	MIR10B
406913	MIR126
406921	MIR132
406933	MIR141
406943	MIR152
406984	MIR200B
406985	MIR200C
406988	MIR205
406996	MIR214
407006	MIR221
407013	MIR24-2
407021	MIR29A
407027	MIR301A
442909	MIR342
442910	MIR345
474170	LRRC37A2
554202	MIR31HG
554210	MIR429
574442	MIR489
644246	KANSL1-AS1
645249	MNX1-AS1
647979	NORAD
100128252	ZNF667-AS1
11173	ADAMTS7
25802	LMOD1
57608	JCAD
84439	HHIPL1
255738	PCSK9
283450	HECTD4
6862	TBXT
9002	F2RL3
54466	SPIN2A
84216	TMEM117
84649	DGAT2
84913	ATOH8
123096	SLC25A29
136319	MTPN
151887	CCDC80
152518	NFXL1
160428	ALDH1L2
254887	ZDHHC23
256297	PTF1A
406884	MIRLET7B
406885	MIRLET7C
406886	MIRLET7D
406890	MIRLET7G
406904	MIR1-1
406911	MIR125B1
406920	MIR130B
406934	MIR142
406941	MIR149
406942	MIR150
406953	MIR18A
406957	MIR181C
406964	MIR188
406966	MIR191
406969	MIR194-1
406979	MIR19A
406992	MIR210
406999	MIR217
407000	MIR218-1
407004	MIR22
407011	MIR23B
407019	MIR27B
407025	MIR29B2
407037	MIR320A
407040	MIR34A
407050	MIR93
442038	SULT1C3
442904	MIR335
442905	MIR337
442906	MIR338
442912	MIR367
494323	MIR361
494327	MIR378A
494335	MIR423
574030	MIR362
574412	MIR452
574455	MIR193B
574501	MIR499A
619552	MIR483
619553	MIR484
619556	MIR455
693122	MIR421
693159	MIR574
693174	MIR589
693177	MIR592
693210	MIR625
693212	MIR627
693214	MIR629
723779	MIR651
724030	MIR660
100126313	MIR744
100126314	MIR877
100302115	MIR1468
100302142	MIR1246
100302145	MIR1247
100302149	MIR1249
100302174	MIR1307
100302197	MIR1306
100302218	MIR1285-1
100302221	MIR1291
100302236	MIR1260A
100302240	MIR1304
100302276	MIR1290
100302284	MIR1303
100422867	MIR378C
100422991	MIR1260B
100500847	MIR3615
100616127	MIR4448
100616135	MIR4507
100616247	MIR151B
100616258	MIR4516
100616259	MIR378I
100616357	MIR3591
100616376	MIR4492
100616437	MIR1343
100847054	MIR5588
100847070	MIR5196
102465489	MIR6815
102465513	MIR6852
102465802	MIR7704
102465833	MIR4433B
102465858	MIR7977
102466247	MIR1273H
102466270	MIR6741
7441	VPREB1
100288687	DUX4
7172	TPMT
10669	CGREF1
23302	WSCD1
29887	SNX10
64084	CLSTN2
79879	CCDC134
116966	WDR17
117159	DCD
121256	TMEM132D
121551	BTBD11
140733	MACROD2
158038	LINGO2
164395	TTLL9
166336	PRICKLE2
170691	ADAMTS17
192286	HIGD2A
283927	NUDT7
339896	GADL1
728655	HULC
2850	GPR27
6368	CCL23
10850	CCL27
340719	NANOS1
406910	MIR125A
100506965	PWAR6
64838	FNDC4
7226	TRPM2
54877	ZCCHC2
56884	FSTL5
5067	CNTN3
6332	SCN7A
57194	ATP10A
57705	WDFY4
83943	IMMP2L
114788	CSMD3
139411	PTCHD1
200150	PLD5
205428	DIPK2A
221035	REEP3
221037	JMJD1C
285195	SLC9A9
349075	ZNF713
406900	MIR106B
728294	D2HGDH
63036	CELA2A
1669	DEFA4
2692	GHRHR
6578	SLCO2A1
7479	WNT8B
7594	ZNF43
8388	OR1E2
9934	P2RY14
10349	ABCA10
10350	ABCA9
11086	ADAM29
11257	TP53TG1
23415	KCNH4
23460	ABCA6
23461	ABCA5
23533	PIK3R5
23682	RAB38
23742	NPAP1
25902	MTHFD1L
26154	ABCA12
26256	CABYR
27151	CPAMD8
29980	DONSON
54084	TSPEAR
54436	SH3TC1
55160	ARHGEF10L
55356	SLC22A15
55567	DNAH3
57124	CD248
57614	RELCH
59269	HIVEP3
63951	DMRTA1
64232	MS4A5
64321	SOX17
64405	CDH22
64919	BCL11B
65012	SLC26A10
78997	GDAP1L1
79668	PARP8
79750	ZNF385D
79812	MMRN2
79973	ZNF442
80054	CEBPA-DT
80243	PREX2
80341	BPIFB2
80736	SLC44A4
84134	TOMM40L
84343	HPS3
84660	CCDC62
84896	ATAD1
85415	RHPN2
85417	CCNB3
90362	FAM110B
91768	CABLES1
92126	DSEL
92736	OTOP2
94274	PPP1R14A
112479	ERI2
115426	UHRF2
122258	SPACA7
124936	CYB5D2
130749	CPO
143162	FRMPD2
143384	CACUL1
145270	PRIMA1
147741	ZNF560
150000	ABCC13
151790	WDR49
157697	ERICH1
163255	ZNF540
164832	LONRF2
170689	ADAMTS15
170692	ADAMTS18
200162	SPAG17
201283	AMZ2P1
204474	PDILT
219287	AMER2
219770	GJD4
223075	ITPRID1
254173	TTLL10
256536	TCERG1L
284382	ACTL9
319101	KRT73
340273	ABCB5
340706	VWA2
387496	RASL11A
388115	CCDC9B
389799	CFAP77
400073	C12orf76
401138	AMTN
407017	MIR26B
728116	ZBTB8B
100289255	TMEM238L
100302203	MIR1271
100422821	MIR1273C
100499467	LINC00673
10842	PPP1R17
406893	MIR101-1
494337	MIR425
729238	SFTPA2
23743	BHMT2
3000	GUCY2D
7287	TULP1
10004	NAALADL1
23370	ARHGEF18
50939	IMPG2
138050	HGSNAT
149647	FAM71A
157657	C8orf37
221960	CCZ1B
285440	CYP4V2
346007	EYS
375298	CERKL
388939	PCARE
390595	UBAP1L
399823	FOXI2
768206	PRCD
3080	CFHR2
10877	CFHR4
10878	CFHR3
23539	SLC16A8
83872	HMCN1
387715	ARMS2
2652	OPN1MW
93589	CACNA2D4
128338	DRAM2
53947	A4GALT
434	ASIP
5922	RASA2
7365	UGT2B10
30062	RAX
55331	ACER3
56128	PCDHB8
57678	GPAM
64799	IQCH
79852	EPHX3
80070	ADAMTS20
114795	TMEM132B
116071	BATF2
126129	CPT1C
128611	ZNF831
160762	CCDC63
221294	NT5DC1
222537	HS3ST5
245806	VGLL2
283130	SLC25A45
283316	CD163L1
285761	DCBLD1
338398	TAS2R60
442908	MIR340
51196	PLCE1
84249	PSD2
84909	AOPEP
91522	COL23A1
113278	SLC52A3
339487	ZBTB8OS
406993	MIR211
406994	MIR212
407056	MIR99B
442898	MIR324
442903	MIR331
442920	MIR196B
693235	MIR92B
724022	MIR652
728239	MAGED4
84446	BRSK1
84630	TTBK1
84700	MYO18B
140803	TRPM6
167359	NIM1K
148867	SLC30A7
220972	MARCHF8
6964	TRD
6965	TRG
84295	PHF6
79783	SUGCT
100133941	CD24
100302235	MIR1179
7941	PLA2G7
196743	PAOX
171024	SYNPO2
196410	METTL7B
257202	GPX6
90226	UCN2
23217	ZFR2
56603	CYP26B1
56623	INPP5E
89780	WNT3A
147495	APCDD1
151742	PPM1L
166379	BBS12
196475	RMST
257194	NEGR1
406960	MIR184
333929	SNAI3
6540	SLC6A13
7093	TLL2
7173	TPO
9030	ERDA1
10255	HCG9
57113	TRPC7
57537	SORCS2
64211	LHX5
122525	C14orf28
160851	DGKH
221833	SP8
246269	AFG1L
283871	PGP
345557	PLCXD3
728448	PPIEL
51312	SLC25A37
9745	ZNF536
10404	CPQ
84433	CARD11
84925	SLC49A4
89795	NAV3
144132	DNHD1
158584	FAAH2
283092	OR4C13
284013	VMO1
1061	CENPCP1
9951	HS3ST4
81501	DCSTAMP
137868	SGCZ
340267	COL28A1
344558	SH3RF3
9966	TNFSF15
10149	ADGRG2
54829	ASPN
3982	LIM2
406916	MIR128-2
442891	MIR135B
494329	MIR380
27022	FOXD3
27136	MORC1
50940	PDE11A
51291	GMIP
56267	KYAT3
60482	SLC5A7
114131	UCN3
166752	FREM3
100302259	MIR1202
10964	IFI44L
83699	SH3BGRL2
84441	MAML2
84981	MIR22HG
122416	ANKRD9
353514	LILRA5
100820829	MYZAP
26576	SRPK3
390594	KBTBD13
9953	HS3ST3B1
10154	PLXNC1
10924	SMPDL3A
79625	NDNF
79822	ARHGAP28
92304	SCGB3A1
121601	ANO4
83478	ARHGAP24
286204	CRB2
50960	MYMY1
440823	MIAT
100313892	MIR761
170679	PSORS1C1
2301	FOXE3
60674	GAS5
79924	ADM2
50486	G0S2
140738	TMEM37
644076	GLYCAM1
4588	MUC6
5918	RARRES1
8190	MIA
27145	FILIP1
83998	REG4
84364	ARFGAP2
84654	SPZ1
282996	RBM20
57369	GJD2
338382	RAB7B
27133	KCNH5
124454	EARS2
392636	AGMO
57214	CEMIP
124842	TMEM132E
161497	STRC
340990	OTOG
388551	CEACAM16
643226	GRXCR2
79827	CLMP
54885	TBC1D8B
10683	DLL3
197259	MLKL
284656	EPHA10
494551	WEE2
118856	MMP21
146845	CFAP52
168507	PKD1L1
55997	CFC1
283149	BCL9L
84153	RNASEH2C
6939	TCF15
55783	CMTR2
79906	MORN1
80127	BBOF1
90326	THAP3
90668	CARMIL3
93659	CGB5
147906	DACT3
151354	LRATD1
158314	LINC00475
171558	PTCRA
256472	TMEM151A
256933	NPB
257106	ARHGAP30
347088	ADGRD2
349565	NMNAT3
374920	ZSWIM9
440836	ODF3B
441151	TMEM151B
653545	DUX4L5
22925	PLA2R1
57451	TENM2
64131	XYLT1
64866	CDCP1
80031	SEMA6D
83938	LRMDA
84247	RTL6
84871	AGBL4
114786	XKR4
143379	C10orf82
143458	LDLRAD3
143503	OR51E1
147685	C19orf18
253782	CERS6
344805	TMPRSS7
401207	C5orf63
144195	SLC2A14
374946	DRAXIN
100359403	PARK16
51347	TAOK3
146057	TTBK2
169044	COL22A1
201229	LYRM9
374462	PTPRQ
6701	SPRR2B
134430	WDR36
56999	ADAMTS9
113835	ZNF257
132332	TMEM155
145741	C2CD4A
157855	KCNU1
388125	C2CD4B
406936	MIR144
406971	MIR195
406983	MIR200A
406986	MIR203A
407018	MIR27A
407975	MIR17HG
442893	MIR151A
442907	MIR339
494326	MIR377
574436	MIR485
693213	MIR628
100126351	MIR939
100302150	MIR1296
100302201	MIR1228
100302232	MIR1226
100302246	MIR1301
100302263	MIR1908
100313886	MIR2116
100422981	MIR3173
100616323	MIR4482
102466251	MIR8061
102466739	MIR6803
8477	GPR65
10747	MASP2
149233	IL23R
159296	NKX2-3
345611	IRGM
400935	IL17REL
8847	DLEU2
81552	VOPP1
339970	GCOM2
375790	AGRN
170261	ZCCHC12
406924	MIR134
406931	MIR139
406959	MIR183
406974	MIR197
407002	MIR219A1
442892	MIR148B
494333	MIR384
664617	MIR542
100313923	MIR449C
152831	KLB
6315	ATXN8OS
23135	KDM6B
55180	LINS1
65084	TMEM135
79644	SRD5A3
80185	TTI2
84320	ACBD6
120534	ARL14EP
124512	METTL23
55901	THSD1
219699	UNC5B
5453	POU3F1
54826	GIN1
79258	MMEL1
81849	ST6GALNAC5
84709	MGARP
84752	B3GNT9
117289	TAGAP
122618	PLD4
160364	CLEC12A
407048	MIR92A1
64231	MS4A6A
387758	FIBIN
8824	CES2
57586	SYT13
80725	SRCIN1
81578	COL21A1
374868	ATP9B
401145	CCSER1
406929	MIR138-1
406962	MIR186
406995	MIR181A1
574441	MIR488
100126315	MIR665
100126318	MIR301B
6079	SNORD15A
9679	FAM53B
401474	SAMD12
80150	ASRGL1
79858	NEK11
203447	NRK
64711	HS3ST6
22947	DUX4L1
27344	PCSK1N
50805	IRX4
57419	SLC24A3
653220	XAGE1A
346288	SEPTIN14
137814	NKX2-6
100126316	MIR873
169436	STKLD1
56271	BEX4
64577	ALDH8A1
80896	NPL
116496	NIBAN1
123264	SLC51B
200931	SLC51A
359845	RFLNB
406965	MIR190A
407012	MIR24-1
693121	MIR411
100126309	MIR875
10610	ST6GALNAC2
2857	GPR34
347344	ZNF81
641339	ZNF674
84679	SLC9A7
389856	USP27X
143689	PIWIL4
440822	PIWIL3
101928376	IL12A-AS1
116068	LYSMD3
407001	MIR218-2
80326	WNT10A
25878	MXRA5
57099	AVEN
59082	CARD18
407031	MIR30C1
693223	MIR638
100144748	KLLN
359948	IRF2BP2
406948	MIR15A
406950	MIR16-1
442894	MIR302B
83636	C19orf12
115761	ARL11
285601	GPR150
84560	MT4
574511	MIR506
163486	DENND1B
140625	ACTRT2
7369	UMOD
11136	SLC7A9
387700	SLC16A12
406958	MIR182
406998	MIR216A
494328	MIR379
574032	MIR20B
574457	MIR181D
693128	MIR548B
693194	MIR609
100126319	MIR216B
80821	DDHD1
113612	CYP2U1
55670	PEX26
79974	CPED1
692157	SNORA16B
780851	SNORD3A
9573	GDF3
338917	VSX2
255488	RNF144B
389421	LIN28B
56981	PRDM11
388585	HES5
441478	NRARP
750	GAS8-AS1
64150	DIO3OS
407023	MIR299
442897	MIR323A
494325	MIR376A1
494330	MIR381
574034	MIR433
574038	MIR431
574408	MIR329-1
574410	MIR323B
574433	MIR412
574435	MIR376B
574450	MIR493
574453	MIR495
574454	MIR496
619555	MIR487A
664615	MIR376A2
724024	MIR654
724025	MIR655
724026	MIR656
729582	DIRC3
768212	MIR758
768222	MIR770
100126297	MIR300
100126335	MIR543
100126345	MIR889
100302250	MIR1197
100422837	MIR1193
100886964	PTCSC3
285848	PNPLA1
204219	CERS3
643418	LIPN
7700	ZNF141
51259	TMEM216
51524	TMEM138
65250	CPLANE1
95681	CEP41
219844	HYLS1
727857	BHLHA9
10117	ENAM
93650	ACP4
265	AMELX
8111	GPR68
9313	MMP20
123041	SLC24A4
256764	WDR72
5446	PON3
9992	KCNE2
253017	TECRL
84631	SLITRK2
6754	SSTR4
55024	BANK1
59067	IL21
399909	PCNX3
56244	BTNL2
474	ATOH1
114826	SMYD4
56034	PDGFC
728724	LINC00977
11262	SP140
23547	LILRA4
28444	IGHV3-21
29125	C11orf21
55289	ACOXL
149041	RC3H1
120237	DBX1
170825	GSX2
574503	MIR501
29851	ICOS
8435	SOAT2
8876	VNN1
11254	SLC6A14
388743	CAPN8
55350	VNN3
85463	ZC3H12C
130340	AP1S3
23315	SLC9A8
57152	SLURP1
644815	FAM83G
55780	ERMARD
158326	FREM1
10194	TSHZ1
55328	RNLS
64864	RFX7
79969	ATAT1
344595	DUBR
390858	OACYLP
730198	MEIS1-AS3
100507527	THEG5
106479631	RNU6-148P
106479784	RNU6-491P
106480868	RN7SKP114
106481323	RNU6-456P
147138	TMC8
51816	ADA2
146206	CARMIL2
317662	FAM149B1
94233	OPN4
1714	DGCR
8082	SSPN
23150	FRMD4B
79591	ARMH3
79658	ARHGAP10
79933	SYNPO2L
144360	LINC00477
144453	BEST3
145781	GCOM1
150159	SLC9B1
284546	C1orf185
284688	LINC01142
376132	LRRC10
401014	TEX41
100506385	LINC01426
100506866	TTN-AS1
102466656	MIR6500
23057	NMNAT2
56052	ALG1
283446	MYO1H
139741	ACTRT1
465	ATD
6614	SIGLEC1
7503	XIST
10046	MAMLD1
139189	DGKK
1584	CYP11B1
163175	LGI4
83480	PUS3
100533642	FNBP1P1
50617	ATP6V0A4
157570	ESCO2
130399	ACVR1C
375449	MAST4
122042	RXFP2
54674	LRRN3
151531	UPP2
285175	UNC80
347731	LRRTM3
619554	MIR486-1
285025	CCDC141
389549	FEZF1
344167	FOXI3
392255	GDF6
152926	PPM1K
137682	NDUFAF6
374291	NDUFS7
100303755	PET117
134728	IRAK1BP1
80271	ITPKC
1056	CEL
10512	SEMA3C
84740	AFAP1-AS1
406915	MIR128-1
100507600	LCT-AS1
85465	SELENOI
646960	PRSS56
117154	DACH2
100507012	BMPR1B-DT
55351	STK32B
65266	WNK4
115701	ALPK2
152110	NEK10
202374	STK32A
5919	RARRES2
283489	CHAMP1
283106	CSNK2A3
129563	DIS3L2
135644	TRIM40
442184	OR2B3
23508	TTC9
124997	WDR81
51305	KCNK9
55129	ANO10
200403	VWA3B
255928	SYT14
343641	TGM6
440193	CCDC88C
219902	TLCD5
9187	SLC24A1
345193	LRIT3
100134444	KCNJ18
109580095	HBB-LCR
1637	DCR
768219	MIR802
1357	CPA1
114904	C1QTNF6
100506742	CASP12
150356	CHADL
729920	CRPPA
27286	SRPX2
285600	KIAA0825
84976	DISP1
200728	TMEM17
204851	HIPK1
56606	SLC2A9
115650	TNFRSF13C
5820	PVT1
200942	KLHDC8B
378884	NHLRC1
144165	PRICKLE1
84570	COL25A1
115908	CTHRC1
10984	KCNQ1OT1
105259599	H19-ICR
23373	CRTC1
56033	BARX1
375748	ERCC6L2
1055	CECR
1057	CELP
27019	DNAI1
64446	DNAI2
83544	DNAL1
123872	DNAAF1
221421	RSPH9
339829	CCDC39
114798	SLITRK1
3062	HCRTR2
1145	CHRNE
199857	ALG14
285489	DOK7
57654	UVSSA
1188	CLCNKB
386653	IL31
202018	TAPT1
121340	SP7
116833	ANIB1
83959	SLC4A11
123624	AGBL1
8483	CILP
4570	TRNN
4574	TRNS1
84334	COA8
493753	COA5
107075310	MTCO2P12
388753	COA6
339145	FAM92B
343035	RD3
339855	KY
92579	G6PC3
7467	WHCR
619509	WTRS
790955	UQCC3
406970	MIR194-2
407020	MIR28
100126355	MIR365A
100126356	MIR365B
102465530	MIR6881
7512	XPNPEP2
9241	NOG
10734	STAG3
54937	SOHLH2
135935	NOBOX
164045	HFM1
342977	NANOS3
103753527	SCA37
9081	PRY
9082	XKRY
9084	VCY
9085	CDY1
9426	CDY2A
57054	DAZ3
57055	DAZ2
140032	RPS4Y2
442862	PRY2
51527	GSKIP
1733	DIO1
25981	DNAH1
55130	ARMC4
79925	SPEF2
85478	CCDC65
92749	DRC1
200373	CFAP221
345643	MCIDAS
352909	DNAAF3
374407	DNAJB13
388389	CCDC103
317714	DYT15
57212	TP73-AS1
1858	DWS
65998	C11orf95
83546	RTBDN
81788	NUAK2
3244	HPE1
389434	IYD
64412	GZF1
57165	GJC2
23436	CELA3B
23514	SPIDR
171568	POLR3H
57679	ALS2
80208	SPG11
346171	ZFP57
149775	GNAS-AS1
169522	KCNV2
4575	TRNS2
101101692	HELLPAR
283652	SLC24A5
81545	FBXO38
148014	TTC9B
23261	CAMTA1
57514	ARHGAP31
4578	TRNW
112812	FDX2
4511	TRNC
4558	TRNF
4564	TRNH
4566	TRNK
4572	TRNQ
4577	TRNV
4565	TRNI
4571	TRNP
4568	TRNL2
3617	IMPG1
3653	IPW
10108	MKRN3-AS1
145624	PWAR1
338433	SNORD115-1
791114	PWRN1
100033413	SNORD116-1
677814	SNORA31
442899	MIR325
100126346	MIR190B
144245	ALG10B
57061	HYMAI
145873	MESP2
283234	CCDC88B
80224	NUBPL
4556	TRNE
91574	C12orf65
4576	TRNT
259232	NALCN
63895	PIEZO2
261734	NPHP4
4977	OPA2
5322	PLA2G5
220202	ATOH7
220296	HEPACAM
64644	GINGF2
724066	ATXN8
644096	SDHAF1
6523	SLC5A1
405753	DUOXA2
115019	SLC26A9
10167	CFM1
79605	PGBD5
343637	RSPO4
112744	IL17F
63901	FAM111A
153572	IRX2
283008	NUTM2E
729262	NUTM2B
57623	ZFAT
7361	UGT1A
728118	NUTM2A
22917	ZP1
101060691	NUTM2B-AS1
55384	MEG3
388015	RTL1
23529	CLCF1
9487	PIGL
55650	PIGV
93210	PGAP3
284098	PIGW
84529	C15orf41
83987	CCDC8
60495	HPSE2
692222	OPA5
440854	CAPN14
10998	SLC27A5
11019	LIAS
11181	TREH
22932	POMZP3
81796	SLCO5A1
23443	SLC35A3
23732	FRRS1L
27010	TPK1
122961	ISCA2
388962	BOLA3
27259	HPLH1
28395	IGHV4-34
29958	DMGDH
50651	SLC45A1
51232	CRIM1
64065	PERP
162514	TRPV3
53616	ADAM22
53630	BCO1
54112	GPR88
153201	SLC36A2
340024	SLC6A19
348932	SLC6A18
55084	SOBP
55640	FLVCR2
55779	CFAP44
55811	ADCY10
64087	MCCC2
57211	ADGRG6
57309	SPG14
57477	SHROOM4
57570	TRMT5
57688	ZSWIM6
57760	SPG16
58156	OPA4
63925	ZNF335
388698	FLG2
64388	GREM2
64788	LMF1
64857	PLEKHG2
79628	SH3TC2
79703	C11orf80
150365	MEI1
154288	KHDC3L
199713	NLRP7
79755	ZNF750
79816	TLE6
80055	PGAP1
80217	CFAP43
80739	MPIG6B
81846	SBF2
81864	EVR3
83449	PMFBP1
140732	SUN5
83700	JAM3
84188	FAR1
84189	SLITRK6
84225	ZMYND15
84504	NKX6-2
84623	KIRREL3
84701	COX4I2
84916	UTP4
85301	COL27A1
90167	FRMD7
91949	COG7
92002	CCNQ
93983	DYT13
94137	RP1L1
115286	SLC25A26
149998	LIPI
117155	CATSPER2
119559	SFXN4
121512	FGD4
122481	AK7
122622	ADSS1
128240	NAXE
135656	MUCL3
140907	SPG19
146167	SLC38A8
146227	BEAN1
166785	MMAA
197135	PATL2
201973	PRIMPOL
219285	SAMD9L
221496	LEMD2
246243	RNASEH1
253738	EBF3
254528	MEIOB
283417	DPY19L2
285362	SUMF1
338090	SPG24
338328	GPIHBP1
338435	SCA25
338567	KCNK18
339453	TMEM240
339983	NAT8L
340665	CYP26C1
342035	GLDN
342618	SLFN14
353238	PADI6
374354	NHLRC2
387082	SUMO4
387583	SPG25
387733	IFITM5
387787	LIPT2
388662	SLC6A17
389692	MAFA
389827	MYMK
407973	SCA20
414886	SPG27
440138	ALG11
493818	MYMY3
619379	SPG29
724107	SPG32
724110	SPG34
727676	SNORD118
728215	FAM155A
777778	OPA6
791228	SPG36
100049159	SPG37
100049707	SPG38
100128927	ZBTB42
100151683	RNU4ATAC
100216344	DYT17
100359393	SCA30
100359402	SPG41
100885773	DYT21
100996717	NOTCH2NLC
101926885	OCA5
106783499	OPA8
107305681	DHS6S1
6694	SPP2
388503	C3P1
81619	TSPAN14
89777	SERPINB12
93974	ATP5IF1
124056	NOXO1
283248	RCOR2
401494	HACD4
401647	GOLGA7B
653583	PHLDB3
102724560	CBSL
57126	CD177
117584	RFFL
168451	THAP5
219743	TYSND1
64285	RHBDF1
83888	FGFBP2
85409	NKD2
143282	FGFBP3
10816	SPINT3
57119	EPPIN
80760	ITIH5
90199	WFDC8
117166	WFIKKN1
124857	WFIKKN2
128488	WFDC12
140832	WFDC10A
153218	SPINK13
164237	WFDC13
256394	SERPINA11
259239	WFDC11
259240	WFDC9
284293	HMSD
327657	SERPINA9
390502	SERPINA2
391253	SPINT4
404203	SPINK6
408187	SPINK14
643394	SPINK9
646424	SPINK8
647174	SERPINE3
3641	INSL4
4917	NTN3
6359	CCL15
6998	TDGF1P3
9068	ANGPTL1
11247	NXPH4
30010	NXPH1
51378	ANGPT4
54718	BTN2A3P
55107	ANO1
56253	CRTAM
56920	SEMA3G
57053	CHRNA10
64111	NPVF
65981	CAPRIN2
126147	NTN5
147920	IGFL2
201633	TIGIT
245812	CNPY4
282618	IFNL1
344901	OSTN
374918	IGFL1
388555	IGFL3
390243	IZUMO1R
444882	IGFL4
653188	GUSBP3
653275	CFC1B
100129094	BTNL10
101180976	IFNL4
6283	S100A12
9478	CABP1
132203	SNTN
170591	S100Z
388428	PVALEF
553115	PEF1
645922	S100A7L2
56	ACRV1
881	CCIN
911	CD1C
1346	COX7A1
1360	CPB1
2574	GAGE2C
2825	CMKLR2
3787	KCNS1
3809	KIR2DS4
5475	PPEF1
5942	RBMY1C
6080	SNORA73A
6704	SPRR2E
6781	STC1
7060	THBS4
7732	RNF112
7776	ZNF236
8538	BARX2
8739	HRK
8938	BAIAP3
9159	PCSK7
9182	RASSF9
9389	SLC22A14
9407	TMPRSS11D
9717	SEC14L5
9848	MFAP3L
10242	KCNMB2
10272	FSTL3
10335	IRAG1
10408	MYCNOS
10655	DMRT2
10720	UGT2B11
10825	NEU3
10880	ACTL7B
11105	PRDM7
11147	HHLA3
11153	FICD
11163	NUDT4
11264	PXMP4
11334	TUSC2
22834	ZNF652
22876	INPP5F
23117	NPIPB3
23120	ATP10B
23596	OPN3
23626	SPO11
23627	PRND
25798	BRI3
25833	POU2F3
25950	RWDD3
25960	ADGRA2
25984	KRT23
26085	KLK13
26584	DUX1
26658	OR7C2
26735	OR1L3
26784	SNORA64
26821	SNORA74A
26996	GPR160
27181	SIGLEC8
27284	SULT1B1
28231	SLCO4A1
28655	TRAV27
28983	TMPRSS11E
29881	NPC1L1
30814	PLA2G2E
50613	UBQLN3
51155	JPT1
51192	CKLF
51250	MTRES1
51277	DNAJC27
51285	RASL12
51298	THEG
51310	SLC22A17
51411	BIN2
51471	NAT8B
51657	STYXL1
51665	ASB1
51773	RSF1
53822	FXYD7
53827	FXYD5
53829	P2RY13
53905	DUOX1
54329	GPR85
54455	FBXO42
54467	ANKIB1
54469	ZFAND6
54492	NEURL1B
54495	TMX3
54497	HEATR5B
54537	SHLD2
54546	RNF186
54760	PCSK4
54825	CDHR2
54838	WBP1L
54854	FAM83E
54883	CWC25
54932	EXD3
54987	CZIB
55010	PARPBP
55089	SLC38A4
55103	RALGPS2
55106	SLFN12
55144	LRRC8D
55161	TMEM33
55208	DCUN1D2
55220	KLHDC8A
55323	LARP6
55370	PPP4R1L
55582	KIF27
55592	GOLGA2P5
55632	G2E3
55713	ZNF334
55716	LMBR1L
55769	ZNF83
55848	PLGRKT
55861	DBNDD2
55867	SLC22A11
55897	MESP1
55908	ANGPTL8
55966	AJAP1
56000	NXF3
56111	PCDHGA4
56156	TEX13B
56676	ASCL3
56833	SLAMF8
56918	C2orf83
56971	CEACAM19
57026	PDXP
57101	ANO2
57103	TIGAR
57205	ATP10D
57209	ZNF248
57343	ZNF304
57408	LRTM1
57458	TMCC3
57460	PPM1H
57493	HEG1
57524	CASKIN1
57528	KCTD16
57589	RIC1
57602	USP36
57633	LRRN1
57695	USP37
57707	MEAK7
57718	PPP4R4
57721	METTL14
57758	SCUBE2
57804	POLD4
57820	CCNB1IP1
57826	RAP2C
57829	ZP4
57830	KRTAP5-8
57834	CYP4F11
58158	NEUROD4
58160	NFE4
58475	MS4A7
58488	PCTP
58489	ABHD17C
58530	LY6G6D
59348	ZNF350
60437	CDH26
60467	BPESC1
60494	CCDC81
63906	GPATCH3
63933	MCUR1
63973	NEUROG2
64090	GAL3ST2
64106	NPFFR1
64386	MMP25
64407	RGS18
64582	GPR135
64648	SPANXD
64663	SPANXC
64771	ILRUN
64834	ELOVL1
64860	ARMCX5
64979	MRPL36
65251	ZNF649
65263	PYCR3
66002	CYP4F12
66005	CHID1
78998	RHPN1-AS1
79000	AUNIP
79024	SMIM2
79091	METTL22
79097	TRIM48
79098	C1orf116
79135	APOO
79148	MMP28
79447	PAGR1
79575	ABHD8
79611	ACSS3
79626	TNFAIP8L2
79647	AKIRIN1
79660	PPP1R3B
79674	VEPH1
79697	RIOX1
79752	ZFAND1
79800	CARF
79802	HHIPL2
79817	MOB3B
79850	TLCD3A
79895	ATP8B4
79903	NAA60
79918	SETD6
79958	DENND1C
79962	DNAJC22
80017	DGLUCY
80176	SPSB1
80194	TMEM134
80274	SCUBE1
80298	MTERF2
80315	CPEB4
80316	PPP1R2C
80335	WDR82
80350	LPAL2
80709	AKNA
80763	SPX
80824	DUSP16
81550	TDRD3
81554	RCC1L
81566	CSRNP2
81606	LBH
81621	KAZALD1
81793	TLR10
83475	DOHH
83650	SLC35G5
83758	RBP5
83844	USP26
83850	ESYT3
83855	KLF16
83930	STARD3NL
83941	TM2D1
83983	TSSK6
83985	SPNS1
83989	FAM172A
84002	B3GNT5
84034	EMILIN2
84063	KIRREL2
84071	ARMC2
84073	MYCBPAP
84074	QRICH2
84084	RAB6C
84101	USP44
84109	QRFPR
84132	USP42
84174	SLA2
84203	TXNDC2
84229	DRC7
84245	MRI1
84261	FBXW9
84264	HAGHL
84278	MFSD14C
84279	PRADC1
84280	BTBD10
84286	TMEM175
84310	C7orf50
84315	MON1A
84331	MCRIP2
84337	ELOF1
84417	ECRG4
84419	C15orf48
84465	MEGF11
84552	PARD6G
84561	SLC12A8
84618	NT5C1A
84639	IL1F10
84640	USP38
84674	CARD6
84677	DSCR8
84775	ZNF607
84787	KMT5C
84795	PYROXD2
84811	BUD13
84836	ABHD14B
84844	PHF5A
84869	CBR4
84878	ZBTB45
84888	SPPL2A
84934	RITA1
84954	MPND
84961	FBXL20
84964	ALKBH6
84978	FRMD5
84986	ARHGAP19
85315	PAQR8
85453	TSPYL5
85457	CIPC
85461	TANC1
85479	DNAJC5B
85569	GALP
89792	GAL3ST3
89839	ARHGAP11B
89857	KLHL6
89876	CFAP91
90120	TMEM250
90288	EFCAB12
90313	TP53I13
90321	ZNF766
90416	CCDC32
90557	CCDC74A
90625	ERVH48-1
90627	STARD13
90637	ZFAND2A
90639	COX19
90737	PAGE5
90780	PYGO2
91133	L3MBTL4
91151	TIGD7
91227	GGTLC2
91392	ZNF502
91464	ISX
91526	ANKRD44
91607	SLFN11
91862	MARVELD3
91947	ARRDC4
91966	EOLA1
91975	ZNF300
92154	MTSS2
92196	DAPL1
92342	METTL18
92369	SPSB4
92591	ASB16
92597	MOB1B
92703	TMEM183A
92737	DNER
92799	SHKBP1
92856	IMP4
92912	UBE2Q2
93129	ORAI3
93408	MYL10
94031	HTRA3
94120	SYTL3
103910	MYL12B
112483	SAT2
112487	DTD2
112495	GTF3C6
112611	RWDD2A
112970	KTI12
113444	SMIM12
113451	AZIN2
113746	ODF3
114026	ZIM3
114769	CARD16
114783	LMTK3
114792	KLHL32
114800	CCDC85A
114801	TMEM200A
114818	KLHL29
114880	OSBPL6
114881	OSBPL7
114899	C1QTNF3
114908	TMEM123
114926	SMIM19
114960	TSGA13
115004	CGAS
115024	NT5C3B
115123	MARCHF3
115294	PCMTD1
115361	GBP4
115560	ZNF501
115584	SLC5A11
115677	NOSTRIN
115708	TRMT61A
115827	RAB3C
115861	NXNL1
116028	RMI2
116729	PPP1R27
116832	RPL39L
117195	MRGPRX3
117285	DEFB118
117583	PARD3B
117854	TRIM6
118442	GPR62
118461	C10orf71
118471	PRAP1
118487	CHCHD1
119395	CALHM3
120400	NXPE1
120406	NXPE2
121053	NOPCHAP1
121268	RHEBL1
121549	ASCL4
121643	FOXN4
122509	IFI27L1
122651	RNASE11
122706	PSMB11
122830	NAA30
123169	LEO1
123228	SENP8
123591	TMEM266
123904	NRN1L
124044	SPATA2L
124045	SPATA33
124149	ANKRD26P1
124402	UBALD1
124411	ZNF720
124491	TMEM170A
124540	MSI2
124599	CD300LB
124751	KRBA2
124783	SPATA32
124801	LSM12
124808	CCDC43
124925	SEZ6
124944	C17orf49
124961	ZFP3
124975	GGT6
125111	GJD3
125113	KRT222
125950	RAVER1
125965	COX6B2
125981	ACER1
126074	SWSAP1
126206	NLRP5
126259	TMIGD2
126272	EID2B
126374	WTIP
126402	CCDC105
126433	FBXO27
126526	C19orf47
126549	ANKLE1
126669	SHE
126820	DNAI3
126823	KLHDC9
126969	SLC44A3
127018	LYPLAL1
127255	LRRIQ3
127281	PRXL2B
127733	UBXN10
127829	ARL8A
128209	KLF17
128272	ARHGEF19
128408	BHLHE23
128414	NKAIN4
128434	VSTM2L
128497	SPATA25
128653	C20orf141
128853	DUSP15
128876	FAM83C
129138	ANKRD54
129401	NUP35
129531	MITD1
129868	TRIM43
130013	ACMSD
130132	RFTN2
130271	PLEKHH2
130355	C2orf76
130502	TTC32
130813	C2orf50
132321	C4orf33
132851	SPATA4
133308	SLC9B2
134111	UBE2QL1
134121	C5orf49
134145	ATPSCKMT
134265	AFAP1L1
134359	POC5
134553	C5orf24
134637	ADAT2
135154	SDHAF4
136332	LRGUK
137797	LYPD2
138065	RNF183
138151	NACC2
138162	C9orf116
138311	DIPK1B
138639	PTPDC1
138716	RPP25L
139231	FAM199X
139341	FUNDC1
139760	GPR119
139818	DOCK11
139886	SPIN4
140453	MUC17
140461	ASB8
140706	CCM2L
140730	RIMS4
140739	UBE2F
140823	ROMO1
140873	C20orf173
140886	PABPC5
140893	RBBP8NL
143630	UBQLNL
143662	MUC15
144125	OR2AG1
144233	BCDIN3D
144347	RFLNA
144363	ETFRF1
144608	C12orf60
144715	RAD9B
145482	PTGR2
145501	ISM2
145581	LRFN5
145788	C15orf65
145942	TMCO5A
146395	GSG1L
146849	CCDC42
146850	PIK3R6
147111	NOTUM
147650	SPACA6
147658	ZNF534
147746	HIPK4
147965	FAM98C
148252	DIRAS1
148304	C1orf74
148523	CIART
148823	GCSAML
149095	DCST1
149699	GTSF1L
149840	SHLD1
150275	CCDC117
150280	HORMAD2
150290	DUSP18
150350	ENTHD1
150368	PHETA2
150372	NFAM1
150379	PNPLA5
150590	C2orf15
150678	COPS9
150737	TTC30B
150771	ITPRIPL1
151242	PPP1R1C
151449	GDF7
151651	EFHB
151871	DPPA2
151888	BTLA
152015	ROPN1B
152098	ZCWPW2
152138	PYDC2
152189	CMTM8
152217	NCBP2AS2
152225	LINC02085
152404	IGSF11
152405	TEX55
152503	SH3D19
152559	PAQR3
152756	FAM218A
153222	CREBRF
153339	TMEM167A
153478	PLEKHG4B
153571	C5orf38
153643	FAM81B
154007	SNRNP48
154810	AMOTL1
155382	VPS37D
157285	PRAG1
157310	PEBP4
157506	RDH10
157574	FBXO16
157769	FAM91A1
157773	C8orf48
157777	MCMDC2
157807	CLVS1
158219	TTC39B
158234	TRMT10B
158293	FAM120AOS
158586	ZXDB
158809	MAGEB6
158983	H2BW1
159119	HSFY2
159371	SLC35G1
160140	C11orf65
160419	C12orf50
161176	SYNE3
161502	CFAP161
161829	EXD1
161882	ZFPM1
162333	MARCHF10
162466	PHOSPHO1
162515	SLC16A11
162517	FBXO39
162979	ZNF296
162989	DEDD2
162998	OR7D2
163049	ZNF791
163087	ZNF383
163688	CALML6
163782	KANK4
163859	SDE2
163882	CNST
164284	APCDD1L
164668	APOBEC3H
164684	WBP2NL
165324	UBXN2A
165631	PARP15
165679	SPTSSB
166012	CHST13
166655	TRIM60
166824	RASSF6
167410	LIX1
167555	FAM151B
168537	GIMAP7
169270	ZNF596
170370	FAM170B
170482	CLEC4C
170685	NUDT10
170850	KCNG3
171392	ZNF675
192111	PGAM5
192668	CYS1
192670	AGO4
196264	MPZL3
196463	PLBD2
196541	METTL21C
196883	ADCY4
196996	GRAMD2A
197335	WDR90
197342	EME2
199745	THAP8
199786	NIBAN3
199920	FYB2
199964	TMEM61
200014	CC2D1B
200132	DYNLT5
200316	APOBEC3F
200504	GKN2
200765	TIGD1
201161	CENPV
201164	PLD6
201456	FBXO15
201516	ZSCAN4
201725	C4orf46
201798	TIGD4
201895	SMIM14
201965	RWDD4
203100	HTRA4
203260	CCDC107
203569	PAGE2
205147	AMER3
205251	MTLN
205564	SENP5
219557	TEX47
219670	ENKUR
219793	TBATA
219833	C11orf45
219899	TBCEL
219990	OOSP2
220064	LTO1
220164	DOK6
220388	CCDC89
220441	RNF152
220963	SLC16A9
221120	ALKBH3
221178	SPATA13
221302	ZUP1
221395	ADGRF5
221409	SPATS1
221443	OARD1
221527	ZBTB12
221937	FOXK1
222171	PRR15
222234	FAM185A
222659	PXT1
222663	SCUBE3
222826	FAM217A
245711	SPDYA
245802	MS4A6E
245929	DEFB115
245937	DEFB124
245939	DEFB128
246330	PELI3
253152	EPHX4
253314	EIF4E1B
253430	IPMK
253512	SLC25A30
253635	GPATCH11
253769	WDR27
253935	ANGPTL5
253943	YTHDF3
253980	KCTD13
254170	FBXO33
254225	RNF169
254251	LCORL
254263	CNIH2
254295	PHYHD1
254778	VXN
254956	MORN5
255104	TMCO4
255119	CFAP299
255324	EPGN
255394	TCP11L2
255631	COL24A1
255798	SMCO1
255919	CNEP1R1
255967	PAN3
256051	ZNF549
256076	COL6A5
256227	STEAP1B
256281	NUDT14
256309	CCDC110
256369	CCDC197
256691	MAMDC2
257062	CATSPERD
257218	SHPRH
257236	CCDC96
257629	ANKS4B
259215	LY6G6F
259287	TAS2R41
259307	IL4I1
260434	PYDC1
260436	FDCSP
261726	TIPRL
266697	POM121L4P
280658	SSX7
282770	OR10AG1
283150	FOXR1
283152	CCDC153
283219	KCTD21
283337	ZNF740
283377	SPRYD4
283383	ADGRD1
283431	GAS2L3
283461	C12orf40
283629	TSSK4
283643	TEDC1
283726	SAXO2
283742	FAM98B
283807	FBXL22
283820	NOMO2
283847	TERB1
283869	NPW
283897	C16orf54
283899	INO80E
283953	TMEM114
284040	CDRT4
284067	CFAP97D1
284076	TTLL6
284114	TMEM102
284131	ENDOV
284184	NDUFAF8
284194	LGALS9B
284254	DYNAP
284257	BOD1L2
284274	SMIM21
284306	ZNF547
284307	ZIK1
284340	CXCL17
284348	LYPD5
284402	SCGB2B2
284451	ODF3L2
284486	THEM5
284521	OR2L13
284613	CYB561D1
284992	CCDC150
285016	ALKAL2
285141	ERICH2
285311	C3orf56
285315	C3orf33
285331	CCDC66
285349	ZNF660
285381	DPH3
285521	COX18
285596	FAM153A
285755	PPIL6
285782	CAGE1
285989	ZNF789
286006	LSMEM1
286151	FBXO43
286205	SCAI
286257	PAXX
286336	FAM78A
286343	LURAP1L
286514	MAGEB18
317671	RFESD
317761	C14orf39
326340	ZAR1
326624	RAB37
333926	PPM1J
337878	KRTAP7-1
337963	KRTAP23-1
337971	KRTAP19-4
338339	CLEC4D
338440	ANO9
338657	CENATAC
338751	OR52L1
338879	RNASE10
339105	PRSS53
339122	RAB43
339168	TMEM95
339175	METTL2A
339210	C17orf67
339221	ENPP7
339231	ARL16
339287	MSL1
339403	RXFP4
339416	ANKRD45
339448	C1orf174
339451	KLHL17
339745	SPOPL
339768	ESPNL
339804	C2orf74
340075	ARSI
340152	ZC3H12D
340543	TCEAL5
340547	VSIG1
340595	RTL4
340596	LHFPL1
340602	EZHIP
340811	AKR1C8P
341019	DCDC1
341567	H1-7
342372	PKD1L3
342667	STAC2
342900	LEUTX
342933	ZSCAN5B
343263	MYBPHL
343413	FCRL6
343472	BARHL2
343521	DYNLT4
344561	GPR148
344658	SAMD7
344807	CD200R1L
345079	SOWAHB
346673	STRA8
347240	KIF24
347273	CAVIN4
347487	CXorf66
347517	RAB41
347734	SLC35B2
347741	OTOP3
348013	TMEM255B
348110	ARPIN
348158	ACSM2B
348235	SKA2
348262	MCRIP1
348378	SHISAL2A
348487	FAM131C
348995	NUP43
349334	FOXD4L4
352999	C6orf58
353091	RAET1G
353116	RILPL1
353322	ANKRD37
353345	GPR141
353497	POLN
353513	VCY1B
359710	BPIFB3
373856	USP41
374308	PTCHD3
374454	KRT77
374618	TEX9
374655	ZNF710
374872	PEAK3
374907	B3GNT8
374928	ZNF773
374969	SVBP
374986	MIGA1
375033	PEAR1
375057	STUM
375287	RBM43
375323	LHFPL4
375341	C3orf62
375612	LHFPL3
375757	SWI5
376267	RAB15
376497	SLC27A1
377630	USP17L2
377677	CA13
378951	RBMY1J
386617	KCTD8
386618	KCTD4
386672	KRTAP10-4
387521	PEDS1
387680	WASHC2A
387695	C10orf99
387778	SPDYC
387849	REP15
387856	CCDC184
387911	C1QTNF9B
388121	TNFAIP8L3
388135	INSYN1
388272	C16orf87
388325	SCIMP
388333	SPDYE4
388335	TMEM220
388336	SHISA6
388403	YPEL2
388591	RNF207
388630	TRABD2B
388646	GBP7
388701	C1orf189
388951	TSPYL6
389119	INKA1
389123	IQCF2
389151	PRR23B
389203	SMIM20
389320	TEX43
389336	C5orf46
389383	CLPSL2
389384	BNIP5
389524	GTF2IRD2B
389541	LAMTOR4
389658	ALKAL1
389677	RBM12B
389791	PTGES2-AS1
389816	LRRC26
389874	ZCCHC13
389903	CSAG3
390264	OR10G4
390321	OR6C1
390664	C1QTNF8
390874	ONECUT3
391104	VHLL
391211	OR2G6
391356	PTRHD1
392399	LCN9
399665	FAM102A
399694	SHC4
399814	C10orf120
399888	FAM180B
399979	SNX19
400569	MED11
400581	GRAPL
400629	TEX19
400673	VMAC
400709	SIGLEC16
400720	ZNF772
400831	C20orf202
400961	PAIP2B
401067	IQCF3
401250	MCCD1
401288	LINC00242
401409	RAB19
401507	FAM74A1
401546	C9orf152
401548	SNX30
401565	FAM166A
401994	OR14I1
402135	OR5K2
402569	KPNA7
403314	APOBEC4
403341	ZBTB34
404093	CUEDC1
404550	C16orf74
405754	ERVFRD-1
407738	TAFA1
408029	CDRT15P3
408050	NOMO3
414062	CCL3L3
414149	ACBD7
414157	C10orf62
414301	DDI1
415116	PIM3
415117	STX19
431705	ASTL
439996	IFIT1B
440026	TMEM41B
440068	CARD17
440087	SMCO3
440093	H3-5
440097	DBX2
440107	PLEKHG7
440335	SMIM22
440498	HSBP1L1
440503	PLIN5
440563	HNRNPCL2
440603	BCL2L15
440695	ETV3L
440699	LRRC52
440712	RHEX
441108	IRF1-AS1
441150	C6orf226
441161	OOEP
441168	CALHM6
441250	TYW1B
441273	SPDYE2
441376	AARD
441518	RTL8B
441519	CT45A3
441925	BECN2
442867	BPY2B
442868	BPY2C
445329	SULT1A4
445571	CBWD3
474343	SPIN2B
474354	LRRC18
474381	H2AB2
474383	F8A2
474384	F8A3
493829	TRIM72
493861	EID3
493911	PHOSPHO2
494119	SPANXN2
494470	RNF165
494514	TYMSOS
497189	TIFAB
497661	C18orf32
503841	DEFB106B
541468	LURAP1
542767	PCOTH
548313	SSX4B
548593	SLX1A
548644	POLR2J3
550631	CCDC157
550643	NBDY
552889	ATXN7L3B
554250	GDF5-AS1
554251	FBXO48
613227	HIGD1C
619208	FAM229B
619279	ZNF704
641700	ECSCR
642273	FAM110C
642597	AKAIN1
642658	SCX
642938	INSYN2A
642968	FAM163B
643008	SMIM5
643236	TMEM72
643376	BTBD18
643847	PGA4
644054	FAM25C
644186	SYCE3
644414	DEFB131A
644524	NKX2-4
644890	MEIG1
644943	RASSF10
645037	GAGE2B
645104	CLRN2
645455	CEP170P1
647087	STMP1
647309	GMNC
653121	ZBTB8A
653140	FAM228A
653145	ANXA8
653247	PRB2
653333	FAM86B2
653404	FOXD4L6
653486	SCGB1C2
653499	LGALS7B
653567	TMEM236
653604	H3C13
653657	MBD3L3
653784	MZT2A
653808	ZG16
654231	OCM
654346	LGALS9C
723790	H2AC19
727800	RNF208
727837	SSX2B
727866	FAM156B
728047	GOLGA8O
728269	MAGEA9B
728276	CLEC19A
728343	NXF2B
728358	DEFA1B
728492	SERF1B
728568	C12orf73
728689	EIF3CL
728695	SPANXB1
728712	SPANXA2
728833	FAM72D
728957	ZNF705D
729025	SLC15A5
729250	PRR20E
729408	GAGE2D
729422	GAGE12C
729428	GAGE12B
729431	GAGE12E
729438	CASTOR2
729440	CCDC61
729447	GAGE2A
729475	RAD51AP2
729515	TMEM242
729533	FAM72A
729597	SPDYE6
729759	OR4F29
729852	UMAD1
729967	MORN2
729991	BORCS8
730394	GTF2H2C_2
751071	CSKMT
752014	CEMP1
768211	RELL1
780776	TVP23A
100101267	POM121C
100101467	ZSCAN30
100101629	GAGE8
100113407	TMEM170B
100128327	TRAPPC3L
100128731	OST4
100129583	FAM47E
100129654	TCF24
100129792	CCDC152
100130086	HSFX2
100130348	TMEM262
100130520	CD300H
100130613	PRR32
100130827	SBK3
100131439	CD300LD
100131608	PRR23D1
100131997	FAM27E3
100132074	FOXO6
100132285	KIR2DS2
100132341	CLUHP3
100132399	GAGE12D
100132979	GOLGA8DP
100133053	CXorf51B
100134934	TEN1
100137047	JMJD7
100170765	ERICH4
100188893	TOMM6
100271849	MEF2B
100287171	WASHC1
100287932	TIMM23
100288695	LIMS4
100288797	TMEM239
100289087	TSPY10
100289187	TMEM225B
100289678	ZNF783
100302090	DDX11L8
100431172	KLRF2
100500938	CCDC179
100505385	IQCJ-SCHIP1
100505478	TEX48
100505705	SDIM1
100505879	KIF25-AS1
100506164	HSFX1
100507203	SMLR1
100507249	C8orf17
100507537	STRIT1
100528032	KLRC4-KLRK1
100528062	ARMCX5-GPRASP2
100529215	ZNF559-ZNF177
100533105	C8orf44-SGK3
100533106	ZHX1-C8orf76
100996763	NOTCH2NLB
100996939	PYURF
101059938	NPIPA7
101060321	TBC1D3G
101928527	PIGBOS1
101928601	MEI4
102157402	AK6
102723547	CSAG2
102723631	CT45A10
102724023	GATD3B
102724428	SIK1B
102724473	GAGE10
102724594	U2AF1L5
102724631	POTEB3
102724652	CRYAA2
107181291	PYDC5
111240474	CRYZL2P-SEC16B
112441434	SHLD3
7652	ZNF99
10732	TCFL5
10795	ZNF268
11166	SOX21
54145	H2BS1
55279	ZNF654
55766	H2AJ
55893	ZNF395
58486	ZBED5
58531	PRM3
59336	PRDM13
64006	ERVK-6
64789	EXO5
84327	ZBED3
91012	CERS5
92806	CENPBD1
128312	H2BU1
144108	SPTY2D1
146713	RBFOX3
148203	ZNF738
161725	OTUD7A
163115	ZNF781
166815	TIGD2
168850	ZNF800
246721	POLR2J2
256643	BCLAF3
283129	MAJIN
285643	KIF4B
286436	H2BW2
337874	H2BC19P
340069	FAM170A
340096	H3Y2
360030	NANOGNB
387332	TBPL2
388553	MEIOSIN
388610	TRNP1
440081	DDX12P
440686	H3-2
440689	H2BC18
449619	ERVK-7
474382	H2AB1
643615	UBTFL6
645832	SEBOX
100616101	ERVK-10
100862688	ERVK-11
105372267	NFILZ
114483833	H2BE1
150223	YDJC
203190	LGI3
390110	ACCSL
54456	MOV10L1
79009	DDX50
80021	TMEM62
80119	PIF1
84681	HINT2
91351	DDX60L
91646	TDRD12
92797	HELB
93081	TEX30
94009	SERHL
124641	OVCA2
126767	AADACL3
134147	CMBL
151313	FAHD2B
155066	ATP6V0E2
168400	DDX53
171425	CLYBL
253190	SERHL2
254552	NUDT8
285148	IAH1
343066	AADACL4
344752	AADACL2
390637	GDPGP1
390916	NUDT19
432369	ATP5F1EP2
441531	PGAM4
119548	PNLIPRP3
11057	ABHD2
23659	PLA2G15
26279	PLA2G2D
64100	ELSPBP1
129804	FBLN7
202915	TMEM184A
400668	PRSS57
654429	LRTM2
100131137	BSPH1
766	CA7
4326	MMP17
7626	ZNF75D
7643	ZNF90
7757	ZNF208
8510	MMP23B
9866	TRIM66
10893	MMP24
11238	CA5B
27299	ADAMDEC1
51351	ZNF117
51523	CXXC5
55016	MARCHF1
56265	CPXM1
60358	ERVK-5
60676	PAPPA2
64066	MMP27
65249	ZSWIM4
80319	CXXC4
80853	KDM7A
81602	CDADC1
81615	TMEM163
81931	ZNF93
83858	ATAD3B
84767	TRIM51
90204	ZSWIM1
114770	PGLYRP2
114799	ESCO1
119587	CPXM2
120146	TRIM64
146857	SLFN13
151112	ZSWIM2
151126	ZNF385B
153830	RNF145
158880	USP51
203430	RTL3
206338	LVRN
219293	ATAD3C
219654	ZCCHC24
222236	NAPEPLD
253832	ZDHHC20
283116	TRIM49B
284273	ZADH2
340351	AGBL3
375593	TRIM73
378108	TRIM74
390231	TRIM77
391475	DYTN
391712	TRIM61
391714	TRIM75P
399939	TRIM49D1
440434	NPEPPSP1
440730	TRIM67
441061	MARCHF11
642446	TRIM64B
645078	COL25A1-DT
646754	TRIM64C
653192	TRIM43B
728489	DNLZ
729384	TRIM49D2
100125288	ZGLP1
100862684	ERVK-24
344405	PRORSD1P
7190	HSP90B2P
8632	DNAH17
10595	ERN2
22989	MYH15
23205	ACSBG1
53354	PANK1
54454	ATAD2B
54514	DDX4
54863	TOR4A
55902	ACSS2
56171	DNAH7
56903	PAPOLB
57494	RIMKLB
57571	CARNS1
64005	MYO1G
64122	FN3K
79781	IQCA1
80122	MAP3K19
80201	HKDC1
83694	RPS6KL1
83887	TTLL2
84239	ATP13A4
84284	NTPCR
85320	ABCC11
89845	ABCC10
90990	KIFC2
94160	ABCC12
113220	KIF12
118672	PSTK
122402	TDRD9
123876	ACSM2A
126204	NLRP13
126520	PLK5
129607	CMPK2
132949	AASDH
138429	PIP5KL1
139728	PNCK
140469	MYO3B
142827	ACSM6
146754	DNAH2
148229	ATP8B3
150160	CCT8L2
155100	CCT8L1P
158135	TTLL11
162394	SLFN5
164714	TTLL8
171222	UBE2L5
171389	NLRP6
200172	SLFNL1
201625	DNAH12
204801	NLRP11
220869	CBWD5
221823	PRPS1L1
256356	GK5
284434	NWD1
285220	EPHA6
340371	NRBP2
341392	ACSM4
341676	NEK5
344905	ATP13A5
377841	ENTPD8
391634	HSP90AB2P
392843	IQCA1L
401720	FIGNL2
414328	IDNK
440307	TTLL13P
440915	POTEKP
644019	CBWD6
646643	SBK2
653857	ACTR3C
664618	HSP90AB4P
730211	HSP90AA5P
100130097	KIF28P
57604	TRMT9B
8608	RDH16
10930	APOBEC2
28896	IGKV1D-33
51332	SPTBN5
55617	TASP1
55847	CISD1
58496	LY6G5B
63923	TNN
63946	DMRTC2
63950	DMRTA2
80741	LY6G5C
124274	GPR139
131870	NUDT16
146722	CD300LF
147040	KCTD11
151176	ERFE
158158	RASEF
160622	TAMALIN
165257	C1QL2
200958	MUC20
221935	SDK1
222008	VSTM2A
255231	MCOLN2
282679	AQP11
283659	PRTG
339488	TFAP2E
389941	C1QL3
728458	OPN1MW2
51380	CSAD
55258	THNSL2
64902	AGXT2
137362	GOT1L1
414	ARSD
3750	KCND1
7561	ZNF14
7569	ZNF182
7608	ZNF56P
7617	ZNF66
7618	ZNF726P1
7673	ZNF222
7691	ZNF132
7710	ZNF154
7762	ZNF215
8437	RASAL1
8515	ITGA10
8748	ADAM20
10873	ME3
11174	ADAMTS6
22835	ZFP30
23536	ADAT1
26149	ZNF658
26290	GALNT8
26301	GBGT1
50487	PLA2G3
50614	GALNT9
51276	ZNF571
51281	ANKMY1
51385	ZNF589
54482	TRMT13
54753	ZNF853
54807	ZNF586
54816	ZNF280D
55079	FEZF2
55184	DZANK1
55298	RNF121
55313	CPPED1
55520	ELAC1
55552	ZNF823
55762	ZNF701
55799	CACNA2D3
56165	TDRD1
56242	ZNF253
56731	SLC2A4RG
56953	NT5M
57232	ZNF630
57507	ZNF608
57593	EBF4
57615	ZNF492
63977	PRDM15
64172	OSGEPL1
64180	DPEP3
64409	GALNT17
79413	ZBED2
79623	GALNT14
79692	ZNF322
79788	ZNF665
79891	ZNF671
80307	FER1L4
81856	ZNF611
81890	QTRT1
83482	SCRT1
83744	ZNF484
84436	ZNF528
84503	ZNF527
84614	ZBTB37
84622	ZNF594
84671	ZNF347
84765	ZNF577
84874	ZNF514
84900	RNFT2
84911	ZNF382
85460	ZNF518B
85508	SCRT2
90075	ZNF30
90233	ZNF551
90317	ZNF616
90333	ZNF468
90576	ZNF799
90592	ZNF700
90649	ZNF486
91120	ZNF682
91664	ZNF845
92285	ZNF585B
92312	MEX3A
93082	NEURL3
93134	ZNF561
112401	BIRC8
112885	PHF21B
116983	ACAP3
116984	ARAP2
119016	AGAP4
119385	AGAP11
121274	ZNF641
121355	GTSF1
124637	CYB5D1
126017	ZNF813
126231	ZNF573
126308	MOB3A
127550	A3GALT2
128387	TATDN3
129293	TRABD2A
130497	OSR1
137902	PXDNL
139735	ZFP92
140612	ZFP28
140685	ZBTB46
140766	ADAMTS14
140883	ZNF280B
142683	ITLN2
145553	MDP1
146050	ZSCAN29
147694	ZNF548
147947	ZNF542P
147948	ZNF582
147949	ZNF583
148198	ZNF98
148213	ZNF681
148268	ZNF570
148479	PHF13
148811	PM20D1
149076	ZNF362
150209	AIFM3
151835	CPNE9
152100	CMC1
154754	PRSS3P2
155185	AMZ1
158431	ZNF782
158471	PRUNE2
161823	ADAL
162962	ZNF836
162963	ZNF610
163051	ZNF709
163131	ZNF780B
163223	ZNF676
168391	GALNTL5
168433	RNF133
170690	ADAMTS16
170958	ZNF525
170959	ZNF431
170960	ZNF721
171017	ZNF384
195828	ZNF367
195977	ANTXRL
199704	ZNF585A
199746	U2AF1L4
199777	ZNF626
200312	RNF215
201501	ZBTB7C
201514	ZNF584
201626	PDE12
219539	YPEL4
219578	ZNF804B
219595	FOLH1B
220032	GDPD4
222194	RSBN1L
223082	ZNRF2
254042	METAP1D
255403	ZNF718
257160	RNF214
261729	STEAP2
282890	ZNF311
283254	HARBI1
283755	HERC2P3
284023	RNF227
284106	CISD3
284161	GDPD1
284349	ZNF283
284370	ZNF615
284371	ZNF841
284406	ZFP82
284443	ZNF493
284459	ZNF875
284958	NT5DC4
285267	ZNF619
285268	ZNF621
285346	ZNF852
285498	RNF212
285671	RNF180
285676	ZNF454
337876	CHSY3
339318	ZNF181
339500	ZNF678
339559	ZFP69
340252	ZNF680
340485	ACER2
340554	ZC3H12B
341277	OVCH2
342357	ZKSCAN2
342892	ZNF850
342909	ZNF284
342926	ZNF677
345462	ZNF879
346157	ZNF391
347527	ARSH
347549	CENPVL3
353088	ZNF429
353355	ZNF233
360023	ZBTB41
374378	GALNT18
374899	ZNF829
374900	ZNF568
376940	ZC3H6
378925	RNF148
388523	ZNF728
388536	ZNF790
388558	ZNF808
388561	ZNF761
388566	ZNF470
388567	ZNF749
389072	PLEKHM3
389114	ZNF662
389857	CENPVL1
390245	KDM4E
390667	PTX4
390927	ZNF793
390928	ACP7
390963	ZNF818P
390980	ZNF805
391059	FRRS1
399664	MEX3D
400713	ZNF880
401262	CRIP3
401509	ZNF658B
401898	ZNF833P
401934	RNF223
414189	AGAP6
440077	ZNF705A
440515	ZNF506
440519	ZNF724
440672	NUDT4B
441234	ZNF716
441495	CENPVL2
442117	GALNTL6
442247	RFPL4B
442319	ZNF727
642280	ZNF876P
642517	AGAP9
642819	ZNF487
642843	CPSF4L
643136	ZC3H11B
643181	FADS2B
643596	RNF224
643641	ZNF862
643836	ZFP62
643904	RNF222
644338	RPL37AP8
644353	ZCCHC18
645745	MT1HL1
646698	ZSCAN5DP
646862	RNF225
646864	ZNF723
646915	ZNF806
649137	ZSCAN5C
649458	MPTX1
653268	AGAP7P
654254	ZNF732
654463	FER1L6
664701	ZNF826P
728361	OVOL3
728927	ZNF736
729020	RPEL1
729092	AGAP5
729288	ZNF286B
729747	ZNF878
729944	ZNF75CP
729974	RFPL4AL1
730051	ZNF814
730087	ZNF726
730291	ZNF735
790969	ZNF705F
100128525	UQCRFS1P1
100128908	LMLN2
100129520	TEX13C
100129543	ZNF730
100129842	ZNF737
100131017	ZNF316
100131390	SP9
100131539	ZNF705E
100131827	ZNF717
100131980	ZNF705G
100132015	TEX13D
100132396	ZNF705B
100132911	DPH3P1
100271927	RASA4B
100287226	ZNF729
100289635	ZNF605
100293516	ZNF587B
100302737	ZNF861P
100381270	ZBED6
100505852	ZNF355P
100507290	ZNF865
100507650	RNF212B
100533646	ZNF840P
101060200	ZNF891
101929989	LITAFD
105378952	KLF18
110599583	EEF1AKMT4-ECE2
80765	STARD5
100652748	TIMM23B
80831	APOL5
407046	MIR9-1
54847	SIDT1
90019	SYT8
152579	SCFD2
246126	TXLNGY
341359	SYT10
594855	CPLX3
57605	PITPNM2
127124	ATP6V1G3
56882	CDC42SE1
81553	CYRIA
92558	BICDL1
123720	WHAMM
129049	SGSM1
148170	CDC42EP5
404636	DENND10
727851	RGPD8
79154	DHRS11
93034	NT5C1B
5383	PMS2P5
5387	PMS2P3
158401	SHOC1
729453	PMS2P6
107161145	PMS2P11
53342	IL17D
64747	MFSD1
79017	GGCT
80024	SLC8B1
83881	MIXL1
120425	JAML
146556	C16orf89
375316	RBM44
653464	SRGAP2C
100129669	IZUMO3
127003	C1orf194
4858	NOVA2
27292	DIMT1
60677	CELF6
64092	SAMSN1
64216	TFB2M
64779	MTHFSD
79066	METTL16
79954	NOL10
80336	PABPC1L
126668	TDRD10
132430	PABPC4L
132864	CPEB2
142940	TRUB1
148423	C1orf52
155400	NSUN5P1
155435	RBM33
257415	FAM133B
260294	NSUN5P2
280636	SELENOH
284677	SNHG28
340529	PABPC1L2A
345630	FBLL1
378948	RBMY1B
390748	PABPN1L
645974	PABPC1L2B
649330	HNRNPCL3
728369	USP17L24
100129128	KHDC1L
100130932	SNRPGP15
100132406	NBPF10
100616411	ERVK-16
101060301	HNRNPCL4
26225	ARL5A
55647	RAB20
85004	RERG
115273	RAB42
132946	ARL9
150786	RAB6D
158078	EEF1A1P5
196968	DNM1P46
285598	ARL10
389643	NUGGC
390790	ARL5C
392509	ARL13A
401258	RAB44
441400	RAB1C
643752	RAP1BL
729809	DNM1P34
100506084	ARL17B
9629	CLCA3P
55751	TMEM184C
388931	MFSD2B
221391	OPN5
339761	CYP27C1
5948	RBP2
11013	TMSB15A
286527	TMSB15B
375189	PFN4
5470	PPEF2
56985	ADPRM
79716	NPEPL1
132160	PPM1M
147699	PPM1N
259230	SGMS1
57710	KIAA1614
26255	PTTG3P
201176	ARHGAP27
342184	FMN1
163732	CITED4
391742	TAF11L2
50853	VILL
92241	RCSD1
93661	CAPZA3
129446	XIRP2
134549	SHROOM1
8781	PSPHP1
113622	ADPRHL1
26257	NKX2-8
27319	BHLHE22
29842	TFCP2L1
51450	PRRX2
54626	HES2
56751	BARHL1
60436	TGIF2
79192	IRX1
80712	ESX1
85474	LBX2
124535	HSF5
157848	NKX6-3
340260	UNCX
390259	BSX
390598	SKOR1
503582	ARGFX
503834	DPRX
503835	DUXA
644168	DRGX
652991	SKOR2
221938	MMD2
389362	PSMG4
219493	OR5AR1
100289017	MOXD2P
9651	PLCH2
10753	CAPN9
27039	PKD2L2
29930	PCDHB1
50859	SPOCK3
54660	PCDHB18P
54798	DCHS2
56097	PCDHGC5
56099	PCDHGB7
56106	PCDHGA10
56109	PCDHGA6
56112	PCDHGA3
56113	PCDHGA2
56114	PCDHGA1
56127	PCDHB9
56131	PCDHB4
56133	PCDHB2
56140	PCDHA8
56143	PCDHA5
56146	PCDHA2
56147	PCDHA1
59347	TPT1P8
64123	ADGRL4
64800	EFCAB6
79400	NOX5
79645	EFCAB1
79772	MCTP1
79825	EFCC1
79888	LPCAT1
79987	SVEP1
80267	EDEM3
84288	EFCAB2
84467	FBN3
84647	PLA2G12B
84658	ADGRE3
84698	CAPS2
89766	UMODL1
90342	FER1L5
91860	CALML4
92291	CAPN13
114780	PKD1L2
123745	PLA2G4E
126638	RPTN
131149	OTOL1
133584	EGFLAM
133690	CAPSL
147968	CAPN12
255743	NPNT
256158	HMCN2
283748	PLA2G4D
285588	EFCAB9
286097	MICU3
374786	EFCAB5
388697	HRNR
388795	EFCAB8
389118	CDHR4
391013	PLA2G2C
440279	UNC13C
728113	ANXA8L1
729330	OC90
100130771	EFCAB10
3495	IGHD
3542	IGLC6
11027	LILRA2
28299	IGKV1-5
28378	IGHV7-81
28385	IGHV6-1
28386	IGHV5-10-1
28388	IGHV5-51
28389	IGHV4-38-2
28391	IGHV4-61
28392	IGHV4-59
28394	IGHV4-39
28396	IGHV4-31
28397	IGHV4-30-4
28400	IGHV4-28
28401	IGHV4-4
28408	IGHV3-74
28409	IGHV3-73
28410	IGHV3-72
28412	IGHV3-66
28414	IGHV3-64
28420	IGHV3-53
28423	IGHV3-49
28424	IGHV3-48
28426	IGHV3-43
28429	IGHV3-38
28432	IGHV3-35
28434	IGHV3-33
28439	IGHV3-30
28442	IGHV3-23
28445	IGHV3-20
28447	IGHV3-16
28448	IGHV3-15
28449	IGHV3-13
28450	IGHV3-11
28451	IGHV3-9
28452	IGHV3-7
28454	IGHV2-70
28455	IGHV2-26
28457	IGHV2-5
28458	IGHV1-69-2
28461	IGHV1-69
28464	IGHV1-58
28466	IGHV1-45
28467	IGHV1-24
28468	IGHV1-18
28472	IGHV1-8
28473	IGHV1-3
28526	TRDC
28776	IGLV7-43
28778	IGLV6-57
28791	IGLV3-27
28796	IGLV3-21
28797	IGLV3-19
28809	IGLV3-1
28813	IGLV2-23
28816	IGLV2-11
28817	IGLV2-8
28820	IGLV1-51
28822	IGLV1-47
28823	IGLV1-44
28825	IGLV1-40
28876	IGKV3D-11
28883	IGKV2D-28
28893	IGKV1D-39
28903	IGKV1D-12
28907	IGKV5-2
28908	IGKV4-1
28912	IGKV3-20
28913	IGKV3-15
28916	IGKV2-40
28919	IGKV2-30
28930	IGKV1-39
28937	IGKV1-17
28938	IGKV1-16
57289	IGHV7-4-1
57290	IGHV3-30-3
89770	IGHV3-30-5
388077	IGHV1OR15-1
100423062	IGLL5
102723168	IGHV2-70D
102723169	IGHV1-69D
102723170	IGHV3-64D
103106901	IGHV3-43D
79712	GTDC1
144423	GLT1D1
146712	B3GNTL1
349152	DPY19L2P2
360203	GLT6D1
554236	DPY19L2P1
23232	TBC1D12
55843	ARHGAP15
57569	ARHGAP20
84144	SYDE2
84253	GARNL3
158763	ARHGAP36
254272	TBC1D28
255520	ELMOD2
285190	RGPD4
343578	ARHGAP40
353149	TBC1D26
400966	RGPD1
414059	TBC1D3B
414060	TBC1D3C
653489	RGPD3
729540	RGPD6
729857	RGPD2
729873	TBC1D3
729877	TBC1D3H
101060351	TBC1D3K
101060376	TBC1D3L
101060389	TBC1D3D
102723859	TBC1D3E
102724862	TBC1D3I
22898	DENND3
51195	RAPGEFL1
57189	DENND11
85442	KNDC1
115557	ARHGEF25
126432	RINL
160518	DENND5B
221002	RASGEF1A
266747	RGL4
389337	ARHGEF37
414918	DENND6B
440073	IQSEC3
100271715	ARHGEF33
51802	ASIC5
219537	SMTNL1
5342	PLGLB2
5343	PLGLB1
11223	MST1L
23430	TPSD1
43847	KLK14
43849	KLK12
51279	C1RL
64063	PRSS22
80975	TMPRSS5
83886	PRSS27
84000	TMPRSS13
123787	PRSS29P
136541	PRSS58
138652	PRSS47
146547	PRSS36
157708	SEC11B
196294	IMMP1L
203074	PRSS55
221191	PRSS54
260429	PRSS33
284366	KLK9
339501	PRSS38
339906	PRSS42P
339967	TMPRSS11A
345062	PRSS48
346702	PRSS51
360200	TMPRSS9
360226	PRSS41
377047	PRSS45P
389208	TMPRSS11F
440387	CTRB2
100287362	PRSS46P
79748	LMAN1L
1564	CYP2D7
1572	CYP2F1
22952	CYP2G1P
79676	OGFOD2
79701	OGFOD3
79966	SCD5
163720	CYP4Z2P
199974	CYP4Z1
260293	CYP4X1
284541	CYP4A22
643965	TMEM88B
729993	SHISA9
338557	FFAR4
168448	CDC14C
285193	DUSP28
94033	FTMT
389844	FTH1P19
55586	MIOX
79861	TUBAL3
80086	TUBA4B
260334	TUBB8B
4515	MTCP1
55450	CAMK2N1
94032	CAMK2N2
285955	SPDYE1
399473	SPRED3
414194	CCNYL2
441251	SPDYE7P
441272	SPDYE3
442590	SPDYE5
100310812	SPDYE2B
102723555	SPDYE16
132243	H1-8
373861	H1-9P
391769	H3Y1
55435	AP1AR
23766	GABARAPL3
92552	ATXN3L
643246	MAP1LC3B2
645432	ARRDC5
8941	CDK5R2
85462	FHDC1
286187	PPP1R42
345456	PFN3
374666	WASH3P
644150	WIPF3
653440	WASH6P
9358	ITGBL1
26581	DUX5
64344	HIF3A
340784	HMX3
647219	ASCL5
727940	RHOXF2B
100033411	DUXB
93107	KCNG4
126755	LRRC38
219527	LRRC55
644139	PIRT
102723475	KCNE1B
64940	STAG3L4
84629	TNRC18
128854	TSPY26P
148418	SAMD13
221336	BEND6
256380	SCML4
285051	STPG4
442578	STAG3L3
442582	STAG3L2
642636	RAD21L1
646817	SETSIP
728137	TSPY3
728395	TSPY4
728403	TSPY8
100170841	EPOP
132612	ADAD1
161931	ADAD2
200959	GABRR3
64097	EPB41L4A
23612	PHLDA3
56169	GSDMC
644145	EXOC1L
9340	GLP2R
100996758	NPY4R2
375387	NRROS
100507588	TGFBR3L
25928	SOSTDC1
927	CD8B2
91355	LRP5L
115350	FCRL1
8749	ADAM18
8756	ADAM7
54621	VSIG10
338667	VSIG10L2
143471	PSMA8
139804	RBMXL3
222183	SRRM3
340168	DPPA5
573971	DHFRP1
100379251	NPPA-AS1
494115	RBMXL1
79929	MAP6D1
389124	IQCF5
440956	IQCF6
50636	ANO7
63974	NEUROD6
144106	ST13P5
145165	ST13P4
390992	HES3
391723	HELT
157724	SLC7A13
51052	PRLH
347148	QRFP
644059	PYY3
4995	OR3A2
64096	GFRA4
64922	LRRC19
79627	OGFRL1
93035	PKHD1L1
116444	GRIN3B
130120	REG3G
285852	TREML4
344838	PAQR9
117194	MRGPRX2
344758	GPR149
50700	RDH8
201140	DHRS7C
83592	AKR1E2
441282	AKR1B15
1348	COX7A2P2
100288485	MTRNR2L7
100462977	MTRNR2L1
100462981	MTRNR2L2
100462983	MTRNR2L3
100463285	MTRNR2L4
100463289	MTRNR2L5
100463482	MTRNR2L6
100463486	MTRNR2L8
100463487	MTRNR2L9
100463488	MTRNR2L10
100463489	MTRNR2L11
100463498	MTRNR2L12
100463500	MTRNR2L13
2797	GNRH2
3626	INHBC
79006	METRN
84666	RETNLB
94027	CGB7
114336	CGB2
257313	UTS2B
375704	ENHO
388581	C1QTNF12
100506013	APELA
254013	ETFBKMT
25817	TAFA5
84432	PROK1
129521	NMS
56965	PARP6
116969	ART5
2828	GPR4
2854	GPR32
2855	GPR32P1
2856	GPR33
4992	OR1F1
4993	OR2C1
7932	OR2H2
8383	OR1A1
8386	OR1D5
8387	OR1E1
8389	OR1E3
8390	OR1G1
8391	OR1P1
8392	OR3A3
8590	OR6A2
9038	TAAR5
9287	TAAR2
10798	OR5I1
10888	GPR83
10936	GPR75
11245	GPR176
23538	OR52A1
23620	NTSR2
26184	OR1F2P
26188	OR1C1
26189	OR1A2
26211	OR2F1
26212	OR2B6
26219	OR1J4
26245	OR2M4
26246	OR2L2
26338	OR5L2
26339	OR5K1
26476	OR10J1
26492	OR8G2P
26493	OR8B8
26494	OR8G1
26495	OR9A1P
26496	OR10A3
26497	OR10D3
26529	OR12D2
26530	OR12D1
26531	OR11A1
26533	OR10G3
26534	OR10G2
26595	OR8B2
26648	OR7E24
26659	OR7A5
26682	OR4F4
26686	OR4E2
26687	OR4E1
26689	OR4D1
26692	OR2W1
26693	OR2V1
26696	OR2T1
26707	OR2J2
26716	OR2H1
26737	OR1L1
26740	OR1J2
27197	GPR82
27198	HCAR1
27199	OXGR1
27334	P2RY10
29909	GPR171
50831	TAS2R3
50832	TAS2R4
50834	TAS2R1
50835	TAS2R9
50840	TAS2R14
54328	GPR173
56656	OR2S2
57121	LPAR5
65944	OR2B8P
79274	OR52L2P
79290	OR13A1
79295	OR5H6
79296	OR52E1
79310	OR5H2
79317	OR4K5
79324	OR51G1
79334	OR11H2
79339	OR51B4
79346	OR4C5
79470	OR51J1
79473	OR52N1
79482	OR5AL1
79490	OR10G6
79501	OR4F5
79541	OR2A4
79544	OR4K1
79549	OR6J1
80045	GPR157
81050	OR5AC2
81061	OR11H1
81099	OR4F17
81127	OR4K15
81168	OR8J3
81169	OR8J2
81193	OR5G3
81228	OR5AK3P
81248	OR52P1P
81282	OR51G2
81300	OR4P4
81309	OR4C15
81315	OR4A8
81318	OR4A5
81327	OR4A16
81328	OR4A15
81341	OR10W1
81377	OR13C7
81392	OR2AE1
81406	OR2W6P
81431	OR5AC1
81442	OR6N2
81448	OR6K2
81458	OR2T7
81466	OR2L5
81469	OR2G3
81470	OR2G2
81472	OR2C3
81491	GPR63
81696	OR5V1
81697	OR2B2
83551	TAAR8
84435	ADGRA1
84636	GPR174
114814	GNRHR2
115330	GPR146
116511	MAS1L
116512	MRGPRD
116534	MRGPRE
116535	MRGPRF
117196	MRGPRX4
119678	OR52E2
119679	OR52J3
119682	OR51L1
119687	OR51A7
119692	OR51S1
119694	OR51F2
119695	OR52R1
119764	OR4X2
119765	OR4B1
119772	OR52M1
119774	OR52K2
120065	OR5P2
120066	OR5P3
120586	OR8I2
120775	OR2D3
120776	OR2D2
120787	OR52W1
120793	OR56A4
120796	OR56A1
121129	OR2AP1
121130	OR10P1
121275	OR10AD1
121364	OR10A7
122740	OR4K14
122742	OR4L1
122748	OR11H6
124538	OR4D2
125962	OR7G1
125963	OR1M1
126370	OR1I1
127059	OR2M5
127062	OR2M3
127064	OR2T12
127066	OR14C36
127068	OR2T34
127069	OR2T10
127074	OR2T4
127077	OR2T11
127608	OR2AJ1
127617	OR14L1P
127623	OR2B11
128360	OR10T2
128366	OR6P1
128367	OR10X1
128368	OR10Z1
128371	OR6K6
128372	OR6N1
130075	OR9A4
134083	OR2Y1
135924	OR9A2
135941	OR2A14
135948	OR2F2
138799	OR13C5
138802	OR13C8
138803	OR13C3
138804	OR13C4
138805	OR13F1
138881	OR1L8
138882	OR1N2
139378	ADGRG4
143496	OR52B4
143502	OR52I2
144124	OR10A5
150681	OR6B3
158131	OR1Q1
165082	ADGRF3
166647	ADGRA3
196335	OR56B4
219417	OR8U1
219428	OR4C16
219429	OR4C11
219431	OR4S2
219432	OR4C6
219436	OR5D14
219437	OR5L1
219438	OR5D18
219453	OR8K5
219469	OR8H1
219473	OR8K3
219477	OR8J1
219479	OR8U3
219482	OR5M3
219484	OR5M8
219487	OR5M11
219858	OR8B12
219865	OR8G5
219869	OR10G8
219870	OR10G9
219873	OR10S1
219875	OR4D5
219952	OR6Q1
219954	OR9I1
219956	OR9Q1
219957	OR9Q2
219958	OR1S2
219959	OR1S1
219960	OR10Q1
219965	OR5B17
219968	OR5B21
219981	OR5A2
219982	OR5A1
219983	OR4D6
219986	OR4D11
222545	GPRC6A
222611	ADGRF2
254783	OR6C74
254786	OR6C3
254879	OR2T6
254973	OR1L4
255725	OR52B2
256144	OR4C3
256148	OR4S1
256892	OR51F1
259249	MRGPRX1
259285	TAS2R39
259286	TAS2R40
259289	TAS2R43
259290	TAS2R31
259291	TAS2R45
259292	TAS2R46
259293	TAS2R30
259295	TAS2R20
259296	TAS2R50
266665	TAS2R33
266666	TAS2R36
266977	ADGRF1
282763	OR51B5
282775	OR5J2
283093	OR4C12
283110	OR52Z1
283111	OR51V1
283159	OR8D1
283160	OR8D2
283162	OR8B4
283189	OR9G4
283297	OR10A4
283365	OR6C6
283617	OR4K3
283694	OR4N4
284383	OR2Z1
284532	OR14A16
285659	OR2V2
286362	OR13C9
286365	OR13D1
338662	OR8D4
338674	OR5F1
338675	OR5AP2
338755	OR2AG2
340980	OR52B6
341152	OR2AT4
341276	OR10A2
341416	OR6C2
341418	OR6C4
341799	OR6S1
343169	OR6F1
343170	OR14K1
343171	OR2W3
343172	OR2T8
343173	OR2T3
343406	OR10R2
343563	OR2T29
346517	OR6V1
346525	OR2A12
346528	OR2A1
347168	OR1J1
347169	OR1B1
347468	OR13H1
350383	GPR142
353164	TAS2R42
386746	MRGPRG
387748	OR56B1
387815	OR8G3P
388761	OR14A2
389090	OR6B2
390036	OR52K1
390037	OR52I1
390038	OR51D1
390053	OR52A4P
390054	OR52A5
390058	OR51B6
390059	OR51M1
390061	OR51Q1
390063	OR51I1
390064	OR51I2
390066	OR52D1
390067	OR52H1
390072	OR52N4
390073	OR56B2P
390075	OR52N5
390077	OR52N2
390079	OR52E8
390081	OR52E4
390082	OR52E5
390083	OR56A3
390084	OR56A5
390093	OR10A6
390113	OR4X1
390134	OR4A4P
390142	OR5D13
390144	OR5D16
390148	OR5W2
390151	OR8H2
390152	OR8H3
390155	OR5T1
390157	OR8K1
390162	OR5M9
390167	OR5M10
390168	OR5M1
390174	OR9G1
390181	OR5AK2
390190	OR5B2
390191	OR5B12
390195	OR5AN1
390197	OR4D10
390199	OR4D9
390201	OR10V1
390260	OR6X1
390261	OR6M1
390265	OR10G7
390266	OR10D4P
390271	OR8B3
390275	OR8A1
390323	OR6C75
390326	OR6C76
390327	OR6C70
390429	OR4N2
390431	OR4K2
390432	OR4Q2
390433	OR4K13
390436	OR4K17
390437	OR4N5
390439	OR11G2
390445	OR5AU1
390538	OR4M2
390648	OR4F6
390649	OR4F15
390882	OR7G2
390883	OR7G3
390892	OR7A10
390894	OR7A2P
391107	OR10K2
391109	OR10K1
391112	OR6Y1
391114	OR6K3
391121	OR10J4
391189	OR11L1
391190	OR2L8
391191	OR2AK2
391192	OR2L3
391194	OR2M2
391195	OR2T33
391196	OR2M7
392133	OR10AC1
392138	OR2A25
392309	OR13J1
392311	OR13C6P
392376	OR13C2
392390	OR1L6
392391	OR5C1
392392	OR1K1
393046	OR2A5
401427	OR2A7
401663	OR51H1
401665	OR51T1
401666	OR51A4
401667	OR51A2
401992	OR2T2
401993	OR2T5
402317	OR2A42
403239	OR2T27
403244	OR2T35
403253	OR4A47
403257	OR4C45
403273	OR5H14
403274	OR5H15
403277	OR5K3
403278	OR5K4
403282	OR6C65
403284	OR6C68
440153	OR11H12
441308	OR4F21
441608	OR5B3
441639	OR9K2
441669	OR4Q3
441670	OR4M1
441911	OR10J3
441932	OR2W5P
441933	OR13G1
442179	OR1F12
442185	OR2J1
442186	OR2J3
442191	OR14J1
442194	OR10C1
442197	OR2I1P
442361	OR2A2
504189	OR8U8
504190	OR8U9
504191	OR9G9
653160	GPR199P
653166	OR1D4
727924	LINC02203
118568804	OR4M2B
27012	KCNV1
55303	GIMAP4
55665	URGCP
79785	RERGL
155038	GIMAP8
387751	GVINP1
474344	GIMAP6
100507096	GIMD1
2172	FABP6
81575	APOLD1
128859	BPIFB6
128861	BPIFA3
147323	STARD6
149954	BPIFB4
220832	FABP5P3
245910	DEFB107A
503614	DEFB107B
646480	FABP9
646486	FABP12
54812	AFTPH
122616	CLBA1
6975	TECTB
22798	LAMB4
26254	OPTC
105378220	MARCOL
90523	MLIP
203611	CDY2B
253175	CDY1B
102723796	TLE7
139135	PASD1
55057	CRYBG2
114132	SIGLEC11
131544	CRYBG3
154790	CLEC2L
160365	CLECL1
165530	CLEC4F
387837	CLEC12B
400797	CLEC20A
402635	GRIFIN
100049587	SIGLEC14
619207	SCART1
2210	FCGR1B
57413	TMIGD3
83953	FCAMR
84824	FCRLA
127943	FCRLB
100141515	C17orf99
283971	CLEC18C
497190	CLEC18B
254240	BPIFC
10637	LEFTY1
27006	FGF22
346389	MACC1
353500	BMP8A
441549	CDNF
3883	KRT33A
6699	SPRR1B
116337	PANX3
643803	KRTAP24-1
644672	CLDN25
645027	EVPLL
100132463	CLDN24
100288814	CLDN34
100507321	ERVK13-1
100616103	ERVK-21
100885848	PTGES3L
2310	FOXO3B
5462	POU5F1B
196446	MYRFL
101927685	HSFX4
101928917	HSFX3
4213	MEIS3P1
54581	SCAND2P
54729	NKX1-1
283078	MKX
283571	PROX2
347853	TBX10
388112	NANOGP8
390010	NKX1-2
390937	ERFL
404635	NANOGP1
442425	FOXB2
647589	ANHX
653427	FOXD4L5
731220	RFX8
100288524	FOXL3-OT1
105371346	CPHXL
128817	CSTL1
128820	CST9LP1
128822	CST9
140880	CST11
347736	NME9
150353	DNAJB7
165721	DNAJB8
195827	PRXL2C
57583	TMEM181
122970	ACOT4
51673	TPPP3
79649	MAP7D3
122664	TPPP2
401236	STMND1
147015	DHRS13
246181	AKR7L
2880	GPX5
340204	CLPSL1
100507055	LRCOL1
2940	GSTA3
25774	GSTT4
653689	GSTT2B
100037417	DDTL
51239	ANKRD39
80343	SEL1L2
143279	HECTD2
151525	WDSUB1
118611	C10orf90
140825	NEURL2
387921	NHLRC3
25907	TMEM158
122665	RNASE8
89801	PPP1R3F
267020	ATP5MGL
25769	SLC24A2
51393	TRPV2
390940	PINLYP
56948	SDR39U1
79758	DHRS12
374875	HSD11B1L
399671	HEATR4
728635	DHRS4L1
400410	ST20
23520	ANP32C
54627	MAP10
57821	CCDC181
79884	MAP9
126731	CCSAP
165186	TOGARAM2
286207	CFAP157
400954	EML6
100653515	CEP295NL
348807	CFAP100
387885	CFAP73
342538	NACA2
25996	REXO2
55344	PLCXD1
257068	PLCXD2
348751	FTCDNL1
126637	TCHHL1
1370	CPN2
7475	WNT6
27177	IL36B
55801	IL26
56832	IFNK
64806	IL25
113540	CMTM1
692094	MSMP
6568	SLC17A1
10050	SLC17A4
10786	SLC17A3
51000	SLC35B3
57153	SLC44A2
57835	SLC4A5
64645	MFSD14A
83697	SLC4A9
84179	SLC49A3
116843	SLC18B1
124976	SPNS2
136306	SVOPL
146429	SLC22A31
146802	SLC47A2
283537	SLC46A3
341880	SLC35F4
387601	SLC22A25
440044	SLC22A20P
1262	CNGA4
53828	FXYD4
54207	KCNK10
89822	KCNK17
441432	AQP7P3
9153	SLC28A2
64078	SLC28A3
84944	MAEL
267002	PGBD2
100507027	MRLN
653308	ASAH2B
54529	ASNSD1
142910	LIPJ
340654	LIPM
643414	LIPK
406875	FXYD6P3
79746	ECHDC3
406895	MIR103A1
406897	MIR105-1
406917	MIR129-1
406939	MIR147A
406944	MIR153-1
406949	MIR15B
406954	MIR181A2
406955	MIR181B1
406975	MIR198
406976	MIR199A1
406982	MIR20A
406990	MIR208A
407024	MIR29B1
442890	MIR133B
442919	MIR374A
554212	MIR448
574411	MIR451A
574444	MIR491
574460	MIR498
574476	MIR520C
574513	MIR508
693130	MIR548D1
693158	MIR573
693198	MIR613
693229	MIR644A
100033819	MIR675
100126296	MIR298
100126317	MIR374B
100126336	MIR208B
100302153	MIR1298
100500828	MIR3619
102466519	MIR6086
55301	OLAH
283848	CES4A
92292	GLYATL1
219970	GLYATL2
389396	GLYATL3
100287520	GLYATL1B
671	BPI
245928	DEFB114
245932	DEFB119
375318	AQP12A
54788	DNAJB12
79982	DNAJB14
646625	URAD
79935	CCNP
645121	CCNI2
102724928	CCNYL3
64208	POPDC3
140894	CNBD2
3743	KCNA7
26251	KCNG2
90134	KCNH7
131096	KCNH8
101060233	OPN1MW3
155051	CRYGN
5212	VIT
338821	SLCO1B7
64743	WDR13
64863	METTL4
85002	FAM86B1
133383	SETD9
149281	NTMT2
221143	EEF1AKMT1
399818	EEF1AKMT2
645332	FAM86C2P
728464	METTL24
110599564	EEF1AKMT4
55230	USP40
391622	USP17L6P
392188	USP17L8
392197	USP17L7
392360	CTSL3P
401447	USP17L1
645402	USP17L4
645836	USP17L3
728386	USP17L5
100287144	USP17L10
100287178	USP17L11
100287205	USP17L12
100287238	USP17L13
100287327	USP17L17
100287364	USP17L18
100287404	USP17L19
100287441	USP17L20
100287478	USP17L21
100287513	USP17L22
100288520	USP17L15
84971	ATG4D
145814	PGPEP1L
245940	DEFB130A
503618	DEFB104B
641517	DEFB109B
100133267	DEFB130B
221044	UCMA
221830	POLR1F
154150	HDGFL1
170067	SUPT20HL2
284358	MAMSTR
100130302	SUPT20HL1
92259	MRPS36
203274	LINC00537
220717	RPLP0P6
553117	RPL39P5
645683	RPL13AP3
100008587	RNA5-8SN5
100008588	RNA18SN5
100008589	RNA28SN5
100169751	RNA5S1
100169760	RNA5S9
100216546	LINC01004
100861532	RNA45SN5
100874051	LZTS1-AS1
106631777	RNA45SN1
106632264	RNA28SN1
109864271	RNA45SN4
109864272	RNA28SN4
109864273	RNA18SN4
109864279	RNA45SN2
109864282	RNA28SN2
109910379	RNA45SN3
109910382	RNA28SN3
59285	CACNG6
117532	TMC2
347732	CATSPER3
255783	INAFM1
100505573	INAFM2
342527	SMTNL2
80852	GRIP2
81832	NETO1
729956	SHISA7
654816	NCF1B
654817	NCF1C
151516	ASPRV1
643834	PGA3
554235	ASPDH
154743	BMT2
110117498	P3R3URF
116379	IL22RA2
147011	PROCA1
90673	PPP1R3E
648791	PPP1R3G
23625	FAM89B
85012	TCEAL3
140597	TCEAL2
158931	TCEAL6
389898	UBE2NL
100131816	UBE2DNL
151649	PP2D1
339291	LRRC30
344657	LRRIQ4
92235	STYXL2
151050	KANSL1L
171586	ABHD3
221223	CES5A
161247	FITM1
145376	PPP1R36
221908	PPP1R35
54102	CLIC6
266675	BEST4
26538	OR10H2
126541	OR10H4
127385	OR10J5
219464	OR5T2
219874	OR6T1
284433	OR10H5
390154	OR5T3
390441	OR11H7
390442	OR11H4
401973	OR10J6P
285335	SLC9C1
222962	SLC29A4
57719	ANO8
11046	SLC35D2
340146	SLC35D3
728661	SLC35E2B
100128190	SLC9B1P1
56659	KCNK13
56660	KCNK12
131873	COL6A6
59342	SCPEP1
619373	MBOAT4
286256	LCN12
51050	PI15
93517	SDR42E1
100288072	SDR42E2
347252	IGFBPL1
57478	USP31
84182	MINDY4
124739	USP43
220213	OTUD1
373509	USP50
646951	MINDY4B
101241878	USP17L23
284612	SYPL2
440804	RIMBP3B
90249	UNC5A
137970	UNC5D
100127983	C8orf88
407039	MIR33A
693169	MIR584
100126354	MIR297
131909	FAM172BP
6976	TRGV3
28577	TRBV12-3
28589	TRBV7-9
28653	TRAV29DV5
28664	TRAV19
28682	TRAV8-4
80219	COQ10B
93058	COQ10A
606495	CYB5RL
66004	LYNX1
432355	SLURP2
79819	DNAI4
91300	R3HDM4
151613	TTC14
203069	R3HCC1
390443	RNASE9
440163	RNASE13
493901	RNASE12
503542	SPRN
143244	EIF5AL1
137994	LETM2
317649	EIF4E3
392517	NCBP2L
26834	RNU4-2
26835	RNU4-1
100750247	HIF1A-AS2
114794	ELFN2
392617	ELFN1
100507444	PPP1R2P1
400986	ANKRD36C
28968	SLC6A16
647044	FAM220BP
163404	PLPPR5
91828	EXOC3L4
653390	RRN3P2
730092	RRN3P1
54516	MTRF1L
7363	UGT2B4
10941	UGT2A1
54490	UGT2B28
54579	UGT1A5
133688	UGT3A1
574537	UGT2A2
51301	GCNT4
79369	B3GNT4
140687	GCNT7
152586	MGAT4D
192134	B3GNT6
100288842	B3GALT9
26166	RGS22
105372280	GNG14
140701	ABHD16B
138307	LCN8
158062	LCN6
286310	LCN1P1
401562	LCNL1
414332	LCN10
109703458	HTD2
441864	TARM1
645142	PPIAL4D
653505	PPIAL4A
653598	PPIAL4C
728945	PPIAL4F
730262	PPIAL4E
105371242	PPIAL4H
399968	PATE4
100996746	SPDYE11
2528	FUT6
57818	G6PC2
54020	SLC37A1
219855	SLC37A2
64772	ENGASE
80162	PGGHG
283358	B4GALNT3
338707	B4GALNT4
79856	SNX22
143888	POGLUT3
169714	QSOX2
2679	GGT3P
92086	GGTLC1
728226	GGTLC3
728441	GGT2
81025	GJA9
84694	GJA10
375519	GJB7
100126572	GJE1
112937	GLB1L3
79683	ZDHHC14
84885	ZDHHC12
131540	ZDHHC19
653082	ZDHHC11B
284004	HEXD
338692	ANKRD13D
126014	OSCAR
79183	TTPAL
3770	KCNJ14
3773	KCNJ16
9424	KCNK6
60598	KCNK15
94026	POM121L2
285877	POM121L12
100288540	POM121B
197021	LCTL
160287	LDHAL6A
55911	APOBR
148003	LGALS16
375775	PNPLA7
256979	SUN3
100034743	PDZK1P1
57151	LYZL6
131375	LYZL4
389852	SPACA5
729201	SPACA5B
83742	MARVELD1
400746	NCMAP
9435	CHST2
23563	CHST5
56548	CHST7
130752	MDH1B
91584	PLXNA4
51063	CALHM2
221301	CALHM4
254228	CALHM5
441024	MTHFD2L
10903	MTMR11
54893	MTMR10
388323	GLTPD2
55064	SPATA6L
199699	DAND5
26827	RNU6-1
101954271	RNU6-9
101954275	RNU6-7
100151684	RNU6ATAC
4888	NPY6R
6534	SLC6A7
57864	SLC46A2
120103	SLC36A4
159963	SLC5A12
140856	SCP2D1
79690	GAL3ST4
253982	ASPHD1
375133	PI4KAP2
728233	PI4KAP1
266971	PIPSL
116255	MOGAT1
158833	AWAT1
158835	AWAT2
346606	MOGAT3
646409	DGAT2L7P
55113	XKR8
389158	PLSCR5
153768	PRELID2
5370	PMCHL2
66035	SLC2A11
54866	PPP1R14D
159091	PABIR3
84945	ABHD13
122945	NOXRED1
6060	RNU1-4
6063	RNVU1-2A
26824	RNU11
26864	RNVU1-7
285962	WEE2-AS1
101447996	RNVU1-8
101954264	RNVU1-4
101954266	RNVU1-14
101954267	RNVU1-15
101954268	RNVU1-20
101954269	RNVU1-17
101954272	RNVU1-3
101954273	RNVU1-1
101954276	RNVU1-6
101954277	RNVU1-19
105378616	LINC01715
148756	OVAAL
340562	SATL1
375607	NAT16
338596	ST8SIA6
285641	SLC36A3
92745	SLC38A5
152078	SLC66A1L
125206	SLC5A10
200010	SLC5A9
140679	SLC32A1
284525	SLC9C2
347051	SLC10A5
6561	SLC13A1
133482	SLCO6A1
353189	SLCO4C1
81893	SLC7A5P1
387254	SLC7A5P2
91373	UAP1L1
27233	SULT1C4
83539	CHST9
391365	SULT6B1
255061	TAC4
254531	LPCAT4
653519	GPR89A
79815	NIPAL2
81614	NIPA2
152519	NIPAL1
123099	DEGS2
84814	PLPP7
130367	SGPP2
83857	TMTC1
57156	TMEM63C
56964	WDR93
347411	MPC1L
9390	SLC22A13
266722	HS6ST3
80235	PIGZ
147991	DPY19L3
200810	ALG1L
644974	ALG1L2
406881	MIRLET7A1
406887	MIRLET7E
406888	MIRLET7F1
406922	MIR133A1
406925	MIR135A1
406963	MIR187
406972	MIR196A1
406978	MIR199B
406980	MIR19B1
407015	MIR26A1
407028	MIR302A
407036	MIR32
442902	MIR330
442916	MIR371A
442917	MIR372
442918	MIR373
494332	MIR383
554213	MIR449A
574031	MIR363
574033	MIR18B
574449	MIR492
574461	MIR520E
574462	MIR515-1
574463	MIR519E
574467	MIR520A
574469	MIR519B
574474	MIR518B
574475	MIR526A1
574477	MIR518C
574480	MIR519D
574488	MIR518A1
574493	MIR520H
574514	MIR509-1
574516	MIR514A1
646799	ZAR1L
693129	MIR548C
693137	MIR552
693157	MIR572
693167	MIR582
693173	MIR588
693175	MIR590
693224	MIR639
693225	MIR640
724027	MIR657
724029	MIR659
724031	MIR661
724033	MIR663A
768215	MIR767
100126307	MIR892B
100126310	MIR876
100126320	MIR920
100126325	MIR935
100187716	MIR1224
100302175	MIR1207
100302214	MIR1277
100302288	MIR548P
100423036	MIR2355
100500826	MIR3909
100616126	MIR4686
100616438	MIR4632
102465524	MIR6869
9673	SLC25A44
85495	RPPH1
79838	TMC5
342125	TMC3
441027	TMEM150C
147407	SLC25A52
84803	GPAT3
150763	GPAT2
84650	EBPL
83723	TLCD3B
121952	METTL21EP
23275	POFUT2
27112	NALF2
51093	METTL25B
728819	C1GALT1C1L
57210	SLC45A4
85414	SLC45A3
51611	DPH5
133060	OTOP1
55821	ALLC
283464	GXYLT1
727936	GXYLT2
285605	DTWD2
317701	VN1R2
317702	VN1R3
317703	VN1R4
317705	VN1R5
441931	VN1R17P
137964	GPAT4
89874	SLC25A21
64921	CASD1
494143	CHAC2
113419	TEX261
123688	HYKK
140838	NANP
142891	SAMD8
157739	TDH
100130758	METTL15P1
284029	LINC00324
388692	LINC02591
100132147	LINC01783
100288805	HYDIN2
103091866	LINC01145
113219467	MIR12136
375743	PTAR1
730249	ACOD1
100131187	TSTD1
167	CRISP1
7455	ZAN
10234	LRRC17
28516	TRDV3
28517	TRDV2
28518	TRDV1
28641	TRAV40
28643	TRAV38-2DV8
28644	TRAV38-1
28665	TRAV18
28669	TRAV14DV4
28677	TRAV9-2
28678	TRAV9-1
28691	TRAV2
28770	IGLV11-55
28772	IGLV10-54
28773	IGLV9-49
28774	IGLV8-61
28775	IGLV7-46
28779	IGLV5-52
28780	IGLV5-48
28781	IGLV5-45
28782	IGLV5-39
28783	IGLV5-37
28784	IGLV4-69
28785	IGLV4-60
28786	IGLV4-3
28787	IGLV3-32
28795	IGLV3-22
28799	IGLV3-16
28802	IGLV3-12
28803	IGLV3-10
28804	IGLV3-9
28811	IGLV2-33
28814	IGLV2-18
28821	IGLV1-50
28826	IGLV1-36
28869	IGKV6D-41
28870	IGKV6D-21
28874	IGKV3D-20
28875	IGKV3D-15
28877	IGKV3D-7
28881	IGKV2D-30
28882	IGKV2D-29
28884	IGKV2D-26
28885	IGKV2D-24
28891	IGKV1D-43
28892	IGKV1D-42
28900	IGKV1D-17
28902	IGKV1D-13
28904	IGKV1D-8
28906	IGKV6-21
28915	IGKV3-7
28920	IGKV2-29
28921	IGKV2-28
28923	IGKV2-24
28931	IGKV1-37
28935	IGKV1-27
28939	IGKV1-13
28940	IGKV1-12
28941	IGKV1-9
28942	IGKV1-8
28943	IGKV1-6
29802	VPREB3
79883	PODNL1
80059	LRRTM4
83690	CRISPLD1
85349	KRT87P
144321	GLIPR1L2
200407	CREG2
253970	SFTA3
256710	GLIPR1L1
257240	KLHL34
259283	MDS2
339398	LINGO4
375616	KCP
387104	SOGA3
388533	KRTDAP
399967	PATE2
404552	SCGB1D4
406951	MIR16-2
441381	LRRC24
574502	MIR500A
574504	MIR502
643866	CBLN3
645191	LINGO3
646627	LYPD8
653269	POTEI
653781	POTEJ
693133	MIR550A1
693161	MIR576
693221	MIR636
768213	MIR671
768216	MIR454
768217	MIR769
768239	PSAPL1
100126329	MIR941-1
100126338	MIR937
100126343	MIR874
100129216	DEFB131B
100132413	GKN3P
100302117	MIR320B1
100302135	MIR320C1
100302234	MIR664A
100313829	MIR548O
100422900	MIR3158-1
100422982	MIR4286
100500853	MIR3605
100505591	LRRC3C
100616275	MIR4508
100616385	MIR4732
100616476	MIR4446
100847046	MIR5010
100847057	MIR5189
102465429	MIR6511B1
102465683	MIR6511A3
102465803	MIR7706
102465837	MIR7849
7146	TNXA
54827	NXPE4
57446	NDRG3
84226	C2orf16
118491	CFAP70
127262	TPRG1L
139221	PWWP3B
219681	ARMC3
255220	TXNDC8
255252	LRRC57
256987	SERINC5
338094	FAM151A
374897	SBSN
401137	PRR27
406907	MIR124-1
693204	MIR619
100302196	MIR1234
100302226	MIR1238
100422907	MIR3156-2
100422910	MIR2861
100499483	CCDC180
100500845	MIR642B
100500878	MIR3679
100616121	MIR1268B
100616158	MIR4505
100616218	MIR3135B
100616265	MIR4433A
100616281	MIR4788
100616327	MIR4484
100616453	MIR4687
102464824	MIR6069
102464837	MIR6089
102465133	MIR6125
102465134	MIR6126
102465441	MIR6737
102465478	MIR6797
102465480	MIR6800
102465491	MIR6819
102465493	MIR6821
102465993	MIR7847
102466252	MIR8069-1
102466659	MIR6515
102466741	MIR6813
102466758	MIR6889
102466872	MIR7975
113455421	DERPC
284018	C17orf58
439921	MXRA7
5675	PSG6
5676	PSG7
10086	HHLA1
11026	LILRA3
23615	PYY2
28343	IGHV8-51-1
28404	IGHV3-38-3
28460	IGHV1-38-4
28483	IGHJ1
28510	IGHD1-1
28833	IGLJ1
28894	IGKV1D-37
28950	IGKJ1
30847	CECR9
55009	FAM174C
55203	LGI2
79582	SPAG16
79630	C1orf54
80737	VWA7
81623	DEFB126
83639	TEX101
83643	CCDC3
84624	FNDC1
85316	BAGE5
85317	BAGE4
85318	BAGE3
90693	CCDC126
113091	PTH2
113177	IZUMO4
114905	C1QTNF7
116842	LEAP2
118670	FAM24A
127731	VWA5B1
128646	SIRPD
129080	EMID1
135927	LLCFC1
140862	ISM1
143678	C11orf94
145853	C15orf61
147199	SCGB1C1
149830	PRNT
161357	MDGA2
163479	FNDC7
171169	SPACA4
199800	ADM5
200008	CDCP2
205327	C2orf69
219972	MPEG1
220979	ZNF22-AS1
245908	DEFB105A
245913	DEFB110
245927	DEFB113
245930	DEFB116
245936	DEFB123
245938	DEFB125
255649	OOSP1
283298	OLFML1
283463	MUC19
285313	IGSF10
285834	HCG22
286223	C9orf47
338645	LUZP2
339240	KRT17P5
339479	BRINP3
349633	PLET1
374739	TEPP
388419	BTBD17
389033	PLAC9P1
389376	SFTA2
401027	C2orf66
401115	C4orf48
402665	IGLON5
403339	DEFB133
414196	CELF2-AS1
440348	NPIPB15
440350	NPIPB7
492311	IGIP
503694	DEFB108A
504180	DEFB105B
554225	STRCP1
613209	DEFB135
613210	DEFB136
613211	DEFB134
619518	SSBP3-AS1
643669	CCER2
653423	SPAG11A
729085	GASK1A
100169851	PATE3
100288413	ERVMER34-1
100506374	EDDM13
107987155	OOSP4B
112577461	OOSP3
112577462	OOSP4A
6705	SPRR2F
10517	FBXW10
51226	COPZ2
56995	TULP4
64073	C19orf33
81870	KRTAP9-9
81871	KRTAP4-6
81872	KRTAP2-1
84366	PRAC1
85290	KRTAP4-3
90135	BTBD6
90861	JPT2
92092	ZC3HAV1L
122773	KLHDC1
123775	C16orf46
126567	C2CD4C
127247	ASB17
140456	ASB11
140458	ASB5
146330	FBXL16
150726	FBXO41
157695	TDRP
222235	FBXL13
285231	FBXW12
285636	C5orf51
337976	KRTAP20-2
337979	KRTAP22-1
341405	ANKRD33
352954	CASTOR3
375337	TOPAZ1
386679	KRTAP10-2
386685	KRTAP10-12
387273	KRTAP5-10
401036	ASB18
401466	RBIS
414899	BLID
439915	KRTAP5-5
440270	GOLGA8B
554282	FAM72C
643812	KRTAP27-1
728224	KRTAP4-8
728255	KRTAP1-4
728299	KRTAP19-8
728318	KRTAP9-1
729359	PLIN4
100131902	KRTAP25-1
100132386	KRTAP4-9
100288323	KRTAP21-3
100505724	KRTAP9-7
100505753	KRTAP16-1
100507608	KRTAP9-6
100533177	KRTAP29-1
10665	TSBP1
11259	FILIP1L
24150	TP53TG3
51481	VCX3A
51696	HECA
54440	SASH3
54494	C11orf71
55727	BTBD7
56154	TEX15
59351	PBOV1
63947	DMRTC1
79104	MEG8
83596	BCL2L12
83607	AMMECR1L
84138	SLC7A6OS
84808	PERM1
93953	GCNA
123036	TC2N
123970	C16orf78
140711	TLDC2
143570	XRRA1
149685	ADIG
152877	FAM53A
153745	FAM71B
203413	CT83
220042	DDIAS
221481	ARMC12
256006	ANKRD31
259308	FAM205A
280657	SSX6P
280659	SSX8P
280660	SSX9P
284071	MEIOC
285237	C3orf38
286430	NLRP2B
339778	FAM166C
340120	ANKRD34B
360205	PRAC2
388507	ZNF788P
388799	FAM209B
389493	NUPR2
401190	RGS7BP
401265	KLHL31
402055	SRRD
402573	C7orf61
425054	VCX3B
440955	TMEM89
441581	FRG2B
441951	ZFAS1
445577	C9orf129
448831	FRG2
642574	IQANK1
645996	NAP1L6P
653550	TP53TG3C
728656	DMRTC1B
729264	TP53TG3D
729355	TP53TG3B
790952	ESRG
100126798	SNAR-A1
100126800	SNAR-A12
100169951	SNAR-A3
100170217	SNAR-B2
100170218	SNAR-C2
100170219	SNAR-C4
100170220	SNAR-E
100170226	SNAR-C3
100170228	SNAR-G2
100288801	FRG2C
100316904	SAP25
102724101	TP53TG3E
102724127	TP53TG3F
111064647	CSNKA2IP
54965	PIGX
55973	BCAP29
57540	DISP3
90527	DUOXA1
125704	DIPK1C
130733	TMEM178A
220112	CTAGE3P
222068	TMED4
285525	YIPF7
286144	TRIQK
387597	ILDR2
388650	DIPK1A
441294	CTAGE15
493913	PAPPA-AS1
548645	DNAJC25
643854	CTAGE9
100128553	CTAGE4
100142659	CTAGE8
101929726	MYMX
6966	TRGC1
9671	WSCD2
10186	LHFPL6
22990	PCNX1
22997	IGSF9B
23359	FAM189A1
23546	SYNGR4
25758	KIAA1549L
25775	YWHAH-AS1
26175	TMEM251
26526	TSPAN16
50624	CUZD1
51161	C3orf18
51313	GASK1B
51629	SLC25A39
54470	ARMCX6
54586	EQTN
55321	TMEM74B
55972	SLC25A40
56951	C5orf15
56967	C14orf132
57150	SMIM8
57292	KIR2DL5A
57578	UNC79
57876	MUC3B
79086	SMIM7
79168	LILRA6
79412	KREMEN2
79613	TANGO6
79652	TMEM204
79762	C1orf115
80008	TMEM156
83661	MS4A8
83890	SPATA9
83982	IFI27L2
84077	C3orf20
84222	TMEM191A
84553	FAXC
84769	MPV17L2
84826	SFT2D3
84928	TMEM209
85455	DISP2
89886	SLAMF9
89894	TMEM116
90488	TMEM263
90871	DMAC1
91181	NUP210L
92255	LMBRD2
92293	TMEM132C
92691	TMEM169
93377	OPALIN
114659	LRRC37B
116159	CYYR1
125931	CEACAM20
126123	IZUMO2
127579	DCST2
127670	TEDDM1
128346	C1orf162
128506	OCSTAMP
129684	CNTNAP5
130612	TMEM198
130814	SLC66A3
135886	TMEM270
138240	C9orf57
139065	SLITRK4
145407	ARMH4
145748	LYSMD4
145978	LINC00052
146861	SLC35G3
147184	KRT10-AS1
147276	C18orf15
147645	VSIG10L
147664	ERVV-1
147670	SMIM17
147710	IGSF23
148641	SLC35F3
148930	KNCN
149466	C1orf210
150165	XKR3
150709	ANKAR
153396	TMEM161B
154907	LINC02903
155184	SLC2A7
157693	FAM87A
158521	FMR1NB
162073	ITPRIPL2
162387	MFSD6L
169200	TMEM64
170371	TMEM273
200726	FAM237A
201243	SPEM2
202309	GAPT
219623	TMEM26
219995	MS4A15
220158	GTSCR1
221060	RPP38-DT
221091	LRRN4CL
221303	FAM162B
221468	TMEM217
221710	SMIM13
253559	CADM2
253582	TMEM244
255027	MPV17L
255349	TMEM211
256130	TMEM196
256223	CDRT15L2
283197	LINC00301
283521	TMEM272
283554	GPR137C
283951	C16orf91
283999	TMEM235
284099	C17orf78
284186	TMEM105
284266	SIGLEC15
284339	TMEM145
284353	NKPD1
284422	SMIM24
284723	SLC25A34
284759	SIRPB2
285368	PRRT3
285973	ATG9B
286046	XKR6
286183	NKAIN3
286234	SPATA31E1
338661	TMEM225
338949	TMEM202
339456	TMEM52
339883	C3orf35
339977	LRRC66
340393	TMEM249
340745	LRIT2
340895	MALRD1
341116	MS4A10
341346	SMCO2
341947	COX8C
342865	VSTM2B
343702	XKR7
345051	REELD1
353299	RGSL1
353515	XKRY2
374768	SPEM1
374819	LRRC37A3
374973	TEX38
386724	AMIGO3
387804	VSTM5
387890	TMEM233
388021	TMEM179
388364	TMIGD1
388394	RPRML
388564	TMEM238
388595	TMEM82
388611	CD164L2
388730	TMEM81
388789	SMIM26
388820	SMIM34A
388849	CCDC188
388946	TMEM247
389177	TMEM212
389332	SMIM32
389610	XKR5
389668	XKR9
389730	SPATA31A6
389761	SPATA31D4
389762	SPATA31D3
389763	SPATA31D1
394263	MUC21
399474	TMEM200B
399512	SLC25A35
399697	CTXN2
399948	COLCA1
400451	FAM174B
401097	C3orf80
401397	SMIM30
401399	PRRT4
401498	TMEM215
401505	TOMM5
401612	SLC25A53
401613	SERTM2
401827	MSLNL
401944	LDLRAD2
402415	XKRX
402778	IFITM10
404217	CTXN1
414152	C10orf105
440345	NPIPB4
440353	NPIPB12
440957	SMIM4
441452	SPATA31C1
442213	PTCHD4
553128	KIR2DL5B
554279	LINC00862
606553	LINC02905
613037	NPIPB13
619189	SERINC4
641384	LINC02912
641649	TMEM91
642515	PRRT1B
642987	TMEM232
643155	SMIM15
643382	TMEM253
643664	SLC35G6
643680	MS4A4E
643988	FNDC10
644070	GSG1L2
644444	TMEM30CP
644538	SMIM10
644694	CDRT15P2
644994	SMIM23
645203	TMEM14DP
645369	TMEM200C
645426	TMEM191C
645843	TMEM14EP
645961	SPATA31C2
646000	SLC35G4
646450	ARIH2OS
646658	SYNDIG1L
646962	HRCT1
647060	SPATA31A1
653659	TMEM183BP
677790	TMEM78
727830	SPATA31A3
727905	SPATA31A5
727910	TLCD2
728229	TMEM191B
728495	FAM74A3
728537	C2orf92
728577	CNTNAP3B
728588	MS4A18
728888	NPIPB11
730094	MOSMO
730130	TMEM229A
730159	TEX50
100127206	MINAR2
100129250	SMIM27
100129924	TMEM269
100129969	FAM205C
100130519	TMEM221
100130933	SMIM6
100131211	NEMP2
100131755	ARMCX4
100132247	NPIPB5
100132916	SHISAL2B
100132963	SMIM9
100134938	UPK3BL1
100271846	ERVV-2
100287284	MANSC4
100505876	CEBPZOS
100505989	SMIM31
100505993	TMEM210
100506144	TMEM35B
100506540	SPTY2D1OS
100506736	SLFN12L
100507050	TPBGL
100507341	SMIM18
100507421	TMEM178B
100507679	MUC22
100526771	SMIM35
100528020	FAM187A
100532726	NDUFC2-KCTD14
100652857	TMCO5B
100862671	TMEM265
100862693	ERVPABLB-1
100996492	CTXND1
100996521	CTXND2
100996582	FAM74A7
101929926	TEX51
102723899	PTTG1IP2
102724845	LINC00596
105372315	ERVS71-1
105375355	UPK3B
105378696	TMEM275
105378803	LRRC53
107983987	SMIM34B
107983988	SPEM3
107983993	UPK3BL2
107984345	SMIM38
110806279	SMIM28
110806298	C17orf113
111064648	SMIM36
111064649	SMIM33
111216276	PMIS2
112163659	TMDD1
112441426	TMEM271
113523636	SMIM40
113523639	SMIM39
117981789	SMIM42
118568799	ZNF593OS
10077	TSPAN32
57497	LRFN2
727764	MAFIP
10867	TSPAN9
23504	RIMBP2
28557	TRBV30
28558	TRBV29-1
28560	TRBV27
28562	TRBV25-1
28563	TRBV24-1
28564	TRBV23-1
28567	TRBV20-1
28569	TRBV18
28570	TRBV17
28571	TRBV16
28573	TRBV14
28574	TRBV13
28575	TRBV12-5
28580	TRBV11-3
28581	TRBV11-2
28582	TRBV11-1
28583	TRBV10-3
28584	TRBV10-2
28585	TRBV10-1
28586	TRBV9
28590	TRBV7-8
28591	TRBV7-7
28592	TRBV7-6
28594	TRBV7-4
28595	TRBV7-3
28596	TRBV7-2
28597	TRBV7-1
28598	TRBV6-9
28599	TRBV6-8
28600	TRBV6-7
28601	TRBV6-6
28603	TRBV6-4
28604	TRBV6-3
28606	TRBV6-1
28607	TRBV5-8
28608	TRBV5-7
28609	TRBV5-6
28610	TRBV5-5
28611	TRBV5-4
28612	TRBV5-3
28615	TRBV4-3
28616	TRBV4-2
28617	TRBV4-1
28619	TRBV3-1
28713	TRAJ42
28724	TRAJ31
51557	LGSN
53344	CHIC1
57828	CATSPERG
79729	SH3D21
79820	CATSPERB
83957	FRMD8P1
84210	ANKRD20A1
84443	FRMPD3
201134	CEP112
285513	GPRIN3
347404	LANCL3
431704	RGS21
643338	C15orf62
101928108	LY6L
9762	LZTS3
25832	NBPF14
25858	CATSPERZ
65121	PRAMEF1
65122	PRAMEF2
79007	DBNDD1
79846	CFAP69
84926	SPRYD3
115811	IQCD
120376	COLCA2
120935	CCDC38
122046	TEX26
128077	LIX1L
133558	MROH2B
139425	DCAF8L1
145508	CEP128
148545	NBPF4
149013	NBPF12
151827	LRRC34
200030	NBPF11
202500	TCTE1
221400	TDRD6
222658	KCTD20
253724	TTC41P
256949	KANK3
257177	CFAP126
283638	CEP170B
284565	NBPF15
284948	SH2D6
340286	FAM183BP
343070	PRAMEF9
343505	NBPF7P
345778	MTX3
347442	DCAF8L2
375686	SPATC1
387694	SH2D4B
388341	LRRC75A
388886	LRRC75B
389257	LRRC14B
389432	SAMD5
390999	PRAMEF12
391002	PRAMEF8
391004	PRAMEF17
399949	HOATZ
400735	PRAMEF4
400818	NBPF9
440560	PRAMEF11
440561	PRAMEF6
441871	PRAMEF7
441873	PRAMEF25
449520	GGNBP1
574028	CLLU1
643037	C11orf97
645359	PRAMEF26
645382	PRAMEF33
645414	PRAMEF19
645425	PRAMEF20
647135	SRGAP2B
653149	NBPF6
653606	PRAMEF22
653619	PRAMEF15
728597	DCDC2C
728841	NBPF8
729528	PRAMEF14
100288142	NBPF20
100507044	NBPF5P
100642175	SPRY4-IT1
101060226	NBPF19
101060684	NBPF26
101929983	PRAMEF27
110599588	ASDURF
27440	HDHD5
51287	COA4
55335	NIPSNAP3B
131076	MIX23
285343	TCAIM
100272147	CMC4
1089	CEACAM4
254102	EHBP1L1
285126	DNAJC5G
7499	XG
9543	IGDCC3
144448	TSPAN19
284417	TMEM150B
100130733	LRRC70
6973	TRGV1
6974	TRGV2
6977	TRGV4
6978	TRGV5
6982	TRGV8
6984	TRGV10
6985	TRGV11
389075	RESP18
80177	MYCT1
57234	LINC00869
9284	NPIPA1
55511	SAGE1
56260	C8orf44
57149	LYRM1
162699	ELOA3P
199870	FAM76A
221711	SYCP2L
284697	BTBD8
389125	MUSTN1
389333	PROB1
642778	NPIPA3
642799	NPIPA2
728734	NPIPB8
728741	NPIPB6
729978	NPIPB2
100288332	NPIPA5
100310846	ANKRD61
100507607	NPIPB9
101059953	NPIPA8
84536	LINC01547
285888	CNPY1
84070	FAM186B
345222	MSANTD1
6082	SNORD20
6083	SNORD21
8123	PWAR5
8944	SNORD73A
25826	SNORD82
26765	SNORD12C
26766	RNU105C
26767	RNU105B
26768	SNORA73B
26769	SNORD81
26770	SNORD79
26771	SNORD102
26772	SNORD4B
26773	SNORD4A
26774	SNORD80
26775	SNORA72
26776	SNORA71B
26777	SNORA71A
26778	SNORA70
26779	SNORA69
26780	SNORA68
26781	SNORA67
26782	SNORA66
26783	SNORA65
26785	SNORD63
26786	SNORD62A
26787	SNORD61
26788	SNORD60
26789	SNORD59A
26790	SNORD58B
26791	SNORD58A
26792	SNORD57
26793	SNORD56
26795	SNORD54
26796	SNORD53
26798	SNORD51
26799	SNORD50A
26800	SNORD49A
26802	SNORD47
26804	SNORD45B
26805	SNORD45A
26806	SNORD44
26807	SNORD43
26808	SNORD42B
26809	SNORD42A
26810	SNORD41
26812	SNORD37
26813	SNORD36C
26814	SNORD36B
26815	SNORD36A
26816	SNORD35A
26817	SNORD34
26818	SNORD33
26819	SNORD32A
26820	SNORD24
26822	SNORD14A
26843	SNORD3P3
26851	SNORD3B-1
84546	SNORD35B
85028	SNHG12
85388	SNORD14B
85389	SNORD14C
85390	SNORD14D
91380	SNORD107
94161	SNORD46
94162	SNORD38A
94163	SNORD38B
114599	SNORD15B
114655	SNORD73B
116936	SNORD139
116937	SNORD83A
116938	SNORD83B
125144	SNHG29
283596	SNHG10
319103	SNORD8
319139	SNORD56B
338427	SNORD108
338428	SNORD109A
347686	SNORD64
347745	PWAR4
347746	PWARSN
574040	SNORA6
574042	SNORA10
594837	SNORD101
594838	SNORD100
594839	SNORA33
595097	SNORD16
595098	SNORD18A
595099	SNORD18B
595100	SNORD18C
606500	SNORD68
619383	SCARNA9
619498	SNORD74
619499	SNORA27
619505	SNORA21
619562	SNORA3A
619563	SNORA7A
619564	SNORD72
619565	SNORA52
619567	SNORD2
619568	SNORA4
619569	SNORA41
619570	SNORD95
641451	SNORA19
641648	SNORD87
652965	SNORA48
652966	SNORD10
654319	SNORA5A
654320	SNORA8
654321	SNORA75
654322	SNORA13
677679	SCARNA3
677681	SCARNA20
677763	SCARNA21
677765	SCARNA18
677766	SCARNA2
677767	SCARNA7
677768	SCARNA13
677769	SCARNA17
677770	SCARNA22
677771	SCARNA4
677772	SCARNA6
677773	SCARNA23
677774	SCARNA1
677775	SCARNA5
677776	SCARNA8
677777	SCARNA12
677778	SCARNA15
677780	SCARNA11
677781	SCARNA16
677792	SNORA1
677793	SNORA2A
677794	SNORA2B
677795	SNORA5B
677796	SNORA5C
677797	SNORA7B
677798	SNORA9
677799	SNORA11
677800	SNORA12
677801	SNORA14A
677802	SNORA14B
677803	SNORA15
677804	SNORA17A
677805	SNORA18
677806	SNORA20
677807	SNORA22
677808	SNORA23
677809	SNORA24
677810	SNORA26
677811	SNORA28
677812	SNORA29
677813	SNORA30
677815	SNORA2C
677816	SNORA35
677817	SNORA36A
677818	SNORA36B
677819	SNORA37
677820	SNORA38
677821	SNORA71E
677822	SNORA40
677823	SNORA80E
677824	SNORA17B
677825	SNORA44
677826	SNORA3B
677827	SNORA46
677828	SNORA47
677829	SNORA49
677830	SNORA50A
677831	SNORA51
677832	SNORA53
677834	SNORA55
677835	SNORA56
677836	SNORA58
677837	SNORA60
677838	SNORA61
677839	SNORA71C
677840	SNORA71D
677841	SNORA74B
677842	SNORA50C
677843	SNORA77
677844	SNORA78
677845	SNORA79
677846	SNORA80A
677847	SNORA81
677848	SNORD1A
677849	SNORD1B
677850	SNORD1C
677882	SNORA59B
684959	SNORA25
692053	SNORD9
692057	SNORD12
692058	SNORD11
692063	SNORA32
692072	SNORD5
692073	SNORA16A
692075	SNORD6
692076	SNORD7
692084	SNORD13
692085	SNORD45C
692086	SNORD17
692087	SNORD49B
692088	SNORD50B
692089	SNORD19
692090	SNORD59B
692091	SNORD23
692092	SNORD32B
692106	SNORD65
692107	SNORD66
692108	SNORD67
692109	SNORD69
692110	SNORD70
692111	SNORD71
692148	SCARNA10
692149	SCARNA14
692158	SNORA57
692195	SNORD75
692196	SNORD76
692197	SNORD77
692198	SNORD78
692199	SNORD84
692201	SNORD86
692202	SNORD88A
692203	SNORD88B
692204	SNORD88C
692205	SNORD89
692206	SNORD90
692207	SNORD91A
692208	SNORD91B
692209	SNORD92
692210	SNORD93
692211	SNORD98
692212	SNORD99
692213	SNORD110
692214	SNORD111
692215	SNORD112
692223	SNORD97
692225	SNORD94
692227	SNORD104
692229	SNORD105
692233	SNORD117
692234	SNORD103A
727708	SNORD116-19
728606	PCAT18
767563	SNORD113-3
767564	SNORD113-4
767565	SNORD113-5
767566	SNORD113-6
767567	SNORD113-7
767568	SNORD113-8
767569	SNORD113-9
767577	SNORD114-1
767578	SNORD114-2
767579	SNORD114-3
767580	SNORD114-4
767581	SNORD114-5
767582	SNORD114-6
767583	SNORD114-7
767584	SNORD114-8
767585	SNORD114-9
767588	SNORD114-10
767589	SNORD114-11
767590	SNORD114-12
767591	SNORD114-13
767592	SNORD114-14
767593	SNORD114-15
767594	SNORD114-16
767595	SNORD114-17
767596	SNORD114-18
767597	SNORD114-19
767598	SNORD114-20
767599	SNORD114-21
767600	SNORD114-22
767603	SNORD114-23
767604	SNORD114-24
767605	SNORD114-25
767606	SNORD114-26
767608	SNORD114-27
767609	SNORD114-28
767610	SNORD114-29
767611	SNORD114-30
767612	SNORD114-31
780853	SNORD3C
780854	SNORD3D
100033414	SNORD116-2
100033415	SNORD116-3
100033416	SNORD116-4
100033417	SNORD116-5
100033418	SNORD116-6
100033420	SNORD116-8
100033422	SNORD116-10
100033423	SNORD116-11
100033424	SNORD116-12
100033425	SNORD116-13
100033426	SNORD116-14
100033427	SNORD116-15
100033428	SNORD116-16
100033430	SNORD116-18
100033431	SNORD116-20
100033432	SNORD116-21
100033433	SNORD116-22
100033434	SNORD116-23
100033435	SNORD116-24
100033436	SNORD116-25
100033437	SNORD115-2
100033438	SNORD116-26
100033439	SNORD116-27
100033440	SNORD115-3
100033441	SNORD115-4
100033442	SNORD115-5
100033443	SNORD115-6
100033444	SNORD115-7
100033445	SNORD115-8
100033446	SNORD115-9
100033447	SNORD115-10
100033448	SNORD115-11
100033450	SNORD115-13
100033451	SNORD115-14
100033453	SNORD115-15
100033454	SNORD115-16
100033455	SNORD115-17
100033460	SNORD115-20
100033603	SNORD115-21
100033799	SNORD115-22
100033800	SNORD115-23
100033801	SNORD115-25
100033802	SNORD115-26
100033804	SNORD115-30
100033805	SNORD115-31
100033806	SNORD115-32
100033807	SNORD115-33
100033808	SNORD115-34
100033809	SNORD115-35
100033811	SNORD115-37
100033812	SNORD115-38
100033813	SNORD115-39
100033814	SNORD115-40
100033815	SNORD115-41
100033816	SNORD115-42
100033818	SNORD115-44
100033821	SNORD116-29
100033822	SNORD115-48
100036563	SNORD115-24
100036564	SNORD115-27
100036565	SNORD115-28
100036566	SNORD115-45
100113379	SNORD121A
100113380	SNORD125
100113381	SNORD19B
100113382	SNORD105B
100113384	SNORD123
100113389	SNORD127
100113391	SNORD126
100113392	SNORD11B
100113393	SNORD12B
100113402	SNORD111B
100124516	SNORD58C
100124534	SNORA84
100124535	SNORA36C
100124536	SNORA38B
100124537	SNORA70B
100124538	SNORA70C
100124539	SNORA11B
100124540	SNORA11C
100124541	SNORA11D
100158262	SCARNA9L
100302143	MIR1248
100302743	SNORA80B
100337591	SNORA70F
100379132	SNORA70G
100379141	SNORA70D
100379250	SNORA70E
100500918	MIR3651
100506409	ELOVL2-AS1
100847052	MIR664B
100873856	SNORD116-30
100873857	SNORD115-46
101340251	SNORD124
101340252	SNORD121B
101926996	RUNDC3A-AS1
101927423	PANO1
102466864	MIR6516
104266958	LINC01151
104472715	SNHG14
106633801	SCARNA28
106633804	SNORD135
107397391	SCARNA21B
107397392	SCARNA18B
109616958	SNORA50D
109616959	SNORA80C
109616960	SNORA10B
109616961	SNORA11G
109616962	SNORA15B-1
109616963	SNORA20B
109616964	SNORA22B
109616965	SNORA22C
109616966	SNORA31B
109616967	SNORA40B
109616968	SNORA40C
109616969	SNORA48B
109616970	SNORA63C
109616972	SNORA68B
109616973	SNORA70J
109616974	SNORA74C-1
109616976	SNORA79B
109616977	SNORA9B
109616978	SNORD31B
109616979	SNORD38D
109616980	SNORD65B
109616981	SNORD65C
109616982	SNORD77B
109616983	SNORD3F
109616984	SNORD3G
109616985	SNORD3J
109616986	SNORD13F
109616987	SNORD13G
109616988	SNORD13I
109616989	SNORD13C
109616990	SNORD13D
109616992	SNORA30B
109616993	SNORA70H
109616994	SNORA75B
109616995	SNORD70B
109616996	SNORD3I
109616997	SNORA3C
109616998	SNORA50B
109616999	SNORA80D
109617000	SNORA11F
109617001	SNORA1B
109617003	SNORA24B
109617004	SNORA35B
109617005	SNORA41B
109617006	SNORA63B
109617007	SNORA63E
109617008	SNORA70I
109617009	SNORA74C-2
109617010	SNORA77B
109617011	SNORD28B
109617012	SNORD53B
109617013	SNORD63B
109617014	SNORD74B
109617015	SNORD3E
109617016	SNORD3H
109617017	SNORD3K
109617018	SNORD13H
109617019	SNORD13B-1
109617020	SNORD13E
109617023	SNORA58B
109617024	SNORD38C
109617025	SNORD13J
109623459	SNORA25B
109623460	SNORD138
109623469	SNORD175
109623480	SNORD173
113839518	MIR1843
317762	CCDC85C
55889	GOLGA6B
283796	GOLGA8IP
643699	GOLGA8N
653061	GOLGA8S
653073	GOLGA8J
653075	GOLGA8T
653125	GOLGA8K
653641	GOLGA6C
653643	GOLGA6D
653720	GOLGA8M
727909	GOLGA8Q
728498	GOLGA8H
729786	GOLGA8CP
101059918	GOLGA8R
401089	FOXL2NB
219938	SPATA19
80071	CCDC15
441054	C4orf47
100307126	CHMP4BP1
57481	KIAA1210
246777	SPESP1
647310	TEX22
100996631	TCP11X1
170487	ACTL10
389813	AJM1
57475	PLEKHH1
441476	STPG3
392862	GRID2IP
440829	SHISA8
400745	SH2D5
199223	TTC21A
100130958	SYCE1L
163778	SPRR4
126917	IFFO2
337985	KRTAP20-3
100151643	KRTAP20-4
100288287	KRTAP22-2
112441428	SCYGR1
112441429	SCYGR3
112441430	SCYGR4
112441431	SCYGR6
112441432	SCYGR8
112441435	SCYGR2
112441436	SCYGR10
112441437	SCYGR5
112441438	SCYGR7
117134595	SCYGR9
124817	CNTD1
645811	CCDC154
342898	SYCN
727686	SNURFL
79145	CHCHD7
374864	CCDC178
26103	LRIT1
388649	C1orf146
26074	CFAP61
144406	CFAP251
402160	CFAP99
158376	SPAAR
728637	MEIKIN
494334	MIR422A
574509	MIR513A1
724028	MIR658
100126349	MIR921
100302164	MIR2113
100302169	MIR320D2
100302211	MIR1203
100302290	MIR1973
100422913	MIR320E
100422997	MIR4257
100500814	MIR3616
100500841	MIR3678
100500913	MIR3714
100616138	MIR4787
100616139	MIR4741
100616169	MIR378D2
100616313	MIR4749
100616320	MIR4481
100616342	MIR4638
100616456	MIR4476
100616495	MIR2392
100616498	MIR378E
163589	TDRD5
401024	FSIP2
144535	CFAP54
728310	GOLGA6L7
440567	UQCRHL
344148	NCKAP5
196394	AMN1
6956	TRAV6
6969	TRGJ2
28522	TRDJ1
28525	TRDD1
28622	TRBJ2-7
28623	TRBJ2-6
28624	TRBJ2-5
28625	TRBJ2-4
28626	TRBJ2-3
28628	TRBJ2-2
28629	TRBJ2-1
28630	TRBJ1-6
28631	TRBJ1-5
28632	TRBJ1-4
28633	TRBJ1-3
28634	TRBJ1-2
28635	TRBJ1-1
28637	TRBD1
28640	TRAV41
28642	TRAV39
28646	TRAV36DV7
28647	TRAV35
28648	TRAV34
28652	TRAV30
28656	TRAV26-2
28657	TRAV26-1
28658	TRAV25
28659	TRAV24
28660	TRAV23DV6
28661	TRAV22
28663	TRAV20
28666	TRAV17
28667	TRAV16
28670	TRAV13-2
28671	TRAV13-1
28672	TRAV12-3
28674	TRAV12-1
28676	TRAV10
28680	TRAV8-6
28683	TRAV8-3
28684	TRAV8-2
28685	TRAV8-1
28686	TRAV7
28688	TRAV5
28689	TRAV4
28690	TRAV3
28692	TRAV1-2
28693	TRAV1-1
28752	TRAJ3
340578	DCAF12L2
440585	FAM183A
100302195	MIR320C2
100313769	MIR320B2
100313896	MIR320D1
201158	TVP23C
100507003	GFY
84176	MYH16
26828	RNU5F-1
26829	RNU5E-1
26830	RNU5D-1
26831	RNU5A-1
26832	RNU5B-1
6029	RN7SL1
378706	RN7SL2
378707	RN7SL3
100131208	SNAP25-AS1
100507582	BHLHE40-AS1
101928075	TTC9-DT
101928174	GJD2-DT
728929	ELOA3BP
100506888	ELOA3DP
107983955	ELOA3CP
440590	ZYG11A
125050	RN7SK
203522	INTS6L
441521	CT45A5
541465	CT45A6
644717	SAGE2P
728911	CT45A2
101060211	CT45A7
102723680	CT45A9
102723737	CT45A8
91695	RRP7BP
79144	PPDPF
401135	SYT14P1
492307	PPDPFL
25948	KBTBD2
56977	STOX2
158046	NXNL2
64002	PCGEM1
57824	HMHB1
81928	CABLES2
100506243	KRBOX1
9597	SMAD5-AS1
348094	ANKDD1A
401124	DTHD1
401387	LRRD1
728780	ANKDD1B
100130742	LRRC69
255926	ADAM5
221883	HOXA11-AS
594840	ZFAT-AS1
100126270	FMR1-AS1
285382	C3orf70
347689	SOX2-OT
554203	JPX
100302692	FTX
100302746	NCRUPAR
100303491	ZEB2-AS1
100313843	MIR711
283677	REC114
148345	C1orf127
91298	C12orf29
401551	WDR38
120863	DEPDC4
130535	KCTD18
222950	NYAP1
139716	GAB3
652995	UCA1
100302740	FAS-AS1
100506108	SIX3-AS1
100750326	HTT-AS
107985879	LINC01833
168455	CCDC71L
109136579	TALAM1
100129271	C1orf68
255082	CASC2
728798	FRMPD2B
353219	KAAG1
125488	TTC39C
105371045	PERCC1
90632	LINC00473
100126308	MIR541
101927581	CCDC182
4104	MAGEA5P
448835	LCE6A
100128977	MAPT-AS1
81571	MIR600HG
114614	MIR155HG
284454	MIR23AHG
406882	MIRLET7A2
406883	MIRLET7A3
406889	MIRLET7F2
406896	MIR103A2
406898	MIR105-2
406905	MIR1-2
406908	MIR124-2
406909	MIR124-3
406918	MIR129-2
406923	MIR133A2
406926	MIR135A2
406930	MIR138-2
406945	MIR153-2
406973	MIR196A2
406977	MIR199A2
406981	MIR19B2
407016	MIR26A2
407043	MIR7-1
407044	MIR7-2
407045	MIR7-3
407047	MIR9-2
407049	MIR92A2
407051	MIR9-3
554214	MIR450A1
574409	MIR329-2
574443	MIR490
574448	MIR202
574464	MIR520F
574466	MIR519C
574468	MIR526B
574470	MIR525
574471	MIR523
574472	MIR518F
574478	MIR524
574479	MIR517A
574481	MIR521-2
574482	MIR520D
574483	MIR517B
574484	MIR520G
574485	MIR516B2
574486	MIR526A2
574487	MIR518E
574489	MIR518D
574490	MIR516B1
574491	MIR518A2
574492	MIR517C
574494	MIR521-1
574495	MIR522
574496	MIR519A1
574497	MIR527
574498	MIR516A1
574499	MIR516A2
574500	MIR519A2
574505	MIR450A2
574507	MIR504
645323	LINC00461
664613	MIR544A
693123	MIR449B
693127	MIR548A3
693131	MIR548D2
693132	MIR549A
693134	MIR550A2
693135	MIR551A
693136	MIR551B
693138	MIR553
693139	MIR554
693141	MIR556
693142	MIR557
693143	MIR558
693147	MIR562
693148	MIR563
693152	MIR567
693154	MIR569
693160	MIR575
693162	MIR577
693163	MIR578
693165	MIR580
693166	MIR581
693168	MIR583
693171	MIR586
693178	MIR593
693180	MIR595
693182	MIR597
693183	MIR598
693184	MIR599
693185	MIR600
693186	MIR601
693189	MIR604
693190	MIR605
693192	MIR607
693196	MIR611
693197	MIR612
693201	MIR616
693203	MIR618
693206	MIR621
693209	MIR624
693211	MIR626
693216	MIR631
693217	MIR632
693218	MIR633
693227	MIR642A
693228	MIR643
693233	MIR648
693234	MIR649
723778	MIR650
724023	MIR653
724032	MIR662
728264	CARMN
768214	MIR668
768220	MIR765
100126302	MIR450B
100126304	MIR891B
100126311	MIR147B
100126321	MIR922
100126323	MIR924
100126324	MIR934
100126326	MIR936
100126328	MIR940
100126340	MIR944
100126341	MIR891A
100126347	MIR887
100126348	MIR760
100128537	MIR29B2CHG
100188847	MIR1225
100302116	MIR1265
100302122	MIR1183
100302123	MIR1275
100302130	MIR1302-4
100302133	MIR1287
100302144	MIR1912
100302146	MIR1302-5
100302157	MIR1185-1
100302205	MIR1283-2
100302208	MIR1253
100302209	MIR1185-2
100302217	MIR1827
100302238	MIR103B1
100302256	MIR1180
100302265	MIR1283-1
100302274	MIR1178
100302278	MIR1302-2
100302280	MIR1237
100302281	MIR1208
100302282	MIR103B2
100302283	MIR1227
100302287	MIR548H3
100302289	MIR1251
100313772	MIR548M
100313773	MIR548H2
100313806	MIR1255B1
100313824	MIR663B
100313884	MIR548H4
100422836	MIR3180-3
100422842	MIR3074
100422882	MIR3120
100422886	MIR3179-2
100422911	MIR500B
100422915	MIR3065
100422956	MIR3180-2
100423003	MIR3184
100500807	MIR374C
100500830	MIR550B2
100500852	MIR3180-4
100500883	MIR550B1
100500887	MIR676
100500895	MIR548AA2
100500916	MIR3180-5
100616134	MIR499B
100616173	MIR203B
100616238	MIR3529
100616252	MIR548AJ2
100616273	MIR451B
100616302	MIR548X2
100616335	MIR219B
100616354	MIR550A3
100628315	DNM3OS
100874323	HOXA10-AS
101927356	CACNA2D1-AS1
102238594	SPACA6P-AS
102465696	MIR486-2
102466162	MIR548AZ
102723167	MIR133A1HG
105369343	MIR194-2HG
106614088	MIR34AHG
106660606	MIR3677HG
107075116	MIR3142HG
729830	FHIP1A
51059	FAM135B
57579	FAM135A
400566	C17orf97
55000	TUG1
100289462	DEFB4B
100293534	C4B_2
100302652	GPR75-ASB3
100302736	TMED7-TICAM2
100526737	RBM14-RBM4
100526739	CENPS-CORT
100526767	RNF103-CHMP3
100526773	EPPIN-WFDC6
100526794	NT5C1B-RDH14
100527963	PMF1-BGLAP
100528030	POC1B-GALNT4
100529261	CHURC1-FNTB
100532731	COMMD3-BMI1
100534599	ISY1-RAB43
100861540	CYP3A7-CYP3A51P
100913187	APOBEC3A_B
102800317	TPTEP2-CSNK1E
104909134	LINC02210-CRHR1
106821730	BUB1B-PAK6
286749	STON1-GTF2A1L
407977	TNFSF12-TNFSF13
445328	ARHGEF35
5540	NPY4R
65124	SOWAHC
654364	NME1-NME2
728279	KRTAP2-2
728373	USP17L25
728379	USP17L26
728393	USP17L27
728400	USP17L28
728405	USP17L29
728419	USP17L30
94240	EPSTI1
55001	TTC22
100533107	RTEL1-TNFRSF6B
442216	RPS17P5
83641	FAM107B
5382	PMS2P4
114819	CROCCP3
170961	ANKRD24
158160	HSD17B7P2
79629	OCEL1
51214	IGF2-AS
387590	TPTEP1
145497	LRRC74A
161394	SAMD15
140699	MROH8
100101490	MCTS2P
100529144	CORO7-PAM16
100507067	GOLGA8UP
154661	RUNDC3B
414200	NHP2P1
83856	FSD1L
7577	ZNF29P
643646	HSD17B1P1
100885850	PTGES3L-AARSD1
81688	C6orf62
79782	LRRC31
57415	C3orf14
100526760	ABHD14A-ACY1
115353	LRRC42
79469	DLEU2L
100861548	PINK1-AS
80133	MROH9
388714	FMO6P
690	BTF3P11
100132510	GLRXP3
646701	DPPA5P4
79684	MSANTD2
80209	PROSER1
389240	NACA3P
81558	FAM117A
100505741	SPATA1
2974	GUCY1B2
7300	TYRL
10357	HMGB1P1
140731	ANKRD60
402175	NDUFB4P12
100144596	LINC00029
645694	HTR5BP
284800	FAM182A
402016	BPIFB9P
92755	TUBBP1
29774	POM121L9P
728350	EIF2S2P4
140700	SAMD10
425057	TTTY9B
256236	NAPSB
147228	KRT17P1
341883	LRRC9
100506424	UBE2L2
56651	LINC00470
79015	LINC01260
10354	HMGB1P5
150244	ZDHHC8P1
79970	ZNF767P
84691	FAM71F1
84865	CCDC142
100287887	RPL13AP25
347744	C6orf52
338699	ANKRD42
653702	RPL7P9
118663	BTBD16
84692	CCDC54
144581	RPL14P1
84915	FAM222A
90634	N4BP2L1
319089	TTC6
112840	WDR89
90050	FAM181A
94158	CDRT15P1
124773	C17orf64
90324	CCDC97
105372481	ERVK3-1
112703	FAM71E1
643445	TRIM43CP
90113	VWA5B2
26238	LINC01558
375260	WASH2P
84847	LINC00525
53336	CPXCR1
114987	WDR31
79949	PLEKHS1
284802	FRG1BP
128864	C20orf144
85449	KIAA1755
140849	LINC00266-1
79741	CCDC7
121981	PPIAP26
161835	FSIP1
341032	C11orf53
283635	FAM177A1
389932	AKR1C6P
729665	CCDC175
118932	ANKRD22
25859	PART1
84791	LINC00467
100132565	GOLGA8F
130888	FBXO36
162282	ANKFN1
100132948	FAM27C
284047	CCDC144B
348254	CCDC144CP
222967	RSPH10B
138241	C9orf85
255762	PDZD9
93190	C1orf158
150946	GAREM2
254050	LRRC43
100652781	SNX29P1
388963	C2orf81
643224	TUBBP5
101926917	ANKRD18CP
388284	C16orf86
653691	TCAF2P1
645700	ZNF890P
2630	GBAP1
149499	LRRC71
113691	TUBA3FP
221442	ADCY10P1
100529209	RNASEK-C17orf49
163747	LEXM
284611	FAM102B
254268	AKNAD1
94236	DNAJA1P5
126859	AXDND1
128025	WDR64
574431	C1orf147
200420	ALMS1P1
554226	ANKRD30BL
151278	CCDC140
285555	STPG2
375295	LINC01116
116064	LRRC58
100507246	SNHG16
132200	C3orf49
132989	C4orf36
131831	ERICH6
115795	FANCD2OS
339965	CCDC158
646600	IGF2BP2-AS1
651746	ANKRD33B
133957	CCDC127
23366	KIAA0895
285905	INTS4P1
653113	FAM86FP
203238	CCDC171
286464	CFAP47
254158	CXorf58
220081	ERICH6B
196951	FAM227B
6290	SAA3P
101927671	MIR202HG
401285	TCP10L2
158248	TTC16
79170	PRR15L
148231	LINC00905
201288	NOS2P2
84798	C19orf48
732275	LINC00917
377007	KLHL30
140834	LINC01620
100616668	TPTE2P5
400984	OR7E102P
728194	RSPH10B2
400892	BCRP2
202865	C7orf33
401428	OR2A20P
79166	LILRP2
100190939	TPT1-AS1
100125556	FAM86JP
284367	SIGLEC17P
170627	XAGE5
392465	GLOD5
100529264	RAB4B-EGLN2
220070	SHANK2-AS3
83889	WDR87
401634	GOLGA2P3Y
124221	PRSS30P
161142	FAM71D
729898	ZBTB8OSP2
1343	COX6B1P3
285296	UNC93B3
348567	TERF1P1
254439	C11orf86
153770	PLAC8L1
286042	FAM86B3P
200159	C1orf100
100874114	CCDC13-AS1
220416	LRRC63
138724	C9orf131
57495	NWD2
100873796	RPL35P9
283685	GOLGA6L2
642976	GRIK1-AS1
387718	TEX36
200197	TMEM51-AS1
728882	FAM182B
642460	ANKRD30BP1
100128782	LINC00476
1818	DRD5P2
390535	GOLGA8EP
600	BAK1P1
647009	RWDD4P2
134505	EIF3KP1
151009	LINC01106
387747	OR52B3P
643677	CCDC168
388474	RPL7AP66
54028	RPL23P2
388699	LINC00302
100132938	AQP7P4
360182	CYCSP34
3424	IDSP1
285800	PRR18
168975	CNBD1
390091	OR10AB1P
83869	TTTY14
26537	OR51A1P
147711	ZNF285B
360132	FKBP9P1
284424	MIR7-3HG
2698	GJA1P1
222699	TOB2P1
54435	HCG4
728589	NAP1L4P1
404216	LINC01561
389616	OR7E125P
649446	DLGAP1-AS1
283982	LINC00469
64925	CCDC71
474345	GIMAP3P
121273	C12orf54
100418706	FXNP2
400728	FAM87B
644877	CACYBPP2
129852	C2orf73
89837	ULK4P3
619519	TWF1P1
100216479	FAR2P2
439992	RPS3AP5
73	ACTG1P1
282966	C10orf53
392305	GLULP4
729420	LMO7DN
284485	RIIAD1
646023	ADORA2A-AS1
399668	SMIM10L2A
283284	IGSF22
375759	C9orf50
374470	C12orf42
284034	LINC00670
100874107	MTUS2-AS1
283651	HMGN2P46
285908	LINC00174
221241	LINC00305
340390	WDR97
158381	ATP8B5P
9431	OR7E22P
144809	FAM216B
400960	PCBP1-AS1
727957	MROH1
644997	PIK3CD-AS1
653441	PHC1P1
29075	LINC00652
100507617	PPP1R14BP3
100132116	ACTA2-AS1
23605	HMGN2P9
338870	RPS12P23
440905	FAR2P1
319130	HMGB1P14
101928715	TPT1P10
442075	EMC3-AS1
283860	LINC00304
348825	TPRXL
653226	SRP9P1
387640	SKIDA1
319145	RPL21P8
152065	C3orf22
100271836	SMG1P3
404201	WDFY3-AS2
374860	ANKRD30B
255193	CSNK1G2-AS1
283422	LINC01559
171423	PDIA3P1
439927	LINC01555
160298	C11orf42
352962	HLA-V
439941	FER1L6-AS1
220429	CTAGE10P
441051	HSP90AA6P
377381	RPL24P4
221416	C6orf223
342850	ANKRD62
151477	LINC00471
91050	CCDC149
389756	AQP7P2
7221	TRPC2
388906	OGFRP1
220382	FAM181B
375061	FAM89A
285429	DCAF4L1
100652824	KIAA2012
100129248	PDSS1P1
143879	KBTBD3
161779	PGBD4
90736	FAM104B
81353	OR7E115P
114042	LINC00334
100506380	LINC01006
168474	SEPHS1P1
440104	TMEM198B
645864	MAGEB17
388965	FUNDC2P2
114043	TSPEAR-AS2
728640	FAM133CP
163933	FAM43B
100533178	PRORY
25812	POM121L1P
730029	RPSAP19
158358	KIAA2026
100128569	C19orf71
126075	CCDC159
729566	ZBTB8OSP1
389537	OR7E38P
646892	SH2D7
253143	PRR14L
378832	COL18A1-AS1
317716	BPIFA4P
100289191	HMGN3P1
595101	SMG1P5
84734	FAM167B
728411	GUSBP1
574029	DUSP5P1
93164	HTR7P1
647076	BRD7P2
340206	TREML3P
100271209	RPL7AP28
643707	GOLGA6L4
246704	LINC00315
284942	RPL23AP82
150147	UMODL1-AS1
5736	PTGER4P2
83656	FAM167A-AS1
100101268	SPDYE12P
10819	OR7E14P
102724536	PRR33
641515	MGAT4EP
114041	B3GALT5-AS1
54143	LINC00308
646851	FAM227A
391045	SLC2A3P2
339766	MROH2A
133491	C5orf47
283777	FAM169B
283991	UBALD2
339669	TEX33
123103	KLHL33
115749	C12orf56
54072	LINC00158
158724	FAM47A
255812	SDHAP1
149643	SPATA45
67	ACTBP7
404220	C6orf201
100507526	SMG1P4
116149	RPL12P4
100131138	LINC01405
339512	CCDC190
84856	LINC00839
121006	FAM186A
728609	SDHAP3
220107	DLEU7
100129196	MATN1-AS1
79167	LILRP1
644517	FAM86MP
340591	CA5BP1
646113	LINC00643
728621	CCDC30
375719	AQP7P1
440482	ANKRD20A5P
100129075	KTN1-AS1
102723849	SPDYE17
646837	EEF1GP1
107161144	DTX2P1
493860	CCDC73
728402	TPI1P3
339241	KRT17P2
645345	CHCHD2P9
387978	LINC01551
388910	LINC00207
644625	FUNDC2P3
85319	BAGE2
349136	WDR86
387763	C11orf96
440525	PRR13P5
404785	POTEG
27004	TCL6
100190949	C5orf52
399965	KRT18P59
166348	KBTBD12
389766	C9orf153
106481673	HSPE1P11
347454	SOWAHD
100529211	TMEM256-PLSCR3
164118	TTC24
400891	LRRC74B
441194	PMS2CL
138649	ANKRD19P
257468	MEIS3P2
646457	C19orf67
643161	FAM25A
647024	C6orf132
441457	NUTM2G
349114	LINC00265
100133220	GOLGA6L3
390531	IGHV1OR15-9
644220	ACTBP11
389792	IER5L
100874381	NPIPP1
387707	CC2D2B
284836	LINC00319
389073	C2orf80
100132288	TEKT4P2
113763	ZBED6CL
440452	TBC1D3P2
7116	TMSB4XP2
100130581	LINC00910
441509	GLRA4
400206	DPPA3P2
389206	BEND4
389672	RPSAP47
253986	RPL10AP2
162632	USP32P1
139604	MAGEB16
100133093	FAM25G
388165	UBE2Q2P1
400508	CRYM-AS1
100287879	LINC00994
654433	PAX8-AS1
100507206	LINC00943
399827	LINC01164
23783	ANKRD62P1-PARP4P3
441525	SPANXN4
125208	RPS2P46
84933	C8orf76
10821	OR7E12P
388182	SPATA41
347716	USP32P3
106480172	RNU1-75P
90835	CCDC189
441191	RNF216P1
283601	LINC00523
158055	C9orf163
140680	C20orf96
400110	ANKRD20A19P
100287569	LINC00173
109731405	PDXDC2P
203414	LINC01560
388796	SNHG17
286101	ZNF252P
441502	RPS26P11
100129858	SCOC-AS1
644596	SMIM10L2B
134466	ZNF300P1
404744	NPSR1-AS1
442190	OR2B4P
79927	FAM110D
401253	LINC00336
645579	EIF4BP6
100190938	RAMP2-AS1
399717	GATA3-AS1
319138	BNIP3P1
400823	FAM177B
649179	PRAMENP
6219	RPS17P2
441481	GPX1P1
100421975	CBX3P7
283579	C14orf178
5759	PTMAP2
28905	IGKV7-3
10820	OR7E13P
29798	C2orf27A
100996571	CYYR1-AS1
389170	LEKR1
23784	POTEH
100130108	ZNF849P
442444	FAM47C
642489	FKBP1C
255330	NUP210P1
653458	BMS1P9
151579	BZW1P2
100131103	TATDN2P1
148741	ANKRD35
728773	PABPC1P2
653214	PPIAP22
728917	ABHD17AP1
286319	TUSC1
107075270	MTCO3P12
391081	HSD3BP5
107075244	MTND4LP30
158511	CSAG1
134548	SOWAHA
106480060	RNU6-1123P
106480470	RN7SKP184
26825	RNU6-50P
106479935	RNU6-834P
100873285	RNA5SP46
106479952	RNU6-874P
100169763	RNA5S12
106479945	RNU6-858P
106481198	RNU4-82P
100873290	RNA5SP52
106480364	RN7SKP25
106479575	RNU4-39P
100169762	RNA5S11
106481241	RNU6-204P
100169754	RNA5S3
106481422	RNU6-766P
100873779	RNU6-79P
100169756	RNA5S5
100169834	RNY4P19
100873576	RNA5SP301
100033449	SNORD115-12
106480766	RNA5SP389
107105264	RNU1-70P
106481956	RNU1-94P
106479676	RNU6-247P
106479000	RNA5SP226
100873548	RNA5SP295
100873579	RNA5SP305
106479707	RNU6-315P
100873457	RNA5SP195
106478920	RNU6-37P
100873553	RNA5SP502
106479668	RNU6-228P
106478998	RNA5SP174
100873389	RNA5SP119
106481452	RNU6-859P
100862664	RNY4P24
106481929	RNU6-1010P
26859	RNU1-14P
106480121	RNU6-1272P
106480118	RNU6-1266P
106481178	RNU4-21P
106479178	RN7SKP185
106481608	RNU1-38P
106635535	RN7SKP173
106480062	RNU6-1128P
106481319	RNU6-446P
100033803	SNORD115-29
106479568	RNU4-23P
106479127	RN7SKP74
106480862	RN7SKP95
106480040	RNU6-1079P
100873581	RNA5SP307
100862668	RNY3P2
106480621	RNU6-924P
100873638	RNA5SP383
100873733	RNA5SP491
106481894	RNU6-428P
106481881	RNU6-199P
100873416	RNA5SP150
106481955	RNU1-72P
100873833	RNU5F-6P
106479783	RNU6-490P
106481477	RNU6-942P
100873697	RNA5SP452
106479959	RNU6-888P
106481809	RN7SKP90
100147750	RNU5B-2P
100169761	RNA5S10
106480312	RNY1P16
106480856	RN7SKP75
106480397	RNU6-653P
100033458	SNORD115-19
56664	VTRNA1-1
100873412	RNA5SP145
106481491	RNU6-986P
106481378	RNU6-623P
106479146	RN7SKP115
100873478	RNA5SP218
100379300	RNY4P9
106480386	RNU4-80P
106479168	RN7SKP163
106480559	RNU6-181P
106481257	RNU6-251P
100873393	RNA5SP123
106479662	RNU6-216P
100033456	SNORD115-18
100873861	RNU1-19P
100873863	RNU1-22P
100873459	RNA5SP197
106479679	RNU6-254P
106480071	RNU6-1147P
106481348	RNU6-529P
106480551	RNU6-97P
106480438	RNA5SP199
106479842	RNU6-624P
100873646	RNA5SP393
100873475	RNA5SP215
106479209	RN7SKP255
106480763	RNA5SP333
100169759	RNA5S8
106481333	RNU6-485P
106481948	RNU6-1285P
106481444	RNU6-833P
100169768	RNA5S17
100873888	RNU5E-10P
100147752	RNU5B-4P
100169755	RNA5S4
106479792	RNU6-509P
106481526	RNU6-1099P
100873308	RNA5SP74
106479012	RNA5SP403
107057647	RNU6-112P
100873558	RNA5SP507
106480014	RNU6-1017P
106479185	RN7SKP203
106479989	RNU6-957P
106480095	RNU6-1209P
100379287	RNY4P6
106481220	RNU6-137P
106480552	RNU6-103P
106480767	RNA5SP429
106479850	RNU6-640P
106480126	RNU6-1284P
100873565	RNA5SP514
106480612	RNU6-824P
100169757	RNA5S6
100873591	RNA5SP325
106481710	RNY1P11
106481249	RNU6-226P
106479601	RNU4-92P
106480408	RNU6-1188P
106479166	RN7SKP160
106479007	RNA5SP335
106481773	RNU6-674P
106479140	RN7SKP103
100873514	RNA5SP260
106481629	RNU1-124P
106479652	RNU6-194P
106480757	RNA5SP161
106481606	RNU1-31P
106480465	RN7SKP113
106481210	RNU6-105P
106480888	RN7SKP180
106480192	RNU1-130P
106479829	RNU6-595P
106480637	RNU6-1091P
100873781	RNU6-82P
106480458	RN7SKP36
85391	SNORD14E
106481911	RNU6-681P
106479983	RNU6-944P
106479013	RNA5SP435
106480589	RNU6-553P
106480027	RNU6-1048P
106481339	RNU6-501P
106479133	RN7SKP87
106479598	RNU4-87P
100873735	RNA5SP493
106479633	RNU6-151P
100873500	RNA5SP242
106479685	RNU6-268P
106479649	RNU6-188P
107133508	RNA5SP387
6084	RNY1
106480598	RNU6-647P
106480309	RNY1P12
106479723	RNU6-353P
106479943	RNU6-853P
106479617	RNU6-115P
100873463	RNA5SP202
106481456	RNU6-879P
106633802	RN7SKP118
100873407	RNA5SP139
106481592	RNU6-1305P
100873334	RNA5-8SP3
106481871	RNU4-50P
100862676	RNU4-10P
106480608	RNU6-776P
106480015	RNU6-1019P
106478995	RNA5SP130
106479574	RNU4-38P
100873304	RNA5SP69
100169765	RNA5S14
106479181	RN7SKP193
106480844	RN7SKP37
106479797	RNU6-522P
106480112	RNU6-1251P
106481540	RNU6-1141P
100873408	RNA5SP141
106479126	RN7SKP71
106481179	RNU4-24P
100873566	RNA5SP515
106481386	RNU6-646P
26840	RNU4-4P
100169850	RNY4P7
100873312	RNA5SP78
106480917	RN7SKP275
106479706	RNU6-312P
107075318	RNU6-707P
106479852	RNU6-645P
106479200	RN7SKP237
100873561	RNA5SP510
106479719	RNU6-343P
106479129	RN7SKP78
106479828	RNU6-593P
100169753	RNA5S2
100873568	RNA5SP517
100873401	RNA5SP132
106479566	RNU4-16P
106479577	RNU4-42P
106481712	RNY4P34
106480750	RNU6-60P
100873323	RNA5SP90
106480907	RN7SKP239
106865375	RNA5SP334
100873426	RNA5SP160
106479932	RNU6-828P
106481978	RNU6-534P
106479119	RN7SKP55
100873853	RN7SKP9
100873829	RNU5E-4P
6070	RNU4-8P
106481923	RNU6-915P
100379564	RNY4P17
100862675	RNU4-9P
106480437	RNA5SP149
106481912	RNU6-702P
106480761	RNA5SP298
106479993	RNU6-967P
106481813	RN7SKP153
106480310	RNY1P13
106480016	RNU6-1022P
106480768	RNA5SP442
100169766	RNA5S15
106478984	RNY3P1
100873679	RNA5SP428
106481783	RNU1-36P
106866914	RNU6-1240P
106480395	RNU6-580P
106481892	RNU6-399P
106479130	RN7SKP80
106481584	RNU6-1280P
106480136	RNU6-1306P
56663	VTRNA1-2
106479745	RNU6-407P
106481414	RNU6-742P
106481599	RNU6-1327P
106481782	RNU6-1283P
106479009	RNA5SP355
767561	SNORD113-1
106480632	RNU6-1034P
106479691	RNU6-282P
100873762	RNU6-53P
106481303	RNU6-396P
106481914	RNU6-737P
100873318	RNA5SP85
100169767	RNA5S16
106480141	RNU6-1318P
106480461	RN7SKP69
106481213	RNU6-117P
100873369	RNA5SP37
106480315	RNY3P12
100873400	RNA5SP131
100873496	RNA5SP238
101954278	RNU6-8
100873860	RNU1-16P
6085	RNY3
106481388	RNU6-652P
100033817	SNORD115-43
106479225	RN7SKP292
106480890	RN7SKP187
100873513	RNA5SP259
106481714	RNY3P13
106480915	RN7SKP269
106479580	RNU4-48P
100873321	RNA5SP88
100379592	RNY4P10
100873832	RNU5E-6P
100873536	RNA5SP283
100033810	SNORD115-36
100873417	RNA5SP151
106479197	RN7SKP230
106479922	RNU6-805P
56662	VTRNA1-3
100169758	RNA5S7
100169764	RNA5S13
106481387	RNU6-650P
106479740	RNU6-395P
106481600	RNU6-1329P
105378716	LINC01562
104355287	LINC01317
441548	BTBD7P1
399656	FAM32BP
106478991	LINC00449
100419972	HMGB1P39
282997	PDCD4-AS1
100873978	RBMS3-AS2
338396	TAS2R2P
100873991	IGBP1-AS1
100462811	RHOT1P2
100820709	LINC00501
101928287	LINC01285
574036	SERTAD4-AS1
388722	C1orf53
100129405	MSTO2P
574414	PRR9
221262	CCDC162P
387111	LINC00222
574406	ADAMTSL4-AS1
154442	BVES-AS1
128102	HSD3BP4
440606	HSD3BP2
84852	ATP1A1-AS1
206412	C6orf163
387066	SNHG5
100505933	ADD3-AS1
149620	CHIAP2
102724307	CYP17A1-AS1
642864	SPATA42
494118	SPANXN1
286411	LINC00632
347475	CCDC160
400757	C1orf141
85026	ARRDC1-AS1
284751	LINC01270
414316	COL5A1-AS1
100329135	TRPC5OS
4611	MYCLP1
100506190	LINC00963
653354	ARMCX7P
732253	TDRG1
401260	LINC00951
347359	BMP2KL
100131546	ECEL1P1
257407	C2orf72
58483	LINC00474
158830	CXorf65
652972	LRRC37A5P
399761	BMS1P1
414260	LINC00619
100130447	RPL12P16
653447	HNRNPCP2
100507463	PSMB8-AS1
1590	CYP21A1P
494197	SPANXN5
283080	C10orf126
642413	CTSLP6
100130889	PSORS1C3
390226	GUCY2EP
245935	DEFB122
221545	C6orf136
440894	LINC01123
116437	LINC01257
644191	RPS26P8
646019	CBY3
164380	CST13P
28866	IGKV1OR2-3
285033	STARD7-AS1
728231	UBTFL5
100507244	MAMDC2-AS1
729583	LINC01556
103352540	IGKV1OR9-1
5969	REG1CP
7754	ZNF204P
392275	SMPD5
102724515	LINC01291
107987001	FAM27E4
100128098	ST8SIA6-AS1
642475	MROH6
29902	FAM216A
158228	FAM201A
724087	LINC01545
653579	CD177P1
401431	ATP6V0E2-AS1
100131726	FAM83A-AS1
390205	LRRC10B
494188	FBXO47
728377	ARHGEF34P
106480774	PRSS3P4
81191	OR5G5P
400952	LINC01121
346653	FAM71F2
81993	COX17P1
100131378	C11orf91
149837	LINC00654
339184	CCDC144NL
339258	KRT17P7
100506376	TTLL10-AS1
26637	OR7E36P
6962	TRBV20OR9-2
100505477	LINC01602
339186	KRT17P4
100129995	LINC01460
441771	MT1CP
126536	LINC00661
285622	NBPF22P
100132159	CALML3-AS1
440354	SMG1P2
100129385	C9orf92
246720	DYNLL1P1
400841	LINC01597
401337	LINC01446
100128946	LINC01310
400932	LINC00898
642394	ADARB2-AS1
339674	LINC00634
100130311	C17orf107
101060105	FAM183DP
441212	RP9P
440278	CATSPER2P1
100128682	LINC01531
100131094	DPP9-AS1
503693	LOH12CR2
374491	TPTE2P6
342346	C16orf96
400941	LINC00487
79315	OR7E91P
10737	RFPL3S
150297	C22orf42
100506049	LRRC72
100132464	FAM99B
387742	FAM99A
146053	RPS3AP47
729689	FAM90A2P
283314	C1RL-AS1
100128788	SRRM2-AS1
653650	PDPK2P
56245	C21orf62
644041	C18orf63
91353	IGLL3P
93556	EGFEM1P
440799	P2RX6P
648294	RPL23AP57
440248	HERC2P9
352887	GYG2P1
3051	HBZP1
284232	ANKRD20A9P
503637	DUXAP8
389161	ANKUB1
389674	HNRNPA1P4
729627	PRR23A
10866	HCP5
253018	HCG27
348801	LNP1
100506275	KRBOX1-AS1
440944	THUMPD3-AS1
26866	RNU1-28P
106481290	RNU6-354P
106480710	RNU6-47P
26865	RNU1-27P
106481314	RNU6-431P
106481478	RNU6-946P
106479999	RNU6-979P
106481953	RNU1-39P
106479994	RNU6-969P
106480634	RNU6-1062P
26871	RNU1-1
106481373	RNU6-608P
100033429	SNORD116-17
106481931	RNU6-1039P
106479984	RNU6-945P
106480646	RNU6-1189P
106481625	RNU1-109P
106481616	RNU1-73P
106479886	RNU6-723P
26861	RNU1-11P
106481217	RNU6-128P
100873741	RNU6-26P
106479762	RNU6-444P
100033421	SNORD116-9
106481924	RNU6-936P
26863	RNVU1-18
106479781	RNU6-484P
106479628	RNU6-142P
106481310	RNU6-418P
100873745	RNU6-10P
106478922	RNU6-44P
106481402	RNU6-701P
106481630	RNU1-129P
100862670	RNY3P7
106479780	RNU6-483P
106479682	RNU6-260P
106480195	RNU1-138P
6071	RNU6V
106480706	RNU6-20P
106480618	RNU6-890P
106479819	RNU6-571P
106481916	RNU6-767P
106480607	RNU6-761P
106481236	RNU6-190P
100887744	RNU6-48P
106481559	RNU6-1200P
100873757	RNU6-36P
106481632	RNU1-136P
106480085	RNU6-1181P
100873805	RNY1P6
106479779	RNU6-481P
106479757	RNU6-432P
106479870	RNU6-689P
106481504	RNU6-1024P
106480024	RNU6-1042P
106478914	RNU6-4P
106480586	RNU6-514P
106481188	RNU4-52P
106481942	RNU6-1201P
106480752	RNU6-74P
106478913	RNU6-5P
106480705	RNU6-17P
106480703	RNU6-40P
106481239	RNU6-198P
106479835	RNU6-610P
106479820	RNU6-574P
106481346	RNU6-524P
106479836	RNU6-611P
106481274	RNU6-301P
26870	RNU1-2
106481228	RNU6-167P
106480316	RNY3P14
106481888	RNU6-339P
106478919	RNU6-3P
106481238	RNU6-196P
106480102	RNU6-1226P
106481230	RNU6-171P
106481254	RNU6-242P
100873753	RNU6-16P
100873740	RNU6-31P
106481410	RNU6-729P
100873449	RNA5SP187
100033419	SNORD116-7
106480657	RNU6-1297P
106480663	RNU1-46P
106480097	RNU6-1215P
106480169	RNU1-67P
106481545	RNU6-1157P
100873392	RNA5SP122
106480631	RNU6-1026P
100873759	RNU6-45P
106481302	RNU6-393P
106479621	RNU6-125P
106480034	RNU6-1065P
106481497	RNU6-1005P
106478916	RNU6-18P
100873750	RNU6-35P
106479892	RNU6-738P
100302741	RNU6-15P
106479832	RNU6-601P
106481546	RNU6-1160P
100873747	RNU6-30P
100873782	RNU6-83P
100873804	RNY1P4
106481921	RNU6-883P
106478989	RNU6-73P
106865372	RNU6-146P
106480601	RNU6-680P
106479858	RNU6-658P
103625684	RNU6-2
106479975	RNU6-925P
100873746	RNU6-14P
106479645	RNU6-178P
106481277	RNU6-310P
106480011	RNU6-1011P
106479767	RNU6-455P
106481775	RNU6-768P
106481438	RNU6-813P
106481352	RNU6-541P
106479834	RNU6-606P
106479713	RNU6-331P
106479777	RNU6-476P
106480002	RNU6-987P
106480651	RNU6-1237P
26869	RNU1-3
100873748	RNU6-33P
693232	MIR647
693220	MIR635
693191	MIR606
693226	MIR641
693156	MIR571
693155	MIR570
100500863	MIR548AA1
693208	MIR623
693140	MIR555
693222	MIR637
406956	MIR181B2
693153	MIR568
693125	MIR548A1
407052	MIR95
693199	MIR614
693144	MIR559
693188	MIR603
693146	MIR561
693164	MIR579
693230	MIR645
693176	MIR591
692226	SNORD96B
4550	MT-RNR2
4569	MT-TM
4553	MT-TA
4579	MT-TY
4555	MT-TD
4563	MT-TG
4573	MT-TR
100151687	RNU6ATAC4P
100313837	MIR762
28946	IGKJ5
28947	IGKJ4
28948	IGKJ3
28949	IGKJ2
28832	IGLJ2
28831	IGLJ3
28827	IGLJ7
6972	TRGJP2
6968	TRGJ1
6970	TRGJP
6971	TRGJP1
28627	TRBJ2-2P
28521	TRDJ2
28697	TRAJ58
28698	TRAJ57
28702	TRAJ53
28706	TRAJ49
28707	TRAJ48
28710	TRAJ45
28716	TRAJ39
28720	TRAJ35
28722	TRAJ33
28725	TRAJ30
28727	TRAJ28
28728	TRAJ27
28732	TRAJ23
28734	TRAJ21
28735	TRAJ20
28737	TRAJ18
28742	TRAJ13
28743	TRAJ12
28745	TRAJ10
28746	TRAJ9
28749	TRAJ6
28750	TRAJ5
28751	TRAJ4
28753	TRAJ2
28754	TRAJ1
28475	IGHJ6
28481	IGHJ2
28498	IGHD3-16
28500	IGHD3-9
28474	IGHV1-2
28465	IGHV1-46
28387	IGHV5-78
100422884	MIR548U
266657	TAS2R15P
106480175	RNU1-82P
106480173	RNU1-77P
100873319	RNA5SP86
107048983	RNU1-149P
100873467	RNA5SP207
106481597	RNU6-1321P
100873273	RNA5SP18
100885864	RNA5SP244
106480622	RNU6-930P
100873479	RNA5SP219
106479897	RNU6-750P
106481551	RNU6-1176P
106480568	RNU6-308P
106479887	RNU6-724P
100873278	RNA5SP23
100873379	RNA5SP109
106481457	RNU6-882P
106481279	RNU6-316P
106479003	RNA5SP297
106481427	RNU6-780P
106480645	RNU6-1177P
106479743	RNU6-401P
767562	SNORD113-2
106479927	RNU6-817P
107105256	RNU6-1055P
106481432	RNU6-796P
106480122	RNU6-1275P
100873589	RNA5SP323
106481474	RNU6-932P
106480313	RNY4P36
106481530	RNU6-1111P
106480544	RNU11-6P
106481385	RNU6-644P
106479769	RNU6-460P
106479801	RNU6-530P
106481524	RNU6-1093P
100873709	RNA5SP465
100873472	RNA5SP212
106481770	RNU6-466P
100873716	RNA5SP474
106481342	RNU6-510P
106479716	RNU6-337P
100873614	RNA5SP354
106481464	RNU6-903P
106481455	RNU6-876P
100873291	RNA5SP53
100873499	RNA5SP241
338799	LINC01089
283673	EWSAT1
653232	RPL15P3
441386	RPS26P3
60439	TTTY2
100101117	TTTY2B
100129920	HNRNPA1P40
392256	RPS26P6
652963	BTF3P12
100271650	RPS15AP36
649186	VN2R17P
730232	EEF1A1P32
100421756	EEF1B2P7
400798	C1orf220
100873784	PFN1P11
100270972	RPL29P7
641311	RPL31P11
80039	FAM106A
644850	PDCL3P5
442258	EEF1DP5
246737	YWHAZP4
100420012	ARF1P2
2003	ELK2AP
441166	CNN2P9
100271538	RPL7AP60
646175	RPL36AP48
100131012	YBX1P4
653189	BTF3L4P2
100302751	NCLP1
645688	RPL12P38
100128626	PPP1R2P10
387845	EEF1A1P16
150554	YWHAZP2
440902	NPM1P32
100129394	RPL12P42
647030	EEF1B2P6
401959	VDAC2P3
401725	RPL6P25
390218	IFITM9P
100913183	MARCKSL1P1
5233	PGK1P2
100529855	ZNF625-ZNF20
653115	HNRNPA3P6
390612	RPL18P11
389404	RPL9P18
360174	CYCSP19
441154	RPL7AP34
644315	RPS7P11
469	ATF4P1
729484	RPL21P18
100240709	GAPDHP44
205272	CNN2P8
2504	FTH1P12
645000	RPS3P6
2613	GAPDHP71
128770	EIF4E2P1
303	ANXA2P1
100422299	C1QBPP2
100271871	RBM22P2
728643	HNRNPA1P33
729416	RPLP1P6
442211	ATP6V0CP3
100124332	YBX2P1
390354	RPL18AP3
2498	FTH1P3
286467	FIRRE
391039	CFL1P2
5488	PPIAP16
402375	YBX1P6
730196	VN1R64P
414919	C8orf82
100526830	SLX1A-SULT1A3
340888	AKR1B10P1
100507415	FAM220CP
642641	RPSAP54
644754	BOLA3P3
442325	EEF1DP4
644159	SLC25A1P3
203510	HMGB3P30
100130922	RPL22P22
100419964	RSU1P3
222005	SLC25A5P3
3947	LDHBP2
729799	SEC14L1P1
646108	RPS7P14
729046	RPL17P50
100130561	HMGB1P10
5280	PIGCP1
100420734	RAB5CP1
102724826	ZNF337-AS1
65996	CENPBD1P1
493987	MT1P1
62	ACTBP2
106481691	EIF1P7
442290	NHP2P2
399669	ZNF321P
128500	RPL13P2
729767	CEACAM18
1074	CFL1P5
100233198	TMX2P1
728706	SUGT1P2
10064	VDAC1P2
728501	RPL21P75
158373	YBX1P10
246135	TAF9BP1
728486	RPL7AP64
4875	NPM1P6
284821	RPL13AP7
54944	LINC01521
643220	RPL3P6
442195	RPS17P1
100996307	LIPE-AS1
1550	CYP2A7P1
100131478	NPM1P33
729399	SEPHS1P6
140758	RPS10P2
100420650	PGAM1P7
644464	RPSAP61
100420159	RRM2P3
441131	ARPC3P5
391508	PGAM1P4
727810	RPL21P17
129099	CPSF1P1
2777	GNAQP1
100132708	CYP4F30P
100132707	PAXIP1-AS2
100421420	TPT1P5
158222	LDHAP4
7002	PRDX1P1
100874416	SNRPEP9
100289264	RPL7P60
100131551	LINC00887
376844	SDC4P
440456	PLEKHM1P1
150928	PTMAP5
644903	GCC2-AS1
170559	XPOTP1
338069	ST7-OT4
645930	HMGN2P31
644604	EEF1A1P12
400064	RPS4XP1
647000	TUBBP2
664709	HNRNPA1P10
401393	AZGP1P2
400141	RPSAP53
100422242	KCTD9P4
122199	LGMNP1
100132380	AGGF1P1
100420047	RAD51AP1P1
100505854	APTR
228	ALDOAP2
359770	MRPS21P6
646282	AZGP1P1
100147811	CBX1P2
341689	CTAGE16P
100130894	VAC14-AS1
100271286	RPL18P10
442175	RPLP2P1
677779	LINC00488
644972	RPS3AP26
399942	TUBAP2
392371	KRT18P13
55073	LRRC37A4P
360159	CYCSP6
728477	GOLGA2P8
641808	FAM185BP
728913	RCN1P2
643870	TPT1P6
6174	RPL7P1
730005	SEC14L6
284116	KRT42P
92682	RPS15AP1
128580	RPS4XP3
401375	GTF2IRD2P1
342666	LRRC37A11P
728130	NUTM2D
100288165	HMGN2P15
100419895	ZNF971P
85486	RPS19P1
386757	SLC6A10P
390211	KRT8P26
727835	RPL9P16
728858	C12orf71
100421353	HNRNPA1P15
84820	POLR2J4
100421374	MPRIPP1
10355	HMGB1P4
644945	KRT16P3
147150	UPF3AP2
128709	RPL23AP6
731275	LINC01347
729252	KRT16P1
54021	SRSF9P1
402643	TPM3P4
8410	RPS9P1
401247	LINC00243
8489	RPL23AP3
285830	HLA-F-AS1
134997	PPIAP29
728128	RPL7AP26
139516	AKAP17BP
100996648	TCP11X2
388344	RPL13P12
80060	GNL3LP1
2229	FDPSP5
678655	CD27-AS1
140715	RPL21P2
100506713	ALOX12-AS1
100422312	NPM1P24
3876	KRT18P11
100130211	EEF1A1P29
613204	IFITM8P
286495	TTC3P1
100132994	CXorf49B
100130361	CXorf49
100129761	AMD1P4
646174	C16orf90
26983	ABCD1P2
100996279	LINC00269
730112	FAM166B
106660612	LINC00680
158383	YWHAZP6
441391	RBMXP2
100130239	UBA52P6
340094	LINC01020
55449	DHRS4-AS1
648947	AKR1C7P
645073	GAGE12G
646993	HMGB3P24
2884	GPX1P2
266623	SLC25A5P1
441332	FAM90A24P
100379220	TMED11P
100128890	FAM66B
170949	DEFT1P
388815	MIR99AHG
75	ACTG1P3
100420033	HMGB3P7
114044	MCM3AP-AS1
100130934	ZNF663P
616	BCRP4
128481	RPL27AP
100526842	RPL17-C18orf32
649264	CES5AP1
644165	BCRP3
807	CALM2P3
646982	LINC00598
646879	ARL2BPP3
388275	HNRNPA1P7
642633	FAM230B
441878	RPS4XP4
193629	LINC00189
642236	FRG1JP
391267	ANKRD20A11P
128954	GAB4
2871	GRK6P1
286554	BCORP1
118126072	GUSBP9
339535	LINC01139
116123	FMO9P
727956	SDHAP2
100996702	LINC01356
643329	KRT18P57
729828	ST13P20
284498	C1orf167
100287898	TTC34
8511	MMP23A
100126342	MIR892A
100126350	MIR933
100126352	MIR941-3
100126330	MIR941-4
643954	RPSAP43
285492	LINC00955
346085	GAPDHP72
728344	GLRX3P2
305	ANXA2P3
387065	HMGA1P7
100132153	TUBB2BP1
100129784	RPL17P26
285780	LY86-AS1
286444	RPS2P55
493821	ZNF603P
100271178	RPL21P65
100288252	RPL10P1
285741	TPT1P4
107075197	MTCO2P33
439953	PPIAP31
100379623	LARP1P1
100131031	ANKRD18EP
644101	CBX3P9
728666	PRELID1P1
645884	RPS7P5
100287603	SSXP10
442153	PSMC1P11
442257	RPS4XP9
389293	ISCA1P1
647190	RPS16P5
101929293	PTGES3P2
100271253	RPS3AP24
442267	CCT7P1
100420477	LDHAL6FP
340598	KRT18P48
100292290	HSPE1P8
441160	KRT19P1
442218	RPL31P33
642935	ADAMTS7P4
100272205	TATDN2P2
442162	RPS4XP7
326591	MORF4L1P1
646024	RAET1K
100996944	NDUFS5P1
100421245	NIP7P3
100418924	ACTG1P18
29092	LINC00339
284889	MIF-AS1
100421379	HNRNPA1P37
442231	GAPDHP63
100287229	BRD7P4
139748	KRT18P44
100129278	TDRD15
654835	FAM138C
106478982	TUBB8P2
5760	PTMAP3
2507	FTH1P15
100130820	CCNG1P1
100422261	NPM1P37
100421395	HNRNPA3P12
646269	RPS4XP8
100128227	HMGB1P20
107075115	RPL12P47
206426	PIP5K1P1
100271476	RPL31P52
107075112	RPSAP72
100419608	ZNF602P
100420051	HSPA8P15
100420401	BTBD10P2
2501	FTH1P8
442232	RPL17P25
100874476	HIGD1AP16
375190	FAM228B
100533665	PTCHD3P3
100271180	RPL21P67
5491	PPIAP9
442334	ARF1P1
100240707	GAPDHP42
221584	ZSCAN12P1
728010	RPL35P3
2609	GAPDHP67
645161	RPL12P8
652960	BTF3P7
643906	RPL7P27
100873864	LAP3P1
100873169	MTCYBP4
100271098	RPS24P12
68	ACTBP8
100132803	HNRNPH1P1
100418750	KRT8P42
106479045	FCF1P5
442229	SLC25A51P1
442167	ASS1P1
100419758	PKMP3
100128264	HTR5A-AS1
646766	RPL35P2
442210	TUBBP9
100420476	SSR1P1
100131205	RPL21P28
652411	RPSAP44
339483	MTMR9LP
653737	RPL21P119
645958	RPS18P9
106481677	HSPE1P26
338470	MESTP1
106478965	IGBP1-AS2
100302229	MIR1250
100302118	MIR1286
106479559	RNU6ATAC38P
100422845	MIR1233-2
100422985	MIR1184-2
100302279	MIR1262
100313921	MIR548E
100302275	MIR548L
100302112	MIR1284
100302193	MIR1255A
100302223	MIR1302-8
100302277	MIR548I2
100302113	MIR1200
106479551	RNU6ATAC18P
106481166	RNU6ATAC23P
100302178	MIR1295A
106481160	RNU4ATAC16P
100313895	MIR548F4
100302219	MIR1245A
106479550	RNU6ATAC16P
100302111	MIR1184-1
100313830	MIR548H1
106480540	RNU6ATAC10P
100302213	MIR1181
106481171	RNU6ATAC35P
100422977	MIR1184-3
100302160	MIR1233-1
100302152	MIR548N
100302163	MIR1278
101340250	SNORA11E
100302204	MIR548I1
100313771	MIR548F2
100302212	MIR1324
101929145	PPP3CB-AS1
138971	DPP3P2
100529240	ZNF816-ZNF321P
359767	MRPS21P3
641654	HEPN1
283416	LINC01465
222052	TTC4P1
388948	LINC01118
149478	BTBD19
100130015	URAHP
440925	LINC01124
106480079	RNU6-1165P
106479586	RNU4-62P
26854	RNU2-3P
106479006	RNA5SP317
106480837	RN7SKP16
100873443	RNA5SP181
106479106	RN7SKP26
100873422	RNA5SP156
106480204	RNU2-17P
106481320	RNU6-447P
100873462	RNA5SP201
106481261	RNU6-262P
100873328	RNA5SP95
106479611	RNU6-101P
106479901	RNU6-757P
106481460	RNU6-892P
100873676	RNA5SP425
106480211	RNU2-33P
106481510	RNU6-1043P
106481645	RNU2-36P
100873460	RNA5SP198
106480058	RNU6-1118P
100873388	RNA5SP118
26855	RNU2-2P
106480038	RNU6-1076P
106479195	RN7SKP225
106480876	RN7SKP139
106479837	RNU6-613P
100873495	RNA5SP237
106481711	RNY1P15
106481889	RNU6-355P
106480472	RN7SKP202
106480466	RN7SKP127
100873283	RNA5SP44
100873464	RNA5SP203
106480883	RN7SKP158
106480670	RNU2-28P
106479812	RNU6-554P
106479916	RNU6-791P
106480369	RN7SKP281
106480223	RNU2-59P
100873601	RNA5SP338
106480555	RNU6-141P
106480039	RNU6-1077P
106480006	RNU6-994P
106481807	RN7SKP56
106480880	RN7SKP150
106480068	RNU6-1140P
100873549	RNA5SP296
106480916	RN7SKP271
26852	RNU2-5P
106481641	RNU2-23P
106481870	RNU4-25P
106481403	RNU6-705P
100873295	RNA5SP60
106480018	RNU6-1025P
100873607	RNA5SP345
100873736	RNA5SP494
106479199	RN7SKP235
106480396	RNU6-628P
106481305	RNU6-402P
107080629	RNU2-52P
106480049	RNU6-1100P
106481649	RNU2-48P
106480213	RNU2-37P
106481647	RNU2-42P
107080626	RN7SKP54
106480415	RNU2-51P
106481639	RNU2-16P
106480227	RNU2-70P
106481580	RNU6-1267P
106479891	RNU6-733P
106479117	RN7SKP51
106480225	RNU2-63P
100873824	RNU2-7P
106480087	RNU6-1190P
100873357	RNA5SP25
107048985	RNU4-46P
106479142	RN7SKP106
106480562	RNU6-233P
106481646	RNU2-38P
106479946	RNU6-860P
100873484	RNA5SP225
106479579	RNU4-47P
106481962	RNU2-68P
100302139	MIR1537
100873276	RNA5SP21
106481470	RNU6-920P
106479594	RNU4-78P
106480477	RN7SKP261
106480463	RN7SKP97
106479817	RNU6-564P
100873375	RNA5SP104
106479687	RNU6-272P
100873852	RN7SKP8
106480208	RNU2-25P
106481638	RNU2-14P
100873835	RNU5A-5P
107057646	RNU4-22P
100873446	RNA5SP184
106479156	RN7SKP137
106480855	RN7SKP73
106479215	RN7SKP268
106481218	RNU6-130P
100873421	RNA5SP155
106480702	RNU2-72P
100873503	RNA5SP247
106481823	RN7SKP296
106479176	RN7SKP181
106481644	RNU2-32P
100873578	RNA5SP304
100873695	RNA5SP450
100873803	RNY1P3
100873371	RNA5SP39
106480391	RNU6-373P
106481232	RNU6-177P
106660611	RNU2-22P
106481564	RNU6-1217P
106480029	RNU6-1054P
106481654	RNU2-64P
106479913	RNU6-785P
100873559	RNA5SP508
106481891	RNU6-387P
106480849	RN7SKP53
106480770	RNA5SP498
100873765	RNU6-57P
106479653	RNU6-195P
106478985	RNY3P8
106479108	RN7SKP30
106481407	RNU6-722P
106479794	RNU6-516P
100873381	RNA5SP111
106480594	RNU6-603P
100873825	RNU2-6P
106481672	KLF2P3
100874221	ZNF385D-AS2
2502	FTH1P10
106480801	SDCBP2P1
100874194	CLDN10-AS1
6958	TRBV29OR9-2
100507257	MEG9
100270943	RPL17P17
644928	RPS26P15
100873332	MTND6P21
101927761	TH2LCRR
104326189	LMO7DN-IT1
653199	TCAF1P1
2611	GAPDHP69
802	CALM1P1
100312794	VN1R42P
728190	NUTM2A-AS1
101929484	LINC01615
644128	RPL23AP53
100874503	ATP6V0E1P2
161635	CSNK1A1P1
106480742	RABGAP1L-IT1
389179	EEF1A1P8
106480429	HLA-DQB1-AS1
100287765	LINC00630
7118	TMSB4XP4
645280	SMPD4P1
100420414	TRIM60P17
107133497	CYP4F32P
106478924	DHRSX-IT1
257000	TINCR
100421599	TVP23CP1
154089	LINC01312
340900	EBLN1
100874327	DSCR4-IT1
449491	DEFA8P
389043	LINC01120
159125	RBMY2EP
260337	UHRF2P1
100129320	HMGB3P10
106480676	KRT8P51
645715	EEF1A1P24
107075109	RPSAP65
100874188	LINC00571
100862692	DIP2A-IT1
100652739	RAET1E-AS1
101929539	LINC01422
100505547	LINC01208
9206	RAD17P2
100131564	CCDC18-AS1
84848	MIR503HG
105369219	SIRPB3P
650368	TSSC2
285103	MED15P9
642852	LINC00205
401577	CD99P1
100287902	LGALS8-AS1
100874092	UBE2E1-AS1
285266	ENTPD3-AS1
440992	RPS20P14
400866	LINC00114
100874196	DIAPH3-AS2
142913	CFL1P1
54054	EEF1A1P1
254099	LINC01342
645805	DAZAP2P1
100133036	FAM95B1
103752554	MYCNUT
442060	SAP18P2
100418905	NBEAP3
100131671	SEC13P1
284551	LINC01226
414201	ZNF32-AS3
447	ASS1P2
402429	KRT8P8
100874330	LINC01014
101927034	ROR1-AS1
100287102	DDX11L1
106481697	BNIP3P42
105371564	SMCR2
645339	SNRPD2P2
7526	YES1P1
100271161	RPL21P32
100379345	MIR181A2HG
100874119	TCEAL3-AS1
114915	EPB41L4A-AS1
100129961	CCNT2-AS1
100507500	EGFR-AS1
152024	LINC00691
100421436	UBE2FP1
107075264	MTCO1P11
100216336	RPS24P8
285954	INHBA-AS1
100293948	ATG12P2
100861520	POU6F2-AS1
646074	POM121L10P
440406	UBE2SP2
101927797	MIR548XHG
107080622	USP9YP28
414760	HCG14
100131971	RPS26P54
729723	DNAJC27-AS1
100874055	LINC00570
29768	SDHDP6
100506457	MIR3681HG
644576	SNX18P9
401022	HAGLR
219525	OR5AK4P
100419471	RPS23P10
100873942	PHEX-AS1
199899	LINC00466
285878	VSTM2A-OT1
104472716	WARS2-IT1
100505633	LINC01133
388707	RPSAP18
100303728	SLC25A5-AS1
101927763	OLFM5P
101927988	LINC01527
149992	ANKRD30BP2
400511	LINC01567
100048924	MCCD1P2
644896	RPL7P7
100420546	GTF2IP5
101927174	CHL1-AS2
729500	RPL12P14
503641	DPRXP1
106478956	MDC1-AS1
104355296	SCEL-AS1
100873176	MTND2P5
267014	HLA-N
100507059	LINC00703
92340	PRR29
282569	BACE2-IT1
100873973	GPC6-AS2
100874069	STK24-AS1
100506637	PRKAR2A-AS1
100652865	LINC00539
7683	MKRN5P
140757	RSL24D1P6
653435	GUSBP6
897	CCND3P1
100506134	TTC21B-AS1
100129174	POLR2KP2
100874146	LINC00365
285375	LINC00620
140913	PPIAP10
100507404	TMLHE-AS1
100128771	EIF4BP3
100873917	LPP-AS1
102724224	LINC01117
642659	HNRNPA1P48
100507362	LINC01015
389655	RPL29P19
283050	ZMIZ1-AS1
102724316	SVIL-AS1
100130240	RPS5P2
644684	BMS1P12
28898	IGKV1D-27
100128262	TNK2-AS1
100506007	RTCA-AS1
100996500	PDSS1P2
401109	LINC00885
729396	GAGE12J
100505696	SH3BP5-AS1
100418819	IPO8P1
106481687	PDIA3P2
100420258	PLA2G12AP1
100271510	RPL36AP29
100302401	RASAL2-AS1
729648	ZNF812P
100874262	UBE2D3P3
101410535	LAMTOR5-AS1
100874268	E2F3-IT1
100422536	FCF1P7
100129845	PCOLCE-AS1
100507064	TEX26-AS1
107075260	MTCYBP21
103695432	LINC01167
651714	MUC20P1
100874325	ATP2B2-IT2
100420080	HSPA8P7
729338	CETN4P
101929637	NTM-AS1
6163	RPL32P1
100874253	LINC00853
100288711	DUX4L9
220980	TMEM72-AS1
100129836	COL4A2-AS2
100874274	THRB-IT1
103752585	RORB-AS1
100329108	GCSHP5
344471	RPL12P17
100133205	LINC00240
100874184	LINC00502
100874156	LINC00393
100873941	OPA1-AS1
100131713	RPL29P11
50631	YBX1P1
220433	RPS4XP16
100421729	VPS26BP1
401398	POT1-AS1
439994	LINC00863
100533990	APOC4-APOC2
387486	LINC00320
391485	KRT8P30
100302691	LINC00184
101927215	LINC01266
572558	PGM5-AS1
100506195	LARGE-AS1
8552	INE1
5512	PPP1R8P1
283412	RPL29P12
106481708	VTA1P1
643873	EIF4BP7
100874078	EIF1AX-AS1
103724387	LINC01058
729595	HMGB3P22
101928513	CATIP-AS1
401904	RPL23AP2
148645	LINC00337
100462772	FTH1P22
767851	PFN1P4
100874068	GRTP1-AS1
642741	RPL3P7
389217	SETP20
106480421	DPY19L2P5
390035	OR52K3P
645129	ZBTB45P1
100130621	RANP4
105372556	LINC00237
388152	GOLGA2P7
145249	LINC00618
100873912	DUTP6
100287366	OSTM1-AS1
388524	RPSAP58
100130495	RPS12P26
100188953	LINC00092
503638	DUXAP9
106479039	CHCHD4P5
100861515	TRAPPC12-AS1
101926930	LINC00378
115694671	LINC01297
157530	ST13P6
100874086	PCDH9-AS3
100271874	ZNRF2P2
100506161	TAF1A-AS1
100128766	RPL8P2
338588	LINC00705
54088	LINC00113
340274	ASS1P11
101929663	LINC01427
102724774	LINC01594
723809	LHFPL3-AS2
128872	HMGB3P1
728134	RPL23AP18
100418975	SNX18P3
100874073	FREM2-AS1
100506599	PPP1R26-AS1
196993	CT62
100874502	ATP6V0E1P1
101928470	TMEM246-AS1
100507459	NRSN2-AS1
207107	SFTA1P
729468	PGM5P4
100128416	RAB28P5
126826	TGIF2P1
100996684	AKR1C5P
128760	RPL21P3
5938	RBMS1P1
100418919	TNPO1P1
100874126	LINC00331
100507540	LINC01504
101929239	PACRG-AS2
8686	KRT41P
100507171	BOLA3-AS1
100874529	MPRIP-AS1
728963	RPS15AP10
100131320	RAB6C-AS1
10740	RFPL1S
101929198	ATP13A4-AS1
107075228	MTCO3P5
100874337	PLCB1-IT1
400759	GBP1P1
101929310	KCNMA1-AS2
104355148	CYP4A22-AS1
100133285	PCDH8P1
100129480	MKRN2OS
102724386	LINC01393
100191040	C2CD4D
101928496	LINC01492
100506413	DOCK4-AS1
441246	RPL35P5
100874001	NCBP2-AS1
100505518	EDNRB-AS1
401242	LINC01623
101154644	LINCMD1
100652939	MTND2P28
106480234	HNRNPA3P15
155370	SBDSP1
101929286	KCNMA1-AS3
100131825	CADM3-AS1
729658	PACRG-AS3
100128385	FAM225B
221438	TREML5P
646808	LAGE3P1
645691	HNRNPA1P35
101929407	PTPRD-AS1
100132103	FAM66E
100505641	FGD5-AS1
101929590	NRG3-AS1
138948	DBH-AS1
104355135	LINC00431
102724077	LINC01389
101929152	P3H2-AS1
23755	SIRPAP1
219731	PROSER2-AS1
401264	TRAM2-AS1
100861453	DNAJC19P5
100874034	UBXN7-AS1
100128071	FAM229A
128676	RPS18P1
353020	HCG4P11
101927802	LINC00368
644050	LINC01529
79854	LINC00115
644632	BMS1P11
106480256	HSPE1P13
100271119	RPS27P16
100422371	RIMKLBP2
100420043	CACYBPP1
50652	PCA3
101928448	C5orf67
107080620	ODF2-AS1
150538	SATB2-AS1
104326052	NRIR
171022	ABHD11-AS1
100887749	MTND1P23
101927621	LINC01534
768096	HAR1A
26651	OR7E19P
645201	HMGB1P26
6986	TRGVA
106481735	GTF2IP14
100289509	KCNIP2-AS1
644131	CCT8P1
401525	CDK2AP2P3
1336	COX5BP7
100129662	FGF13-AS1
170536	PPIAP21
253264	ZNF503-AS1
728556	MEMO1P1
780814	PAICSP1
100873793	PHF2P2
729248	ZBTB45P2
728855	LINC00623
100129213	SLC39A12-AS1
340947	EIF3LP3
389634	LINC00937
140857	RPL7P3
643653	RPL35P8
353194	KRT16P6
100418902	TUBBP10
100128145	CLCP2
100287722	AP4B1-AS1
283981	LINC00685
170524	HNRNPA1P3
100128834	CLK3P2
104355295	SGMS1-AS1
653635	WASH7P
6980	TRGV6
100271053	RPS12P5
441073	RPL26P19
128745	RPLP0P1
284576	LEMD1-AS1
100506834	GAS1RR
100874151	LINC00381
140717	RPL37AP1
414197	ZNF32-AS1
100652856	LINC00408
359744	MRPL35P3
100128493	UBE2V2P1
101927347	GRM7-AS3
653238	GTF2H2B
100505536	ISM1-AS1
100874239	ARHGAP26-AS1
392872	RPL12P10
87171	ARPC3P1
442233	SMARCE1P2
65072	CFLAR-AS1
728763	CROCC2
100271400	RPS26P56
441238	NMD3P1
100418799	KRT8P38
100128936	RPL10AP6
102800310	HAGLROS
93654	ST7-AS2
104355140	LINC00375
100505601	PARD3-AS1
100505890	SORCS3-AS1
3463	IFNA20P
282791	OR8T1P
729708	TPI1P1
100133545	MRPL23-AS1
100506392	SLC16A1-AS1
442525	SLC25A5P5
348840	ANKRD18DP
100874003	PLCL2-AS1
644213	GAPDHP32
1568	CYP2D8P
100420505	ADAM1B
147226	UPF3AP1
100874095	ADIPOQ-AS1
100128867	RBM22P3
100874223	FTOP1
284835	LINC00323
654412	FAM138B
105370183	LINC00390
100128060	RPS7P10
101929425	BTBD9-AS1
442262	GAPDHP73
645313	SCDP1
106478958	CYP4F26P
729009	FTH1P20
285370	LINC00606
100271531	RPL39P40
284764	FTLP3
144920	LINC00343
100874198	SHANK2-AS1
170556	UBE2V1P1
101927117	PLCG1-AS1
280644	PSMD10P2
280655	IGBP1P1
100507170	CT47A12
101927667	LINC01535
728558	ENTPD1-AS1
100421422	ANKRD20A10P
104355426	LENG8-AS1
104355290	MIR217HG
100873988	FGF12-AS3
440078	FAM66C
101929428	PTPRD-AS2
442429	EEF1DP2
100874182	LINC00424
101928345	PABPC1L2B-AS1
100874427	SNRPGP12
140771	SMCR5
101926890	DAB1-AS1
100170229	SRRM5
100506953	FABP7P1
494540	TBCAP1
404665	CACTIN-AS1
100874388	OSTCP8
389690	MROH5
100506835	LINC00840
101928720	LINC01509
100885781	LINC00348
100130887	ATE1-AS1
645591	LHFPL3-AS1
101927084	LINC01359
101928616	LINC00354
100287193	ISCA2P1
100874178	LINC00454
100114903	NRBF2P2
118421	LINC00161
100289237	CEP164P1
729486	IL9RP3
92507	RPS4XP2
57291	DANCR
101060032	RHEBP2
285849	COX6A1P2
100874462	HMGN1P24
644988	ABHD17AP6
100133123	LINC01203
100507629	LINC00658
343381	NBPF2P
81138	OR7E101P
100128590	SLC8A1-AS1
400619	LINC00511
101927126	GTF2IP7
100505746	ITGB2-AS1
100506757	LINC00629
22971	RPL41P1
642888	CNN2P2
101929548	FOCAD-AS1
391804	RBMX2P5
100506039	HMGB3P8
646195	RPS28P7
100288428	LMCD1-AS1
101929664	HORMAD2-AS1
132556	BTF3P13
100419392	RPL12P44
399806	LBX1-AS1
148824	GCSAML-AS1
100996941	IL21-AS1
727856	DDX11L16
106480297	THEM7P
283089	WDR11-AS1
474167	HDGFP1
104502417	MGAT3-AS1
284801	MIR663AHG
106480731	C6orf47-AS1
93653	ST7-AS1
646467	CNN2P1
728938	SUB1P1
767850	PFN1P9
100270887	RPL31P12
645126	PFN1P6
414761	HCG15
644861	NBPF13P
100862852	SLAMF6P1
100874202	MIS18A-AS1
101929212	SMIM2-AS1
80868	HCG4B
442479	HSFY3P
100505768	LINC01364
646270	ELL2P1
400578	KRT16P2
100873240	MTND4P15
28482	IGHJ1P
389101	RPL23AP43
414134	NANOGP6
100874226	ARHGEF7-AS1
100505538	RBM26-AS1
100505561	LINC00866
100216342	RPS24P7
100507086	DLG1-AS1
2508	FTH1P16
100128675	HPN-AS1
285352	KIF9-AS1
140696	RPL37P1
281	AMYP1
100861513	ZMYM4-AS1
102723483	CSE1L-AS1
114036	LINC00310
101928555	LINC01537
648630	TSSK5P
100505826	STK4-AS1
100288346	NCAM1-AS1
401289	LINC01624
101928122	LINC01483
100271085	RPS20P15
100874195	DIAPH3-AS1
440584	SLC2A1-AS1
100132415	SOCS5P4
100506436	SPAG5-AS1
28593	TRBV7-5
104355293	LINC00376
100419038	SNX18P26
100287512	RPS3AP53
389740	ADGRF5P1
100873976	CNTN4-AS2
100048909	TMEM183AP1
100861402	CERS6-AS1
100506810	LINC01132
100421351	HNRNPA1P14
100507533	SOX21-AS1
100874453	HIGD1AP11
100874100	STEAP2-AS1
107075200	MTND6P32
100128176	UST-AS1
360177	CYCSP24
103724388	LINC01068
100421113	CROCCP4
170526	HNRNPA3P2
252840	SRP68P2
100131051	MED28P3
170523	GSTM3P1
729617	RPL23AP74
100188954	DNMBP-AS1
647286	RD3L
106480427	MTND6P5
441884	CALR4P
353019	HCG9P5
391722	MYL12BP2
353003	HCG4P5
100131085	RPL7P12
106478976	ASH1L-IT1
107075190	MTCO3P43
107075237	MTND4LP9
414061	DNAJB3
121456	SLC9A7P1
100130873	CARM1P1
101929410	SUCLA2-AS1
442524	DPY19L2P3
106480336	RPL23AP89
642395	PSPC1P1
100133172	FAM66A
100288831	SRGAP3-AS3
116935	RPL3P2
149134	LINC01341
100507308	TARID
390411	NPM1P22
728758	PIN4P1
100420415	TRIM60P18
100873206	MTND5P1
91149	RAPGEF4-AS1
100421399	HNRNPA1P46
105375013	HCG20
100312801	VN1R51P
23751	TOP3BP1
100131874	CFL1P3
100420341	SEC63P1
102723886	LYPLAL1-AS1
101928913	LINC01515
146110	RPL7P47
352965	HLA-U
100874054	FALEC
101928537	LINC01494
104797536	LINC01402
197350	CASP16P
645381	TLE1P1
344697	HNRNPA1P21
390006	PPIAP19
492303	GEMIN8P4
100874010	NLGN1-AS1
645206	LINC00693
643159	ATF4P3
100505566	LINC00578
493812	HCG11
2616	GAPDHP1
151276	TXNP5
100130197	EFCAB14-AS1
23668	UBBP2
646300	COL6A4P2
104355288	LINC01320
100422411	PSMD8P1
101926888	RALY-AS1
100128574	ARMCX3-AS1
100506696	PCAT6
102724201	TBX18-AS1
101101776	BMS1P17
100874155	LINC00392
392313	OR2S1P
101929093	LINC01350
54055	CYP4F29P
91316	GUSBP11
729259	RPL17P43
284757	MIR646HG
104355143	TXNDC12-AS1
340508	GAS2L1P2
100506443	ITPKB-IT1
643253	CCT6P1
400957	LINC01185
5758	PTMAP1
728450	LINC00687
106480778	ARL5AP3
729816	DHFRP2
100130890	TSTD3
54580	UGT1A2P
157489	SDAD1P1
100129464	LINC01546
402422	TUBB4AP1
1480	CSTP1
101927868	GRK5-IT1
646080	RAB11FIP1P1
100507254	LINC01013
100506723	TMSB10P1
728088	RPL15P18
440595	EEF1A1P11
100131193	CCDC183-AS1
100506050	LINC01005
653566	SPCS2P4
100874041	MACC1-AS1
646912	RPL7P52
140719	RPL39P
101060195	FCF1P2
644032	PHKG1P2
100127907	HNRNPCP7
170541	PSMD10P1
6979	TRGV5P
100874176	LINC00448
100874006	TTC3-AS1
51716	CES1P1
100507633	TNKS2-AS1
100652730	LINC00659
101927416	SRGAP3-AS2
401251	SAPCD1
101928869	GABRG3-AS1
106182118	LIMS1-AS1
400946	LINC00954
644990	THRB-AS1
643837	LINC01128
100873890	HMGB3P4
100421058	PABPC1P11
101928158	LAMA5-AS1
100631260	MARK2P13
100288319	AK3P5
100874322	BACH1-IT2
642345	MIR4500HG
100874064	PCDH9-AS2
100852409	NEGR1-IT1
9430	MYLKP1
391490	RPL23AP26
126037	EEF1DP1
100289373	UBAC2-AS1
401331	RASA4CP
26742	OR1H1P
81175	OR7E128P
400799	LINC01344
729236	RPS13P2
100873205	MTCO1P3
100874263	AKT3-IT1
101927777	SATB1-AS1
441295	OR2A9P
414764	HCG23
79282	OR7E93P
317768	HOMER2P1
100506244	SUMO2P8
401082	LINC01205
107075108	SLC47A1P1
100873221	MTND1P9
101927219	HNF4A-AS1
100151640	EXOSC3P1
644759	TMPRSS11GP
102724076	LINC01038
100507489	LINC01277
100101440	PMS2P7
246182	AKR7A2P1
27437	HSFY1P1
643115	KRT223P
100420502	CDCA4P1
100310840	VDAC1P8
54048	HMGN1P2
548637	DUTP1
101927101	RPS3AP54
100128830	LINC01165
728409	LINC01548
729171	ANKRD20A8P
28425	IGHV3-47
806	CALM2P2
100128505	ASTN2-AS1
646330	BTBD6P1
729495	ABHD17AP4
100873965	MED4-AS1
106481744	AGBL5-IT1
100507347	VIM-AS1
100421533	EIF4A1P10
149224	RPS7P4
643309	ACTBP1
100418976	SNX18P4
200575	CRYGEP
100505494	ANKRD10-IT1
285965	EPHA1-AS1
100873997	KCNQ5-AS1
392451	RPL19P20
8759	ADAM1A
399706	LINC00200
391378	HNRNPA1P66
391256	KRT18P4
100287814	LINC00582
140851	MT1P3
441957	FEM1AP1
246119	TTTY10
254312	LINC00710
100288506	PNPT1P1
103724386	LINC00377
100874175	LINC00446
402562	HNRNPA1P8
106478974	REV3L-IT1
100418937	TUBB8P1
728012	MCHR2-AS1
100874306	ACAP2-IT1
106480740	GK-IT1
106029310	DANT1
100873923	HYI-AS1
82	ACTG1P9
100129460	DPY19L1P1
5301	PIN1P1
100874466	HMGN2P19
100873952	SZT2-AS1
643365	LINC00452
646577	HMGB1P16
4279	MICD
3128	HLA-DRB6
170425	LINC00858
338653	KCNQ1-AS1
399804	NPM1P25
100873882	ANKRD26P4
100533695	RLIMP1
100874266	LYST-AS1
100271025	RPL39P18
100128628	RGS17P1
106478971	ALG13-AS1
391533	FLT1P1
100874160	LINC00404
100874213	MYCBP2-AS2
101060004	LINC01523
339244	KRT16P4
100874150	LINC00379
100506680	SACS-AS1
391077	GAPDHP58
402176	RPL21P44
100128640	ACVR2B-AS1
55545	MSX2P1
100419031	PRDX3P1
100874161	LINC00411
106479042	MTATP8P2
106146146	LINC01079
474337	SUMO1P2
340515	LINC01501
401093	MBNL1-AS1
100421629	METTL21AP1
647276	RPL4P4
646309	NAMPTP1
100270874	RPSAP22
101928794	MAST4-AS1
101927624	LINC01150
100505911	SOS1-IT1
347673	EIF2S2P2
196549	EEF1DP3
102682016	LINC01159
3580	CXCR2P1
100270986	RPL31P20
359761	MRPS18AP1
54025	RPS20P1
106480730	C4B-AS1
100874097	UBE2Q1-AS1
100874411	SNRPFP2
104326054	LINC00399
107075231	MTCYBP32
100271090	RPS21P1
100533851	ATP8A2P2
729789	RPS15P5
192146	DDX50P1
196047	EMX2OS
100506356	ARSD-AS1
100271483	RPL31P54
100874111	STEAP3-AS1
127406	RPSAP20
101409261	OGFR-AS1
102723775	LINC01315
100462990	HSPD1P21
100874096	DOCK9-AS1
100271132	RPS4XP5
6008	RHEBP1
143371	YWHAZP3
100131693	EIF4EP2
100130275	TFAP2A-AS1
56168	MTND2P2
100852410	ZRANB2-AS2
100131188	LIPT1P1
400604	TOB1-AS1
103695365	LINC01435
3044	HBBP1
100131234	MIR181A1HG
100873879	HMGB3P9
643343	RPL5P4
100874291	ALMS1-IT1
645784	ANKRD36BP2
644496	CTSLP4
7315	UBBP1
100874145	LINC00364
100419075	AK3P3
100874009	BIRC6-AS1
101928607	TRPM2-AS
100287718	ANKRD66
645548	HSPD1P6
100874292	CDC42-IT1
106481796	LRRC37A15P
100271033	RPL4P6
100874032	PRRT3-AS1
219347	TMEM254-AS1
101927489	TCERG1L-AS1
260332	ECEL1P3
100873987	FGF12-AS2
100874362	HOXB-AS1
100874173	LINC00443
729530	CNOT6LP1
106478975	SMYD3-IT1
106481709	DDX43P3
100132978	ATP6V0CP1
2509	FTH1P5
158345	RPL4P5
653364	HSPB1P2
100289414	PHBP9
340571	SIAH1P1
100418774	PHBP4
101410543	XXYLT1-AS2
100289574	HERC2P4
136157	SSU72P8
730246	HNRNPA1P59
101929716	ARMC2-AS1
100862679	NAALADL2-AS3
101929580	GTF2IP23
100874373	STARD13-IT1
414169	BANF1P2
414768	HCG24
154860	FEZF1-AS1
101926971	LINC01284
100551499	LINC00159
107075283	MTCO1P42
100873351	MTND4P19
728049	CT47A8
387074	RPL35AP3
286016	TPI1P2
100312788	VN1R32P
442097	ACTG1P23
391135	RPL4P3
257203	DSCR9
284593	FAM41C
374650	GOLGA6L5P
100874511	SPTLC1P1
100420552	RBBP8P1
100128787	LINC01349
106144544	LINC01066
399511	TCEA1P2
100132987	LINC00856
221756	SERPINB9P1
260341	TFAMP1
387646	LRRC37A6P
100381202	NEK2P4
100270903	RPS29P6
441459	ANKRD18B
647033	PA2G4P4
106480720	GPM6BP1
100505832	PROX1-AS1
28850	IGKV1OR22-5
114796	PSMG3-AS1
100873946	VAV3-AS1
101929202	MKX-AS1
338579	ANKRD30BP3
439931	THAP7-AS1
353004	HCG4P7
344875	COL6A4P1
339256	NOS2P3
644714	LIMD1-AS1
646201	BASP1P1
100874264	AOAH-IT1
100359394	LINC00102
414208	ZNF32-AS2
100418910	ACTG1P14
729156	GTF2IRD1P1
100418820	PHBP12
643617	RPSAP8
106481722	GPAA1P2
106480781	TSEN15P2
100874042	HM13-AS1
729630	DYNLL1P7
100130756	UQCRHP1
653658	RPS23P8
100874071	USP12-AS2
729121	RGPD4-AS1
401629	FAM224B
388550	CEACAM22P
26978	PABPC1P3
100505975	ENO1-AS1
101060160	DDTP1
106660616	SAP18P3
100421638	CTAGE13P
729838	GGTLC4P
100133161	LINC01001
619445	RPL10P3
100873998	MEIS1-AS2
101929746	ZNF341-AS1
100312850	VN1R108P
100131244	ANKRD63
729779	PSAT1P3
100874372	ARHGAP26-IT1
400129	SMARCE1P5
3138	HLA-K
100996301	FOXD3-AS1
100873165	SRGAP2-AS1
103283057	LINC01362
100873347	MTND2P16
645251	CBX1P1
100874098	ARPP21-AS1
101927861	LINC01293
140753	RPL31P2
105373869	LINC01614
391175	RPL23AP15
401588	ZNF674-AS1
391139	GOT2P2
653234	AGAP10P
54099	FBXW11P1
105371130	MFSD13B
285045	LINC00486
285326	LINC00692
388339	RPS18P12
101410537	MAGEA8-AS1
246731	PPIHP1
107075285	MTCO1P53
100874270	HAO2-IT1
642587	MIR205HG
101927477	LINC01507
100421397	HNRNPA1P68
100132058	GPS2P2
100419042	SNX18P13
100874044	HHATL-AS1
387492	DSTNP1
326294	RPL23AP11
339742	FAM201B
100270920	RPL12P15
100130892	RPL7P32
157956	CDC20P1
285735	LINC00326
100421581	GCNT1P3
100874157	LINC00395
391069	GAPDHP64
414777	HCG18
23752	TSSK1A
441261	FDPSP7
100996609	LINC01436
101927873	LINC01508
345829	BTF3P10
100874060	SPATA20P1
352964	HLA-T
768097	HAR1B
100874334	TCF7L1-IT1
340544	MORF4L2-AS1
79667	KLF3-AS1
402779	CSMD2-AS1
246285	TRBV26OR9-2
646531	YBX1P2
1932	EEF1B2P1
285501	LINC01098
84657	LINC00852
100874080	FARP1-AS1
3461	IFNA11P
101928604	ZBTB46-AS1
107178918	LINC01593
104533120	TRIM31-AS1
102724678	LINC01423
6922	SKP1P1
106480253	KLF2P1
554049	C1DP1
646249	PCED1CP
28862	IGKV1OR2-108
140761	RPS3P2
100874217	TBL1XR1-AS1
390363	CLIC1P1
399670	RPL13AP17
100270998	RPL34P6
83	ACTG1P10
644459	BEND3P1
100129269	LINC01160
100128889	NDUFAF4P4
100132467	RNF2P1
154822	LINC00689
102723605	LINC01445
104355146	LINC00396
100420005	FAR2P4
64593	RBMY3AP
100132169	WASIR2
399520	TIMM8AP1
285084	LINC01305
390766	RNASEH1P2
646702	HLA-DPA2
106478909	MTND4LP1
5761	PTMAP4
100506775	LINC01353
139542	E2F6P4
286333	FAM225A
727982	LINC01249
100873962	LINC00278
101927591	DPP10-AS3
727682	TAB3-AS1
284288	RSL24D1P11
729123	RPL7P21
729234	FAHD2CP
692093	SNORD62B
100874031	AGBL5-AS1
284196	KRT17P6
107985781	FSIP2-AS1
100873930	DLG3-AS1
100861523	RPS6KA2-AS1
81136	OR7E111P
730144	EIF1P3
104355152	LINC01090
414133	NANOGP5
644716	BMS1P13
26980	PABPC1P1
100271722	LINC00899
170504	COX6CP2
378805	LINC-PINT
100312803	VN1R110P
100874355	ARHGEF9-IT1
645024	GAPDHP59
101927541	LINC01273
104355297	ABCA9-AS1
647121	EMBP1
285987	DLX6-AS1
100506795	LINC01354
100507297	TMEM44-AS1
100131454	DBIL5P
341356	RPL31P50
101929074	PIK3CD-AS2
390213	DOC2GP
100874302	ITCH-IT1
101928099	PCAT7
101929179	LINC01388
101929344	LINC01198
100873899	HMGB3P14
106480802	UBE2V2P4
100873949	IPO9-AS1
170550	SNRPFP1
104413892	F10-AS1
643749	TRAF3IP2-AS1
100507475	IDH1-AS1
100128511	NEBL-AS1
440732	RPS7P3
103344932	PGM5P4-AS1
100874343	HS1BP3-IT1
102724668	DPY19L1P2
100421389	HNRNPA1P9
101927279	EP300-AS1
100419056	CLCN3P1
641518	LEF1-AS1
653122	LSM12P1
100288436	SLC4A1APP1
101929769	LINC01063
359743	MRPL35P2
101929184	LINC01031
100874353	RPS6KA2-IT1
100419068	PNLIPP1
101929302	RFX3-AS1
106478962	BACH1-AS1
104355145	NCOA7-AS1
100874208	NDFIP2-AS1
100874399	IMPDH1P10
100129243	RPS15AP12
503636	DUXAP7
553112	FERP1
101928578	RAP2C-AS1
100874070	USP12-AS1
100873254	MTND4P24
107075315	MTATP6P29
2500	FTH1P7
646693	CNN2P10
23757	ARSFP1
643529	LINC00865
170554	DYNLT3P1
23772	CSF2RBP1
100505945	BTF3L4P1
2496	FTH1P1
100289178	GNG12-AS1
100874090	SLC6A1-AS1
644297	FAM215B
100422581	DFFBP1
266626	CLCP1
100873963	LINC00279
101928931	SEMA3B-AS1
100874007	VIPR1-AS1
392437	FTLP2
645968	RPS3AP25
100381178	TMPRSS11CP
9207	RAD17P1
54089	LINC00112
388532	RPL21P131
100132541	GXYLT1P3
100133038	RPL18AP7
440459	SLC16A6P1
644820	EEF1B2P3
100874346	NCKAP5-IT1
728463	TGFB2-AS1
100874321	RASA3-IT1
646755	MFAP1P1
100874206	OSBPL10-AS1
128467	RPL12P11
360160	CYCSP8
101928113	ST3GAL5-AS1
100874267	DPYD-IT1
1197	CLK2P1
100133308	RSU1P2
100505929	LINC01549
106480279	CRB3P1
100271295	RPL23AP35
326307	RPL3P4
352896	GPR143P
103344928	KIAA1614-AS1
100421865	EEF1A1P3
102723508	KANTR
100287098	TONSL-AS1
101928455	LINC01412
100862727	TIMM9P2
101929218	LINC01517
100421295	PRPS1P2
105370141	LINC00385
100505683	LINC01431
55853	IDI2-AS1
100131291	ACTG1P21
100506930	LINC00665
348021	LINC00442
654376	RPL12P9
102724321	LINC01628
23781	AP1B1P2
100507674	MARK2P9
101929591	KIZ-AS1
105375616	LINC01022
106480328	TRIM80P
649395	YWHAEP1
730041	RHOQP2
28895	IGKV1D-35
106480334	BMS1P22
728106	RPL23AP50
391073	GAPDHP74
100462799	FTH1P25
100127888	SLCO4A1-AS1
100874203	COL4A2-AS1
106480350	DUX4L50
256355	RPS2P32
100873947	LMLN-AS1
642952	SNX18P2
100132920	CICP4
651249	RPL34P27
284649	SMG7-AS1
653677	SEC1P
100874479	HMGN2P35
100873932	DPYD-AS1
107075105	NDUFB4P10
646780	PHKA1P1
100873970	GPC5-AS2
727826	RPS11P5
360166	CYCSP10
101927590	LINC01166
101926987	DLGAP4-AS1
101927049	PLCE1-AS2
150759	LINC00342
388574	RPL23AP87
414765	HCG25
285958	SNHG15
106480782	POLHP1
285154	CYP1B1-AS1
100506697	LINC00327
104355220	LINC01219
100129743	RPL7P14
100286938	VPS13A-AS1
100420665	RPEP4
100132403	FAM157B
1430	CRYZP1
100873928	CASK-AS1
337980	KRTAP8-2P
100420875	FAM204BP
644844	PHGR1
647167	EEF1A1P14
401106	LINC00884
100873065	PTCHD1-AS
107987337	ZFY-AS1
100271141	RPS15AP6
101927586	LINC01271
653789	RPL23AP25
100128420	LINC00892
440416	CCDC144NL-AS1
404266	HOXB-AS3
441331	FAM90A11P
100652988	LINC00702
100312775	VN1R20P
119437	CTAGE7P
100506527	LINC01007
103625683	LINC00456
105373877	DIRC3-AS1
100505877	UBE2E2-AS1
100130009	HMGA1P8
100420113	KLF4P1
100422229	MAPRE1P3
400238	LINC00642
647215	MROH3P
440072	LINC00167
106481663	HNRNPA1P49
79940	LINC00472
100270755	RPSAP63
100873894	HMGB1P31
100130109	SNRPEP4
100873239	MTND3P10
728430	FAM90A20P
100133005	RASA4DP
728716	LINC01346
106480738	OSTN-AS1
387063	HMGA1P5
650794	MIPEPP3
220594	USP32P2
730138	PFN1P1
100132264	RNFT1P2
101927944	FAM53B-AS1
106480360	UBE2FP3
349408	TLR8-AS1
100462843	ATP6V1G1P4
100420612	ERP29P1
100874128	LINC00333
140875	LINC00028
100506915	CHRM3-AS2
100093631	GTF2IP4
100873352	MTND4P20
645173	RPS2P48
158801	NKAPP1
102800316	LINC01222
339799	EIF3FP3
100506311	HOTAIRM1
644435	AGGF1P2
100270937	RPL17P11
100132832	PMS2P9
729178	STXBP5-AS1
100271640	RPL35AP31
100874524	ST6GALNAC4P1
100129690	RAD1P2
221838	EEF1A1P6
101927158	RPSAP69
100874094	ZNF197-AS1
101929397	LINC01518
101927599	ZNF529-AS1
102723346	HCG21
728192	LINC00460
100874284	DNM3-IT1
221180	CYCSP33
101929639	B4GALT1-AS1
100418781	KRT8P39
100996597	LINC00690
1980	EIF4EP1
645834	KRT8P15
83530	CYP51A1P2
100873233	MTND2P29
100874183	NCOR1P3
100874278	ERI3-IT1
100874254	JTBP1
104355291	LINC01392
100129597	LINC00462
100874229	DCUN1D2-AS
100287029	DDX11L10
728431	LINC01137
171523	CYP2T1P
106478955	C4A-AS1
100128811	GPR158-AS1
100874371	ARHGEF7-IT1
100874033	SPIN4-AS1
100874255	RNASEH2B-AS1
100286979	ANAPC1P1
100048904	DDX39BP1
664721	HNRNPA1P27
100422254	EBAG9P1
650669	GAS6-AS1
252950	TTTY18
286002	SLC26A4-AS1
402100	RPL22P11
644138	GOT2P3
400955	LINC01122
28306	IGHV3OR16-10
100271323	RPL36AP13
100420257	CICP27
101929688	LINC01251
730227	LINC01136
100861530	UFL1-AS1
101927289	LINC01237
100874129	ENOX1-AS1
401316	EIF4HP1
143341	EIF3LP2
100874087	PCDH9-AS4
100507381	KCNQ5-IT1
100689074	POU6F2-AS2
64595	TTTY15
100128292	DLG5-AS1
100132601	GAPDHP68
100874113	YEATS2-AS1
100421582	PAIP1P1
101409257	EZR-AS1
100271284	RPL17P35
100506119	LINC01503
100048907	ZDHHC20P1
645652	MT1XP1
338651	KRTAP5-AS1
442304	FTLP15
246719	UBE2SP1
100271081	RPS20P10
101927295	LINC01360
3924	RPSAP14
100420259	GDI2P2
100130014	SETP5
3523	IGKV3OR2-268
390421	GAPDHP22
106478957	DDX39B-AS1
54036	PPP1R2P2
100421512	RBPMS2P1
646527	RPS3AP44
171560	TXNP6
101928922	LINC00463
266643	EDDM3CP
100873247	MTND4P26
103752555	SPATA17-AS1
100874043	TPRG1-AS1
644790	RPS15AP11
100271218	RPL7P36
644511	RPL13AP6
106480267	COX6CP13
102724167	PABPC5-AS1
100506054	RNASEH1-AS1
3314	HSPA8P1
284998	LINC01114
724068	DEFA11P
162083	C16orf82
100873934	ETV5-AS1
440900	LINC01191
100188945	CDCA4P4
100996590	LINC01505
100873922	ZFX-AS1
100874296	KCNH1-IT1
100379249	BOK-AS1
100128017	TULP3P1
729032	RPL36P20
100270976	RPL30P2
102724820	LANCL1-AS1
100421189	GAPDHP49
54147	BACH1-IT3
414351	LINC00229
101927465	CLYBL-AS1
729004	RPL9P2
100421045	BCAS2P2
100128081	JAZF1-AS1
400156	RPS26P47
200025	PFN1P3
728737	TATDN1P1
391598	RPSAP31
100418980	SNX18P7
100420253	CTBP2P8
9995	ELK2BP
100129482	ZNF37BP
101927554	LINC01250
100874081	FGF14-AS1
101926906	SLC16A12-AS1
100505881	MAGI2-AS3
23782	AP1B1P1
402077	OR7E46P
101928941	RHOXF1P1
100506325	SP2-AS1
101927320	ERICH3-AS1
387841	RPL13AP20
100128665	FYTTD1P1
101927015	LINC01506
133874	C5orf58
284672	PTGES3P1
100380272	NDUFB1P2
104326190	LINC01309
1518	CTSLP8
100505475	SYNE1-AS1
643180	CCT6P3
100873957	FABP5P14
100873984	CHRM3-AS1
51275	MAPKAPK5-AS1
100873954	SNRK-AS1
653162	RPSAP9
100270823	RPL7P11
101930747	LINC00380
728505	WDR82P1
100873985	MED14OS
440917	YWHAEP5
100885777	PCCA-AS1
403297	OR7E155P
100874172	LINC00440
101927193	CHL1-AS1
727795	HMGN2P5
101929602	IFT74-AS1
100507495	SDCBP2-AS1
646208	NUS1P2
100506080	HMGA1P4
100422343	UPF3AP3
388579	TUBB8P11
103724390	LINC01287
100506733	FAM170B-AS1
642592	EIF5AP4
101060264	FOXP4-AS1
102723426	LINC01496
105370242	LINC01052
374677	WASH4P
2989	GULOP
100289019	SLC25A25-AS1
102723332	LINC00412
389787	TPT1P9
642357	EEF1GP5
100507428	LINC00458
100420143	HSPA8P3
360015	RFTN1P1
145767	RPS3AP6
10934	MORF4
100131060	LINC01135
100418843	PHBP13
441389	LINC01239
107075148	MTCO2P16
647099	RPL23AP42
100505540	SLIT1-AS1
100534595	HNRNPUL2-BSCL2
727699	LINC00163
100422349	PIGFP2
3647	EIF3EP1
26479	OR7E62P
400618	SOX9-AS1
441687	TEX21P
654434	SNHG20
100874444	HMGN1P18
100507470	GRID1-AS1
100505624	GTF3C2-AS1
101927700	LINC01524
282980	LINC00700
728641	FABP5P7
2497	FTH1P2
359792	EIF4A1P2
100129060	SEMA3F-AS1
389023	DPP10-AS1
105375606	MNX1-AS2
102723590	BMP7-AS1
342918	C19orf81
442777	TECRP1
170539	PPIAP3
441896	RPL7P8
100271702	LINC00940
100873951	MLIP-AS1
140760	RPL24P2
100421313	GAPDHP52
100132618	ZRANB2-AS1
474338	SUMO1P3
645317	CHCHD2P6
100874312	FNDC1-IT1
100131964	RPL7L1P3
100506299	ID2-AS1
144817	LINC00330
441869	ANKRD65
100129738	SETP9
158011	IFNA12P
106480261	HSPE1P27
646630	CHCHD2P8
106478963	BSN-AS1
100506492	DSCAM-AS1
106480269	COX6CP17
100270872	RPSAP16
387882	C12orf75
102723578	LINC01440
257358	LINC01366
285785	RPL39P3
101101772	LINC00601
100874085	NUCB1-AS1
106480430	CYP2C58P
104355292	LINC01525
100420458	TATDN2P3
79323	OR6E1P
140846	FAM83C-AS1
285829	SUMO2P1
642776	DANT2
101928153	ITGA9-AS1
107075097	NDUFB4P6
100289410	MCF2L-AS1
391012	DYNLL1P3
100874377	SMIM2-IT1
352966	HLA-W
140623	FAUP1
359752	MRPL53P1
267017	HLA-Z
286442	LINC01281
100132672	GXYLT1P6
106480432	HM13-IT1
255031	LINC00957
100271623	RPL23AP69
106903081	DUSP8P5
100270926	RPL12P25
101927006	RPSAP76
89758	LINC01621
100130289	SNRPGP10
103752581	LINC01055
100271325	RPL36AP15
109729113	DNM1P51
728039	SSR4P1
359753	MRPS10P1
100874018	EPN2-AS1
100288868	KRT18P63
442523	DPY19L2P4
92249	LINC01278
144832	ESRRAP2
646193	TRAPPC13P1
101929467	LURAP1L-AS1
645979	RPS26P31
102724341	NEURL1-AS1
101929736	LINC01372
101929665	UBE2R2-AS1
100419391	RPL21P135
100506681	JARID2-AS1
645084	DBF4P1
86781	RPS2P7
101928846	HIPK1-AS1
100506749	AGAP1-IT1
100132891	MSC-AS1
100507612	LINC00402
128718	RPS11P1
645387	RPL6P27
387055	LINC00533
100418972	SNX18P14
389849	GAPDHP65
100873977	RBMS3-AS1
391075	GAPDHP23
150568	LINC01102
642559	POU5F1P3
100420557	NSRP1P1
100421577	FAM21EP
100191039	RPL36AP33
284749	LINC00494
729148	NUS1P1
100129347	LINC00484
286544	MXRA5Y
105370208	LINC00345
100507261	MIR670HG
104413891	SAPCD1-AS1
339788	LINC00298
100190799	LDHAP2
100422313	NPM1P26
100500737	PPIAP20
101929520	LINC00993
170533	PA2G4P2
360155	CYCSP52
100272228	LINC00894
400242	DICER1-AS1
390616	ANKRD34C
728851	HMGN1P36
285740	PHACTR2-AS1
646324	LINC00607
100873933	DPYD-AS2
100421424	HNRNPA1P29
100873990	HCFC1-AS1
100431168	MYL6P2
100420046	PRELID1P3
340198	IFITM4P
90271	OLMALINC
100507605	LINC00837
255208	TUBB8P9
729909	RPL36AP26
494541	TBCAP2
101927440	SRGAP3-AS4
100190800	LDHAP7
101410544	RMDN2-AS1
57000	GSN-AS1
100874238	ARHGEF7-AS2
100287314	LINC00941
54082	TSPEAR-AS1
100874214	TM4SF19-AS1
101927171	LINC01564
100509894	CPB2-AS1
100873979	RBMS3-AS3
106480739	RHOA-IT1
104326055	APOA1-AS
100379174	MACROD2-AS1
645676	ASH1L-AS1
374987	NEXN-AS1
100128521	TPT1P14
283025	LINC01553
100873340	MTND1P21
401303	ZNF815P
100126791	EGOT
284900	TTC28-AS1
9386	COX7CP1
100134015	UBOX5-AS1
100033407	VN2R19P
100873969	GPC5-AS1
150291	MORC2-AS1
80161	ASMTL-AS1
101929437	PRRX2-AS1
100507114	LINC00445
100420342	CHIAP1
729163	FABP5P2
100874212	MYCBP2-AS1
54050	GAPDHP14
653553	HSPB1P1
100505557	GSTM5P1
101927125	ELFN1-AS1
392308	OR13E1P
648740	ACTG1P4
100128372	HMGN2P28
100874058	COX10-AS1
101928337	PTCSC2
101927176	LINC01069
137	ADORA2BP1
100996350	DUX4L26
100506469	TMEM147-AS1
347705	MRPS36P1
106480792	CHCHD4P3
645571	PRADC1P1
102800314	MIR7515HG
100421350	TCEA1P4
100132774	KDM4A-AS1
100873937	GRM7-AS1
400945	LINC01376
100506769	C10orf71-AS1
100874293	GPC5-IT1
100885782	MYO16-AS1
163742	SLC25A3P1
100874199	SHANK2-AS2
101927498	LINC01361
106480431	ENO1-IT1
100873919	NDP-AS1
100129570	PEBP1P3
100128596	NDUFB9P2
104797537	GACAT3
441046	GUSBP5
283303	MRGPRG-AS1
101929582	LINC01241
100130388	EEF1E1P1
100038246	TLX1NB
100270832	RPL5P9
283392	TRHDE-AS1
106478973	FMR1-IT1
100008586	GAGE12F
100009667	POU5F1P5
150135	LINC00479
106480737	ITCH-AS1
84771	DDX11L2
401491	VLDLR-AS1
100129354	NRADDP
100422532	NDUFAF4P3
118945	CTSLP1
338591	CHCHD3P1
100133612	LINC01134
106480426	GPM6BP2
728262	FAM157A
151300	LINC00608
643311	CT47B1
729102	HNRNPA1P22
100507040	LINC00427
101929328	KCNMA1-AS1
100418861	KRT43P
643586	PKMP1
107075280	MTND2P40
283014	EIF2S2P3
392281	GPS2P1
150197	LINC00896
100874218	ATP13A5-AS1
101929247	LINC01231
100533668	KLF2P4
101928689	LINC01424
100873972	GPC6-AS1
100289584	NPM1P40
170485	ARF4P2
106481790	RC3H1-IT1
7955	RNF217-AS1
728658	RPL13AP5
100130391	YWHAQP5
387933	HNRNPA3P5
100874434	SNRPGP14
100874241	STARD13-AS
221547	RANP1
100306951	PITPNA-AS1
106481742	FRGCA
100852406	POTEH-AS1
728300	KRT18P5
100506939	PRKG1-AS1
4581	MTX1P1
338864	LINC00347
728517	RPL23AP24
280661	EIF1AXP1
154092	LINC01010
100873904	MYB-AS1
100506897	DAPK1-IT1
100874072	SMAD9-IT1
101927574	LINC01186
100506881	MKLN1-AS
414245	DNAJC9-AS1
100288173	TRMT112P4
100270879	RPL21P23
100507398	INTS6-AS1
339789	LINC00299
100133044	BCRP8
171424	SPA17P1
100270964	RPL24P8
100270895	RPL7AP15
100419028	SNX25P1
170516	GAPDHP2
653436	ANKRD20A7P
641380	ARL5AP2
101060544	LINC01563
618	BCYRN1
100506428	CBR3-AS1
100287114	LINC00421
106480338	RPL23AP95
101927258	LINC01474
96610	BMS1P20
100506390	RAP1BP1
254128	NIFK-AS1
100271522	RPL39P29
100271292	RPL23AP23
751580	LINC00106
100287596	DDX11L5
106481727	SETD6P1
107075301	MTATP6P26
103689918	LINC01378
341333	HNRNPA1P70
100874367	ZDHHC20-IT1
401007	NF1P8
339505	LINC01141
645367	GGT8P
387934	FABP5P1
101927547	ANKRD44-IT1
646498	C3orf84
101927983	EDRF1-AS1
85824	RPL12P12
389970	GAPDHP21
100874282	MLIP-IT1
100874061	WASF3-AS1
441208	ZNRF2P1
84850	GLIS3-AS1
220930	ZEB1-AS1
26514	RPL34P1
2518	FUCA1P1
100505758	PRMT5-AS1
414132	NANOGP4
106478954	EHMT2-AS1
101234262	COX5BP6
102723875	LINC01065
100271439	RPL21P111
28478	IGHJ3P
171427	CYP2F2P
79804	HAND2-AS1
359781	MRPS6P2
100421371	DDX10P1
646603	C4orf51
100131213	ZNF503-AS2
100874074	DLEU7-AS1
645927	MCFD2P1
415056	CNTFR-AS1
644202	RPL12P27
728015	RPS7P15
441094	NR2F1-AS1
100874345	ZBTB40-IT1
151234	SULT1C2P1
150142	ZNF295-AS1
101928781	TMEM26-AS1
728611	BMS1P10
100499405	LINC00987
2503	FTH1P11
100462809	RSL24D1P8
100533731	RLIMP2
103689911	CATIP-AS2
440757	LINC00851
339442	LINC01343
641298	SMG1P1
100874283	UPP2-IT1
100861516	RAI1-AS1
100861507	FTCD-AS1
100130954	LINC01502
100873921	SYP-AS1
643751	CDC42P6
101926925	LINC01358
400128	TUSC8
106480743	BRWD1-IT1
100506783	HOXD-AS2
267013	HLA-DPA3
100507034	PITRM1-AS1
100505964	LINC01304
100874340	CAMTA1-IT1
266625	NDUFA9P1
101927457	LINC01522
84793	FOXD2-AS1
442181	RPSAP2
100270914	RPS7P12
645326	RPSAP11
392302	ASS1P12
100130418	CECR7
107133486	CDK2AP2P2
101929120	LINC01351
106480746	TUBB4BP3
105376432	DCLRE1CP1
101927891	PKN2-AS1
220885	RPSAP15
728978	UNC5B-AS1
26220	DGCR5
100271700	NONOP2
439990	LINC00857
28480	IGHJ2P
100873995	KCND3-AS1
647051	YWHABP1
102723487	LINC01497
101927396	LINC01514
100329109	GCSHP3
106144541	LINC00407
642424	IGKV1OR10-1
192217	OXCT2P1
107075223	MTCO2P19
729769	UQCRHP2
729659	S100A11P1
100101938	ANKRD26P3
100507099	FRY-AS1
403227	OR11Q1P
386608	RNASEH2CP1
388830	LINC00316
339822	LINC01115
100271655	RPS15AP38
353001	HCG4P3
100422486	KRR1P1
730152	GSTA7P
100169752	TEX36-AS1
646581	IFNWP2
100861518	P4HA2-AS1
100421428	RNGTTP1
100189589	DCTN1-AS1
100874342	RNF216-IT1
442454	UQCRBP1
402420	EEF1A1P30
100505506	BANF1P3
285550	FAM200B
121328	GGTA2P
100505663	LINC01370
100874025	GFOD1-AS1
347544	RPL18AP16
101929559	LINC00211
100271437	RPL21P109
100132163	PHKA2-AS1
100288690	FAM21FP
645030	NFIA-AS1
100499466	LINC00674
553820	EEF1A1P31
101927217	LINC01473
100874158	LINC00398
5485	PPIAP13
100874048	DGUOK-AS1
101928483	NALT1
56969	RPL23AP32
100874272	KLF7-IT1
100129193	MUPP
101927242	LINC01430
347717	SRP68P3
101929010	SIRPG-AS1
100996570	NFIA-AS2
55539	KCNQ1DN
439949	PRKCQ-AS1
100506334	LINC00649
100507008	LINC00844
728072	CT47A5
442673	TUBG1P
107075141	MTCO1P12
339400	FLG-AS1
100421545	EIF4HP2
104797538	KCNMB2-AS1
11191	PTENP1
439950	CELF2-AS2
100873975	CNTN4-AS1
440737	RPL35P1
644160	ACTG1P19
100533675	NPAP1P6
106481681	COX6CP10
100048923	DDX39BP2
348761	SPATA3-AS1
728132	TSPY9P
101929730	LINC01352
650655	ABCA17P
645434	LINC01625
6126	RPL9P7
103352539	LINC01410
100506737	LINC01589
100188949	LINC00426
100874211	MID1IP1-AS1
100874093	BRWD1-AS1
140678	MLLT10P1
101927682	CD81-AS1
100874130	ENOX1-AS2
100506215	PAXBP1-AS1
100421341	UBE2V2P3
440142	TARDBPP2
392752	OR7E7P
101927248	LINC00391
100133168	CCR12P
392335	MYO5BP2
100874354	ST6GAL2-IT1
100873269	MTND5P20
100507127	LINC00707
389860	PAGE2B
3474	IFNWP19
317769	HOMER2P2
339879	ALG1L6P
400609	TBC1D3P1
727991	SLC35E1P1
107075295	MTND3P23
106479077	RNU7-140P
107063544	RNU7-103P
100147835	RNU7-48P
106480358	RNA5SP311
106479089	RNU7-171P
106480363	RNU7-186P
106479961	RNU6-893P
106480827	RNU7-169P
106480094	RNU6-1208P
100302179	MIR1270
106481619	RNU1-88P
106481747	RNU7-159P
100189028	TRI-TAT2-2
100189131	TRI-TAT2-3
100862665	RNY4P25
106480361	RNU7-96P
100302243	MIR1972-1
106479068	RNU7-113P
106480822	RNU7-141P
100151677	RNU7-80P
100147832	RNU7-45P
106479098	RNU7-196P
106480764	RNA5SP351
106479095	RNU7-187P
106479094	RNU7-185P
100151670	RNU7-73P
100151665	RNU7-67P
100422922	MIR1972-2
106479070	RNU7-119P
106481637	RNU2-11P
6078	SNORD13P3
677885	SNORA59A
338429	SNORD109B
106481628	RNU1-123P
100271087	RPS20P22
729536	RPL34P31
106479420	RN7SL546P
106479433	RN7SL578P
106479438	RN7SL589P
6148	RPL23AP1
116933	CLRN1-AS1
319143	RPL21P10
101927750	ATP6V1B1-AS1
100134259	LINC01119
664722	HNRNPA1P26
100422259	NPM1P29
100271363	RPS17P15
106479397	RN7SL477P
106481039	RN7SL425P
106481036	RN7SL414P
646802	CYP4F62P
100129727	TMED10P2
106479417	RN7SL535P
27093	KCNMB3P1
106481127	RN7SL752P
285314	PABPC1P10
100874207	ST3GAL6-AS1
100874030	SIDT1-AS1
106481072	RN7SL552P
120872	RPL7P38
100271358	RPS15AP16
106481014	RN7SL333P
100421498	MARK2P8
106481082	RN7SL583P
100129179	RPL9P5
100507274	LINC01210
100874038	CADM2-AS1
100506826	MYLK-AS1
100133162	RPL32P34
644146	RPS14P8
106479370	RN7SL399P
100874350	HOXB-AS2
106480926	RN7SL12P
116730	RPL37P2
100216545	KMT2E-AS1
106481683	COX6CP14
106479365	RN7SL388P
255025	LINC00879
106480943	RN7SL79P
100129555	HMGN1P7
100270918	RPSAP41
100270923	RPL12P20
100873943	PLS1-AS1
151325	MYADML
375513	GUSBP4
100507062	PSMD6-AS2
101927249	PDZRN3-AS1
100874378	PTGER4P3
106479408	RN7SL507P
106479474	RN7SL688P
107080654	RN7SL825P
1092	CEACAMP3
106481136	RN7SL790P
106481101	RN7SL653P
389156	RPL21P39
100873993	ITIH4-AS1
106144528	DENND6A-AS1
106479497	RN7SL754P
283507	SUGT1P3
100131614	RPS4XP22
100506872	RNF7P1
100506765	IGSF11-AS1
100271584	RPS27P25
728407	PARGP1
106480521	RN7SL608P
400793	C1orf226
106479468	RN7SL674P
107063539	RN7SL75P
100505483	PRKAG2-AS1
100271526	RPL39P36
100271050	RPS10P16
101927149	LINC01471
106479536	RN7SL864P
100418955	PRDX3P4
104413890	ZBTB20-AS3
106479357	RN7SL368P
100421813	ENPP7P2
106481125	RN7SL748P
102724868	TPT1P11
100127893	RPL7P24
106480991	RN7SL254P
100505687	LINC00888
106478944	MTND6P6
28477	IGHJ4
22945	GPAA1P1
100128710	RPL9P30
387867	RPSAP12
106481827	RN7SL146P
149934	NCOR1P1
728207	RPL23AP75
6825	ETF1P2
101928085	ERICH6-AS1
106480993	RN7SL263P
100873983	MAGI1-AS1
100271273	RPL12P28
643160	CYMP
100287482	SMKR1
106481154	RN7SL865P
389160	CPHL1P
100132291	RPS27P29
106479437	RN7SL587P
644237	GAPDHP33
106481069	RN7SL541P
100288897	FAR2P3
100874201	B4GALT4-AS1
146771	TCAM1P
100126793	GHRLOS
107063536	RN7SKP241
554234	RPL36AP40
106481829	RN7SL187P
106481054	RN7SL481P
100130562	RPS2P5
118433	RPL23AP7
390183	RPS4XP13
106478967	SEC62-AS1
641616	RPL9P3
100270840	RPL5P23
106480795	MTATP8P1
101290506	LRRFIP1P1
100271518	RPL39P26
106479467	RN7SL671P
106479395	RN7SL472P
728953	RPS19P3
106480488	RN7SL116P
118432	RPL29P2
389168	SETP14
106479323	RN7SL277P
100271553	RPS12P28
161406	RPL7AP10
100271448	RPL21P123
100271001	RPL34P17
100128963	RPL3P9
100874091	TM4SF1-AS1
100874039	THOC7-AS1
106480373	RN7SL258P
392262	RPSAP48
201651	AADACP1
106479428	RN7SL564P
729389	RPS6P25
100270850	RPL7P15
106481034	RN7SL403P
347127	SPATA31D5P
106481081	RN7SL580P
106479334	RN7SL305P
100873918	MME-AS1
106480517	RN7SL538P
399829	LINC01168
106480537	RN7SL851P
106481027	RN7SL382P
106479407	RN7SL502P
106481849	RN7SL559P
100288870	ERLEC1P1
100874115	PLCXD2-AS1
106481000	RN7SL288P
246312	C21orf91-OT1
100271343	UBA52P8
100422505	ATP8A2P1
654350	RPL9P25
106480482	RN7SL23P
106481826	RN7SL128P
100132476	KRTAP4-7
100271384	RPS29P22
730091	LINC00886
106479413	RN7SL521P
100134713	NDUFB2-AS1
106480533	RN7SL798P
101926903	LSAMP-AS1
100271563	RPS20P31
106480494	RN7SL209P
285189	PLGLA
650808	RPL4P1
106479495	RN7SL751P
649946	RPL23AP64
106479390	RN7SL459P
147804	TPM3P9
100129591	RPL29P24
106480534	RN7SL813P
100652759	PRICKLE2-AS1
100270974	RPL29P14
100874431	HMGN1P8
644022	RPL22P19
100128542	BET1P1
100498859	LINC00881
100874246	ARHGAP31-AS1
101929335	ADAMTS9-AS1
285286	LINC00877
106479249	RN7SL70P
106481057	RN7SL494P
100271447	RPL21P122
106479281	RN7SL165P
100873950	ZIC4-AS1
100874433	IQCJ-SCHIP1-AS1
100750245	SNAPC5P1
106479516	RN7SL809P
106481149	RN7SL836P
106481139	RN7SL801P
106479452	RN7SL629P
28901	IGKV1D-16
100271150	RPL17P19
100421816	ENPP7P4
100128025	WWTR1-AS1
101927111	SUCLG2-AS1
441891	WDR82P2
374286	CDRT1
101928190	LINC01487
100310850	SNRPCP11
28914	IGKV3-11
100874016	SYNPR-AS1
727941	SLC25A24P1
100271646	RPL36AP43
647107	LINC01192
283460	HNF1A-AS1
106480503	RN7SL344P
100861506	LINC00903
106479383	RN7SL441P
730023	KRT8P13
106481758	RN7SL505P
646612	EEF1A1P25
346950	RPL37P6
22813	TDGF1P6
106479287	RN7SL182P
100271529	RPL39P38
151658	LINC00635
100506994	PTPRG-AS1
151645	PSMC1P1
648729	RPS15AP24
100996435	CA15P1
106481131	RN7SL767P
100151661	CBX5P1
644961	ACTG1P20
387036	GUSBP2
100131117	ZBTB20-AS1
106479347	RN7SL338P
101927832	PAQR9-AS1
106480513	RN7SL482P
100271411	RPL17P37
643255	RARRES2P1
285329	UBQLN4P1
106479337	RN7SL316P
100271367	RPS23P6
100271288	RPL19P18
728481	RPL23AP21
100507098	ADAMTS9-AS2
106481115	RN7SL704P
7451	VWFP1
7661	ZNF90P1
441034	RPL7AP30
204010	RPSAP52
106480527	RN7SL714P
100271570	RPS26P45
100131434	LINC00893
106479366	RN7SL390P
106480515	RN7SL504P
100885799	ENO1P4
106481144	RN7SL817P
100271168	RPL21P54
106480961	RN7SL149P
541565	C8orf58
3734	ANOS2P
106480509	RN7SL434P
6226	RPS20P4
730747	RPL14P3
106481064	RN7SL517P
100271491	RPL32P26
106479290	RN7SL188P
106481102	RN7SL655P
106480958	RN7SL135P
106481850	RN7SL566P
652978	RPL7AP2
106478977	WWTR1-IT1
150381	PRR34-AS1
730086	ALG1L15P
107080632	RN7SL68P
285224	DNAJB8-AS1
729146	RPL9P28
326310	RPL7AP6
28933	IGKV1-33
100271564	RPS20P33
100271644	RPL36AP41
100506815	FOXP1-IT1
727865	RPL9P32
106481037	RN7SL416P
106480962	RN7SL152P
106480955	RN7SL124P
8420	SNHG3
553148	SERBP1P3
106479355	RN7SL361P
106479343	RN7SL329P
106480956	RN7SL127P
100874351	HOXB-AS4
729150	RPS3AP14
100271523	RPL39P34
285972	LINC00996
649299	RPL36AP51
101735302	STAG3L5P
100271577	RPS26P52
100132795	RPL12P32
100130192	RPS12P31
106481109	RN7SL683P
729096	BMS1P4
106481099	RN7SL646P
100271405	RPL12P30
100128912	RPS21P4
106480996	RN7SL272P
100874084	KCNAB1-AS1
100506724	LINC00901
106479512	RN7SL800P
100169989	DBIL5P2
728992	RPL7AP11
100420527	RBBP4P2
106479406	RN7SL500P
28476	IGHJ5
554300	KIR2DP1
106479238	RN7SL37P
100288654	NDUFB4P1
100996490	LINC01206
401074	LINC00960
100874019	KLHL6-AS1
107063538	AHCYP8
106480372	RN7SL169P
100009668	POU5F1P6
106480960	RN7SL144P
157206	RPL21P11
101060144	MED28P8
8512	MBL1P
100271260	RPS3AP34
440970	LINC00971
106479270	RN7SL132P
106479338	RN7SL317P
645412	RPS16P9
106479333	RN7SL304P
103911	RPS27AP1
106480483	RN7SL40P
106481022	RN7SL362P
728591	CCDC169
729209	RPSAP26
28621	TRBV1
100271627	RPL23AP81
100302640	LINC00882
100874131	ZBTB20-AS4
28613	TRBV5-2
100874110	GLYCTK-AS1
106479530	RN7SL846P
100271105	RPS26P21
319144	RPL21P13
391538	ALDOAP1
106479494	RN7SL749P
106480970	RN7SL180P
106479518	RN7SL812P
402193	RPL5P11
28479	IGHJ3
106481045	RN7SL449P
106479374	RN7SL413P
729677	RPL7P16
101928142	AADACL2-AS1
100874036	PLCH1-AS2
326275	RPL12P7
100462647	NKAIN1P1
100420300	FTH1P23
106480985	RN7SL233P
100271360	RPS15AP18
2499	FTH1P4
106479309	RN7SL239P
106479231	RN7SL16P
728873	PTMAP8
106481123	RN7SL737P
100533754	MARK3P3
729258	RPS11P6
100271485	RPL31P58
100873902	GK-AS1
106479529	RN7SL842P
100507524	ARHGEF26-AS1
106479412	RN7SL519P
201617	LINC00870
106479387	RN7SL452P
107075305	MTND4LP14
100271620	RPL23AP66
100132372	RPS10P28
106479534	RN7SL861P
100128888	RPSAP36
100874112	CCDC39-AS1
100421376	HNRNPA1P17
285194	TUSC7
692312	PPAN-P2RY11
100174857	GSTA9P
100129867	RPL30P14
106481074	RN7SL558P
106481089	RN7SL614P
728005	AGAP13P
100271487	RPL31P61
100887754	LINC00359
106479326	RN7SL285P
283480	FGF14-IT1
148713	PTPRVP
106480695	RN7SL738P
6034	RN7SL8P
106479519	RN7SL815P
106480736	MCCC1-AS1
106479284	RN7SL173P
106480959	RN7SL141P
100271632	RPL35AP32
100887750	MRPS31P5
653236	RPL23AP49
26644	OR7E29P
645160	RPL5P30
106481024	RN7SL370P
106480999	RN7SL284P
114657	COX7BP1
100271364	RPS18P13
27160	INGX
100271226	RPL7P51
100271031	UBA52P5
100271263	RPS6P21
93948	RPS23P1
643003	RPS26P28
140870	WFDC6
106480967	RN7SL172P
101928022	LINC01214
106479356	RN7SL364P
106479527	RN7SL838P
106480374	RN7SL282P
727984	RPL17P22
100270924	RPL12P24
100271630	RPL35AP26
339894	LINC00880
106479415	RN7SL526P
106481148	RN7SL834P
100862854	MTND5P16
729097	RPS4XP14
100131173	RPS29P12
648217	RPL37P23
100131087	RPLP1P11
106480487	RN7SL105P
100271444	RPL21P116
100271452	RPL21P127
729798	RPL23AP63
729042	RPL29P3
106480492	RN7SL181P
113157	RPLP0P2
100421829	EEF1A1P10
100316868	HOTTIP
202459	OSTCP1
106481752	RN7SL78P
79540	OR7E89P
100270852	RPL7P18
106479524	RN7SL832P
100131176	WDR86-AS1
646085	PSMC1P7
106479235	RN7SL30P
106479444	RN7SL610P
100874029	CFAP44-AS1
106479248	RN7SL67P
106480986	RN7SL236P
106481055	RN7SL487P
106481010	RN7SL320P
319129	RPSAP5
106481040	RN7SL430P
339881	EIF4BP8
100287227	TIPARP-AS1
100271550	RPS12P21
106479335	RN7SL308P
106479472	RN7SL684P
440027	RPL23AP65
106479371	RN7SL402P
391559	VTI1BP1
100216341	RPS24P17
100271007	RPL35P6
692099	FAM86DP
106480376	RN7SL424P
401232	LINC01011
106480529	RN7SL735P
100271076	RPS18P6
100270841	RPL5P24
326278	RPL13AP2
107080636	RN7SL417P
100421499	MARK2P17
100271229	RPL9P33
391777	RPS4XP6
100271566	RPS20P35
106479399	RN7SL483P
100128140	RPS4XP17
106479313	RN7SL250P
106481061	RN7SL508P
552891	DNAJC25-GNG10
285359	PDCL3P4
100874077	ATP1B3-AS1
103695433	LINC01322
100271549	RPS12P20
100422247	CYP4F34P
105377105	FLNB-AS1
5487	PPIAP15
104502416	FOXP1-AS1
106479253	RN7SL81P
402133	OR7E121P
100421506	ILF2P1
100128115	RPL26P35
107075319	RN7SL151P
106479442	RN7SL604P
106479269	RN7SL130P
339044	PKD1P1
106479440	RN7SL597P
100874005	SIAH2-AS1
100271498	RPL34P22
729215	RPL32P29
107161154	PGBD4P1
347694	ECEL1P2
100873992	ITGB5-AS1
106480491	RN7SL168P
101927167	GATA2-AS1
107126360	AOX3P
101928790	PEX5L-AS2
106481031	RN7SL395P
106479500	RN7SL762P
106481143	RN7SL814P
106481863	RN7SL845P
106481032	RN7SL398P
106481753	RN7SL145P
100270979	RPL30P7
648000	RPL7P23
100873744	PFN1P8
80052	RPS2P45
105377108	FAM3D-AS1
106479354	RN7SL359P
106481013	RN7SL330P
106480990	RN7SL251P
106481836	RN7SL314P
106479319	RN7SL268P
100271495	RPL34P21
2025	ENO1P1
101928492	OR2A1-AS1
441775	RPL18P13
100419903	RWDD4P1
100874101	HDAC11-AS1
106479267	RN7SL125P
391589	KRT18P34
101927992	LINC01213
4954	ODCP
106144538	KCNK15-AS1
100271303	RPL30P11
103344930	LINC01391
731688	RPL21P120
643550	RPL12P33
100874008	WNT5A-AS1
106481128	RN7SL756P
102724827	MIATNB
106479368	RN7SL396P
100128469	SNRPCP3
106480498	RN7SL280P
100287639	MTHFD2P1
106479487	RN7SL724P
106479242	RN7SL47P
389141	RPSAP29
436	ASLP1
106480490	RN7SL153P
100132722	RPL15P21
100129387	GABPB1-AS1
107075130	MTCYBP18
100507300	ALKBH3-AS1
100506495	LIFR-AS1
729678	LINC00847
255130	IGFBP7-AS1
144571	A2M-AS1
100506020	ARAP1-AS2
101927612	RNF139-AS1
100130231	LINC00861
100421854	EEF1A1P4
100499227	USP2-AS1
386627	SAP30L-AS1
101928646	ARNTL2-AS1
101929765	LINC01585
101928784	RORA-AS1
728769	SCAMP1-AS1
497258	BDNF-AS
100506068	DACT3-AS1
100506660	DDX11-AS1
643911	CRNDE
101056700	NADK2-AS1
145837	DRAIC
101928989	MIR4300HG
100505648	RAD51-AS1
101927074	LINC00682
641638	SNHG6
644873	LINC01184
112163642	LINC01513
100862662	ALDH1L1-AS2
285548	LINC01096
283143	LINC00900
100289388	KCTD21-AS1
388011	LINC01550
727677	CASC8
283104	SBF2-AS1
340037	PRR7-AS1
101929402	EXTL3-AS1
286190	LACTB2-AS1
100507632	LINC00968
100652846	CACNA1C-AS1
100506451	RASSF8-AS1
503569	RGMB-AS1
100505678	STARD4-AS1
100128285	DNM1P35
100505865	LINC00920
144481	SOCS2-AS1
100499183	BAALC-AS1
100506211	MIR210HG
338817	LINC01252
102723562	LINC01498
729013	ZBED5-AS1
100505738	MIR4458HG
729082	OIP5-AS1
100129960	SDCBPP2
100131067	CKMT2-AS1
100293090	MTND4P12
100507401	LRP4-AS1
100507266	STX18-AS1
100233209	PCED1B-AS1
644248	SNCA-AS1
644192	NR2F2-AS1
106480725	HMGN1P12
100533182	SEC24B-AS1
283663	LINC00926
106144539	FOXD1-AS1
100506668	NRAV
285512	FAM13A-AS1
100652772	NNT-AS1
107133516	SMURF2P1
404663	LINC01194
392209	HSPA8P11
2601	GAPDHP60
728081	LINC00290
100874024	TRPC7-AS1
100420203	CICP16
100505893	SLIT2-IT1
100861517	OCIAD1-AS1
653492	PSG10P
100507602	TRIM52-AS1
100128010	SUMO2P17
101059988	BNIP3P41
641365	LINC00616
101929423	MEF2C-AS1
100505994	LUCAT1
440253	WHAMMP2
100359397	HSPD1P18
201853	LINC00504
100419062	FOSL1P1
105377446	LINC00498
729403	GAPDHP61
101927233	SEMA6A-AS1
56120	PCDHGB8P
100288486	DDX11L9
654790	PCP4L1
100873955	LNX1-AS2
389652	ASNSP1
106480796	MTATP6P1
100309464	OTX2-AS1
101929495	LINC01339
100506475	EGFLAM-AS2
106480721	PRYP6
100861519	GDNF-AS1
171220	DSTNP2
100420028	HSPA8P4
100131743	GAPDHP40
171559	HMGA1P2
728342	LINC00992
100874002	OXCT1-AS1
285407	ALG1L9P
100526664	LY75-CD302
104310351	LINC01331
100689073	ARHGAP22-IT1
594842	HAS2-AS1
101927186	ADGRL3-AS1
152742	LINC01085
348808	NPHP3-AS1
152709	ARL4AP2
286189	C8orf34-AS1
100505545	LINC01095
105377532	APOBEC3AP1
102577424	LINC01574
100420450	SERBP1P6
646576	HHIP-AS1
100419947	HMGB1P21
100419070	NUP210P3
100506169	MTND5P11
100418744	KRT8P46
100874516	LAMTOR3P2
2510	FTH1P21
100289662	COX6B1P5
101290501	TBCAP3
359806	PCNAP1
148898	ZNF436-AS1
106479028	AIG1P1
106478943	MTND6P4
285647	SUDS3P1
100418943	PRDX2P3
100506229	LINC01093
100421823	ENPP7P1
107075297	MTND3P25
729493	GAPDHP38
485	ATP1B1P1
1011	CDH12P2
643714	CASC16
107133524	PARP4P3
441032	EEF1A1P9
400084	LINC00939
100419185	PDLIM1P4
728931	AMD1P3
100422642	SLC25A15P5
100462797	FTH1P24
101928176	LINC01411
100505875	LINC01088
100874530	APOBEC3B-AS1
79297	OR5H5P
101929082	LINC01333
100507584	LINC01016
100885776	UGDH-AS1
100422243	NPM1P27
100270680	CASC11
401164	LINC01060
101805492	CASC9
107986136	IL20RB-AS1
103689846	ADAMTS19-AS1
106480724	MLLT10P2
285419	LINC01091
100132580	RBMXP4
101927134	LINC01470
642954	RBBP4P1
101929743	LINC01586
100874117	EGFLAM-AS1
101928776	LINC01258
100506465	LINC01234
442112	SERBP1P5
100507267	LINC01187
100874439	HMGN1P13
100874366	HOXC13-AS
79273	OR7E94P
359775	MRPS33P2
317648	NOP14-AS1
100506564	THEGL
100506462	SRD5A3-AS1
100421805	ENPP7P10
100873956	EAF1-AS1
106481786	SNRPCP13
102467074	LINC01377
157381	LINC00964
100421136	PGBD4P3
105379054	VCAN-AS1
646723	KRT18P31
100421796	EEF1A1P19
391630	OR7E83P
100874374	ARHGEF38-IT1
106480789	ALG1L11P
100507530	MCPH1-AS1
109729114	BRD9P2
101926904	LINC01265
642958	HNRNPA1P55
442775	RAC1P2
7495	XBP1P1
100131440	CDC42P4
101290504	YWHAQP6
85003	BFSP2-AS1
10356	HMGB1P3
401136	TMPRSS11BNL
641364	SLC7A11-AS1
100421861	CBX3P3
100873193	MTND4P9
255167	LINC01018
642797	DNAH10OS
100874247	ANKRD33B-AS1
253962	CACNA1G-AS1
100419074	AK3P2
100874364	HOXC-AS2
100526693	ARPC4-TTLL3
100873272	MTND5P13
100873940	MYLK-AS2
133283	EEF1A1P13
100874441	HMGN1P15
440119	FZD10-AS1
100131828	CIR1P2
100874204	ALDH1L1-AS1
100289133	KRT8P32
353511	PKD1P6
100996538	CCDC74BP1
101928223	LINC01612
106480732	PSMC1P5
100421096	NCAPGP1
101926926	RDH10-AS1
100885866	MRPS31P4
105377595	RPSAP70
100506035	LINC00989
106480291	SNRPCP16
100507043	TUNAR
729249	KLHL2P1
729522	AACSP1
100130017	FTLP10
106144530	LINC01332
100874363	HOXC-AS1
147172	LRRC37BP1
100873913	DUTP7
100506330	WBP1LP2
137012	PPM1AP1
373159	STK19B
100418737	KRT8P33
100420307	NTAN1P2
101927659	SMAD1-AS2
100506791	LINC01511
168330	PRSS3P1
100505845	ROPN1L-AS1
100128183	PABPC1P7
100874385	HNRNPKP5
105377617	LINC01596
285708	LINC00491
100526761	CCDC169-SOHLH2
653758	TPM3P6
101928971	LINC01262
101927007	LINC01365
100505806	SNHG18
100874443	HMGN1P17
100421097	ALG1L12P
728723	ZBED3-AS1
100144602	EPHA5-AS1
379013	RNF138P1
389322	HNRNPKP1
104326058	SMAD1-AS1
54570	UGT2B26P
379034	LINC01181
100873939	LNX1-AS1
645256	GAPDHP66
100421806	ENPP7P11
100861468	LINC00492
2749	GLUD1P3
100505616	SNHG21
102723356	ZFPM2-AS1
101927455	TMEM108-AS1
100128961	GAPDHP62
100874259	SLC25A30-AS1
101927813	HMMR-AS1
100499177	THAP9-AS1
28878	IGKV2D-40
100421363	ANKRD20A17P
100422445	NUDT19P5
642826	BMS1P2
101928734	WWC2-AS1
100874365	HOXC-AS3
285441	F11-AS1
103752589	TMEM92-AS1
619351	LINC00589
91948	LINC00923
100418736	GOLGA5P1
103689917	LINC01337
731424	MIR3945HG
100131775	PSMA2P2
2964	GTF2F2P1
100616446	ERVH-1
100422635	SLC25A15P3
106481732	CAB39P1
100132036	NDUFB4P2
118425	PCAT4
152905	RTN3P1
100359396	HSPD1P11
100526694	MSANTD3-TMEFF1
152641	WWC2-AS2
100874047	LINC00499
100271093	RPS23P5
100506305	LINC00958
107075126	MTCYBP16
100505532	LINC01301
541	ALDH7A1P1
389633	FAM90A25P
107075183	MTCO3P27
100505702	LINC01094
100873220	MTND1P19
102524628	RASGRF2-AS1
106481734	GTF2IP9
728921	HAUS1P1
132241	RPL32P3
26645	OR7E28P
5483	PPIAP11
101928656	LINC01099
100131366	LINC00605
100873257	MTND5P12
100421072	COQ10BP2
100419950	HMGB1P35
101927565	LINC01267
28566	TRBV21-1
104384744	TET2-AS1
3031	HADHAP1
100419158	SETP12
101410545	STPG2-AS1
100887746	UNC93B7
106480741	ZNF346-IT1
100421311	BRCC3P1
348926	FAM86EP
54569	UGT2B27P
106481495	RNU6-998P
100873336	RNA5-8SP6
100151656	RNU7-61P
106480203	RNU2-13P
106479071	RNU7-123P
106479091	RNU7-175P
106481513	RNU6-1053P
106479072	RNU7-124P
106481158	RNU4ATAC11P
106481181	RNU4-29P
100873477	RNA5SP217
106479733	RNU6-377P
106480081	RNU6-1170P
100873275	RNA5SP20
100147834	RNU7-47P
106479656	RNU6-202P
107105253	RNU6-322P
106479824	RNU6-583P
106479556	RNU6ATAC32P
106481656	RNU2-69P
100873826	RNU5F-2P
106480217	RNU2-45P
100151672	RNU7-75P
106481187	RNU4-49P
100151676	RNU7-79P
100151681	RNU7-84P
106481343	RNU6-513P
100873476	RNA5SP216
106480069	RNU6-1143P
106480124	RNU6-1278P
106481525	RNU6-1095P
106481527	RNU6-1102P
107105262	RNU1-41P
106481601	RNU6-1333P
106480077	RNU6-1161P
106481866	RNU4ATAC18P
100873442	RNA5SP180
100147836	RNU7-49P
106481642	RNU2-27P
100873577	RNA5SP303
106481802	RNU7-154P
106481643	RNU2-30P
106480409	RNU6-1262P
106480089	RNU6-1196P
106480125	RNU6-1281P
106480314	RNY4P37
106479218	RN7SKP276
106481309	RNU6-415P
106481327	RNU6-469P
106481266	RNU6-277P
106481768	RNU6-346P
106479971	RNU6-917P
106479651	RNU6-191P
106481634	RNU1-143P
106480569	RNU6-313P
106480025	RNU6-1045P
106480610	RNU6-795P
106480650	RNU6-1225P
106480686	RNY3P16
106481561	RNU6-1206P
106479005	RNA5SP315
100313780	MIR2278
106481331	RNU6-479P
100873535	RNA5SP282
106479885	RNU6-720P
100147766	RNU7-18P
100147827	RNU7-40P
107080628	RNU1-48P
106479017	RNA5SP473
106481652	RNU2-58P
106480626	RNU6-977P
100147761	RNU7-13P
106479208	RN7SKP253
106479583	RNU4-54P
100147746	RNU7-3P
100873325	RNA5SP92
106480212	RNU2-35P
106481865	RNU4ATAC12P
100873713	RNA5SP470
106481523	RNU6-1089P
106481623	RNU1-103P
106480839	RN7SKP21
6086	RNY4
106481602	RNU6-1337P
106478987	RNU6-62P
106480033	RNU6-1061P
106481960	RNU2-34P
106480921	RN7SKP287
106479618	RNU6-118P
100873687	RNA5SP438
100873648	RNA5SP395
106481340	RNU6-504P
106481278	RNU6-314P
106481383	RNU6-638P
106480009	RNU6-1004P
106481816	RN7SKP195
100147751	RNU5B-3P
106481208	RNU6-100P
106480572	RNU6-344P
100873433	RNA5SP168
106479614	RNU6-107P
100873684	RNA5SP434
107057644	RN7SKP70
106479085	RNU7-160P
106481351	RNU6-539P
106479654	RNU6-197P
106479622	RNU6-126P
100873365	RNA5SP33
106480630	RNU6-1016P
100873768	RNU6-63P
106479802	RNU6-531P
106478999	RNA5SP206
100873316	RNA5SP82
100873841	RNU5D-2P
106481585	RNU6-1282P
106479902	RNU6-759P
106481276	RNU6-307P
107063540	RNU6-914P
106866915	RNU1-125P
100147815	RNU7-28P
106480643	RNU6-1153P
106481935	RNU6-1098P
100422847	MIR514B
106481555	RNU6-1191P
106479923	RNU6-807P
106479554	RNU6ATAC24P
100873723	RNA5SP481
106481876	RNU6-122P
106479931	RNU6-826P
100873521	RNA5SP268
106479865	RNU6-678P
106480066	RNU6-1136P
106480860	RN7SKP88
106481429	RNU6-786P
100873694	RNA5SP449
106480815	RNU7-110P
106479561	RNU11-2P
106480869	RN7SKP116
100873645	RNA5SP392
106481395	RNU6-677P
106480824	RNU7-151P
106481919	RNU6-850P
100151667	RNU7-70P
106479629	RNU6-143P
106479876	RNU6-703P
106479822	RNU6-577P
106479137	RN7SKP96
106480210	RNU2-31P
106481451	RNU6-856P
106481287	RNU6-341P
100147759	RNU7-11P
106479737	RNU6-388P
106481943	RNU6-1212P
100873372	RNA5SP101
106480218	RNU2-46P
100873849	RN7SKP5
106480575	RNU6-375P
106481361	RNU6-570P
100873531	RNA5SP278
106480439	RNA5SP312
106480894	RN7SKP197
106479756	RNU6-430P
106481354	RNU6-548P
106479868	RNU6-685P
106479915	RNU6-789P
106479903	RNU6-762P
106479728	RNU6-365P
106481566	RNU6-1223P
100873543	RNA5SP290
106479963	RNU6-897P
106481595	RNU6-1314P
100873732	RNA5SP490
100873430	RNA5SP165
106480912	RN7SKP258
106480405	RNU6-1028P
106480436	RNA5SP70
106480368	RN7SKP234
106479644	RNU6-176P
106479221	RN7SKP283
106480852	RN7SKP64
106479113	RN7SKP40
106480107	RNU6-1238P
100873286	RNA5SP47
106479093	RNU7-181P
106479785	RNU6-494P
106479135	RN7SKP92
106480696	RNU4ATAC17P
106479804	RNU6-537P
100873441	RNA5SP179
101927487	LINC01609
28810	IGLV2-34
28766	IGLVI-56
28380	IGHV7-56
28416	IGHV3-62
100505659	LINC00967
28798	IGLV3-17
100507420	LINC01605
28413	IGHV3-65
28818	IGLV2-5
28763	IGLVI-70
28406	IGHV3-76
100507435	DLGAP2-AS1
28463	IGHV1-67
100419614	MIOXP1
100507651	LINC01606
100128126	STAU2-AS1
497634	LINC00293
28382	IGHV7-34-1
644660	RAD21-AS1
100422265	SUMO2P19
28789	IGLV3-30
28790	IGLV3-29
100874052	LINC00534
101410536	EVX1-AS
28441	IGHV3-25
28806	IGLV3-6
28812	IGLV2-28
102724035	NDUFA5P2
100505739	LINC01603
3530	IGKV1OR22-1
100093624	CDH12P3
100128541	ATP6V1G1P2
107075127	MTCYBP19
100873896	HMGB1P41
729375	FAM86HP
442388	SDR16C6P
28421	IGHV3-52
100996348	CA3-AS1
285943	HOXA-AS2
101409258	OSGEPL1-AS1
100506237	NKX2-1-AS1
286140	RNF5P1
28801	IGLV3-13
731779	LINC01300
100421384	HNRNPA1P38
106144529	GRPEL2-AS1
101060005	SOD1P3
100192378	ZFHX4-AS1
100418887	TAGLN2P1
101928136	LINC01484
28847	IGKV2OR22-4
3498	IGHEP1
104266957	KBTBD11-OT1
28462	IGHV1-68
28470	IGHV1-14
100507316	MINCR
286184	LINC01289
100506365	OTUD6B-AS1
106481281	RNU6-323P
28417	IGHV3-60
3505	IGHGP
28453	IGHV3-6
646405	TPTE2P1
100288659	ZNF317P1
101937451	LINC01030
103724389	LINC01170
100462850	COX6B1P4
28824	IGLV1-41
28794	IGLV3-24
28819	IGLV1-62
100128062	SLC2A3P1
157376	FER1L6-AS2
101927459	LINC01608
28446	IGHV3-19
105379219	FAM85B
28366	IGHVII-44-2
103021164	CASC21
28415	IGHV3-63
100874456	HIGD1AP18
28443	IGHV3-22
100271196	RPL31P40
100128627	CDC42P3
100856811	NRG1-IT1
106479038	ALG1L13P
106479037	ALG1L10P
3499	IGHEP2
106480443	PKMP4
3540	IGLC4
3541	IGLC5
28469	IGHV1-17
100874286	NRG1-IT3
28411	IGHV3-71
286186	LINC01299
399495	SLC2A3P4
100873237	MTND2P32
28922	IGKV2-26
100128750	RBPMS-AS1
84096	IGLCOR22-1
106478942	MTND6P3
28926	IGKV2-18
103021165	CASC19
100873831	RNU5A-3P
28471	IGHV1-12
28407	IGHV3-75
391850	RPL7AP33
101928154	LINC01485
28888	IGKV2D-18
28427	IGHV3-42
100507125	ERHP1
101927774	LINC00824
728638	KRT8P3
28435	IGHV3-32
392267	IMPDH1P6
28383	IGHV7-27
100093625	CDH12P1
104326051	MAFA-AS1
28886	IGKV2D-23
100133311	HOXA-AS3
100130155	MIR124-2HG
106481788	MTND6P19
157667	MYL12AP1
28393	IGHV4-55
643637	GLYATL1P4
386593	CHKB-CPT1B
100528019	HSPB2-C11orf52
449645	SF3A3P2
100874014	NAV2-AS2
100528016	TMX2-CTNND1
5769	PTP4A2P2
100418837	PHBP2
106480230	ENPP7P12
103695435	BBOX1-AS1
101928536	LINC01493
81176	OR7E126P
286102	TMED10P1
399876	NAV2-AS4
100422558	SMG1P6
220906	WAC-AS1
105369550	STT3A-AS1
348156	PKD1P5
100507392	SENCR
403296	OR7E154P
100129933	GLYATL1P2
440067	CASP1P2
729561	NAP1L1P1
106660614	EGLN1P1
100529251	CKLF-CMTM1
106478978	FAR1-IT1
2228	FDPSP4
105369316	SLC25A47P1
767557	SYS1-DBNDD2
100852405	RNF185-AS1
106479051	NDUFA3P2
493900	TMEM9B-AS1
100532737	ATP6V1G2-DDX39B
104326192	PTPRJ-AS1
100874015	NAV2-AS1
100873981	ANO1-AS1
100874251	KIRREL3-AS2
106481729	C1DP5
100462788	FTLP6
100874307	RSF1-IT2
100534593	STX16-NPEPL1
26592	OR8B5P
100422598	SDHCP4
100127960	BCAS2P1
100132923	FAM66D
106480295	PDCL2P2
100528017	SAA2-SAA4
386607	ZFP91-CNTF
100873989	GRM5-AS1
81230	OR5AK1P
399959	MIR100HG
101927828	OVOL1-AS1
100532732	MSH5-SAPCD1
100874358	RNY1P9
106480257	HSPE1P18
102723644	LINC01499
100129032	GLYATL1P1
100419945	TRIM51DP
735301	SNHG9
100129067	NPM1P35
646378	DDX18P5
100130043	SETP17
347702	MRPS36P4
768086	TREHP1
100533181	FXYD6-FXYD2
100874305	NAV2-IT1
730013	ABCC6P2
100288077	WTAPP1
100421860	ENPP7P8
102723378	LINC01495
107075265	MTCO1P15
255480	TBX5-AS1
100874308	RSF1-IT1
103581031	CASC23
55096	EBLN2
100874457	CASP1P1
101409254	LINC00681
100528064	NEDD8-MDP1
81343	OR10V2P
107133511	ENPP7P6
79136	LY6G6E
286103	ZNF252P-AS1
103091865	BRWD1-AS2
254559	MIR9-3HG
54661	PCDHB17P
341315	PABPC1P4
84983	FAM222A-AS1
100873980	RERG-AS1
100874053	JRKL-AS1
101928340	LINC01489
100885789	IFNG-AS1
100130776	AGAP2-AS1
101927922	LINC01479
100499563	PTP4A1P2
347265	KRT8P11
100506649	PXN-AS1
100874249	DENND5B-AS1
100420792	NDFIP1P1
4498	MT1JP
101927540	TOMM20P2
643668	PSMC1P9
100874075	ARAP1-AS1
338413	TAS2R63P
100874234	CACNA1C-AS4
100873792	CBX3P4
645328	MRPL40P1
3	A2MP1
102606463	LINC01152
387895	LINC00944
103752584	CCND2-AS1
100127952	ATF4P4
100862680	LINC00507
100874369	CACNA1C-IT2
100131733	USP30-AS1
100874235	CACNA1C-AS2
338412	TAS2R64P
100420678	CCDC150P1
100288339	NDUFA5P6
22970	RPL41P2
653190	ABCC6P1
28681	TRAV8-5
100422666	YWHABP2
101928200	MRGPRF-AS1
100129361	SMIM10L1
101928138	LINC01486
100009676	ZBTB11-AS1
649159	LINC00273
100874290	RERG-IT1
100129641	BTG1P1
100874370	CACNA1C-IT3
101928290	PLBD1-AS1
388327	C17orf100
100421480	TPT1P12
107984540	CACNA1C-IT1
895	CCND2P1
100128127	ADGRA1-AS1
100130074	KRT17P8
104472718	LINC00508
401911	RPL29P33
100507066	CLIP1-AS1
100130631	EEF1B2P4
100131998	RRN3P3
103695363	FOXG1-AS1
100132594	PGAM1P5
100128191	TMPO-AS1
389715	FAM205BP
100129739	DYNLL1P4
256021	LINC01619
494150	PHBP19
100422960	MIR3179-1
10778	ZNF271P
729610	FAHD2P1
102606462	PRELID2P1
106144575	LINC01154
100127967	KRT73-AS1
729602	NPIPB1P
100423006	MIR3179-3
100529097	RPL36A-HNRNPH2
26628	OR7E47P
100873924	HLX-AS1
2951	GSTP1P1
101927324	LINC01475
101101773	LINC00609
101055625	OVCH1-AS1
101927081	MIR4307HG
379025	PSMA3-AS1
100462830	EIF4A1P12
151534	LBX2-AS1
101928420	LINC01490
93432	MGAM2
401718	OR5BK1P
144638	ST13P3
729409	C1GALT1P1
100421413	HNRNPA3P10
101929110	CASC18
401717	EEF1A1P17
100421694	GLULP5
104355219	LHX5-AS1
100533970	P2RX5-TAX1BP3
106481967	NOP56P3
100422374	QRSL1P3
106480680	SNRPGP18
106480199	RPL3P13
282790	OR5BT1P
100286844	BCDIN3D-AS1
400058	MKRN9P
100287369	HSPE1P4
100874189	NKX2-2-AS1
7628	ZNF75BP
283404	LINC00592
100874515	POLR2KP1
101928244	TESC-AS1
326613	NUTF2P2
100133321	KLF17P1
100422870	MIR3180-1
654427	PCNPP1
105369729	ZNF970P
100532746	PPT2-EGFL8
326611	NT5CP2
112846	RBM8B
283624	LINC00641
319128	PPIAP6
283553	LINC00640
326269	SRMP2
145200	LINC00239
326609	NT5CP1
317687	BANF1P1
100874185	FRMD6-AS2
101928969	RHOXF1-AS1
100419930	CENPUP2
100505967	LINC00645
101730217	SPECC1L-ADORA2A
79322	OR4N1P
319093	RHOQP1
326315	PTTG4P
102723742	LINC01500
283592	FAM181A-AS1
445372	TRIM6-TRIM34
606	NBEAP1
105370578	LINC01629
145370	RPL21P7
319098	COX7A2P1
641613	RPL21P5
100529063	BCL2L2-PABPN1
100529257	SYNJ2BP-COX16
326300	HSPE1P2
100144604	LINC00930
326105	UBE2CP1
84837	ARHGAP5-AS1
104355139	LINC01397
727914	BMS1P16
103695436	LINC01269
390483	SALL4P7
100506412	LINC00871
196872	LINC00638
100506157	SRP54-AS1
100129794	SLC25A21-AS1
348120	LINC01193
646243	CXADRP2
100507118	PRC1-AS1
283682	LINC01579
5907	RAP1AP
414130	NANOGP7
100750246	HIF1A-AS1
100506172	LINC01568
101927129	LINC01580
645687	LINC00520
100131369	DUX4L27
390352	EEF1A1P33
283587	LINC01146
326295	EIF4EBP1P1
2227	FDPSP3
100874477	HIGD1AP17
326277	SETP2
317767	SCOCP1
105370445	EGLN3-AS1
319133	HNRNPCP1
100431177	BHLHB9P1
400236	FOXN3-AS1
100418877	KRT18P7
104548971	SALRNA1
161342	LINC00519
106480682	GTF3AP2
100036574	HMGN1P3
101928559	LINC01467
106479036	EIF1AXP2
100533179	UBE2F-SCLY
100533496	TVP23C-CDRT4
100526835	FPGT-TNNI3K
319114	ENSAP2
100526836	BLOC1S5-TXNDC5
326603	MTCO1P2
319134	HNRNPUP1
503630	DUXAP1
326614	PEBP1P1
283547	LINC00639
400208	LINC00517
100996280	LINC00911
102725176	LINC01595
105751187	LRP1-AS
100506433	LINC00648
145820	LINC00924
101954204	LINC00644
503519	LINC00929
353163	CAP2P1
646096	CHEK2P2
317760	ADAM20P1
319099	DDX18P1
326607	NMNAT1P1
404718	GNRHR2P1
106481795	HMBOX1-IT1
441733	PRKXP1
106480235	HNRNPA1P62
729911	ANKRD34C-AS1
441736	GOLGA8VP
106480791	HMGN2P47
100130855	USP3-AS1
106480806	NDUFA3P4
107080639	ANKRD62P1
101929478	LINGO1-AS2
100652749	SPATA8-AS1
728121	CSPG4P12
100129631	IGHV2OR16-5
100874186	PLCB2-AS1
283693	ACTG1P17
81109	OR11K1P
100528021	ST20-MTHFS
100287128	IGHV1OR15-2
101929655	TMC3-AS1
283688	LINC00927
107075247	NDUFB4P11
100132724	DCAF13P3
107075254	MTND5P32
100128012	ISCA1P4
100132101	HERC2P7
646956	HNRNPCP3
100134869	UBE2Q2P2
102723320	CERS3-AS1
101927631	ADNP-AS1
283692	CPEB1-AS1
653381	SORD2P
100996876	RORA-AS2
28318	IGHV3OR15-7
100505679	UBE2Q2L
360184	CYCSP38
101929690	LINC01583
101928442	LINC01491
100128974	RBM17P4
390572	PRELID1P4
101927332	LINC01582
645693	EEF1A1P22
100216517	DNM1P38
104472713	PCAT29
283687	ST20-AS1
107075182	MTCO3P23
644761	PIGHP1
100216544	DNM1P47
253044	LINGO1-AS1
107075131	MTCYBP23
100506686	IQCH-AS1
731223	LINC01220
692147	HMGB1P8
414926	LINC00593
100131623	NUTF2P6
105370683	LINC00677
100631254	CSPG4P11
100506874	LINC00933
101926895	CRTC3-AS1
100419866	ZNF444P1
100507046	HSPE1P3
100421148	NCAPGP2
105371027	PCSK6-AS1
283486	LINC00567
283914	LINC01566
28301	IGHV3OR16-16
390561	HERC2P10
440375	RAB43P1
100287216	SH3RF3-AS1
101928363	EHD4-AS1
107133499	CYP4F33P
100418951	ACTG1P15
644390	HNRNPLP2
102724866	NDUFA5P11
283888	IL21R-AS1
101929196	THSD4-AS1
140828	LINC00261
28312	IGHV1OR16-4
390729	RPL10P14
100506655	LCMT1-AS2
100194426	BCAP31P2
101927364	LINC01571
255180	GOLGA2P11
728806	NSFP1
101928736	MIR762HG
1596	ADAM3B
101928698	LINC01070
90586	AOC4P
727915	AGBL1-AS1
100288380	ULK4P2
100302666	CSPG4P13
101928611	LINC01413
105370731	PWRN4
100507303	SNHG19
100505619	LINC00919
100526831	SLX1B-SULT1A4
101927102	ITFG1-AS1
650474	TPSP2
283738	NTRK3-AS1
9384	COX6CP1
101926950	LINC01570
80072	HEXA-AS1
147429	AQP4-AS1
100861549	LINC00562
101929387	LMF1-AS1
100996669	LINC01544
100289092	ATP2A1-AS1
102723510	LCMT1-AS1
106480804	TPRKBP2
729177	NBAT1
100506581	C16orf95
100462794	FTLP14
106144584	LINC01290
101929701	LINC01584
645094	MYL12BP1
102216268	CISTR
653557	BMS1P8
100996541	FAM157C
791115	PWRN2
100421724	BNIP3P5
102723647	RPL23AP97
103344929	BGLT3
197187	SNAI3-AS1
388254	HERC2P5
100505776	LINC01541
106635536	RN7SKP176
100421431	HNRNPA3P11
100132234	LINC00543
101928276	LINC01227
101928840	PWRN3
100421779	ACSM5P1
390732	CES1P2
100507549	HMGB3P32
101059920	FRG2HP
101928248	LINC01229
100132529	TAT-AS1
283854	CASC22
100287559	ADPGK-AS1
100861555	LINC00565
100652736	LINC01311
100505692	FTO-IT1
644242	LINC00622
103752587	FOXC2-AS1
101927957	LINC01572
645638	WFDC21P
727964	C2orf69P1
101927155	LMO7-AS1
400406	ADAMTS7P3
376412	RNF126P1
106480333	SULT1C2P2
100194425	BCAP31P1
89838	ULK4P1
100996511	LINC01355
106456574	LINC01616
100652740	PYCARD-AS1
100128881	VPS9D1-AS1
646278	PDCD6IPP2
102467146	MAFTRR
100529145	TEN1-CDK3
100131777	DPPA2P4
100128822	LINC01003
606551	UBE2MP1
100288730	PAN3-AS1
100861547	LINC00566
284215	DLGAP1-AS5
100506060	SMG1P7
124199	EEF1A1P38
145989	FSCN1P1
100996738	HERC2P11
440366	HERC2P8
101929222	DISC1FP1
101927726	BEAN1-AS1
102724097	TTC39A-AS1
100505583	LINC00838
28315	IGHV1OR16-1
727701	LINC00165
100132100	DNM1P32
146481	FRG2DP
146336	SSTR5-AS1
645355	MIR3976HG
102724018	FRG2KP
283867	LINC00922
100287616	LOXL1-AS1
197331	TUBB8P7
148189	LINC00662
28300	IGHV3OR16-15
100313532	MFSD1P1
101928991	CCDC92B
100507419	MMP25-AS1
84777	DLGAP1-AS2
780852	SNORD3B-2
84054	PCDHB19P
107075169	MTCO1P28
100130566	EIF1P4
440396	HNRNPA1P16
100129781	MIR193BHG
100507501	LINC01569
261735	TVP23CP2
100421621	FAM187B2P
124974	TXNP4
100996930	LINC00621
100873752	PHBP15
101926896	GLIS2-AS1
360185	CYCSP40
147646	C19orf84
107075172	MTCO1P40
100533619	TMPOP2
245	ALOX12P2
100507357	RPL23AP86
727758	ROCK1P1
100507458	ZNF213-AS1
644397	LRRC37A17P
100287461	MTND1P8
388363	RPS7P1
202020	TAPT1-AS1
100616306	MIR378H
91219	ABHD17AP5
101101775	TMEM220-AS1
100616276	MIR4538
106481051	RN7SL471P
106481111	RN7SL689P
100996567	ANTXRLP1
100847086	MIR5699
100616321	MIR378G
206	AK4P1
23666	UBBP4
100616288	MIR4665
102723641	HID1-AS1
100500865	MIR3936
106481020	RN7SL353P
101927323	PPP4R1-AS1
100616274	MIR4802
106479394	RN7SL470P
100847010	MIR5581
100423023	MIR3197
100500811	MIR3621
100616269	MIR4639
201477	DLGAP1-AS3
6030	RN7SL4P
339290	LINC00667
106479405	RN7SL498P
100616229	MIR4473
106481842	RN7SL426P
100616479	MIR4635
728599	CIAPIN1P
100616420	MIR4744
100616204	MIR4729
100616147	MIR4769
100506787	LINC01543
100505576	LINC00672
101410534	DLGAP1-AS4
100847033	MIR4436B2
100422656	EEF1DP7
100616112	MIR4793
100846995	MIR5000
100873345	MTND2P13
106480301	TOMM20P3
106479532	RN7SL850P
106479362	RN7SL381P
106481108	RN7SL678P
100616304	MIR4499
100616429	MIR4672
106479446	RN7SL615P
106479506	RN7SL786P
100616469	MIR4429
106479346	RN7SL336P
106480485	RN7SL66P
104355133	ABHD15-AS1
100616210	MIR4737
100500820	MIR3655
100847075	MIR5685
100500829	MIR3943
644157	DND1P1
100616187	MIR4783
100847012	MIR5004
106481052	RN7SL474P
100616377	MIR4803
100421167	SCML2P1
106480381	RN7SL713P
100616143	MIR4763
100616253	MIR4762
100288998	MTND1P15
106481104	RN7SL665P
100422943	MIR3189
100506898	MAGOH2P
100847026	MIR5006
100616262	MIR4701
100616477	MIR4442
106479526	RN7SL835P
100422925	MIR4322
100616467	MIR4767
100616417	MIR4786
107074708	RN7SL657P
101927642	LINC01444
100847030	MIR548AT
107075224	MTCO3P13
100500872	MIR3911
100423020	MIR4258
106479441	RN7SL602P
100616116	MIR4648
100421734	NEK4P2
100422986	MIR3125
106866913	RN7SL431P
100616183	MIR4513
106480978	RN7SL208P
100422904	MIR3193
106479485	RN7SL718P
100616117	MIR4653
100616256	MIR4721
103504731	MIR3648-2
100616401	MIR4520-1
100616432	MIR4714
100847072	MIR5008
100423021	MIR4298
107048981	RN7SL731P
106479233	RN7SL25P
100847085	MIR5706
440423	SUZ12P1
100847035	MIR548AR
106479373	RN7SL405P
100500809	MIR23C
100423041	MIR4296
106479230	RN7SL15P
100847013	MIR5692B
106479342	RN7SL326P
100616222	MIR4487
106480957	RN7SL131P
100616237	MIR4640
100616482	MIR4685
106481851	RN7SL592P
100616434	MIR4755
106481122	RN7SL732P
101928001	PRKCA-AS1
100847051	MIR5194
100422896	MIR3140
106479301	RN7SL217P
101927150	L3MBTL4-AS1
100422908	MIR3129
503645	DPRXP4
102724246	TTC39C-AS1
100422957	MIR3131
100616157	MIR4772
100616164	MIR4420
5486	PPIAP14
100616422	MIR4537
100533725	ERVFRD-3
100616493	MIR4441
100652770	DSG2-AS1
106481975	RN7SL45P
100500908	MIR3613
266619	NOS2P4
106479306	RN7SL230P
100423011	MIR3138
100616441	MIR4474
6459	SH3GL1P2
400612	PRR29-AS1
100616359	MIR4730
106481042	RN7SL440P
100616395	MIR4789
106481094	RN7SL630P
100616123	MIR4436B1
414224	AGAP12P
106479317	RN7SL262P
106481092	RN7SL622P
100500842	MIR3652
100616358	MIR4800
100616414	MIR4761
106480989	RN7SL246P
100462792	FTLP12
100507410	C1QTNF1-AS1
100500904	MIR3942
100616125	MIR4731
100422936	MIR3153
106479469	RN7SL676P
106480976	RN7SL200P
100847019	MIR5687
106480377	RN7SL451P
100421589	LRRC37A7P
100847029	MIR5003
94151	CDRT8
100423019	MIR4307
100616132	MIR4728
100422971	MIR4312
100616343	MIR4677
100423043	MIR4269
100423039	MIR3132
106479477	RN7SL693P
503640	ARGFXP2
101927728	LINC01476
106480693	RN7SL199P
100422965	MIR4263
106481035	RN7SL411P
100847008	MIR4524B
100847004	MIR5188
100422859	MIR3136
100616400	MIR3198-2
106479302	RN7SL219P
100847049	MIR4999
106481760	RN7SL656P
100616483	MIR4751
100500866	MIR3941
100616227	MIR4502
100500850	MIR3682
100500917	MIR3680-1
100616249	MIR4768
441263	DTX2P1-UPK3BP1-PMS2P11
284085	KRT18P55
100302257	MIR1539
100422850	MIR548V
100847055	MIR5697
100847048	MIR5690
106481845	RN7SL475P
100422846	MIR3164
100500851	MIR3918
100422934	MIR3143
106481087	RN7SL605P
100616378	MIR4784
100500801	MIR3659
100616374	MIR4539
100423017	MIR3139
100422992	MIR3151
100500894	MIR3690
100616318	MIR4664
101929693	RARA-AS1
100616167	MIR4722
106481026	RN7SL378P
100616356	MIR4774
100422948	MIR4284
106479459	RN7SL648P
6031	RN7SL5P
106479384	RN7SL444P
440224	CXADRP3
100616140	MIR4506
284233	CYP4F35P
284203	RNASEH1P1
106480935	RN7SL49P
100422860	MIR4292
100500835	MIR3907
106481004	RN7SL300P
100423012	MIR3177
100500857	MIR3939
101927715	LINC01029
100616181	MIR4514
100422841	MIR3174
100616284	MIR4489
100419426	PDLIM1P2
101927698	DSCAS
106480486	RN7SL96P
100500802	MIR3685
100847062	MIR5195
400643	LINC00668
646595	UBE2CP2
106481080	RN7SL577P
100422829	MIR4319
100287082	GACAT2
100422864	MIR544B
100616363	MIR4735
100500854	MIR3671
100128893	GATA6-AS1
100616194	MIR4477B
100500819	MIR3609
100616348	MIR4659A
100616292	MIR4690
101927275	NDUFV2-AS1
284167	POLRMTP1
106481079	RN7SL574P
100422945	MIR4326
100616196	MIR4525
100616481	MIR4423
732538	FBXO36P1
100847028	MIR5587
252841	SRP68P1
100462813	RHOT1P1
100500813	MIR3646
106480532	RN7SL785P
106479445	RN7SL612P
100616308	MIR4666A
106481140	RN7SL804P
106481757	RN7SL480P
100422944	MIR3186
1517	CTSLP2
100500890	MIR3611
100422974	MIR3178
100423037	MIR3176
100506001	NARF-IT1
100847023	MIR5091
100616408	MIR5047
100616430	MIR4644
400660	LINC00683
100616141	MIR4428
106480489	RN7SL138P
100287215	UBL5P2
100500886	MIR3683
100847022	MIR5093
100616114	MIR4668
100500861	MIR3665
100422962	MIR4281
100847021	MIR5002
100616294	MIR4740
105376843	SNHG25
645158	CBX3P2
106480952	RN7SL118P
440419	TBC1D3P5
106479403	RN7SL493P
106479303	RN7SL220P
100616480	MIR4479
100847042	MIR5572
400644	LINC01443
100423001	MIR3145
100652796	BOLA2P1
100616283	MIR4766
100616468	MIR4742
100616352	MIR4642
100616188	MIR3972
100616168	MIR4754
100500812	MIR3677
100422873	MIR4297
100500818	MIR3945
106480481	RN7SL14P
101927718	DSG1-AS1
100616285	MIR4645
100500905	MIR3661
100847041	MIR3680-2
6458	SH3GL1P1
106481117	RN7SL712P
100505592	GAPLINC
106481841	RN7SL408P
101927720	ZNF793-AS1
69	ACTBP9
100420950	MRPL37P1
100874406	FAM106DP
106144598	FARSA-AS1
107133522	DHX40P1
100505835	LINC01532
651250	LRRC37A16P
105372127	TCF4-AS1
1872	E2F3P1
100133957	UXT-AS1
339201	ASB16-AS1
101927980	SLC14A2-AS1
284385	ZNF561-AS1
100505495	PCAT19
100129975	RPL10P15
441795	HMGB3P27
106660605	MIR2117HG
400650	TPMTP1
100289186	SDHDP1
5767	PTP4A2P1
100130368	SNRPGP4
107985140	WDR7-OT1
101927433	LINC01255
284408	ZNF790-AS1
100130522	PARD6G-AS1
339524	LINC01140
100133991	MAP3K14-AS1
103689912	TBX2-AS1
103091864	SNHG22
642290	SLC25A1P5
100132501	LINC01415
646171	EIF4A2P1
101927921	LINC01478
148145	LINC00906
1987	EIF5AP3
727736	SH3GL1P3
100129357	RPL9P29
400617	KCNJ2-AS1
106480339	TCF4-AS2
100996295	DNAH17-AS1
100129143	SMUG1P1
100507433	ZNF571-AS1
148046	CIRBP-AS1
23591	FAM215A
642996	NFE2L3P1
100419709	ZNF887P
100506755	MIR497HG
283994	LINC00868
100873202	MTCO2P2
284260	LINC00907
100131388	NDUFA3P1
388514	CYP4F24P
101928141	LINC01028
100533624	SNX33P1
106480418	BNIP3P16
387615	MAP1LC3P
101928104	LINC01482
390816	THA1P
1986	EIF5AP2
100288122	LDLRAD4-AS1
163088	TAF9P3
106707175	ERVK-28
767558	LUZP6
100505474	LINC01539
729119	HMGB2P1
7333	UBE2L4
100287177	EML2-AS1
100996665	LINC01533
106480240	SLC25A36P1
100129507	MAN1A2P1
4730	NDUFV2P1
100131691	MZF1-AS1
56936	CCDC177
106480277	EIF1P6
100422833	MIR3188
100505812	CARD8-AS1
100506033	PTOV1-AS1
100421702	BNIP3P40
100505681	NAPA-AS1
79336	OR5AH1P
106481694	BNIP3P30
101928571	ZNF649-AS1
100128853	ZNF725P
100312829	VN1R84P
390924	EEF1A1P7
440508	CLEC4GP1
100421707	BNIP3P25
83598	LRRC2-AS1
100312826	VN1R81P
400550	FENDRR
100421708	BNIP3P27
100312828	VN1R83P
163007	CYP2T3P
100312833	VN1R88P
100312849	VN1R107P
114184	SIGLEC18P
100073347	MIMT1
400680	LINC00664
100131934	LETM1P2
100421699	BNIP3P26
106481695	BNIP3P33
643719	SCGB1B2P
326342	ADGRE4P
729449	RPL7P50
100312832	VN1R87P
114195	SIGLEC22P
284729	ESPNP
727703	IGFL1P1
100128054	PLCE1-AS1
503538	A1BG-AS1
100312827	VN1R82P
106481693	BNIP3P18
645001	HNRNPA1P52
441843	ZNF209P
100506542	LINC01082
200298	LINC00528
101669766	ZNF350-AS1
100129195	ZSCAN16-AS1
440518	GOLGA2P9
100312830	VN1R85P
101928378	PTOV1-AS2
100128139	LINC01233
100422691	ITGB1P1
100507567	RAB11B-AS1
104472717	LINC01224
106144526	PLA2G4C-AS1
100421710	BNIP3P8
100422238	CYP4F23P
100129080	TDGF1P7
100130700	TP53TG3HP
100133139	RPL12P41
100421701	BNIP3P39
100190954	EXOSC3P2
101929059	ZIM2-AS1
91405	PLEKHA3P1
102724105	ZNF528-AS1
100132815	IPO5P1
100533184	ARHGAP19-SLIT1
100093630	SNHG8
106736475	PCF11-AS1
100507423	MKNK1-AS1
267010	RNU12
100133265	BMS1P7
104457406	MIR222HG
100506046	GAS5-AS1
100420462	LDHAL6EP
100126299	VTRNA2-1
101927931	LINC01480
100533467	BIVM-ERCC5
28863	IGKV1OR2-11
100289404	MTCO2P22
107075261	MTND6P22
107075221	MTCYBP22
729565	NDUFB8P2
729101	IMMP1LP1
100421695	BNIP3P10
100423046	STX8P1
100533676	PHACTR2P1
100287745	MTATP6P2
106481965	COX6CP16
106480280	BNIP3P9
319122	UNGP3
107075235	MTND4LP5
646379	IGHV1OR15-4
100288198	HMGN3-AS1
100289371	MTCO3P22
767846	PFN1P2
100526820	CAHM
100118954	NRBF2P5
100420898	KNOP1P2
81363	OR7E108P
652873	IGKV2OR2-7
28304	IGHV3OR16-12
28307	IGHV3OR16-9
647307	PEBP1P2
401492	LINC01235
503632	DUXAP3
414778	HCG17
100534592	URGCP-MRPS24
9383	TSIX
100420358	BUD13P1
100420910	PRMT1P1
106481692	BNIP3P15
106481731	RPL23AP92
28861	IGKV2OR2-1
100529241	HSPE1-MOB4
100529239	RPS10-NUDT3
100652831	NANOGNBP3
100421657	HNRNPDLP4
100129640	DDX55P1
100996712	SRGAP2D
102723513	ZNF30-AS1
100421415	HNRNPA3P9
107075117	MTND4P35
448990	TAS2R6P
106480249	RAP2CP1
107075114	RPSAP75
339929	LPP-AS2
100533790	LRRC37A9P
100310869	IGKV2OR2-7D
106481685	SNRPGP17
100996569	NAMA
106480264	SUMO2P14
100421172	SCML2P2
170688	NUDT4P2
388255	IGHV3OR16-8
84088	IGLVIVOR22-1
100233146	HINT1P2
106480322	BOLA2P2
100287372	IGHV3OR16-13
107075165	MTCO1P22
100289028	BNIP3P4
106480417	SUMO2P15
503643	DPRXP2
28864	IGKV1OR2-9
401233	HTATSF1P2
106480246	SRGNP1
28859	IGKV2OR2-2
101929581	MZT1P2
100129201	PRR13P3
106480690	RPL23AP90
106480245	RPL17P51
100421704	BNIP3P17
106480286	BNIP3P11
100132562	YPEL5P2
28865	IGKV1OR2-6
100652909	LINC00904
643031	MTND5P10
440352	SNX29P2
326286	RPL17P3
107075207	NDUFA8P1
100527960	MROH7-TTC4
106480925	RN7SKP299
101927352	PLS3-AS1
101929623	LINC01215
100873378	RNA5SP108
106481203	RNU6-85P
8755	ADAM6
106481762	RN7SL827P
106480662	RNU1-30P
26826	RNU6-6P
101927067	LINC01607
283481	FGF14-AS2
100130557	NFYC-AS1
106144532	ARF4-AS1
101929780	NBPF25P
26839	RNU4-5P
401237	CASC15
106479514	RN7SL803P
100500896	MIR3666
106479488	RN7SL726P
283483	LINC00551
644623	TPTE2P2
106481205	RNU6-90P
100873557	RNA5SP506
106481200	RNU4-89P
106479504	RN7SL778P
100631383	FAM47E-STBD1
100873616	RNA5SP357
106479606	RNU6-91P
106479603	RNU6-84P
106481129	RN7SL760P
106479605	RNU6-88P
100652853	LINC01023
106479528	RN7SL840P
101929008	GTF2IP13
100507331	ZSWIM8-AS1
402246	OR10AH1P
151877	MAGI1-IT1
441124	GTF2IP20
403272	OR5AO1P
286967	FAM223B
317751	MESTIT1
100133190	ADIRF-AS1
101752399	STAG3L5P-PVRIG2P-PILRB
84989	JMJD1C-AS1
403223	OR10AE3P
114817	CSPG4P5
100533952	RBAK-RBAKDN
100128560	MYHAS
100528018	ARL2-SNX15
644619	INTS4P2
100289137	FAM95C
340600	ATF4P2
103752588	PACERR
100132929	FAM25BP
81202	OR5BQ1P
392140	OR2A13P
100534612	C1QTNF3-AMACR
25786	DGCR11
389458	RBAKDN
81356	OR6L2P
81352	OR7M1P
4280	MICE
105419997	SFTPD-AS1
100420787	CNTNAP3P1
102465487	MIR6812
102723553	SMIM11B
102465695	MIR7160
106479364	RN7SL386P
102465475	MIR6792
110255170	RNA5-8S5
102466103	MIR6075
102465525	MIR6870
102465458	MIR6765
102465909	MIR6859-2
102465868	MIR8066
145438	FRMD6-AS1
283767	GOLGA6L1
388685	LINC01138
100532735	INO80B-WBP1
283491	OR7E156P
102465257	MIR6514
106479507	RN7SL787P
102465466	MIR6777
102466518	MIR6081
102466732	MIR6774
106479014	RNA5SP439
106479436	RN7SL585P
102465871	MIR8071-1
645051	GAGE13
102465521	MIR6864
390660	ADAMTS7P1
102466984	MIR6801
100130301	C8orf89
106480523	RN7SL650P
102466745	MIR6832
643862	SPDYE10P
106481454	RNU6-866P
102465136	MIR378J
102465523	MIR6867
106479450	RN7SL625P
441420	MYO5BP1
102465456	MIR6761
102464829	MIR6078
100532724	NPHP3-ACAD11
102465463	MIR6772
102465689	MIR7152
85344	KRT89P
102466879	MIR8083
106481086	RN7SL600P
100422517	BSNDP2
387647	PTCHD3P1
102466192	MIR6750
106479282	RN7SL166P
102465451	MIR6753
100132441	GXYLT1P4
100420063	HMGB1P24
106480329	BSNDP1
102466199	MIR6825
102465985	MIR6511B2
102465469	MIR6782
106481103	RN7SL663P
102465488	MIR6814
102465443	MIR6740
102466726	MIR6745
106481615	RNU1-68P
100861430	PDCD6IPP1
106480380	RN7SL680P
100132526	FGD5P1
102465250	MIR6503
102466259	MIR6770-3
102465910	MIR6859-3
102465485	MIR6809
388381	C17orf98
724094	FAM27D1
102465482	MIR6804
102465477	MIR6796
106481008	RN7SL313P
102466253	MIR8076
348249	CCL15-CCL14
100421769	UBE2Q2P6
100500862	MIR3648-1
28405	IGHV3-79
102466657	MIR6505
107080652	RN7SL736P
103504732	MIR941-5
102466616	MIR6132
246210	IKBKGP1
102465976	MIR6807
54053	EIF3FP1
100616184	MIR4477A
100873688	RNA5SP440
100506685	STMN1P1
102466995	MIR7156
645431	FUT8-AS1
102466750	MIR6855
102465139	MIR6133
102465247	MIR548AY
653590	GGTLC5P
102466081	MIR5739
102466912	MIR6871
106480535	RN7SL820P
338004	LINC00226
102466658	MIR6510
100132352	FRG1HP
100422969	MIR2909
102465517	MIR6858
643827	CNTNAP3P2
102465502	MIR6835
100287528	IGLL4P
100506622	LINC00540
102465977	MIR6829
101929959	BMS1P14
84055	PCDHGB9P
400322	HERC2P2
102465539	MIR6895
102465861	MIR8055
100131760	GXYLT1P5
106478940	PHBP6
102466271	MIR6893
102465246	MIR6499
102465691	MIR7154
102466731	MIR6769A
106479533	RN7SL856P
390627	CSPG4P10
102465668	MIR7111
284100	YWHAEP7
102465693	MIR7158
106480974	RN7SL192P
28572	TRBV15
102466816	MIR7159
102466722	MIR6730
100288713	PMS2P10
102466982	MIR6729
106479502	RN7SL769P
102466865	MIR7848
102465511	MIR6848
102466889	MIR8071-2
442215	EEF1A1P42
102465975	MIR6763
2970	GTF2IP1
106480995	RN7SL270P
102466875	MIR8063
102465470	MIR6784
390530	IGHV1OR21-1
102465834	MIR7844
727832	GOLGA6L6
106480152	RNU1-6P
102465863	MIR8058
102467004	MIR8053
102465537	MIR6891
101927559	CEBPB-AS1
106479396	RN7SL473P
106479451	RN7SL628P
102466759	MIR6894
102465141	MIR6165
442485	OFD1P16Y
106480348	NF1P10
100874120	ZNF630-AS1
100169750	PRINS
106479432	RN7SL575P
101929127	PGM5P3-AS1
102465908	MIR6770-2
102466744	MIR6827
642402	GOLGA6L17P
102465974	MIR6719
595135	PGM5P2
102465665	MIR7107
440243	GOLGA6L22
653203	FAM230A
102465446	MIR6746
102465882	MIR8089
102465874	MIR8075
100533955	SENP3-EIF4A1
102465434	MIR6726
102466193	MIR6757
102724655	AQP7P5
106480972	RN7SL186P
641467	TSC22D1-AS1
389741	GLIDR
102465461	MIR6770-1
102466751	MIR6859-1
102465490	MIR6816
102465842	MIR7856
100130079	RFPL4AP6
100631248	GRAMD4P3
100507240	VWA8-AS1
81137	OR7E104P
5380	PMS2P2
102465255	MIR6512
102465538	MIR6892
28428	IGHV3-41
102465522	MIR6865
102467003	MIR7851
102465870	MIR8070
101060146	CHMP1B2P
100996600	IGKV2OR2-8
106480951	RN7SL113P
102465464	MIR6775
102288414	C11orf98
650623	BEND3P3
28718	TRAJ37
647042	GOLGA6L10
106480944	RN7SL82P
101929225	MCM8-AS1
103504738	MIR6859-4
106479463	RN7SL660P
102465431	MIR6722
100133121	FAM27B
100379571	BACE1-AS
400123	LINC00548
102466516	MIR6071
102465494	MIR6823
100289211	LINC00624
100885775	BANCR
100859930	HEIH
653259	AGAP14P
27099	SND1-IT1
401561	LINC01451
101669764	GPR1-AS
100132967	FAM223A
55472	RBM12B-AS1
79992	AGPAT4-IT1
390539	OR4N3P
394261	KLHL30-AS1
26080	FAM230C
100128998	C20orf181
55451	LINC00216
100130148	MAPT-IT1
100419041	SNX18P12
100130386	LINC00552
100129726	LINC01126
103752586	BIRC6-AS2
728484	RPL23AP61
440299	DNM1P41
106479105	RN7SKP23
191585	PLAC4
643171	GGT4P
100113386	UCKL1-AS1
102724923	FRG1KP
104355217	ERICD
84931	LINC01101
100507117	ASAP1-IT2
105378425	LINC01374
731656	LINC01348
100861563	SCAANT1
101978785	PCAT14
102659353	THRIL
100505839	SH3PXD2A-AS1
552859	LINC00251
102725509	LINC01232
440952	EIF1B-AS1
104326188	LINC01202
153469	JAKMIP2-AS1
283267	LINC00294
101929052	LINC00836
29034	CPS1-IT1
101928469	MIR325HG
101927703	FOXCUT
127841	LINC00628
285463	CTBP1-AS
101927381	LINC01163
283876	LINC00921
116828	N4BP2L2-IT2
101929557	LINC01395
100506776	TRG-AS1
101243555	PTENP1-AS
100506328	LINC01127
101241892	NPTN-IT1
100652997	LINC00706
102723099	GHET1
100507178	SLFNL1-AS1
64735	LINC00254
102546175	LINC01338
401321	LINC00997
101930150	NF1P9
100129716	ARRDC3-AS1
102060282	RASSF1-AS1
8551	INE2
103021294	ABALON
100846978	LINC00506
724102	SNHG4
100506516	LINC01176
101669762	BLACAT1
103611157	TGFB2-OT1
100130600	CICP14
285540	SEPSECS-AS1
103611090	CDR1-AS
25784	DGCR12
150185	LINC00895
101234261	LSINCT5
552860	SAMD12-AS1
100861504	LINC00538
100775107	RBM5-AS1
285796	PACRG-AS1
100507173	LINC01012
711	ERC2-IT1
101515984	LINC01080
102060414	C2-AS1
102800446	LINC01230
338862	LINC00550
106144586	LINC01394
352990	HCP5B
441501	LINC00891
103157000	PAUPAR
100527949	GIMAP1-GIMAP5
400752	LINC01144
359809	PEG13
503644	DPRXP3
375690	WASH5P
399844	LINC01002
100289097	FRG1CP
107075106	RHOXF1P2
105221694	BISPR
102723316	FRG1DP
107075307	RHOXF1P3
102157401	PCBP2-OT1
102723390	FRG1EP
101930531	FRG1GP
102723780	FRG1FP
101926918	GTF2IP12
28605	TRBV6-2
100288974	BMS1P21
440131	LINC00544
100533111	ZNF670-ZNF695
9596	OR1R1P
100499252	ZBTB12BP
83866	TTTY11
2231	FDX1P1
391504	RPL23AP38
388605	HS6ST1P1
613126	CYP51A1-AS1
246785	OLA1P1
642687	RPS11P7
442271	TUBB4BP7
728614	DNAJA1P4
100128701	HNRNPA1P41
286512	EIF4A2P4
151171	LINC01107
730811	MYT1L-AS1
128774	MRPS11P1
100507058	LINC00845
8488	RPL3P1
100874180	LINC00459
100132630	CICP3
107075312	MTND2P39
150992	LINC00309
101929025	LINC01516
645538	GOT2P1
646688	RPL4P2
100885778	NALCN-AS1
56677	FABP3P2
100287266	HNRNPA1P42
441550	RPS4XP11
100420393	TPMTP2
106479026	NECAP1P2
100874339	ZNRF3-IT1
391518	VENTXP7
100421398	HNRNPA1P54
203477	HMGA1P1
100131609	HNRNPA1P2
150947	PPIL1P1
729962	RPL21P71
647436	RPL5P1
400385	RPL5P3
729182	FAM91A3P
106479311	RN7SL244P
106479324	RN7SL278P
645798	RPL3P3
319135	RPL10AP1
101927075	FGF10-AS1
642259	GAPDHP70
644962	TNRC18P1
101927808	CLSTN2-AS1
648359	ABHD17AP3
6661	SOX5P1
8596	OR4A1P
100421131	RCC2P6
399988	HSPA8P5
144712	HMGA1P3
122867	COX4I1P1
326606	NDUFB8P1
106480800	UBL5P4
100861554	LINC00563
6260	RYKP1
136540	PRSS3P3
100534611	TM4SF19-DYNLT2B
105376752	NPIPA9
347918	EP400P1
54064	LINC00160
100532736	MICOS10-NBL1
103689915	DLEU1-AS1
170393	LINC02870
54553	MIR4453HG
100302239	MIR548F5
728513	PNMA6B
84719	LINC00260
10895	PPBPP2
148413	MRPL20-AS1
643314	KIAA0754
106479563	RNU11-5P
114483834	ABCF2-H2BE1
399815	C10orf88B
651302	ZKSCAN8P1
11039	GUSBP14
388882	FAM230I
399726	MIR1915HG
100124533	SCARNA27
282566	LINC00515
96597	TBC1D27P
441315	FAM90A5P
266655	BRD3OS
100130717	HDHD5-AS1
693181	MIR596
100128554	LINC02347
441362	REXO1L6P
197196	LINC00311
112597	CYTOR
64433	LINC00244
100616289	MIR4475
152302	CIDECP1
619571	SNORD96A
200844	CFAP20DC
106479602	RPPH1-3P
414318	LINC02913
100302739	PCNA-AS1
84326	METTL26
339541	ARMH1
374500	THSD1P1
148709	ACTG1P25
100131897	INSYN2B
391037	SKINT1L
100874392	ANKRD20A12P
84542	SANBR
51198	CDKN2A-DT
441058	LINC01667
401563	LINC02908
100129239	CXorf51A
100529141	LGTN
284739	C20orf204
376693	RPS10P7
283487	PRECSIT
347541	MAGEB5
202658	TRIM39-RPP21
100129083	SIGLEC10-AS1
375850	RBMY2BP
387628	FGF7P6
26077	GNAO1-AS1
339521	CCNQP1
100288778	WASH8P
283922	PDPR2P
196415	LINC02909
343477	HSP90B3P
100287470	LINC00265-3P
150776	SMPD4BP
101410538	MMP24OS
2713	GK3P
100128413	XIAPP3
729603	CHP1P2
100169890	PEG3-AS1
29931	LINC00312
110599563	LY6G6F-LY6G6D
207147	PRSS59P
100130988	SPATA48
64760	FHIP2B
54090	LINC00111
80862	ZNRD1ASP
643535	KCTD9P2
27439	TMEM121B
339263	LINC02693
23519	ANP32D
92070	CTBP1-DT
100287045	FAM90A26
337873	H2BC20P
352961	HCG26
728175	LINC02363
100422831	MIR1302-9
157927	LINC02907
100507462	CCDC28A-AS1
26070	MYRF-AS1
284440	LINC00663
391627	USP17L9P
387316	VN1R10P
102725121	DDX11L17
286423	MRRFP1
374387	LINC02716
642946	FLVCR1-DT
283856	GNAO1-DT
63914	LINC01590
27321	TNRC17
541578	EOLA2
401296	LNCRI
107282092	BOLA2-SMG1P6
119369	NUDT9P1
284365	LINC01869
360158	CYCSP5
100847087	MIR5192
150384	GTSE1-DT
100126781	SNAR-F
729862	LSP1P3
79919	MAB21L4
100133251	PRR23D2
286122	LINC02904
159162	RBMY2FP
400591	TMEM132E-DT
28309	IGHV3OR16-7
389649	C8orf86
440356	CDIPTOSP
137529	CKS1BP7
100126780	SNAR-G1
100422984	MIR4308
100130264	SLC24A3-AS1
343990	CRACDL
340441	POTEA
283556	UBE2L1
101154753	PANDAR
102800311	TP53COR1
101928079	SLC44A3-AS1
254100	ZNRD2-DT
100302159	MIR548F3
