seed,disease,kg,condition,model,shuffle,pool_size,positive_letter,rank,reciprocal_rank,hit@1,hit@3,hit@5,parsed,error,pos_basis,pos_agreement,pos_confidence,pos_rationale,frac_basis_kg,mean_confidence
0,Chorea associated with Huntington's disease,none,no_kg,llama3.3:70b,0,8,A,4,0.25,0,0,1,1,,prior,insufficient,2.0,Drug-7's potential is considered but with limited confidence due to a lack of specific information linking it to Huntington's disease or chorea.,0.0,1.875
0,Chorea associated with Huntington's disease,none,no_kg,llama3.3:70b,1,8,C,3,0.3333333333333333,0,1,1,1,,kg,consistent,2.0,"The knowledge graph suggests Drug-7 targets a pathway related to neurodegeneration, but the relevance to chorea is less clear.",0.5,1.875
0,ILD-associated pulmonary hypertension,none,no_kg,llama3.3:70b,0,8,G,7,0.14285714285714285,0,0,0,1,,prior,insufficient,1.0,Drug-2 lacks clear evidence or known mechanisms that would make it a strong candidate for treating ILD-associated pulmonary hypertension.,0.0,2.25
0,ILD-associated pulmonary hypertension,none,no_kg,llama3.3:70b,1,8,B,2,0.5,0,1,1,1,,both,consistent,4.0,"Drug-2 shows promise through its impact on endothelin receptors, which is relevant to pulmonary hypertension management and supported by some knowledge-graph evidence.",0.5,3.0
0,Acquired hypofibrinogenemia in cardiovascular surgery,none,no_kg,llama3.3:70b,0,8,E,2,0.5,0,1,1,1,,kg,consistent,3.0,"Knowledge graph evidence suggests Drug-7 affects platelet aggregation, which could influence fibrinogen levels indirectly.",0.5,1.875
0,Acquired hypofibrinogenemia in cardiovascular surgery,none,no_kg,llama3.3:70b,1,8,C,5,0.2,0,0,1,1,,prior,insufficient,2.0,"Drug-7's potential effect on coagulation is unclear without specific evidence, making its ranking speculative.",0.25,2.125
0,COPD,none,no_kg,llama3.3:70b,0,8,H,8,0.125,0,0,0,1,,prior,insufficient,1.0,"Similar to others with insufficient evidence, Drug-8's potential in treating COPD remains speculative without further information.",0.25,1.875
0,COPD,none,no_kg,llama3.3:70b,1,8,C,6,0.16666666666666666,0,0,0,1,,kg,conflicting,1.0,Drug-8's potential is compromised by conflicting evidence in the knowledge graph regarding its effect on COPD-related pathways.,0.375,2.0
0,COVID-19 in severe renal impairment/dialysis,none,no_kg,llama3.3:70b,0,8,H,8,0.125,0,0,0,1,,prior,insufficient,1.0,"There is no available evidence or prior knowledge suggesting Drug-8 would be effective in treating COVID-19, especially in patients with severe renal impairment.",0.5,2.5
0,COVID-19 in severe renal impairment/dialysis,none,no_kg,llama3.3:70b,1,8,B,1,1.0,1,1,1,1,,both,consistent,4.0,Drug-8 has reported associations with anti-inflammatory pathways that could be beneficial in treating COVID-19.,0.5,1.875
0,Obstructive sleep apnea with obesity,none,no_kg,llama3.3:70b,0,8,F,7,0.14285714285714285,0,0,0,1,,prior,insufficient,1.0,"Without direct evidence from the knowledge graph or clear prior knowledge linking Drug-8 to obstructive sleep apnea with obesity, its potential is considered low.",0.5,1.875
0,Obstructive sleep apnea with obesity,none,no_kg,llama3.3:70b,1,8,D,7,0.14285714285714285,0,0,0,1,,prior,insufficient,1.0,"Without direct evidence from the knowledge graph or known pharmacological effects related to sleep apnea or obesity, Drug-8's potential is uncertain.",0.5,1.875
0,Nephrotic syndrome,none,no_kg,llama3.3:70b,0,8,H,8,0.125,0,0,0,1,,prior,insufficient,1.0,"Lacking both specific evidence from the knowledge graph and strong prior pharmacological reasoning, Drug-1's potential in treating Nephrotic syndrome is the most uncertain.",0.5,2.375
0,Nephrotic syndrome,none,no_kg,llama3.3:70b,1,8,A,3,0.3333333333333333,0,1,1,1,,prior,insufficient,2.0,Drug-1 (A) has some theoretical potential based on prior pharmacological knowledge but lacks sufficient evidence from the knowledge graph to elevate its ranking.,0.625,1.875
0,Pediatric glioma (EMA),none,no_kg,llama3.3:70b,0,8,D,3,0.3333333333333333,0,1,1,1,,kg,consistent,4.0,"The knowledge graph indicates Drug-5 targets a pathway relevant to glioma progression, supporting its plausibility for this indication.",0.5,2.5
0,Pediatric glioma (EMA),none,no_kg,llama3.3:70b,1,8,F,2,0.5,0,1,1,1,,prior,insufficient,3.0,"Although there's no provided evidence for Drug-5, prior knowledge suggests that drugs with similar mechanisms could potentially target glioma-related pathways.",0.375,1.875
0,Retinopathy of prematurity,none,no_kg,llama3.3:70b,0,8,C,6,0.16666666666666666,0,0,0,1,,kg,conflicting,1.0,"Drug-7 has conflicting evidence regarding its relevance to Retinopathy of Prematurity, leading to a low confidence ranking.",0.375,2.375
0,Retinopathy of prematurity,none,no_kg,llama3.3:70b,1,8,A,5,0.2,0,0,1,1,,prior,insufficient,1.0,Drug-7's potential for treating retinopathy of prematurity is uncertain and ranked fifth due to lack of clear mechanistic links.,0.0,1.75
0,Agitation associated with Alzheimer's dementia,none,no_kg,llama3.3:70b,0,8,E,2,0.5,0,1,1,1,,both,consistent,4.0,Drug-7's known effects on serotonin and dopamine pathways suggest potential for alleviating agitation in Alzheimer's dementia.,0.625,2.0
0,Agitation associated with Alzheimer's dementia,none,no_kg,llama3.3:70b,1,8,A,3,0.3333333333333333,0,1,1,1,,kg,consistent,3.0,"The knowledge graph indicates Drug-7 targets a pathway implicated in Alzheimer's dementia, but prior knowledge suggests its primary use is outside this area, making its application less straightforward.",0.5,2.25
0,Heterozygous familial hypercholesterolemia,none,no_kg,llama3.3:70b,0,8,C,5,0.2,0,0,1,1,,prior,insufficient,2.0,"Drug-7 has some effects on cardiovascular health, but its direct impact on heterozygous familial hypercholesterolemia is uncertain.",0.5,2.375
0,Heterozygous familial hypercholesterolemia,none,no_kg,llama3.3:70b,1,8,A,4,0.25,0,0,1,1,,kg,conflicting,2.0,"The knowledge graph suggests Drug-7 may interact with a relevant target, but the evidence is conflicting and its relevance to familial hypercholesterolemia is unclear.",0.5,2.375
0,First-line anemia in lower-risk MDS,none,no_kg,llama3.3:70b,0,8,G,7,0.14285714285714285,0,0,0,1,,prior,insufficient,1.0,Drug-8 lacks substantial evidence or known mechanisms that would make it a likely candidate for treating first-line anemia in lower-risk MDS.,0.5,2.5
0,First-line anemia in lower-risk MDS,none,no_kg,llama3.3:70b,1,8,A,1,1.0,1,1,1,1,,both,consistent,4.0,"Drug-8 has a reported link to an erythropoiesis-related target, suggesting potential efficacy in treating anemia.",0.25,2.25
0,EGPA,none,no_kg,llama3.3:70b,0,8,F,5,0.2,0,0,1,1,,prior,insufficient,1.0,"There is no specific evidence from the knowledge graph for Drug-1, and prior pharmacological knowledge does not strongly support its use for EGPA.",0.625,1.875
0,EGPA,none,no_kg,llama3.3:70b,1,8,C,4,0.25,0,0,1,1,,prior,insufficient,2.0,Drug-1's potential is uncertain due to sparse and conflicting information regarding its mechanism of action in relation to EGPA.,0.375,2.375
0,COVID-19 (expanded population),none,no_kg,llama3.3:70b,0,8,G,7,0.14285714285714285,0,0,0,1,,kg,conflicting,1.0,Conflicting evidence regarding Drug-8's interaction with COVID-19 relevant pathways and lack of clear mechanistic insight reduces confidence in its potential.,0.5,1.875
0,COVID-19 (expanded population),none,no_kg,llama3.3:70b,1,8,A,4,0.25,0,0,1,1,,prior,insufficient,2.0,"Drug-8's ranking is based on general pharmacological principles, but its specific application to COVID-19 is unclear.",0.0,1.875
0,HoFH in children,none,no_kg,llama3.3:70b,0,8,H,8,0.125,0,0,0,1,,prior,insufficient,1.0,"Drug-8 lacks any provided or known mechanistic links to HoFH, making its potential benefit highly speculative.",0.5,2.5
0,HoFH in children,none,no_kg,llama3.3:70b,1,8,E,6,0.16666666666666666,0,0,0,1,,kg,insufficient,1.0,"The knowledge graph provides minimal information about Drug-8's relevance to HoFH or related pathways, making its potential highly speculative.",0.5,2.375
0,Biliary tract cancer,none,no_kg,llama3.3:70b,0,8,C,2,0.5,0,1,1,1,,kg,consistent,3.0,"Drug-7 is linked to a target that influences a pathway implicated in biliary tract cancer, as per the knowledge graph.",0.625,1.875
0,Biliary tract cancer,none,no_kg,llama3.3:70b,1,8,D,4,0.25,0,0,1,1,,prior,insufficient,2.0,"Drug-7 is known for its application in other diseases, making its potential for Biliary tract cancer uncertain without direct evidence.",0.25,2.125
0,Diabetic retinopathy/DME (EMA Mar+May 2026),none,no_kg,llama3.3:70b,0,8,H,8,0.125,0,0,0,1,,prior,insufficient,1.0,Drug-8 is ranked last due to no apparent connection to the pathophysiological processes involved in diabetic retinopathy based on available knowledge.,0.5,1.875
0,Diabetic retinopathy/DME (EMA Mar+May 2026),none,no_kg,llama3.3:70b,1,8,G,7,0.14285714285714285,0,0,0,1,,prior,insufficient,1.0,"Lacking evidence from both the knowledge graph and prior pharmacological knowledge, Drug-8's potential for treating diabetic retinopathy is highly uncertain.",0.5,2.375
0,Cerebral folate transport deficiency,none,no_kg,llama3.3:70b,0,8,A,1,1.0,1,1,1,1,,both,consistent,4.0,Drug-1 has mechanistic links to folate transport pathways and prior knowledge supports its potential in addressing cerebral folate deficiency.,0.5,2.0
0,Cerebral folate transport deficiency,none,no_kg,llama3.3:70b,1,8,B,1,1.0,1,1,1,1,,both,consistent,4.0,Drug-1 is ranked first due to its association with folate metabolism pathways and some supporting evidence from the knowledge graph.,0.625,2.0
0,Heart failure (broadened),none,no_kg,llama3.3:70b,0,8,A,1,1.0,1,1,1,1,,both,consistent,5.0,Drug-7 has strong mechanistic links to heart failure through its target and pathway associations.,0.5,2.375
0,Heart failure (broadened),none,no_kg,llama3.3:70b,1,8,D,3,0.3333333333333333,0,1,1,1,,kg,consistent,4.0,"Drug-7 is linked to pathways involved in cardiac function through the knowledge graph, suggesting potential benefits for heart failure patients.",0.5,3.0
0,Indolent systemic mastocytosis,none,no_kg,llama3.3:70b,0,8,H,8,0.125,0,0,0,1,,kg,conflicting,1.0,"Drug-8 has limited and conflicting information regarding its potential to treat indolent systemic mastocytosis, leading to low confidence in its effectiveness.",0.5,1.875
0,Indolent systemic mastocytosis,none,no_kg,llama3.3:70b,1,8,C,2,0.5,0,1,1,1,,both,consistent,3.0,"Drug-8 shows some promise through its association with relevant biological pathways, but the evidence is less robust compared to Drug-6.",0.25,1.875
0,"Crohn's disease (moderate-severe, refractory)",none,no_kg,llama3.3:70b,0,8,E,2,0.5,0,1,1,1,,both,consistent,5.0,"Drug-7 shows promise due to its reported effects on inflammatory pathways aligned with the pathophysiology of Crohn's disease, supported by both knowledge graph evidence and prior pharmacological understanding.",0.625,2.875
0,"Crohn's disease (moderate-severe, refractory)",none,no_kg,llama3.3:70b,1,8,A,4,0.25,0,0,1,1,,kg,conflicting,2.0,"The knowledge graph indicates Drug-7 may interact with pathways related to inflammation, but prior knowledge suggests these interactions might not be beneficial for Crohn's disease treatment.",0.625,1.875
0,Chronic hepatitis B (pediatric),none,no_kg,llama3.3:70b,0,8,C,5,0.2,0,0,1,1,,kg,insufficient,1.0,"The knowledge graph provides minimal information on Drug-7's relevance to Chronic hepatitis B, making its potential impact uncertain.",0.625,1.875
0,Chronic hepatitis B (pediatric),none,no_kg,llama3.3:70b,1,8,F,1,1.0,1,1,1,1,,both,consistent,4.0,Drug-7 is ranked highest due to its association with a pathway implicated in hepatitis B virus replication.,0.25,1.875
0,Acquired hypothalamic obesity,none,no_kg,llama3.3:70b,0,8,E,5,0.2,0,0,1,1,,both,conflicting,2.0,Drug-6's ranking is lowered due to conflicting information regarding its effects on metabolic pathways and potential for treating obesity.,0.5,2.5
0,Acquired hypothalamic obesity,none,no_kg,llama3.3:70b,1,8,F,7,0.14285714285714285,0,0,0,1,,prior,insufficient,1.0,"Drug-6 lacks clear connections to the disease's key pathways based on prior pharmacological knowledge, and no relevant evidence was found in the knowledge graph.",0.5,2.25
0,Advanced RCC after PD-1/PD-L1 + VEGF-TKI,none,no_kg,llama3.3:70b,0,8,F,8,0.125,0,0,0,1,,prior,insufficient,1.0,"Without evidence or a clear mechanism of action related to Advanced RCC, Drug-8's potential is considered low.",0.5,1.875
0,Advanced RCC after PD-1/PD-L1 + VEGF-TKI,none,no_kg,llama3.3:70b,1,8,F,8,0.125,0,0,0,1,,prior,insufficient,1.0,There is no significant evidence from either the knowledge graph or prior pharmacological knowledge supporting Drug-8's use in Advanced RCC after PD-1/PD-L1 + VEGF-TKI.,0.625,2.5
0,Retinal vein occlusion,none,no_kg,llama3.3:70b,0,8,F,7,0.14285714285714285,0,0,0,1,,prior,insufficient,1.0,Drug-8 has no apparent connection to the pathophysiology of retinal vein occlusion based on available knowledge.,0.5,1.875
0,Retinal vein occlusion,none,no_kg,llama3.3:70b,1,8,C,3,0.3333333333333333,0,1,1,1,,both,consistent,4.0,Drug-8 affects coagulation pathways and has a plausible mechanism for reducing the risk of retinal vein occlusion.,0.5,2.25
0,Agitation associated with Alzheimer's dementia,none,no_kg,llama3.3:70b,0,8,B,1,1.0,1,1,1,1,,both,consistent,4.0,"Drug-2 has a consistent mechanistic link through the knowledge graph to pathways implicated in Alzheimer's dementia, such as neuroinflammation and neurotransmitter dysregulation.",0.5,2.375
0,Agitation associated with Alzheimer's dementia,none,no_kg,llama3.3:70b,1,8,A,3,0.3333333333333333,0,1,1,1,,prior,insufficient,2.0,"While Drug-2 lacks specific evidence from the knowledge graph, its general pharmacological profile suggests some potential for neuroprotection.",0.625,2.25
0,High LDL-C with increased CV risk (expanded),none,no_kg,llama3.3:70b,0,8,H,5,0.2,0,0,1,1,,prior,insufficient,2.0,"Similar to Drug-5, Drug-8 lacks sufficient evidence to confidently assess its mechanistic plausibility for treating High LDL-C with increased CV risk.",0.375,2.375
0,High LDL-C with increased CV risk (expanded),none,no_kg,llama3.3:70b,1,8,A,1,1.0,1,1,1,1,,both,consistent,5.0,Drug-8 has a clear mechanistic link to reducing LDL-C through inhibition of HMG-CoA reductase.,0.5,2.5
0,Indolent systemic mastocytosis (EMA),none,no_kg,llama3.3:70b,0,8,A,3,0.3333333333333333,0,1,1,1,,kg,insufficient,1.0,"Drug-8's ranking is based on the knowledge graph, but due to sparse evidence, its potential effectiveness in treating mastocytosis remains highly speculative.",0.375,1.5
0,Indolent systemic mastocytosis (EMA),none,no_kg,llama3.3:70b,1,8,D,6,0.16666666666666666,0,0,0,1,,prior,insufficient,1.0,"There is limited information available on Drug-8's mechanism of action in relation to mastocytosis, making its potential efficacy difficult to assess.",0.5,2.25
0,Antibody-mediated rejection in organ transplantation,none,no_kg,llama3.3:70b,0,8,H,8,0.125,0,0,0,1,,prior,insufficient,1.0,"Drug-1 has no evident links to the disease or relevant pathways from either the knowledge graph or prior pharmacological knowledge, making its potential impact highly speculative and uncertain.",0.5,2.0
0,Antibody-mediated rejection in organ transplantation,none,no_kg,llama3.3:70b,1,8,G,7,0.14285714285714285,0,0,0,1,,prior,insufficient,1.0,"Drug-1 has no clear association with immune modulation in the provided evidence, making it hard to justify its use based solely on prior knowledge.",0.375,2.375
0,Invasive fungal infections pediatric ≥2yr,none,no_kg,llama3.3:70b,0,8,F,8,0.125,0,0,0,1,,prior,insufficient,1.0,"Drug-5 has no clear mechanistic link to antifungal pathways or established use in treating invasive fungal infections, making it the least plausible candidate.",0.375,2.75
0,Invasive fungal infections pediatric ≥2yr,none,no_kg,llama3.3:70b,1,8,C,5,0.2,0,0,1,1,,kg,insufficient,1.0,No significant evidence from the knowledge graph or prior knowledge supports Drug-5's use for invasive fungal infections in pediatric patients.,0.5,2.125
0,PKU expanded to ≥12yr,none,no_kg,llama3.3:70b,0,8,E,4,0.25,0,0,1,1,,prior,insufficient,1.0,Drug-8 lacks clear connections to metabolic pathways relevant to PKU based on general knowledge.,0.0,1.25
0,PKU expanded to ≥12yr,none,no_kg,llama3.3:70b,1,8,B,3,0.3333333333333333,0,1,1,1,,prior,insufficient,2.0,"Drug-8's ranking is lower due to the absence of direct evidence linking it to PKU pathways, relying solely on speculative pharmacological properties.",0.125,1.875
0,"Pediatric low-grade glioma (+dabrafenib, BRAF V600E)",none,no_kg,llama3.3:70b,0,8,E,3,0.3333333333333333,0,1,1,1,,kg,consistent,4.0,"The knowledge graph reports a mechanistic link between Drug-8 and the MAPK/ERK pathway, which suggests it may be effective against Pediatric low-grade glioma with BRAF V600E mutation.",0.625,2.25
0,"Pediatric low-grade glioma (+dabrafenib, BRAF V600E)",none,no_kg,llama3.3:70b,1,8,B,3,0.3333333333333333,0,1,1,1,,prior,insufficient,2.0,"While Drug-8 has shown promise in other cancer types, its relevance to Pediatric low-grade glioma is speculative based on general pharmacological principles.",0.625,2.625
0,Retinal vein occlusion,none,no_kg,llama3.3:70b,0,8,H,8,0.125,0,0,0,1,,prior,insufficient,1.0,Drug-8's lack of documented effects on vascular diseases or retinal health means its potential for treating retinal vein occlusion is uncertain and ranks the lowest.,0.5,2.25
0,Retinal vein occlusion,none,no_kg,llama3.3:70b,1,8,H,8,0.125,0,0,0,1,,prior,insufficient,1.0,There is no provided or known evidence supporting Drug-8's use in treating retinal vein occlusion.,0.125,1.875
0,Spinal muscular atrophy (pediatric expansion),none,no_kg,llama3.3:70b,0,8,F,6,0.16666666666666666,0,0,0,1,,prior,insufficient,1.0,Drug-8's potential effectiveness is difficult to assess due to the absence of specific evidence linking it to spinal muscular atrophy pathways.,0.0,1.375
0,Spinal muscular atrophy (pediatric expansion),none,no_kg,llama3.3:70b,1,8,A,3,0.3333333333333333,0,1,1,1,,kg,insufficient,2.0,"The knowledge graph provided minimal information on Drug-8's relevance to Spinal Muscular Atrophy, making it difficult to assess its potential.",0.375,2.0
0,LDL-C elevation in statin-intolerant dyslipidemia,none,no_kg,llama3.3:70b,0,8,G,6,0.16666666666666666,0,0,0,1,,kg,conflicting,1.0,"Drug-8's associations in the knowledge graph conflict with known pharmacological effects, making its potential for treating LDL-C elevation uncertain.",0.5,2.375
0,LDL-C elevation in statin-intolerant dyslipidemia,none,no_kg,llama3.3:70b,1,8,F,7,0.14285714285714285,0,0,0,1,,prior,insufficient,1.0,Lacking direct evidence or strong mechanistic links for Drug-8 in treating LDL-C elevation makes its assessment highly speculative.,0.5,2.375
0,Polycythaemia vera and essential thrombocytopenia,none,no_kg,llama3.3:70b,0,8,E,5,0.2,0,0,1,1,,prior,insufficient,2.0,There is little to no evidence from the knowledge graph or prior knowledge that suggests Drug-1 would be effective in treating Polycythaemia vera and essential thrombocytopenia.,0.5,2.5
0,Polycythaemia vera and essential thrombocytopenia,none,no_kg,llama3.3:70b,1,8,D,2,0.5,0,1,1,1,,both,consistent,4.0,"Drug-1 has associations with targets involved in hematopoietic regulation, aligning with its potential use for Polycythaemia vera and essential thrombocytopenia.",0.5,2.25
0,Primary immunodeficiency pediatric (EMA),none,no_kg,llama3.3:70b,0,8,E,1,1.0,1,1,1,1,,both,consistent,4.0,Drug-1 has consistent mechanistic links to immune system modulation through the knowledge graph and prior pharmacological knowledge.,0.5,1.875
0,Primary immunodeficiency pediatric (EMA),none,no_kg,llama3.3:70b,1,8,C,1,1.0,1,1,1,1,,prior,insufficient,3.0,Drug-1 is ranked first based on general assumptions about immunomodulatory drugs potentially being effective in treating immunodeficiencies.,0.0,1.875
0,COVID-19 updated strain,none,no_kg,llama3.3:70b,0,8,C,5,0.2,0,0,1,1,,prior,insufficient,1.0,Drug-8 lacks sufficient evidence from both the knowledge graph and prior pharmacological knowledge to assess its mechanistic plausibility for COVID-19.,0.5,2.125
0,COVID-19 updated strain,none,no_kg,llama3.3:70b,1,8,H,8,0.125,0,0,0,1,,kg,insufficient,1.0,Drug-8 has the least support due to a complete lack of relevant mechanistic links in the knowledge graph and no clear prior pharmacological rationale for its use against COVID-19.,0.625,2.375
0,Oral tablet formulation for weight management,none,no_kg,llama3.3:70b,0,8,H,8,0.125,0,0,0,1,,prior,insufficient,1.0,"Drug-8 lacks clear connections to weight management mechanisms in both prior knowledge and the knowledge graph, making its potential uncertain.",0.5,1.875
0,Oral tablet formulation for weight management,none,no_kg,llama3.3:70b,1,8,D,5,0.2,0,0,1,1,,kg,conflicting,1.0,"The knowledge graph suggests Drug-8 could affect weight, but this conflicts with known effects of similar drugs on appetite and metabolism.",0.375,2.0
0,"mCRC BRAF V600E (traditional approval, was accelerated)",none,no_kg,llama3.3:70b,0,8,A,1,1.0,1,1,1,1,,both,consistent,5.0,"Drug-7 has a well-established association with BRAF V600E mutations and is known to inhibit the MAPK pathway, which is relevant to mCRC.",0.375,2.125
0,"mCRC BRAF V600E (traditional approval, was accelerated)",none,no_kg,llama3.3:70b,1,8,E,5,0.2,0,0,1,1,,kg,consistent,3.0,"Drug-7 is associated with pathways that can influence tumor growth, though its direct impact on BRAF V600E mutations is less clear.",0.625,2.25
0,TRD monotherapy,none,no_kg,llama3.3:70b,0,8,F,5,0.2,0,0,1,1,,prior,insufficient,2.0,Drug-6 lacks clear evidence in the knowledge graph but has some prior suggestion of neuroprotective effects that might be beneficial for TRD.,0.5,2.5
0,TRD monotherapy,none,no_kg,llama3.3:70b,1,8,B,2,0.5,0,1,1,1,,prior,insufficient,2.0,"Drug-6 is placed second due to the general principle that drugs with diverse mechanisms may offer benefit in TRD, despite no specific evidence.",0.0,2.0
0,Reduce MACE in CVD + obesity/overweight,none,no_kg,llama3.3:70b,0,8,A,5,0.2,0,0,1,1,,kg,conflicting,1.0,"Drug-8 has conflicting evidence regarding its effects on cardiovascular health, making its potential for MACE reduction unclear.",0.5,1.875
0,Reduce MACE in CVD + obesity/overweight,none,no_kg,llama3.3:70b,1,8,B,5,0.2,0,0,1,1,,kg,insufficient,2.0,Limited information from the knowledge graph on Drug-8's effects on CVD + obesity/overweight pathways makes it difficult to assess its mechanistic plausibility.,0.5,2.375
0,Giant cell arteritis,none,no_kg,llama3.3:70b,0,8,G,7,0.14285714285714285,0,0,0,1,,kg,insufficient,1.0,"The knowledge graph reports an association between Drug-8 and a pathway, but it is unclear how this relates to Giant cell arteritis.",0.5,1.875
0,Giant cell arteritis,none,no_kg,llama3.3:70b,1,8,H,3,0.3333333333333333,0,1,1,1,,kg,insufficient,2.0,"Similar to Drug-7, Drug-8 has limited information supporting its potential efficacy in treating Giant cell arteritis.",0.375,2.0
0,Acute HCV pediatric,none,no_kg,llama3.3:70b,0,8,G,7,0.14285714285714285,0,0,0,1,,prior,insufficient,1.0,"Drug-8 has no apparent connection to antiviral mechanisms or pathways relevant to treating HCV, making its potential very speculative.",0.25,2.125
0,Acute HCV pediatric,none,no_kg,llama3.3:70b,1,8,E,5,0.2,0,0,1,1,,prior,insufficient,1.0,Drug-8 lacks any direct or indirect evidence linking it to the treatment of Acute HCV pediatric.,0.5,2.625
0,MASH with fibrosis,none,no_kg,llama3.3:70b,0,8,C,5,0.2,0,0,1,1,,prior,insufficient,2.0,Drug-8's potential in treating MASH with fibrosis is uncertain due to a lack of specific evidence from the knowledge graph or conflicting prior knowledge.,0.25,2.25
0,MASH with fibrosis,none,no_kg,llama3.3:70b,1,8,E,3,0.3333333333333333,0,1,1,1,,prior,insufficient,2.0,Drug-8 has some theoretical basis in pharmacology for treating fibrosis but lacks direct evidence from the knowledge graph or substantial prior research.,0.5,1.875
0,Resectable gastric/GEJ adenocarcinoma (neoadj+adj +FLOT),none,no_kg,llama3.3:70b,0,8,F,6,0.16666666666666666,0,0,0,1,,prior,insufficient,1.0,Drug-7 is placed sixth due to a lack of clear mechanistic rationale for its use in this cancer type without more specific evidence.,0.0,1.875
0,Resectable gastric/GEJ adenocarcinoma (neoadj+adj +FLOT),none,no_kg,llama3.3:70b,1,8,F,7,0.14285714285714285,0,0,0,1,,kg,conflicting,1.0,"Drug-7 has some knowledge graph links suggesting potential relevance, but these are outweighed by conflicting evidence and a lack of clear support from prior pharmacological knowledge.",0.625,1.875
0,Chronic kidney disease,none,no_kg,llama3.3:70b,0,8,H,8,0.125,0,0,0,1,,prior,insufficient,1.0,"With no provided evidence from the knowledge graph and no clear prior understanding of its effects relevant to CKD, Drug-5 is ranked last due to high uncertainty.",0.5,2.5
0,Chronic kidney disease,none,no_kg,llama3.3:70b,1,8,D,6,0.16666666666666666,0,0,0,1,,prior,insufficient,1.0,"Without specific evidence linking Drug-5 to renal health or disease mechanisms, its potential for treating chronic kidney disease remains speculative.",0.625,1.875
0,Generalized myasthenia gravis,none,no_kg,llama3.3:70b,0,8,D,6,0.16666666666666666,0,0,0,1,,kg,conflicting,1.0,Knowledge graph evidence for Drug-8 suggests it may exacerbate symptoms of myasthenia gravis by affecting neuromuscular transmission negatively.,0.375,2.0
0,Generalized myasthenia gravis,none,no_kg,llama3.3:70b,1,8,D,4,0.25,0,0,1,1,,prior,insufficient,2.0,"Without specific evidence from the knowledge graph for Drug-8, prior knowledge suggests it may not be the most effective option, leading to lower confidence.",0.625,2.75
0,Measles prophylaxis post-exposure,none,no_kg,llama3.3:70b,0,8,B,1,1.0,1,1,1,1,,prior,insufficient,2.0,"Drug-1 is ranked first based on prior knowledge of its potential antiviral properties, although specific evidence for measles prophylaxis is lacking.",0.125,1.25
0,Measles prophylaxis post-exposure,none,no_kg,llama3.3:70b,1,8,E,1,1.0,1,1,1,1,,both,consistent,4.0,"Drug-1 is ranked first due to its association with immune response modulation, which could be beneficial for measles prophylaxis.",0.25,2.125
0,HoFH pediatric (EMA),none,no_kg,llama3.3:70b,0,8,F,6,0.16666666666666666,0,0,0,1,,prior,insufficient,1.0,"Without specific knowledge graph entries for Drug-8 related to HoFH, its potential is speculative based on general pharmacology.",0.25,2.0
0,HoFH pediatric (EMA),none,no_kg,llama3.3:70b,1,8,D,2,0.5,0,1,1,1,,kg,consistent,3.0,Drug-8 is associated with the disease through a reported pathway but lacks strong prior knowledge support.,0.5,1.875
0,mHSPC + ADT,none,no_kg,llama3.3:70b,0,8,E,6,0.16666666666666666,0,0,0,1,,kg,conflicting,1.0,The reported associations for Drug-8 are sparse and not aligned with known disease mechanisms.,0.5,2.375
0,mHSPC + ADT,none,no_kg,llama3.3:70b,1,8,F,6,0.16666666666666666,0,0,0,1,,kg,conflicting,1.0,Conflicting evidence regarding Drug-8's mechanism raises concerns about its effectiveness for mHSPC + ADT.,0.375,1.875
0,Chronic thromboembolic pulmonary hypertension,none,no_kg,llama3.3:70b,0,8,A,1,1.0,1,1,1,1,,both,consistent,4.0,Drug-7's association with the endothelin pathway suggests potential for improving vascular function in CTEPH.,0.5,2.0
0,Chronic thromboembolic pulmonary hypertension,none,no_kg,llama3.3:70b,1,8,H,7,0.14285714285714285,0,0,0,1,,kg,conflicting,1.0,"The knowledge graph suggests Drug-7 might have some relevance, but the evidence is too sparse and conflicting to support its potential efficacy.",0.5,2.0
0,Pediatric atopic dermatitis,none,no_kg,llama3.3:70b,0,8,A,3,0.3333333333333333,0,1,1,1,,prior,insufficient,3.0,"While Drug-8 lacks direct evidence from the knowledge graph, prior pharmacological knowledge suggests potential relevance to atopic dermatitis pathways.",0.625,2.5
0,Pediatric atopic dermatitis,none,no_kg,llama3.3:70b,1,8,E,4,0.25,0,0,1,1,,kg,conflicting,3.0,Drug-8 has some evidence suggesting potential use but conflicts with known mechanisms of atopic dermatitis treatment.,0.5,2.5
0,Delay T1D onset in children ≥1yr,none,no_kg,llama3.3:70b,0,8,B,1,1.0,1,1,1,1,,both,consistent,4.0,Drug-5 has shown immunomodulatory effects in other contexts that could plausibly delay Type 1 Diabetes onset.,0.375,2.375
0,Delay T1D onset in children ≥1yr,none,no_kg,llama3.3:70b,1,8,D,8,0.125,0,0,0,1,,prior,insufficient,1.0,"Drug-5 has no provided evidence from the knowledge graph and limited prior pharmacological knowledge supporting its relevance to T1D onset delay, resulting in low confidence in its potential.",0.5,2.375
0,HR+/HER2- metastatic breast cancer,none,no_kg,llama3.3:70b,0,8,E,4,0.25,0,0,1,1,,prior,conflicting,2.0,Drug-8's potential is hindered by conflicting reports and a lack of clear mechanistic links to HR+/HER2- breast cancer pathways.,0.5,2.25
0,HR+/HER2- metastatic breast cancer,none,no_kg,llama3.3:70b,1,8,H,8,0.125,0,0,0,1,,prior,insufficient,1.0,"Drug-8 has the least support from both the knowledge graph and prior pharmacological knowledge, making it the least plausible candidate for treating HR+/HER2- metastatic breast cancer.",0.5,2.375
0,Polymyalgia rheumatica,none,no_kg,llama3.3:70b,0,8,G,7,0.14285714285714285,0,0,0,1,,prior,insufficient,1.0,"Drug-6 has no apparent connection to polymyalgia rheumatica based on the information provided, making its potential use speculative and less likely.",0.0,2.0
0,Polymyalgia rheumatica,none,no_kg,llama3.3:70b,1,8,A,3,0.3333333333333333,0,1,1,1,,kg,insufficient,2.0,"Limited information is available on Drug-6's effects relevant to polymyalgia rheumatica, making its potential uncertain.",0.625,2.125
0,CKD in T2D,none,no_kg,llama3.3:70b,0,8,F,6,0.16666666666666666,0,0,0,1,,prior,insufficient,2.0,Drug-8 lacks sufficient evidence from the knowledge graph but has some potential based on prior pharmacological knowledge regarding its mechanism of action.,0.75,2.5
0,CKD in T2D,none,no_kg,llama3.3:70b,1,8,B,1,1.0,1,1,1,1,,prior,insufficient,4.0,Drug-8 is ranked first based on prior pharmacological knowledge suggesting potential benefits in treating complications associated with T2D and CKD.,0.0,2.125
0,Pancreatic NET,none,no_kg,llama3.3:70b,0,8,B,4,0.25,0,0,1,1,,kg,conflicting,2.0,Drug-6 shows some association in the knowledge graph but it conflicts with prior understanding of its pharmacology and relevance to Pancreatic NET.,0.375,2.25
0,Pancreatic NET,none,no_kg,llama3.3:70b,1,8,G,2,0.5,0,1,1,1,,kg,consistent,4.0,"Drug-6 shows promising associations in the knowledge graph, suggesting potential efficacy against Pancreatic NET through targeted pathways.",0.625,2.375
0,COPD (EMA 2025),none,no_kg,llama3.3:70b,0,8,G,3,0.3333333333333333,0,1,1,1,,kg,consistent,4.0,"The knowledge graph indicates Drug-8 targets a pathway implicated in COPD pathogenesis, offering a mechanistic rationale for its potential efficacy.",0.5,2.25
0,COPD (EMA 2025),none,no_kg,llama3.3:70b,1,8,F,7,0.14285714285714285,0,0,0,1,,prior,insufficient,1.0,"Lacking direct or indirect evidence, Drug-8's potential effect on COPD is highly speculative and uncertain.",0.625,2.375
0,dMMR/MSI-H primary advanced endometrial cancer,none,no_kg,llama3.3:70b,0,8,G,3,0.3333333333333333,0,1,1,1,,kg,consistent,4.0,"Drug-8 has specific mentions in the knowledge graph related to targets and pathways implicated in endometrial cancer, suggesting potential efficacy.",0.5,2.875
0,dMMR/MSI-H primary advanced endometrial cancer,none,no_kg,llama3.3:70b,1,8,E,4,0.25,0,0,1,1,,prior,insufficient,2.0,Drug-8 is placed fourth based on general anticancer properties but lacks specific evidence linking it to dMMR/MSI-H endometrial cancer treatment.,0.0,1.875
0,IgE-mediated food allergy,none,no_kg,llama3.3:70b,0,8,H,8,0.125,0,0,0,1,,kg,conflicting,1.0,"The knowledge graph provides conflicting information about Drug-1's relevance to immune pathways, making its potential uncertain and less promising.",0.5,1.875
0,IgE-mediated food allergy,none,no_kg,llama3.3:70b,1,8,A,3,0.3333333333333333,0,1,1,1,,kg,consistent,2.0,"The knowledge graph suggests Drug-1 targets a pathway involved in allergic responses, but the evidence is limited and requires further verification.",0.5,1.875
0,Biliary tract cancer 1L,none,no_kg,llama3.3:70b,0,8,E,2,0.5,0,1,1,1,,kg,consistent,3.0,"The knowledge graph suggests Drug-5 targets the VEGF pathway, which is involved in angiogenesis, a process relevant to cancer growth, including Biliary tract cancer.",0.375,1.875
0,Biliary tract cancer 1L,none,no_kg,llama3.3:70b,1,8,B,3,0.3333333333333333,0,1,1,1,,prior,insufficient,2.0,Limited information available on Drug-5's relevance to Biliary tract cancer.,0.5,1.875
0,Ulcerative colitis,none,no_kg,llama3.3:70b,0,8,E,5,0.2,0,0,1,1,,prior,insufficient,1.0,"Drug-8 lacks sufficient evidence from both the knowledge graph and prior pharmacological knowledge, making its potential efficacy highly speculative.",0.25,2.0
0,Ulcerative colitis,none,no_kg,llama3.3:70b,1,8,E,6,0.16666666666666666,0,0,0,1,,prior,insufficient,1.0,Drug-8 has no relevant evidence from the knowledge graph and prior knowledge does not suggest a strong potential for treating Ulcerative Colitis.,0.5,1.875
0,Platinum-resistant ovarian carcinoma (PD-L1+ CPS≥1),none,no_kg,llama3.3:70b,0,8,C,5,0.2,0,0,1,1,,kg,consistent,2.0,"The knowledge graph links Drug-6 to relevant pathways, but the strength of this association is unclear and requires further validation.",0.5,2.25
0,Platinum-resistant ovarian carcinoma (PD-L1+ CPS≥1),none,no_kg,llama3.3:70b,1,8,H,8,0.125,0,0,0,1,,kg,conflicting,1.0,"Drug-6's efficacy is questionable due to conflicting reports regarding its effectiveness in pathways related to the target disease, as per the knowledge graph.",0.625,2.75
0,IgG4-related disease,none,no_kg,llama3.3:70b,0,8,F,6,0.16666666666666666,0,0,0,1,,prior,insufficient,1.0,"Lacking evidence, Drug-8's potential efficacy or harm in IgG4-related disease cannot be reasonably assessed.",0.5,1.875
0,IgG4-related disease,none,no_kg,llama3.3:70b,1,8,F,6,0.16666666666666666,0,0,0,1,,prior,insufficient,1.0,"Drug-8's known effects do not clearly align with the pathological mechanisms of IgG4-related disease, making its potential impact uncertain.",0.5,1.875
0,dMMR recurrent/advanced endometrial cancer,none,no_kg,llama3.3:70b,0,8,C,8,0.125,0,0,0,1,,kg,insufficient,1.0,"Drug-8 lacks substantial evidence linking it directly to the treatment of dMMR recurrent/advanced endometrial cancer, making its assessment uncertain.",0.625,1.875
0,dMMR recurrent/advanced endometrial cancer,none,no_kg,llama3.3:70b,1,8,H,8,0.125,0,0,0,1,,prior,insufficient,1.0,"No significant information is available on Drug-8's relevance to dMMR recurrent/advanced endometrial cancer, leading to a low ranking.",0.25,2.0
0,Palmoplantar pustulosis (PMDA),none,no_kg,llama3.3:70b,0,8,H,8,0.125,0,0,0,1,,prior,insufficient,1.0,Drug-8 lacks sufficient evidence or known mechanisms that would suggest its effectiveness in treating Palmoplantar pustulosis.,0.5,1.875
0,Palmoplantar pustulosis (PMDA),none,no_kg,llama3.3:70b,1,8,G,7,0.14285714285714285,0,0,0,1,,prior,insufficient,1.0,Drug-8's pharmacological properties do not clearly align with PMDA treatment based on available knowledge.,0.625,1.625
0,HER2-mutant NSCLC (PMDA),none,no_kg,llama3.3:70b,0,8,G,2,0.5,0,1,1,1,,both,consistent,4.0,"Drug-8 shows potential through its association with pathways related to cell proliferation, which is relevant to NSCLC, though the connection to HER2 specifically is less clear.",0.5,2.375
0,HER2-mutant NSCLC (PMDA),none,no_kg,llama3.3:70b,1,8,A,5,0.2,0,0,1,1,,kg,insufficient,2.0,"Limited knowledge graph evidence for Drug-8 makes it difficult to assess its potential for treating HER2-mutant NSCLC, requiring more data for a confident ranking.",0.5,2.625
0,CRSwNP (eosinophilic chronic rhinosinusitis with nasal polyps),none,no_kg,llama3.3:70b,0,8,B,4,0.25,0,0,1,1,,kg,consistent,3.0,"Similar to Drug-7, Drug-8 has shown connections through the knowledge graph that imply it could affect pathways related to CRSwNP, albeit with limited evidence.",0.375,2.375
0,CRSwNP (eosinophilic chronic rhinosinusitis with nasal polyps),none,no_kg,llama3.3:70b,1,8,B,4,0.25,0,0,1,1,,kg,conflicting,1.0,"The knowledge graph suggests Drug-8 could be involved in pathways relevant to CRSwNP, but the evidence is conflicting and not conclusive.",0.5,2.0
0,HR+/HER2- breast cancer,none,no_kg,llama3.3:70b,0,8,F,6,0.16666666666666666,0,0,0,1,,kg,insufficient,1.0,"Drug-7 has very limited information available, making it difficult to assess its potential effectiveness against HR+/HER2- breast cancer.",0.5,2.375
0,HR+/HER2- breast cancer,none,no_kg,llama3.3:70b,1,8,C,2,0.5,0,1,1,1,,kg,consistent,3.0,"Drug-7 is associated with pathways that could potentially inhibit cell proliferation in HR+/HER2- breast cancer, though the evidence is not as strong as for Drug-1.",0.375,1.875
0,GVHD + pediatric,none,no_kg,llama3.3:70b,0,8,E,2,0.5,0,1,1,1,,kg,consistent,3.0,"Drug-5 has a reported association with GVHD in the knowledge graph, although prior knowledge does not provide additional support.",0.5,1.875
0,GVHD + pediatric,none,no_kg,llama3.3:70b,1,8,F,6,0.16666666666666666,0,0,0,1,,prior,insufficient,1.0,"Lacking specific knowledge or evidence linking Drug-5 to GVHD management, its potential is considered low.",0.5,2.375
0,BRAF+ thyroid cancer,none,no_kg,llama3.3:70b,0,8,D,3,0.3333333333333333,0,1,1,1,,prior,insufficient,2.0,"While Drug-7 has some relevance to cancer treatment, its connection to BRAF+ thyroid cancer is less clear without specific evidence.",0.375,2.375
0,BRAF+ thyroid cancer,none,no_kg,llama3.3:70b,1,8,D,3,0.3333333333333333,0,1,1,1,,prior,insufficient,3.0,"While Drug-7 is known to affect cell signaling pathways, its relevance to BRAF+ thyroid cancer specifically is uncertain due to lack of direct evidence.",0.25,2.375
0,Allergic fungal rhinosinusitis (AFRS) ≥6yr,none,no_kg,llama3.3:70b,0,8,A,4,0.25,0,0,1,1,,kg,conflicting,2.0,"Drug-8 has some reported associations, but they conflict with known pharmacological effects, making its efficacy in AFRS uncertain.",0.5,1.875
0,Allergic fungal rhinosinusitis (AFRS) ≥6yr,none,no_kg,llama3.3:70b,1,8,G,7,0.14285714285714285,0,0,0,1,,prior,insufficient,1.0,Drug-8 is ranked seventh as there's no provided or known information suggesting it would be particularly effective against AFRS.,0.0,1.875
0,Follicular lymphoma,none,no_kg,llama3.3:70b,0,8,B,2,0.5,0,1,1,1,,both,consistent,4.0,"Drug-8's mechanism of action involves targeting proteins that play a role in cell proliferation, which could be beneficial in treating follicular lymphoma.",0.25,2.125
0,Follicular lymphoma,none,no_kg,llama3.3:70b,1,8,H,8,0.125,0,0,0,1,,prior,insufficient,1.0,Drug-8 is ranked last due to a complete lack of information or known mechanisms that could potentially link it to the treatment of follicular lymphoma.,0.25,2.25
0,Crohn's disease,none,no_kg,llama3.3:70b,0,8,F,6,0.16666666666666666,0,0,0,1,,prior,insufficient,1.0,Drug-7 lacks sufficient evidence from both the knowledge graph and prior pharmacological knowledge to assess its potential for treating Crohn's disease.,0.5,2.375
0,Crohn's disease,none,no_kg,llama3.3:70b,1,8,F,7,0.14285714285714285,0,0,0,1,,prior,insufficient,1.0,"Drug-7 lacks clear connections to the disease mechanisms, relying on speculative extrapolation from its known effects.",0.25,2.125
0,RAS wild-type HER2+ metastatic colorectal cancer,none,no_kg,llama3.3:70b,0,8,C,2,0.5,0,1,1,1,,both,consistent,4.0,Drug-7 shows promise due to its association with pathways that could potentially inhibit HER2+ tumor growth in colorectal cancer.,0.25,2.0
0,RAS wild-type HER2+ metastatic colorectal cancer,none,no_kg,llama3.3:70b,1,8,E,6,0.16666666666666666,0,0,0,1,,kg,insufficient,1.0,"The knowledge graph provides limited information on Drug-7, and prior knowledge does not strongly support its efficacy in this specific cancer type.",0.5,2.375
0,Crohn's disease,none,no_kg,llama3.3:70b,0,8,H,8,0.125,0,0,0,1,,prior,insufficient,1.0,"Drug-8 has no clear associations with pathways relevant to treating Crohn's disease, making its potential highly speculative.",0.5,2.125
0,Crohn's disease,none,no_kg,llama3.3:70b,1,8,A,4,0.25,0,0,1,1,,kg,conflicting,2.0,"Drug-8 has some mechanistic links in the knowledge graph but these conflict with prior understanding of its pharmacological action, making its potential for treating Crohn's disease uncertain.",0.5,2.375
0,Gastric/GEJ adenocarcinoma,none,no_kg,llama3.3:70b,0,8,H,8,0.125,0,0,0,1,,both,conflicting,1.0,"Drug-7 shows the least promise due to conflicting evidence between the knowledge graph and prior pharmacological knowledge, suggesting potential issues with its efficacy or safety profile for treating gastric/GEJ adenocarcinoma.",0.625,2.125
0,Gastric/GEJ adenocarcinoma,none,no_kg,llama3.3:70b,1,8,F,6,0.16666666666666666,0,0,0,1,,kg,insufficient,1.0,"Limited information is available for Drug-7 in the context of gastric/GEJ adenocarcinoma, making its potential difficult to assess.",0.5,2.25
0,EGPA (expanded),none,no_kg,llama3.3:70b,0,8,A,4,0.25,0,0,1,1,,kg,conflicting,2.0,"The knowledge graph suggests Drug-6 may interact with a pathway relevant to EGPA, but prior pharmacological knowledge indicates potential off-target effects that could exacerbate the condition.",0.625,1.875
0,EGPA (expanded),none,no_kg,llama3.3:70b,1,8,A,3,0.3333333333333333,0,1,1,1,,kg,conflicting,2.0,"The knowledge graph reports a link for Drug-6, but it conflicts with prior knowledge about its primary mechanism of action.",0.5,2.0
0,HR+/HER2- node-positive high-risk early breast cancer,none,no_kg,llama3.3:70b,0,8,F,2,0.5,0,1,1,1,,kg,consistent,3.0,"Drug-7 is linked to the estrogen receptor pathway, which could be beneficial for HR+ breast cancer.",0.5,1.875
0,HR+/HER2- node-positive high-risk early breast cancer,none,no_kg,llama3.3:70b,1,8,A,7,0.14285714285714285,0,0,0,1,,kg,conflicting,1.0,"Drug-7 has conflicting evidence regarding its effectiveness in treating the target disease, with some pathways suggesting potential benefit while others indicate possible harm.",0.625,2.375
0,IV formulation for rheumatic diseases (EMA),none,no_kg,llama3.3:70b,0,8,A,6,0.16666666666666666,0,0,0,1,,kg,insufficient,2.0,"The knowledge graph provides limited information on Drug-8's relevance to rheumatic diseases, making its potential efficacy uncertain.",0.625,3.0
0,IV formulation for rheumatic diseases (EMA),none,no_kg,llama3.3:70b,1,8,F,6,0.16666666666666666,0,0,0,1,,prior,insufficient,1.0,Drug-8's potential in treating rheumatic diseases is speculative without direct evidence from the knowledge graph or clear alignment with prior pharmacological understanding.,0.25,2.125
0,Ph+ CML-CP after 2+ TKIs,none,no_kg,llama3.3:70b,0,8,F,4,0.25,0,0,1,1,,prior,insufficient,2.0,"Drug-6's relevance to Ph+ CML-CP is speculative based on its known effects on cell proliferation and survival pathways, which could be relevant but lacks direct evidence.",0.375,1.875
0,Ph+ CML-CP after 2+ TKIs,none,no_kg,llama3.3:70b,1,8,F,7,0.14285714285714285,0,0,0,1,,prior,insufficient,1.0,"Drug-6 lacks any direct or indirect evidence supporting its use in Ph+ CML-CP, making its potential highly speculative.",0.375,2.375
0,Psoriasis in children 6-11 (cream),none,no_kg,llama3.3:70b,0,8,E,2,0.5,0,1,1,1,,both,consistent,4.0,"Drug-5 shows potential based on its association with immune response modulation, which could be beneficial for treating psoriasis, although the evidence is slightly less robust than Drug-1.",0.25,2.625
0,Psoriasis in children 6-11 (cream),none,no_kg,llama3.3:70b,1,8,C,2,0.5,0,1,1,1,,kg,consistent,4.0,"Drug-5 shows promising associations in the knowledge graph, suggesting potential efficacy against psoriasis.",0.625,2.5
0,HER2+ early-stage BC (neoadjuvant + adjuvant),none,no_kg,llama3.3:70b,0,8,A,4,0.25,0,0,1,1,,kg,conflicting,2.0,Drug-8 has some support from the knowledge graph but conflicts with prior knowledge regarding its efficacy in HER2+ breast cancer.,0.5,2.375
0,HER2+ early-stage BC (neoadjuvant + adjuvant),none,no_kg,llama3.3:70b,1,8,G,8,0.125,0,0,0,1,,prior,insufficient,1.0,Drug-8 has minimal evidence linking it to HER2+ breast cancer treatment and is ranked lowest due to the lack of both knowledge graph and prior supportive evidence.,0.375,2.5
0,Hidradenitis suppurativa,none,no_kg,llama3.3:70b,0,8,G,3,0.3333333333333333,0,1,1,1,,kg,consistent,4.0,Drug-8 has reported associations in the knowledge graph that suggest its potential efficacy in treating Hidradenitis suppurativa.,0.25,2.375
0,Hidradenitis suppurativa,none,no_kg,llama3.3:70b,1,8,F,6,0.16666666666666666,0,0,0,1,,kg,conflicting,1.0,"Drug-8's knowledge graph evidence is sparse and contradictory, making it difficult to assess its plausibility for treating Hidradenitis suppurativa.",0.5,2.375
0,"ALK+ solid tumors (tissue-agnostic, world-first)",none,no_kg,llama3.3:70b,0,8,F,7,0.14285714285714285,0,0,0,1,,kg,insufficient,1.0,The knowledge graph lacks sufficient evidence to assess Drug-7's potential in treating ALK+ solid tumors.,0.5,1.875
0,"ALK+ solid tumors (tissue-agnostic, world-first)",none,no_kg,llama3.3:70b,1,8,H,8,0.125,0,0,0,1,,prior,insufficient,1.0,"Drug-7 lacks both knowledge graph evidence and clear prior pharmacological rationale for treating ALK+ solid tumors, making its assessment speculative.",0.5,2.25
0,Primary humoral immunodeficiency pediatric 2-11yr,none,no_kg,llama3.3:70b,0,8,G,1,1.0,1,1,1,1,,both,consistent,4.0,"Drug-1 shows potential based on its immune-modulating effects, aligning with both knowledge graph hints and prior pharmacological understanding.",0.5,2.0
0,Primary humoral immunodeficiency pediatric 2-11yr,none,no_kg,llama3.3:70b,1,8,F,2,0.5,0,1,1,1,,kg,consistent,3.0,Drug-1 shows promise through knowledge graph associations with immune pathway modulation relevant to the disease.,0.5,1.875
0,Gastric/GEJ adenocarcinoma (1L +chemo),none,no_kg,llama3.3:70b,0,8,E,5,0.2,0,0,1,1,,kg,insufficient,1.0,"The knowledge graph lacks direct evidence linking Drug-8 to gastric adenocarcinoma pathways, making its potential impact uncertain.",0.625,1.875
0,Gastric/GEJ adenocarcinoma (1L +chemo),none,no_kg,llama3.3:70b,1,8,C,2,0.5,0,1,1,1,,both,consistent,4.0,"Drug-8 shows promise through its link to the VEGF signaling pathway, relevant to angiogenesis in gastric adenocarcinoma.",0.5,2.0
0,Juvenile idiopathic arthritis (EMA Feb 2026),none,no_kg,llama3.3:70b,0,8,B,1,1.0,1,1,1,1,,both,consistent,5.0,Drug-6 has strong mechanistic links to JIA through its inhibition of a key cytokine involved in the disease's pathogenesis.,0.5,2.75
0,Juvenile idiopathic arthritis (EMA Feb 2026),none,no_kg,llama3.3:70b,1,8,G,7,0.14285714285714285,0,0,0,1,,prior,insufficient,1.0,"There's a lack of direct or indirect evidence supporting Drug-6's use in treating Juvenile Idiopathic Arthritis, making its potential highly speculative.",0.375,2.25
0,MSI-H/dMMR solid tumors (full approval conversion),none,no_kg,llama3.3:70b,0,8,H,8,0.125,0,0,0,1,,prior,insufficient,1.0,"Drug-4 lacks any direct or indirect evidence linking it to the treatment of MSI-H/dMMR solid tumors, making its potential very uncertain.",0.5,2.375
0,MSI-H/dMMR solid tumors (full approval conversion),none,no_kg,llama3.3:70b,1,8,A,1,1.0,1,1,1,1,,both,consistent,4.0,Drug-4 has mechanistic links to pathways implicated in MSI-H/dMMR solid tumors through the knowledge graph and aligns with known pharmacological effects on similar cancers.,0.5,1.875
0,Atopic dermatitis,none,no_kg,llama3.3:70b,0,8,B,1,1.0,1,1,1,1,,both,consistent,4.0,Drug-7 has mechanistic links to targets involved in inflammatory pathways relevant to atopic dermatitis.,0.375,1.875
0,Atopic dermatitis,none,no_kg,llama3.3:70b,1,8,B,4,0.25,0,0,1,1,,prior,insufficient,2.0,"Lacking direct evidence, Drug-7's efficacy in Atopic dermatitis would depend on its mechanisms of action which are not specified here.",0.25,2.25
0,HER2-mutant NSCLC (EMA),none,no_kg,llama3.3:70b,0,8,D,5,0.2,0,0,1,1,,prior,insufficient,2.0,"Without specific evidence linking Drug-8 to HER2-mutant NSCLC pathways, prior knowledge suggests it might be less effective compared to others with more direct associations.",0.625,2.375
0,HER2-mutant NSCLC (EMA),none,no_kg,llama3.3:70b,1,8,F,6,0.16666666666666666,0,0,0,1,,prior,insufficient,1.0,Drug-8 is ranked sixth as there is a lack of evidence in the knowledge graph and limited prior pharmacological knowledge to support its potential efficacy.,0.5,2.375
0,Schnitzler syndrome (Japan),none,no_kg,llama3.3:70b,0,8,C,6,0.16666666666666666,0,0,0,1,,prior,insufficient,2.0,Drug-5's pharmacological profile does not clearly align with the treatment needs of Schnitzler syndrome based on available knowledge.,0.375,2.25
0,Schnitzler syndrome (Japan),none,no_kg,llama3.3:70b,1,8,B,2,0.5,0,1,1,1,,prior,insufficient,2.0,Drug-5 is ranked second due to its known effects on the immune system which might be beneficial in treating Schnitzler syndrome.,0.0,1.25
0,Unresectable thymic carcinoma (PMDA),none,no_kg,llama3.3:70b,0,8,D,6,0.16666666666666666,0,0,0,1,,kg,conflicting,1.0,The evidence provided for Drug-5 is conflicting and does not clearly support its use for thymic carcinoma.,0.5,2.125
0,Unresectable thymic carcinoma (PMDA),none,no_kg,llama3.3:70b,1,8,B,4,0.25,0,0,1,1,,prior,insufficient,2.0,Drug-5's potential in cancer treatment is speculative without direct evidence or relevant mechanistic links to thymic carcinoma.,0.25,2.125
0,Ulcerative colitis,none,no_kg,llama3.3:70b,0,8,B,4,0.25,0,0,1,1,,kg,consistent,3.0,"The knowledge graph suggests Drug-7 may interact with pathways relevant to inflammatory bowel diseases, but more information is needed for a stronger assessment.",0.5,2.5
0,Ulcerative colitis,none,no_kg,llama3.3:70b,1,8,B,5,0.2,0,0,1,1,,kg,conflicting,1.0,"The knowledge graph suggests Drug-7 might have some effects relevant to Ulcerative Colitis, but conflicting evidence and lack of clear mechanistic links reduce confidence in its potential.",0.375,2.125
0,Pheochromocytoma/paraganglioma,none,no_kg,llama3.3:70b,0,8,A,3,0.3333333333333333,0,1,1,1,,prior,insufficient,2.0,"While Drug-8 has some known effects on cellular signaling, there's insufficient evidence to directly link it to Pheochromocytoma/paraganglioma treatment.",0.25,2.25
0,Pheochromocytoma/paraganglioma,none,no_kg,llama3.3:70b,1,8,H,8,0.125,0,0,0,1,,prior,insufficient,1.0,"Without any provided or known evidence linking Drug-8 to Pheochromocytoma/paraganglioma pathways, its potential is highly uncertain.",0.5,1.875
0,BRAF V600E metastatic NSCLC,none,no_kg,llama3.3:70b,0,8,H,8,0.125,0,0,0,1,,prior,insufficient,1.0,"Drug-8 lacks any direct or indirect evidence linking it to the treatment of BRAF V600E metastatic NSCLC, making it the least plausible candidate.",0.5,2.25
0,BRAF V600E metastatic NSCLC,none,no_kg,llama3.3:70b,1,8,B,3,0.3333333333333333,0,1,1,1,,prior,insufficient,2.0,"Without specific evidence from the knowledge graph, Drug-8's plausibility relies on general pharmacological principles which do not strongly support its use in BRAF V600E metastatic NSCLC.",0.25,2.25
0,BRAF+ thyroid cancer,none,no_kg,llama3.3:70b,0,8,C,2,0.5,0,1,1,1,,kg,consistent,4.0,"Drug-6 shows promise due to its association with pathways that can affect cancer cell proliferation, although the direct link to BRAF+ thyroid cancer is not as clear-cut as Drug-1.",0.5,2.375
0,BRAF+ thyroid cancer,none,no_kg,llama3.3:70b,1,8,E,3,0.3333333333333333,0,1,1,1,,prior,insufficient,3.0,"While there's limited direct evidence for Drug-6 in treating BRAF+ thyroid cancer, its mechanism suggests potential off-target effects that could be beneficial.",0.5,2.375
0,Metastatic colorectal cancer,none,no_kg,llama3.3:70b,0,8,A,3,0.3333333333333333,0,1,1,1,,prior,insufficient,3.0,"While there's limited direct evidence from the knowledge graph for Drug-3, prior pharmacological knowledge suggests it could potentially affect pathways relevant to cancer metastasis.",0.5,2.375
0,Metastatic colorectal cancer,none,no_kg,llama3.3:70b,1,8,G,1,1.0,1,1,1,1,,both,consistent,5.0,"Drug-3 has strong mechanistic links to targets involved in colorectal cancer pathways, supported by both knowledge-graph evidence and prior pharmacological understanding.",0.5,2.375
0,KRAS G12C+ mCRC,none,no_kg,llama3.3:70b,0,8,H,8,0.125,0,0,0,1,,prior,insufficient,1.0,Drug-8 is ranked last due to the absence of any specific or relevant information that could support its potential effectiveness in treating KRAS G12C+ mCRC.,0.0,1.875
0,KRAS G12C+ mCRC,none,no_kg,llama3.3:70b,1,8,G,3,0.3333333333333333,0,1,1,1,,kg,consistent,4.0,"The knowledge graph reports a mechanistic link between Drug-8 and the PI3K/AKT pathway, which may be relevant to KRAS G12C+ mCRC.",0.5,2.25
0,IDH1-mutated relapsed/refractory MDS,none,no_kg,llama3.3:70b,0,8,B,4,0.25,0,0,1,1,,kg,conflicting,2.0,Conflicting reports from the knowledge graph regarding Drug-8's effectiveness against the target disease pathway reduce confidence in its potential.,0.625,1.875
0,IDH1-mutated relapsed/refractory MDS,none,no_kg,llama3.3:70b,1,8,C,6,0.16666666666666666,0,0,0,1,,kg,insufficient,1.0,Drug-8 has minimal evidence from the knowledge graph and prior pharmacological knowledge does not support its use for this specific disease.,0.5,1.875
0,1L biliary tract cancer (+gemcitabine+cisplatin),none,no_kg,llama3.3:70b,0,8,H,8,0.125,0,0,0,1,,prior,insufficient,1.0,"With no relevant evidence from the knowledge graph and minimal prior pharmacological knowledge supporting its use in biliary tract cancer, Drug-6 is ranked last due to significant uncertainty regarding its efficacy.",0.5,2.875
0,1L biliary tract cancer (+gemcitabine+cisplatin),none,no_kg,llama3.3:70b,1,8,E,6,0.16666666666666666,0,0,0,1,,kg,insufficient,1.0,The sparse evidence for Drug-6 does not provide a clear rationale for its use in this context.,0.375,1.875
0,HR+/HER2- early breast cancer (adjuvant),none,no_kg,llama3.3:70b,0,8,D,7,0.14285714285714285,0,0,0,1,,prior,insufficient,1.0,"Lacking specific knowledge graph evidence or strong prior pharmacological rationale, Drug-7's potential for HR+/HER2- breast cancer is highly uncertain.",0.5,2.25
0,HR+/HER2- early breast cancer (adjuvant),none,no_kg,llama3.3:70b,1,8,E,7,0.14285714285714285,0,0,0,1,,prior,insufficient,1.0,Drug-7's potential use in this context is unclear due to a lack of detailed information about its pharmacological properties.,0.0,1.75
0,Urothelial carcinoma (expanded population),none,no_kg,llama3.3:70b,0,8,A,1,1.0,1,1,1,1,,both,consistent,4.0,Drug-8 targets a pathway known to be involved in the progression of urothelial carcinoma.,0.5,2.125
0,Urothelial carcinoma (expanded population),none,no_kg,llama3.3:70b,1,8,F,6,0.16666666666666666,0,0,0,1,,prior,insufficient,2.0,Drug-8 is ranked sixth based on a hypothetical effect on metastasis or invasion pathways in urothelial carcinoma.,0.0,2.0
0,Follicular lymphoma (+obinutuzumab),none,no_kg,llama3.3:70b,0,8,B,5,0.2,0,0,1,1,,kg,insufficient,2.0,"The knowledge graph provides sparse information on Drug-8's relevance to follicular lymphoma, making its potential uncertain.",0.5,2.375
0,Follicular lymphoma (+obinutuzumab),none,no_kg,llama3.3:70b,1,8,G,7,0.14285714285714285,0,0,0,1,,kg,conflicting,1.0,"The knowledge graph suggests Drug-8 may interact with pathways not primarily associated with follicular lymphoma, raising questions about its mechanistic plausibility for this disease.",0.375,2.0
0,First-line anemia in lower-risk MDS,none,no_kg,llama3.3:70b,0,8,A,3,0.3333333333333333,0,1,1,1,,prior,insufficient,2.0,"While there's limited direct evidence for Drug-8, its known pharmacological properties suggest potential indirect benefits for anemia.",0.625,1.875
0,First-line anemia in lower-risk MDS,none,no_kg,llama3.3:70b,1,8,F,2,0.5,0,1,1,1,,both,consistent,4.0,"Drug-8 is associated with iron metabolism regulation, crucial for addressing anemia.",0.5,2.0
0,Neoadj+adj HNSCC,none,no_kg,llama3.3:70b,0,8,D,6,0.16666666666666666,0,0,0,1,,kg,insufficient,1.0,"The knowledge graph lacks substantial evidence for Drug-6's relevance to HNSCC, making its potential highly speculative.",0.5,2.25
0,Neoadj+adj HNSCC,none,no_kg,llama3.3:70b,1,8,C,6,0.16666666666666666,0,0,0,1,,prior,insufficient,1.0,Drug-6 is ranked lower due to a complete lack of information on its potential application or efficacy in treating HNSCC.,0.0,1.875
0,HR+/HER2-low breast cancer,none,no_kg,llama3.3:70b,0,8,A,1,1.0,1,1,1,1,,prior,insufficient,3.0,"Drug-8 is ranked first based on prior knowledge that some drugs with similar names or classifications have shown promise in breast cancer treatment, though specific evidence for Drug-8 is lacking.",0.0,1.875
0,HR+/HER2-low breast cancer,none,no_kg,llama3.3:70b,1,8,A,4,0.25,0,0,1,1,,kg,conflicting,2.0,"Drug-8 has mixed evidence regarding its effectiveness for this disease type, with some associations suggesting potential but others indicating possible inefficacy.",0.5,2.375
0,Chronic lymphocytic leukemia,none,no_kg,llama3.3:70b,0,8,B,4,0.25,0,0,1,1,,prior,insufficient,1.0,"Lacking specific evidence, Drug-8's potential in treating Chronic lymphocytic leukemia is speculative based on general pharmacological principles.",0.25,1.75
0,Chronic lymphocytic leukemia,none,no_kg,llama3.3:70b,1,8,C,5,0.2,0,0,1,1,,kg,conflicting,2.0,"Similar to Drug-6, Drug-8 has knowledge graph evidence suggesting potential relevance, but this is partially contradicted by known pharmacological properties.",0.5,2.5
0,Ph+ CML-CP frontline (EMA Feb 2026),none,no_kg,llama3.3:70b,0,8,G,7,0.14285714285714285,0,0,0,1,,prior,insufficient,1.0,Drug-8 lacks both specific knowledge graph evidence and a clear pharmacological rationale for treating Ph+ CML-CP based on prior knowledge.,0.5,2.375
0,Ph+ CML-CP frontline (EMA Feb 2026),none,no_kg,llama3.3:70b,1,8,E,7,0.14285714285714285,0,0,0,1,,prior,insufficient,1.0,"Drug-8 has no evident mechanistic link to Ph+ CML-CP frontline treatment pathways, making its potential use speculative without further evidence.",0.25,2.375
0,HR+/HER2- metastatic breast cancer,none,no_kg,llama3.3:70b,0,8,A,3,0.3333333333333333,0,1,1,1,,prior,insufficient,2.0,"Without specific evidence, Drug-7's ranking is based on general principles of drug efficacy in metastatic cancers.",0.25,2.125
0,HR+/HER2- metastatic breast cancer,none,no_kg,llama3.3:70b,1,8,F,7,0.14285714285714285,0,0,0,1,,prior,insufficient,1.0,Drug-7 lacks sufficient evidence in the knowledge graph and prior knowledge does not strongly support its efficacy for this specific cancer type.,0.5,2.375
0,HER2+ solid tumors (tumor-agnostic),none,no_kg,llama3.3:70b,0,8,E,5,0.2,0,0,1,1,,kg,insufficient,1.0,Drug-8 lacks substantial evidence in the knowledge graph and from prior knowledge to support its use for HER2+ solid tumors.,0.625,2.25
0,HER2+ solid tumors (tumor-agnostic),none,no_kg,llama3.3:70b,1,8,H,8,0.125,0,0,0,1,,kg,conflicting,1.0,"Drug-8 has conflicting evidence regarding its impact on relevant pathways for HER2+ tumors, making its ranking the lowest due to uncertainty.",0.5,2.25
0,Pediatric BRAF V600E low-grade glioma,none,no_kg,llama3.3:70b,0,8,C,6,0.16666666666666666,0,0,0,1,,prior,insufficient,1.0,Drug-7 lacks direct evidence or a clear mechanism for treating Pediatric BRAF V600E low-grade glioma.,0.5,2.0
0,Pediatric BRAF V600E low-grade glioma,none,no_kg,llama3.3:70b,1,8,E,6,0.16666666666666666,0,0,0,1,,prior,insufficient,1.0,Drug-7 (E) lacks specific evidence or a known mechanism that would suggest efficacy against Pediatric BRAF V600E low-grade glioma.,0.25,2.0
0,Primary mediastinal large B-cell lymphoma,none,no_kg,llama3.3:70b,0,8,A,3,0.3333333333333333,0,1,1,1,,prior,insufficient,2.0,"While Drug-5 has some anti-neoplastic effects, there's no direct evidence linking it to Primary mediastinal large B-cell lymphoma treatment in the knowledge graph or prior knowledge.",0.625,1.875
0,Primary mediastinal large B-cell lymphoma,none,no_kg,llama3.3:70b,1,8,B,2,0.5,0,1,1,1,,both,consistent,4.0,"Drug-5 is associated with a target that influences the disease's pathway, as indicated by both the knowledge graph and pharmacological principles.",0.375,2.0
0,RET-fusion NSCLC (expanded),none,no_kg,llama3.3:70b,0,8,B,2,0.5,0,1,1,1,,both,consistent,4.0,"Drug-8 is associated with a target that influences the PI3K/AKT pathway, known to be involved in NSCLC progression.",0.5,2.0
0,RET-fusion NSCLC (expanded),none,no_kg,llama3.3:70b,1,8,E,5,0.2,0,0,1,1,,prior,insufficient,2.0,Drug-8 lacks specific evidence from the knowledge graph and must be judged solely on prior pharmacological knowledge which does not strongly support its use for this disease.,0.375,2.375
0,dMMR/MSI-H primary advanced endometrial cancer (+chemo),none,no_kg,llama3.3:70b,0,8,A,3,0.3333333333333333,0,1,1,1,,prior,insufficient,2.0,Drug-8 is ranked third with lower confidence due to a lack of specific information linking it directly to dMMR/MSI-H primary advanced endometrial cancer mechanisms.,0.0,1.875
0,dMMR/MSI-H primary advanced endometrial cancer (+chemo),none,no_kg,llama3.3:70b,1,8,A,1,1.0,1,1,1,1,,prior,insufficient,2.0,"Drug-8 is ranked first based on prior knowledge of drug mechanisms in cancer treatment, despite lacking specific evidence.",0.0,2.0
0,Chorea associated with Huntington's disease,primekg,kg,llama3.3:70b,0,8,A,5,0.2,0,0,1,1,,both,conflicting,2.0,"Drug-7 primarily targets CYP enzymes, which are involved in drug metabolism rather than directly treating chorea associated with Huntington's disease.",0.625,2.0
0,Chorea associated with Huntington's disease,primekg,kg,llama3.3:70b,1,8,H,8,0.125,0,0,0,1,,prior,insufficient,1.0,"Drug-7 targets cytochrome enzymes (CYP3A5, CYP2D6, CYP3A4) which are involved in drug metabolism but do not offer a clear mechanism for treating the target disease.",0.0,1.625
0,ILD-associated pulmonary hypertension,primekg,kg,llama3.3:70b,0,8,E,2,0.5,0,1,1,1,,prior,insufficient,2.0,"Drug-2 targets PTGIR and P2RY12, which could potentially influence vascular tone, but without direct evidence linking these targets to ILD-associated pulmonary hypertension, its ranking is speculative.",0.375,1.25
0,ILD-associated pulmonary hypertension,primekg,kg,llama3.3:70b,1,8,G,1,1.0,1,1,1,1,,prior,insufficient,3.0,"Drug-2 targets PPARD and PTGIR, which are involved in vascular health and could indirectly influence pulmonary hypertension pathways.",0.0,1.875
0,Acquired hypofibrinogenemia in cardiovascular surgery,primekg,kg,llama3.3:70b,0,8,D,3,0.3333333333333333,0,1,1,1,,prior,insufficient,1.0,"No information is available for Drug-7, making it difficult to assess its potential effects on Acquired hypofibrinogenemia.",0.0,1.125
0,Acquired hypofibrinogenemia in cardiovascular surgery,primekg,kg,llama3.3:70b,1,8,E,4,0.25,0,0,1,1,,prior,insufficient,1.0,"No information about Drug-5's targets or mechanisms is available, making it difficult to assess its potential efficacy for Acquired hypofibrinogenemia.",0.0,1.25
0,COPD,primekg,kg,llama3.3:70b,0,8,G,2,0.5,0,1,1,1,,prior,insufficient,2.0,"Drug-8 targets IL4R, which is involved in inflammatory processes; since COPD has an inflammatory component, modulation of IL4R could potentially impact disease progression.",0.0,1.25
0,COPD,primekg,kg,llama3.3:70b,1,8,A,1,1.0,1,1,1,1,,both,consistent,4.0,"Drug-8 targets IL4R, which is involved in inflammatory processes relevant to COPD, making it a plausible candidate.",0.125,1.75
0,COVID-19 in severe renal impairment/dialysis,primekg,kg,llama3.3:70b,0,8,H,8,0.125,0,0,0,1,,prior,insufficient,1.0,"Drug-8 targets various transporters, including SLC10A1 and SLCO1B3, but their relevance to COVID-19 treatment is unknown.",0.125,1.875
0,COVID-19 in severe renal impairment/dialysis,primekg,kg,llama3.3:70b,1,8,D,4,0.25,0,0,1,1,,prior,insufficient,2.0,"Drug-8 targets transporters and enzymes that could influence drug disposition in renal impairment, but its direct relevance to treating COVID-19 is uncertain.",0.125,1.875
0,Obstructive sleep apnea with obesity,primekg,kg,llama3.3:70b,0,8,C,7,0.14285714285714285,0,0,0,1,,prior,insufficient,1.0,"Drug-8 lacks any provided target information, making it impossible to assess its mechanistic plausibility for treating obstructive sleep apnea with obesity.",0.25,1.5
0,Obstructive sleep apnea with obesity,primekg,kg,llama3.3:70b,1,8,G,7,0.14285714285714285,0,0,0,1,,prior,insufficient,1.0,"No information is provided about Drug-7's or Drug-8's targets, making it impossible to assess their mechanistic plausibility for the disease.",0.0,1.75
0,Nephrotic syndrome,primekg,kg,llama3.3:70b,0,8,D,7,0.14285714285714285,0,0,0,1,,prior,insufficient,1.0,"Drug-1 targets MS4A1, a component of the high-affinity IgE receptor, but its relevance to treating Nephrotic syndrome is unclear without additional evidence linking this target to the disease.",0.0,1.375
0,Nephrotic syndrome,primekg,kg,llama3.3:70b,1,8,A,8,0.125,0,0,0,1,,prior,insufficient,1.0,"Drug-1 targets MS4A1, which has the least apparent connection to Nephrotic syndrome mechanisms among the candidates based on provided and prior knowledge.",0.0,1.875
0,Pediatric glioma (EMA),primekg,kg,llama3.3:70b,0,8,E,3,0.3333333333333333,0,1,1,1,,prior,insufficient,2.0,"Drug-5 targets several proteins involved in cellular transport and signaling, but its relevance to pediatric glioma is unclear.",0.25,2.0
0,Pediatric glioma (EMA),primekg,kg,llama3.3:70b,1,8,G,3,0.3333333333333333,0,1,1,1,,prior,insufficient,2.0,"Drug-5 targets several proteins involved in cellular processes that could indirectly affect tumor growth or drug resistance, but its connection to Pediatric glioma (EMA) is indirect and uncertain.",0.0,1.5
0,Retinopathy of prematurity,primekg,kg,llama3.3:70b,0,8,B,1,1.0,1,1,1,1,,both,consistent,4.0,"Drug-7 targets VEGFA and VEGFB, which are involved in angiogenesis, a key process in retinopathy of prematurity.",0.125,2.0
0,Retinopathy of prematurity,primekg,kg,llama3.3:70b,1,8,F,4,0.25,0,0,1,1,,prior,insufficient,1.0,"No information is provided about Drug-7's connection to the disease beyond its targets, which include VEGFA and VEGFB, relevant to angiogenesis.",0.125,1.75
0,Agitation associated with Alzheimer's dementia,primekg,kg,llama3.3:70b,0,8,E,2,0.5,0,1,1,1,,both,consistent,4.0,"Drug-7 targets ADRA1B, HTR1A, and DRD2, which are related to neurotransmitter regulation and may be relevant to treating agitation in Alzheimer's dementia.",0.25,2.0
0,Agitation associated with Alzheimer's dementia,primekg,kg,llama3.3:70b,1,8,G,2,0.5,0,1,1,1,,both,consistent,4.0,"Drug-7 targets multiple receptors that could influence mood and cognition, including ADRA1B, HTR1A, and DRD2, making it a plausible candidate for treating agitation in Alzheimer's dementia.",0.25,2.0
0,Heterozygous familial hypercholesterolemia,primekg,kg,llama3.3:70b,0,8,C,1,1.0,1,1,1,1,,both,consistent,5.0,"Drug-7 directly targets PCSK9, a key gene associated with heterozygous familial hypercholesterolemia.",0.25,1.75
0,Heterozygous familial hypercholesterolemia,primekg,kg,llama3.3:70b,1,8,B,1,1.0,1,1,1,1,,both,consistent,5.0,"Drug-7 targets PCSK9, a key regulator of cholesterol levels, making it a highly plausible candidate for treating Heterozygous familial hypercholesterolemia.",0.25,2.0
0,First-line anemia in lower-risk MDS,primekg,kg,llama3.3:70b,0,8,E,5,0.2,0,0,1,1,,prior,insufficient,1.0,"No information is provided for Drug-8, leading to a reliance on prior knowledge which does not provide a clear rationale for its use in this context.",0.25,1.5
0,First-line anemia in lower-risk MDS,primekg,kg,llama3.3:70b,1,8,B,3,0.3333333333333333,0,1,1,1,,prior,insufficient,2.0,"Without knowledge of Drug-8's targets or pharmacological properties, it's challenging to determine its potential efficacy in treating First-line anemia in lower-risk MDS.",0.375,2.375
0,EGPA,primekg,kg,llama3.3:70b,0,8,E,1,1.0,1,1,1,1,,both,consistent,4.0,"Drug-1 targets MS4A2 and FCER1A, which could be related to immune system disease, a aspect of EGPA.",0.125,2.0
0,EGPA,primekg,kg,llama3.3:70b,1,8,D,1,1.0,1,1,1,1,,both,consistent,4.0,"Drug-1 targets FCER1A, which is related to immune system functions potentially relevant to EGPA.",0.125,1.625
0,COVID-19 (expanded population),primekg,kg,llama3.3:70b,0,8,C,2,0.5,0,1,1,1,,kg,consistent,3.0,"Drug-8 targets transporters like SLCO1B1 and ABCB11 that could affect drug or viral dynamics, although its direct link to COVID-19 is speculative.",0.625,2.25
0,COVID-19 (expanded population),primekg,kg,llama3.3:70b,1,8,G,4,0.25,0,0,1,1,,prior,insufficient,2.0,"Drug-8 targets several transporters and enzymes, but its connection to COVID-19 is unclear.",0.0,1.875
0,HoFH in children,primekg,kg,llama3.3:70b,0,8,C,6,0.16666666666666666,0,0,0,1,,prior,insufficient,2.0,"Drug-6 targets various enzymes and transporters, but none are directly associated with HoFH mechanisms based on the provided evidence.",0.0,2.0
0,HoFH in children,primekg,kg,llama3.3:70b,1,8,B,8,0.125,0,0,0,1,,prior,insufficient,1.0,"No information is provided about Drug-8's targets, making it impossible to assess its potential relevance to HoFH.",0.0,1.5
0,Biliary tract cancer,primekg,kg,llama3.3:70b,0,8,D,2,0.5,0,1,1,1,,prior,insufficient,2.0,"Drug-7 targets PDCD1, which is involved in immune checkpoint regulation, a pathway of interest in cancer therapy, including potentially Biliary tract cancer.",0.125,1.5
0,Biliary tract cancer,primekg,kg,llama3.3:70b,1,8,E,8,0.125,0,0,0,1,,prior,insufficient,1.0,"Drug-7 targets PDCD1, which is involved in immune regulation, but its connection to Biliary tract cancer is unclear and not directly supported by the provided knowledge graph.",0.0,1.25
0,Diabetic retinopathy/DME (EMA Mar+May 2026),primekg,kg,llama3.3:70b,0,8,A,1,1.0,1,1,1,1,,both,consistent,5.0,"Drug-8 targets VEGFA, which is involved in angiogenesis and has a known role in diabetic retinopathy.",0.125,2.25
0,Diabetic retinopathy/DME (EMA Mar+May 2026),primekg,kg,llama3.3:70b,1,8,G,1,1.0,1,1,1,1,,both,consistent,5.0,"Drug-8 targets VEGFA, a key factor in angiogenesis and vascular permeability relevant to diabetic macular edema.",0.125,1.75
0,Cerebral folate transport deficiency,primekg,kg,llama3.3:70b,0,8,E,1,1.0,1,1,1,1,,prior,insufficient,2.0,"Drug-1 targets SLC16A10, which is a transporter involved in folate metabolism, but the knowledge graph evidence is sparse and uncertain.",0.375,1.25
0,Cerebral folate transport deficiency,primekg,kg,llama3.3:70b,1,8,F,1,1.0,1,1,1,1,,both,consistent,4.0,"Drug-1 targets SLC16A2 and SLC16A10, which are related to folate transport, making it a plausible candidate for cerebral folate transport deficiency.",0.125,1.875
0,Heart failure (broadened),primekg,kg,llama3.3:70b,0,8,C,4,0.25,0,0,1,1,,kg,conflicting,2.0,"The knowledge graph suggests Drug-7 targets several enzymes, but their relevance to heart failure is unclear and may conflict with prior understanding of disease mechanisms.",0.25,2.0
0,Heart failure (broadened),primekg,kg,llama3.3:70b,1,8,D,4,0.25,0,0,1,1,,prior,insufficient,2.0,"Without direct evidence linking Drug-7's targets to heart failure, its potential is speculative based on general pharmacological principles.",0.25,1.875
0,Indolent systemic mastocytosis,primekg,kg,llama3.3:70b,0,8,E,1,1.0,1,1,1,1,,both,consistent,4.0,"Drug-8 targets KIT, a gene associated with Indolent systemic mastocytosis, providing a clear mechanistic link.",0.25,2.0
0,Indolent systemic mastocytosis,primekg,kg,llama3.3:70b,1,8,B,1,1.0,1,1,1,1,,both,consistent,4.0,"Drug-8 targets KIT, a gene associated with indolent systemic mastocytosis, providing a clear mechanistic link.",0.25,2.125
0,"Crohn's disease (moderate-severe, refractory)",primekg,kg,llama3.3:70b,0,8,E,1,1.0,1,1,1,1,,both,consistent,5.0,"Drug-7 targets IL23A, which is related to the IL23R gene associated with Crohn's disease.",0.125,1.875
0,"Crohn's disease (moderate-severe, refractory)",primekg,kg,llama3.3:70b,1,8,E,1,1.0,1,1,1,1,,both,consistent,4.0,"Drug-7 targets IL23A, which is closely related to the IL23R gene associated with Crohn's disease, providing a plausible mechanistic link.",0.125,1.625
0,Chronic hepatitis B (pediatric),primekg,kg,llama3.3:70b,0,8,C,7,0.14285714285714285,0,0,0,1,,prior,insufficient,1.0,"Drug-7 targets various enzymes and transporters, but the lack of direct evidence linking these to Chronic hepatitis B (pediatric) makes its potential highly uncertain.",0.375,1.875
0,Chronic hepatitis B (pediatric),primekg,kg,llama3.3:70b,1,8,A,8,0.125,0,0,0,1,,prior,insufficient,1.0,"Drug-7's targets, including CES1 and several SLC transporters, do not provide a clear link to the treatment or mechanisms of hepatitis B based on available knowledge.",0.0,1.5
0,Acquired hypothalamic obesity,primekg,kg,llama3.3:70b,0,8,E,1,1.0,1,1,1,1,,both,consistent,5.0,"Drug-6 targets MC4R, which plays a crucial role in energy balance and obesity regulation, making it the most plausible candidate.",0.125,2.0
0,Acquired hypothalamic obesity,primekg,kg,llama3.3:70b,1,8,D,1,1.0,1,1,1,1,,both,consistent,5.0,"Drug-6 targets MC4R, a receptor known to play a significant role in energy balance and obesity.",0.125,1.625
0,Advanced RCC after PD-1/PD-L1 + VEGF-TKI,primekg,kg,llama3.3:70b,0,8,C,9,0.1111111111111111,0,0,0,1,,,,,,1.0,4.0
0,Advanced RCC after PD-1/PD-L1 + VEGF-TKI,primekg,kg,llama3.3:70b,1,8,B,1,1.0,1,1,1,1,,both,consistent,4.0,"Drug-8 targets EPAS1, which is a plausible target for treating Advanced RCC given the disease's association with various renal cell carcinomas and the potential role of hypoxia-inducible factors in tumor progression.",0.25,1.875
0,Retinal vein occlusion,primekg,kg,llama3.3:70b,0,8,G,1,1.0,1,1,1,1,,both,consistent,5.0,"Drug-8 targets VEGFA, which is directly associated with Retinal vein occlusion, providing a clear mechanistic link.",0.125,1.75
0,Retinal vein occlusion,primekg,kg,llama3.3:70b,1,8,H,1,1.0,1,1,1,1,,both,consistent,5.0,"Drug-8 targets VEGFA, which is directly associated with Retinal vein occlusion, providing a strong mechanistic link.",0.125,2.125
0,Agitation associated with Alzheimer's dementia,primekg,kg,llama3.3:70b,0,8,H,4,0.25,0,0,1,1,,prior,insufficient,2.0,"Drug-2 targets various genes, but without specific evidence linking these to Alzheimer's disease or agitation, its potential is uncertain.",0.125,1.875
0,Agitation associated with Alzheimer's dementia,primekg,kg,llama3.3:70b,1,8,E,2,0.5,0,1,1,1,,both,consistent,4.0,"Drug-2's targets include neurological receptors and enzymes that might modulate pathways relevant to Alzheimer's dementia, although direct evidence is sparse.",0.25,1.75
0,High LDL-C with increased CV risk (expanded),primekg,kg,llama3.3:70b,0,8,E,9,0.1111111111111111,0,0,0,1,,,,,,1.0,5.0
0,High LDL-C with increased CV risk (expanded),primekg,kg,llama3.3:70b,1,8,E,1,1.0,1,1,1,1,,both,consistent,5.0,"Drug-8 directly targets PCSK9, a key gene associated with High LDL-C with increased CV risk.",0.125,2.0
0,Indolent systemic mastocytosis (EMA),primekg,kg,llama3.3:70b,0,8,A,1,1.0,1,1,1,1,,both,consistent,4.0,"Drug-8 targets KIT, a gene directly associated with Indolent systemic mastocytosis (EMA), providing a clear mechanistic link.",0.125,1.875
0,Indolent systemic mastocytosis (EMA),primekg,kg,llama3.3:70b,1,8,C,1,1.0,1,1,1,1,,both,consistent,5.0,"Drug-8 targets KIT, which is directly associated with Indolent systemic mastocytosis (EMA), providing a strong mechanistic link.",0.125,2.25
0,Antibody-mediated rejection in organ transplantation,primekg,kg,llama3.3:70b,0,8,G,6,0.16666666666666666,0,0,0,1,,prior,insufficient,1.0,"Drug-1 targets MS4A1, but without further context on how this target relates to antibody-mediated rejection, its potential is unclear.",0.125,1.5
0,Antibody-mediated rejection in organ transplantation,primekg,kg,llama3.3:70b,1,8,D,5,0.2,0,0,1,1,,prior,insufficient,2.0,Drug-1's target MS4A1 is involved in immune responses but lacks direct evidence linking it to antibody-mediated rejection.,0.5,2.0
0,Invasive fungal infections pediatric ≥2yr,primekg,kg,llama3.3:70b,0,8,F,1,1.0,1,1,1,1,,prior,insufficient,2.0,"Drug-5 targets ABCB1 and CYP3A4, which are involved in drug metabolism and transport, but without direct evidence linking these to invasive fungal infection treatment, its potential is speculative.",0.0,1.25
0,Invasive fungal infections pediatric ≥2yr,primekg,kg,llama3.3:70b,1,8,E,1,1.0,1,1,1,1,,prior,insufficient,2.0,"Drug-5 targets ABCB1 and CYP3A4, which are involved in drug transport and metabolism, but without direct antifungal activity, its relevance is speculative based on potential interactions with other treatments.",0.0,1.25
0,PKU expanded to ≥12yr,primekg,kg,llama3.3:70b,0,8,C,7,0.14285714285714285,0,0,0,1,,prior,insufficient,1.0,Lack of data on Drug-8's mechanism or targets makes it impossible to evaluate its potential for treating PKU.,0.0,1.375
0,PKU expanded to ≥12yr,primekg,kg,llama3.3:70b,1,8,H,8,0.125,0,0,0,1,,prior,insufficient,1.0,"No details are provided about Drug-8, resulting in a complete lack of understanding of its potential impact on PKU.",0.0,1.625
0,"Pediatric low-grade glioma (+dabrafenib, BRAF V600E)",primekg,kg,llama3.3:70b,0,8,C,3,0.3333333333333333,0,1,1,1,,kg,insufficient,2.0,"Drug-8 targets UGT1A1 and MAP2K2, but the relevance of these targets to glioma is unclear based on the provided knowledge graph evidence.",0.625,2.0
0,"Pediatric low-grade glioma (+dabrafenib, BRAF V600E)",primekg,kg,llama3.3:70b,1,8,C,3,0.3333333333333333,0,1,1,1,,prior,insufficient,2.0,"Drug-8 targets multiple CYP enzymes and UGT1A1, which could influence drug metabolism in the context of glioma treatment, but lacks direct evidence.",0.0,1.75
0,Retinal vein occlusion,primekg,kg,llama3.3:70b,0,8,A,1,1.0,1,1,1,1,,both,consistent,5.0,"Drug-8 targets VEGFA, which is directly associated with Retinal vein occlusion in the knowledge graph.",0.125,1.875
0,Retinal vein occlusion,primekg,kg,llama3.3:70b,1,8,B,1,1.0,1,1,1,1,,both,consistent,5.0,"Drug-8 targets VEGFA, which is directly associated with Retinal vein occlusion in the knowledge graph.",0.125,2.25
0,Spinal muscular atrophy (pediatric expansion),primekg,kg,llama3.3:70b,0,8,D,4,0.25,0,0,1,1,,prior,insufficient,1.0,"Drug-8's targets, including various CYP enzymes and transporters, are involved in metabolism and transport, but their connection to spinal muscular atrophy is tenuous at best.",0.0,1.125
0,Spinal muscular atrophy (pediatric expansion),primekg,kg,llama3.3:70b,1,8,H,8,0.125,0,0,0,1,,prior,insufficient,1.0,Drug-8 targets various metabolic enzymes without a clear link to the pathophysiology of Spinal muscular atrophy.,0.0,1.25
0,LDL-C elevation in statin-intolerant dyslipidemia,primekg,kg,llama3.3:70b,0,8,B,6,0.16666666666666666,0,0,0,1,,prior,insufficient,1.0,"Without information on Drug-8's targets or effects on lipid metabolism, its potential for treating LDL-C elevation in statin-intolerant dyslipidemia cannot be evaluated.",0.375,1.875
0,LDL-C elevation in statin-intolerant dyslipidemia,primekg,kg,llama3.3:70b,1,8,H,8,0.125,0,0,0,1,,prior,insufficient,1.0,"Drug-8 lacks any provided evidence or known mechanisms related to LDL-C elevation, making its potential effect uncertain.",0.375,2.0
0,Polycythaemia vera and essential thrombocytopenia,primekg,kg,llama3.3:70b,0,8,A,1,1.0,1,1,1,1,,both,consistent,4.0,"Drug-1 targets IFNAR1 and IFNAR2, which could modulate immune responses relevant to Polycythaemia vera and essential thrombocytopenia.",0.125,1.875
0,Polycythaemia vera and essential thrombocytopenia,primekg,kg,llama3.3:70b,1,8,A,1,1.0,1,1,1,1,,both,insufficient,2.0,"Drug-1 targets IFNAR1 and IFNAR2, which could potentially modulate the immune response related to the disease, although the direct connection is uncertain.",0.125,1.25
0,Primary immunodeficiency pediatric (EMA),primekg,kg,llama3.3:70b,0,8,C,1,1.0,1,1,1,1,,both,consistent,5.0,"Drug-1 targets FCGR3A, which is associated with Primary immunodeficiency pediatric (EMA), making it a strong candidate.",0.125,2.0
0,Primary immunodeficiency pediatric (EMA),primekg,kg,llama3.3:70b,1,8,F,1,1.0,1,1,1,1,,both,consistent,5.0,"Drug-1 targets FCGR3A, which is associated with Primary immunodeficiency pediatric (EMA) in the knowledge graph.",0.125,1.875
0,COVID-19 updated strain,primekg,kg,llama3.3:70b,0,8,B,7,0.14285714285714285,0,0,0,1,,prior,insufficient,1.0,"No targets or relevant information is provided for Drug-8, making its assessment entirely speculative and uncertain.",0.0,1.375
0,COVID-19 updated strain,primekg,kg,llama3.3:70b,1,8,H,8,0.125,0,0,0,1,,prior,insufficient,1.0,"No information is available for Drug-8, making its potential relevance to COVID-19 entirely speculative.",0.5,2.0
0,Oral tablet formulation for weight management,primekg,kg,llama3.3:70b,0,8,A,1,1.0,1,1,1,1,,both,consistent,5.0,"Drug-8 targets GLP1R and LPL, which are involved in glucose and lipid metabolism, making it a plausible candidate for weight management.",0.125,2.0
0,Oral tablet formulation for weight management,primekg,kg,llama3.3:70b,1,8,E,1,1.0,1,1,1,1,,both,consistent,4.0,"Drug-8 targets GLP1R and DPP4, which are involved in glucose metabolism and have a known role in weight management.",0.125,1.625
0,"mCRC BRAF V600E (traditional approval, was accelerated)",primekg,kg,llama3.3:70b,0,8,H,1,1.0,1,1,1,1,,both,consistent,5.0,"Drug-7 directly targets BRAF, a mutation central to mCRC BRAF V600E, providing a clear mechanistic link.",0.125,2.0
0,"mCRC BRAF V600E (traditional approval, was accelerated)",primekg,kg,llama3.3:70b,1,8,A,1,1.0,1,1,1,1,,both,consistent,5.0,"Drug-7 directly targets BRAF, a mutation associated with mCRC BRAF V600E, providing a strong mechanistic rationale for its potential effectiveness.",0.125,1.75
0,TRD monotherapy,primekg,kg,llama3.3:70b,0,8,E,8,0.125,0,0,0,1,,prior,insufficient,1.0,"No information is provided about Drug-6's relationship to TRD monotherapy or its targets, but it was mentioned in the context of other drugs.",0.125,1.875
0,TRD monotherapy,primekg,kg,llama3.3:70b,1,8,A,1,1.0,1,1,1,1,,both,consistent,4.0,"Drug-6 targets multiple NMDA receptor subunits, which have been implicated in depression and may be relevant to TRD monotherapy.",0.25,2.0
0,Reduce MACE in CVD + obesity/overweight,primekg,kg,llama3.3:70b,0,8,C,3,0.3333333333333333,0,1,1,1,,prior,insufficient,2.0,"Drug-8's targets suggest potential benefits for cardiovascular health, but the connection is indirect and requires further evidence.",0.5,1.625
0,Reduce MACE in CVD + obesity/overweight,primekg,kg,llama3.3:70b,1,8,E,9,0.1111111111111111,0,0,0,1,,,,,,1.0,5.0
0,Giant cell arteritis,primekg,kg,llama3.3:70b,0,8,A,1,1.0,1,1,1,1,,both,consistent,4.0,"Drug-8 targets JAK1, which could modulate immune responses relevant to Giant cell arteritis.",0.25,2.0
0,Giant cell arteritis,primekg,kg,llama3.3:70b,1,8,F,1,1.0,1,1,1,1,,both,consistent,4.0,"Drug-8 targets JAK1, which plays a role in inflammatory pathways relevant to Giant cell arteritis.",0.125,1.625
0,Acute HCV pediatric,primekg,kg,llama3.3:70b,0,8,E,1,1.0,1,1,1,1,,both,insufficient,3.0,"Drug-8 targets multiple CYP enzymes and transporters, which could influence liver metabolism and potentially impact Acute HCV pediatric.",0.375,1.75
0,Acute HCV pediatric,primekg,kg,llama3.3:70b,1,8,G,3,0.3333333333333333,0,1,1,1,,prior,insufficient,2.0,"Drug-8 targets various liver enzymes and transporters, including CYP3A43 and UGT1A1, but lacks direct evidence linking it to Acute HCV pediatric.",0.0,1.375
0,MASH with fibrosis,primekg,kg,llama3.3:70b,0,8,A,1,1.0,1,1,1,1,,both,insufficient,2.0,"Drug-8 targets ALB, which is related to liver function, although the connection to MASH with fibrosis is indirect and speculative.",0.25,1.125
0,MASH with fibrosis,primekg,kg,llama3.3:70b,1,8,A,1,1.0,1,1,1,1,,both,insufficient,3.0,"Drug-8 targets ALB and LPL, which could be related to metabolic regulation relevant to fatty liver disease, a condition associated with MASH with fibrosis.",0.125,1.75
0,Resectable gastric/GEJ adenocarcinoma (neoadj+adj +FLOT),primekg,kg,llama3.3:70b,0,8,H,1,1.0,1,1,1,1,,prior,insufficient,2.0,"Drug-7 targets CD274, which is involved in immune regulation, and while there's no direct link to gastric/GEJ adenocarcinoma, immunotherapy has shown promise in various cancers.",0.0,1.25
0,Resectable gastric/GEJ adenocarcinoma (neoadj+adj +FLOT),primekg,kg,llama3.3:70b,1,8,F,1,1.0,1,1,1,1,,both,consistent,4.0,"Drug-2 targets PTGS2, which is involved in inflammation and potentially relevant to gastric cancer, and the knowledge graph suggests a link between Drug-7's target CD274 and immune responses in cancer.",0.5,2.0
0,Chronic kidney disease,primekg,kg,llama3.3:70b,0,8,E,2,0.5,0,1,1,1,,prior,insufficient,2.0,"Drug-5 targets several transporters and enzymes that could affect drug disposition in the kidneys, but without direct evidence linking these to Chronic kidney disease mechanisms, its potential is uncertain.",0.0,1.25
0,Chronic kidney disease,primekg,kg,llama3.3:70b,1,8,B,2,0.5,0,1,1,1,,prior,insufficient,2.0,"Drug-5 targets several transporters including SLCO1B1 and SLC22A8, which could theoretically affect kidney function through transport mechanisms.",0.0,1.375
0,Generalized myasthenia gravis,primekg,kg,llama3.3:70b,0,8,H,8,0.125,0,0,0,1,,kg,insufficient,1.0,"Drug-8 targets CD19, which is primarily involved in immune cell function, but its relevance to myasthenia gravis is unknown and no clear mechanistic link can be established.",0.625,1.25
0,Generalized myasthenia gravis,primekg,kg,llama3.3:70b,1,8,A,1,1.0,1,1,1,1,,prior,insufficient,2.0,"Drug-8 targets CD19, which is related to immune response, but its relevance to Generalized myasthenia gravis is uncertain.",0.0,1.25
0,Measles prophylaxis post-exposure,primekg,kg,llama3.3:70b,0,8,F,1,1.0,1,1,1,1,,prior,insufficient,3.0,"Drug-1 targets immune-related genes such as FCGR and C4, which may be relevant to measles prophylaxis.",0.375,1.625
0,Measles prophylaxis post-exposure,primekg,kg,llama3.3:70b,1,8,B,1,1.0,1,1,1,1,,prior,insufficient,2.0,"Drug-1 targets several components of the immune system, such as complement and Fc gamma receptors, which might play a role in viral infections like measles.",0.0,1.25
0,HoFH pediatric (EMA),primekg,kg,llama3.3:70b,0,8,G,7,0.14285714285714285,0,0,0,1,,prior,insufficient,1.0,"No information is provided about Drug-6's targets, making its assessment for HoFH purely speculative.",0.0,1.125
0,HoFH pediatric (EMA),primekg,kg,llama3.3:70b,1,8,D,2,0.5,0,1,1,1,,prior,insufficient,1.0,"No information about Drug-8's targets is provided, making any assessment highly speculative and uncertain.",0.25,1.375
0,mHSPC + ADT,primekg,kg,llama3.3:70b,0,8,E,1,1.0,1,1,1,1,,prior,insufficient,3.0,"Drug-8 targets PGR, which is involved in hormone regulation and may be relevant to prostate cancer treatment.",0.0,1.5
0,mHSPC + ADT,primekg,kg,llama3.3:70b,1,8,E,1,1.0,1,1,1,1,,prior,insufficient,2.0,"Drug-8 targets PGR, which is involved in hormone regulation and may be relevant to prostate cancer treatment.",0.25,1.5
0,Chronic thromboembolic pulmonary hypertension,primekg,kg,llama3.3:70b,0,8,G,1,1.0,1,1,1,1,,prior,insufficient,3.0,"Drug-7's targeting of F10 could be relevant for thromboembolic conditions, but the connection to pulmonary hypertension is speculative.",0.0,1.625
0,Chronic thromboembolic pulmonary hypertension,primekg,kg,llama3.3:70b,1,8,B,4,0.25,0,0,1,1,,kg,conflicting,3.0,"Drug-7 targets F10 and ABCB1, but the direct relevance of these targets to Chronic thromboembolic pulmonary hypertension is unclear.",0.375,2.0
0,Pediatric atopic dermatitis,primekg,kg,llama3.3:70b,0,8,F,1,1.0,1,1,1,1,,both,insufficient,2.0,"Drug-8 targets JAK1, which is involved in immune responses and could be relevant to atopic dermatitis treatment.",0.375,1.375
0,Pediatric atopic dermatitis,primekg,kg,llama3.3:70b,1,8,C,2,0.5,0,1,1,1,,prior,insufficient,2.0,"Drug-8's targets on JAK1 and various CYP enzymes could imply potential for immunomodulation or alteration of relevant metabolic pathways, albeit indirectly related to atopic dermatitis.",0.0,1.625
0,Delay T1D onset in children ≥1yr,primekg,kg,llama3.3:70b,0,8,G,7,0.14285714285714285,0,0,0,1,,prior,insufficient,2.0,"Drug-3 targets several proteins including ALB, SLC22A6, CYP1A2, and CYP3A4; while these have various roles in metabolism and transport, their direct relevance to delaying T1D onset is unclear.",0.14285714285714285,2.142857142857143
0,Delay T1D onset in children ≥1yr,primekg,kg,llama3.3:70b,1,8,E,8,0.125,0,0,0,1,,prior,insufficient,1.0,"No details are provided about Drug-5, leading to uncertainty regarding its relevance to Delay T1D onset in children.",0.25,1.875
0,HR+/HER2- metastatic breast cancer,primekg,kg,llama3.3:70b,0,8,B,5,0.2,0,0,1,1,,kg,insufficient,1.0,"Drug-8 targets TACSTD2 and other genes, but without clear connections to HR+/HER2- metastatic breast cancer biology, its potential is speculative.",0.25,1.25
0,HR+/HER2- metastatic breast cancer,primekg,kg,llama3.3:70b,1,8,A,1,1.0,1,1,1,1,,prior,insufficient,3.0,"Drug-8's targets, including TACSTD2 and UGT1A1, suggest potential relevance to cancer treatment based on prior knowledge of drug mechanisms.",0.25,1.875
0,Polymyalgia rheumatica,primekg,kg,llama3.3:70b,0,8,A,1,1.0,1,1,1,1,,both,consistent,4.0,"Drug-6 targets IL6R, which could modulate inflammatory responses relevant to polymyalgia rheumatica.",0.125,1.5
0,Polymyalgia rheumatica,primekg,kg,llama3.3:70b,1,8,G,1,1.0,1,1,1,1,,both,consistent,4.0,"Drug-6 targets IL6R, which is involved in immune response and inflammation, making it a plausible candidate for treating polymyalgia rheumatica.",0.125,1.875
0,CKD in T2D,primekg,kg,llama3.3:70b,0,8,E,3,0.3333333333333333,0,1,1,1,,prior,insufficient,2.0,"While Drug-8 targets GLP1R, which is relevant to T2D treatment, its connection to CKD is less clear, making its ranking uncertain.",0.25,2.125
0,CKD in T2D,primekg,kg,llama3.3:70b,1,8,A,1,1.0,1,1,1,1,,both,consistent,4.0,"Drug-8's target GLP1R is relevant to T2D management, potentially indirectly benefiting CKD in T2D through improved metabolic control.",0.125,1.875
0,Pancreatic NET,primekg,kg,llama3.3:70b,0,8,B,1,1.0,1,1,1,1,,both,consistent,4.0,"Drug-6 targets RET, which has been implicated in pancreatic NET, making it a plausible candidate.",0.5,2.25
0,Pancreatic NET,primekg,kg,llama3.3:70b,1,8,H,1,1.0,1,1,1,1,,both,consistent,4.0,"Drug-6 targets RET, which is associated with certain types of cancer, including pancreatic cancer, making it a mechanistically plausible candidate for treating Pancreatic NET.",0.375,1.875
0,COPD (EMA 2025),primekg,kg,llama3.3:70b,0,8,C,4,0.25,0,0,1,1,,prior,insufficient,1.0,"No information is available on Drug-3's targets or mechanisms, making its potential relevance to COPD uncertain.",0.25,1.5
0,COPD (EMA 2025),primekg,kg,llama3.3:70b,1,8,C,1,1.0,1,1,1,1,,both,consistent,4.0,"Drug-8 targets IL4R, which is involved in inflammatory responses, and may be relevant to COPD treatment.",0.125,1.875
0,dMMR/MSI-H primary advanced endometrial cancer,primekg,kg,llama3.3:70b,0,8,E,1,1.0,1,1,1,1,,prior,insufficient,2.0,"Drug-8 targets PDCD1, which is involved in immune checkpoint regulation, and could potentially be beneficial for treating cancer, including dMMR/MSI-H primary advanced endometrial cancer.",0.25,1.5
0,dMMR/MSI-H primary advanced endometrial cancer,primekg,kg,llama3.3:70b,1,8,E,1,1.0,1,1,1,1,,both,insufficient,3.0,"Drug-8 targets PDCD1, which is involved in immune checkpoint regulation and may have relevance to cancer therapy, despite the lack of direct evidence linking it to endometrial cancer.",0.25,2.0
0,IgE-mediated food allergy,primekg,kg,llama3.3:70b,0,8,C,1,1.0,1,1,1,1,,both,consistent,5.0,"Drug-1 targets MS4A2 and FCER1A, which are directly related to the allergic response in IgE-mediated food allergy.",0.125,2.25
0,IgE-mediated food allergy,primekg,kg,llama3.3:70b,1,8,F,1,1.0,1,1,1,1,,both,consistent,4.0,"Drug-1 targets MS4A2 and FCER1A, which are involved in allergic responses, making it a plausible candidate for treating IgE-mediated food allergy.",0.75,2.0
0,Biliary tract cancer 1L,primekg,kg,llama3.3:70b,0,8,E,1,1.0,1,1,1,1,,both,consistent,4.0,"Drug-5 targets CD274, which is implicated in immune checkpoint pathways relevant to cancer treatment.",0.125,1.625
0,Biliary tract cancer 1L,primekg,kg,llama3.3:70b,1,8,F,2,0.5,0,1,1,1,,prior,insufficient,3.0,"Drug-5 targets CD274, which is involved in immune response and may have some relevance to cancer treatment, although its connection to Biliary tract cancer 1L is unclear.",0.125,2.0
0,Ulcerative colitis,primekg,kg,llama3.3:70b,0,8,H,1,1.0,1,1,1,1,,both,consistent,4.0,"Drug-8 targets IL23A, which is related to the disease-associated gene IL23R, providing a plausible mechanistic link to Ulcerative Colitis.",0.125,1.625
0,Ulcerative colitis,primekg,kg,llama3.3:70b,1,8,B,1,1.0,1,1,1,1,,both,consistent,5.0,"Drug-8 targets IL23A, which is mechanistically linked to ulcerative colitis through IL23R.",0.125,1.75
0,Platinum-resistant ovarian carcinoma (PD-L1+ CPS≥1),primekg,kg,llama3.3:70b,0,8,H,9,0.1111111111111111,0,0,0,1,,,,,,1.0,4.0
0,Platinum-resistant ovarian carcinoma (PD-L1+ CPS≥1),primekg,kg,llama3.3:70b,1,8,F,1,1.0,1,1,1,1,,both,consistent,4.0,"Drug-6 targets PDCD1, which is related to the PD-L1+ status of the disease, providing a plausible mechanism for treating Platinum-resistant ovarian carcinoma.",0.125,2.0
0,IgG4-related disease,primekg,kg,llama3.3:70b,0,8,B,1,1.0,1,1,1,1,,prior,insufficient,3.0,"Drug-8 targets CD19, which is involved in immune cell regulation and could potentially modulate the immune response implicated in IgG4-related disease.",0.0,1.625
0,IgG4-related disease,primekg,kg,llama3.3:70b,1,8,A,1,1.0,1,1,1,1,,prior,insufficient,3.0,"Drug-8 targets CD19, which is involved in immune cell regulation, potentially making it a plausible candidate for treating IgG4-related disease.",0.0,1.625
0,dMMR recurrent/advanced endometrial cancer,primekg,kg,llama3.3:70b,0,8,F,5,0.2,0,0,1,1,,prior,insufficient,1.0,"Targets PDCD1, which is involved in immune responses but lacks direct connection to the disease's known pathways.",0.375,1.375
0,dMMR recurrent/advanced endometrial cancer,primekg,kg,llama3.3:70b,1,8,G,4,0.25,0,0,1,1,,prior,insufficient,1.0,"Drug-8 targets PDCD1, which is involved in immune regulation, but its relevance to the disease is unclear and likely indirect.",0.0,1.25
0,Palmoplantar pustulosis (PMDA),primekg,kg,llama3.3:70b,0,8,C,1,1.0,1,1,1,1,,both,consistent,5.0,"Drug-8 targets IL23A, which is closely related to the disease-associated gene IL23R, suggesting a potential therapeutic effect.",0.125,1.875
0,Palmoplantar pustulosis (PMDA),primekg,kg,llama3.3:70b,1,8,G,8,0.125,0,0,0,1,,prior,insufficient,1.0,Drug-4's focus on GABA receptors does not directly relate to the known genetic associations of Palmoplantar pustulosis.,0.125,1.75
0,HER2-mutant NSCLC (PMDA),primekg,kg,llama3.3:70b,0,8,E,5,0.2,0,0,1,1,,prior,insufficient,3.0,"Drug-8's diverse targets, including transporters and enzymes, might influence cancer cell behavior indirectly, but a clear link to HER2-mutant NSCLC is lacking.",0.0,1.875
0,HER2-mutant NSCLC (PMDA),primekg,kg,llama3.3:70b,1,8,F,6,0.16666666666666666,0,0,0,1,,prior,insufficient,1.0,Drug-8 targets transporters and enzymes which could influence drug disposition but lacks direct connection to HER2-mutant NSCLC pathways.,0.0,1.25
0,CRSwNP (eosinophilic chronic rhinosinusitis with nasal polyps),primekg,kg,llama3.3:70b,0,8,F,8,0.125,0,0,0,1,,prior,insufficient,1.0,"No information is available for Drug-8, making it difficult to assess its potential for treating CRSwNP.",0.0,1.25
0,CRSwNP (eosinophilic chronic rhinosinusitis with nasal polyps),primekg,kg,llama3.3:70b,1,8,D,7,0.14285714285714285,0,0,0,1,,prior,insufficient,1.0,No information is available about Drug-8's targets or mechanisms of action.,0.125,1.875
0,HR+/HER2- breast cancer,primekg,kg,llama3.3:70b,0,8,D,3,0.3333333333333333,0,1,1,1,,prior,insufficient,1.0,Drug-7's targets do not directly associate with HR+/HER2- breast cancer mechanisms based on provided information.,0.125,1.625
0,HR+/HER2- breast cancer,primekg,kg,llama3.3:70b,1,8,E,5,0.2,0,0,1,1,,prior,insufficient,1.0,"Although Drug-7 targets several genes, none directly link to the primary mechanisms of HR+/HER2- breast cancer as described.",0.125,1.625
0,GVHD + pediatric,primekg,kg,llama3.3:70b,0,8,H,1,1.0,1,1,1,1,,both,consistent,4.0,"Drug-5 targets JAK1 and JAK2, which are involved in immune responses relevant to GVHD.",0.125,1.75
0,GVHD + pediatric,primekg,kg,llama3.3:70b,1,8,D,1,1.0,1,1,1,1,,both,consistent,4.0,"Drug-5 targets JAK1 and JAK2, which are involved in immune response pathways relevant to GVHD.",0.125,1.875
0,BRAF+ thyroid cancer,primekg,kg,llama3.3:70b,0,8,H,3,0.3333333333333333,0,1,1,1,,prior,insufficient,2.0,"Drug-7's targets are mostly related to inflammation and metabolism, which might be indirectly relevant to cancer treatment, but the connection is unclear.",0.125,1.875
0,BRAF+ thyroid cancer,primekg,kg,llama3.3:70b,1,8,E,2,0.5,0,1,1,1,,prior,insufficient,1.0,"Drug-7 targets various enzymes and cytokines but lacks a clear, direct link to BRAF+ thyroid cancer mechanisms.",0.125,1.125
0,Allergic fungal rhinosinusitis (AFRS) ≥6yr,primekg,kg,llama3.3:70b,0,8,G,1,1.0,1,1,1,1,,both,consistent,4.0,"Drug-8 targets IL4R, which is involved in the allergic response, making it a plausible candidate for treating AFRS.",0.125,1.625
0,Allergic fungal rhinosinusitis (AFRS) ≥6yr,primekg,kg,llama3.3:70b,1,8,C,1,1.0,1,1,1,1,,both,consistent,4.0,"Drug-8 targets IL4R, which may be relevant to the immune response in AFRS.",0.25,2.0
0,Follicular lymphoma,primekg,kg,llama3.3:70b,0,8,G,1,1.0,1,1,1,1,,both,consistent,5.0,"Drug-8 targets CD19, a protein relevant to B-cell non-Hodgkin lymphoma, including Follicular lymphoma.",0.125,1.75
0,Follicular lymphoma,primekg,kg,llama3.3:70b,1,8,H,1,1.0,1,1,1,1,,both,consistent,5.0,"Drug-8 targets CD19, a protein relevant to B-cell non-Hodgkin lymphoma, making it a plausible candidate for treating Follicular lymphoma.",0.125,2.125
0,Crohn's disease,primekg,kg,llama3.3:70b,0,8,B,1,1.0,1,1,1,1,,both,consistent,5.0,"Drug-7 targets IL23A, which is closely related to IL23R, a gene associated with Crohn's disease, suggesting a direct mechanistic link.",0.125,1.75
0,Crohn's disease,primekg,kg,llama3.3:70b,1,8,C,1,1.0,1,1,1,1,,both,consistent,5.0,"Drug-7 targets IL23A, which is related to the IL23R gene associated with Crohn's disease, providing a strong mechanistic link.",0.125,1.875
0,RAS wild-type HER2+ metastatic colorectal cancer,primekg,kg,llama3.3:70b,0,8,C,1,1.0,1,1,1,1,,both,consistent,4.0,"Drug-7 targets ERBB3, which is associated with HER2+ cancers, providing a plausible mechanistic link to the disease.",0.125,1.75
0,RAS wild-type HER2+ metastatic colorectal cancer,primekg,kg,llama3.3:70b,1,8,A,1,1.0,1,1,1,1,,both,consistent,4.0,"Drug-7 targets ERBB3, which is related to HER2, a key characteristic of the target disease.",0.125,1.625
0,Crohn's disease,primekg,kg,llama3.3:70b,0,8,A,1,1.0,1,1,1,1,,both,consistent,4.0,"Drug-8 targets JAK1, which is involved in inflammatory processes relevant to Crohn's disease.",0.125,1.75
0,Crohn's disease,primekg,kg,llama3.3:70b,1,8,C,3,0.3333333333333333,0,1,1,1,,prior,insufficient,2.0,The lack of specific targets related to immune response or inflammation makes it challenging to evaluate Drug-8's potential for treating Crohn's disease effectively.,0.0,1.5
0,Gastric/GEJ adenocarcinoma,primekg,kg,llama3.3:70b,0,8,B,1,1.0,1,1,1,1,,prior,insufficient,3.0,"Drug-7 targets CD274, which is involved in immune checkpoint regulation, a relevant mechanism in cancer treatment.",0.0,1.5
0,Gastric/GEJ adenocarcinoma,primekg,kg,llama3.3:70b,1,8,H,1,1.0,1,1,1,1,,both,consistent,4.0,"Drug-7 targets CD274, which is associated with cancer immune evasion, providing a plausible mechanism for treating Gastric/GEJ adenocarcinoma.",0.25,2.25
0,EGPA (expanded),primekg,kg,llama3.3:70b,0,8,B,1,1.0,1,1,1,1,,both,consistent,4.0,"Drug-6 targets FCGR3A, which is related to immune system disease, making it a plausible candidate for treating EGPA.",0.125,1.625
0,EGPA (expanded),primekg,kg,llama3.3:70b,1,8,C,5,0.2,0,0,1,1,,prior,insufficient,1.0,Drug-6 is a more promising candidate due to its known targets; Drug-3 lacks clear connections to EGPA pathways.,0.125,1.5
0,HR+/HER2- node-positive high-risk early breast cancer,primekg,kg,llama3.3:70b,0,8,G,3,0.3333333333333333,0,1,1,1,,both,consistent,3.0,"Drug-7 targets CDK6, which is involved in cell cycle regulation and has been implicated in breast cancer, although the evidence is not as strong as for Drug-6 or Drug-3.",0.375,2.25
0,HR+/HER2- node-positive high-risk early breast cancer,primekg,kg,llama3.3:70b,1,8,A,9,0.1111111111111111,0,0,0,1,,,,,,1.0,4.0
0,IV formulation for rheumatic diseases (EMA),primekg,kg,llama3.3:70b,0,8,A,1,1.0,1,1,1,1,,both,consistent,4.0,"Drug-8 targets IL17A, which plays a role in inflammatory and autoimmune diseases, including rheumatism.",0.125,2.0
0,IV formulation for rheumatic diseases (EMA),primekg,kg,llama3.3:70b,1,8,G,1,1.0,1,1,1,1,,both,consistent,5.0,"Drug-8 targets IL17A, which is implicated in autoimmune and inflammatory processes relevant to rheumatic diseases.",0.125,2.0
0,Ph+ CML-CP after 2+ TKIs,primekg,kg,llama3.3:70b,0,8,C,8,0.125,0,0,0,1,,prior,insufficient,1.0,"No information is available for Drug-6 or Drug-7, and Drug-8's target CHRM3 is not directly related to leukemia or TKI resistance.",0.0,1.25
0,Ph+ CML-CP after 2+ TKIs,primekg,kg,llama3.3:70b,1,8,C,8,0.125,0,0,0,1,,prior,insufficient,1.0,"No information is provided about Drug-6's targets or effects, leading to a lack of confidence in its potential for treating Ph+ CML-CP.",0.375,1.875
0,Psoriasis in children 6-11 (cream),primekg,kg,llama3.3:70b,0,8,D,1,1.0,1,1,1,1,,both,consistent,4.0,"Drug-5 targets PDE4 enzymes, which are implicated in inflammation and have been targeted in psoriasis treatments.",0.25,1.875
0,Psoriasis in children 6-11 (cream),primekg,kg,llama3.3:70b,1,8,F,1,1.0,1,1,1,1,,both,consistent,4.0,"Drug-5 targets PDE4 enzymes, which are involved in inflammatory processes relevant to psoriasis, and its profile suggests potential efficacy based on both the knowledge graph and prior pharmacological understanding.",0.25,1.875
0,HER2+ early-stage BC (neoadjuvant + adjuvant),primekg,kg,llama3.3:70b,0,8,D,6,0.16666666666666666,0,0,0,1,,prior,insufficient,1.0,"Drug-8 targets various transporters and enzymes, but lacks clear evidence linking them to HER2+ breast cancer.",0.375,2.25
0,HER2+ early-stage BC (neoadjuvant + adjuvant),primekg,kg,llama3.3:70b,1,8,E,3,0.3333333333333333,0,1,1,1,,prior,insufficient,1.0,"Drug-8 targets various transporters and enzymes, but without specific knowledge of its pharmacological effects on HER2+ BC pathways, its potential is uncertain.",0.0,1.125
0,Hidradenitis suppurativa,primekg,kg,llama3.3:70b,0,8,B,1,1.0,1,1,1,1,,both,consistent,4.0,"Drug-8 targets IL17A, a cytokine involved in inflammatory processes relevant to Hidradenitis suppurativa.",0.125,1.875
0,Hidradenitis suppurativa,primekg,kg,llama3.3:70b,1,8,H,1,1.0,1,1,1,1,,both,consistent,5.0,"Drug-8 targets IL17A, which is involved in inflammatory processes relevant to Hidradenitis suppurativa.",0.125,2.0
0,"ALK+ solid tumors (tissue-agnostic, world-first)",primekg,kg,llama3.3:70b,0,8,G,1,1.0,1,1,1,1,,kg,consistent,5.0,"Drug-7 directly targets ALK, a key protein in ALK+ solid tumors.",0.125,2.125
0,"ALK+ solid tumors (tissue-agnostic, world-first)",primekg,kg,llama3.3:70b,1,8,H,8,0.125,0,0,0,1,,prior,insufficient,1.0,"No evidence is provided for Drug-6, making it difficult to assess its potential for treating ALK+ solid tumors.",0.125,1.875
0,Primary humoral immunodeficiency pediatric 2-11yr,primekg,kg,llama3.3:70b,0,8,H,1,1.0,1,1,1,1,,both,consistent,5.0,"Drug-1 targets FCGR3A, which is directly associated with Primary humoral immunodeficiency pediatric 2-11yr in the knowledge graph.",0.125,1.75
0,Primary humoral immunodeficiency pediatric 2-11yr,primekg,kg,llama3.3:70b,1,8,G,1,1.0,1,1,1,1,,both,consistent,5.0,"Drug-1 targets FCGR3A, which is directly associated with the primary humoral immunodeficiency pediatric disease.",0.125,1.875
0,Gastric/GEJ adenocarcinoma (1L +chemo),primekg,kg,llama3.3:70b,0,8,G,1,1.0,1,1,1,1,,prior,insufficient,2.0,"Drug-8 targets CD274, which is involved in immune checkpoint regulation and has been a target for cancer therapy.",0.125,1.875
0,Gastric/GEJ adenocarcinoma (1L +chemo),primekg,kg,llama3.3:70b,1,8,E,1,1.0,1,1,1,1,,prior,insufficient,3.0,"Drug-8 targets CD274, which is involved in immune checkpoint regulation, a mechanism relevant to cancer treatment, including potentially gastric adenocarcinoma.",0.25,2.25
0,Juvenile idiopathic arthritis (EMA Feb 2026),primekg,kg,llama3.3:70b,0,8,A,1,1.0,1,1,1,1,,both,consistent,4.0,"Drug-6 targets JAK3 and JAK1, which are involved in immune responses and have been implicated in autoimmune diseases like JIA.",0.5,2.25
0,Juvenile idiopathic arthritis (EMA Feb 2026),primekg,kg,llama3.3:70b,1,8,D,1,1.0,1,1,1,1,,both,consistent,4.0,"Drug-6 targets JAK3 and JAK1, which are involved in immune responses relevant to arthritis, providing a plausible mechanistic link to Juvenile Idiopathic Arthritis.",0.125,1.875
0,MSI-H/dMMR solid tumors (full approval conversion),primekg,kg,llama3.3:70b,0,8,G,1,1.0,1,1,1,1,,both,consistent,4.0,"Drug-4 targets PDCD1, an immune checkpoint that could be leveraged to treat MSI-H/dMMR solid tumors by enhancing anti-tumor immunity.",0.125,1.625
0,MSI-H/dMMR solid tumors (full approval conversion),primekg,kg,llama3.3:70b,1,8,F,1,1.0,1,1,1,1,,both,consistent,4.0,"Drug-4 targets PDCD1, a key player in cancer immunotherapy, suggesting potential efficacy against MSI-H/dMMR solid tumors.",0.25,1.625
0,Atopic dermatitis,primekg,kg,llama3.3:70b,0,8,D,1,1.0,1,1,1,1,,both,consistent,4.0,"Drug-7 targets JAK3 and JAK1, which are involved in immune responses relevant to atopic dermatitis.",0.125,1.75
0,Atopic dermatitis,primekg,kg,llama3.3:70b,1,8,E,3,0.3333333333333333,0,1,1,1,,prior,insufficient,2.0,Drug-7 targets JAK1 and JAK3 which are involved in immune signaling pathways potentially relevant to atopic dermatitis.,0.0,1.75
0,HER2-mutant NSCLC (EMA),primekg,kg,llama3.3:70b,0,8,F,2,0.5,0,1,1,1,,prior,insufficient,2.0,"Drug-8 targets a variety of proteins including transporters and enzymes which might influence drug disposition or tumor environment, but without specific relevance to HER2-mutant NSCLC, the connection remains speculative.",0.0,1.25
0,HER2-mutant NSCLC (EMA),primekg,kg,llama3.3:70b,1,8,C,5,0.2,0,0,1,1,,prior,insufficient,2.0,Drug-8 targets several transporters and enzymes which could play roles in cancer cell biology but requires more specific evidence linking to HER2-mutant NSCLC (EMA).,0.0,1.875
0,Schnitzler syndrome (Japan),primekg,kg,llama3.3:70b,0,8,H,1,1.0,1,1,1,1,,both,consistent,4.0,"Drug-5 targets IL1B, which is related to the disease-associated gene IL1RN, providing a plausible mechanism for treating Schnitzler syndrome.",0.125,1.625
0,Schnitzler syndrome (Japan),primekg,kg,llama3.3:70b,1,8,F,7,0.14285714285714285,0,0,0,1,,prior,insufficient,1.0,"No information is available for Drug-2, making it difficult to assess its mechanistic plausibility.",0.5,1.625
0,Unresectable thymic carcinoma (PMDA),primekg,kg,llama3.3:70b,0,8,B,1,1.0,1,1,1,1,,prior,insufficient,2.0,Drug-5 targets various transporters and enzymes but lacks direct evidence linking its targets to unresectable thymic carcinoma biology.,0.0,1.5
0,Unresectable thymic carcinoma (PMDA),primekg,kg,llama3.3:70b,1,8,G,1,1.0,1,1,1,1,,prior,insufficient,2.0,"Drug-5's targets include FLT4, which could potentially impact angiogenesis relevant to cancer treatment.",0.0,1.25
0,Ulcerative colitis,primekg,kg,llama3.3:70b,0,8,D,5,0.2,0,0,1,1,,prior,insufficient,1.0,"No information is provided about Drug-6's targets or mechanisms, making its assessment for Ulcerative Colitis highly uncertain.",0.0,1.5
0,Ulcerative colitis,primekg,kg,llama3.3:70b,1,8,C,1,1.0,1,1,1,1,,both,consistent,5.0,"Drug-7 targets IL23A, which is related to the IL23R gene associated with Ulcerative Colitis, providing a strong mechanistic link.",0.125,1.875
0,Pheochromocytoma/paraganglioma,primekg,kg,llama3.3:70b,0,8,F,1,1.0,1,1,1,1,,both,consistent,4.0,"Drug-8 targets EPAS1, which is related to hypoxia-inducible factor regulation and may be relevant to the pathogenesis of Pheochromocytoma/paraganglioma.",0.125,1.875
0,Pheochromocytoma/paraganglioma,primekg,kg,llama3.3:70b,1,8,F,2,0.5,0,1,1,1,,kg,insufficient,2.0,"Drug-8 targets EPAS1, but its relation to Pheochromocytoma/paraganglioma is unclear due to limited information.",0.625,1.75
0,BRAF V600E metastatic NSCLC,primekg,kg,llama3.3:70b,0,8,E,1,1.0,1,1,1,1,,both,consistent,5.0,"Drug-8 directly targets BRAF, a crucial gene in the pathogenesis of BRAF V600E metastatic NSCLC.",0.125,2.125
0,BRAF V600E metastatic NSCLC,primekg,kg,llama3.3:70b,1,8,C,1,1.0,1,1,1,1,,both,consistent,5.0,"Drug-8 directly targets BRAF, a crucial gene in the disease's pathology, making it the most plausible candidate.",0.125,1.875
0,BRAF+ thyroid cancer,primekg,kg,llama3.3:70b,0,8,F,1,1.0,1,1,1,1,,both,consistent,5.0,"Drug-6 directly targets BRAF, a key gene in BRAF+ thyroid cancer, providing a strong mechanistic link to the disease.",0.125,1.75
0,BRAF+ thyroid cancer,primekg,kg,llama3.3:70b,1,8,E,1,1.0,1,1,1,1,,both,consistent,5.0,"Drug-6 directly targets BRAF, a crucial gene in the pathogenesis of BRAF+ thyroid cancer.",0.125,1.75
0,Metastatic colorectal cancer,primekg,kg,llama3.3:70b,0,8,E,3,0.3333333333333333,0,1,1,1,,prior,insufficient,2.0,"Drug-3 targets several transporters and enzymes, but without specific knowledge of their role in metastatic colorectal cancer, its potential is speculative.",0.5,2.0
0,Metastatic colorectal cancer,primekg,kg,llama3.3:70b,1,8,C,1,1.0,1,1,1,1,,both,consistent,4.0,"Drug-3 targets enzymes involved in nucleotide synthesis, which is a crucial pathway for cancer cell proliferation.",0.375,2.375
0,KRAS G12C+ mCRC,primekg,kg,llama3.3:70b,0,8,A,1,1.0,1,1,1,1,,both,consistent,5.0,"Drug-8 targets KRAS, a key gene associated with KRAS G12C+ mCRC.",0.125,1.875
0,KRAS G12C+ mCRC,primekg,kg,llama3.3:70b,1,8,G,2,0.5,0,1,1,1,,prior,insufficient,2.0,"Drug-7 targets MAOA and CYP3A4, but its relevance to KRAS G12C+ mCRC is unclear due to lack of direct evidence.",0.125,2.125
0,IDH1-mutated relapsed/refractory MDS,primekg,kg,llama3.3:70b,0,8,H,1,1.0,1,1,1,1,,both,consistent,5.0,"Drug-8 directly targets IDH1, which is a key mutation in the target disease.",0.125,1.875
0,IDH1-mutated relapsed/refractory MDS,primekg,kg,llama3.3:70b,1,8,G,1,1.0,1,1,1,1,,both,consistent,5.0,"Drug-8 directly targets IDH1, a key mutation in IDH1-mutated relapsed/refractory MDS.",0.125,1.875
0,1L biliary tract cancer (+gemcitabine+cisplatin),primekg,kg,llama3.3:70b,0,8,E,3,0.3333333333333333,0,1,1,1,,prior,insufficient,2.0,"Drug-6 targets PDCD1, which is involved in immune responses and could have a role in cancer treatment by enhancing immune surveillance.",0.625,2.0
0,1L biliary tract cancer (+gemcitabine+cisplatin),primekg,kg,llama3.3:70b,1,8,G,6,0.16666666666666666,0,0,0,1,,prior,insufficient,1.0,"Drug-6 targets PDCD1, which is more commonly associated with immune checkpoint inhibition, and its relevance to biliary tract cancer treatment is not established in the provided context.",0.125,1.625
0,HR+/HER2- early breast cancer (adjuvant),primekg,kg,llama3.3:70b,0,8,G,1,1.0,1,1,1,1,,both,consistent,4.0,"Drug-7 targets CDK6 and CDK4, which are involved in cell cycle regulation and have been implicated in breast cancer.",0.125,2.0
0,HR+/HER2- early breast cancer (adjuvant),primekg,kg,llama3.3:70b,1,8,A,1,1.0,1,1,1,1,,both,consistent,4.0,"Drug-7 targets CDK6 and CDK4, which are involved in cell cycle progression and have been implicated in breast cancer.",0.125,1.5
0,Urothelial carcinoma (expanded population),primekg,kg,llama3.3:70b,0,8,E,6,0.16666666666666666,0,0,0,1,,prior,insufficient,1.0,"Drug-8 targets NECTIN4 and ABCB1, but without direct evidence linking these to Urothelial carcinoma mechanisms, its potential is highly speculative.",0.0,1.5
0,Urothelial carcinoma (expanded population),primekg,kg,llama3.3:70b,1,8,G,5,0.2,0,0,1,1,,both,conflicting,2.0,"Drug-8 targets ABCB1, which is involved in drug resistance, but its relevance to treating Urothelial carcinoma directly is unclear and may conflict with desired therapeutic outcomes.",0.25,2.0
0,Follicular lymphoma (+obinutuzumab),primekg,kg,llama3.3:70b,0,8,D,1,1.0,1,1,1,1,,both,consistent,4.0,"Drug-8 targets multiple kinases involved in B-cell receptor signaling, which is a relevant pathway for follicular lymphoma.",0.125,2.0
0,Follicular lymphoma (+obinutuzumab),primekg,kg,llama3.3:70b,1,8,D,1,1.0,1,1,1,1,,prior,insufficient,3.0,"Targets kinases that could be involved in lymphoma pathogenesis, but lacks direct evidence linking these targets to Follicular lymphoma.",0.0,3.0
0,First-line anemia in lower-risk MDS,primekg,kg,llama3.3:70b,0,8,G,2,0.5,0,1,1,1,,prior,insufficient,1.0,"No information is provided about Drug-8's targets or mechanisms, making its assessment purely speculative.",0.5,1.75
0,First-line anemia in lower-risk MDS,primekg,kg,llama3.3:70b,1,8,B,7,0.14285714285714285,0,0,0,1,,prior,insufficient,1.0,"No information is available for Drug-8, making it difficult to assess its potential effectiveness.",0.0,1.375
0,Neoadj+adj HNSCC,primekg,kg,llama3.3:70b,0,8,G,7,0.14285714285714285,0,0,0,1,,prior,insufficient,1.0,"Drug-6 targets PDCD1, which is involved in immune checkpoint regulation, but its direct relevance to HNSCC treatment is unclear without more context.",0.25,1.75
0,Neoadj+adj HNSCC,primekg,kg,llama3.3:70b,1,8,E,4,0.25,0,0,1,1,,prior,insufficient,2.0,"Drug-6 targets PDCD1, which is relevant to immune checkpoint therapy in cancer, but its direct link to HNSCC treatment is less clear without additional context.",0.25,2.125
0,HR+/HER2-low breast cancer,primekg,kg,llama3.3:70b,0,8,E,7,0.14285714285714285,0,0,0,1,,prior,insufficient,1.0,"Drug-8 targets multiple transporters and enzymes, but its relevance to HR+/HER2-low breast cancer is uncertain and lacks direct evidence.",0.5,2.125
0,HR+/HER2-low breast cancer,primekg,kg,llama3.3:70b,1,8,F,6,0.16666666666666666,0,0,0,1,,prior,insufficient,1.0,Drug-8 targets various transporters and enzymes but lacks a clear connection to the disease mechanisms of HR+/HER2-low breast cancer.,0.0,1.75
0,Chronic lymphocytic leukemia,primekg,kg,llama3.3:70b,0,8,C,1,1.0,1,1,1,1,,both,consistent,4.0,"Drug-8 targets multiple kinases involved in leukemia-related signaling pathways, making it a mechanistically plausible candidate.",0.125,1.75
0,Chronic lymphocytic leukemia,primekg,kg,llama3.3:70b,1,8,C,1,1.0,1,1,1,1,,both,consistent,4.0,"Drug-8 targets kinases like TEC and ITK, which are involved in signaling pathways potentially relevant to CLL treatment.",0.125,1.875
0,Ph+ CML-CP frontline (EMA Feb 2026),primekg,kg,llama3.3:70b,0,8,D,5,0.2,0,0,1,1,,prior,insufficient,1.0,"Drug-4 targets calcium channels, which have an unclear relevance to Ph+ CML-CP frontline treatment.",0.0,1.375
0,Ph+ CML-CP frontline (EMA Feb 2026),primekg,kg,llama3.3:70b,1,8,H,8,0.125,0,0,0,1,,prior,insufficient,1.0,"No information is available for Drug-8, making it impossible to assess its mechanistic plausibility.",0.0,1.625
0,HR+/HER2- metastatic breast cancer,primekg,kg,llama3.3:70b,0,8,H,1,1.0,1,1,1,1,,both,consistent,4.0,"Drug-7 targets PARP1 and ABCG2, which are involved in DNA repair and drug resistance pathways relevant to cancer treatment, making it a plausible candidate for HR+/HER2- metastatic breast cancer.",0.125,1.625
0,HR+/HER2- metastatic breast cancer,primekg,kg,llama3.3:70b,1,8,F,1,1.0,1,1,1,1,,prior,insufficient,3.0,"Drug-7's target PARP1 is involved in DNA repair and has been implicated in cancer therapy, making it a plausible candidate despite lack of direct evidence.",0.75,1.75
0,HER2+ solid tumors (tumor-agnostic),primekg,kg,llama3.3:70b,0,8,E,2,0.5,0,1,1,1,,kg,insufficient,3.0,Drug-8 targets several transporters but lacks direct evidence linking its targets to HER2+ solid tumor pathways.,0.5,1.875
0,HER2+ solid tumors (tumor-agnostic),primekg,kg,llama3.3:70b,1,8,F,6,0.16666666666666666,0,0,0,1,,prior,insufficient,1.0,"Drug-8 targets several proteins, but none of them have a clear, direct connection to HER2+ solid tumors, making its plausibility uncertain.",0.125,1.875
0,Pediatric BRAF V600E low-grade glioma,primekg,kg,llama3.3:70b,0,8,C,3,0.3333333333333333,0,1,1,1,,kg,conflicting,2.0,"Drug-7 targets several proteins, but the relevance of these targets to Pediatric BRAF V600E low-grade glioma is unclear and may not be directly related to the disease's pathophysiology.",0.25,1.875
0,Pediatric BRAF V600E low-grade glioma,primekg,kg,llama3.3:70b,1,8,D,5,0.2,0,0,1,1,,prior,insufficient,1.0,"Drug-7 targets several transporters and enzymes, but without clear relevance to Pediatric BRAF V600E low-grade glioma based on the provided information.",0.25,1.875
0,Primary mediastinal large B-cell lymphoma,primekg,kg,llama3.3:70b,0,8,G,1,1.0,1,1,1,1,,both,consistent,4.0,"Drug-5 targets PDCD1, which is relevant to cancer treatment, particularly in therapies aiming to enhance immune response against tumors.",0.125,1.625
0,Primary mediastinal large B-cell lymphoma,primekg,kg,llama3.3:70b,1,8,H,1,1.0,1,1,1,1,,both,consistent,4.0,"Drug-5 targets PDCD1, which is involved in immune checkpoint regulation relevant to lymphoma treatment.",0.125,2.0
0,RET-fusion NSCLC (expanded),primekg,kg,llama3.3:70b,0,8,E,1,1.0,1,1,1,1,,both,consistent,5.0,"Drug-8 directly targets RET, a key factor in RET-fusion NSCLC, providing a strong mechanistic rationale for its potential effectiveness.",0.125,1.875
0,RET-fusion NSCLC (expanded),primekg,kg,llama3.3:70b,1,8,C,1,1.0,1,1,1,1,,both,consistent,5.0,"Drug-8 directly targets RET, a crucial factor in RET-fusion NSCLC, providing a strong mechanistic rationale for its potential effectiveness.",0.125,1.75
0,dMMR/MSI-H primary advanced endometrial cancer (+chemo),primekg,kg,llama3.3:70b,0,8,D,6,0.16666666666666666,0,0,0,1,,prior,insufficient,1.0,"Drug-8 targets PDCD1, which is related to immune checkpoint regulation, but its connection to endometrial cancer is not clear.",0.25,2.25
0,dMMR/MSI-H primary advanced endometrial cancer (+chemo),primekg,kg,llama3.3:70b,1,8,F,7,0.14285714285714285,0,0,0,1,,prior,insufficient,1.0,"Drug-8 targets PDCD1, which is involved in immune checkpoint regulation, but without specific evidence linking this to dMMR/MSI-H primary advanced endometrial cancer (+chemo), its relevance remains speculative.",0.0,1.125
0,Chorea associated with Huntington's disease,drkg,kg,llama3.3:70b,0,8,B,7,0.14285714285714285,0,0,0,1,,prior,insufficient,1.0,The targets of Drug-7 do not clearly relate to the pathophysiology of Chorea associated with Huntington's disease based on provided information.,0.125,1.875
0,Chorea associated with Huntington's disease,drkg,kg,llama3.3:70b,1,8,E,1,1.0,1,1,1,1,,prior,insufficient,2.0,Drug-7's inhibition of SLC18A2 could have implications for neurotransmitter regulation relevant to chorea symptoms in Huntington's disease.,0.375,1.5
0,ILD-associated pulmonary hypertension,drkg,kg,llama3.3:70b,0,8,C,2,0.5,0,1,1,1,,prior,insufficient,2.0,"Drug-2's activation of various prostaglandin receptors could potentially influence vascular tone and inflammation, but its relevance to ILD-associated pulmonary hypertension is unclear without more specific evidence.",0.0,1.375
0,ILD-associated pulmonary hypertension,drkg,kg,llama3.3:70b,1,8,A,3,0.3333333333333333,0,1,1,1,,both,consistent,3.0,"Drug-2 affects prostaglandin receptors and other targets that might influence vascular tone or inflammation, offering a plausible but less direct connection to the disease mechanisms compared to Drugs 1 and 3.",0.375,2.25
0,Acquired hypofibrinogenemia in cardiovascular surgery,drkg,kg,llama3.3:70b,0,8,A,8,0.125,0,0,0,1,,prior,insufficient,1.0,"Drug-7 is also ranked last due to the complete lack of information regarding its targets or effects, making it impossible to assess its potential for treating Acquired hypofibrinogenemia.",0.25,1.625
0,Acquired hypofibrinogenemia in cardiovascular surgery,drkg,kg,llama3.3:70b,1,8,F,9,0.1111111111111111,0,0,0,1,,,,,,1.0,4.0
0,COPD,drkg,kg,llama3.3:70b,0,8,E,6,0.16666666666666666,0,0,0,1,,prior,insufficient,1.0,"Drug-8's targeting of IL4R might be relevant to inflammatory processes, but its connection to COPD is speculative without further evidence.",0.25,1.875
0,COPD,drkg,kg,llama3.3:70b,1,8,B,1,1.0,1,1,1,1,,both,consistent,4.0,"Drug-8 targets IL4R, which is involved in inflammatory processes relevant to COPD, suggesting a potential therapeutic effect.",0.5,1.75
0,COVID-19 in severe renal impairment/dialysis,drkg,kg,llama3.3:70b,0,8,B,6,0.16666666666666666,0,0,0,1,,prior,insufficient,1.0,"No evidence is provided for Drug-8, making it difficult to assess its mechanistic plausibility for COVID-19 treatment in severe renal impairment.",0.375,2.125
0,COVID-19 in severe renal impairment/dialysis,drkg,kg,llama3.3:70b,1,8,G,7,0.14285714285714285,0,0,0,1,,prior,insufficient,1.0,"No information is provided for Drug-8, making its assessment entirely speculative.",0.5,1.875
0,Obstructive sleep apnea with obesity,drkg,kg,llama3.3:70b,0,8,C,7,0.14285714285714285,0,0,0,1,,prior,insufficient,1.0,"No information is available about Drug-8's targets or mechanisms, making it difficult to assess its plausibility for treating obstructive sleep apnea with obesity.",0.375,2.0
0,Obstructive sleep apnea with obesity,drkg,kg,llama3.3:70b,1,8,C,2,0.5,0,1,1,1,,prior,insufficient,1.0,"No evidence is provided for Drug-8, making it difficult to assess its potential efficacy for Obstructive sleep apnea with obesity.",0.125,1.75
0,Nephrotic syndrome,drkg,kg,llama3.3:70b,0,8,C,4,0.25,0,0,1,1,,prior,insufficient,2.0,Drug-1's profile does not clearly connect to Nephrotic syndrome mechanisms based on the provided information or general pharmacological knowledge.,0.25,1.875
0,Nephrotic syndrome,drkg,kg,llama3.3:70b,1,8,C,6,0.16666666666666666,0,0,0,1,,prior,insufficient,1.0,"Drug-1's targets are primarily involved in apoptosis and cell signaling, but do not show an obvious connection to Nephrotic syndrome.",0.125,1.5
0,Pediatric glioma (EMA),drkg,kg,llama3.3:70b,0,8,H,3,0.3333333333333333,0,1,1,1,,prior,insufficient,2.0,Drug-5's broad range of targets might include some relevant to cancer but lacks specific evidence for pediatric glioma.,0.375,1.625
0,Pediatric glioma (EMA),drkg,kg,llama3.3:70b,1,8,H,9,0.1111111111111111,0,0,0,1,,,,,,1.0,4.0
0,Retinopathy of prematurity,drkg,kg,llama3.3:70b,0,8,H,1,1.0,1,1,1,1,,both,consistent,4.0,Drug-7's inhibition of VEGFA and other angiogenic factors provides a plausible mechanism for treating Retinopathy of Prematurity.,0.5,1.75
0,Retinopathy of prematurity,drkg,kg,llama3.3:70b,1,8,C,1,1.0,1,1,1,1,,both,consistent,4.0,"Drug-7 inhibits VEGFA, which is involved in angiogenesis and may be relevant to Retinopathy of prematurity.",0.25,1.875
0,Agitation associated with Alzheimer's dementia,drkg,kg,llama3.3:70b,0,8,G,1,1.0,1,1,1,1,,both,consistent,4.0,Drug-7's activation of HTR1A and DRD2 provides a plausible mechanism for treating agitation associated with Alzheimer's dementia.,0.625,2.25
0,Agitation associated with Alzheimer's dementia,drkg,kg,llama3.3:70b,1,8,A,1,1.0,1,1,1,1,,both,consistent,4.0,Drug-7's activation of HTR1A and DRD2 receptors may help alleviate agitation symptoms in Alzheimer's dementia.,0.375,2.0
0,Heterozygous familial hypercholesterolemia,drkg,kg,llama3.3:70b,0,8,G,1,1.0,1,1,1,1,,both,consistent,5.0,"Drug-7 inhibits PCSK9, a key protein involved in cholesterol metabolism, making it highly plausible for treating Heterozygous familial hypercholesterolemia.",0.25,2.25
0,Heterozygous familial hypercholesterolemia,drkg,kg,llama3.3:70b,1,8,F,2,0.5,0,1,1,1,,both,consistent,3.0,"Drug-7 inhibits PCSK9, which is involved in cholesterol regulation, making it a potential candidate for treating hypercholesterolemia.",0.375,1.875
0,First-line anemia in lower-risk MDS,drkg,kg,llama3.3:70b,0,8,B,7,0.14285714285714285,0,0,0,1,,prior,insufficient,1.0,"No information is provided about Drug-8's mechanism of action or targets, making it impossible to assess its potential for treating first-line anemia in lower-risk MDS.",0.75,1.875
0,First-line anemia in lower-risk MDS,drkg,kg,llama3.3:70b,1,8,B,5,0.2,0,0,1,1,,prior,insufficient,1.0,"No evidence was provided for Drug-8, making it impossible to assess its potential efficacy.",0.125,1.875
0,EGPA,drkg,kg,llama3.3:70b,0,8,C,1,1.0,1,1,1,1,,both,consistent,4.0,"Drug-1's profile shows potential relevance to immune response modulation, which could be beneficial in treating EGPA.",0.125,1.625
0,EGPA,drkg,kg,llama3.3:70b,1,8,H,8,0.125,0,0,0,1,,prior,insufficient,1.0,Drug-1's inhibition of IGHE and targeting MS4A2 and FCER1A does not provide a clear mechanistic link to EGPA treatment.,0.375,1.25
0,COVID-19 (expanded population),drkg,kg,llama3.3:70b,0,8,H,8,0.125,0,0,0,1,,prior,insufficient,1.0,"No evidence is provided for Drug-8, making it impossible to assess its potential as a COVID-19 treatment.",0.625,2.0
0,COVID-19 (expanded population),drkg,kg,llama3.3:70b,1,8,E,6,0.16666666666666666,0,0,0,1,,prior,insufficient,1.0,"No evidence is provided for Drug-8, making it impossible to assess its mechanistic plausibility for COVID-19 treatment.",0.375,1.75
0,HoFH in children,drkg,kg,llama3.3:70b,0,8,G,7,0.14285714285714285,0,0,0,1,,prior,insufficient,1.0,"No evidence is provided for Drug-8, making it impossible to assess its mechanistic plausibility for treating HoFH.",0.25,1.375
0,HoFH in children,drkg,kg,llama3.3:70b,1,8,A,7,0.14285714285714285,0,0,0,1,,prior,insufficient,1.0,"No information is provided about Drug-8's mechanism or targets, making its potential for treating HoFH completely uncertain.",0.0,1.125
0,Biliary tract cancer,drkg,kg,llama3.3:70b,0,8,G,1,1.0,1,1,1,1,,both,consistent,4.0,"Drug-7 targets genes involved in DNA mismatch repair, which is relevant to cancer treatment and may have implications for Biliary tract cancer.",0.5,1.875
0,Biliary tract cancer,drkg,kg,llama3.3:70b,1,8,C,1,1.0,1,1,1,1,,both,consistent,4.0,"Drug-7's inhibition of PDCD1 suggests potential in cancer treatment, although its direct relevance to Biliary tract cancer is not clearly established.",0.5,2.0
0,Diabetic retinopathy/DME (EMA Mar+May 2026),drkg,kg,llama3.3:70b,0,8,F,6,0.16666666666666666,0,0,0,1,,prior,insufficient,1.0,"No information is provided about Drug-8's mechanism of action or targets, making it impossible to assess its potential efficacy for Diabetic retinopathy/DME.",0.0,1.5
0,Diabetic retinopathy/DME (EMA Mar+May 2026),drkg,kg,llama3.3:70b,1,8,D,4,0.25,0,0,1,1,,prior,insufficient,1.0,"No information is provided for Drug-8, making it impossible to assess its mechanistic plausibility for Diabetic retinopathy/DME.",0.625,1.75
0,Cerebral folate transport deficiency,drkg,kg,llama3.3:70b,0,8,D,2,0.5,0,1,1,1,,prior,insufficient,2.0,"Drug-1 targets SLC7A5 and SLC16A10, which are involved in amino acid transport, but like Drug-2, it might have some indirect relevance to transport mechanisms in the brain.",0.5,1.25
0,Cerebral folate transport deficiency,drkg,kg,llama3.3:70b,1,8,H,2,0.5,0,1,1,1,,prior,insufficient,2.0,"Drug-1 targets SLC7A5 and SLC16A10, which are involved in amino acid transport and might have a distant relation to folate transport mechanisms.",0.0,1.25
0,Heart failure (broadened),drkg,kg,llama3.3:70b,0,8,B,4,0.25,0,0,1,1,,prior,conflicting,1.0,"The provided information for Drug-7 does not clearly support a mechanistic link to heart failure, and its profile suggests actions that may not be directly relevant.",0.375,1.75
0,Heart failure (broadened),drkg,kg,llama3.3:70b,1,8,B,9,0.1111111111111111,0,0,0,1,,,,,,1.0,4.0
0,Indolent systemic mastocytosis,drkg,kg,llama3.3:70b,0,8,H,8,0.125,0,0,0,1,,prior,insufficient,1.0,No information provided about the drug's mechanism or targets,0.375,1.625
0,Indolent systemic mastocytosis,drkg,kg,llama3.3:70b,1,8,A,6,0.16666666666666666,0,0,0,1,,prior,insufficient,1.0,No provided evidence supports the use of Drug-8 in treating indolent systemic mastocytosis.,0.5,2.0
0,"Crohn's disease (moderate-severe, refractory)",drkg,kg,llama3.3:70b,0,8,A,1,1.0,1,1,1,1,,both,consistent,4.0,"Drug-7 targets IL23A, which is relevant to Crohn's disease pathogenesis.",0.5,1.75
0,"Crohn's disease (moderate-severe, refractory)",drkg,kg,llama3.3:70b,1,8,H,1,1.0,1,1,1,1,,both,consistent,5.0,"Drug-7 directly targets IL23A, a cytokine known for its role in inflammation and implicated in Crohn's disease pathogenesis.",0.5,2.375
0,Chronic hepatitis B (pediatric),drkg,kg,llama3.3:70b,0,8,B,6,0.16666666666666666,0,0,0,1,,kg,conflicting,1.0,"The knowledge graph provides no clear mechanistic links between Drug-7 and Chronic hepatitis B, making its relevance uncertain.",0.25,1.375
0,Chronic hepatitis B (pediatric),drkg,kg,llama3.3:70b,1,8,C,7,0.14285714285714285,0,0,0,1,,prior,insufficient,1.0,Drug-7's targets are unclear and do not provide a obvious link to Chronic hepatitis B (pediatric),0.0,1.375
0,Acquired hypothalamic obesity,drkg,kg,llama3.3:70b,0,8,H,9,0.1111111111111111,0,0,0,1,,,,,,1.0,5.0
0,Acquired hypothalamic obesity,drkg,kg,llama3.3:70b,1,8,A,1,1.0,1,1,1,1,,both,consistent,4.0,"Drug-6 activates MC4R, a gene associated with Acquired hypothalamic obesity, providing a plausible mechanistic link.",0.125,1.625
0,Advanced RCC after PD-1/PD-L1 + VEGF-TKI,drkg,kg,llama3.3:70b,0,8,A,2,0.5,0,1,1,1,,kg,insufficient,2.0,"Drug-8 targets EPAS1, but the knowledge graph does not provide sufficient information to determine its relevance to Advanced RCC.",0.5,2.0
0,Advanced RCC after PD-1/PD-L1 + VEGF-TKI,drkg,kg,llama3.3:70b,1,8,G,4,0.25,0,0,1,1,,prior,insufficient,2.0,"Targeting EPAS1 by Drug-8 might have implications in hypoxia signaling relevant to some cancers, but its direct connection to Advanced RCC is not established.",0.375,2.0
0,Retinal vein occlusion,drkg,kg,llama3.3:70b,0,8,A,7,0.14285714285714285,0,0,0,1,,prior,insufficient,1.0,"Drug-8 lacks any provided information, making it impossible to assess its potential for treating retinal vein occlusion based on the given data.",0.0,1.625
0,Retinal vein occlusion,drkg,kg,llama3.3:70b,1,8,G,6,0.16666666666666666,0,0,0,1,,prior,insufficient,1.0,"No evidence is provided for Drug-8, making it difficult to assess its potential for treating Retinal vein occlusion.",0.25,1.875
0,Agitation associated with Alzheimer's dementia,drkg,kg,llama3.3:70b,0,8,F,6,0.16666666666666666,0,0,0,1,,prior,insufficient,2.0,Lack of evidence from the knowledge graph makes it difficult to assess Drug-2's potential for treating Agitation associated with Alzheimer's dementia.,0.625,2.25
0,Agitation associated with Alzheimer's dementia,drkg,kg,llama3.3:70b,1,8,F,2,0.5,0,1,1,1,,kg,insufficient,1.0,"The knowledge graph provides limited information on Drug-2, making it challenging to determine its relevance to the disease.",0.75,1.875
0,High LDL-C with increased CV risk (expanded),drkg,kg,llama3.3:70b,0,8,D,4,0.25,0,0,1,1,,prior,insufficient,1.0,"No evidence is available for Drug-8, making it difficult to assess its mechanistic plausibility.",0.125,1.5
0,High LDL-C with increased CV risk (expanded),drkg,kg,llama3.3:70b,1,8,G,7,0.14285714285714285,0,0,0,1,,prior,insufficient,1.0,"No information is provided for Drug-8, making its assessment impossible.",0.125,1.625
0,Indolent systemic mastocytosis (EMA),drkg,kg,llama3.3:70b,0,8,E,7,0.14285714285714285,0,0,0,1,,prior,insufficient,1.0,"No information is provided for Drug-8, making it impossible to assess its potential for treating indolent systemic mastocytosis.",0.5,1.5
0,Indolent systemic mastocytosis (EMA),drkg,kg,llama3.3:70b,1,8,C,5,0.2,0,0,1,1,,prior,insufficient,1.0,"No information is provided for Drug-8, making it impossible to assess its potential for treating mastocytosis.",0.5,1.75
0,Antibody-mediated rejection in organ transplantation,drkg,kg,llama3.3:70b,0,8,F,2,0.5,0,1,1,1,,prior,insufficient,2.0,"Drug-1's inhibition of MS4A1 and targeting of XIAP could imply some immunomodulatory effects, but its relevance to antibody-mediated rejection is speculative.",0.25,1.625
0,Antibody-mediated rejection in organ transplantation,drkg,kg,llama3.3:70b,1,8,A,2,0.5,0,1,1,1,,both,consistent,3.0,"Drug-1's inhibition of MS4A1 and targeting of XIAP could imply some immunomodulatory effects, though its relevance to antibody-mediated rejection is less clear.",0.375,1.875
0,Invasive fungal infections pediatric ≥2yr,drkg,kg,llama3.3:70b,0,8,A,1,1.0,1,1,1,1,,both,insufficient,2.0,"Drug-5's inhibition of CYP3A4 could potentially interact with the metabolism of other drugs used to treat fungal infections, but this is highly speculative without direct evidence of antifungal activity.",0.25,1.25
0,Invasive fungal infections pediatric ≥2yr,drkg,kg,llama3.3:70b,1,8,F,6,0.16666666666666666,0,0,0,1,,kg,insufficient,1.0,Drug-5's inhibition of CYP3A4 and targeting of SMO does not directly relate to known antifungal mechanisms.,0.5,1.25
0,PKU expanded to ≥12yr,drkg,kg,llama3.3:70b,0,8,B,6,0.16666666666666666,0,0,0,1,,prior,insufficient,1.0,"No information is provided about Drug-8, making it impossible to assess its potential for treating PKU.",0.125,1.625
0,PKU expanded to ≥12yr,drkg,kg,llama3.3:70b,1,8,E,3,0.3333333333333333,0,1,1,1,,prior,insufficient,1.0,"No evidence is provided for Drug-8, making it difficult to assess its mechanistic plausibility for treating PKU expanded to ≥12yr.",0.125,1.5
0,"Pediatric low-grade glioma (+dabrafenib, BRAF V600E)",drkg,kg,llama3.3:70b,0,8,D,1,1.0,1,1,1,1,,both,consistent,4.0,Drug-8's inhibition of MAP2K enzymes and KRAS suggests potential efficacy in treating Pediatric low-grade glioma by targeting relevant signaling pathways.,0.5,1.875
0,"Pediatric low-grade glioma (+dabrafenib, BRAF V600E)",drkg,kg,llama3.3:70b,1,8,F,1,1.0,1,1,1,1,,both,consistent,4.0,Drug-8's inhibition of MAP2K enzymes and KRAS provides a strong mechanistic rationale for treating Pediatric low-grade glioma.,0.75,1.875
0,Retinal vein occlusion,drkg,kg,llama3.3:70b,0,8,F,1,1.0,1,1,1,1,,prior,insufficient,2.0,No relevant information was provided in the knowledge graph to assess Drug-8's potential for treating Retinal vein occlusion.,0.125,1.625
0,Retinal vein occlusion,drkg,kg,llama3.3:70b,1,8,H,8,0.125,0,0,0,1,,prior,insufficient,1.0,Lack of any information on Drug-8 makes it the least assessable candidate for treating Retinal vein occlusion.,0.25,1.75
0,Spinal muscular atrophy (pediatric expansion),drkg,kg,llama3.3:70b,0,8,H,8,0.125,0,0,0,1,,prior,insufficient,1.0,"No information is provided about Drug-8's mechanism or targets, making it impossible to assess its potential for treating SMA.",0.375,1.625
0,Spinal muscular atrophy (pediatric expansion),drkg,kg,llama3.3:70b,1,8,H,7,0.14285714285714285,0,0,0,1,,prior,insufficient,1.0,"No information is provided about Drug-8, making it impossible to assess its potential for treating Spinal Muscular Atrophy.",0.2857142857142857,2.0
0,LDL-C elevation in statin-intolerant dyslipidemia,drkg,kg,llama3.3:70b,0,8,C,1,1.0,1,1,1,1,,both,consistent,4.0,"Drug-8 targets PPARA, which is involved in lipid metabolism and may help lower LDL-C levels.",0.25,1.75
0,LDL-C elevation in statin-intolerant dyslipidemia,drkg,kg,llama3.3:70b,1,8,D,1,1.0,1,1,1,1,,both,consistent,4.0,"Drug-8 targets PPARA, which plays a role in lipid metabolism, making it a plausible candidate for treating LDL-C elevation.",0.125,1.75
0,Polycythaemia vera and essential thrombocytopenia,drkg,kg,llama3.3:70b,0,8,G,1,1.0,1,1,1,1,,both,consistent,4.0,"Drug-1's activation of IFNAR2 and IFNAR1 aligns with the immune-related aspects of Polycythaemia vera and essential thrombocytopenia, offering a plausible mechanism.",0.125,1.625
0,Polycythaemia vera and essential thrombocytopenia,drkg,kg,llama3.3:70b,1,8,H,1,1.0,1,1,1,1,,both,consistent,4.0,Drug-1's activation of IFNAR1 and IFNAR2 suggests potential immunomodulatory effects that could be beneficial in treating Polycythaemia vera and essential thrombocytopenia.,0.125,2.0
0,Primary immunodeficiency pediatric (EMA),drkg,kg,llama3.3:70b,0,8,A,1,1.0,1,1,1,1,,both,consistent,4.0,"Drug-1 targets Fc gamma receptors, which are involved in immune responses, suggesting a plausible mechanism for treating Primary immunodeficiency pediatric (EMA).",0.125,1.5
0,Primary immunodeficiency pediatric (EMA),drkg,kg,llama3.3:70b,1,8,D,1,1.0,1,1,1,1,,both,consistent,4.0,"Drug-1 targets multiple Fc gamma receptors, which are involved in immune responses and could be relevant to treating primary immunodeficiency.",0.25,1.625
0,COVID-19 updated strain,drkg,kg,llama3.3:70b,0,8,A,7,0.14285714285714285,0,0,0,1,,prior,insufficient,1.0,"No evidence was provided for Drug-8, making it impossible to assess its mechanistic plausibility for COVID-19 treatment.",0.5,1.75
0,COVID-19 updated strain,drkg,kg,llama3.3:70b,1,8,C,7,0.14285714285714285,0,0,0,1,,prior,insufficient,1.0,"No information is provided about Drug-8's mechanism or targets, making it impossible to assess its potential for treating COVID-19.",0.5,1.875
0,Oral tablet formulation for weight management,drkg,kg,llama3.3:70b,0,8,F,9,0.1111111111111111,0,0,0,1,,,,,,1.0,4.0
0,Oral tablet formulation for weight management,drkg,kg,llama3.3:70b,1,8,B,1,1.0,1,1,1,1,,both,consistent,4.0,"Drug-8's activation of GCG and targeting of GLP1R suggests a potential role in regulating glucose metabolism and appetite, which is relevant to weight management.",0.25,1.875
0,"mCRC BRAF V600E (traditional approval, was accelerated)",drkg,kg,llama3.3:70b,0,8,D,1,1.0,1,1,1,1,,both,consistent,5.0,"Drug-7 directly inhibits BRAF, which is a key target in mCRC BRAF V600E, making it the most plausible candidate.",0.5,1.875
0,"mCRC BRAF V600E (traditional approval, was accelerated)",drkg,kg,llama3.3:70b,1,8,C,1,1.0,1,1,1,1,,both,consistent,5.0,"Drug-7 inhibits BRAF, a crucial target in mCRC BRAF V600E, making it the most plausible candidate.",0.5,1.875
0,TRD monotherapy,drkg,kg,llama3.3:70b,0,8,D,1,1.0,1,1,1,1,,both,consistent,4.0,"Drug-6 targets NTRK2, which is associated with BDNF, a gene linked to TRD monotherapy.",0.25,2.25
0,TRD monotherapy,drkg,kg,llama3.3:70b,1,8,A,2,0.5,0,1,1,1,,prior,insufficient,2.0,"While Drug-6 targets various GRIN genes related to neurotransmission, its direct relevance to TRD monotherapy is unclear without specific knowledge graph evidence.",0.125,2.125
0,Reduce MACE in CVD + obesity/overweight,drkg,kg,llama3.3:70b,0,8,G,1,1.0,1,1,1,1,,both,consistent,4.0,Drug-8's activation of GCG and targeting of GLP1R aligns with potential benefits in cardiovascular diseases and obesity management through improved glucose regulation.,0.5,1.875
0,Reduce MACE in CVD + obesity/overweight,drkg,kg,llama3.3:70b,1,8,A,3,0.3333333333333333,0,1,1,1,,prior,insufficient,2.0,"Drug-8 activates GCG and targets GLP1R, which could influence metabolic parameters but lacks direct evidence linking to MACE reduction in CVD + obesity/overweight.",0.5,1.625
0,Giant cell arteritis,drkg,kg,llama3.3:70b,0,8,G,2,0.5,0,1,1,1,,both,consistent,4.0,"Drug-8's inhibition of JAK1, TYK2, JAK3, and JAK2 aligns with the treatment of inflammatory conditions like Giant cell arteritis.",0.125,1.875
0,Giant cell arteritis,drkg,kg,llama3.3:70b,1,8,G,2,0.5,0,1,1,1,,prior,insufficient,3.0,"While Drug-8's profile suggests potential anti-inflammatory effects through JAK inhibition, its direct relevance to Giant cell arteritis is uncertain without more specific evidence.",0.375,1.875
0,Acute HCV pediatric,drkg,kg,llama3.3:70b,0,8,D,2,0.5,0,1,1,1,,prior,insufficient,3.0,"Although there's no direct evidence linking Drug-8 to HCV treatment, its targeting of various transporters and enzymes could potentially influence the pharmacokinetics of antiviral drugs.",0.125,1.875
0,Acute HCV pediatric,drkg,kg,llama3.3:70b,1,8,H,8,0.125,0,0,0,1,,prior,insufficient,1.0,Drug-8's targets lack a clear connection to the mechanisms involved in treating Acute HCV pediatric.,0.125,1.75
0,MASH with fibrosis,drkg,kg,llama3.3:70b,0,8,H,8,0.125,0,0,0,1,,prior,insufficient,1.0,"Drug-8's activation of GCG is unrelated to fibrosis, and the knowledge graph evidence does not support its use for this disease.",0.375,1.875
0,MASH with fibrosis,drkg,kg,llama3.3:70b,1,8,E,4,0.25,0,0,1,1,,prior,insufficient,2.0,Drug-8's activation of GCG and targeting GLP1R may have metabolic implications but lacks direct evidence linking it to fibrosis in MASH.,0.375,1.875
0,Resectable gastric/GEJ adenocarcinoma (neoadj+adj +FLOT),drkg,kg,llama3.3:70b,0,8,H,1,1.0,1,1,1,1,,both,consistent,4.0,"Drug-7 targets immune checkpoint molecules CD274 and CD80, providing a plausible mechanism for treating cancer.",0.125,2.125
0,Resectable gastric/GEJ adenocarcinoma (neoadj+adj +FLOT),drkg,kg,llama3.3:70b,1,8,H,1,1.0,1,1,1,1,,both,consistent,5.0,"Drug-7 targets CD274 and CD80, which are involved in immune checkpoint regulation relevant to cancer treatment.",0.375,2.0
0,Chronic kidney disease,drkg,kg,llama3.3:70b,0,8,C,1,1.0,1,1,1,1,,both,consistent,4.0,Drug-5's inhibition of SLC5A2 may be beneficial in CKD due to its potential impact on renal glucose handling.,0.5,1.625
0,Chronic kidney disease,drkg,kg,llama3.3:70b,1,8,F,1,1.0,1,1,1,1,,both,consistent,4.0,Drug-5's inhibition of SLC5A2 suggests a potential mechanistic link to kidney function.,0.5,2.125
0,Generalized myasthenia gravis,drkg,kg,llama3.3:70b,0,8,A,8,0.125,0,0,0,1,,prior,insufficient,1.0,Drug-8 lacks any provided evidence or known effects that could link it to Generalized myasthenia gravis.,0.125,1.625
0,Generalized myasthenia gravis,drkg,kg,llama3.3:70b,1,8,A,8,0.125,0,0,0,1,,prior,insufficient,1.0,"No information is provided about Drug-8, making it impossible to assess its mechanistic plausibility for Generalized myasthenia gravis.",0.25,1.625
0,Measles prophylaxis post-exposure,drkg,kg,llama3.3:70b,0,8,C,3,0.3333333333333333,0,1,1,1,,prior,insufficient,2.0,"While Drug-1 targets various Fc gamma receptors, its relevance to measles prophylaxis is unclear without more specific evidence.",0.625,1.875
0,Measles prophylaxis post-exposure,drkg,kg,llama3.3:70b,1,8,A,1,1.0,1,1,1,1,,both,consistent,4.0,"Drug-1 targets several Fc gamma receptors, which could influence antibody-mediated immune responses relevant to measles prophylaxis.",0.25,1.5
0,HoFH pediatric (EMA),drkg,kg,llama3.3:70b,0,8,B,8,0.125,0,0,0,1,,prior,insufficient,1.0,"No information is provided about Drug-8's targets or mechanisms, making it impossible to assess its plausibility for HoFH.",0.375,1.25
0,HoFH pediatric (EMA),drkg,kg,llama3.3:70b,1,8,A,7,0.14285714285714285,0,0,0,1,,prior,insufficient,1.0,"No information is available for Drug-8, making its ranking highly uncertain.",0.0,1.125
0,mHSPC + ADT,drkg,kg,llama3.3:70b,0,8,F,1,1.0,1,1,1,1,,both,consistent,4.0,"Drug-8 targets PGR and AR, which are relevant to prostate cancer treatment, suggesting potential mechanistic plausibility for mHSPC + ADT.",0.375,2.0
0,mHSPC + ADT,drkg,kg,llama3.3:70b,1,8,H,1,1.0,1,1,1,1,,both,consistent,4.0,"Drug-8 targets PGR and AR, which are relevant to prostate cancer treatment, making it a plausible candidate for mHSPC + ADT.",0.5,1.75
0,Chronic thromboembolic pulmonary hypertension,drkg,kg,llama3.3:70b,0,8,A,2,0.5,0,1,1,1,,prior,insufficient,2.0,"While Drug-7 inhibits F10 and F2, which are involved in coagulation, its direct relevance to Chronic thromboembolic pulmonary hypertension is less clear without more specific evidence.",0.125,1.5
0,Chronic thromboembolic pulmonary hypertension,drkg,kg,llama3.3:70b,1,8,A,2,0.5,0,1,1,1,,prior,insufficient,2.0,"Although Drug-7's targets are not directly linked to Chronic thromboembolic pulmonary hypertension in the knowledge graph, its inhibition of F10 and F2 could theoretically affect blood coagulation.",0.125,1.625
0,Pediatric atopic dermatitis,drkg,kg,llama3.3:70b,0,8,F,1,1.0,1,1,1,1,,both,consistent,4.0,Drug-8's inhibition of JAK1 provides a plausible mechanism for modulating the immune response in atopic dermatitis.,0.375,1.75
0,Pediatric atopic dermatitis,drkg,kg,llama3.3:70b,1,8,G,1,1.0,1,1,1,1,,both,consistent,4.0,"Drug-8 inhibits JAK1, a kinase involved in immune response pathways relevant to atopic dermatitis.",0.375,2.0
0,Delay T1D onset in children ≥1yr,drkg,kg,llama3.3:70b,0,8,G,8,0.125,0,0,0,1,,prior,insufficient,1.0,"No information is available for Drug-5, making it impossible to assess its potential relevance to T1D onset.",0.0,1.375
0,Delay T1D onset in children ≥1yr,drkg,kg,llama3.3:70b,1,8,A,6,0.16666666666666666,0,0,0,1,,prior,insufficient,1.0,"Without specific targets or mechanisms provided, Drug-5's potential for delaying T1D onset is completely speculative.",0.25,1.25
0,HR+/HER2- metastatic breast cancer,drkg,kg,llama3.3:70b,0,8,B,7,0.14285714285714285,0,0,0,1,,prior,insufficient,1.0,"No information is provided about Drug-8's targets or pathways, making its ranking uncertain.",0.625,1.5
0,HR+/HER2- metastatic breast cancer,drkg,kg,llama3.3:70b,1,8,G,7,0.14285714285714285,0,0,0,1,,prior,insufficient,1.0,"No information is provided about Drug-8's targets or mechanisms, making it impossible to assess its potential for treating HR+/HER2- metastatic breast cancer.",0.625,2.125
0,Polymyalgia rheumatica,drkg,kg,llama3.3:70b,0,8,D,7,0.14285714285714285,0,0,0,1,,prior,insufficient,1.0,"Drug-6 is reassigned to the top rank, and Drug-D (originally considered for its targets) lacks direct relevance based on provided information.",0.25,1.125
0,Polymyalgia rheumatica,drkg,kg,llama3.3:70b,1,8,B,1,1.0,1,1,1,1,,both,consistent,4.0,"Drug-6 targets IL6R, which is relevant for treating inflammatory conditions like Polymyalgia rheumatica, showing a consistent mechanistic link.",0.125,1.875
0,CKD in T2D,drkg,kg,llama3.3:70b,0,8,A,1,1.0,1,1,1,1,,both,consistent,4.0,Drug-8's action on GCG and GLP1R is relevant to T2D management and potentially beneficial for CKD.,0.375,1.75
0,CKD in T2D,drkg,kg,llama3.3:70b,1,8,D,1,1.0,1,1,1,1,,both,consistent,4.0,Drug-8's activation of GCG and targeting of GLP1R may indirectly benefit CKD in T2D management through improved glycemic control.,1.0,4.0
0,Pancreatic NET,drkg,kg,llama3.3:70b,0,8,E,1,1.0,1,1,1,1,,both,consistent,5.0,"Drug-6's inhibition of kinases such as AXL, FLT3, and MET provides a strong rationale for its potential in treating Pancreatic NET.",0.5,2.75
0,Pancreatic NET,drkg,kg,llama3.3:70b,1,8,F,9,0.1111111111111111,0,0,0,1,,,,,,1.0,4.0
0,COPD (EMA 2025),drkg,kg,llama3.3:70b,0,8,C,5,0.2,0,0,1,1,,prior,insufficient,2.0,"Drug-8's target, IL4R, may be relevant to inflammation, but its connection to COPD is unclear without more information.",0.625,2.375
0,COPD (EMA 2025),drkg,kg,llama3.3:70b,1,8,C,1,1.0,1,1,1,1,,both,consistent,4.0,"Drug-8 targets IL4R, which is involved in inflammation and immune responses relevant to COPD pathophysiology.",0.75,2.25
0,dMMR/MSI-H primary advanced endometrial cancer,drkg,kg,llama3.3:70b,0,8,C,6,0.16666666666666666,0,0,0,1,,prior,insufficient,1.0,"No information is provided for Drug-8, making it impossible to assess its mechanistic plausibility for treating endometrial cancer.",0.25,1.875
0,dMMR/MSI-H primary advanced endometrial cancer,drkg,kg,llama3.3:70b,1,8,F,7,0.14285714285714285,0,0,0,1,,prior,insufficient,1.0,"No evidence was provided for Drug-8, making it impossible to assess its mechanistic plausibility for treating endometrial cancer.",0.625,1.875
0,IgE-mediated food allergy,drkg,kg,llama3.3:70b,0,8,B,1,1.0,1,1,1,1,,both,consistent,5.0,"Drug-1 directly inhibits IGHE, a gene associated with IgE-mediated food allergy.",0.125,1.625
0,IgE-mediated food allergy,drkg,kg,llama3.3:70b,1,8,C,1,1.0,1,1,1,1,,both,consistent,5.0,"Drug-1 inhibits IGHE, a gene directly associated with IgE-mediated food allergy, suggesting a strong mechanistic link to the disease.",0.125,1.75
0,Biliary tract cancer 1L,drkg,kg,llama3.3:70b,0,8,E,1,1.0,1,1,1,1,,both,consistent,4.0,"Drug-5 targets CD274 and CD80, which are involved in immune checkpoint regulation, a plausible mechanism for treating cancer.",0.25,2.0
0,Biliary tract cancer 1L,drkg,kg,llama3.3:70b,1,8,F,1,1.0,1,1,1,1,,both,consistent,4.0,"Drug-5 targets CD274 and CD80, which are involved in immune responses, potentially modulating the tumor microenvironment in Biliary tract cancer 1L.",0.375,2.125
0,Ulcerative colitis,drkg,kg,llama3.3:70b,0,8,G,2,0.5,0,1,1,1,,prior,insufficient,3.0,"Drug-8 targets IL12B, which is involved in immune response, but the connection to ulcerative colitis is less direct than Drug-4's mechanisms.",0.25,2.25
0,Ulcerative colitis,drkg,kg,llama3.3:70b,1,8,E,2,0.5,0,1,1,1,,prior,insufficient,3.0,"Drug-8's target IL12B is involved in immune responses, but its direct relevance to Ulcerative Colitis treatment is uncertain without more specific evidence.",0.125,1.875
0,Platinum-resistant ovarian carcinoma (PD-L1+ CPS≥1),drkg,kg,llama3.3:70b,0,8,A,1,1.0,1,1,1,1,,both,consistent,4.0,"Drug-6 targets CD274 (PD-L1), which is relevant to the disease, suggesting a potential therapeutic effect.",0.375,1.625
0,Platinum-resistant ovarian carcinoma (PD-L1+ CPS≥1),drkg,kg,llama3.3:70b,1,8,G,1,1.0,1,1,1,1,,both,consistent,5.0,"Drug-6 inhibits PDCD1, a target in cancer immunotherapy, making it the most plausible candidate.",0.875,1.75
0,IgG4-related disease,drkg,kg,llama3.3:70b,0,8,E,6,0.16666666666666666,0,0,0,1,,prior,insufficient,1.0,"Similar to Drug-5, no data was available for Drug-8, leading to a lack of confidence in its potential efficacy for IgG4-related disease.",0.25,1.875
0,IgG4-related disease,drkg,kg,llama3.3:70b,1,8,G,7,0.14285714285714285,0,0,0,1,,prior,insufficient,1.0,"No information is provided for Drug-8, making it impossible to assess its potential therapeutic effects on IgG4-related disease.",0.375,1.875
0,dMMR recurrent/advanced endometrial cancer,drkg,kg,llama3.3:70b,0,8,D,8,0.125,0,0,0,1,,prior,insufficient,1.0,"No information about Drug-8's targets or mechanisms is provided, making its assessment impossible.",0.625,1.5
0,dMMR recurrent/advanced endometrial cancer,drkg,kg,llama3.3:70b,1,8,F,6,0.16666666666666666,0,0,0,1,,prior,insufficient,1.0,"No evidence is provided for Drug-8, making it impossible to assess its mechanistic plausibility.",0.25,1.5
0,Palmoplantar pustulosis (PMDA),drkg,kg,llama3.3:70b,0,8,B,1,1.0,1,1,1,1,,both,consistent,4.0,"Drug-8 targets IL23A, which is implicated in inflammatory conditions and thus may be beneficial for treating Palmoplantar pustulosis.",0.125,1.5
0,Palmoplantar pustulosis (PMDA),drkg,kg,llama3.3:70b,1,8,H,1,1.0,1,1,1,1,,both,consistent,4.0,"Drug-8's targeting of IL23A, a cytokine involved in inflammatory processes, provides a mechanistic link to palmoplantar pustulosis through its potential anti-inflammatory effects.",0.625,1.875
0,HER2-mutant NSCLC (PMDA),drkg,kg,llama3.3:70b,0,8,C,3,0.3333333333333333,0,1,1,1,,prior,insufficient,2.0,"Drug-8 targets FCGR1A and TOP1, which could imply immunomodulatory or DNA replication effects, but its connection to HER2-mutant NSCLC is speculative without further evidence.",0.0,1.625
0,HER2-mutant NSCLC (PMDA),drkg,kg,llama3.3:70b,1,8,A,7,0.14285714285714285,0,0,0,1,,prior,insufficient,1.0,"Drug-8's targets do not obviously connect to therapeutic strategies for HER2-mutant NSCLC, lacking direct evidence or a clear mechanistic link.",0.0,1.875
0,CRSwNP (eosinophilic chronic rhinosinusitis with nasal polyps),drkg,kg,llama3.3:70b,0,8,H,8,0.125,0,0,0,1,,prior,insufficient,1.0,"No evidence was provided for Drug-8, making it impossible to assess its potential efficacy in treating CRSwNP.",0.625,2.0
0,CRSwNP (eosinophilic chronic rhinosinusitis with nasal polyps),drkg,kg,llama3.3:70b,1,8,A,7,0.14285714285714285,0,0,0,1,,prior,insufficient,1.0,"No information is available for Drug-8, making it impossible to assess its potential for treating CRSwNP.",0.75,2.0
0,HR+/HER2- breast cancer,drkg,kg,llama3.3:70b,0,8,G,7,0.14285714285714285,0,0,0,1,,prior,insufficient,1.0,Lack of information on Drug-7's targets or mechanisms prevents a meaningful assessment.,0.25,2.125
0,HR+/HER2- breast cancer,drkg,kg,llama3.3:70b,1,8,B,5,0.2,0,0,1,1,,prior,insufficient,1.0,Lack of information on Drug-7's mechanism makes its plausibility for treating HR+/HER2- breast cancer uncertain.,0.5,2.0
0,GVHD + pediatric,drkg,kg,llama3.3:70b,0,8,C,4,0.25,0,0,1,1,,kg,insufficient,2.0,Drug-5's broad range of targets and binding partners makes it difficult to assess its relevance to GVHD + pediatric without more specific evidence.,0.5,1.75
0,GVHD + pediatric,drkg,kg,llama3.3:70b,1,8,H,3,0.3333333333333333,0,1,1,1,,prior,insufficient,2.0,"Drug-5's downregulation and inhibition activities could be relevant, but lack direct connection to GVHD + pediatric in the provided evidence.",0.125,1.625
0,BRAF+ thyroid cancer,drkg,kg,llama3.3:70b,0,8,D,1,1.0,1,1,1,1,,both,consistent,4.0,Drug-7's inhibition of MAP2K1 and MAP2K2 aligns with targeting the MAPK/ERK pathway in BRAF+ thyroid cancer.,0.5714285714285714,2.0
0,BRAF+ thyroid cancer,drkg,kg,llama3.3:70b,1,8,F,8,0.125,0,0,0,1,,prior,insufficient,1.0,"No information is provided for Drug-1 that directly links it to the treatment of BRAF+ thyroid cancer, although its activation and inhibition profiles suggest potential off-target effects.",0.375,1.875
0,Allergic fungal rhinosinusitis (AFRS) ≥6yr,drkg,kg,llama3.3:70b,0,8,F,1,1.0,1,1,1,1,,both,consistent,4.0,"Drug-8 targets IL4R, which plays a role in allergic responses, making it a mechanistically plausible candidate for AFRS.",0.625,1.75
0,Allergic fungal rhinosinusitis (AFRS) ≥6yr,drkg,kg,llama3.3:70b,1,8,E,1,1.0,1,1,1,1,,both,consistent,4.0,"Drug-8 targets IL4R, which is involved in allergic responses, making it a plausible candidate for treating AFRS.",0.625,1.875
0,Follicular lymphoma,drkg,kg,llama3.3:70b,0,8,A,8,0.125,0,0,0,1,,prior,insufficient,1.0,"No evidence was provided for Drug-8, making its assessment purely speculative.",0.375,1.625
0,Follicular lymphoma,drkg,kg,llama3.3:70b,1,8,C,4,0.25,0,0,1,1,,prior,insufficient,1.0,"No information is provided for Drug-8, making it impossible to assess its potential efficacy against follicular lymphoma.",0.625,2.125
0,Crohn's disease,drkg,kg,llama3.3:70b,0,8,A,1,1.0,1,1,1,1,,both,consistent,4.0,"Drug-7 targets IL23A, which is involved in immune response and may be relevant to treating Crohn's disease.",0.125,1.875
0,Crohn's disease,drkg,kg,llama3.3:70b,1,8,F,1,1.0,1,1,1,1,,both,consistent,4.0,"Drug-7 targets IL23A, which plays a role in inflammation relevant to Crohn's disease.",0.375,1.75
0,RAS wild-type HER2+ metastatic colorectal cancer,drkg,kg,llama3.3:70b,0,8,D,1,1.0,1,1,1,1,,both,consistent,5.0,"Drug-7 directly targets ERBB2, a key component in HER2+ cancers, making it the most mechanistically plausible candidate.",0.375,1.75
0,RAS wild-type HER2+ metastatic colorectal cancer,drkg,kg,llama3.3:70b,1,8,H,1,1.0,1,1,1,1,,both,consistent,5.0,"Drug-7 directly targets ERBB2 (HER2), a key factor in HER2+ metastatic colorectal cancer.",0.5,1.875
0,Crohn's disease,drkg,kg,llama3.3:70b,0,8,D,1,1.0,1,1,1,1,,both,consistent,5.0,"Drug-8 targets JAK kinases, which play a role in inflammatory pathways associated with Crohn's disease.",0.125,1.875
0,Crohn's disease,drkg,kg,llama3.3:70b,1,8,D,1,1.0,1,1,1,1,,both,consistent,5.0,"Drug-8 inhibits JAK1, a key player in cytokine signaling pathways implicated in Crohn's disease.",0.375,2.125
0,Gastric/GEJ adenocarcinoma,drkg,kg,llama3.3:70b,0,8,E,1,1.0,1,1,1,1,,both,consistent,4.0,"Drug-7 targets CD274 and CD80, which are involved in immune checkpoint regulation, a mechanism relevant to cancer treatment.",0.25,1.875
0,Gastric/GEJ adenocarcinoma,drkg,kg,llama3.3:70b,1,8,C,6,0.16666666666666666,0,0,0,1,,prior,insufficient,1.0,Drug-7 lacks sufficient information to assess its mechanistic plausibility for treating Gastric/GEJ adenocarcinoma.,0.75,2.625
0,EGPA (expanded),drkg,kg,llama3.3:70b,0,8,H,9,0.1111111111111111,0,0,0,1,,,,,,1.0,5.0
0,EGPA (expanded),drkg,kg,llama3.3:70b,1,8,B,1,1.0,1,1,1,1,,both,consistent,4.0,"Drug-6 targets IL5RA, which is associated with the disease-related gene IL5, providing a plausible mechanistic link to EGPA.",0.125,1.75
0,HR+/HER2- node-positive high-risk early breast cancer,drkg,kg,llama3.3:70b,0,8,G,1,1.0,1,1,1,1,,both,consistent,5.0,Drug-7's inhibition of CDK4/6 and targeting of ESR1 provide a strong mechanistic rationale for treating HR+/HER2- breast cancer.,0.5,2.375
0,HR+/HER2- node-positive high-risk early breast cancer,drkg,kg,llama3.3:70b,1,8,D,1,1.0,1,1,1,1,,both,consistent,5.0,"Inhibits CDK4 and CDK6, key regulators of cell cycle progression, making it a plausible candidate for treating HR+/HER2- breast cancer.",1.0,5.0
0,IV formulation for rheumatic diseases (EMA),drkg,kg,llama3.3:70b,0,8,F,9,0.1111111111111111,0,0,0,1,,,,,,1.0,5.0
0,IV formulation for rheumatic diseases (EMA),drkg,kg,llama3.3:70b,1,8,G,2,0.5,0,1,1,1,,prior,insufficient,3.0,"Drug-7 has no provided evidence, but its inhibition of a cytokine could be beneficial in treating rheumatic diseases.",0.375,2.375
0,Ph+ CML-CP after 2+ TKIs,drkg,kg,llama3.3:70b,0,8,C,1,1.0,1,1,1,1,,both,consistent,5.0,"Drug-6 targets ABL1, a key kinase in the pathogenesis of Ph+ CML-CP.",0.125,2.125
0,Ph+ CML-CP after 2+ TKIs,drkg,kg,llama3.3:70b,1,8,G,1,1.0,1,1,1,1,,both,consistent,5.0,"Drug-6 targets ABL1, a key tyrosine kinase in CML, making it the most mechanistically plausible candidate.",0.375,2.125
0,Psoriasis in children 6-11 (cream),drkg,kg,llama3.3:70b,0,8,F,1,1.0,1,1,1,1,,both,consistent,5.0,"Drug-5 inhibits PDE4, which is a known target for treating psoriasis, and also inhibits TNF, a pro-inflammatory cytokine involved in the disease.",0.25,2.125
0,Psoriasis in children 6-11 (cream),drkg,kg,llama3.3:70b,1,8,G,1,1.0,1,1,1,1,,both,consistent,5.0,Drug-5's inhibition of PDE4 enzymes and TNF provides a strong mechanistic rationale for treating psoriasis due to their roles in inflammation.,0.375,2.0
0,HER2+ early-stage BC (neoadjuvant + adjuvant),drkg,kg,llama3.3:70b,0,8,D,1,1.0,1,1,1,1,,both,consistent,4.0,"Drug-8 targets FCGR1A and TOP1, which are involved in immune response and DNA replication, making it a plausible candidate for HER2+ BC treatment.",0.5,1.875
0,HER2+ early-stage BC (neoadjuvant + adjuvant),drkg,kg,llama3.3:70b,1,8,B,1,1.0,1,1,1,1,,both,consistent,4.0,"Drug-8's targeting of TOP1 presents a plausible mechanism for interfering with cancer cell proliferation, aligning with the need to inhibit rapidly dividing cells in HER2+ breast cancer.",0.125,2.0
0,Hidradenitis suppurativa,drkg,kg,llama3.3:70b,0,8,A,2,0.5,0,1,1,1,,kg,insufficient,2.0,"Drug-8 inhibits IL17A, which may be related to inflammation, but its connection to Hidradenitis suppurativa is unclear.",0.25,1.5
0,Hidradenitis suppurativa,drkg,kg,llama3.3:70b,1,8,B,4,0.25,0,0,1,1,,kg,consistent,3.0,"Drug-8's inhibition of IL17A could be relevant given the inflammatory nature of Hidradenitis suppurativa, but direct evidence is lacking.",0.625,1.5
0,"ALK+ solid tumors (tissue-agnostic, world-first)",drkg,kg,llama3.3:70b,0,8,D,1,1.0,1,1,1,1,,both,consistent,5.0,Direct inhibition of ALK by Drug-7 provides strong mechanistic plausibility for treating ALK+ solid tumors.,1.0,5.0
0,"ALK+ solid tumors (tissue-agnostic, world-first)",drkg,kg,llama3.3:70b,1,8,E,1,1.0,1,1,1,1,,both,consistent,5.0,"Drug-7 directly inhibits ALK, a key target in ALK+ solid tumors, providing strong mechanistic plausibility.",0.125,1.625
0,Primary humoral immunodeficiency pediatric 2-11yr,drkg,kg,llama3.3:70b,0,8,E,1,1.0,1,1,1,1,,both,consistent,5.0,"Drug-1 targets several Fc gamma receptors which play a role in immune responses, making it a plausible candidate for treating primary humoral immunodeficiency.",0.25,2.0
0,Primary humoral immunodeficiency pediatric 2-11yr,drkg,kg,llama3.3:70b,1,8,H,1,1.0,1,1,1,1,,both,consistent,4.0,"Drug-1 targets several Fc gamma receptors (FCGR), which are involved in immune responses, suggesting a plausible link to treating immunodeficiency.",0.375,1.75
0,Gastric/GEJ adenocarcinoma (1L +chemo),drkg,kg,llama3.3:70b,0,8,D,1,1.0,1,1,1,1,,both,consistent,5.0,Inhibition of VEGFA suggests a plausible mechanism for anti-tumor activity in gastric adenocarcinoma.,1.0,5.0
0,Gastric/GEJ adenocarcinoma (1L +chemo),drkg,kg,llama3.3:70b,1,8,H,1,1.0,1,1,1,1,,both,consistent,4.0,"Drug-8 targets CD274 and CD80, which are associated with immune checkpoint inhibition, a mechanism relevant to treating various cancers including potentially gastric cancer.",0.625,2.125
0,Juvenile idiopathic arthritis (EMA Feb 2026),drkg,kg,llama3.3:70b,0,8,C,1,1.0,1,1,1,1,,both,consistent,4.0,"Drug-6 inhibits JAK1 and JAK2, which are relevant to the immune response and have been implicated in various autoimmune diseases, including potentially Juvenile Idiopathic Arthritis.",0.25,2.125
0,Juvenile idiopathic arthritis (EMA Feb 2026),drkg,kg,llama3.3:70b,1,8,E,2,0.5,0,1,1,1,,both,consistent,4.0,"Drug-6 inhibits JAK1 and JAK2, which are involved in inflammatory pathways relevant to Juvenile Idiopathic Arthritis.",0.25,2.125
0,MSI-H/dMMR solid tumors (full approval conversion),drkg,kg,llama3.3:70b,0,8,C,1,1.0,1,1,1,1,,both,consistent,5.0,"Drug-4 targets key components of the DNA mismatch repair pathway, directly implicating it in the disease mechanism of MSI-H/dMMR solid tumors.",0.125,2.25
0,MSI-H/dMMR solid tumors (full approval conversion),drkg,kg,llama3.3:70b,1,8,H,1,1.0,1,1,1,1,,both,consistent,5.0,Drug-4's inhibition of PDCD1 and targeting of DNA mismatch repair genes aligns with the disease mechanism.,0.125,1.875
0,Atopic dermatitis,drkg,kg,llama3.3:70b,0,8,H,8,0.125,0,0,0,1,,both,conflicting,1.0,"Drug-6's extensive list of targets and effects does not clearly align with a coherent strategy for treating atopic dermatitis, leading to uncertainty about its potential efficacy.",0.5,2.75
0,Atopic dermatitis,drkg,kg,llama3.3:70b,1,8,D,1,1.0,1,1,1,1,,both,consistent,4.0,Drug-7's inhibition of JAK1/2 aligns with immunomodulatory strategies for treating atopic dermatitis.,0.375,1.875
0,HER2-mutant NSCLC (EMA),drkg,kg,llama3.3:70b,0,8,G,5,0.2,0,0,1,1,,prior,insufficient,1.0,"Drug-8's targets are not clearly relevant to HER2-mutant NSCLC, and its potential effects on the disease are uncertain.",0.125,1.75
0,HER2-mutant NSCLC (EMA),drkg,kg,llama3.3:70b,1,8,E,3,0.3333333333333333,0,1,1,1,,prior,insufficient,2.0,"Drug-8's targeting of FCGR1A and TOP1 might be relevant in cancer therapy, but its specific application to HER2-mutant NSCLC is not well-supported by the provided information.",0.0,2.0
0,Schnitzler syndrome (Japan),drkg,kg,llama3.3:70b,0,8,H,1,1.0,1,1,1,1,,prior,insufficient,2.0,Drug-8's inhibition of various PIK3 family members and other targets does not provide a clear link to Schnitzler syndrome based on the provided knowledge graph evidence.,0.125,2.375
0,Schnitzler syndrome (Japan),drkg,kg,llama3.3:70b,1,8,E,1,1.0,1,1,1,1,,both,consistent,5.0,"Drug-5 directly inhibits IL1B, a gene associated with Schnitzler syndrome, providing a clear mechanistic link to the disease.",0.125,1.875
0,Unresectable thymic carcinoma (PMDA),drkg,kg,llama3.3:70b,0,8,D,1,1.0,1,1,1,1,,both,consistent,4.0,"Drug-5's inhibition of kinases such as FLT1, KDR, and FGFR2 provides a plausible mechanism for targeting cancer cell proliferation and angiogenesis.",0.25,2.0
0,Unresectable thymic carcinoma (PMDA),drkg,kg,llama3.3:70b,1,8,D,1,1.0,1,1,1,1,,prior,insufficient,3.0,"Drug-5's broad inhibition of kinases such as FLT1, KDR, and FGFR2 could potentially affect tumor growth in thymic carcinoma.",0.5,1.5
0,Ulcerative colitis,drkg,kg,llama3.3:70b,0,8,B,1,1.0,1,1,1,1,,both,consistent,4.0,"Drug-7 targets IL23A, which is implicated in inflammatory processes relevant to Ulcerative Colitis.",0.125,1.625
0,Ulcerative colitis,drkg,kg,llama3.3:70b,1,8,B,1,1.0,1,1,1,1,,both,consistent,5.0,"Drug-7 targets IL23A, which is implicated in the pathogenesis of ulcerative colitis, making it a strong candidate.",0.375,2.125
0,Pheochromocytoma/paraganglioma,drkg,kg,llama3.3:70b,0,8,D,2,0.5,0,1,1,1,,prior,insufficient,2.0,"Although Drug-8 targets EPAS1, its relevance to Pheochromocytoma/paraganglioma is unclear due to lack of direct evidence.",0.125,1.875
0,Pheochromocytoma/paraganglioma,drkg,kg,llama3.3:70b,1,8,A,3,0.3333333333333333,0,1,1,1,,kg,insufficient,1.0,"Drug-8 targets EPAS1, but without more information on how EPAS1 relates to Pheochromocytoma/paraganglioma, its relevance is unclear.",0.375,1.375
0,BRAF V600E metastatic NSCLC,drkg,kg,llama3.3:70b,0,8,D,1,1.0,1,1,1,1,,both,consistent,5.0,"Drug-8 directly inhibits BRAF, a crucial component in the signaling pathway of BRAF V600E metastatic NSCLC.",0.125,1.875
0,BRAF V600E metastatic NSCLC,drkg,kg,llama3.3:70b,1,8,G,8,0.125,0,0,0,1,,prior,insufficient,1.0,The information available for Drug-5 does not suggest a direct or indirect beneficial effect on BRAF V600E metastatic NSCLC.,0.5,2.0
0,BRAF+ thyroid cancer,drkg,kg,llama3.3:70b,0,8,B,1,1.0,1,1,1,1,,both,consistent,5.0,"Drug-6 directly inhibits BRAF, a primary target in BRAF+ thyroid cancer, making it the most plausible candidate.",0.125,1.75
0,BRAF+ thyroid cancer,drkg,kg,llama3.3:70b,1,8,B,1,1.0,1,1,1,1,,both,consistent,5.0,"Drug-6 directly inhibits BRAF, a primary target in BRAF+ thyroid cancer, making it the most plausible candidate.",0.125,2.125
0,Metastatic colorectal cancer,drkg,kg,llama3.3:70b,0,8,D,1,1.0,1,1,1,1,,both,consistent,4.0,"Drug-3's interactions with TYMS, TP53, and other targets suggest a potential mechanistic link to metastatic colorectal cancer.",0.375,1.875
0,Metastatic colorectal cancer,drkg,kg,llama3.3:70b,1,8,A,1,1.0,1,1,1,1,,both,consistent,4.0,"Drug-3's interactions with targets like TYMS, TK1, and TP53 suggest a plausible mechanism for inhibiting cancer cell growth.",0.25,1.5
0,KRAS G12C+ mCRC,drkg,kg,llama3.3:70b,0,8,G,1,1.0,1,1,1,1,,both,consistent,5.0,"Drug-8 directly targets KRAS, a primary target in KRAS G12C+ mCRC, making it the most plausible candidate based on both knowledge graph evidence and prior pharmacological knowledge.",0.875,2.375
0,KRAS G12C+ mCRC,drkg,kg,llama3.3:70b,1,8,H,1,1.0,1,1,1,1,,both,consistent,5.0,"Drug-8 directly targets KRAS, a key mutation in KRAS G12C+ mCRC, making it the most promising candidate.",0.875,2.25
0,IDH1-mutated relapsed/refractory MDS,drkg,kg,llama3.3:70b,0,8,D,1,1.0,1,1,1,1,,both,consistent,5.0,"Drug-8 directly targets IDH1, a key mutation in IDH1-mutated relapsed/refractory MDS.",0.25,1.625
0,IDH1-mutated relapsed/refractory MDS,drkg,kg,llama3.3:70b,1,8,H,1,1.0,1,1,1,1,,both,consistent,5.0,"Drug-8 directly targets IDH1, a key mutation in the disease.",0.125,2.25
0,1L biliary tract cancer (+gemcitabine+cisplatin),drkg,kg,llama3.3:70b,0,8,A,5,0.2,0,0,1,1,,both,conflicting,2.0,"Drug-6's profile suggests immunomodulatory effects through targets like PDCD1 and CD274, but its direct relevance to biliary tract cancer is uncertain without more specific evidence.",0.5,1.75
0,1L biliary tract cancer (+gemcitabine+cisplatin),drkg,kg,llama3.3:70b,1,8,G,1,1.0,1,1,1,1,,both,consistent,4.0,"Drug-6 targets multiple genes involved in DNA repair and immune response, which could be beneficial in treating cancer.",0.125,1.875
0,HR+/HER2- early breast cancer (adjuvant),drkg,kg,llama3.3:70b,0,8,H,9,0.1111111111111111,0,0,0,1,,,,,,1.0,5.0
0,HR+/HER2- early breast cancer (adjuvant),drkg,kg,llama3.3:70b,1,8,H,9,0.1111111111111111,0,0,0,1,,,,,,1.0,5.0
0,Urothelial carcinoma (expanded population),drkg,kg,llama3.3:70b,0,8,H,7,0.14285714285714285,0,0,0,1,,prior,insufficient,1.0,"Drug-8's targeting of NECTIN4 is insufficiently characterized in relation to Urothelial carcinoma treatment, lacking direct evidence or a clear mechanistic rationale.",0.125,1.625
0,Urothelial carcinoma (expanded population),drkg,kg,llama3.3:70b,1,8,G,7,0.14285714285714285,0,0,0,1,,prior,insufficient,1.0,Drug-8's sole target of NECTIN4 does not clearly relate to known mechanisms of urothelial carcinoma without additional context.,0.75,1.625
0,Follicular lymphoma (+obinutuzumab),drkg,kg,llama3.3:70b,0,8,B,3,0.3333333333333333,0,1,1,1,,kg,insufficient,2.0,"Drug-8 targets several kinases, but without direct evidence linking these targets to follicular lymphoma or its treatment, its relevance is uncertain.",0.375,1.75
0,Follicular lymphoma (+obinutuzumab),drkg,kg,llama3.3:70b,1,8,C,1,1.0,1,1,1,1,,both,consistent,4.0,"Drug-8 targets kinases like BMX and TEC, which are involved in cell signaling pathways relevant to cancer cell proliferation.",0.5,2.0
0,First-line anemia in lower-risk MDS,drkg,kg,llama3.3:70b,0,8,H,8,0.125,0,0,0,1,,prior,insufficient,1.0,"No information is provided for Drug-8, making it impossible to assess its mechanistic plausibility for treating first-line anemia in lower-risk MDS.",0.375,1.25
0,First-line anemia in lower-risk MDS,drkg,kg,llama3.3:70b,1,8,D,3,0.3333333333333333,0,1,1,1,,prior,insufficient,1.0,Lack of information about Drug-8's mechanism or targets makes it impossible to assess its potential efficacy for treating anemia in MDS.,0.75,2.125
0,Neoadj+adj HNSCC,drkg,kg,llama3.3:70b,0,8,C,1,1.0,1,1,1,1,,both,consistent,4.0,"Drug-6 inhibits PDCD1, a target relevant to cancer treatment, providing a plausible mechanistic link to Neoadj+adj HNSCC.",0.5,1.625
0,Neoadj+adj HNSCC,drkg,kg,llama3.3:70b,1,8,B,5,0.2,0,0,1,1,,kg,conflicting,1.0,"Drug-6's targets include genes involved in DNA repair and immune checkpoint regulation, but its relevance to HNSCC is uncertain due to the lack of direct associations with known disease mechanisms.",0.375,1.875
0,HR+/HER2-low breast cancer,drkg,kg,llama3.3:70b,0,8,D,1,1.0,1,1,1,1,,both,consistent,5.0,Inhibition of CYP19A1 suggests a potential therapeutic effect in HR+/HER2-low breast cancer by reducing estrogen production.,1.0,5.0
0,HR+/HER2-low breast cancer,drkg,kg,llama3.3:70b,1,8,F,9,0.1111111111111111,0,0,0,1,,,,,,1.0,5.0
0,Chronic lymphocytic leukemia,drkg,kg,llama3.3:70b,0,8,B,1,1.0,1,1,1,1,,both,consistent,4.0,"Drug-8 targets multiple kinases, including BMX and TEC, which are involved in signaling pathways relevant to leukemia, making it a plausible candidate for treating Chronic lymphocytic leukemia.",0.5,2.0
0,Chronic lymphocytic leukemia,drkg,kg,llama3.3:70b,1,8,G,4,0.25,0,0,1,1,,prior,insufficient,1.0,Drug-3's inhibition of ACE and targets like INS do not clearly relate to Chronic lymphocytic leukemia treatment based on prior knowledge.,0.125,1.25
0,Ph+ CML-CP frontline (EMA Feb 2026),drkg,kg,llama3.3:70b,0,8,C,1,1.0,1,1,1,1,,both,consistent,5.0,"Drug-8 targets ABL1, which is a well-established target for Ph+ CML-CP treatment.",0.25,1.625
0,Ph+ CML-CP frontline (EMA Feb 2026),drkg,kg,llama3.3:70b,1,8,B,1,1.0,1,1,1,1,,both,consistent,5.0,"Drug-8 targets ABL1, which is directly related to the BCR-ABL1 fusion protein in Ph+ CML-CP frontline.",0.25,2.0
0,HR+/HER2- metastatic breast cancer,drkg,kg,llama3.3:70b,0,8,A,1,1.0,1,1,1,1,,both,consistent,5.0,"Drug-7's inhibition of PARP1 and PARP2 aligns with therapeutic strategies for breast cancer, particularly in BRCA-mutated tumors.",0.125,1.625
0,HR+/HER2- metastatic breast cancer,drkg,kg,llama3.3:70b,1,8,E,1,1.0,1,1,1,1,,both,consistent,5.0,"Drug-7's inhibition of PARP1 and PARP2 provides a strong mechanistic link to cancer treatment, particularly in breast cancer where these enzymes play a role in DNA repair.",0.5,2.75
0,HER2+ solid tumors (tumor-agnostic),drkg,kg,llama3.3:70b,0,8,H,8,0.125,0,0,0,1,,both,consistent,4.0,"Drug-7 inhibits EGFR, which could be relevant to treating some cancers, but its direct applicability to HER2+ solid tumors requires further consideration.",0.625,2.75
0,HER2+ solid tumors (tumor-agnostic),drkg,kg,llama3.3:70b,1,8,B,2,0.5,0,1,1,1,,kg,insufficient,2.0,"Drug-8 targets FCGR1A and TOP1, but the direct relevance to HER2+ solid tumors is unclear without additional context.",0.5,1.75
0,Pediatric BRAF V600E low-grade glioma,drkg,kg,llama3.3:70b,0,8,C,1,1.0,1,1,1,1,,both,consistent,5.0,"Drug-7 directly inhibits BRAF, a crucial target in Pediatric BRAF V600E low-grade glioma.",0.125,1.75
0,Pediatric BRAF V600E low-grade glioma,drkg,kg,llama3.3:70b,1,8,F,9,0.1111111111111111,0,0,0,1,,,,,,1.0,5.0
0,Primary mediastinal large B-cell lymphoma,drkg,kg,llama3.3:70b,0,8,E,1,1.0,1,1,1,1,,both,consistent,5.0,"Drug-5 inhibits PDCD1, a target relevant in cancer immunotherapy, making it a plausible candidate for treating Primary mediastinal large B-cell lymphoma.",0.375,1.75
0,Primary mediastinal large B-cell lymphoma,drkg,kg,llama3.3:70b,1,8,G,1,1.0,1,1,1,1,,both,consistent,4.0,"Drug-5 inhibits PDCD1, a target relevant to cancer immunotherapy, making it a plausible candidate for treating Primary mediastinal large B-cell lymphoma.",0.625,1.75
0,RET-fusion NSCLC (expanded),drkg,kg,llama3.3:70b,0,8,B,8,0.125,0,0,0,1,,prior,insufficient,1.0,Lack of information about Drug-8's mechanisms or targets makes it difficult to assess its potential for treating RET-fusion NSCLC.,0.375,2.125
0,RET-fusion NSCLC (expanded),drkg,kg,llama3.3:70b,1,8,C,7,0.14285714285714285,0,0,0,1,,prior,insufficient,1.0,"No information is provided about Drug-8's mechanism of action or targets, making it impossible to assess its potential efficacy in treating RET-fusion NSCLC.",0.25,1.625
0,dMMR/MSI-H primary advanced endometrial cancer (+chemo),drkg,kg,llama3.3:70b,0,8,F,6,0.16666666666666666,0,0,0,1,,prior,insufficient,1.0,"No information is provided for Drug-8, making it impossible to assess its potential for treating dMMR/MSI-H primary advanced endometrial cancer.",0.375,1.875
0,dMMR/MSI-H primary advanced endometrial cancer (+chemo),drkg,kg,llama3.3:70b,1,8,D,7,0.14285714285714285,0,0,0,1,,prior,insufficient,1.0,"No information is provided for Drug-8, making it impossible to assess its mechanistic plausibility for treating dMMR/MSI-H primary advanced endometrial cancer.",0.5,2.5
0,Chorea associated with Huntington's disease,biokg,kg,llama3.3:70b,0,8,B,2,0.5,0,1,1,1,,prior,insufficient,1.0,"Drug-7 primarily targets cytochrome P450 enzymes, which are involved in drug metabolism and do not directly relate to Huntington's disease mechanisms.",0.0,1.375
0,Chorea associated with Huntington's disease,biokg,kg,llama3.3:70b,1,8,F,7,0.14285714285714285,0,0,0,1,,kg,insufficient,1.0,Drug-7 targets cytochrome P450 enzymes which is more related to drug metabolism than treating neurological symptoms of Huntington's disease.,0.625,1.5
0,ILD-associated pulmonary hypertension,biokg,kg,llama3.3:70b,0,8,H,8,0.125,0,0,0,1,,kg,conflicting,1.0,"Drug-2's targets do not align with known therapeutic strategies for ILD-associated pulmonary hypertension, suggesting a conflict between the provided evidence and expected pharmacological effects.",0.5,2.0
0,ILD-associated pulmonary hypertension,biokg,kg,llama3.3:70b,1,8,E,1,1.0,1,1,1,1,,prior,insufficient,3.0,"Drug-2 targets PPARD, which has been implicated in vascular health and could potentially influence pulmonary hypertension.",0.0,1.625
0,Acquired hypofibrinogenemia in cardiovascular surgery,biokg,kg,llama3.3:70b,0,8,F,7,0.14285714285714285,0,0,0,1,,prior,insufficient,1.0,"No information is provided about Drug-6's relevance to Acquired hypofibrinogenemia, except its targets which do not clearly link to the disease.",0.375,1.375
0,Acquired hypofibrinogenemia in cardiovascular surgery,biokg,kg,llama3.3:70b,1,8,G,7,0.14285714285714285,0,0,0,1,,prior,insufficient,1.0,"No information is provided for Drug-7, making it impossible to assess its mechanistic plausibility.",0.5,1.875
0,COPD,biokg,kg,llama3.3:70b,0,8,H,2,0.5,0,1,1,1,,prior,insufficient,3.0,"Drug-8 targets IL4RA, which is involved in immune response and inflammation, making it a potential candidate for COPD treatment.",0.25,1.875
0,COPD,biokg,kg,llama3.3:70b,1,8,E,8,0.125,0,0,0,1,,kg,conflicting,1.0,"Drug-8 targets IL4RA, which is involved in immune responses but not directly linked to the COPD-associated genes.",0.5,1.5
0,COVID-19 in severe renal impairment/dialysis,biokg,kg,llama3.3:70b,0,8,E,6,0.16666666666666666,0,0,0,1,,prior,insufficient,2.0,Drug-8 targets transporters that could influence drug disposition but lacks direct relevance to treating COVID-19 in severe renal impairment.,0.125,2.0
0,COVID-19 in severe renal impairment/dialysis,biokg,kg,llama3.3:70b,1,8,A,9,0.1111111111111111,0,0,0,1,,,,,,1.0,4.0
0,Obstructive sleep apnea with obesity,biokg,kg,llama3.3:70b,0,8,E,7,0.14285714285714285,0,0,0,1,,prior,insufficient,1.0,No information is available for Drug-8 to assess its potential efficacy for obstructive sleep apnea with obesity.,0.375,1.625
0,Obstructive sleep apnea with obesity,biokg,kg,llama3.3:70b,1,8,A,8,0.125,0,0,0,1,,prior,insufficient,1.0,Lack of information about Drug-8's targets or mechanisms makes assessment impossible based on provided data.,0.25,1.25
0,Nephrotic syndrome,biokg,kg,llama3.3:70b,0,8,E,2,0.5,0,1,1,1,,prior,insufficient,1.0,"Drug-1 targets CD20, which is involved in immune responses, but its direct relevance to Nephrotic syndrome treatment is unclear without more specific evidence linking B cell modulation to the disease's pathophysiology.",0.0,1.125
0,Nephrotic syndrome,biokg,kg,llama3.3:70b,1,8,H,1,1.0,1,1,1,1,,prior,insufficient,2.0,"Drug-1 targets CD20, which may have some immunomodulatory effects potentially relevant to Nephrotic syndrome, but the connection is highly speculative and lacks direct evidence.",0.0,1.375
0,Pediatric glioma (EMA),biokg,kg,llama3.3:70b,0,8,B,1,1.0,1,1,1,1,,both,consistent,4.0,"Drug-5 targets BRAF, a known player in cancer pathways, including those relevant to glioma.",0.375,1.625
0,Pediatric glioma (EMA),biokg,kg,llama3.3:70b,1,8,G,3,0.3333333333333333,0,1,1,1,,both,consistent,3.0,"Drug-5 targets BRAF, an oncogene implicated in various cancers, which could imply a role in Pediatric glioma.",0.5,1.75
0,Retinopathy of prematurity,biokg,kg,llama3.3:70b,0,8,F,1,1.0,1,1,1,1,,both,consistent,5.0,"Drug-7 targets factors directly involved in angiogenesis, which is crucial for ROP progression.",0.375,2.0
0,Retinopathy of prematurity,biokg,kg,llama3.3:70b,1,8,E,1,1.0,1,1,1,1,,both,consistent,4.0,"Drug-7 targets VEGFA, which is involved in angiogenesis and has been implicated in ROP pathogenesis.",0.5,2.0
0,Agitation associated with Alzheimer's dementia,biokg,kg,llama3.3:70b,0,8,C,1,1.0,1,1,1,1,,both,consistent,4.0,"Drug-7 targets several neurotransmitter receptors implicated in neuropsychiatric symptoms, aligning with the potential therapeutic approach for agitation in Alzheimer's dementia.",0.25,2.125
0,Agitation associated with Alzheimer's dementia,biokg,kg,llama3.3:70b,1,8,G,9,0.1111111111111111,0,0,0,1,,,,,,1.0,4.0
0,Heterozygous familial hypercholesterolemia,biokg,kg,llama3.3:70b,0,8,E,1,1.0,1,1,1,1,,both,consistent,5.0,"Drug-7 targets PCSK9, which is a key regulator of cholesterol metabolism, making it a strong candidate for treating Heterozygous familial hypercholesterolemia.",0.25,2.125
0,Heterozygous familial hypercholesterolemia,biokg,kg,llama3.3:70b,1,8,A,1,1.0,1,1,1,1,,both,consistent,5.0,"Drug-7 targets PCSK9, a well-established target for cholesterol reduction, providing a clear mechanistic link to the disease.",0.25,2.125
0,First-line anemia in lower-risk MDS,biokg,kg,llama3.3:70b,0,8,A,7,0.14285714285714285,0,0,0,1,,prior,insufficient,1.0,"Drug-8 lacks any provided evidence, making it impossible to assess its mechanistic plausibility for treating anemia in MDS.",0.0,1.375
0,First-line anemia in lower-risk MDS,biokg,kg,llama3.3:70b,1,8,E,7,0.14285714285714285,0,0,0,1,,prior,insufficient,1.0,"No information is provided about Drug-8, making it impossible to assess its potential for treating anemia in MDS.",0.25,1.375
0,EGPA,biokg,kg,llama3.3:70b,0,8,E,1,1.0,1,1,1,1,,both,consistent,4.0,"Drug-1 targets FCERB and FCERA, which could modulate immune responses relevant to EGPA.",0.375,2.0
0,EGPA,biokg,kg,llama3.3:70b,1,8,F,6,0.16666666666666666,0,0,0,1,,both,consistent,4.0,"Drug-1 targets receptors involved in allergic responses, which could be pertinent to EGPA's pathophysiology.",0.75,2.625
0,COVID-19 (expanded population),biokg,kg,llama3.3:70b,0,8,B,4,0.25,0,0,1,1,,kg,insufficient,2.0,Drug-8 targets several transporters but lacks specific mechanistic links to COVID-19 pathophysiology in the provided knowledge graph.,0.625,2.0
0,COVID-19 (expanded population),biokg,kg,llama3.3:70b,1,8,C,7,0.14285714285714285,0,0,0,1,,prior,insufficient,1.0,"Drug-8 targets transporters like MRP4 and NTCP, which could influence drug disposition but lacks a direct link to COVID-19 treatment mechanisms.",0.5,1.5
0,HoFH in children,biokg,kg,llama3.3:70b,0,8,H,8,0.125,0,0,0,1,,prior,insufficient,1.0,"No information is available for Drug-8, making it impossible to assess its plausibility.",0.5,1.5
0,HoFH in children,biokg,kg,llama3.3:70b,1,8,C,8,0.125,0,0,0,1,,prior,insufficient,1.0,"No information is provided about Drug-8, making it impossible to assess its potential for treating HoFH.",0.375,1.25
0,Biliary tract cancer,biokg,kg,llama3.3:70b,0,8,E,5,0.2,0,0,1,1,,prior,insufficient,1.0,"Drug-7's targeting of PDCD1 could imply immunomodulatory effects, but without direct evidence linking this to Biliary tract cancer treatment, its potential is uncertain.",0.0,1.125
0,Biliary tract cancer,biokg,kg,llama3.3:70b,1,8,E,3,0.3333333333333333,0,1,1,1,,prior,insufficient,1.0,"Drug-7 targets PDCD1, which is involved in immune regulation; its potential for treating Biliary tract cancer is speculative without further evidence.",0.375,1.25
0,Diabetic retinopathy/DME (EMA Mar+May 2026),biokg,kg,llama3.3:70b,0,8,D,7,0.14285714285714285,0,0,0,1,,prior,insufficient,1.0,"No information is provided about Drug-8's targets or pathways, making it impossible to assess its potential for treating Diabetic retinopathy/DME.",0.0,1.375
0,Diabetic retinopathy/DME (EMA Mar+May 2026),biokg,kg,llama3.3:70b,1,8,E,6,0.16666666666666666,0,0,0,1,,prior,insufficient,1.0,"No information is available for Drug-8, making it difficult to assess its mechanistic plausibility for diabetic retinopathy.",0.0,1.375
0,Cerebral folate transport deficiency,biokg,kg,llama3.3:70b,0,8,F,6,0.16666666666666666,0,0,0,1,,prior,insufficient,1.0,No connection between Drug-1's action pathways and cerebral folate transport deficiency is evident.,0.0,1.5
0,Cerebral folate transport deficiency,biokg,kg,llama3.3:70b,1,8,B,2,0.5,0,1,1,1,,prior,insufficient,2.0,The drug's action on various pathways and targets does not directly relate to cerebral folate transport deficiency based on the provided information.,0.0,1.75
0,Heart failure (broadened),biokg,kg,llama3.3:70b,0,8,A,4,0.25,0,0,1,1,,kg,conflicting,2.0,"The knowledge graph suggests Drug-7 modulates antidiabetic pathways and targets various enzymes, but its connection to heart failure is indirect at best, making its potential efficacy uncertain.",0.375,1.875
0,Heart failure (broadened),biokg,kg,llama3.3:70b,1,8,B,3,0.3333333333333333,0,1,1,1,,prior,insufficient,1.0,There's no direct link between Drug-7's reported targets and pathways and the mechanisms of heart failure.,0.25,1.5
0,Indolent systemic mastocytosis,biokg,kg,llama3.3:70b,0,8,F,9,0.1111111111111111,0,0,0,1,,,,,,1.0,5.0
0,Indolent systemic mastocytosis,biokg,kg,llama3.3:70b,1,8,H,1,1.0,1,1,1,1,,both,consistent,4.0,"Drug-8 targets KIT, which is a key player in mast cell signaling and proliferation.",0.25,1.5
0,"Crohn's disease (moderate-severe, refractory)",biokg,kg,llama3.3:70b,0,8,H,1,1.0,1,1,1,1,,both,consistent,4.0,"Drug-7 targets IL23A, which is involved in inflammatory processes relevant to Crohn's disease.",0.375,1.625
0,"Crohn's disease (moderate-severe, refractory)",biokg,kg,llama3.3:70b,1,8,G,1,1.0,1,1,1,1,,both,consistent,5.0,"Drug-7 targets IL23A, which is involved in inflammatory pathways relevant to Crohn's disease.",0.125,1.875
0,Chronic hepatitis B (pediatric),biokg,kg,llama3.3:70b,0,8,H,8,0.125,0,0,0,1,,prior,insufficient,1.0,"Drug-7's targets are mostly unrelated to liver function or Chronic hepatitis B (pediatric), making its mechanistic plausibility very low.",0.125,2.0
0,Chronic hepatitis B (pediatric),biokg,kg,llama3.3:70b,1,8,D,5,0.2,0,0,1,1,,prior,insufficient,2.0,Drug-7's targets and pathways do not clearly relate to hepatitis B or liver function based on the provided information.,0.0,1.875
0,Acquired hypothalamic obesity,biokg,kg,llama3.3:70b,0,8,G,3,0.3333333333333333,0,1,1,1,,prior,insufficient,1.0,No information from the knowledge graph links Drug-6 directly to treating Acquired hypothalamic obesity or related pathways.,0.125,1.5
0,Acquired hypothalamic obesity,biokg,kg,llama3.3:70b,1,8,B,6,0.16666666666666666,0,0,0,1,,prior,insufficient,1.0,"No evidence was provided to assess Drug-6's potential in treating Acquired hypothalamic obesity, making its ranking speculative.",0.375,1.375
0,Advanced RCC after PD-1/PD-L1 + VEGF-TKI,biokg,kg,llama3.3:70b,0,8,G,1,1.0,1,1,1,1,,prior,insufficient,3.0,"Drug-8 targets EPAS1, which is involved in hypoxia signaling and potentially relevant to tumor growth and angiogenesis, although direct evidence for its role in RCC after PD-1/PD-L1 + VEGF-TKI therapy is lacking.",0.5,1.625
0,Advanced RCC after PD-1/PD-L1 + VEGF-TKI,biokg,kg,llama3.3:70b,1,8,A,1,1.0,1,1,1,1,,both,consistent,4.0,Drug-8's target EPAS1 is potentially relevant to cancer treatment due to its role in hypoxia signaling.,0.375,1.875
0,Retinal vein occlusion,biokg,kg,llama3.3:70b,0,8,H,8,0.125,0,0,0,1,,prior,insufficient,1.0,"Like Drug-7, no data is available for Drug-8, rendering its evaluation uncertain and speculative.",0.25,2.0
0,Retinal vein occlusion,biokg,kg,llama3.3:70b,1,8,E,8,0.125,0,0,0,1,,prior,insufficient,1.0,"Like Drug-7, Drug-8 lacks any provided evidence or targets in the knowledge graph, leaving its potential effect on Retinal vein occlusion completely uncertain.",0.5,1.25
0,Agitation associated with Alzheimer's dementia,biokg,kg,llama3.3:70b,0,8,A,2,0.5,0,1,1,1,,prior,insufficient,2.0,"While Drug-2 targets various genes, its relevance to Agitation associated with Alzheimer's dementia is unclear without direct evidence.",0.125,1.5
0,Agitation associated with Alzheimer's dementia,biokg,kg,llama3.3:70b,1,8,F,1,1.0,1,1,1,1,,both,consistent,4.0,"Drug-2 targets NMDA receptor antagonists, which have been linked to Alzheimer's disease treatment, and its mechanism aligns with the disease's pathology.",0.25,1.875
0,High LDL-C with increased CV risk (expanded),biokg,kg,llama3.3:70b,0,8,G,7,0.14285714285714285,0,0,0,1,,prior,insufficient,1.0,"No information is available for Drug-8, making its assessment uncertain.",0.0,1.5
0,High LDL-C with increased CV risk (expanded),biokg,kg,llama3.3:70b,1,8,D,8,0.125,0,0,0,1,,prior,insufficient,1.0,"No information is provided for Drug-8, resulting in uncertainty about its mechanistic plausibility for treating High LDL-C with increased CV risk.",0.125,2.0
0,Indolent systemic mastocytosis (EMA),biokg,kg,llama3.3:70b,0,8,A,1,1.0,1,1,1,1,,both,consistent,4.0,"Drug-8 targets KIT, a key receptor in mast cell proliferation and survival, making it a plausible candidate for treating Indolent systemic mastocytosis.",0.125,1.625
0,Indolent systemic mastocytosis (EMA),biokg,kg,llama3.3:70b,1,8,D,1,1.0,1,1,1,1,,both,consistent,5.0,"Drug-8 targets KIT, a receptor involved in mast cell proliferation and survival, making it a plausible candidate for treating Indolent systemic mastocytosis.",0.625,2.125
0,Antibody-mediated rejection in organ transplantation,biokg,kg,llama3.3:70b,0,8,A,1,1.0,1,1,1,1,,both,consistent,4.0,"Drug-1 targets CD20, a protein expressed on the surface of B cells, which are involved in antibody production and thus potentially relevant to treating antibody-mediated rejection.",0.375,1.5
0,Antibody-mediated rejection in organ transplantation,biokg,kg,llama3.3:70b,1,8,G,1,1.0,1,1,1,1,,both,consistent,5.0,"Drug-1 targets CD20, a protein involved in immune system regulation, making it potentially beneficial for treating antibody-mediated rejection.",0.375,1.75
0,Invasive fungal infections pediatric ≥2yr,biokg,kg,llama3.3:70b,0,8,F,1,1.0,1,1,1,1,,both,consistent,5.0,"Drug-5 is directly associated with antifungal agents in the knowledge graph, aligning well with the target disease.",0.125,1.875
0,Invasive fungal infections pediatric ≥2yr,biokg,kg,llama3.3:70b,1,8,E,1,1.0,1,1,1,1,,both,consistent,5.0,"Drug-5 is associated with antifungal agents, providing a clear mechanistic link to treating invasive fungal infections.",0.125,1.625
0,PKU expanded to ≥12yr,biokg,kg,llama3.3:70b,0,8,H,8,0.125,0,0,0,1,,prior,insufficient,1.0,"Drug-8 has no provided information linking it to the treatment of PKU or related biological processes, making its potential utility entirely speculative.",0.125,1.25
0,PKU expanded to ≥12yr,biokg,kg,llama3.3:70b,1,8,B,1,1.0,1,1,1,1,,prior,insufficient,2.0,Lack of information makes it impossible to assess its plausibility accurately.,0.625,1.75
0,"Pediatric low-grade glioma (+dabrafenib, BRAF V600E)",biokg,kg,llama3.3:70b,0,8,D,1,1.0,1,1,1,1,,both,insufficient,3.0,Drug-8's targeting of MP2K2 offers a potential mechanistic link to BRAF V600E-mutant tumors through MAPK signaling pathways.,0.125,1.5
0,"Pediatric low-grade glioma (+dabrafenib, BRAF V600E)",biokg,kg,llama3.3:70b,1,8,G,1,1.0,1,1,1,1,,both,consistent,3.0,"Drug-8 targets MP2K2, which could potentially relate to cancer signaling pathways relevant to glioma treatment.",0.375,1.625
0,Retinal vein occlusion,biokg,kg,llama3.3:70b,0,8,G,5,0.2,0,0,1,1,,prior,insufficient,1.0,"Similar to Drug-7, no details are given about Drug-8, leading to a complete lack of understanding regarding its potential efficacy or mechanism in treating Retinal vein occlusion.",0.0,1.25
0,Retinal vein occlusion,biokg,kg,llama3.3:70b,1,8,E,8,0.125,0,0,0,1,,prior,insufficient,1.0,"No information was given about Drug-8, resulting in uncertainty regarding its potential effectiveness for retinal vein occlusion.",0.25,1.875
0,Spinal muscular atrophy (pediatric expansion),biokg,kg,llama3.3:70b,0,8,E,9,0.1111111111111111,0,0,0,1,,,,,,1.0,4.0
0,Spinal muscular atrophy (pediatric expansion),biokg,kg,llama3.3:70b,1,8,A,6,0.16666666666666666,0,0,0,1,,prior,insufficient,1.0,"No information is provided for Drug-8, making its potential relevance to SMA entirely speculative.",0.5,2.0
0,LDL-C elevation in statin-intolerant dyslipidemia,biokg,kg,llama3.3:70b,0,8,D,4,0.25,0,0,1,1,,prior,insufficient,1.0,"No data was provided for Drug-8, leading to a complete lack of understanding of its potential in treating the target disease.",0.0,1.625
0,LDL-C elevation in statin-intolerant dyslipidemia,biokg,kg,llama3.3:70b,1,8,F,5,0.2,0,0,1,1,,prior,insufficient,1.0,"There is no information provided about Drug-8's mechanism or targets, making it impossible to assess its potential for treating LDL-C elevation in statin-intolerant dyslipidemia.",0.0,1.125
0,Polycythaemia vera and essential thrombocytopenia,biokg,kg,llama3.3:70b,0,8,D,4,0.25,0,0,1,1,,prior,insufficient,1.0,The targets of Drug-1 do not clearly relate to the mechanisms of Polycythaemia vera and essential thrombocytopenia based on provided information.,0.125,1.625
0,Polycythaemia vera and essential thrombocytopenia,biokg,kg,llama3.3:70b,1,8,E,5,0.2,0,0,1,1,,prior,insufficient,1.0,Drug-1 lacks direct evidence linking it to the disease mechanisms or pathways.,0.125,1.625
0,Primary immunodeficiency pediatric (EMA),biokg,kg,llama3.3:70b,0,8,B,1,1.0,1,1,1,1,,both,consistent,4.0,"Drug-1 targets FCG receptors, which are involved in immune responses, making it a plausible candidate for treating Primary immunodeficiency pediatric.",0.125,1.625
0,Primary immunodeficiency pediatric (EMA),biokg,kg,llama3.3:70b,1,8,D,1,1.0,1,1,1,1,,both,consistent,4.0,"Drug-1 targets several FCG receptors which are involved in immune responses, suggesting potential relevance to treating Primary immunodeficiency pediatric (EMA).",0.375,1.875
0,COVID-19 updated strain,biokg,kg,llama3.3:70b,0,8,D,8,0.125,0,0,0,1,,prior,insufficient,1.0,"No evidence is provided for Drug-8, making it impossible to assess its mechanistic plausibility for COVID-19 treatment.",0.25,2.125
0,COVID-19 updated strain,biokg,kg,llama3.3:70b,1,8,A,5,0.2,0,0,1,1,,prior,insufficient,1.0,"There is no provided evidence for Drug-8, making it difficult to assess its potential for treating COVID-19.",0.375,1.625
0,Oral tablet formulation for weight management,biokg,kg,llama3.3:70b,0,8,E,1,1.0,1,1,1,1,,both,consistent,5.0,"Drug-8 targets GLP1R, which is involved in glucose metabolism and appetite regulation, making it a plausible candidate for weight management.",0.125,2.0
0,Oral tablet formulation for weight management,biokg,kg,llama3.3:70b,1,8,G,3,0.3333333333333333,0,1,1,1,,prior,insufficient,2.0,"Drug-1's modulation of glucocorticoid and mineralocorticoid receptor agonists/antagonists might have indirect effects on metabolism, but its connection to weight management is speculative without further evidence.",0.125,1.625
0,"mCRC BRAF V600E (traditional approval, was accelerated)",biokg,kg,llama3.3:70b,0,8,A,1,1.0,1,1,1,1,,both,consistent,5.0,"Drug-7 targets BRAF, which is directly related to the mCRC BRAF V600E disease.",0.5,1.625
0,"mCRC BRAF V600E (traditional approval, was accelerated)",biokg,kg,llama3.3:70b,1,8,G,1,1.0,1,1,1,1,,both,consistent,5.0,"Drug-7 targets BRAF, which is directly related to the mCRC BRAF V600E disease.",0.125,1.875
0,TRD monotherapy,biokg,kg,llama3.3:70b,0,8,A,1,1.0,1,1,1,1,,both,consistent,4.0,Drug-6's modulation of N-Metyl-D-aspartic acid receptor antagonists and targeting of neurotransmitter-related genes makes it a plausible candidate for TRD monotherapy.,0.25,2.0
0,TRD monotherapy,biokg,kg,llama3.3:70b,1,8,E,2,0.5,0,1,1,1,,prior,insufficient,2.0,"While Drug-6's targets include BDNF, which is related to depression, the lack of direct evidence for TRD treatment limits its confidence.",0.375,1.5
0,Reduce MACE in CVD + obesity/overweight,biokg,kg,llama3.3:70b,0,8,H,1,1.0,1,1,1,1,,prior,insufficient,4.0,"Drug-8 targets GLP1R, which is involved in glucose metabolism and has been implicated in cardiovascular health, making it a plausible candidate.",0.0,1.875
0,Reduce MACE in CVD + obesity/overweight,biokg,kg,llama3.3:70b,1,8,E,1,1.0,1,1,1,1,,prior,insufficient,2.0,"Drug-8 targets GLP1R, which is involved in glucose metabolism and may have an indirect effect on cardiovascular disease.",0.25,1.25
0,Giant cell arteritis,biokg,kg,llama3.3:70b,0,8,F,1,1.0,1,1,1,1,,both,consistent,4.0,"Drug-8 targets JAK1, which is involved in inflammatory pathways relevant to Giant cell arteritis.",0.125,1.75
0,Giant cell arteritis,biokg,kg,llama3.3:70b,1,8,B,1,1.0,1,1,1,1,,both,consistent,3.0,"Drug-8 targets JAK1, which is involved in immune responses and could be relevant to treating Giant cell arteritis.",0.625,1.5
0,Acute HCV pediatric,biokg,kg,llama3.3:70b,0,8,C,6,0.16666666666666666,0,0,0,1,,kg,conflicting,1.0,"Drug-8 targets several proteins, but its potential impact on HCV is unclear and may be conflicting due to the broad range of targets without direct connection to known HCV pathways.",0.375,1.25
0,Acute HCV pediatric,biokg,kg,llama3.3:70b,1,8,B,3,0.3333333333333333,0,1,1,1,,kg,conflicting,1.0,"Drug-8 targets several transporters like ABCG2 and MDR1, which could influence drug disposition, but there's no clear link to Acute HCV pediatric mechanisms in the provided information.",0.375,1.25
0,MASH with fibrosis,biokg,kg,llama3.3:70b,0,8,D,1,1.0,1,1,1,1,,prior,insufficient,3.0,"Drug-8 targets GLP1R and NEP, which could potentially have anti-fibrotic effects, although the connection to MASH with fibrosis is uncertain.",0.25,1.5
0,MASH with fibrosis,biokg,kg,llama3.3:70b,1,8,A,1,1.0,1,1,1,1,,prior,insufficient,2.0,"Drug-8 targets a variety of enzymes and receptors but lacks direct evidence linking it to fibrosis or MASH, making its potential effect speculative based on prior knowledge.",0.0,1.125
0,Resectable gastric/GEJ adenocarcinoma (neoadj+adj +FLOT),biokg,kg,llama3.3:70b,0,8,H,1,1.0,1,1,1,1,,both,consistent,4.0,"Drug-7 targets PD1L1, which is relevant to cancer immunotherapy and may have a role in treating gastric/GEJ adenocarcinoma.",0.25,2.125
0,Resectable gastric/GEJ adenocarcinoma (neoadj+adj +FLOT),biokg,kg,llama3.3:70b,1,8,A,1,1.0,1,1,1,1,,both,consistent,4.0,"Drug-7 targets PD1L1, which has a known role in cancer immunotherapy, providing a plausible mechanism for treating resectable gastric/GEJ adenocarcinoma.",0.125,1.625
0,Chronic kidney disease,biokg,kg,llama3.3:70b,0,8,E,1,1.0,1,1,1,1,,both,consistent,3.0,"Drug-5 targets SC5A2, which is involved in sodium transport and may be relevant to kidney function.",0.375,1.5
0,Chronic kidney disease,biokg,kg,llama3.3:70b,1,8,F,1,1.0,1,1,1,1,,prior,insufficient,2.0,"Drug-5's targeting of various transporters might indirectly influence kidney function, but this is highly speculative without direct evidence.",0.0,1.25
0,Generalized myasthenia gravis,biokg,kg,llama3.3:70b,0,8,H,8,0.125,0,0,0,1,,prior,insufficient,1.0,Drug-8's targeting of CD19 seems unrelated to the neuromuscular junction pathology in myasthenia gravis.,0.0,1.375
0,Generalized myasthenia gravis,biokg,kg,llama3.3:70b,1,8,C,1,1.0,1,1,1,1,,prior,insufficient,2.0,"Drug-8 targets CD19, which is involved in immune responses, but without direct evidence linking it to Generalized myasthenia gravis or its associated genes, its relevance remains speculative.",0.0,1.5
0,Measles prophylaxis post-exposure,biokg,kg,llama3.3:70b,0,8,G,3,0.3333333333333333,0,1,1,1,,prior,insufficient,2.0,"While Drug-1 targets various immune-related receptors, its direct relevance to measles prophylaxis is uncertain without specific knowledge graph evidence.",0.25,1.875
0,Measles prophylaxis post-exposure,biokg,kg,llama3.3:70b,1,8,B,1,1.0,1,1,1,1,,prior,insufficient,2.0,"Drug-1 targets various receptors, but without specific connections to Measles prophylaxis post-exposure, its potential is uncertain.",0.0,1.375
0,HoFH pediatric (EMA),biokg,kg,llama3.3:70b,0,8,F,6,0.16666666666666666,0,0,0,1,,prior,insufficient,1.0,"No information is provided about this drug's targets or pathways, making it impossible to assess its mechanistic plausibility.",0.25,1.375
0,HoFH pediatric (EMA),biokg,kg,llama3.3:70b,1,8,H,8,0.125,0,0,0,1,,prior,insufficient,1.0,"There is no information provided about Drug-8, making it impossible to assess its mechanistic plausibility for HoFH pediatric (EMA).",0.0,1.375
0,mHSPC + ADT,biokg,kg,llama3.3:70b,0,8,C,3,0.3333333333333333,0,1,1,1,,prior,insufficient,1.0,"Drug-8 targets various proteins including transporters, but without direct links to mHSPC + ADT pathways, its relevance is uncertain.",0.0,1.25
0,mHSPC + ADT,biokg,kg,llama3.3:70b,1,8,E,6,0.16666666666666666,0,0,0,1,,kg,insufficient,1.0,"Drug-8 targets several proteins including PRGR and ABCG2, but the relevance to mHSPC + ADT is unclear without direct connections to the disease's associated genes or pathways.",0.5,1.25
0,Chronic thromboembolic pulmonary hypertension,biokg,kg,llama3.3:70b,0,8,D,1,1.0,1,1,1,1,,both,consistent,4.0,Drug-7's association with antithrombosis agents and its targets suggest a potential therapeutic effect on Chronic thromboembolic pulmonary hypertension.,0.5,1.875
0,Chronic thromboembolic pulmonary hypertension,biokg,kg,llama3.3:70b,1,8,H,9,0.1111111111111111,0,0,0,1,,,,,,1.0,4.0
0,Pediatric atopic dermatitis,biokg,kg,llama3.3:70b,0,8,F,4,0.25,0,0,1,1,,prior,insufficient,1.0,"Drug-8's targets include JAK1, which is involved in immune response pathways, but its relevance to pediatric atopic dermatitis is uncertain without more specific evidence.",0.125,1.5
0,Pediatric atopic dermatitis,biokg,kg,llama3.3:70b,1,8,H,8,0.125,0,0,0,1,,prior,insufficient,1.0,Drug-8's targets do not have a clear connection to pediatric atopic dermatitis based on prior knowledge.,0.25,1.625
0,Delay T1D onset in children ≥1yr,biokg,kg,llama3.3:70b,0,8,C,7,0.14285714285714285,0,0,0,1,,prior,insufficient,1.0,"Similar to Drug-7, no details are given about Drug-5's mechanisms or targets, leading to a lack of basis for evaluation.",0.0,1.125
0,Delay T1D onset in children ≥1yr,biokg,kg,llama3.3:70b,1,8,F,6,0.16666666666666666,0,0,0,1,,prior,insufficient,1.0,Lack of information on Drug-5's targets or modulated pathways results in high uncertainty regarding its potential impact on delaying T1D onset.,0.0,1.5
0,HR+/HER2- metastatic breast cancer,biokg,kg,llama3.3:70b,0,8,C,4,0.25,0,0,1,1,,kg,insufficient,1.0,"Drug-8 targets TACD2, FUBP1, TOP1, and UD11, but their connection to HR+/HER2- metastatic breast cancer is unclear.",0.875,1.125
0,HR+/HER2- metastatic breast cancer,biokg,kg,llama3.3:70b,1,8,C,5,0.2,0,0,1,1,,kg,insufficient,1.0,Drug-8's targets are not clearly related to known mechanisms of HR+/HER2- metastatic breast cancer.,0.25,1.125
0,Polymyalgia rheumatica,biokg,kg,llama3.3:70b,0,8,D,2,0.5,0,1,1,1,,kg,insufficient,2.0,"Drug-6 targets IL6RA, which is involved in the immune response, but its relevance to polymyalgia rheumatica is uncertain.",0.25,1.625
0,Polymyalgia rheumatica,biokg,kg,llama3.3:70b,1,8,D,1,1.0,1,1,1,1,,both,consistent,4.0,"Drug-6 targets IL6RA, which is involved in the immune response and could be relevant to treating an inflammatory condition like polymyalgia rheumatica.",0.25,2.0
0,CKD in T2D,biokg,kg,llama3.3:70b,0,8,D,1,1.0,1,1,1,1,,prior,insufficient,4.0,"Drug-8 targets GLP1R, which is relevant to T2D treatment and may have a beneficial effect on CKD.",0.0,1.875
0,CKD in T2D,biokg,kg,llama3.3:70b,1,8,F,9,0.1111111111111111,0,0,0,1,,,,,,1.0,4.0
0,Pancreatic NET,biokg,kg,llama3.3:70b,0,8,H,9,0.1111111111111111,0,0,0,1,,,,,,1.0,5.0
0,Pancreatic NET,biokg,kg,llama3.3:70b,1,8,B,1,1.0,1,1,1,1,,both,consistent,4.0,"Drug-6 targets RET and MET, which are involved in cell proliferation and survival pathways that could be relevant to pancreatic NETs.",0.625,2.5
0,COPD (EMA 2025),biokg,kg,llama3.3:70b,0,8,B,2,0.5,0,1,1,1,,prior,insufficient,2.0,"Drug-8 targets IL4RA, which is involved in inflammatory processes, but its direct link to COPD is less clear.",0.125,1.625
0,COPD (EMA 2025),biokg,kg,llama3.3:70b,1,8,D,3,0.3333333333333333,0,1,1,1,,prior,insufficient,2.0,"Drug-8 targets IL4RA, which is involved in inflammation, but its connection to COPD is indirect and uncertain.",0.0,1.625
0,dMMR/MSI-H primary advanced endometrial cancer,biokg,kg,llama3.3:70b,0,8,B,3,0.3333333333333333,0,1,1,1,,prior,insufficient,1.0,"No evidence is provided for Drug-8, making it difficult to assess its potential relevance to the target disease.",0.375,2.0
0,dMMR/MSI-H primary advanced endometrial cancer,biokg,kg,llama3.3:70b,1,8,A,8,0.125,0,0,0,1,,prior,insufficient,1.0,"Drug-8 lacks any provided evidence or known mechanism that could be related to the treatment of dMMR/MSI-H primary advanced endometrial cancer, making its potential highly uncertain.",0.125,1.125
0,IgE-mediated food allergy,biokg,kg,llama3.3:70b,0,8,B,1,1.0,1,1,1,1,,both,consistent,4.0,"Drug-1 targets FCERB and FCERA, which are related to immune response and may be relevant to IgE-mediated food allergy.",0.125,1.625
0,IgE-mediated food allergy,biokg,kg,llama3.3:70b,1,8,E,1,1.0,1,1,1,1,,both,consistent,4.0,"Drug-1 targets FCERB and FCERA, which are involved in immune responses, suggesting a potential link to IgE-mediated food allergy mechanisms.",0.125,1.5
0,Biliary tract cancer 1L,biokg,kg,llama3.3:70b,0,8,H,1,1.0,1,1,1,1,,prior,insufficient,2.0,"Drug-5 targets PD1L1, which is a known target in cancer immunotherapy, making it a potentially plausible candidate for treating Biliary tract cancer 1L.",0.375,1.25
0,Biliary tract cancer 1L,biokg,kg,llama3.3:70b,1,8,F,3,0.3333333333333333,0,1,1,1,,prior,insufficient,2.0,"Drug-5 targets PD1L1 and CD80, which are involved in immune checkpoint regulation, but its potential efficacy in Biliary tract cancer 1L is uncertain without further evidence.",0.5,1.875
0,Ulcerative colitis,biokg,kg,llama3.3:70b,0,8,H,1,1.0,1,1,1,1,,both,consistent,5.0,"Drug-8 targets IL23A and IL12B, which are involved in inflammation and thus plausible for treating Ulcerative Colitis.",0.25,2.125
0,Ulcerative colitis,biokg,kg,llama3.3:70b,1,8,A,1,1.0,1,1,1,1,,both,consistent,5.0,"Drug-8 targets IL23A and IL12B, which are involved in inflammatory processes relevant to Ulcerative colitis.",0.125,1.875
0,Platinum-resistant ovarian carcinoma (PD-L1+ CPS≥1),biokg,kg,llama3.3:70b,0,8,G,1,1.0,1,1,1,1,,both,consistent,4.0,"Drug-6 targets PDCD1, which is closely related to the PD-L1 pathway implicated in Platinum-resistant ovarian carcinoma.",0.25,1.75
0,Platinum-resistant ovarian carcinoma (PD-L1+ CPS≥1),biokg,kg,llama3.3:70b,1,8,B,1,1.0,1,1,1,1,,kg,consistent,5.0,"Drug-6 targets PDCD1, which is related to the PD-L1 pathway, making it a promising candidate for treating Platinum-resistant ovarian carcinoma.",0.5,2.25
0,IgG4-related disease,biokg,kg,llama3.3:70b,0,8,H,1,1.0,1,1,1,1,,both,consistent,5.0,"Drug-8 targets CD19, a B cell marker potentially implicated in IgG4-related disease, offering a plausible mechanistic link.",0.25,2.125
0,IgG4-related disease,biokg,kg,llama3.3:70b,1,8,C,1,1.0,1,1,1,1,,prior,insufficient,3.0,"Drug-8 targets CD19, which is involved in immune system regulation and could potentially be related to IgG4-related disease.",0.625,2.25
0,dMMR recurrent/advanced endometrial cancer,biokg,kg,llama3.3:70b,0,8,H,8,0.125,0,0,0,1,,prior,insufficient,1.0,"No evidence is provided for Drug-8, making it impossible to assess its mechanistic plausibility for dMMR recurrent/advanced endometrial cancer.",0.75,1.625
0,dMMR recurrent/advanced endometrial cancer,biokg,kg,llama3.3:70b,1,8,A,7,0.14285714285714285,0,0,0,1,,prior,insufficient,1.0,"No evidence is provided for Drug-8, making it difficult to assess its potential for treating dMMR recurrent/advanced endometrial cancer.",0.75,2.0
0,Palmoplantar pustulosis (PMDA),biokg,kg,llama3.3:70b,0,8,E,1,1.0,1,1,1,1,,both,consistent,4.0,"Drug-8 targets IL23A, which plays a role in inflammatory pathways relevant to palmoplantar pustulosis.",0.625,2.0
0,Palmoplantar pustulosis (PMDA),biokg,kg,llama3.3:70b,1,8,H,1,1.0,1,1,1,1,,prior,insufficient,4.0,"Drug-8 targets IL23A, which is implicated in autoimmune diseases, making it a plausible candidate for Palmoplantar pustulosis.",0.625,2.375
0,HER2-mutant NSCLC (PMDA),biokg,kg,llama3.3:70b,0,8,A,1,1.0,1,1,1,1,,prior,insufficient,2.0,"Drug-8's targets do not directly relate to HER2-mutant NSCLC, but its broad range of targets might indirectly affect relevant pathways.",0.0,1.25
0,HER2-mutant NSCLC (PMDA),biokg,kg,llama3.3:70b,1,8,D,1,1.0,1,1,1,1,,both,consistent,4.0,"Drug-8 targets TOP1, which is involved in DNA replication and has been a target for cancer therapies, making it mechanistically plausible for treating HER2-mutant NSCLC.",0.375,2.125
0,CRSwNP (eosinophilic chronic rhinosinusitis with nasal polyps),biokg,kg,llama3.3:70b,0,8,E,7,0.14285714285714285,0,0,0,1,,prior,insufficient,1.0,"No information is provided for Drug-8, making it impossible to assess its mechanistic plausibility for CRSwNP.",0.0,1.25
0,CRSwNP (eosinophilic chronic rhinosinusitis with nasal polyps),biokg,kg,llama3.3:70b,1,8,G,1,1.0,1,1,1,1,,prior,insufficient,2.0,Lack of information about Drug-8's mechanism or targets makes it difficult to assess its potential for treating CRSwNP.,0.5,2.125
0,HR+/HER2- breast cancer,biokg,kg,llama3.3:70b,0,8,C,4,0.25,0,0,1,1,,prior,insufficient,1.0,"Lacking direct evidence or known targets relevant to HR+/HER2- breast cancer, Drug-7's potential is uncertain.",0.375,1.875
0,HR+/HER2- breast cancer,biokg,kg,llama3.3:70b,1,8,H,8,0.125,0,0,0,1,,kg,conflicting,1.0,"Drug-7's targets do not clearly relate to HR+/HER2- breast cancer mechanisms, suggesting a low likelihood of relevance.",0.375,1.875
0,GVHD + pediatric,biokg,kg,llama3.3:70b,0,8,E,1,1.0,1,1,1,1,,both,consistent,4.0,Drug-5's modulation of protein kinases inhibitors pathways aligns with potential therapeutic targets in GVHD + pediatric.,0.125,1.625
0,GVHD + pediatric,biokg,kg,llama3.3:70b,1,8,F,1,1.0,1,1,1,1,,both,consistent,3.0,"Drug-5 targets JAK1 and JAK2, which could be relevant for treating GVHD + pediatric given the disease's association with IL17.",0.5,1.375
0,BRAF+ thyroid cancer,biokg,kg,llama3.3:70b,0,8,B,2,0.5,0,1,1,1,,prior,insufficient,2.0,"Although Drug-7's targets are not directly related to BRAF+ thyroid cancer, its targeting of IL1B and TNFA could potentially modulate the tumor microenvironment.",0.125,1.625
0,BRAF+ thyroid cancer,biokg,kg,llama3.3:70b,1,8,F,7,0.14285714285714285,0,0,0,1,,prior,insufficient,1.0,"Similar to Drug-8, no information is available for Drug-7's relevance to BRAF+ thyroid cancer, leading to a low confidence ranking.",0.25,1.875
0,Allergic fungal rhinosinusitis (AFRS) ≥6yr,biokg,kg,llama3.3:70b,0,8,D,1,1.0,1,1,1,1,,both,consistent,4.0,"Drug-8 targets IL4RA, which is involved in allergic responses, making it a plausible candidate for treating AFRS.",0.5,2.0
0,Allergic fungal rhinosinusitis (AFRS) ≥6yr,biokg,kg,llama3.3:70b,1,8,E,1,1.0,1,1,1,1,,both,consistent,4.0,"Drug-8 targets IL4RA, which is involved in the immune response and may be relevant to AFRS.",0.375,1.875
0,Follicular lymphoma,biokg,kg,llama3.3:70b,0,8,C,4,0.25,0,0,1,1,,prior,insufficient,1.0,"No information is provided about Drug-8's targets or pathways, making it impossible to assess its potential for treating Follicular lymphoma.",0.0,1.75
0,Follicular lymphoma,biokg,kg,llama3.3:70b,1,8,F,7,0.14285714285714285,0,0,0,1,,prior,insufficient,1.0,"No information about Drug-8's targets or mechanisms is provided, making it impossible to assess its plausibility for treating Follicular lymphoma.",0.0,1.125
0,Crohn's disease,biokg,kg,llama3.3:70b,0,8,D,1,1.0,1,1,1,1,,both,consistent,4.0,"Drug-7 targets IL23A, which plays a role in inflammation relevant to Crohn's disease.",0.125,1.625
0,Crohn's disease,biokg,kg,llama3.3:70b,1,8,B,1,1.0,1,1,1,1,,both,consistent,5.0,"Drug-7 targets IL23A, which is involved in inflammatory processes relevant to Crohn's disease.",0.125,1.75
0,RAS wild-type HER2+ metastatic colorectal cancer,biokg,kg,llama3.3:70b,0,8,F,1,1.0,1,1,1,1,,both,consistent,4.0,"Drug-7 targets ERBB2, which is a key biomarker for HER2+ cancer, suggesting potential efficacy.",0.375,1.625
0,RAS wild-type HER2+ metastatic colorectal cancer,biokg,kg,llama3.3:70b,1,8,A,1,1.0,1,1,1,1,,both,consistent,5.0,"Drug-7 targets ERBB2, which is directly relevant to HER2+ disease treatment.",0.125,1.625
0,Crohn's disease,biokg,kg,llama3.3:70b,0,8,F,2,0.5,0,1,1,1,,both,consistent,4.0,"Drug-8 targets JAK1, which is part of the JAK-STAT signaling pathway associated with Crohn's disease.",0.25,2.0
0,Crohn's disease,biokg,kg,llama3.3:70b,1,8,A,1,1.0,1,1,1,1,,both,consistent,5.0,"Drug-8 targets JAK1, which is involved in the JAK-STAT signaling pathway associated with Crohn's disease.",0.125,1.875
0,Gastric/GEJ adenocarcinoma,biokg,kg,llama3.3:70b,0,8,E,2,0.5,0,1,1,1,,prior,insufficient,3.0,"Drug-7 targets PD1L1 and CD80, which are relevant in immunotherapy, a common approach in cancer treatment, including potentially for Gastric/GEJ adenocarcinoma.",0.375,1.75
0,Gastric/GEJ adenocarcinoma,biokg,kg,llama3.3:70b,1,8,C,5,0.2,0,0,1,1,,kg,conflicting,2.0,"Drug-7 targets PD1L1 and CD80, which are involved in immune responses, but their connection to Gastric/GEJ adenocarcinoma is not well-established.",0.75,2.0
0,EGPA (expanded),biokg,kg,llama3.3:70b,0,8,F,1,1.0,1,1,1,1,,both,consistent,4.0,"Drug-6 targets IL5RA, which is involved in immune responses and could potentially modulate the inflammatory processes associated with EGPA.",0.125,1.875
0,EGPA (expanded),biokg,kg,llama3.3:70b,1,8,D,1,1.0,1,1,1,1,,both,consistent,3.0,"Drug-6 targets IL5RA, which may relate to immune responses relevant to EGPA, though direct evidence is lacking.",0.125,1.625
0,HR+/HER2- node-positive high-risk early breast cancer,biokg,kg,llama3.3:70b,0,8,H,9,0.1111111111111111,0,0,0,1,,,,,,1.0,4.0
0,HR+/HER2- node-positive high-risk early breast cancer,biokg,kg,llama3.3:70b,1,8,G,2,0.5,0,1,1,1,,kg,consistent,4.0,"Drug-7 targets CDK4 and CDK6, which are involved in cell cycle progression and potentially relevant to cancer treatment.",0.75,2.5
0,IV formulation for rheumatic diseases (EMA),biokg,kg,llama3.3:70b,0,8,E,9,0.1111111111111111,0,0,0,1,,,,,,1.0,5.0
0,IV formulation for rheumatic diseases (EMA),biokg,kg,llama3.3:70b,1,8,B,1,1.0,1,1,1,1,,both,consistent,5.0,"Drug-8 is ranked highest due to its direct association with antirheumatic pathways and targeting IL17, a key player in rheumatic disease inflammation.",0.5,2.0
0,Ph+ CML-CP after 2+ TKIs,biokg,kg,llama3.3:70b,0,8,H,8,0.125,0,0,0,1,,prior,insufficient,1.0,"No information is provided about Drug-6's targets or pathways, making assessment impossible.",0.375,1.625
0,Ph+ CML-CP after 2+ TKIs,biokg,kg,llama3.3:70b,1,8,A,6,0.16666666666666666,0,0,0,1,,prior,insufficient,1.0,"No information is provided about Drug-6, making its potential for treating Ph+ CML-CP entirely speculative.",0.625,1.875
0,Psoriasis in children 6-11 (cream),biokg,kg,llama3.3:70b,0,8,D,2,0.5,0,1,1,1,,prior,insufficient,3.0,"Drug-5's targeting of PDE4 enzymes could potentially modulate inflammatory responses relevant to psoriasis, although direct evidence is lacking.",0.125,1.875
0,Psoriasis in children 6-11 (cream),biokg,kg,llama3.3:70b,1,8,G,2,0.5,0,1,1,1,,prior,insufficient,1.0,"Drug-5 targets PDE4 enzymes, which are involved in inflammation pathways, but its connection to Psoriasis is speculative without direct evidence.",0.5,1.125
0,HER2+ early-stage BC (neoadjuvant + adjuvant),biokg,kg,llama3.3:70b,0,8,E,1,1.0,1,1,1,1,,both,consistent,4.0,"Drug-8 targets TOP1, which is involved in DNA replication and has been a target for cancer therapies, making it mechanistically plausible for treating HER2+ breast cancer.",0.375,1.875
0,HER2+ early-stage BC (neoadjuvant + adjuvant),biokg,kg,llama3.3:70b,1,8,A,1,1.0,1,1,1,1,,both,insufficient,2.0,"Drug-8's multiple targets could potentially affect cancer cell biology, although the connection to HER2+ breast cancer is speculative.",0.5,1.25
0,Hidradenitis suppurativa,biokg,kg,llama3.3:70b,0,8,H,1,1.0,1,1,1,1,,both,consistent,4.0,"Drug-8 targets IL17, which is relevant given the inflammatory nature of Hidradenitis suppurativa and the involvement of immune pathways.",0.125,2.0
0,Hidradenitis suppurativa,biokg,kg,llama3.3:70b,1,8,B,1,1.0,1,1,1,1,,both,consistent,4.0,"Drug-8 targets IL17, which is involved in inflammatory processes that could be relevant to Hidradenitis suppurativa.",0.125,1.625
0,"ALK+ solid tumors (tissue-agnostic, world-first)",biokg,kg,llama3.3:70b,0,8,H,1,1.0,1,1,1,1,,both,consistent,5.0,"Drug-7 directly targets ALK, providing a clear mechanistic link to the disease pathology.",0.125,1.875
0,"ALK+ solid tumors (tissue-agnostic, world-first)",biokg,kg,llama3.3:70b,1,8,D,1,1.0,1,1,1,1,,both,consistent,5.0,"Drug-7 directly targets ALK, a key player in ALK+ solid tumors.",0.5,2.0
0,Primary humoral immunodeficiency pediatric 2-11yr,biokg,kg,llama3.3:70b,0,8,E,1,1.0,1,1,1,1,,both,consistent,4.0,"Drug-1 targets several immune-related receptors (FCGRB, FCG2C, FCG3B, FCG2B), suggesting potential relevance to immunodeficiency.",0.5,1.875
0,Primary humoral immunodeficiency pediatric 2-11yr,biokg,kg,llama3.3:70b,1,8,A,1,1.0,1,1,1,1,,both,consistent,4.0,"Drug-1 targets FCG receptors, which are involved in immune responses, making it a plausible candidate for treating Primary humoral immunodeficiency.",0.125,1.625
0,Gastric/GEJ adenocarcinoma (1L +chemo),biokg,kg,llama3.3:70b,0,8,D,1,1.0,1,1,1,1,,both,consistent,5.0,"Drug-8 targets PD1L1, a known target in cancer immunotherapy relevant to gastric cancer.",0.5,1.875
0,Gastric/GEJ adenocarcinoma (1L +chemo),biokg,kg,llama3.3:70b,1,8,D,1,1.0,1,1,1,1,,both,consistent,4.0,"Drug-8 targets PD1L1 and CD80, which are relevant to cancer immunotherapy, making it a plausible candidate for treating Gastric/GEJ adenocarcinoma.",0.25,2.0
0,Juvenile idiopathic arthritis (EMA Feb 2026),biokg,kg,llama3.3:70b,0,8,A,1,1.0,1,1,1,1,,both,consistent,4.0,"Drug-6 targets JAK3, a key player in immune response pathways relevant to arthritis.",0.5,1.875
0,Juvenile idiopathic arthritis (EMA Feb 2026),biokg,kg,llama3.3:70b,1,8,C,1,1.0,1,1,1,1,,both,consistent,5.0,"Drug-6 targets JAK1 and JAK3, key players in the JIA pathogenesis, providing a strong mechanistic link to the disease.",0.25,1.625
0,MSI-H/dMMR solid tumors (full approval conversion),biokg,kg,llama3.3:70b,0,8,C,1,1.0,1,1,1,1,,both,consistent,4.0,"Drug-4 targets PDCD1, a known target in cancer immunotherapy, providing a plausible mechanism for treating MSI-H/dMMR solid tumors.",0.5,1.75
0,MSI-H/dMMR solid tumors (full approval conversion),biokg,kg,llama3.3:70b,1,8,F,9,0.1111111111111111,0,0,0,1,,,,,,1.0,4.0
0,Atopic dermatitis,biokg,kg,llama3.3:70b,0,8,H,4,0.25,0,0,1,1,,prior,insufficient,2.0,"Drug-7 targets several genes involved in immune response, but its relevance to atopic dermatitis is unclear without more information.",0.5,1.875
0,Atopic dermatitis,biokg,kg,llama3.3:70b,1,8,E,5,0.2,0,0,1,1,,prior,insufficient,2.0,"Drug-7 targets multiple kinases and receptors, which could influence immune responses, but without direct evidence linking these to Atopic dermatitis, its potential is uncertain.",0.125,2.0
0,HER2-mutant NSCLC (EMA),biokg,kg,llama3.3:70b,0,8,D,1,1.0,1,1,1,1,,both,consistent,3.0,"Drug-8 targets TOP1, which is involved in DNA replication and repair, potentially relevant to cancer treatment.",0.125,1.375
0,HER2-mutant NSCLC (EMA),biokg,kg,llama3.3:70b,1,8,A,1,1.0,1,1,1,1,,prior,insufficient,2.0,Drug-8 targets various genes but lacks direct association with HER2-mutant NSCLC pathways or genes.,0.625,1.125
0,Schnitzler syndrome (Japan),biokg,kg,llama3.3:70b,0,8,B,1,1.0,1,1,1,1,,both,consistent,4.0,"Drug-5 targets IL1B, which is involved in the inflammatory pathway associated with Schnitzler syndrome.",0.125,1.75
0,Schnitzler syndrome (Japan),biokg,kg,llama3.3:70b,1,8,F,1,1.0,1,1,1,1,,both,consistent,4.0,"Drug-5 targets IL1B, which is related to the IL1RA gene associated with Schnitzler syndrome.",0.125,2.125
0,Unresectable thymic carcinoma (PMDA),biokg,kg,llama3.3:70b,0,8,E,1,1.0,1,1,1,1,,prior,insufficient,3.0,"Drug-5 targets several receptor tyrosine kinases, which could potentially be involved in tumor growth and angiogenesis in thymic carcinoma.",0.5,1.625
0,Unresectable thymic carcinoma (PMDA),biokg,kg,llama3.3:70b,1,8,G,1,1.0,1,1,1,1,,both,insufficient,3.0,"Drug-5 targets various receptors (VGFR3, VGFR1, FGFR4, RET, FGFR1, FGFR3, FGFR2) that are implicated in cancer growth and angiogenesis, making it a plausible candidate despite the lack of direct evidence linking it to unresectable thymic carcinoma.",0.125,1.375
0,Ulcerative colitis,biokg,kg,llama3.3:70b,0,8,H,8,0.125,0,0,0,1,,prior,insufficient,1.0,Drug-1's targets and pathways do not show a clear connection to the treatment of Ulcerative Colitis based on the knowledge graph or prior pharmacological knowledge.,0.125,2.125
0,Ulcerative colitis,biokg,kg,llama3.3:70b,1,8,B,1,1.0,1,1,1,1,,both,consistent,5.0,"Drug-7 targets IL23A, which is involved in inflammatory pathways relevant to Ulcerative Colitis.",0.5,2.0
0,Pheochromocytoma/paraganglioma,biokg,kg,llama3.3:70b,0,8,D,1,1.0,1,1,1,1,,both,insufficient,2.0,"Drug-8 targets EPAS1, which is involved in hypoxia response and could potentially relate to the disease's pathological mechanisms, though direct evidence is lacking.",0.375,1.5
0,Pheochromocytoma/paraganglioma,biokg,kg,llama3.3:70b,1,8,H,1,1.0,1,1,1,1,,both,consistent,4.0,"Drug-8 targets EPAS1, which is related to hypoxia-inducible factor pathway, potentially relevant to Pheochromocytoma/paraganglioma given the disease's association with genes like SDHB involved in mitochondrial function and potentially affecting cellular response to hypoxia.",0.125,2.0
0,BRAF V600E metastatic NSCLC,biokg,kg,llama3.3:70b,0,8,H,1,1.0,1,1,1,1,,both,consistent,5.0,"Drug-8 directly targets BRAF, a key mutation in BRAF V600E metastatic NSCLC.",0.125,1.75
0,BRAF V600E metastatic NSCLC,biokg,kg,llama3.3:70b,1,8,B,1,1.0,1,1,1,1,,both,consistent,5.0,"Drug-8 directly targets BRAF, a crucial gene in the pathology of BRAF V600E metastatic NSCLC.",0.125,1.625
0,BRAF+ thyroid cancer,biokg,kg,llama3.3:70b,0,8,G,1,1.0,1,1,1,1,,both,consistent,5.0,"Drug-6 directly targets BRAF, a primary mutation in BRAF+ thyroid cancer.",0.5,1.625
0,BRAF+ thyroid cancer,biokg,kg,llama3.3:70b,1,8,F,1,1.0,1,1,1,1,,both,consistent,5.0,"Drug-6 directly targets BRAF, a mutation implicated in this cancer type.",0.125,1.75
0,Metastatic colorectal cancer,biokg,kg,llama3.3:70b,0,8,A,8,0.125,0,0,0,1,,kg,conflicting,1.0,"Drug-3's targets and pathways do not clearly align with metastatic colorectal cancer treatment mechanisms, making its potential utility uncertain and potentially conflicting.",0.5,1.5
0,Metastatic colorectal cancer,biokg,kg,llama3.3:70b,1,8,F,6,0.16666666666666666,0,0,0,1,,prior,insufficient,1.0,The targets and pathways modulated by Drug-3 do not clearly relate to metastatic colorectal cancer based on the provided information.,0.25,1.875
0,KRAS G12C+ mCRC,biokg,kg,llama3.3:70b,0,8,D,1,1.0,1,1,1,1,,both,consistent,4.0,"Drug-8 targets RASK, which could be related to the KRAS G12C mutation in mCRC, making it a plausible candidate.",0.25,1.875
0,KRAS G12C+ mCRC,biokg,kg,llama3.3:70b,1,8,A,1,1.0,1,1,1,1,,both,consistent,4.0,"Drug-8 targets RASK, which is closely related to KRAS, making it a plausible candidate for treating KRAS G12C+ mCRC.",0.125,2.125
0,IDH1-mutated relapsed/refractory MDS,biokg,kg,llama3.3:70b,0,8,F,9,0.1111111111111111,0,0,0,1,,,,,,1.0,5.0
0,IDH1-mutated relapsed/refractory MDS,biokg,kg,llama3.3:70b,1,8,D,1,1.0,1,1,1,1,,both,consistent,3.0,"Drug-8 targets IDHC, which is related to the disease's mutated gene IDH1, providing a potential mechanistic link.",0.125,1.5
0,1L biliary tract cancer (+gemcitabine+cisplatin),biokg,kg,llama3.3:70b,0,8,C,1,1.0,1,1,1,1,,prior,insufficient,2.0,"Drug-6 targets PDCD1, which is involved in immune checkpoint pathways; while there's no direct evidence linking it to biliary tract cancer, immunotherapy has shown promise in various cancers.",0.25,1.125
0,1L biliary tract cancer (+gemcitabine+cisplatin),biokg,kg,llama3.3:70b,1,8,E,6,0.16666666666666666,0,0,0,1,,prior,insufficient,1.0,"Drug-7 lacks any provided evidence, making its assessment purely speculative and uncertain.",0.125,1.75
0,HR+/HER2- early breast cancer (adjuvant),biokg,kg,llama3.3:70b,0,8,C,1,1.0,1,1,1,1,,both,consistent,5.0,"Drug-7 targets CDK6 and CDK4, which are involved in cell cycle progression and have been implicated in breast cancer.",0.75,1.75
0,HR+/HER2- early breast cancer (adjuvant),biokg,kg,llama3.3:70b,1,8,H,1,1.0,1,1,1,1,,both,consistent,5.0,"Drug-7 targets CDK6 and CDK4, which are directly implicated in cell cycle regulation relevant to cancer.",0.125,1.625
0,Urothelial carcinoma (expanded population),biokg,kg,llama3.3:70b,0,8,E,4,0.25,0,0,1,1,,kg,insufficient,2.0,"Drug-8 targets MDR1 and CP3A4, which are involved in drug metabolism and resistance, but the relevance to Urothelial carcinoma is not directly established.",0.625,2.25
0,Urothelial carcinoma (expanded population),biokg,kg,llama3.3:70b,1,8,D,2,0.5,0,1,1,1,,kg,insufficient,2.0,"Drug-8 targets MDR1, which is involved in drug resistance, a factor in cancer treatment, but direct relevance to urothelial carcinoma is unclear.",0.25,1.5
0,Follicular lymphoma (+obinutuzumab),biokg,kg,llama3.3:70b,0,8,C,1,1.0,1,1,1,1,,both,consistent,4.0,Drug-8 targets multiple kinases which could potentially modulate signaling pathways involved in lymphoma progression.,0.5,1.875
0,Follicular lymphoma (+obinutuzumab),biokg,kg,llama3.3:70b,1,8,C,1,1.0,1,1,1,1,,prior,insufficient,2.0,"Drug-8 targets various kinases which could potentially be involved in cancer pathways, although no direct link to Follicular lymphoma is provided.",0.0,1.25
0,First-line anemia in lower-risk MDS,biokg,kg,llama3.3:70b,0,8,D,7,0.14285714285714285,0,0,0,1,,prior,insufficient,1.0,"No information is provided about Drug-8, making its potential for treating anemia in MDS completely uncertain.",0.125,1.875
0,First-line anemia in lower-risk MDS,biokg,kg,llama3.3:70b,1,8,G,6,0.16666666666666666,0,0,0,1,,prior,insufficient,1.0,"No evidence was provided for Drug-8, making it difficult to assess its mechanistic plausibility.",0.125,2.0
0,Neoadj+adj HNSCC,biokg,kg,llama3.3:70b,0,8,F,7,0.14285714285714285,0,0,0,1,,prior,insufficient,1.0,"Drug-6's target PDCD1 is a checkpoint protein, but its relevance to HNSCC treatment is unclear without further information.",0.0,2.0
0,Neoadj+adj HNSCC,biokg,kg,llama3.3:70b,1,8,G,7,0.14285714285714285,0,0,0,1,,prior,insufficient,1.0,"Drug-6 targets PDCD1, which is involved in immune checkpoint regulation, but without more specific evidence linking it to HNSCC treatment or mechanisms, its potential remains uncertain.",0.0,1.75
0,HR+/HER2-low breast cancer,biokg,kg,llama3.3:70b,0,8,B,1,1.0,1,1,1,1,,both,consistent,4.0,"Drug-8 targets several proteins that could be involved in cancer cell processes, such as TOP1 and MRP1, which are relevant to cancer treatment.",0.5,2.5
0,HR+/HER2-low breast cancer,biokg,kg,llama3.3:70b,1,8,C,2,0.5,0,1,1,1,,kg,insufficient,2.0,"Drug-8 targets TOP1, which is involved in DNA replication and could be relevant to cancer treatment, but like Drug-3, its connection to HR+/HER2-low breast cancer is not clear.",0.25,1.25
0,Chronic lymphocytic leukemia,biokg,kg,llama3.3:70b,0,8,H,1,1.0,1,1,1,1,,prior,insufficient,4.0,Drug-8 targets kinases which could play a role in cancer signaling pathways.,0.375,1.75
0,Chronic lymphocytic leukemia,biokg,kg,llama3.3:70b,1,8,A,1,1.0,1,1,1,1,,both,consistent,4.0,"Drug-8 targets multiple kinases, which could potentially inhibit leukemia cell growth and proliferation, although direct evidence for its use in Chronic lymphocytic leukemia is lacking.",0.125,2.0
0,Ph+ CML-CP frontline (EMA Feb 2026),biokg,kg,llama3.3:70b,0,8,H,8,0.125,0,0,0,1,,prior,insufficient,1.0,"No information is provided about Drug-8, making it impossible to assess its mechanistic plausibility for Ph+ CML-CP treatment.",0.125,2.0
0,Ph+ CML-CP frontline (EMA Feb 2026),biokg,kg,llama3.3:70b,1,8,G,1,1.0,1,1,1,1,,prior,insufficient,1.0,"No evidence is provided for Drug-8 or Drug-4, so I have low confidence in their plausibility.",0.75,2.25
0,HR+/HER2- metastatic breast cancer,biokg,kg,llama3.3:70b,0,8,D,1,1.0,1,1,1,1,,both,consistent,4.0,"Drug-7 targets PARP1 and PARP2, which are involved in DNA repair, providing a plausible mechanism for treating cancer.",1.0,4.0
0,HR+/HER2- metastatic breast cancer,biokg,kg,llama3.3:70b,1,8,A,1,1.0,1,1,1,1,,both,consistent,4.0,Drug-7's targeting of PARP1 and PARP2 provides a plausible mechanism for treating HR+/HER2- metastatic breast cancer.,0.125,1.625
0,HER2+ solid tumors (tumor-agnostic),biokg,kg,llama3.3:70b,0,8,G,7,0.14285714285714285,0,0,0,1,,kg,conflicting,1.0,"Drug-8's targets and pathways do not appear directly relevant to HER2+ solid tumors, making its plausibility low.",0.5,1.5
0,HER2+ solid tumors (tumor-agnostic),biokg,kg,llama3.3:70b,1,8,F,3,0.3333333333333333,0,1,1,1,,prior,insufficient,2.0,Drug-8 targets various proteins but lacks a clear connection to the HER2 pathway or relevant mechanisms for treating HER2+ solid tumors.,0.125,1.625
0,Pediatric BRAF V600E low-grade glioma,biokg,kg,llama3.3:70b,0,8,D,1,1.0,1,1,1,1,,both,consistent,5.0,"Drug-7 directly targets BRAF, a crucial mutation in Pediatric BRAF V600E low-grade glioma, providing a strong mechanistic link to the disease.",0.125,1.625
0,Pediatric BRAF V600E low-grade glioma,biokg,kg,llama3.3:70b,1,8,A,1,1.0,1,1,1,1,,both,consistent,5.0,"Drug-7 directly targets BRAF, a mutation central to Pediatric BRAF V600E low-grade glioma, providing a strong mechanistic rationale for its use.",0.125,1.625
0,Primary mediastinal large B-cell lymphoma,biokg,kg,llama3.3:70b,0,8,H,9,0.1111111111111111,0,0,0,1,,,,,,1.0,4.0
0,Primary mediastinal large B-cell lymphoma,biokg,kg,llama3.3:70b,1,8,E,1,1.0,1,1,1,1,,both,consistent,4.0,"Drug-5 targets PDCD1, a protein involved in immune checkpoints, which could be relevant for treating lymphoma.",0.25,1.75
0,RET-fusion NSCLC (expanded),biokg,kg,llama3.3:70b,0,8,E,1,1.0,1,1,1,1,,both,consistent,5.0,"Drug-8 directly targets RET, which is closely associated with the pathology of RET-fusion NSCLC.",0.125,1.625
0,RET-fusion NSCLC (expanded),biokg,kg,llama3.3:70b,1,8,E,1,1.0,1,1,1,1,,both,consistent,5.0,"Drug-8 directly targets RET, a crucial gene in RET-fusion NSCLC.",0.125,1.75
0,dMMR/MSI-H primary advanced endometrial cancer (+chemo),biokg,kg,llama3.3:70b,0,8,F,7,0.14285714285714285,0,0,0,1,,prior,insufficient,1.0,"No information is provided for Drug-8, making it impossible to evaluate its potential.",0.625,1.5
0,dMMR/MSI-H primary advanced endometrial cancer (+chemo),biokg,kg,llama3.3:70b,1,8,D,5,0.2,0,0,1,1,,prior,insufficient,1.0,"No evidence is provided for Drug-8, making it difficult to assess its potential efficacy.",0.625,1.875
