seed,disease,kg,condition,model,shuffle,pool_size,positive_letter,rank,reciprocal_rank,hit@1,hit@3,hit@5,parsed,error,pos_basis,pos_agreement,pos_confidence,pos_rationale,frac_basis_kg,mean_confidence
3,Agitation associated with Alzheimer's dementia,none,no_kg,llama3.2:1b,0,8,F,3,0.3333333333333333,0,1,1,1,,both,consistent,4.0,"KG evidence supports mechanistic links to Alzheimer's disease, and prior knowledge of drug targets aligns with known pathways",0.875,3.25
3,Agitation associated with Alzheimer's dementia,none,no_kg,llama3.2:1b,1,8,G,6,0.16666666666666666,0,0,0,1,,both,consistent,4.0,"Drug-3 has evidence retrieved from the biomedical knowledge graph that links it to Alzheimer's disease, making its potential as a treatment for agitation associated with dementia plausible.",1.0,3.5
3,LDL-C elevation in statin-intolerant dyslipidemia,none,no_kg,llama3.2:1b,0,8,H,6,0.16666666666666666,0,0,0,1,,both,insufficient,1.0,Drug-H has insufficient information to be ranked confidently.,0.6666666666666666,2.3333333333333335
3,LDL-C elevation in statin-intolerant dyslipidemia,none,no_kg,llama3.2:1b,1,8,H,3,0.3333333333333333,0,1,1,1,,both,insufficient,4.0,"The biomedical knowledge graph reports mechanistic links between statins and dyslipidemia, but prior evidence supports statin-intolerance as a risk factor for LDL-C elevation.",0.875,3.875
3,First-line anemia in lower-risk MDS,none,no_kg,llama3.2:1b,0,8,E,3,0.3333333333333333,0,1,1,1,,prior,conflicting,2.0,"Drug-E provides conflicting mechanistic links with DOID:0050908, making it uncertain for this target disease",0.42857142857142855,2.7142857142857144
3,First-line anemia in lower-risk MDS,none,no_kg,llama3.2:1b,1,8,G,9,0.1111111111111111,0,0,0,1,,,,,,1.0,5.0
3,Palmoplantar pustulosis (PMDA),none,no_kg,llama3.2:1b,0,8,B,9,0.1111111111111111,0,0,0,1,,,,,,0.3333333333333333,3.0
3,Palmoplantar pustulosis (PMDA),none,no_kg,llama3.2:1b,1,8,F,7,0.14285714285714285,0,0,0,1,,both,insufficient,2.0,Limited mechanistic evidence and no clear pathway association in the knowledge graph.,0.5714285714285714,2.857142857142857
3,Acute HCV pediatric,none,no_kg,llama3.2:1b,0,8,C,4,0.25,0,0,1,1,,both,insufficient,2.0,Insufficient evidence from DOID for drug-8 on HCV treatment suggests potential antiviral activity but is unclear in pediatric context and conflicting with prior knowledge,0.8571428571428571,2.2857142857142856
3,Acute HCV pediatric,none,no_kg,llama3.2:1b,1,8,D,4,0.25,0,0,1,1,,,,,,,
3,Oral tablet formulation for weight management,none,no_kg,llama3.2:1b,0,8,D,1,1.0,1,1,1,1,,both,consistent,4.0,Strong mechanistic plausibility from KG and prior knowledge,1.0,4.0
3,Oral tablet formulation for weight management,none,no_kg,llama3.2:1b,1,8,B,2,0.5,0,1,1,1,,both,consistent,4.0,"Drug-8 has a mechanistic link from Drug-1 to the target pathway and disease, which is supported by both the knowledge graph and my prior knowledge of weight management treatments.",0.8333333333333334,3.8333333333333335
3,Nephrotic syndrome,none,no_kg,llama3.2:1b,0,8,G,5,0.2,0,0,1,1,,prior,insufficient,1.0,Limited prior knowledge on this drug and insufficient evidence from the biomedical graph to support its mechanistic plausibility.,0.75,3.0
3,Nephrotic syndrome,none,no_kg,llama3.2:1b,1,8,A,2,0.5,0,1,1,1,,prior,consistent,4.0,KG evidence from DOID:1184 reports mechanistic links between Drug-1 and Nephrotic syndrome with prior validation in literature; prior knowledge is consistent with the target disease.,0.75,2.25
3,KRAS G12C+ mCRC,none,no_kg,llama3.2:1b,0,8,H,5,0.2,0,0,1,1,,prior,insufficient,1.0,KG evidence for KRAS mutation but lacks direct pathway link to DOID,0.625,2.25
3,KRAS G12C+ mCRC,none,no_kg,llama3.2:1b,1,8,A,8,0.125,0,0,0,1,,kg,consistent,3.0,"KG evidence supports KRAS as the target in mCRC, but prior knowledge may not be entirely consistent.",1.0,3.75
3,Retinal vein occlusion,none,no_kg,llama3.2:1b,0,8,B,8,0.125,0,0,0,1,,both,consistent,4.0,Both the biomedical knowledge graph and prior mechanistic evidence support Drug-8 as a potential therapeutic agent for DOID:1727.,0.875,4.375
3,Retinal vein occlusion,none,no_kg,llama3.2:1b,1,8,B,9,0.1111111111111111,0,0,0,1,,,,,,1.0,2.0
3,TRD monotherapy,none,no_kg,llama3.2:1b,0,8,G,6,0.16666666666666666,0,0,0,1,,kg,insufficient,3.0,"Drug-8 has no clear evidence but its pathway does align with a disease mechanism we've seen before, making it uncertain.",0.875,2.75
3,TRD monotherapy,none,no_kg,llama3.2:1b,1,8,E,3,0.3333333333333333,0,1,1,1,,both,consistent,4.0,"KG evidence shows a mechanistic link from drug to pathway, but my own knowledge does not provide sufficient context to evaluate its plausibility as a TRD monotherapy.",1.0,3.125
3,Reduce MACE in CVD + obesity/overweight,none,no_kg,llama3.2:1b,0,8,A,5,0.2,0,0,1,1,,prior,consistent,2.0,"The mechanistic link from Drug-8 to the target pathway is supported by evidence in the knowledge graph, but it may not be directly relevant to reducing MACE in CVD + obesity/overweight. Further investigation would be needed to confirm this association.",0.5714285714285714,3.0
3,Reduce MACE in CVD + obesity/overweight,none,no_kg,llama3.2:1b,1,8,F,9,0.1111111111111111,0,0,0,1,,,,,,,
3,Indolent systemic mastocytosis (EMA),none,no_kg,llama3.2:1b,0,8,G,5,0.2,0,0,1,1,,both,insufficient,2.0,"While related annotations hint at a possible pathway (mast cell-derived serotonin), the evidence is sparse and not consistent across all sources.",0.875,2.625
3,Indolent systemic mastocytosis (EMA),none,no_kg,llama3.2:1b,1,8,A,1,1.0,1,1,1,1,,prior,consistent,5.0,knowledge-graph evidence and prior knowledge suggest Drug-2 and Drug-3 have mechanistic plausibility for EMA.,0.5,2.625
3,IgG4-related disease,none,no_kg,llama3.2:1b,0,8,C,9,0.1111111111111111,0,0,0,1,,,,,,1.0,5.0
3,IgG4-related disease,none,no_kg,llama3.2:1b,1,8,E,9,0.1111111111111111,0,0,0,1,,,,,,1.0,2.25
3,COVID-19 (expanded population),none,no_kg,llama3.2:1b,0,8,H,7,0.14285714285714285,0,0,0,1,,,,,,,
3,COVID-19 (expanded population),none,no_kg,llama3.2:1b,1,8,B,1,1.0,1,1,1,1,,both,conflicting,4.0,"While DOID suggests a role for Drug-2 in COVID-19, our prior knowledge indicates it's more likely to be involved in the development of respiratory conditions rather than a direct causative factor.",0.875,4.0
3,Obstructive sleep apnea with obesity,none,no_kg,llama3.2:1b,0,8,E,9,0.1111111111111111,0,0,0,1,,,,,,0.5,1.5
3,Obstructive sleep apnea with obesity,none,no_kg,llama3.2:1b,1,8,H,7,0.14285714285714285,0,0,0,1,,both,insufficient,4.0,"The mechanistic link from Drug-5 to DOID is not supported by the knowledge graph, and there's insufficient evidence for this association.",1.0,2.857142857142857
3,Biliary tract cancer 1L,none,no_kg,llama3.2:1b,0,8,F,5,0.2,0,0,1,1,,,,,,,
3,Biliary tract cancer 1L,none,no_kg,llama3.2:1b,1,8,F,1,1.0,1,1,1,1,,both,consistent,5.0,Drug-4 has a similar pathway to Biliary tract cancer 1L and prior evidence from the knowledge graph supports its ranking.,0.7142857142857143,3.7142857142857144
3,Retinal vein occlusion,none,no_kg,llama3.2:1b,0,8,H,9,0.1111111111111111,0,0,0,1,,,,,,0.3333333333333333,4.0
3,Retinal vein occlusion,none,no_kg,llama3.2:1b,1,8,E,3,0.3333333333333333,0,1,1,1,,,,,,,
3,Chorea associated with Huntington's disease,none,no_kg,llama3.2:1b,0,8,A,9,0.1111111111111111,0,0,0,0,,,,,,,
3,Chorea associated with Huntington's disease,none,no_kg,llama3.2:1b,1,8,B,2,0.5,0,1,1,1,,,,,,,
3,High LDL-C with increased CV risk (expanded),none,no_kg,llama3.2:1b,0,8,F,6,0.16666666666666666,0,0,0,1,,both,consistent,4.0,Knowledge graph evidence supports potential mechanisms through statins and HMG-CoA reductase inhibitors. This is consistent with increased CV risk in DOID:13810.,0.5714285714285714,3.2857142857142856
3,High LDL-C with increased CV risk (expanded),none,no_kg,llama3.2:1b,1,8,A,8,0.125,0,0,0,1,,both,insufficient,3.0,"KG evidence is sparse on this point, and prior knowledge suggests Drug-1 may be more directly involved in reducing LDL-C levels.",1.0,3.375
3,Polycythaemia vera and essential thrombocytopenia,none,no_kg,llama3.2:1b,0,8,D,1,1.0,1,1,1,1,,both,inconsistent,4.0,"KG reports evidence of drug-6 acting on the JAK/STAT pathway, but my own knowledge suggests a stronger link to the PI3K/Akt pathway in this disease.",0.875,4.0
3,Polycythaemia vera and essential thrombocytopenia,none,no_kg,llama3.2:1b,1,8,C,9,0.1111111111111111,0,0,0,1,,,,,,,
3,Schnitzler syndrome (Japan),none,no_kg,llama3.2:1b,0,8,A,9,0.1111111111111111,0,0,0,1,,,,,,0.5,2.5
3,Schnitzler syndrome (Japan),none,no_kg,llama3.2:1b,1,8,E,3,0.3333333333333333,0,1,1,1,,,,,,,
3,COVID-19 updated strain,none,no_kg,llama3.2:1b,0,8,D,4,0.25,0,0,1,1,,,,,,,
3,COVID-19 updated strain,none,no_kg,llama3.2:1b,1,8,A,7,0.14285714285714285,0,0,0,1,,,,,,,
3,Delay T1D onset in children ≥1yr,none,no_kg,llama3.2:1b,0,8,B,1,1.0,1,1,1,1,,,,,,,
3,Delay T1D onset in children ≥1yr,none,no_kg,llama3.2:1b,1,8,C,5,0.2,0,0,1,1,,both,consistent,4.0,"The mechanistic links from the knowledge graph (e.g., Drug-8 and Drug-6) are consistent with what we know about T1D onset prevention, particularly regarding pancreatic islet cell function. Given the clear association between these drugs and T1D onset prevention in children ≥1yr, it's reasonable to consider them more likely candidates.",1.0,4.0
3,"mCRC BRAF V600E (traditional approval, was accelerated)",none,no_kg,llama3.2:1b,0,8,G,5,0.2,0,0,1,1,,both,insufficient,2.0,"KG evidence for BRAF V600E pathway, but less direct than Drug-1's link to Met-t-KIT.",0.625,2.5
3,"mCRC BRAF V600E (traditional approval, was accelerated)",none,no_kg,llama3.2:1b,1,8,E,7,0.14285714285714285,0,0,0,1,,both,insufficient,2.0,"Drug-E has some mechanistic evidence, but its link to mCRC BRAF V600E is not well established and the KG links are sparse",0.875,2.375
3,Diabetic retinopathy/DME (EMA Mar+May 2026),none,no_kg,llama3.2:1b,0,8,A,9,0.1111111111111111,0,0,0,1,,,,,,0.0,2.0
3,Diabetic retinopathy/DME (EMA Mar+May 2026),none,no_kg,llama3.2:1b,1,8,C,8,0.125,0,0,0,1,,both,insufficient,4.0,KG evidence against prior mechanistic plausibility and insufficient pathway relevance make it uncertain,0.875,2.875
3,Cerebral folate transport deficiency,none,no_kg,llama3.2:1b,0,8,D,1,1.0,1,1,1,1,,kg,conflicting,2.0,"The knowledge graph reports a weak association between Drug-7 and the target disease, which is insufficient to justify this ranking.",1.0,2.0
3,Cerebral folate transport deficiency,none,no_kg,llama3.2:1b,1,8,H,2,0.5,0,1,1,1,,both,insufficient,3.0,"Both evidence and prior knowledge are uncertain for Drug-1, but its involvement in folate transport makes it a plausible candidate",1.0,2.375
3,Heart failure (broadened),none,no_kg,llama3.2:1b,0,8,G,9,0.1111111111111111,0,0,0,0,,,,,,,
3,Heart failure (broadened),none,no_kg,llama3.2:1b,1,8,B,5,0.2,0,0,1,1,,prior,sufficient,1.0,Unclear mechanism in the knowledge graph,0.7142857142857143,2.857142857142857
3,Acquired hypofibrinogenemia in cardiovascular surgery,none,no_kg,llama3.2:1b,0,8,H,5,0.2,0,0,1,1,,both,insufficient,2.0,Drug-8 has a sparse mechanistic link and conflicting evidence with DOID 2219,0.75,2.625
3,Acquired hypofibrinogenemia in cardiovascular surgery,none,no_kg,llama3.2:1b,1,8,F,6,0.16666666666666666,0,0,0,1,,both,insufficient,1.0,The DOID:2219 knowledge graph does not provide sufficient evidence to support a clear mechanistic link between the target and disease for acquired hypofibrinogenemia in cardiovascular surgery.,0.875,2.5
3,COPD,none,no_kg,llama3.2:1b,0,8,C,1,1.0,1,1,1,1,,prior,insufficient,3.0,Evidence from the biomedical knowledge graph is sparse and inconsistent with what I know about COPD.,0.75,3.25
3,COPD,none,no_kg,llama3.2:1b,1,8,F,3,0.3333333333333333,0,1,1,1,,prior,consistent,3.0,"Drug-7's evidence is more substantial, with links to the target and pathway; Drug-8 has no mechanistic links reported, making it uncertain.",0.375,2.75
3,Chronic hepatitis B (pediatric),none,no_kg,llama3.2:1b,0,8,A,2,0.5,0,1,1,1,,prior,consistent,5.0,"The provided evidence from the knowledge graph indicates a mechanistic link between Drug-6 and chronic hepatitis B, although prior research is not mentioned.",0.75,3.5
3,Chronic hepatitis B (pediatric),none,no_kg,llama3.2:1b,1,8,B,9,0.1111111111111111,0,0,0,1,,,,,,0.6666666666666666,2.0
3,HoFH pediatric (EMA),none,no_kg,llama3.2:1b,0,8,D,5,0.2,0,0,1,1,,both,conflicting,3.0,KG evidence is sparse on pathways and disease mechanisms; my knowledge provides a more consistent view of HoFH pediatric EMA,0.6,3.2
3,HoFH pediatric (EMA),none,no_kg,llama3.2:1b,1,8,F,3,0.3333333333333333,0,1,1,1,,both,consistent,4.0,"Both knowledge graph and prior knowledge agree that Drug-8 is a potential candidate for HoFH pediatric (EMA), with consistent mechanistic links to the target pathway.",0.7142857142857143,2.857142857142857
3,HR+/HER2- breast cancer,none,no_kg,llama3.2:1b,0,8,F,9,0.1111111111111111,0,0,0,1,,,,,,0.8,2.8
3,HR+/HER2- breast cancer,none,no_kg,llama3.2:1b,1,8,B,1,1.0,1,1,1,1,,both,consistent,4.0,"KG evidence supports cell cycle regulation as a mechanistic link, and prior knowledge of HER2 inhibition is consistent with this.",0.875,2.375
3,Retinopathy of prematurity,none,no_kg,llama3.2:1b,0,8,E,9,0.1111111111111111,0,0,0,1,,,,,,0.0,3.0
3,Retinopathy of prematurity,none,no_kg,llama3.2:1b,1,8,A,1,1.0,1,1,1,1,,,,,,,
3,Agitation associated with Alzheimer's dementia,none,no_kg,llama3.2:1b,0,8,E,5,0.2,0,0,1,1,,,,,,,
3,Agitation associated with Alzheimer's dementia,none,no_kg,llama3.2:1b,1,8,D,4,0.25,0,0,1,1,,both,consistent,3.0,Both evidence and prior knowledge indicate mechanistic plausibility in Drug-3 for agitation associated with Alzheimer's dementia.,0.875,2.75
3,Heterozygous familial hypercholesterolemia,none,no_kg,llama3.2:1b,0,8,E,6,0.16666666666666666,0,0,0,1,,both,consistent,1.0,"KG provides a pathway association, and Drug-8's known effects are closely related to HFH, indicating some consistency between the evidence.",0.875,2.5
3,Heterozygous familial hypercholesterolemia,none,no_kg,llama3.2:1b,1,8,E,9,0.1111111111111111,0,0,0,1,,,,,,1.0,4.333333333333333
3,Indolent systemic mastocytosis,none,no_kg,llama3.2:1b,0,8,A,2,0.5,0,1,1,1,,,,,,,
3,Indolent systemic mastocytosis,none,no_kg,llama3.2:1b,1,8,E,9,0.1111111111111111,0,0,0,1,,,,,,,
3,Juvenile idiopathic arthritis (EMA Feb 2026),none,no_kg,llama3.2:1b,0,8,F,7,0.14285714285714285,0,0,0,1,,,,,,,
3,Juvenile idiopathic arthritis (EMA Feb 2026),none,no_kg,llama3.2:1b,1,8,C,5,0.2,0,0,1,1,,both,consistent,4.0,"The provided evidence from the biomedical knowledge graph links Drug-6 to Juvenile idiopathic arthritis, and its mechanistic plausibility is consistent with prior pharmacological knowledge.",0.625,3.5
3,Invasive fungal infections pediatric ≥2yr,none,no_kg,llama3.2:1b,0,8,H,9,0.1111111111111111,0,0,0,1,,,,,,,
3,Invasive fungal infections pediatric ≥2yr,none,no_kg,llama3.2:1b,1,8,F,2,0.5,0,1,1,1,,prior,conflicting,4.0,"Drug-5 has some evidence linking it to the target disease, but its mechanistic links are unclear; Drug-7 has little to no evidence for this pathway",0.5,4.5
3,PKU expanded to ≥12yr,none,no_kg,llama3.2:1b,0,8,H,9,0.1111111111111111,0,0,0,1,,,,,,0.5,2.5
3,PKU expanded to ≥12yr,none,no_kg,llama3.2:1b,1,8,F,6,0.16666666666666666,0,0,0,1,,prior,insufficient,1.0,"Prior knowledge is not strongly supported by evidence, making this candidate uncertain.",0.5,2.5
3,HR+/HER2-low breast cancer,none,no_kg,llama3.2:1b,0,8,E,9,0.1111111111111111,0,0,0,1,,,,,,,
3,HR+/HER2-low breast cancer,none,no_kg,llama3.2:1b,1,8,G,9,0.1111111111111111,0,0,0,1,,,,,,0.8333333333333334,3.3333333333333335
3,Spinal muscular atrophy (pediatric expansion),none,no_kg,llama3.2:1b,0,8,C,7,0.14285714285714285,0,0,0,1,,both,insufficient,1.0,No evidence or conflicting mechanisms from DoID:12377 to support the disease mechanism.,0.625,2.875
3,Spinal muscular atrophy (pediatric expansion),none,no_kg,llama3.2:1b,1,8,C,9,0.1111111111111111,0,0,0,1,,,,,,1.0,4.0
3,Chronic kidney disease,none,no_kg,llama3.2:1b,0,8,F,3,0.3333333333333333,0,1,1,1,,prior,consistent,4.0,"KG evidence for DOID:784 supports the disease association, but Drug-5's pathway is unclear without more context.",0.7142857142857143,3.0
3,Chronic kidney disease,none,no_kg,llama3.2:1b,1,8,C,1,1.0,1,1,1,1,,both,consistent,5.0,"Strong mechanistic plausibility from provided evidence, consistent with prior knowledge that it may be involved in the pathophysiology of chronic kidney disease.",0.875,2.5
3,IgE-mediated food allergy,none,no_kg,llama3.2:1b,0,8,A,6,0.16666666666666666,0,0,0,1,,prior,consistent,5.0,"Drug-1 has some evidence linking to IgE-mediated food allergy, but its mechanistic links are not well established and may be influenced by other factors.",0.625,3.375
3,IgE-mediated food allergy,none,no_kg,llama3.2:1b,1,8,B,7,0.14285714285714285,0,0,0,1,,,,,,,
3,Measles prophylaxis post-exposure,none,no_kg,llama3.2:1b,0,8,D,4,0.25,0,0,1,1,,prior,consistent,1.0,My prior knowledge indicates that Drug-1 is a potential candidate for measles prophylaxis post-exposure.,0.875,2.375
3,Measles prophylaxis post-exposure,none,no_kg,llama3.2:1b,1,8,C,1,1.0,1,1,1,1,,both,consistent,3.0,Both DOID:1227 and the target disease pathway suggest Drug-4's involvement in measles prophylaxis post-exposure.,0.625,1.875
3,CKD in T2D,none,no_kg,llama3.2:1b,0,8,G,9,0.1111111111111111,0,0,0,0,,,,,,,
3,CKD in T2D,none,no_kg,llama3.2:1b,1,8,G,6,0.16666666666666666,0,0,0,1,,,,,,,
3,dMMR recurrent/advanced endometrial cancer,none,no_kg,llama3.2:1b,0,8,A,1,1.0,1,1,1,1,,,,,,,
3,dMMR recurrent/advanced endometrial cancer,none,no_kg,llama3.2:1b,1,8,F,5,0.2,0,0,1,1,,,,,,,
3,ILD-associated pulmonary hypertension,none,no_kg,llama3.2:1b,0,8,D,9,0.1111111111111111,0,0,0,1,,,,,,,
3,ILD-associated pulmonary hypertension,none,no_kg,llama3.2:1b,1,8,F,9,0.1111111111111111,0,0,0,1,,,,,,,
3,Crohn's disease,none,no_kg,llama3.2:1b,0,8,G,2,0.5,0,1,1,1,,both,consistent,4.0,Both the biomedical knowledge graph and prior understanding of Crohn's disease indicate a plausible mechanistic link between drug-8 and target diseases,1.0,3.3333333333333335
3,Crohn's disease,none,no_kg,llama3.2:1b,1,8,C,9,0.1111111111111111,0,0,0,1,,,,,,,
3,COVID-19 in severe renal impairment/dialysis,none,no_kg,llama3.2:1b,0,8,C,4,0.25,0,0,1,1,,,,,,,
3,COVID-19 in severe renal impairment/dialysis,none,no_kg,llama3.2:1b,1,8,H,8,0.125,0,0,0,1,,,,,,,
3,MASH with fibrosis,none,no_kg,llama3.2:1b,0,8,B,8,0.125,0,0,0,1,,,,,,,
3,MASH with fibrosis,none,no_kg,llama3.2:1b,1,8,D,5,0.2,0,0,1,1,,both,insufficient,2.0,"The provided evidence from the biomedical knowledge graph is sparse on mechanistic links between DOID and drug-8, making it uncertain to rank this candidate",0.875,2.375
3,Urothelial carcinoma (expanded population),none,no_kg,llama3.2:1b,0,8,C,7,0.14285714285714285,0,0,0,1,,both,insufficient,1.0,"KG reports a mechanistic link between Drug-8 and urothelial carcinoma, but prior knowledge from another source contradicts this",0.8571428571428571,2.2857142857142856
3,Urothelial carcinoma (expanded population),none,no_kg,llama3.2:1b,1,8,H,7,0.14285714285714285,0,0,0,1,,both,insufficient,1.0,No information from the biomedical knowledge graph makes it difficult to confidently rank Drug-8 for Urothelial carcinoma.,0.8571428571428571,2.2857142857142856
3,Chronic thromboembolic pulmonary hypertension,none,no_kg,llama3.2:1b,0,8,F,6,0.16666666666666666,0,0,0,1,,,,,,,
3,Chronic thromboembolic pulmonary hypertension,none,no_kg,llama3.2:1b,1,8,E,2,0.5,0,1,1,1,,,,,,,
3,Crohn's disease,none,no_kg,llama3.2:1b,0,8,A,9,0.1111111111111111,0,0,0,1,,,,,,1.0,3.0
3,Crohn's disease,none,no_kg,llama3.2:1b,1,8,F,9,0.1111111111111111,0,0,0,1,,,,,,,
3,HoFH in children,none,no_kg,llama3.2:1b,0,8,D,7,0.14285714285714285,0,0,0,1,,both,conflicting,1.0,No evidence provided to support HoFH in children from the biomedical knowledge graph.,0.875,1.75
3,HoFH in children,none,no_kg,llama3.2:1b,1,8,A,6,0.16666666666666666,0,0,0,1,,prior,insufficient,2.0,"Its prior usage suggests an investigation, but the sparse nature of knowledge graph evidence and potential conflicts with established hypertension treatments make it uncertain.",0.875,2.125
3,First-line anemia in lower-risk MDS,none,no_kg,llama3.2:1b,0,8,D,2,0.5,0,1,1,1,,both,conflicting,2.0,"Insufficient evidence from the knowledge graph for drug-1 and drug-7. While there is some potential for anemia in MDS, the mechanistic links provided by the knowledge graph are not clear or consistent with known disease mechanisms.",0.8571428571428571,2.7142857142857144
3,First-line anemia in lower-risk MDS,none,no_kg,llama3.2:1b,1,8,E,9,0.1111111111111111,0,0,0,0,,,,,,,
3,Generalized myasthenia gravis,none,no_kg,llama3.2:1b,0,8,F,9,0.1111111111111111,0,0,0,1,,,,,,,
3,Generalized myasthenia gravis,none,no_kg,llama3.2:1b,1,8,H,6,0.16666666666666666,0,0,0,1,,prior,insufficient,1.0,The evidence from the biomedical graph is insufficient to assess a mechanistic role for Drug-8.,0.75,2.5
3,Acquired hypothalamic obesity,none,no_kg,llama3.2:1b,0,8,A,9,0.1111111111111111,0,0,0,1,,,,,,0.5714285714285714,2.0
3,Acquired hypothalamic obesity,none,no_kg,llama3.2:1b,1,8,G,5,0.2,0,0,1,1,,kg,sufficient,4.0,The knowledge graph evidence for Drug-3 provides a clear mechanistic link from the target disease,0.75,3.0
3,HR+/HER2- node-positive high-risk early breast cancer,none,no_kg,llama3.2:1b,0,8,A,2,0.5,0,1,1,1,,,,,,,
3,HR+/HER2- node-positive high-risk early breast cancer,none,no_kg,llama3.2:1b,1,8,E,9,0.1111111111111111,0,0,0,1,,,,,,1.0,5.0
3,EGPA,none,no_kg,llama3.2:1b,0,8,G,9,0.1111111111111111,0,0,0,1,,,,,,0.8,3.4
3,EGPA,none,no_kg,llama3.2:1b,1,8,A,2,0.5,0,1,1,1,,both,consistent,3.0,Both sources agree that A has a mechanism of action consistent with EGPA pathogenesis and is likely involved in its disease state,1.0,3.5
3,BRAF+ thyroid cancer,none,no_kg,llama3.2:1b,0,8,E,4,0.25,0,0,1,1,,both,conflicting,3.0,BRAF+ thyroid cancer is not primarily associated with Drug-6 or Drug-7 based on the provided evidence.,0.5714285714285714,3.142857142857143
3,BRAF+ thyroid cancer,none,no_kg,llama3.2:1b,1,8,F,9,0.1111111111111111,0,0,0,1,,,,,,,
3,Giant cell arteritis,none,no_kg,llama3.2:1b,0,8,F,7,0.14285714285714285,0,0,0,1,,,,,,,
3,Giant cell arteritis,none,no_kg,llama3.2:1b,1,8,A,7,0.14285714285714285,0,0,0,1,,both,sufficient,3.0,"Drug-8 has some mechanistic plausibility, but the knowledge graph evidence is sparse. Its involvement in Giant cell arteritis is unclear at this time.",0.8571428571428571,3.2857142857142856
3,dMMR/MSI-H primary advanced endometrial cancer,none,no_kg,llama3.2:1b,0,8,E,1,1.0,1,1,1,1,,kg,conflicting,1.0,"Sparse evidence from knowledge graph vs established pharmacological mechanisms for MSI-H, uncertain",0.75,2.75
3,dMMR/MSI-H primary advanced endometrial cancer,none,no_kg,llama3.2:1b,1,8,B,3,0.3333333333333333,0,1,1,1,,both,insufficient,1.0,"The evidence in the knowledge graph is insufficient to judge this candidate, as it lacks consistency with prior knowledge.",0.8571428571428571,1.8571428571428572
3,Polymyalgia rheumatica,none,no_kg,llama3.2:1b,0,8,E,4,0.25,0,0,1,1,,both,consistent,2.0,"Drug-8 has a consistent mechanistic link with DOID:853, and while the knowledge graph is sparse on direct evidence, prior research supports its involvement in this disease.",1.0,3.0
3,Polymyalgia rheumatica,none,no_kg,llama3.2:1b,1,8,E,1,1.0,1,1,1,1,,both,conflicting,2.0,"The evidence in the knowledge graph suggests a link between Drug-8 and Polymyalgia rheumatica, while my prior knowledge indicates its mechanistic plausibility is low. The conflicting evidence makes it uncertain for ranking.",0.875,2.875
3,Ph+ CML-CP frontline (EMA Feb 2026),none,no_kg,llama3.2:1b,0,8,E,9,0.1111111111111111,0,0,0,1,,,,,,1.0,3.0
3,Ph+ CML-CP frontline (EMA Feb 2026),none,no_kg,llama3.2:1b,1,8,E,4,0.25,0,0,1,1,,prior,insufficient,1.0,The prior strength of evidence for CML is not sufficient to rank E over D.,0.7142857142857143,1.7142857142857142
3,Allergic fungal rhinosinusitis (AFRS) ≥6yr,none,no_kg,llama3.2:1b,0,8,F,6,0.16666666666666666,0,0,0,1,,,,,,,
3,Allergic fungal rhinosinusitis (AFRS) ≥6yr,none,no_kg,llama3.2:1b,1,8,G,2,0.5,0,1,1,1,,prior,uncertain,4.0,"While G's mechanism is plausible, its uncertainty in the knowledge graph and lack of direct evidence make it less convincing than E.",0.5,3.5
3,RET-fusion NSCLC (expanded),none,no_kg,llama3.2:1b,0,8,C,9,0.1111111111111111,0,0,0,1,,,,,,,
3,RET-fusion NSCLC (expanded),none,no_kg,llama3.2:1b,1,8,A,8,0.125,0,0,0,1,,both,consistent,4.0,"Both the biomedical knowledge graph and pharmacological knowledge suggest Drug-8 could be a mechanistic link for RET-fusion NSCLC, with its potential role in signaling pathways that may contribute to disease.",0.875,4.0
3,"Crohn's disease (moderate-severe, refractory)",none,no_kg,llama3.2:1b,0,8,A,7,0.14285714285714285,0,0,0,1,,prior,consistent,5.0,"Mechanistic links suggest Drug-1's involvement in the inflammatory response, making it a more plausible candidate than Drug-6.",0.5,3.0
3,"Crohn's disease (moderate-severe, refractory)",none,no_kg,llama3.2:1b,1,8,H,7,0.14285714285714285,0,0,0,1,,prior,insufficient,2.0,Pharmacological knowledge does not provide consistent evidence for Drug-1 as a plausible candidate for Crohn's disease treatment on DOID 8778.,0.75,3.5
3,Follicular lymphoma,none,no_kg,llama3.2:1b,0,8,A,4,0.25,0,0,1,1,,prior,insufficient,4.0,"Although prior pharmacological knowledge suggests that Drug-1 is not a potential mechanistic plausibility for follicular lymphoma, evidence retrieved from the biomedical knowledge graph is insufficient to judge its ranking.",0.875,3.5
3,Follicular lymphoma,none,no_kg,llama3.2:1b,1,8,F,9,0.1111111111111111,0,0,0,1,,,,,,,
3,Atopic dermatitis,none,no_kg,llama3.2:1b,0,8,A,2,0.5,0,1,1,1,,,,,,,
3,Atopic dermatitis,none,no_kg,llama3.2:1b,1,8,F,9,0.1111111111111111,0,0,0,1,,,,,,1.0,3.0
3,1L biliary tract cancer (+gemcitabine+cisplatin),none,no_kg,llama3.2:1b,0,8,C,5,0.2,0,0,1,1,,,,,,,
3,1L biliary tract cancer (+gemcitabine+cisplatin),none,no_kg,llama3.2:1b,1,8,D,1,1.0,1,1,1,1,,both,conflicting,3.0,KG reports a pathway but prior evidence suggests Drug-1 may be more directly involved.,1.0,3.0
3,IV formulation for rheumatic diseases (EMA),none,no_kg,llama3.2:1b,0,8,A,4,0.25,0,0,1,1,,kg,consistent,4.0,Established evidence from DOID and prior knowledge of the target disease pathway,0.7142857142857143,3.142857142857143
3,IV formulation for rheumatic diseases (EMA),none,no_kg,llama3.2:1b,1,8,H,9,0.1111111111111111,0,0,0,1,,,,,,1.0,4.0
3,BRAF+ thyroid cancer,none,no_kg,llama3.2:1b,0,8,A,9,0.1111111111111111,0,0,0,1,,,,,,1.0,3.0
3,BRAF+ thyroid cancer,none,no_kg,llama3.2:1b,1,8,A,9,0.1111111111111111,0,0,0,1,,,,,,1.0,3.0
3,EGPA (expanded),none,no_kg,llama3.2:1b,0,8,D,3,0.3333333333333333,0,1,1,1,,kg,insufficient,2.0,"Drug-7 has some evidence suggesting a potential therapeutic target for EGPA (expanded), but its relevance to the disease is unclear. While drug-8 shows promise, its mechanistic plausibility is still uncertain due to sparse and conflicting evidence.",1.0,2.7142857142857144
3,EGPA (expanded),none,no_kg,llama3.2:1b,1,8,H,5,0.2,0,0,1,1,,prior,insufficient,1.0,"There is no evidence from the biomedical knowledge graph to support this candidate, reducing confidence in its plausibility.",0.625,2.25
3,Pheochromocytoma/paraganglioma,none,no_kg,llama3.2:1b,0,8,A,5,0.2,0,0,1,1,,both,insufficient,3.0,"The evidence from the biomedical knowledge graph is sparse and conflicting with our own knowledge, making it difficult to assess its plausibility.",0.75,2.5
3,Pheochromocytoma/paraganglioma,none,no_kg,llama3.2:1b,1,8,H,9,0.1111111111111111,0,0,0,1,,,,,,,
3,Pediatric atopic dermatitis,none,no_kg,llama3.2:1b,0,8,E,9,0.1111111111111111,0,0,0,1,,,,,,0.6666666666666666,3.0
3,Pediatric atopic dermatitis,none,no_kg,llama3.2:1b,1,8,C,9,0.1111111111111111,0,0,0,1,,,,,,0.75,3.5
3,MSI-H/dMMR solid tumors (full approval conversion),none,no_kg,llama3.2:1b,0,8,F,9,0.1111111111111111,0,0,0,1,,,,,,1.0,3.0
3,MSI-H/dMMR solid tumors (full approval conversion),none,no_kg,llama3.2:1b,1,8,B,8,0.125,0,0,0,1,,both,insufficient,1.0,"Evidence from the knowledge graph is sparse on Drug-1's mechanistic links, and prior knowledge suggests a role for Drug-4 in pathways related to MSI-H/dMMR but not as strongly as with Drug-2.",0.875,2.25
3,Psoriasis in children 6-11 (cream),none,no_kg,llama3.2:1b,0,8,F,9,0.1111111111111111,0,0,0,1,,,,,,1.0,3.0
3,Psoriasis in children 6-11 (cream),none,no_kg,llama3.2:1b,1,8,F,6,0.16666666666666666,0,0,0,1,,kg,insufficient,2.0,No evidence from the biomedical knowledge graph supports this drug's association with psoriasis in children 6-11. Prior pharmacological knowledge suggests that Drug-5 is more plausible.,1.0,3.0
3,Pancreatic NET,none,no_kg,llama3.2:1b,0,8,C,1,1.0,1,1,1,1,,both,conflicting,2.0,"Both the KM evidence and prior knowledge indicate conflicting mechanisms for Drug-5 (pancreatic cancer progression), making it uncertain whether this pathway is relevant to pancreatic NET.",0.875,1.875
3,Pancreatic NET,none,no_kg,llama3.2:1b,1,8,G,8,0.125,0,0,0,1,,both,consistent,4.0,"Evidence from the biomedical knowledge graph for Drug-5 shows potential pathways to pancreatic NET, but no clear mechanistic links. Both sources agree on this mechanism.",0.625,3.5
3,Ulcerative colitis,none,no_kg,llama3.2:1b,0,8,G,7,0.14285714285714285,0,0,0,1,,prior,insufficient,1.0,"Limited knowledge of this pathway, and no direct evidence linking to ulcerative colitis",0.625,3.0
3,Ulcerative colitis,none,no_kg,llama3.2:1b,1,8,G,4,0.25,0,0,1,1,,both,consistent,3.0,"Drug-8 shows potential mechanistic links to ulcerative colitis pathways, its ranking should be higher due to the provided evidence and prior knowledge.",0.75,3.25
3,Gastric/GEJ adenocarcinoma (1L +chemo),none,no_kg,llama3.2:1b,0,8,B,6,0.16666666666666666,0,0,0,1,,both,insufficient,1.0,"Drug-8 has sparse evidence agreement with DOID:3717, and the provided links do not strongly suggest a mechanistic relationship.",0.7142857142857143,1.8571428571428572
3,Gastric/GEJ adenocarcinoma (1L +chemo),none,no_kg,llama3.2:1b,1,8,A,8,0.125,0,0,0,1,,both,consistent,4.0,"The evidence from the biomedical knowledge graph supports a plausible mechanistic link, and my own pharmacological knowledge confirms it.",0.75,2.75
3,Hidradenitis suppurativa,none,no_kg,llama3.2:1b,0,8,E,9,0.1111111111111111,0,0,0,1,,,,,,1.0,2.0
3,Hidradenitis suppurativa,none,no_kg,llama3.2:1b,1,8,A,9,0.1111111111111111,0,0,0,1,,,,,,0.0,5.0
3,Biliary tract cancer,none,no_kg,llama3.2:1b,0,8,E,3,0.3333333333333333,0,1,1,1,,,,,,,
3,Biliary tract cancer,none,no_kg,llama3.2:1b,1,8,A,3,0.3333333333333333,0,1,1,1,,both,insufficient,2.0,"The evidence from the knowledge graph is insufficient to judge Drug-6, and prior knowledge may not be relevant or accurate.",1.0,2.375
3,Antibody-mediated rejection in organ transplantation,none,no_kg,llama3.2:1b,0,8,B,2,0.5,0,1,1,1,,prior,consistent,4.0,"While not directly targeting the same pathway, Drug-1 targets B cell activation and proliferation. Its mechanistic plausibility is still higher due to its targeted action.",0.42857142857142855,3.4285714285714284
3,Antibody-mediated rejection in organ transplantation,none,no_kg,llama3.2:1b,1,8,D,6,0.16666666666666666,0,0,0,1,,both,insufficient,1.0,"DD's association with MONDO:1010185 is supported by both the knowledge graph and prior knowledge, but its role in antibody-mediated rejection is unclear.",0.75,2.125
3,Neoadj+adj HNSCC,none,no_kg,llama3.2:1b,0,8,E,6,0.16666666666666666,0,0,0,1,,both,consistent,4.0,"Drug-6 has consistent evidence from the graph, including a known association with target disease pathway, but lacks prior support.",1.0,3.0
3,Neoadj+adj HNSCC,none,no_kg,llama3.2:1b,1,8,B,4,0.25,0,0,1,1,,prior,consistent,5.0,Strong prior evidence from DOID for HNSCC pathway and mechanistic links between Drug-1 and Neoadjuvant HNSCC.,0.625,3.0
3,Ulcerative colitis,none,no_kg,llama3.2:1b,0,8,A,4,0.25,0,0,1,1,,prior,insufficient,2.0,"I am uncertain about the mechanistic plausibility of Drug-3, as there is limited evidence from the knowledge graph and my own pharmacological knowledge does not provide clear insights.",0.75,3.75
3,Ulcerative colitis,none,no_kg,llama3.2:1b,1,8,G,8,0.125,0,0,0,1,,both,consistent,3.0,"KG reports a drug with a similar mechanism to DOID 8577, but prior knowledge is uncertain",0.625,3.375
3,dMMR/MSI-H primary advanced endometrial cancer (+chemo),none,no_kg,llama3.2:1b,0,8,D,1,1.0,1,1,1,1,,prior,consistent,5.0,prior knowledge of efficacy in MSI-H endometrial cancer supports this candidate,0.0,5.0
3,dMMR/MSI-H primary advanced endometrial cancer (+chemo),none,no_kg,llama3.2:1b,1,8,F,9,0.1111111111111111,0,0,0,1,,,,,,1.0,4.0
3,GVHD + pediatric,none,no_kg,llama3.2:1b,0,8,G,3,0.3333333333333333,0,1,1,1,,both,consistent,5.0,Our own pharmacological knowledge is stronger and more relevant to this disease than the KG provides mechanistic links for GVHD in pediatric cases. KG also lacks necessary information to confirm Drug-4's relevance.,0.6666666666666666,3.6666666666666665
3,GVHD + pediatric,none,no_kg,llama3.2:1b,1,8,A,2,0.5,0,1,1,1,,,,,,,
3,Gastric/GEJ adenocarcinoma,none,no_kg,llama3.2:1b,0,8,G,2,0.5,0,1,1,1,,prior,inconsistent,2.0,"Prior knowledge indicates the target is more likely involved in apoptosis, whereas KG evidence suggests cell proliferation.",0.5,2.5
3,Gastric/GEJ adenocarcinoma,none,no_kg,llama3.2:1b,1,8,G,9,0.1111111111111111,0,0,0,1,,,,,,0.0,3.0
3,COPD (EMA 2025),none,no_kg,llama3.2:1b,0,8,B,9,0.1111111111111111,0,0,0,0,,,,,,,
3,COPD (EMA 2025),none,no_kg,llama3.2:1b,1,8,E,7,0.14285714285714285,0,0,0,1,,,,,,,
3,RAS wild-type HER2+ metastatic colorectal cancer,none,no_kg,llama3.2:1b,0,8,F,5,0.2,0,0,1,1,,,,,,,
3,RAS wild-type HER2+ metastatic colorectal cancer,none,no_kg,llama3.2:1b,1,8,H,9,0.1111111111111111,0,0,0,1,,,,,,1.0,4.0
3,Primary immunodeficiency pediatric (EMA),none,no_kg,llama3.2:1b,0,8,D,2,0.5,0,1,1,1,,kg,conflicting,3.0,"KG evidence suggests a link to immune system, but prior knowledge is lacking; further research is needed",0.7142857142857143,3.142857142857143
3,Primary immunodeficiency pediatric (EMA),none,no_kg,llama3.2:1b,1,8,B,9,0.1111111111111111,0,0,0,1,,,,,,,
3,BRAF V600E metastatic NSCLC,none,no_kg,llama3.2:1b,0,8,H,9,0.1111111111111111,0,0,0,1,,,,,,0.6666666666666666,3.0
3,BRAF V600E metastatic NSCLC,none,no_kg,llama3.2:1b,1,8,H,5,0.2,0,0,1,1,,both,insufficient,3.0,"Both evidence and knowledge graph associations are present, but prior association is uncertain for Drug-7.",0.8333333333333334,3.0
3,CRSwNP (eosinophilic chronic rhinosinusitis with nasal polyps),none,no_kg,llama3.2:1b,0,8,G,7,0.14285714285714285,0,0,0,1,,both,insufficient,2.0,The evidence from the knowledge graph and prior knowledge are insufficient to assess a mechanistic plausibility for Drug-8 (IL-13Rα1).,0.8571428571428571,3.4285714285714284
3,CRSwNP (eosinophilic chronic rhinosinusitis with nasal polyps),none,no_kg,llama3.2:1b,1,8,H,6,0.16666666666666666,0,0,0,1,,both,consistent,3.0,Both show mechanistic links to CRSwNP from the knowledge graph and my own knowledge of pharmacology.,0.5714285714285714,3.2857142857142856
3,Pediatric glioma (EMA),none,no_kg,llama3.2:1b,0,8,H,9,0.1111111111111111,0,0,0,1,,,,,,0.0,2.0
3,Pediatric glioma (EMA),none,no_kg,llama3.2:1b,1,8,G,1,1.0,1,1,1,1,,both,consistent,5.0,"The provided links show a clear mechanistic pathway for Drug-3 to inhibit tumor growth, with robust evidence from clinical trials supporting its use in pediatric glioma patients.",1.0,4.25
3,Primary humoral immunodeficiency pediatric 2-11yr,none,no_kg,llama3.2:1b,0,8,H,9,0.1111111111111111,0,0,0,1,,,,,,1.0,2.0
3,Primary humoral immunodeficiency pediatric 2-11yr,none,no_kg,llama3.2:1b,1,8,F,9,0.1111111111111111,0,0,0,1,,,,,,,
3,"ALK+ solid tumors (tissue-agnostic, world-first)",none,no_kg,llama3.2:1b,0,8,D,1,1.0,1,1,1,1,,both,consistent,4.0,"The KG reports evidence for Drug-2 and Drug-8 in ALK+ solid tumors, suggesting a potential mechanistic link. However, our own knowledge is more limited to these two candidates, which are not supported by other evidence.",1.0,4.0
3,"ALK+ solid tumors (tissue-agnostic, world-first)",none,no_kg,llama3.2:1b,1,8,F,5,0.2,0,0,1,1,,both,insufficient,1.0,"Unclear prior evidence agreement, and the link from Drug-6 to ALK+ solid tumors is uncertain.",0.75,1.375
3,Primary mediastinal large B-cell lymphoma,none,no_kg,llama3.2:1b,0,8,H,9,0.1111111111111111,0,0,0,1,,,,,,0.8,2.2
3,Primary mediastinal large B-cell lymphoma,none,no_kg,llama3.2:1b,1,8,F,7,0.14285714285714285,0,0,0,1,,both,insufficient,1.0,I have no knowledge of Drug-6 that directly relates to Primary mediastinal large B-cell lymphoma (DOID:0080210).,1.0,2.125
3,HR+/HER2- metastatic breast cancer,none,no_kg,llama3.2:1b,0,8,G,9,0.1111111111111111,0,0,0,1,,,,,,,
3,HR+/HER2- metastatic breast cancer,none,no_kg,llama3.2:1b,1,8,B,3,0.3333333333333333,0,1,1,1,,both,conflicting,2.0,"KG evidence is sparse, and the prior mechanistic knowledge does not strongly support this association.",0.875,2.5
3,HER2+ early-stage BC (neoadjuvant + adjuvant),none,no_kg,llama3.2:1b,0,8,D,9,0.1111111111111111,0,0,0,1,,,,,,1.0,2.4285714285714284
3,HER2+ early-stage BC (neoadjuvant + adjuvant),none,no_kg,llama3.2:1b,1,8,A,2,0.5,0,1,1,1,,,,,,,
3,"Pediatric low-grade glioma (+dabrafenib, BRAF V600E)",none,no_kg,llama3.2:1b,0,8,D,3,0.3333333333333333,0,1,1,1,,both,consistent,4.0,"Drug-6's target is BRAF V600E, but its lack of direct connections to the disease pathway and uncertain evidence agreement make it less plausible.",0.75,2.375
3,"Pediatric low-grade glioma (+dabrafenib, BRAF V600E)",none,no_kg,llama3.2:1b,1,8,G,1,1.0,1,1,1,1,,prior,consistent,5.0,"The knowledge graph reports a clear mechanistic link from Drug-6 to the target pathway (+dabrafenib, BRAF V600E), which is supported by multiple lines of evidence. In contrast, the evidence for Drug-1 and Drug-3 are inconsistent or uncertain.",0.625,2.875
3,mHSPC + ADT,none,no_kg,llama3.2:1b,0,8,B,7,0.14285714285714285,0,0,0,1,,both,conflicting,2.0,Evidence from the DOID report conflicts with mechanistic links in the knowledge graph for Drug-8.,0.42857142857142855,3.4285714285714284
3,mHSPC + ADT,none,no_kg,llama3.2:1b,1,8,G,9,0.1111111111111111,0,0,0,1,,,,,,1.0,5.0
3,Pediatric BRAF V600E low-grade glioma,none,no_kg,llama3.2:1b,0,8,F,8,0.125,0,0,0,1,,both,insufficient,2.0,,1.0,3.0
3,Pediatric BRAF V600E low-grade glioma,none,no_kg,llama3.2:1b,1,8,E,5,0.2,0,0,1,1,,both,consistent,4.0,Known to inhibit BRAF V600E pathway; no conflict from KG,0.625,2.125
3,HER2-mutant NSCLC (EMA),none,no_kg,llama3.2:1b,0,8,B,9,0.1111111111111111,0,0,0,1,,,,,,1.0,2.6666666666666665
3,HER2-mutant NSCLC (EMA),none,no_kg,llama3.2:1b,1,8,H,9,0.1111111111111111,0,0,0,1,,,,,,0.0,5.0
3,Ph+ CML-CP after 2+ TKIs,none,no_kg,llama3.2:1b,0,8,G,6,0.16666666666666666,0,0,0,1,,,,,,,
3,Ph+ CML-CP after 2+ TKIs,none,no_kg,llama3.2:1b,1,8,G,3,0.3333333333333333,0,1,1,1,,,,,,,
3,HR+/HER2- metastatic breast cancer,none,no_kg,llama3.2:1b,0,8,C,7,0.14285714285714285,0,0,0,1,,,,,,,
3,HR+/HER2- metastatic breast cancer,none,no_kg,llama3.2:1b,1,8,F,6,0.16666666666666666,0,0,0,1,,both,insufficient,1.0,"Insufficient evidence from `Drug-3` and `Drug-4`, with sparse links in the graph suggesting a need for further investigation",0.75,1.25
3,HER2-mutant NSCLC (PMDA),none,no_kg,llama3.2:1b,0,8,D,6,0.16666666666666666,0,0,0,1,,both,insufficient,3.0,"Both prior knowledge and KG evidence are limited on Drug-4, making its mechanistic plausibility uncertain.",0.75,3.625
3,HER2-mutant NSCLC (PMDA),none,no_kg,llama3.2:1b,1,8,C,7,0.14285714285714285,0,0,0,1,,kg,insufficient,2.0,"Evidence from the biomedical knowledge graph reports mechanistic links between Drug-6 and Drug-8 as potential treatments for HER2-mutant NSCLC (PMDA), but these links are inconsistent.",1.0,3.75
3,Follicular lymphoma (+obinutuzumab),none,no_kg,llama3.2:1b,0,8,A,9,0.1111111111111111,0,0,0,1,,,,,,0.8571428571428571,2.0
3,Follicular lymphoma (+obinutuzumab),none,no_kg,llama3.2:1b,1,8,C,9,0.1111111111111111,0,0,0,1,,,,,,0.8,3.4
3,Platinum-resistant ovarian carcinoma (PD-L1+ CPS≥1),none,no_kg,llama3.2:1b,0,8,A,2,0.5,0,1,1,1,,,,,,,
3,Platinum-resistant ovarian carcinoma (PD-L1+ CPS≥1),none,no_kg,llama3.2:1b,1,8,D,9,0.1111111111111111,0,0,0,1,,,,,,1.0,3.0
3,Resectable gastric/GEJ adenocarcinoma (neoadj+adj +FLOT),none,no_kg,llama3.2:1b,0,8,G,9,0.1111111111111111,0,0,0,1,,,,,,0.75,2.5
3,Resectable gastric/GEJ adenocarcinoma (neoadj+adj +FLOT),none,no_kg,llama3.2:1b,1,8,D,1,1.0,1,1,1,1,,kg,conflicting,3.0,"KG evidence suggests drug works in the pathway, but prior knowledge indicates it may have been less studied or more complex.",1.0,3.0
3,Advanced RCC after PD-1/PD-L1 + VEGF-TKI,none,no_kg,llama3.2:1b,0,8,C,9,0.1111111111111111,0,0,0,1,,,,,,1.0,3.0
3,Advanced RCC after PD-1/PD-L1 + VEGF-TKI,none,no_kg,llama3.2:1b,1,8,A,8,0.125,0,0,0,1,,both,insufficient,1.0,"There are no direct mechanistic links between Drug-8 and RCC, particularly in the context of PD-1/PD-L1 + VEGF-TKI.",0.875,2.5
3,HER2+ solid tumors (tumor-agnostic),none,no_kg,llama3.2:1b,0,8,B,4,0.25,0,0,1,1,,both,insufficient,2.0,"KG evidence is sparse, prior knowledge of treatment association with HER2+ is uncertain",0.7142857142857143,3.2857142857142856
3,HER2+ solid tumors (tumor-agnostic),none,no_kg,llama3.2:1b,1,8,E,2,0.5,0,1,1,1,,both,consistent,4.0,"Similar to Drug-8, both the knowledge graph and prior research suggest that Drug-5 is a plausible treatment for HER2+ solid tumors through pathways like PI3K/AKT.",0.7142857142857143,2.857142857142857
3,HR+/HER2- early breast cancer (adjuvant),none,no_kg,llama3.2:1b,0,8,D,3,0.3333333333333333,0,1,1,1,,both,insufficient,1.0,"The evidence linking Drug-8 to both pathways associated with HR+/HER2- early breast cancer is insufficient, and no additional information was provided.",1.0,2.5
3,HR+/HER2- early breast cancer (adjuvant),none,no_kg,llama3.2:1b,1,8,A,4,0.25,0,0,1,1,,both,insufficient,3.0,"The DOID:1612 link is too sparse to warrant ranking, and the provided evidence does not consider other mechanistic links.",0.875,3.375
3,Chronic lymphocytic leukemia,none,no_kg,llama3.2:1b,0,8,D,1,1.0,1,1,1,1,,kg,consistent,3.0,"Multiple pathways in the knowledge graph directly link to DOID:1040, and Drug-4 is the most consistent with this evidence.",1.0,3.0
3,Chronic lymphocytic leukemia,none,no_kg,llama3.2:1b,1,8,G,7,0.14285714285714285,0,0,0,1,,both,consistent,3.0,"Both provided evidence and prior knowledge suggest Drug-8 has some mechanistic plausibility, but its links to DOID:1040 are not strong.",0.8571428571428571,3.142857142857143
3,Unresectable thymic carcinoma (PMDA),none,no_kg,llama3.2:1b,0,8,H,8,0.125,0,0,0,1,,both,insufficient,1.0,Uncertain evidence from the knowledge graph on Drug-7's relationship to PMDA.,0.625,2.375
3,Unresectable thymic carcinoma (PMDA),none,no_kg,llama3.2:1b,1,8,G,8,0.125,0,0,0,1,,,,,,,
3,IDH1-mutated relapsed/refractory MDS,none,no_kg,llama3.2:1b,0,8,A,9,0.1111111111111111,0,0,0,1,,,,,,1.0,3.0
3,IDH1-mutated relapsed/refractory MDS,none,no_kg,llama3.2:1b,1,8,F,4,0.25,0,0,1,1,,both,consistent,4.0,"Several IDH1-mutated MDS drugs are already being explored, and the pathways involved (e.g., PI3K/AKT/mTOR) are well-characterized.",0.75,3.625
3,Metastatic colorectal cancer,none,no_kg,llama3.2:1b,0,8,E,2,0.5,0,1,1,1,,both,insufficient,3.0,"The DOID evidence from the biomedical knowledge graph is sparse, and while Drug-1 has some related annotations, they are not consistent with the target disease.",0.6666666666666666,2.6666666666666665
3,Metastatic colorectal cancer,none,no_kg,llama3.2:1b,1,8,G,9,0.1111111111111111,0,0,0,0,,,,,,,
3,Agitation associated with Alzheimer's dementia,primekg,kg,llama3.2:1b,0,8,A,3,0.3333333333333333,0,1,1,1,,both,consistent,4.0,"Drug-8 targets multiple genes involved in neurodegenerative diseases, and the knowledge graph reports an association between ADRA1B, a drug target for ADHD. Furthermore, some of these genes have been linked to Alzheimer's disease susceptibility.",0.875,2.25
3,Agitation associated with Alzheimer's dementia,primekg,kg,llama3.2:1b,1,8,H,9,0.1111111111111111,0,0,0,0,,,,,,,
3,LDL-C elevation in statin-intolerant dyslipidemia,primekg,kg,llama3.2:1b,0,8,E,1,1.0,1,1,1,1,,kg,conflicting,3.0,"The evidence for Drug-8's mechanistic plausibility is weak compared to other candidates. However, it shows a connection between HTR1D and LDL-C elevation.",1.0,3.875
3,LDL-C elevation in statin-intolerant dyslipidemia,primekg,kg,llama3.2:1b,1,8,G,4,0.25,0,0,1,1,,,,,,,
3,First-line anemia in lower-risk MDS,primekg,kg,llama3.2:1b,0,8,D,1,1.0,1,1,1,1,,both,consistent,4.0,Both Drug-5 and Drug-8 have evidence from the knowledge graph that suggests potential mechanistic plausibility for first-line anemia in lower-risk MDS.,1.0,4.0
3,First-line anemia in lower-risk MDS,primekg,kg,llama3.2:1b,1,8,E,5,0.2,0,0,1,1,,,,,,,
3,Palmoplantar pustulosis (PMDA),primekg,kg,llama3.2:1b,0,8,G,8,0.125,0,0,0,1,,both,consistent,3.0,"Drug-8 targets IL23A, which is associated with PMDA. This suggests a plausible mechanistic link.",1.0,3.125
3,Palmoplantar pustulosis (PMDA),primekg,kg,llama3.2:1b,1,8,A,9,0.1111111111111111,0,0,0,1,,,,,,0.8571428571428571,2.4285714285714284
3,Acute HCV pediatric,primekg,kg,llama3.2:1b,0,8,H,9,0.1111111111111111,0,0,0,0,,,,,,,
3,Acute HCV pediatric,primekg,kg,llama3.2:1b,1,8,D,1,1.0,1,1,1,1,,both,consistent,5.0,"Evidence from multiple pathways (CYP3A43, SLCO1B3) and a broad target (SLC22A6) supports Drug-8 as a plausible candidate.",1.0,5.0
3,Oral tablet formulation for weight management,primekg,kg,llama3.2:1b,0,8,C,7,0.14285714285714285,0,0,0,1,,both,consistent,5.0,"The provided knowledge graph evidence on GLP1R and DPP4 is consistent with my own pharmacological knowledge, which suggests that this candidate may have mechanistic plausibility.",1.0,3.75
3,Oral tablet formulation for weight management,primekg,kg,llama3.2:1b,1,8,G,6,0.16666666666666666,0,0,0,1,,both,insufficient,2.0,"Drug-8 targets genes involved in various metabolic pathways (AMY1C, GLP1R, DPP4), but the specific role in weight management is unclear and requires more research.",0.8571428571428571,2.857142857142857
3,Nephrotic syndrome,primekg,kg,llama3.2:1b,0,8,D,8,0.125,0,0,0,1,,prior,consistent,4.0,The provided evidence from DOID supports this ranking as the most plausible candidate.,0.125,4.375
3,Nephrotic syndrome,primekg,kg,llama3.2:1b,1,8,A,9,0.1111111111111111,0,0,0,1,,,,,,1.0,4.0
3,KRAS G12C+ mCRC,primekg,kg,llama3.2:1b,0,8,E,6,0.16666666666666666,0,0,0,1,,,,,,,
3,KRAS G12C+ mCRC,primekg,kg,llama3.2:1b,1,8,G,6,0.16666666666666666,0,0,0,1,,both,consistent,3.0,"The provided knowledge graph evidence for Drug-2 targets ACHE, TF, BCHE, ALB is consistent with the target disease KRAS G12C+ mCRC. However, no associations were found between these drugs and other relevant targets in the knowledge graph.",1.0,2.3333333333333335
3,Retinal vein occlusion,primekg,kg,llama3.2:1b,0,8,B,4,0.25,0,0,1,1,,both,conflicting,2.0,"The knowledge graph reports an association between Drug-8 and VEGFA, but my own pharmacological knowledge does not confirm this. However, it also shows associations with other genes like F5 and ITGA2, which are more consistently supported by the evidence.",0.6666666666666666,2.6666666666666665
3,Retinal vein occlusion,primekg,kg,llama3.2:1b,1,8,F,9,0.1111111111111111,0,0,0,1,,,,,,1.0,2.0
3,TRD monotherapy,primekg,kg,llama3.2:1b,0,8,E,3,0.3333333333333333,0,1,1,1,,both,conflicting,3.0,"The provided knowledge graph does not suggest any association between Drug-8 and TRD monotherapy. The evidence for DR-7's SLCO2A1, SLCO1B3, etc., is more suggestive of its own target, SLCO1A2.",1.0,3.6666666666666665
3,TRD monotherapy,primekg,kg,llama3.2:1b,1,8,G,5,0.2,0,0,1,1,,both,insufficient,2.0,"Drug-6 targets GNRHR, which is associated with TRD monotherapy. However, the evidence for Drug-6's association with anxiety disorder and genetic nervous system disorder is weak.",1.0,2.6666666666666665
3,Reduce MACE in CVD + obesity/overweight,primekg,kg,llama3.2:1b,0,8,C,1,1.0,1,1,1,1,,both,consistent,4.0,The provided knowledge graph evidence is consistent with my own pharmacological knowledge regarding the targets of Drug-8 (AMY1C; GLP1R; DPP4; MME; LPL; ALB). The mechanistic links from the knowledge graph to DOID:1287 are plausible and supported by prior evidence,0.8571428571428571,3.5714285714285716
3,Reduce MACE in CVD + obesity/overweight,primekg,kg,llama3.2:1b,1,8,B,9,0.1111111111111111,0,0,0,0,,,,,,,
3,Indolent systemic mastocytosis (EMA),primekg,kg,llama3.2:1b,0,8,E,9,0.1111111111111111,0,0,0,1,,,,,,1.0,5.0
3,Indolent systemic mastocytosis (EMA),primekg,kg,llama3.2:1b,1,8,B,8,0.125,0,0,0,1,,,,,,,
3,IgG4-related disease,primekg,kg,llama3.2:1b,0,8,E,4,0.25,0,0,1,1,,both,conflicting,3.0,"The knowledge graph provides evidence for Drug-8's target, but the mechanisms are unclear. Additionally, Drug-4 is a known target of multiple drugs in this disease.",1.0,2.5
3,IgG4-related disease,primekg,kg,llama3.2:1b,1,8,D,1,1.0,1,1,1,1,,prior,conflicting,3.0,"The provided evidence from the knowledge graph is sparse on direct mechanistic links between TAAR1 and IgG4-related disease, but my own knowledge suggests a potential role for TAAR1 in various inflammatory processes, which may be relevant to IgG4-related diseases.",0.0,3.0
3,COVID-19 (expanded population),primekg,kg,llama3.2:1b,0,8,C,2,0.5,0,1,1,1,,prior,uncertain,3.0,Limited evidence from the knowledge graph against Middle East respiratory syndrome,0.5,4.0
3,COVID-19 (expanded population),primekg,kg,llama3.2:1b,1,8,G,6,0.16666666666666666,0,0,0,1,,both,consistent,4.0,"Drug profile supports potential mechanistic links to ALPG, GPX1, CAT for COVID-19 (expanded population), but DOID evidence is insufficient.",0.8571428571428571,3.5714285714285716
3,Obstructive sleep apnea with obesity,primekg,kg,llama3.2:1b,0,8,C,3,0.3333333333333333,0,1,1,1,,both,consistent,5.0,Well-established links to multiple targets and disease pathways,0.5,3.875
3,Obstructive sleep apnea with obesity,primekg,kg,llama3.2:1b,1,8,B,8,0.125,0,0,0,1,,both,insufficient,3.0,KG evidence for gene SERPINA6 is unclear; prior knowledge of the disease is not sufficient to make a confident ranking.,0.875,3.125
3,Biliary tract cancer 1L,primekg,kg,llama3.2:1b,0,8,D,2,0.5,0,1,1,1,,both,insufficient,5.0,"KG reports some associations with GABRQ and ERBB2, but these are not directly mechanistic links to the target genes.",0.8571428571428571,4.142857142857143
3,Biliary tract cancer 1L,primekg,kg,llama3.2:1b,1,8,E,4,0.25,0,0,1,1,,both,consistent,2.0,"The knowledge graph reports evidence for Drug-8's target CD274, which is associated with cancer and the disease profile includes biliary tract neoplasm. Furthermore, the targets of Drug-4 have some overlap with those reported in the knowledge graph, suggesting a possible interaction.",0.5,3.0
3,Retinal vein occlusion,primekg,kg,llama3.2:1b,0,8,A,5,0.2,0,0,1,1,,,,,,,
3,Retinal vein occlusion,primekg,kg,llama3.2:1b,1,8,G,9,0.1111111111111111,0,0,0,1,,,,,,1.0,5.0
3,Chorea associated with Huntington's disease,primekg,kg,llama3.2:1b,0,8,E,2,0.5,0,1,1,1,,both,conflicting,2.0,"The knowledge graph evidence suggests that Gene Expression and the drug's effects on various receptors are relevant to Huntington's disease, but it does not provide clear mechanistic plausibility.",0.8571428571428571,1.4285714285714286
3,Chorea associated with Huntington's disease,primekg,kg,llama3.2:1b,1,8,F,3,0.3333333333333333,0,1,1,1,,both,consistent,4.0,"The provided Drug-2 profile provides evidence for ALB and drug-5 targets CYP2C19, CYP2C9, and CYP3A4. The knowledge graph reports associations with DOID:12858 target genes NRSN1, GAL, DIABLO, GDNF, GAP43, FAAH, IP6K2, SLC29A1, and Huntington disease-related disorders.",0.7142857142857143,3.2857142857142856
3,High LDL-C with increased CV risk (expanded),primekg,kg,llama3.2:1b,0,8,C,9,0.1111111111111111,0,0,0,1,,,,,,1.0,2.0
3,High LDL-C with increased CV risk (expanded),primekg,kg,llama3.2:1b,1,8,D,6,0.16666666666666666,0,0,0,1,,both,consistent,5.0,"Drug-8 targets PCSK9, which is a well-established mechanism for lowering LDL-C. While it also affects other pathways like cholesterol efflux, its direct impact on CV risk is more indirect.",1.0,3.75
3,Polycythaemia vera and essential thrombocytopenia,primekg,kg,llama3.2:1b,0,8,E,2,0.5,0,1,1,1,,both,conflicting,2.0,"The knowledge graph reports associations for Drug-1 and Drug-7, but the evidence linking these drugs to the target disease is conflicting. However, Drug-8 targets JAK3, which is involved in signaling pathways that regulate erythropoiesis.",1.0,3.375
3,Polycythaemia vera and essential thrombocytopenia,primekg,kg,llama3.2:1b,1,8,B,9,0.1111111111111111,0,0,0,1,,,,,,0.5,4.0
3,Schnitzler syndrome (Japan),primekg,kg,llama3.2:1b,0,8,E,3,0.3333333333333333,0,1,1,1,,,,,,,
3,Schnitzler syndrome (Japan),primekg,kg,llama3.2:1b,1,8,E,9,0.1111111111111111,0,0,0,1,,,,,,1.0,3.0
3,COVID-19 updated strain,primekg,kg,llama3.2:1b,0,8,C,9,0.1111111111111111,0,0,0,1,,,,,,1.0,1.0
3,COVID-19 updated strain,primekg,kg,llama3.2:1b,1,8,A,9,0.1111111111111111,0,0,0,0,,,,,,,
3,Delay T1D onset in children ≥1yr,primekg,kg,llama3.2:1b,0,8,E,9,0.1111111111111111,0,0,0,0,,,,,,,
3,Delay T1D onset in children ≥1yr,primekg,kg,llama3.2:1b,1,8,D,9,0.1111111111111111,0,0,0,1,,,,,,0.6666666666666666,3.0
3,"mCRC BRAF V600E (traditional approval, was accelerated)",primekg,kg,llama3.2:1b,0,8,C,9,0.1111111111111111,0,0,0,1,,,,,,1.0,3.5
3,"mCRC BRAF V600E (traditional approval, was accelerated)",primekg,kg,llama3.2:1b,1,8,B,9,0.1111111111111111,0,0,0,1,,,,,,1.0,5.0
3,Diabetic retinopathy/DME (EMA Mar+May 2026),primekg,kg,llama3.2:1b,0,8,G,4,0.25,0,0,1,1,,,,,,,
3,Diabetic retinopathy/DME (EMA Mar+May 2026),primekg,kg,llama3.2:1b,1,8,H,7,0.14285714285714285,0,0,0,1,,both,insufficient,4.0,The mechanistic links to VEGFA are weakly supported in the knowledge graph and require further investigation.,0.5714285714285714,3.7142857142857144
3,Cerebral folate transport deficiency,primekg,kg,llama3.2:1b,0,8,H,9,0.1111111111111111,0,0,0,1,,,,,,1.0,4.0
3,Cerebral folate transport deficiency,primekg,kg,llama3.2:1b,1,8,E,4,0.25,0,0,1,1,,prior,insufficient,2.0,"While Drug-1 targets several genes involved in folate metabolism and transport, the specific pathways and mechanisms are not well-defined.",0.8571428571428571,2.5714285714285716
3,Heart failure (broadened),primekg,kg,llama3.2:1b,0,8,E,4,0.25,0,0,1,1,,both,consistent,5.0,"The mechanistic links from the knowledge graph show associations with CYP2A6 (Drug-4), CYP1A1, and CYP2C9. The provided evidence for Drug-4 targets UGT2B7, CYP2A6, CYP1A1, CYP2C9 is consistent with this mechanistic link.",0.8571428571428571,4.285714285714286
3,Heart failure (broadened),primekg,kg,llama3.2:1b,1,8,E,6,0.16666666666666666,0,0,0,1,,,,,,,
3,Acquired hypofibrinogenemia in cardiovascular surgery,primekg,kg,llama3.2:1b,0,8,A,2,0.5,0,1,1,1,,both,conflicting,2.0,"The DOID:2219 profile reports ITGA2B and ITGB3 as associated genes, but Drug-1 targets CHRNA6, which is not listed in the DOID:2219 profile. This conflict makes it uncertain to rank candidate A.",1.0,3.125
3,Acquired hypofibrinogenemia in cardiovascular surgery,primekg,kg,llama3.2:1b,1,8,C,6,0.16666666666666666,0,0,0,1,,both,consistent,4.0,"The evidence from the knowledge graph provides consistent mechanistic links to the target disease Acquired hypofibrinogenemia in cardiovascular surgery, and Drug-7 targets multiple genes associated with the condition.",1.0,3.75
3,COPD,primekg,kg,llama3.2:1b,0,8,G,6,0.16666666666666666,0,0,0,1,,,,,,,
3,COPD,primekg,kg,llama3.2:1b,1,8,D,1,1.0,1,1,1,1,,both,consistent,4.0,"The mechanistic evidence for COPD is robust and consistent across multiple sources. The association between PTGS1/CYP3A7/PTGS2 and PTGS1 supports the role of this pathway in COPD,",1.0,4.0
3,Chronic hepatitis B (pediatric),primekg,kg,llama3.2:1b,0,8,F,9,0.1111111111111111,0,0,0,1,,,,,,0.8333333333333334,3.8333333333333335
3,Chronic hepatitis B (pediatric),primekg,kg,llama3.2:1b,1,8,E,9,0.1111111111111111,0,0,0,1,,,,,,1.0,2.0
3,HoFH pediatric (EMA),primekg,kg,llama3.2:1b,0,8,C,9,0.1111111111111111,0,0,0,1,,,,,,1.0,3.7142857142857144
3,HoFH pediatric (EMA),primekg,kg,llama3.2:1b,1,8,H,9,0.1111111111111111,0,0,0,1,,,,,,0.0,3.0
3,HR+/HER2- breast cancer,primekg,kg,llama3.2:1b,0,8,C,9,0.1111111111111111,0,0,0,1,,,,,,,
3,HR+/HER2- breast cancer,primekg,kg,llama3.2:1b,1,8,C,2,0.5,0,1,1,1,,both,consistent,4.0,"Drug-3 targets genes that can influence CYP expression, and the provided knowledge graph supports a plausible link to breast cancer. The evidence is consistent with this.",0.875,2.0
3,Retinopathy of prematurity,primekg,kg,llama3.2:1b,0,8,A,9,0.1111111111111111,0,0,0,1,,,,,,0.8571428571428571,3.857142857142857
3,Retinopathy of prematurity,primekg,kg,llama3.2:1b,1,8,B,7,0.14285714285714285,0,0,0,1,,both,insufficient,2.0,"It targets PGF and VEGFB, but its mechanisms are unclear.",0.625,2.25
3,Agitation associated with Alzheimer's dementia,primekg,kg,llama3.2:1b,0,8,D,1,1.0,1,1,1,1,,both,consistent,5.0,"Both knowledge-graph evidence and prior knowledge agree on Drug-8's association with tauopathy, Alzheimer disease, susceptibility to dementia, familial early-onset Alzheimer disease, genetic dementia, inherited neurodegenerative disorder, inherited disease susceptibility, and dementia. These associations are mechanistically plausible given the connections between these genes and Alzheimer's disease.",1.0,5.0
3,Agitation associated with Alzheimer's dementia,primekg,kg,llama3.2:1b,1,8,H,7,0.14285714285714285,0,0,0,1,,both,conflicting,2.0,"The evidence from the knowledge graph is conflicting for UGT2B17 and UGT2B4 targets (Drug-3), which are not mentioned in the pharmacological profile.",0.8571428571428571,3.7142857142857144
3,Heterozygous familial hypercholesterolemia,primekg,kg,llama3.2:1b,0,8,B,9,0.1111111111111111,0,0,0,1,,,,,,1.0,3.0
3,Heterozygous familial hypercholesterolemia,primekg,kg,llama3.2:1b,1,8,H,7,0.14285714285714285,0,0,0,1,,both,,3.0,"Drug-2 targets CYP2C9 and ALB; Drug-5 targets PCSK9, which may be relevant to cholesterol metabolism.",1.0,2.7142857142857144
3,Indolent systemic mastocytosis,primekg,kg,llama3.2:1b,0,8,A,9,0.1111111111111111,0,0,0,1,,,,,,1.0,2.0
3,Indolent systemic mastocytosis,primekg,kg,llama3.2:1b,1,8,A,9,0.1111111111111111,0,0,0,1,,,,,,1.0,3.0
3,Juvenile idiopathic arthritis (EMA Feb 2026),primekg,kg,llama3.2:1b,0,8,C,5,0.2,0,0,1,1,,both,insufficient,2.0,"The knowledge graph evidence is sparse, and the associations are weak. While prior pharmacological knowledge suggests Drug-8 might be a suitable candidate, this is not supported by substantial evidence.",1.0,2.75
3,Juvenile idiopathic arthritis (EMA Feb 2026),primekg,kg,llama3.2:1b,1,8,F,6,0.16666666666666666,0,0,0,1,,kg,insufficient,2.0,"The evidence from the knowledge graph is sparse, and there are no consistent mechanistic links between Drug-4 and Juvenile idiopathic arthritis.",0.875,3.0
3,Invasive fungal infections pediatric ≥2yr,primekg,kg,llama3.2:1b,0,8,B,6,0.16666666666666666,0,0,0,1,,both,insufficient,3.0,We do not have enough information to assess the mechanistic plausibility of Drug-5 for this disease. Our pharmacological knowledge does not provide any relevant information about its potential association with invasive fungal infections in pediatric ≥2yr.,0.875,3.375
3,Invasive fungal infections pediatric ≥2yr,primekg,kg,llama3.2:1b,1,8,H,9,0.1111111111111111,0,0,0,1,,,,,,,
3,PKU expanded to ≥12yr,primekg,kg,llama3.2:1b,0,8,A,2,0.5,0,1,1,1,,kg,insufficient,4.0,"While its targets are not directly associated with PKU, its action on CYP19A1 and ABCB1 is plausible in a broader metabolic context.",1.0,2.5
3,PKU expanded to ≥12yr,primekg,kg,llama3.2:1b,1,8,E,6,0.16666666666666666,0,0,0,1,,both,consistent,4.0,"Drug-5 targets ADRA1D, ADRA1B, ADRB1, ADRA1A, COMT, ADRB2, and ESR1. The knowledge graph reports associations with PAH and QDPR as well.",1.0,3.875
3,HR+/HER2-low breast cancer,primekg,kg,llama3.2:1b,0,8,H,9,0.1111111111111111,0,0,0,1,,,,,,1.0,3.0
3,HR+/HER2-low breast cancer,primekg,kg,llama3.2:1b,1,8,A,2,0.5,0,1,1,1,,prior,conflicting,3.0,"The provided evidence from the biomedical knowledge graph shows associations between Drug-8 and targets related to salivary gland type cancer of the breast, breast lymphoma, malignant breast melanoma, and malignant breast phyllodes tumor, but it also mentions associations with genes not directly linked to HR+/HER2-low breast cancer. The evidence is inconsistent with the provided profile for this disease.",0.875,3.75
3,Spinal muscular atrophy (pediatric expansion),primekg,kg,llama3.2:1b,0,8,E,9,0.1111111111111111,0,0,0,1,,,,,,1.0,2.0
3,Spinal muscular atrophy (pediatric expansion),primekg,kg,llama3.2:1b,1,8,A,4,0.25,0,0,1,1,,both,consistent,4.0,Strong evidence from the knowledge graph for this target association and consistent with established associations,0.875,4.0
3,Chronic kidney disease,primekg,kg,llama3.2:1b,0,8,C,2,0.5,0,1,1,1,,prior,insufficient,2.0,No clear mechanistic link from the knowledge graph to this target disease.,0.8571428571428571,3.2857142857142856
3,Chronic kidney disease,primekg,kg,llama3.2:1b,1,8,E,9,0.1111111111111111,0,0,0,1,,,,,,0.5,4.5
3,IgE-mediated food allergy,primekg,kg,llama3.2:1b,0,8,A,2,0.5,0,1,1,1,,both,consistent,4.0,Both the DOID database and knowledge graph provide consistent mechanistic links to MS4A2 and FCER1A.,0.5,3.0
3,IgE-mediated food allergy,primekg,kg,llama3.2:1b,1,8,F,9,0.1111111111111111,0,0,0,1,,,,,,0.0,3.0
3,Measles prophylaxis post-exposure,primekg,kg,llama3.2:1b,0,8,E,9,0.1111111111111111,0,0,0,1,,,,,,,
3,Measles prophylaxis post-exposure,primekg,kg,llama3.2:1b,1,8,G,9,0.1111111111111111,0,0,0,1,,,,,,1.0,3.0
3,CKD in T2D,primekg,kg,llama3.2:1b,0,8,A,1,1.0,1,1,1,1,,both,consistent,5.0,"Multiple targets in CKD in T2D (AMY1C, GLP1R, DPP4, MME, LPL, ALB) are consistent with the target disease association.",0.8571428571428571,3.7142857142857144
3,CKD in T2D,primekg,kg,llama3.2:1b,1,8,A,9,0.1111111111111111,0,0,0,1,,,,,,1.0,2.0
3,dMMR recurrent/advanced endometrial cancer,primekg,kg,llama3.2:1b,0,8,H,9,0.1111111111111111,0,0,0,1,,,,,,0.6666666666666666,3.3333333333333335
3,dMMR recurrent/advanced endometrial cancer,primekg,kg,llama3.2:1b,1,8,F,5,0.2,0,0,1,1,,both,insufficient,2.0,Drug-8 has no direct associations with the genes mentioned in the KG for endometrial cancer.,0.75,3.375
3,ILD-associated pulmonary hypertension,primekg,kg,llama3.2:1b,0,8,E,4,0.25,0,0,1,1,,both,insufficient,2.0,"The provided evidence links Drug-5 to PTGER1 and PTGFR targets but mentions only CYP3A4 as a target. While the involvement of CYP3A5 is plausible given its role in drug metabolism, this is not directly mentioned in the knowledge graph.",0.75,2.0
3,ILD-associated pulmonary hypertension,primekg,kg,llama3.2:1b,1,8,B,8,0.125,0,0,0,1,,,,,,,
3,Crohn's disease,primekg,kg,llama3.2:1b,0,8,H,5,0.2,0,0,1,1,,both,consistent,5.0,"Similar to Drug-5, the evidence for Drug-8 (SLCO1B1 and JAK1) is more direct and supports its mechanistic plausibility.",0.875,4.125
3,Crohn's disease,primekg,kg,llama3.2:1b,1,8,A,9,0.1111111111111111,0,0,0,1,,,,,,1.0,1.0
3,COVID-19 in severe renal impairment/dialysis,primekg,kg,llama3.2:1b,0,8,F,9,0.1111111111111111,0,0,0,1,,,,,,0.6666666666666666,3.0
3,COVID-19 in severe renal impairment/dialysis,primekg,kg,llama3.2:1b,1,8,B,9,0.1111111111111111,0,0,0,1,,,,,,0.0,2.0
3,MASH with fibrosis,primekg,kg,llama3.2:1b,0,8,G,9,0.1111111111111111,0,0,0,1,,,,,,1.0,3.0
3,MASH with fibrosis,primekg,kg,llama3.2:1b,1,8,D,1,1.0,1,1,1,1,,both,insufficient,3.0,"Both evidence graph associations with MASH/Fibrosis and related disease annotations suggest a plausible mechanistic link, but the lack of direct connections to hepatitis makes this reasoning uncertain.",0.8571428571428571,4.0
3,Urothelial carcinoma (expanded population),primekg,kg,llama3.2:1b,0,8,E,4,0.25,0,0,1,1,,both,conflicting,2.0,"Both evidence from the knowledge graph and prior knowledge suggest a mechanistic plausibility for Drug-8 as a potential treatment, but its association with ABCB1 is unclear. The conflicting evidence outweighs its strong associations with NECTIN4 and CYP3A4.",0.875,3.625
3,Urothelial carcinoma (expanded population),primekg,kg,llama3.2:1b,1,8,E,9,0.1111111111111111,0,0,0,1,,,,,,,
3,Chronic thromboembolic pulmonary hypertension,primekg,kg,llama3.2:1b,0,8,G,7,0.14285714285714285,0,0,0,1,,both,consistent,2.0,"The provided evidence supports Drug-7's association with DOID:6432 and its mechanistic links, but the sparse evidence from the knowledge graph reduces its confidence ranking.",0.8571428571428571,3.142857142857143
3,Chronic thromboembolic pulmonary hypertension,primekg,kg,llama3.2:1b,1,8,B,9,0.1111111111111111,0,0,0,1,,,,,,1.0,2.0
3,Crohn's disease,primekg,kg,llama3.2:1b,0,8,F,3,0.3333333333333333,0,1,1,1,,both,conflicting,3.0,The mechanistic links provided by the knowledge graph are inconsistent with my own pharmacological understanding of the pathways targeted by this drug.,1.0,2.857142857142857
3,Crohn's disease,primekg,kg,llama3.2:1b,1,8,C,7,0.14285714285714285,0,0,0,1,,both,conflicting,1.0,The evidence from the knowledge graph suggests mechanistic plausibility but is inconsistent with prior knowledge of Drug-8.,0.7142857142857143,2.4285714285714284
3,HoFH in children,primekg,kg,llama3.2:1b,0,8,G,9,0.1111111111111111,0,0,0,1,,,,,,1.0,4.0
3,HoFH in children,primekg,kg,llama3.2:1b,1,8,E,2,0.5,0,1,1,1,,both,consistent,4.0,"Mechanism of action for Drug-8 is supported by associations with genes involved in cholesterol metabolism, including ABCG5 (hypercholesterolemia) and PCSK9 (hyoipoproteinemia).",0.875,2.875
3,First-line anemia in lower-risk MDS,primekg,kg,llama3.2:1b,0,8,B,4,0.25,0,0,1,1,,both,insufficient,2.0,Drug-7's targets (SLCO2B1 and SLC16A1) are involved in drug metabolism but do not provide clear mechanistic evidence for their role in MDS.,0.875,2.75
3,First-line anemia in lower-risk MDS,primekg,kg,llama3.2:1b,1,8,A,2,0.5,0,1,1,1,,,,,,,
3,Generalized myasthenia gravis,primekg,kg,llama3.2:1b,0,8,A,1,1.0,1,1,1,1,,both,insufficient,2.0,"""Drug-6 has the most mechanistic plausibility for Generalized myasthenia gravis based on its known targets and associations with the disease""",0.625,2.5
3,Generalized myasthenia gravis,primekg,kg,llama3.2:1b,1,8,G,7,0.14285714285714285,0,0,0,1,,both,insufficient,1.0,"The provided evidence for Drug-8 is mostly based on associations with CD19, which are not directly relevant to Generalized Myasthenia Gravis. The other associations in the knowledge graph are also sparse or inconsistent.",1.0,2.0
3,Acquired hypothalamic obesity,primekg,kg,llama3.2:1b,0,8,E,9,0.1111111111111111,0,0,0,1,,,,,,,
3,Acquired hypothalamic obesity,primekg,kg,llama3.2:1b,1,8,A,1,1.0,1,1,1,1,,prior,consistent,5.0,"The evidence from the biomedical knowledge graph confirms Drug-7 targets MC4R, a well-established target for hypothalamic obesity.",0.7142857142857143,4.142857142857143
3,HR+/HER2- node-positive high-risk early breast cancer,primekg,kg,llama3.2:1b,0,8,B,4,0.25,0,0,1,1,,both,conflicting,3.0,"While Drug-8 supports some targets of Drug-3, the evidence for SLC22A4 is weak and inconsistent across different genes.",0.875,3.625
3,HR+/HER2- node-positive high-risk early breast cancer,primekg,kg,llama3.2:1b,1,8,H,7,0.14285714285714285,0,0,0,1,,both,insufficient,2.0,The evidence for PDE3A (CYP1A2) is also limited to its role in salivary gland type cancer of the breast and breast lymphoma.,1.0,2.75
3,EGPA,primekg,kg,llama3.2:1b,0,8,C,6,0.16666666666666666,0,0,0,1,,both,conflicting,3.0,"While Drug-1 has some associations with immune-related pathways, its targets are not as directly linked to EGPA as the other drugs.",1.0,2.75
3,EGPA,primekg,kg,llama3.2:1b,1,8,C,9,0.1111111111111111,0,0,0,1,,,,,,1.0,3.0
3,BRAF+ thyroid cancer,primekg,kg,llama3.2:1b,0,8,E,5,0.2,0,0,1,1,,prior,insufficient,2.0,"The provided evidence is too weak to judge this candidate confidently, especially considering the lack of mechanistic links and annotations.",0.6,3.2
3,BRAF+ thyroid cancer,primekg,kg,llama3.2:1b,1,8,E,4,0.25,0,0,1,1,,both,conflicting,4.0,Uncertain associations found in knowledge graph; no evidence from the provided list matches this association.,0.875,3.5
3,Giant cell arteritis,primekg,kg,llama3.2:1b,0,8,C,4,0.25,0,0,1,1,,both,insufficient,3.0,,0.75,2.75
3,Giant cell arteritis,primekg,kg,llama3.2:1b,1,8,F,9,0.1111111111111111,0,0,0,1,,,,,,0.0,4.0
3,dMMR/MSI-H primary advanced endometrial cancer,primekg,kg,llama3.2:1b,0,8,E,3,0.3333333333333333,0,1,1,1,,both,insufficient,4.0,"While Drug-8 targets PDCD1 with some evidence from the knowledge graph, its association with other genes (SLC12A3; SLC22A11; KCNMA1) is weak and not directly relevant to dMMR/MSI-H primary advanced endometrial cancer. Moreover, there are no compelling mechanistic links provided.",0.75,3.5
3,dMMR/MSI-H primary advanced endometrial cancer,primekg,kg,llama3.2:1b,1,8,F,3,0.3333333333333333,0,1,1,1,,both,consistent,4.0,"The knowledge graph reports associations for Drug-8, but its mechanistic links are consistent with the provided evidence.",1.0,3.375
3,Polymyalgia rheumatica,primekg,kg,llama3.2:1b,0,8,H,9,0.1111111111111111,0,0,0,1,,,,,,1.0,2.0
3,Polymyalgia rheumatica,primekg,kg,llama3.2:1b,1,8,B,3,0.3333333333333333,0,1,1,1,,both,consistent,4.0,"The evidence linking FCGR3A and FCGR2A to rheumatologic disorders is consistent with the target disease profile, but the target list does not include these drugs.",0.875,3.75
3,Ph+ CML-CP frontline (EMA Feb 2026),primekg,kg,llama3.2:1b,0,8,H,9,0.1111111111111111,0,0,0,1,,,,,,0.0,2.0
3,Ph+ CML-CP frontline (EMA Feb 2026),primekg,kg,llama3.2:1b,1,8,F,9,0.1111111111111111,0,0,0,1,,,,,,,
3,Allergic fungal rhinosinusitis (AFRS) ≥6yr,primekg,kg,llama3.2:1b,0,8,B,1,1.0,1,1,1,1,,both,consistent,5.0,"Drug-2's involvement in multiple pathways (ABCC6, TOP2A) and prior knowledge support make it the top candidate.",1.0,4.5
3,Allergic fungal rhinosinusitis (AFRS) ≥6yr,primekg,kg,llama3.2:1b,1,8,A,1,1.0,1,1,1,1,,both,consistent,4.0,"Its targets are broad and not specifically aligned with AFRS or aspergillosis, but its IL-4R target is a known pathway for allergic diseases",1.0,4.0
3,RET-fusion NSCLC (expanded),primekg,kg,llama3.2:1b,0,8,F,9,0.1111111111111111,0,0,0,1,,,,,,,
3,RET-fusion NSCLC (expanded),primekg,kg,llama3.2:1b,1,8,G,7,0.14285714285714285,0,0,0,1,,both,consistent,4.0,Drug-2's links are strong and consistent with the knowledge graph.,1.0,3.0
3,"Crohn's disease (moderate-severe, refractory)",primekg,kg,llama3.2:1b,0,8,C,7,0.14285714285714285,0,0,0,1,,both,insufficient,2.0,"The knowledge graph reports associations for Drug-7 and Drug-8, but its mechanisms are not directly related to Crohn's disease. While Drug-4 has a broad target list, its mechanism is also not specific enough to support its ranking.",0.8571428571428571,3.4285714285714284
3,"Crohn's disease (moderate-severe, refractory)",primekg,kg,llama3.2:1b,1,8,G,9,0.1111111111111111,0,0,0,0,,,,,,,
3,Follicular lymphoma,primekg,kg,llama3.2:1b,0,8,E,9,0.1111111111111111,0,0,0,1,,,,,,,
3,Follicular lymphoma,primekg,kg,llama3.2:1b,1,8,F,6,0.16666666666666666,0,0,0,1,,both,conflicting,3.0,"Drug-8 targets CD19, which is a key antigen in B-cell lymphomas. Our knowledge graph reports associations with gene IGH, KDSR, and TNFRSF14, suggesting some mechanistic plausibility for follicular lymphoma's association with these genes.",0.875,3.25
3,Atopic dermatitis,primekg,kg,llama3.2:1b,0,8,F,9,0.1111111111111111,0,0,0,1,,,,,,1.0,3.0
3,Atopic dermatitis,primekg,kg,llama3.2:1b,1,8,D,3,0.3333333333333333,0,1,1,1,,both,insufficient,4.0,"Similar to Drug-8, Drug-2 targets CYP2C9, but there's no clear mechanistic link to atopic dermatitis. However, its target (CHRNA4) is consistent with some pathway associations mentioned in the knowledge graph.",1.0,3.875
3,1L biliary tract cancer (+gemcitabine+cisplatin),primekg,kg,llama3.2:1b,0,8,D,4,0.25,0,0,1,1,,both,insufficient,2.0,"Both prior and pharmacological knowledge are insufficient to judge Drug-7 as a clear candidate, given the sparse evidence in the knowledge graph.",0.625,2.125
3,1L biliary tract cancer (+gemcitabine+cisplatin),primekg,kg,llama3.2:1b,1,8,E,5,0.2,0,0,1,1,,prior,consistent,4.0,"While Drug-7's targets have some mechanistic relevance to cancer progression, it is uncertain whether they play a direct role in biliary tract cancer.",0.75,3.5
3,IV formulation for rheumatic diseases (EMA),primekg,kg,llama3.2:1b,0,8,H,5,0.2,0,0,1,1,,both,conflicting,2.0,"The provided knowledge graph evidence for Drug-5 is sparse and conflicts with the mechanistic links reported by the same target. However, it does align well with other targets mentioned in the disease profile.",0.875,3.375
3,IV formulation for rheumatic diseases (EMA),primekg,kg,llama3.2:1b,1,8,D,3,0.3333333333333333,0,1,1,1,,both,conflicting,2.0,"Its targets include SLCO1B1 and SLC27A2, which are involved in drug metabolism but not directly related to EMA.",0.875,2.5
3,BRAF+ thyroid cancer,primekg,kg,llama3.2:1b,0,8,H,9,0.1111111111111111,0,0,0,1,,,,,,0.6666666666666666,2.3333333333333335
3,BRAF+ thyroid cancer,primekg,kg,llama3.2:1b,1,8,E,2,0.5,0,1,1,1,,both,inconsistent,2.0,The evidence from the knowledge graph is sparse for this pathway and not consistent with any of the provided mechanistic links.,1.0,2.125
3,EGPA (expanded),primekg,kg,llama3.2:1b,0,8,G,4,0.25,0,0,1,1,,both,insufficient,4.0,"Drug-7 targets IL5RA and FCGR3A, which could be relevant to EGPA. However, its target of CYP3A43 is not particularly mechanistically significant.",0.875,3.625
3,EGPA (expanded),primekg,kg,llama3.2:1b,1,8,C,9,0.1111111111111111,0,0,0,1,,,,,,1.0,3.0
3,Pheochromocytoma/paraganglioma,primekg,kg,llama3.2:1b,0,8,G,9,0.1111111111111111,0,0,0,1,,,,,,,
3,Pheochromocytoma/paraganglioma,primekg,kg,llama3.2:1b,1,8,H,9,0.1111111111111111,0,0,0,1,,,,,,,
3,Pediatric atopic dermatitis,primekg,kg,llama3.2:1b,0,8,B,2,0.5,0,1,1,1,,both,conflicting,3.0,"While PADI4 is involved in inflammatory pathways, SLCO1B1 and ABCG2 suggest a transporter-mediated pathway. However, the evidence for JAK1 and ABCB1 is not sufficient to justify this candidate.",0.75,3.25
3,Pediatric atopic dermatitis,primekg,kg,llama3.2:1b,1,8,C,9,0.1111111111111111,0,0,0,1,,,,,,1.0,3.5
3,MSI-H/dMMR solid tumors (full approval conversion),primekg,kg,llama3.2:1b,0,8,C,4,0.25,0,0,1,1,,,,,,,
3,MSI-H/dMMR solid tumors (full approval conversion),primekg,kg,llama3.2:1b,1,8,A,8,0.125,0,0,0,1,,kg,insufficient,2.0,The evidence for Drug-6 is insufficient to judge its mechanistic plausibility.,1.0,2.375
3,Psoriasis in children 6-11 (cream),primekg,kg,llama3.2:1b,0,8,A,8,0.125,0,0,0,1,,prior,consistent,4.0,"The evidence from the knowledge graph is consistent with Drug-5 targets PDE4C, PDE4A, and PDE4B in Psoriasis in children 6-11 (cream), providing a plausible mechanistic pathway.",0.875,3.375
3,Psoriasis in children 6-11 (cream),primekg,kg,llama3.2:1b,1,8,C,2,0.5,0,1,1,1,,both,conflicting,3.0,"The evidence on targets for PSoriasis in children 6-11, particularly HTR1F (kg), HTR1E (kg) and UGT1A4 (kg), is conflicting with the provided information.",1.0,2.0
3,Pancreatic NET,primekg,kg,llama3.2:1b,0,8,B,9,0.1111111111111111,0,0,0,1,,,,,,,
3,Pancreatic NET,primekg,kg,llama3.2:1b,1,8,H,5,0.2,0,0,1,1,,both,insufficient,2.0,"The knowledge graph does not provide any evidence linking Drug-5 to pancreatic NET. Additionally, Drug-5 is a target for CYP3A4.",1.0,2.6
3,Ulcerative colitis,primekg,kg,llama3.2:1b,0,8,B,1,1.0,1,1,1,1,,both,consistent,4.0,"KG supports multiple targets associated with ULCA and some have mechanistic relevance, but the link to IL23R is particularly clear.",0.75,3.625
3,Ulcerative colitis,primekg,kg,llama3.2:1b,1,8,C,4,0.25,0,0,1,1,,both,uncertain,2.0,The strength and consistency of mechanistic links make it uncertain whether Drug-8 targets IL12B or not.,0.8571428571428571,2.857142857142857
3,Gastric/GEJ adenocarcinoma (1L +chemo),primekg,kg,llama3.2:1b,0,8,G,9,0.1111111111111111,0,0,0,1,,,,,,,
3,Gastric/GEJ adenocarcinoma (1L +chemo),primekg,kg,llama3.2:1b,1,8,A,9,0.1111111111111111,0,0,0,1,,,,,,1.0,2.0
3,Hidradenitis suppurativa,primekg,kg,llama3.2:1b,0,8,A,9,0.1111111111111111,0,0,0,1,,,,,,1.0,5.0
3,Hidradenitis suppurativa,primekg,kg,llama3.2:1b,1,8,G,9,0.1111111111111111,0,0,0,1,,,,,,1.0,5.0
3,Biliary tract cancer,primekg,kg,llama3.2:1b,0,8,C,9,0.1111111111111111,0,0,0,1,,,,,,1.0,3.0
3,Biliary tract cancer,primekg,kg,llama3.2:1b,1,8,C,6,0.16666666666666666,0,0,0,1,,prior,insufficient,2.0,"Drug-6 targets PDCD1, which is involved in cell death pathways, but its relevance to Biliary tract cancer is unclear.",0.5,3.0
3,Antibody-mediated rejection in organ transplantation,primekg,kg,llama3.2:1b,0,8,D,1,1.0,1,1,1,1,,both,insufficient,4.0,The evidence agreement with the disease profile is inconsistent as it does not link these genes to antibody-mediated rejection.,1.0,4.0
3,Antibody-mediated rejection in organ transplantation,primekg,kg,llama3.2:1b,1,8,F,3,0.3333333333333333,0,1,1,1,,both,consistent,4.0,"The provided knowledge graph evidence includes associations between Drug-2 targets ABCC1 and CYP3A4 with antibody-mediated rejection in organ transplantation, which is mechanistically plausible given the role of ABCB1 in drug transport and CYP3A4 in metabolizing drugs.",0.875,2.875
3,Neoadj+adj HNSCC,primekg,kg,llama3.2:1b,0,8,D,9,0.1111111111111111,0,0,0,0,"('Connection aborted.', RemoteDisconnected('Remote end closed connection without response'))",,,,,,
3,Neoadj+adj HNSCC,primekg,kg,llama3.2:1b,1,8,E,9,0.1111111111111111,0,0,0,1,"HTTPConnectionPool(host='localhost', port=11434): Max retries exceeded with url: /api/generate (Caused by NewConnectionE",,,,,,
3,Ulcerative colitis,primekg,kg,llama3.2:1b,0,8,B,9,0.1111111111111111,0,0,0,1,"HTTPConnectionPool(host='localhost', port=11434): Max retries exceeded with url: /api/generate (Caused by NewConnectionE",,,,,,
3,Ulcerative colitis,primekg,kg,llama3.2:1b,1,8,H,9,0.1111111111111111,0,0,0,1,"HTTPConnectionPool(host='localhost', port=11434): Max retries exceeded with url: /api/generate (Caused by NewConnectionE",,,,,,
3,dMMR/MSI-H primary advanced endometrial cancer (+chemo),primekg,kg,llama3.2:1b,0,8,G,9,0.1111111111111111,0,0,0,1,"HTTPConnectionPool(host='localhost', port=11434): Max retries exceeded with url: /api/generate (Caused by NewConnectionE",,,,,,
3,dMMR/MSI-H primary advanced endometrial cancer (+chemo),primekg,kg,llama3.2:1b,1,8,H,9,0.1111111111111111,0,0,0,1,"HTTPConnectionPool(host='localhost', port=11434): Max retries exceeded with url: /api/generate (Caused by NewConnectionE",,,,,,
3,GVHD + pediatric,primekg,kg,llama3.2:1b,0,8,H,9,0.1111111111111111,0,0,0,1,"HTTPConnectionPool(host='localhost', port=11434): Max retries exceeded with url: /api/generate (Caused by NewConnectionE",,,,,,
3,GVHD + pediatric,primekg,kg,llama3.2:1b,1,8,G,9,0.1111111111111111,0,0,0,1,"HTTPConnectionPool(host='localhost', port=11434): Max retries exceeded with url: /api/generate (Caused by NewConnectionE",,,,,,
3,Gastric/GEJ adenocarcinoma,primekg,kg,llama3.2:1b,0,8,G,9,0.1111111111111111,0,0,0,1,"HTTPConnectionPool(host='localhost', port=11434): Max retries exceeded with url: /api/generate (Caused by NewConnectionE",,,,,,
3,Gastric/GEJ adenocarcinoma,primekg,kg,llama3.2:1b,1,8,E,9,0.1111111111111111,0,0,0,1,"HTTPConnectionPool(host='localhost', port=11434): Max retries exceeded with url: /api/generate (Caused by NewConnectionE",,,,,,
3,COPD (EMA 2025),primekg,kg,llama3.2:1b,0,8,A,1,1.0,1,1,1,1,"HTTPConnectionPool(host='localhost', port=11434): Max retries exceeded with url: /api/generate (Caused by NewConnectionE",,,,,,
3,COPD (EMA 2025),primekg,kg,llama3.2:1b,1,8,D,9,0.1111111111111111,0,0,0,1,"HTTPConnectionPool(host='localhost', port=11434): Max retries exceeded with url: /api/generate (Caused by NewConnectionE",,,,,,
3,RAS wild-type HER2+ metastatic colorectal cancer,primekg,kg,llama3.2:1b,0,8,G,9,0.1111111111111111,0,0,0,1,"HTTPConnectionPool(host='localhost', port=11434): Max retries exceeded with url: /api/generate (Caused by NewConnectionE",,,,,,
3,RAS wild-type HER2+ metastatic colorectal cancer,primekg,kg,llama3.2:1b,1,8,F,9,0.1111111111111111,0,0,0,1,"HTTPConnectionPool(host='localhost', port=11434): Max retries exceeded with url: /api/generate (Caused by NewConnectionE",,,,,,
3,Primary immunodeficiency pediatric (EMA),primekg,kg,llama3.2:1b,0,8,D,9,0.1111111111111111,0,0,0,1,"HTTPConnectionPool(host='localhost', port=11434): Max retries exceeded with url: /api/generate (Caused by NewConnectionE",,,,,,
3,Primary immunodeficiency pediatric (EMA),primekg,kg,llama3.2:1b,1,8,E,9,0.1111111111111111,0,0,0,1,"HTTPConnectionPool(host='localhost', port=11434): Max retries exceeded with url: /api/generate (Caused by NewConnectionE",,,,,,
3,BRAF V600E metastatic NSCLC,primekg,kg,llama3.2:1b,0,8,F,9,0.1111111111111111,0,0,0,1,"HTTPConnectionPool(host='localhost', port=11434): Max retries exceeded with url: /api/generate (Caused by NewConnectionE",,,,,,
3,BRAF V600E metastatic NSCLC,primekg,kg,llama3.2:1b,1,8,C,9,0.1111111111111111,0,0,0,1,"HTTPConnectionPool(host='localhost', port=11434): Max retries exceeded with url: /api/generate (Caused by NewConnectionE",,,,,,
3,CRSwNP (eosinophilic chronic rhinosinusitis with nasal polyps),primekg,kg,llama3.2:1b,0,8,H,9,0.1111111111111111,0,0,0,1,"HTTPConnectionPool(host='localhost', port=11434): Max retries exceeded with url: /api/generate (Caused by NewConnectionE",,,,,,
3,CRSwNP (eosinophilic chronic rhinosinusitis with nasal polyps),primekg,kg,llama3.2:1b,1,8,F,9,0.1111111111111111,0,0,0,1,"HTTPConnectionPool(host='localhost', port=11434): Max retries exceeded with url: /api/generate (Caused by NewConnectionE",,,,,,
3,Pediatric glioma (EMA),primekg,kg,llama3.2:1b,0,8,B,9,0.1111111111111111,0,0,0,1,"HTTPConnectionPool(host='localhost', port=11434): Max retries exceeded with url: /api/generate (Caused by NewConnectionE",,,,,,
3,Pediatric glioma (EMA),primekg,kg,llama3.2:1b,1,8,G,9,0.1111111111111111,0,0,0,1,"HTTPConnectionPool(host='localhost', port=11434): Max retries exceeded with url: /api/generate (Caused by NewConnectionE",,,,,,
3,Primary humoral immunodeficiency pediatric 2-11yr,primekg,kg,llama3.2:1b,0,8,D,9,0.1111111111111111,0,0,0,1,"HTTPConnectionPool(host='localhost', port=11434): Max retries exceeded with url: /api/generate (Caused by NewConnectionE",,,,,,
3,Primary humoral immunodeficiency pediatric 2-11yr,primekg,kg,llama3.2:1b,1,8,C,9,0.1111111111111111,0,0,0,1,"HTTPConnectionPool(host='localhost', port=11434): Max retries exceeded with url: /api/generate (Caused by NewConnectionE",,,,,,
3,"ALK+ solid tumors (tissue-agnostic, world-first)",primekg,kg,llama3.2:1b,0,8,F,9,0.1111111111111111,0,0,0,1,"HTTPConnectionPool(host='localhost', port=11434): Max retries exceeded with url: /api/generate (Caused by NewConnectionE",,,,,,
3,"ALK+ solid tumors (tissue-agnostic, world-first)",primekg,kg,llama3.2:1b,1,8,F,9,0.1111111111111111,0,0,0,1,"HTTPConnectionPool(host='localhost', port=11434): Max retries exceeded with url: /api/generate (Caused by NewConnectionE",,,,,,
3,Primary mediastinal large B-cell lymphoma,primekg,kg,llama3.2:1b,0,8,E,9,0.1111111111111111,0,0,0,1,"HTTPConnectionPool(host='localhost', port=11434): Max retries exceeded with url: /api/generate (Caused by NewConnectionE",,,,,,
3,Primary mediastinal large B-cell lymphoma,primekg,kg,llama3.2:1b,1,8,C,9,0.1111111111111111,0,0,0,1,"HTTPConnectionPool(host='localhost', port=11434): Max retries exceeded with url: /api/generate (Caused by NewConnectionE",,,,,,
3,HR+/HER2- metastatic breast cancer,primekg,kg,llama3.2:1b,0,8,F,9,0.1111111111111111,0,0,0,1,"HTTPConnectionPool(host='localhost', port=11434): Max retries exceeded with url: /api/generate (Caused by NewConnectionE",,,,,,
3,HR+/HER2- metastatic breast cancer,primekg,kg,llama3.2:1b,1,8,E,9,0.1111111111111111,0,0,0,1,"HTTPConnectionPool(host='localhost', port=11434): Max retries exceeded with url: /api/generate (Caused by NewConnectionE",,,,,,
3,HER2+ early-stage BC (neoadjuvant + adjuvant),primekg,kg,llama3.2:1b,0,8,E,9,0.1111111111111111,0,0,0,1,"HTTPConnectionPool(host='localhost', port=11434): Max retries exceeded with url: /api/generate (Caused by NewConnectionE",,,,,,
3,HER2+ early-stage BC (neoadjuvant + adjuvant),primekg,kg,llama3.2:1b,1,8,C,9,0.1111111111111111,0,0,0,1,"HTTPConnectionPool(host='localhost', port=11434): Max retries exceeded with url: /api/generate (Caused by NewConnectionE",,,,,,
3,"Pediatric low-grade glioma (+dabrafenib, BRAF V600E)",primekg,kg,llama3.2:1b,0,8,A,1,1.0,1,1,1,1,"HTTPConnectionPool(host='localhost', port=11434): Max retries exceeded with url: /api/generate (Caused by NewConnectionE",,,,,,
3,"Pediatric low-grade glioma (+dabrafenib, BRAF V600E)",primekg,kg,llama3.2:1b,1,8,G,9,0.1111111111111111,0,0,0,1,"HTTPConnectionPool(host='localhost', port=11434): Max retries exceeded with url: /api/generate (Caused by NewConnectionE",,,,,,
3,mHSPC + ADT,primekg,kg,llama3.2:1b,0,8,H,9,0.1111111111111111,0,0,0,1,"HTTPConnectionPool(host='localhost', port=11434): Max retries exceeded with url: /api/generate (Caused by NewConnectionE",,,,,,
3,mHSPC + ADT,primekg,kg,llama3.2:1b,1,8,G,9,0.1111111111111111,0,0,0,1,"HTTPConnectionPool(host='localhost', port=11434): Max retries exceeded with url: /api/generate (Caused by NewConnectionE",,,,,,
3,Pediatric BRAF V600E low-grade glioma,primekg,kg,llama3.2:1b,0,8,E,9,0.1111111111111111,0,0,0,1,"HTTPConnectionPool(host='localhost', port=11434): Max retries exceeded with url: /api/generate (Caused by NewConnectionE",,,,,,
3,Pediatric BRAF V600E low-grade glioma,primekg,kg,llama3.2:1b,1,8,G,9,0.1111111111111111,0,0,0,1,"HTTPConnectionPool(host='localhost', port=11434): Max retries exceeded with url: /api/generate (Caused by NewConnectionE",,,,,,
3,HER2-mutant NSCLC (EMA),primekg,kg,llama3.2:1b,0,8,G,9,0.1111111111111111,0,0,0,1,"HTTPConnectionPool(host='localhost', port=11434): Max retries exceeded with url: /api/generate (Caused by NewConnectionE",,,,,,
3,HER2-mutant NSCLC (EMA),primekg,kg,llama3.2:1b,1,8,A,1,1.0,1,1,1,1,"HTTPConnectionPool(host='localhost', port=11434): Max retries exceeded with url: /api/generate (Caused by NewConnectionE",,,,,,
3,Ph+ CML-CP after 2+ TKIs,primekg,kg,llama3.2:1b,0,8,E,9,0.1111111111111111,0,0,0,1,"HTTPConnectionPool(host='localhost', port=11434): Max retries exceeded with url: /api/generate (Caused by NewConnectionE",,,,,,
3,Ph+ CML-CP after 2+ TKIs,primekg,kg,llama3.2:1b,1,8,G,9,0.1111111111111111,0,0,0,1,"HTTPConnectionPool(host='localhost', port=11434): Max retries exceeded with url: /api/generate (Caused by NewConnectionE",,,,,,
3,HR+/HER2- metastatic breast cancer,primekg,kg,llama3.2:1b,0,8,D,9,0.1111111111111111,0,0,0,1,"HTTPConnectionPool(host='localhost', port=11434): Max retries exceeded with url: /api/generate (Caused by NewConnectionE",,,,,,
3,HR+/HER2- metastatic breast cancer,primekg,kg,llama3.2:1b,1,8,D,9,0.1111111111111111,0,0,0,1,"HTTPConnectionPool(host='localhost', port=11434): Max retries exceeded with url: /api/generate (Caused by NewConnectionE",,,,,,
3,HER2-mutant NSCLC (PMDA),primekg,kg,llama3.2:1b,0,8,G,9,0.1111111111111111,0,0,0,1,"HTTPConnectionPool(host='localhost', port=11434): Max retries exceeded with url: /api/generate (Caused by NewConnectionE",,,,,,
3,HER2-mutant NSCLC (PMDA),primekg,kg,llama3.2:1b,1,8,B,9,0.1111111111111111,0,0,0,1,"HTTPConnectionPool(host='localhost', port=11434): Max retries exceeded with url: /api/generate (Caused by NewConnectionE",,,,,,
3,Follicular lymphoma (+obinutuzumab),primekg,kg,llama3.2:1b,0,8,G,9,0.1111111111111111,0,0,0,1,"HTTPConnectionPool(host='localhost', port=11434): Max retries exceeded with url: /api/generate (Caused by NewConnectionE",,,,,,
3,Follicular lymphoma (+obinutuzumab),primekg,kg,llama3.2:1b,1,8,E,9,0.1111111111111111,0,0,0,1,"HTTPConnectionPool(host='localhost', port=11434): Max retries exceeded with url: /api/generate (Caused by NewConnectionE",,,,,,
3,Platinum-resistant ovarian carcinoma (PD-L1+ CPS≥1),primekg,kg,llama3.2:1b,0,8,E,9,0.1111111111111111,0,0,0,1,"HTTPConnectionPool(host='localhost', port=11434): Max retries exceeded with url: /api/generate (Caused by NewConnectionE",,,,,,
3,Platinum-resistant ovarian carcinoma (PD-L1+ CPS≥1),primekg,kg,llama3.2:1b,1,8,F,9,0.1111111111111111,0,0,0,1,"HTTPConnectionPool(host='localhost', port=11434): Max retries exceeded with url: /api/generate (Caused by NewConnectionE",,,,,,
3,Resectable gastric/GEJ adenocarcinoma (neoadj+adj +FLOT),primekg,kg,llama3.2:1b,0,8,C,9,0.1111111111111111,0,0,0,1,"HTTPConnectionPool(host='localhost', port=11434): Max retries exceeded with url: /api/generate (Caused by NewConnectionE",,,,,,
3,Resectable gastric/GEJ adenocarcinoma (neoadj+adj +FLOT),primekg,kg,llama3.2:1b,1,8,C,9,0.1111111111111111,0,0,0,1,"HTTPConnectionPool(host='localhost', port=11434): Max retries exceeded with url: /api/generate (Caused by NewConnectionE",,,,,,
3,Advanced RCC after PD-1/PD-L1 + VEGF-TKI,primekg,kg,llama3.2:1b,0,8,D,9,0.1111111111111111,0,0,0,1,"HTTPConnectionPool(host='localhost', port=11434): Max retries exceeded with url: /api/generate (Caused by NewConnectionE",,,,,,
3,Advanced RCC after PD-1/PD-L1 + VEGF-TKI,primekg,kg,llama3.2:1b,1,8,H,9,0.1111111111111111,0,0,0,1,"HTTPConnectionPool(host='localhost', port=11434): Max retries exceeded with url: /api/generate (Caused by NewConnectionE",,,,,,
3,HER2+ solid tumors (tumor-agnostic),primekg,kg,llama3.2:1b,0,8,H,9,0.1111111111111111,0,0,0,1,"HTTPConnectionPool(host='localhost', port=11434): Max retries exceeded with url: /api/generate (Caused by NewConnectionE",,,,,,
3,HER2+ solid tumors (tumor-agnostic),primekg,kg,llama3.2:1b,1,8,F,9,0.1111111111111111,0,0,0,1,"HTTPConnectionPool(host='localhost', port=11434): Max retries exceeded with url: /api/generate (Caused by NewConnectionE",,,,,,
3,HR+/HER2- early breast cancer (adjuvant),primekg,kg,llama3.2:1b,0,8,E,9,0.1111111111111111,0,0,0,1,"HTTPConnectionPool(host='localhost', port=11434): Max retries exceeded with url: /api/generate (Caused by NewConnectionE",,,,,,
3,HR+/HER2- early breast cancer (adjuvant),primekg,kg,llama3.2:1b,1,8,F,9,0.1111111111111111,0,0,0,1,"HTTPConnectionPool(host='localhost', port=11434): Max retries exceeded with url: /api/generate (Caused by NewConnectionE",,,,,,
3,Chronic lymphocytic leukemia,primekg,kg,llama3.2:1b,0,8,C,9,0.1111111111111111,0,0,0,1,"HTTPConnectionPool(host='localhost', port=11434): Max retries exceeded with url: /api/generate (Caused by NewConnectionE",,,,,,
3,Chronic lymphocytic leukemia,primekg,kg,llama3.2:1b,1,8,D,9,0.1111111111111111,0,0,0,1,"HTTPConnectionPool(host='localhost', port=11434): Max retries exceeded with url: /api/generate (Caused by NewConnectionE",,,,,,
3,Unresectable thymic carcinoma (PMDA),primekg,kg,llama3.2:1b,0,8,G,9,0.1111111111111111,0,0,0,1,"HTTPConnectionPool(host='localhost', port=11434): Max retries exceeded with url: /api/generate (Caused by NewConnectionE",,,,,,
3,Unresectable thymic carcinoma (PMDA),primekg,kg,llama3.2:1b,1,8,H,9,0.1111111111111111,0,0,0,1,"HTTPConnectionPool(host='localhost', port=11434): Max retries exceeded with url: /api/generate (Caused by NewConnectionE",,,,,,
3,IDH1-mutated relapsed/refractory MDS,primekg,kg,llama3.2:1b,0,8,E,9,0.1111111111111111,0,0,0,1,"HTTPConnectionPool(host='localhost', port=11434): Max retries exceeded with url: /api/generate (Caused by NewConnectionE",,,,,,
3,IDH1-mutated relapsed/refractory MDS,primekg,kg,llama3.2:1b,1,8,C,9,0.1111111111111111,0,0,0,1,"HTTPConnectionPool(host='localhost', port=11434): Max retries exceeded with url: /api/generate (Caused by NewConnectionE",,,,,,
3,Metastatic colorectal cancer,primekg,kg,llama3.2:1b,0,8,D,9,0.1111111111111111,0,0,0,1,"HTTPConnectionPool(host='localhost', port=11434): Max retries exceeded with url: /api/generate (Caused by NewConnectionE",,,,,,
3,Metastatic colorectal cancer,primekg,kg,llama3.2:1b,1,8,F,9,0.1111111111111111,0,0,0,1,"HTTPConnectionPool(host='localhost', port=11434): Max retries exceeded with url: /api/generate (Caused by NewConnectionE",,,,,,
3,Agitation associated with Alzheimer's dementia,drkg,kg,llama3.2:1b,0,8,H,9,0.1111111111111111,0,0,0,1,"HTTPConnectionPool(host='localhost', port=11434): Max retries exceeded with url: /api/generate (Caused by NewConnectionE",,,,,,
3,Agitation associated with Alzheimer's dementia,drkg,kg,llama3.2:1b,1,8,C,9,0.1111111111111111,0,0,0,1,"HTTPConnectionPool(host='localhost', port=11434): Max retries exceeded with url: /api/generate (Caused by NewConnectionE",,,,,,
3,LDL-C elevation in statin-intolerant dyslipidemia,drkg,kg,llama3.2:1b,0,8,A,1,1.0,1,1,1,1,"HTTPConnectionPool(host='localhost', port=11434): Max retries exceeded with url: /api/generate (Caused by NewConnectionE",,,,,,
3,LDL-C elevation in statin-intolerant dyslipidemia,drkg,kg,llama3.2:1b,1,8,G,9,0.1111111111111111,0,0,0,1,"HTTPConnectionPool(host='localhost', port=11434): Max retries exceeded with url: /api/generate (Caused by NewConnectionE",,,,,,
3,First-line anemia in lower-risk MDS,drkg,kg,llama3.2:1b,0,8,H,9,0.1111111111111111,0,0,0,1,"HTTPConnectionPool(host='localhost', port=11434): Max retries exceeded with url: /api/generate (Caused by NewConnectionE",,,,,,
3,First-line anemia in lower-risk MDS,drkg,kg,llama3.2:1b,1,8,F,9,0.1111111111111111,0,0,0,1,"HTTPConnectionPool(host='localhost', port=11434): Max retries exceeded with url: /api/generate (Caused by NewConnectionE",,,,,,
3,Palmoplantar pustulosis (PMDA),drkg,kg,llama3.2:1b,0,8,C,9,0.1111111111111111,0,0,0,1,"HTTPConnectionPool(host='localhost', port=11434): Max retries exceeded with url: /api/generate (Caused by NewConnectionE",,,,,,
3,Palmoplantar pustulosis (PMDA),drkg,kg,llama3.2:1b,1,8,E,9,0.1111111111111111,0,0,0,1,"HTTPConnectionPool(host='localhost', port=11434): Max retries exceeded with url: /api/generate (Caused by NewConnectionE",,,,,,
3,Acute HCV pediatric,drkg,kg,llama3.2:1b,0,8,G,9,0.1111111111111111,0,0,0,1,"HTTPConnectionPool(host='localhost', port=11434): Max retries exceeded with url: /api/generate (Caused by NewConnectionE",,,,,,
3,Acute HCV pediatric,drkg,kg,llama3.2:1b,1,8,D,9,0.1111111111111111,0,0,0,1,"HTTPConnectionPool(host='localhost', port=11434): Max retries exceeded with url: /api/generate (Caused by NewConnectionE",,,,,,
3,Oral tablet formulation for weight management,drkg,kg,llama3.2:1b,0,8,H,9,0.1111111111111111,0,0,0,1,"HTTPConnectionPool(host='localhost', port=11434): Max retries exceeded with url: /api/generate (Caused by NewConnectionE",,,,,,
3,Oral tablet formulation for weight management,drkg,kg,llama3.2:1b,1,8,D,9,0.1111111111111111,0,0,0,1,"HTTPConnectionPool(host='localhost', port=11434): Max retries exceeded with url: /api/generate (Caused by NewConnectionE",,,,,,
3,Nephrotic syndrome,drkg,kg,llama3.2:1b,0,8,C,9,0.1111111111111111,0,0,0,1,"HTTPConnectionPool(host='localhost', port=11434): Max retries exceeded with url: /api/generate (Caused by NewConnectionE",,,,,,
3,Nephrotic syndrome,drkg,kg,llama3.2:1b,1,8,B,9,0.1111111111111111,0,0,0,1,"HTTPConnectionPool(host='localhost', port=11434): Max retries exceeded with url: /api/generate (Caused by NewConnectionE",,,,,,
3,KRAS G12C+ mCRC,drkg,kg,llama3.2:1b,0,8,A,1,1.0,1,1,1,1,"HTTPConnectionPool(host='localhost', port=11434): Max retries exceeded with url: /api/generate (Caused by NewConnectionE",,,,,,
3,KRAS G12C+ mCRC,drkg,kg,llama3.2:1b,1,8,H,9,0.1111111111111111,0,0,0,1,"HTTPConnectionPool(host='localhost', port=11434): Max retries exceeded with url: /api/generate (Caused by NewConnectionE",,,,,,
3,Retinal vein occlusion,drkg,kg,llama3.2:1b,0,8,G,9,0.1111111111111111,0,0,0,1,"HTTPConnectionPool(host='localhost', port=11434): Max retries exceeded with url: /api/generate (Caused by NewConnectionE",,,,,,
3,Retinal vein occlusion,drkg,kg,llama3.2:1b,1,8,C,9,0.1111111111111111,0,0,0,1,"HTTPConnectionPool(host='localhost', port=11434): Max retries exceeded with url: /api/generate (Caused by NewConnectionE",,,,,,
3,TRD monotherapy,drkg,kg,llama3.2:1b,0,8,D,9,0.1111111111111111,0,0,0,1,"HTTPConnectionPool(host='localhost', port=11434): Max retries exceeded with url: /api/generate (Caused by NewConnectionE",,,,,,
3,TRD monotherapy,drkg,kg,llama3.2:1b,1,8,F,9,0.1111111111111111,0,0,0,1,"HTTPConnectionPool(host='localhost', port=11434): Max retries exceeded with url: /api/generate (Caused by NewConnectionE",,,,,,
3,Reduce MACE in CVD + obesity/overweight,drkg,kg,llama3.2:1b,0,8,C,9,0.1111111111111111,0,0,0,1,"HTTPConnectionPool(host='localhost', port=11434): Max retries exceeded with url: /api/generate (Caused by NewConnectionE",,,,,,
3,Reduce MACE in CVD + obesity/overweight,drkg,kg,llama3.2:1b,1,8,D,9,0.1111111111111111,0,0,0,1,"HTTPConnectionPool(host='localhost', port=11434): Max retries exceeded with url: /api/generate (Caused by NewConnectionE",,,,,,
3,Indolent systemic mastocytosis (EMA),drkg,kg,llama3.2:1b,0,8,B,9,0.1111111111111111,0,0,0,1,"HTTPConnectionPool(host='localhost', port=11434): Max retries exceeded with url: /api/generate (Caused by NewConnectionE",,,,,,
3,Indolent systemic mastocytosis (EMA),drkg,kg,llama3.2:1b,1,8,F,9,0.1111111111111111,0,0,0,1,"HTTPConnectionPool(host='localhost', port=11434): Max retries exceeded with url: /api/generate (Caused by NewConnectionE",,,,,,
3,IgG4-related disease,drkg,kg,llama3.2:1b,0,8,A,1,1.0,1,1,1,1,"HTTPConnectionPool(host='localhost', port=11434): Max retries exceeded with url: /api/generate (Caused by NewConnectionE",,,,,,
3,IgG4-related disease,drkg,kg,llama3.2:1b,1,8,D,9,0.1111111111111111,0,0,0,1,"HTTPConnectionPool(host='localhost', port=11434): Max retries exceeded with url: /api/generate (Caused by NewConnectionE",,,,,,
3,COVID-19 (expanded population),drkg,kg,llama3.2:1b,0,8,B,9,0.1111111111111111,0,0,0,1,"HTTPConnectionPool(host='localhost', port=11434): Max retries exceeded with url: /api/generate (Caused by NewConnectionE",,,,,,
3,COVID-19 (expanded population),drkg,kg,llama3.2:1b,1,8,G,9,0.1111111111111111,0,0,0,1,"HTTPConnectionPool(host='localhost', port=11434): Max retries exceeded with url: /api/generate (Caused by NewConnectionE",,,,,,
3,Obstructive sleep apnea with obesity,drkg,kg,llama3.2:1b,0,8,G,9,0.1111111111111111,0,0,0,1,"HTTPConnectionPool(host='localhost', port=11434): Max retries exceeded with url: /api/generate (Caused by NewConnectionE",,,,,,
3,Obstructive sleep apnea with obesity,drkg,kg,llama3.2:1b,1,8,A,1,1.0,1,1,1,1,"HTTPConnectionPool(host='localhost', port=11434): Max retries exceeded with url: /api/generate (Caused by NewConnectionE",,,,,,
3,Biliary tract cancer 1L,drkg,kg,llama3.2:1b,0,8,B,9,0.1111111111111111,0,0,0,1,"HTTPConnectionPool(host='localhost', port=11434): Max retries exceeded with url: /api/generate (Caused by NewConnectionE",,,,,,
3,Biliary tract cancer 1L,drkg,kg,llama3.2:1b,1,8,D,9,0.1111111111111111,0,0,0,1,"HTTPConnectionPool(host='localhost', port=11434): Max retries exceeded with url: /api/generate (Caused by NewConnectionE",,,,,,
3,Retinal vein occlusion,drkg,kg,llama3.2:1b,0,8,F,9,0.1111111111111111,0,0,0,1,"HTTPConnectionPool(host='localhost', port=11434): Max retries exceeded with url: /api/generate (Caused by NewConnectionE",,,,,,
3,Retinal vein occlusion,drkg,kg,llama3.2:1b,1,8,F,9,0.1111111111111111,0,0,0,1,"HTTPConnectionPool(host='localhost', port=11434): Max retries exceeded with url: /api/generate (Caused by NewConnectionE",,,,,,
3,Chorea associated with Huntington's disease,drkg,kg,llama3.2:1b,0,8,C,9,0.1111111111111111,0,0,0,1,"HTTPConnectionPool(host='localhost', port=11434): Max retries exceeded with url: /api/generate (Caused by NewConnectionE",,,,,,
3,Chorea associated with Huntington's disease,drkg,kg,llama3.2:1b,1,8,A,1,1.0,1,1,1,1,"HTTPConnectionPool(host='localhost', port=11434): Max retries exceeded with url: /api/generate (Caused by NewConnectionE",,,,,,
3,High LDL-C with increased CV risk (expanded),drkg,kg,llama3.2:1b,0,8,H,9,0.1111111111111111,0,0,0,1,"HTTPConnectionPool(host='localhost', port=11434): Max retries exceeded with url: /api/generate (Caused by NewConnectionE",,,,,,
3,High LDL-C with increased CV risk (expanded),drkg,kg,llama3.2:1b,1,8,F,9,0.1111111111111111,0,0,0,1,"HTTPConnectionPool(host='localhost', port=11434): Max retries exceeded with url: /api/generate (Caused by NewConnectionE",,,,,,
3,Polycythaemia vera and essential thrombocytopenia,drkg,kg,llama3.2:1b,0,8,E,9,0.1111111111111111,0,0,0,1,"HTTPConnectionPool(host='localhost', port=11434): Max retries exceeded with url: /api/generate (Caused by NewConnectionE",,,,,,
3,Polycythaemia vera and essential thrombocytopenia,drkg,kg,llama3.2:1b,1,8,G,9,0.1111111111111111,0,0,0,1,"HTTPConnectionPool(host='localhost', port=11434): Max retries exceeded with url: /api/generate (Caused by NewConnectionE",,,,,,
3,Schnitzler syndrome (Japan),drkg,kg,llama3.2:1b,0,8,E,9,0.1111111111111111,0,0,0,1,"HTTPConnectionPool(host='localhost', port=11434): Max retries exceeded with url: /api/generate (Caused by NewConnectionE",,,,,,
3,Schnitzler syndrome (Japan),drkg,kg,llama3.2:1b,1,8,B,9,0.1111111111111111,0,0,0,1,"HTTPConnectionPool(host='localhost', port=11434): Max retries exceeded with url: /api/generate (Caused by NewConnectionE",,,,,,
3,COVID-19 updated strain,drkg,kg,llama3.2:1b,0,8,D,9,0.1111111111111111,0,0,0,1,"HTTPConnectionPool(host='localhost', port=11434): Max retries exceeded with url: /api/generate (Caused by NewConnectionE",,,,,,
3,COVID-19 updated strain,drkg,kg,llama3.2:1b,1,8,H,9,0.1111111111111111,0,0,0,1,"HTTPConnectionPool(host='localhost', port=11434): Max retries exceeded with url: /api/generate (Caused by NewConnectionE",,,,,,
3,Delay T1D onset in children ≥1yr,drkg,kg,llama3.2:1b,0,8,F,9,0.1111111111111111,0,0,0,1,"HTTPConnectionPool(host='localhost', port=11434): Max retries exceeded with url: /api/generate (Caused by NewConnectionE",,,,,,
3,Delay T1D onset in children ≥1yr,drkg,kg,llama3.2:1b,1,8,G,9,0.1111111111111111,0,0,0,1,"HTTPConnectionPool(host='localhost', port=11434): Max retries exceeded with url: /api/generate (Caused by NewConnectionE",,,,,,
3,"mCRC BRAF V600E (traditional approval, was accelerated)",drkg,kg,llama3.2:1b,0,8,F,9,0.1111111111111111,0,0,0,1,"HTTPConnectionPool(host='localhost', port=11434): Max retries exceeded with url: /api/generate (Caused by NewConnectionE",,,,,,
3,"mCRC BRAF V600E (traditional approval, was accelerated)",drkg,kg,llama3.2:1b,1,8,G,9,0.1111111111111111,0,0,0,1,"HTTPConnectionPool(host='localhost', port=11434): Max retries exceeded with url: /api/generate (Caused by NewConnectionE",,,,,,
3,Diabetic retinopathy/DME (EMA Mar+May 2026),drkg,kg,llama3.2:1b,0,8,D,9,0.1111111111111111,0,0,0,1,"HTTPConnectionPool(host='localhost', port=11434): Max retries exceeded with url: /api/generate (Caused by NewConnectionE",,,,,,
3,Diabetic retinopathy/DME (EMA Mar+May 2026),drkg,kg,llama3.2:1b,1,8,D,9,0.1111111111111111,0,0,0,1,"HTTPConnectionPool(host='localhost', port=11434): Max retries exceeded with url: /api/generate (Caused by NewConnectionE",,,,,,
3,Cerebral folate transport deficiency,drkg,kg,llama3.2:1b,0,8,C,9,0.1111111111111111,0,0,0,1,"HTTPConnectionPool(host='localhost', port=11434): Max retries exceeded with url: /api/generate (Caused by NewConnectionE",,,,,,
3,Cerebral folate transport deficiency,drkg,kg,llama3.2:1b,1,8,E,9,0.1111111111111111,0,0,0,1,"HTTPConnectionPool(host='localhost', port=11434): Max retries exceeded with url: /api/generate (Caused by NewConnectionE",,,,,,
3,Heart failure (broadened),drkg,kg,llama3.2:1b,0,8,G,9,0.1111111111111111,0,0,0,1,"HTTPConnectionPool(host='localhost', port=11434): Max retries exceeded with url: /api/generate (Caused by NewConnectionE",,,,,,
3,Heart failure (broadened),drkg,kg,llama3.2:1b,1,8,A,1,1.0,1,1,1,1,"HTTPConnectionPool(host='localhost', port=11434): Max retries exceeded with url: /api/generate (Caused by NewConnectionE",,,,,,
3,Acquired hypofibrinogenemia in cardiovascular surgery,drkg,kg,llama3.2:1b,0,8,D,9,0.1111111111111111,0,0,0,1,"HTTPConnectionPool(host='localhost', port=11434): Max retries exceeded with url: /api/generate (Caused by NewConnectionE",,,,,,
3,Acquired hypofibrinogenemia in cardiovascular surgery,drkg,kg,llama3.2:1b,1,8,H,9,0.1111111111111111,0,0,0,1,"HTTPConnectionPool(host='localhost', port=11434): Max retries exceeded with url: /api/generate (Caused by NewConnectionE",,,,,,
3,COPD,drkg,kg,llama3.2:1b,0,8,C,9,0.1111111111111111,0,0,0,1,"HTTPConnectionPool(host='localhost', port=11434): Max retries exceeded with url: /api/generate (Caused by NewConnectionE",,,,,,
3,COPD,drkg,kg,llama3.2:1b,1,8,G,9,0.1111111111111111,0,0,0,1,"HTTPConnectionPool(host='localhost', port=11434): Max retries exceeded with url: /api/generate (Caused by NewConnectionE",,,,,,
3,Chronic hepatitis B (pediatric),drkg,kg,llama3.2:1b,0,8,F,9,0.1111111111111111,0,0,0,1,"HTTPConnectionPool(host='localhost', port=11434): Max retries exceeded with url: /api/generate (Caused by NewConnectionE",,,,,,
3,Chronic hepatitis B (pediatric),drkg,kg,llama3.2:1b,1,8,B,9,0.1111111111111111,0,0,0,1,"HTTPConnectionPool(host='localhost', port=11434): Max retries exceeded with url: /api/generate (Caused by NewConnectionE",,,,,,
3,HoFH pediatric (EMA),drkg,kg,llama3.2:1b,0,8,C,9,0.1111111111111111,0,0,0,1,"HTTPConnectionPool(host='localhost', port=11434): Max retries exceeded with url: /api/generate (Caused by NewConnectionE",,,,,,
3,HoFH pediatric (EMA),drkg,kg,llama3.2:1b,1,8,A,1,1.0,1,1,1,1,"HTTPConnectionPool(host='localhost', port=11434): Max retries exceeded with url: /api/generate (Caused by NewConnectionE",,,,,,
3,HR+/HER2- breast cancer,drkg,kg,llama3.2:1b,0,8,G,9,0.1111111111111111,0,0,0,1,"HTTPConnectionPool(host='localhost', port=11434): Max retries exceeded with url: /api/generate (Caused by NewConnectionE",,,,,,
3,HR+/HER2- breast cancer,drkg,kg,llama3.2:1b,1,8,H,9,0.1111111111111111,0,0,0,1,"HTTPConnectionPool(host='localhost', port=11434): Max retries exceeded with url: /api/generate (Caused by NewConnectionE",,,,,,
3,Retinopathy of prematurity,drkg,kg,llama3.2:1b,0,8,F,9,0.1111111111111111,0,0,0,1,"HTTPConnectionPool(host='localhost', port=11434): Max retries exceeded with url: /api/generate (Caused by NewConnectionE",,,,,,
3,Retinopathy of prematurity,drkg,kg,llama3.2:1b,1,8,D,9,0.1111111111111111,0,0,0,1,"HTTPConnectionPool(host='localhost', port=11434): Max retries exceeded with url: /api/generate (Caused by NewConnectionE",,,,,,
3,Agitation associated with Alzheimer's dementia,drkg,kg,llama3.2:1b,0,8,E,9,0.1111111111111111,0,0,0,1,"HTTPConnectionPool(host='localhost', port=11434): Max retries exceeded with url: /api/generate (Caused by NewConnectionE",,,,,,
3,Agitation associated with Alzheimer's dementia,drkg,kg,llama3.2:1b,1,8,H,9,0.1111111111111111,0,0,0,1,"HTTPConnectionPool(host='localhost', port=11434): Max retries exceeded with url: /api/generate (Caused by NewConnectionE",,,,,,
3,Heterozygous familial hypercholesterolemia,drkg,kg,llama3.2:1b,0,8,C,9,0.1111111111111111,0,0,0,1,"HTTPConnectionPool(host='localhost', port=11434): Max retries exceeded with url: /api/generate (Caused by NewConnectionE",,,,,,
3,Heterozygous familial hypercholesterolemia,drkg,kg,llama3.2:1b,1,8,A,1,1.0,1,1,1,1,"HTTPConnectionPool(host='localhost', port=11434): Max retries exceeded with url: /api/generate (Caused by NewConnectionE",,,,,,
3,Indolent systemic mastocytosis,drkg,kg,llama3.2:1b,0,8,E,9,0.1111111111111111,0,0,0,1,"HTTPConnectionPool(host='localhost', port=11434): Max retries exceeded with url: /api/generate (Caused by NewConnectionE",,,,,,
3,Indolent systemic mastocytosis,drkg,kg,llama3.2:1b,1,8,C,9,0.1111111111111111,0,0,0,1,"HTTPConnectionPool(host='localhost', port=11434): Max retries exceeded with url: /api/generate (Caused by NewConnectionE",,,,,,
3,Juvenile idiopathic arthritis (EMA Feb 2026),drkg,kg,llama3.2:1b,0,8,D,9,0.1111111111111111,0,0,0,1,"HTTPConnectionPool(host='localhost', port=11434): Max retries exceeded with url: /api/generate (Caused by NewConnectionE",,,,,,
3,Juvenile idiopathic arthritis (EMA Feb 2026),drkg,kg,llama3.2:1b,1,8,D,9,0.1111111111111111,0,0,0,1,"HTTPConnectionPool(host='localhost', port=11434): Max retries exceeded with url: /api/generate (Caused by NewConnectionE",,,,,,
3,Invasive fungal infections pediatric ≥2yr,drkg,kg,llama3.2:1b,0,8,F,9,0.1111111111111111,0,0,0,1,"HTTPConnectionPool(host='localhost', port=11434): Max retries exceeded with url: /api/generate (Caused by NewConnectionE",,,,,,
3,Invasive fungal infections pediatric ≥2yr,drkg,kg,llama3.2:1b,1,8,F,9,0.1111111111111111,0,0,0,1,"HTTPConnectionPool(host='localhost', port=11434): Max retries exceeded with url: /api/generate (Caused by NewConnectionE",,,,,,
3,PKU expanded to ≥12yr,drkg,kg,llama3.2:1b,0,8,E,9,0.1111111111111111,0,0,0,1,"HTTPConnectionPool(host='localhost', port=11434): Max retries exceeded with url: /api/generate (Caused by NewConnectionE",,,,,,
3,PKU expanded to ≥12yr,drkg,kg,llama3.2:1b,1,8,D,9,0.1111111111111111,0,0,0,1,"HTTPConnectionPool(host='localhost', port=11434): Max retries exceeded with url: /api/generate (Caused by NewConnectionE",,,,,,
3,HR+/HER2-low breast cancer,drkg,kg,llama3.2:1b,0,8,H,9,0.1111111111111111,0,0,0,1,"HTTPConnectionPool(host='localhost', port=11434): Max retries exceeded with url: /api/generate (Caused by NewConnectionE",,,,,,
3,HR+/HER2-low breast cancer,drkg,kg,llama3.2:1b,1,8,B,9,0.1111111111111111,0,0,0,1,"HTTPConnectionPool(host='localhost', port=11434): Max retries exceeded with url: /api/generate (Caused by NewConnectionE",,,,,,
3,Spinal muscular atrophy (pediatric expansion),drkg,kg,llama3.2:1b,0,8,H,9,0.1111111111111111,0,0,0,1,"HTTPConnectionPool(host='localhost', port=11434): Max retries exceeded with url: /api/generate (Caused by NewConnectionE",,,,,,
3,Spinal muscular atrophy (pediatric expansion),drkg,kg,llama3.2:1b,1,8,B,9,0.1111111111111111,0,0,0,1,"HTTPConnectionPool(host='localhost', port=11434): Max retries exceeded with url: /api/generate (Caused by NewConnectionE",,,,,,
3,Chronic kidney disease,drkg,kg,llama3.2:1b,0,8,A,1,1.0,1,1,1,1,"HTTPConnectionPool(host='localhost', port=11434): Max retries exceeded with url: /api/generate (Caused by NewConnectionE",,,,,,
3,Chronic kidney disease,drkg,kg,llama3.2:1b,1,8,E,9,0.1111111111111111,0,0,0,1,"HTTPConnectionPool(host='localhost', port=11434): Max retries exceeded with url: /api/generate (Caused by NewConnectionE",,,,,,
3,IgE-mediated food allergy,drkg,kg,llama3.2:1b,0,8,D,9,0.1111111111111111,0,0,0,1,"HTTPConnectionPool(host='localhost', port=11434): Max retries exceeded with url: /api/generate (Caused by NewConnectionE",,,,,,
3,IgE-mediated food allergy,drkg,kg,llama3.2:1b,1,8,G,9,0.1111111111111111,0,0,0,1,"HTTPConnectionPool(host='localhost', port=11434): Max retries exceeded with url: /api/generate (Caused by NewConnectionE",,,,,,
3,Measles prophylaxis post-exposure,drkg,kg,llama3.2:1b,0,8,H,9,0.1111111111111111,0,0,0,1,"HTTPConnectionPool(host='localhost', port=11434): Max retries exceeded with url: /api/generate (Caused by NewConnectionE",,,,,,
3,Measles prophylaxis post-exposure,drkg,kg,llama3.2:1b,1,8,E,9,0.1111111111111111,0,0,0,1,"HTTPConnectionPool(host='localhost', port=11434): Max retries exceeded with url: /api/generate (Caused by NewConnectionE",,,,,,
3,CKD in T2D,drkg,kg,llama3.2:1b,0,8,H,9,0.1111111111111111,0,0,0,1,"HTTPConnectionPool(host='localhost', port=11434): Max retries exceeded with url: /api/generate (Caused by NewConnectionE",,,,,,
3,CKD in T2D,drkg,kg,llama3.2:1b,1,8,H,9,0.1111111111111111,0,0,0,1,"HTTPConnectionPool(host='localhost', port=11434): Max retries exceeded with url: /api/generate (Caused by NewConnectionE",,,,,,
3,dMMR recurrent/advanced endometrial cancer,drkg,kg,llama3.2:1b,0,8,C,9,0.1111111111111111,0,0,0,1,"HTTPConnectionPool(host='localhost', port=11434): Max retries exceeded with url: /api/generate (Caused by NewConnectionE",,,,,,
3,dMMR recurrent/advanced endometrial cancer,drkg,kg,llama3.2:1b,1,8,D,9,0.1111111111111111,0,0,0,1,"HTTPConnectionPool(host='localhost', port=11434): Max retries exceeded with url: /api/generate (Caused by NewConnectionE",,,,,,
3,ILD-associated pulmonary hypertension,drkg,kg,llama3.2:1b,0,8,F,9,0.1111111111111111,0,0,0,1,"HTTPConnectionPool(host='localhost', port=11434): Max retries exceeded with url: /api/generate (Caused by NewConnectionE",,,,,,
3,ILD-associated pulmonary hypertension,drkg,kg,llama3.2:1b,1,8,B,9,0.1111111111111111,0,0,0,1,"HTTPConnectionPool(host='localhost', port=11434): Max retries exceeded with url: /api/generate (Caused by NewConnectionE",,,,,,
3,Crohn's disease,drkg,kg,llama3.2:1b,0,8,B,9,0.1111111111111111,0,0,0,1,"HTTPConnectionPool(host='localhost', port=11434): Max retries exceeded with url: /api/generate (Caused by NewConnectionE",,,,,,
3,Crohn's disease,drkg,kg,llama3.2:1b,1,8,H,9,0.1111111111111111,0,0,0,1,"HTTPConnectionPool(host='localhost', port=11434): Max retries exceeded with url: /api/generate (Caused by NewConnectionE",,,,,,
3,COVID-19 in severe renal impairment/dialysis,drkg,kg,llama3.2:1b,0,8,C,9,0.1111111111111111,0,0,0,1,"HTTPConnectionPool(host='localhost', port=11434): Max retries exceeded with url: /api/generate (Caused by NewConnectionE",,,,,,
3,COVID-19 in severe renal impairment/dialysis,drkg,kg,llama3.2:1b,1,8,H,9,0.1111111111111111,0,0,0,1,"HTTPConnectionPool(host='localhost', port=11434): Max retries exceeded with url: /api/generate (Caused by NewConnectionE",,,,,,
3,MASH with fibrosis,drkg,kg,llama3.2:1b,0,8,D,9,0.1111111111111111,0,0,0,1,"HTTPConnectionPool(host='localhost', port=11434): Max retries exceeded with url: /api/generate (Caused by NewConnectionE",,,,,,
3,MASH with fibrosis,drkg,kg,llama3.2:1b,1,8,D,9,0.1111111111111111,0,0,0,1,"HTTPConnectionPool(host='localhost', port=11434): Max retries exceeded with url: /api/generate (Caused by NewConnectionE",,,,,,
3,Urothelial carcinoma (expanded population),drkg,kg,llama3.2:1b,0,8,C,9,0.1111111111111111,0,0,0,1,"HTTPConnectionPool(host='localhost', port=11434): Max retries exceeded with url: /api/generate (Caused by NewConnectionE",,,,,,
3,Urothelial carcinoma (expanded population),drkg,kg,llama3.2:1b,1,8,F,9,0.1111111111111111,0,0,0,1,"HTTPConnectionPool(host='localhost', port=11434): Max retries exceeded with url: /api/generate (Caused by NewConnectionE",,,,,,
3,Chronic thromboembolic pulmonary hypertension,drkg,kg,llama3.2:1b,0,8,C,9,0.1111111111111111,0,0,0,1,"HTTPConnectionPool(host='localhost', port=11434): Max retries exceeded with url: /api/generate (Caused by NewConnectionE",,,,,,
3,Chronic thromboembolic pulmonary hypertension,drkg,kg,llama3.2:1b,1,8,D,9,0.1111111111111111,0,0,0,1,"HTTPConnectionPool(host='localhost', port=11434): Max retries exceeded with url: /api/generate (Caused by NewConnectionE",,,,,,
3,Crohn's disease,drkg,kg,llama3.2:1b,0,8,D,9,0.1111111111111111,0,0,0,1,"HTTPConnectionPool(host='localhost', port=11434): Max retries exceeded with url: /api/generate (Caused by NewConnectionE",,,,,,
3,Crohn's disease,drkg,kg,llama3.2:1b,1,8,F,9,0.1111111111111111,0,0,0,1,"HTTPConnectionPool(host='localhost', port=11434): Max retries exceeded with url: /api/generate (Caused by NewConnectionE",,,,,,
3,HoFH in children,drkg,kg,llama3.2:1b,0,8,E,9,0.1111111111111111,0,0,0,1,"HTTPConnectionPool(host='localhost', port=11434): Max retries exceeded with url: /api/generate (Caused by NewConnectionE",,,,,,
3,HoFH in children,drkg,kg,llama3.2:1b,1,8,A,1,1.0,1,1,1,1,"HTTPConnectionPool(host='localhost', port=11434): Max retries exceeded with url: /api/generate (Caused by NewConnectionE",,,,,,
3,First-line anemia in lower-risk MDS,drkg,kg,llama3.2:1b,0,8,F,9,0.1111111111111111,0,0,0,1,"HTTPConnectionPool(host='localhost', port=11434): Max retries exceeded with url: /api/generate (Caused by NewConnectionE",,,,,,
3,First-line anemia in lower-risk MDS,drkg,kg,llama3.2:1b,1,8,F,9,0.1111111111111111,0,0,0,1,"HTTPConnectionPool(host='localhost', port=11434): Max retries exceeded with url: /api/generate (Caused by NewConnectionE",,,,,,
3,Generalized myasthenia gravis,drkg,kg,llama3.2:1b,0,8,C,9,0.1111111111111111,0,0,0,1,"HTTPConnectionPool(host='localhost', port=11434): Max retries exceeded with url: /api/generate (Caused by NewConnectionE",,,,,,
3,Generalized myasthenia gravis,drkg,kg,llama3.2:1b,1,8,E,9,0.1111111111111111,0,0,0,1,"HTTPConnectionPool(host='localhost', port=11434): Max retries exceeded with url: /api/generate (Caused by NewConnectionE",,,,,,
3,Acquired hypothalamic obesity,drkg,kg,llama3.2:1b,0,8,G,9,0.1111111111111111,0,0,0,1,"HTTPConnectionPool(host='localhost', port=11434): Max retries exceeded with url: /api/generate (Caused by NewConnectionE",,,,,,
3,Acquired hypothalamic obesity,drkg,kg,llama3.2:1b,1,8,B,9,0.1111111111111111,0,0,0,1,"HTTPConnectionPool(host='localhost', port=11434): Max retries exceeded with url: /api/generate (Caused by NewConnectionE",,,,,,
3,HR+/HER2- node-positive high-risk early breast cancer,drkg,kg,llama3.2:1b,0,8,D,9,0.1111111111111111,0,0,0,1,"HTTPConnectionPool(host='localhost', port=11434): Max retries exceeded with url: /api/generate (Caused by NewConnectionE",,,,,,
3,HR+/HER2- node-positive high-risk early breast cancer,drkg,kg,llama3.2:1b,1,8,F,9,0.1111111111111111,0,0,0,1,"HTTPConnectionPool(host='localhost', port=11434): Max retries exceeded with url: /api/generate (Caused by NewConnectionE",,,,,,
3,EGPA,drkg,kg,llama3.2:1b,0,8,F,9,0.1111111111111111,0,0,0,1,"HTTPConnectionPool(host='localhost', port=11434): Max retries exceeded with url: /api/generate (Caused by NewConnectionE",,,,,,
3,EGPA,drkg,kg,llama3.2:1b,1,8,F,9,0.1111111111111111,0,0,0,1,"HTTPConnectionPool(host='localhost', port=11434): Max retries exceeded with url: /api/generate (Caused by NewConnectionE",,,,,,
3,BRAF+ thyroid cancer,drkg,kg,llama3.2:1b,0,8,F,9,0.1111111111111111,0,0,0,1,"HTTPConnectionPool(host='localhost', port=11434): Max retries exceeded with url: /api/generate (Caused by NewConnectionE",,,,,,
3,BRAF+ thyroid cancer,drkg,kg,llama3.2:1b,1,8,D,9,0.1111111111111111,0,0,0,1,"HTTPConnectionPool(host='localhost', port=11434): Max retries exceeded with url: /api/generate (Caused by NewConnectionE",,,,,,
3,Giant cell arteritis,drkg,kg,llama3.2:1b,0,8,E,9,0.1111111111111111,0,0,0,1,"HTTPConnectionPool(host='localhost', port=11434): Max retries exceeded with url: /api/generate (Caused by NewConnectionE",,,,,,
3,Giant cell arteritis,drkg,kg,llama3.2:1b,1,8,A,1,1.0,1,1,1,1,"HTTPConnectionPool(host='localhost', port=11434): Max retries exceeded with url: /api/generate (Caused by NewConnectionE",,,,,,
3,dMMR/MSI-H primary advanced endometrial cancer,drkg,kg,llama3.2:1b,0,8,F,9,0.1111111111111111,0,0,0,1,"HTTPConnectionPool(host='localhost', port=11434): Max retries exceeded with url: /api/generate (Caused by NewConnectionE",,,,,,
3,dMMR/MSI-H primary advanced endometrial cancer,drkg,kg,llama3.2:1b,1,8,B,9,0.1111111111111111,0,0,0,1,"HTTPConnectionPool(host='localhost', port=11434): Max retries exceeded with url: /api/generate (Caused by NewConnectionE",,,,,,
3,Polymyalgia rheumatica,drkg,kg,llama3.2:1b,0,8,C,9,0.1111111111111111,0,0,0,1,"HTTPConnectionPool(host='localhost', port=11434): Max retries exceeded with url: /api/generate (Caused by NewConnectionE",,,,,,
3,Polymyalgia rheumatica,drkg,kg,llama3.2:1b,1,8,F,9,0.1111111111111111,0,0,0,1,"HTTPConnectionPool(host='localhost', port=11434): Max retries exceeded with url: /api/generate (Caused by NewConnectionE",,,,,,
3,Ph+ CML-CP frontline (EMA Feb 2026),drkg,kg,llama3.2:1b,0,8,F,9,0.1111111111111111,0,0,0,1,"HTTPConnectionPool(host='localhost', port=11434): Max retries exceeded with url: /api/generate (Caused by NewConnectionE",,,,,,
3,Ph+ CML-CP frontline (EMA Feb 2026),drkg,kg,llama3.2:1b,1,8,A,1,1.0,1,1,1,1,"HTTPConnectionPool(host='localhost', port=11434): Max retries exceeded with url: /api/generate (Caused by NewConnectionE",,,,,,
3,Allergic fungal rhinosinusitis (AFRS) ≥6yr,drkg,kg,llama3.2:1b,0,8,F,9,0.1111111111111111,0,0,0,1,"HTTPConnectionPool(host='localhost', port=11434): Max retries exceeded with url: /api/generate (Caused by NewConnectionE",,,,,,
3,Allergic fungal rhinosinusitis (AFRS) ≥6yr,drkg,kg,llama3.2:1b,1,8,A,1,1.0,1,1,1,1,"HTTPConnectionPool(host='localhost', port=11434): Max retries exceeded with url: /api/generate (Caused by NewConnectionE",,,,,,
3,RET-fusion NSCLC (expanded),drkg,kg,llama3.2:1b,0,8,C,9,0.1111111111111111,0,0,0,1,"HTTPConnectionPool(host='localhost', port=11434): Max retries exceeded with url: /api/generate (Caused by NewConnectionE",,,,,,
3,RET-fusion NSCLC (expanded),drkg,kg,llama3.2:1b,1,8,G,9,0.1111111111111111,0,0,0,1,"HTTPConnectionPool(host='localhost', port=11434): Max retries exceeded with url: /api/generate (Caused by NewConnectionE",,,,,,
3,"Crohn's disease (moderate-severe, refractory)",drkg,kg,llama3.2:1b,0,8,D,9,0.1111111111111111,0,0,0,1,"HTTPConnectionPool(host='localhost', port=11434): Max retries exceeded with url: /api/generate (Caused by NewConnectionE",,,,,,
3,"Crohn's disease (moderate-severe, refractory)",drkg,kg,llama3.2:1b,1,8,A,1,1.0,1,1,1,1,"HTTPConnectionPool(host='localhost', port=11434): Max retries exceeded with url: /api/generate (Caused by NewConnectionE",,,,,,
3,Follicular lymphoma,drkg,kg,llama3.2:1b,0,8,C,9,0.1111111111111111,0,0,0,1,"HTTPConnectionPool(host='localhost', port=11434): Max retries exceeded with url: /api/generate (Caused by NewConnectionE",,,,,,
3,Follicular lymphoma,drkg,kg,llama3.2:1b,1,8,C,9,0.1111111111111111,0,0,0,1,"HTTPConnectionPool(host='localhost', port=11434): Max retries exceeded with url: /api/generate (Caused by NewConnectionE",,,,,,
3,Atopic dermatitis,drkg,kg,llama3.2:1b,0,8,D,9,0.1111111111111111,0,0,0,1,"HTTPConnectionPool(host='localhost', port=11434): Max retries exceeded with url: /api/generate (Caused by NewConnectionE",,,,,,
3,Atopic dermatitis,drkg,kg,llama3.2:1b,1,8,F,9,0.1111111111111111,0,0,0,1,"HTTPConnectionPool(host='localhost', port=11434): Max retries exceeded with url: /api/generate (Caused by NewConnectionE",,,,,,
3,1L biliary tract cancer (+gemcitabine+cisplatin),drkg,kg,llama3.2:1b,0,8,C,9,0.1111111111111111,0,0,0,1,"HTTPConnectionPool(host='localhost', port=11434): Max retries exceeded with url: /api/generate (Caused by NewConnectionE",,,,,,
3,1L biliary tract cancer (+gemcitabine+cisplatin),drkg,kg,llama3.2:1b,1,8,B,9,0.1111111111111111,0,0,0,1,"HTTPConnectionPool(host='localhost', port=11434): Max retries exceeded with url: /api/generate (Caused by NewConnectionE",,,,,,
3,IV formulation for rheumatic diseases (EMA),drkg,kg,llama3.2:1b,0,8,D,9,0.1111111111111111,0,0,0,1,"HTTPConnectionPool(host='localhost', port=11434): Max retries exceeded with url: /api/generate (Caused by NewConnectionE",,,,,,
3,IV formulation for rheumatic diseases (EMA),drkg,kg,llama3.2:1b,1,8,C,9,0.1111111111111111,0,0,0,1,"HTTPConnectionPool(host='localhost', port=11434): Max retries exceeded with url: /api/generate (Caused by NewConnectionE",,,,,,
3,BRAF+ thyroid cancer,drkg,kg,llama3.2:1b,0,8,G,9,0.1111111111111111,0,0,0,1,"HTTPConnectionPool(host='localhost', port=11434): Max retries exceeded with url: /api/generate (Caused by NewConnectionE",,,,,,
3,BRAF+ thyroid cancer,drkg,kg,llama3.2:1b,1,8,G,9,0.1111111111111111,0,0,0,1,"HTTPConnectionPool(host='localhost', port=11434): Max retries exceeded with url: /api/generate (Caused by NewConnectionE",,,,,,
3,EGPA (expanded),drkg,kg,llama3.2:1b,0,8,B,9,0.1111111111111111,0,0,0,1,"HTTPConnectionPool(host='localhost', port=11434): Max retries exceeded with url: /api/generate (Caused by NewConnectionE",,,,,,
3,EGPA (expanded),drkg,kg,llama3.2:1b,1,8,B,9,0.1111111111111111,0,0,0,1,"HTTPConnectionPool(host='localhost', port=11434): Max retries exceeded with url: /api/generate (Caused by NewConnectionE",,,,,,
3,Pheochromocytoma/paraganglioma,drkg,kg,llama3.2:1b,0,8,D,9,0.1111111111111111,0,0,0,1,"HTTPConnectionPool(host='localhost', port=11434): Max retries exceeded with url: /api/generate (Caused by NewConnectionE",,,,,,
3,Pheochromocytoma/paraganglioma,drkg,kg,llama3.2:1b,1,8,H,9,0.1111111111111111,0,0,0,1,"HTTPConnectionPool(host='localhost', port=11434): Max retries exceeded with url: /api/generate (Caused by NewConnectionE",,,,,,
3,Pediatric atopic dermatitis,drkg,kg,llama3.2:1b,0,8,F,9,0.1111111111111111,0,0,0,1,"HTTPConnectionPool(host='localhost', port=11434): Max retries exceeded with url: /api/generate (Caused by NewConnectionE",,,,,,
3,Pediatric atopic dermatitis,drkg,kg,llama3.2:1b,1,8,F,9,0.1111111111111111,0,0,0,1,"HTTPConnectionPool(host='localhost', port=11434): Max retries exceeded with url: /api/generate (Caused by NewConnectionE",,,,,,
3,MSI-H/dMMR solid tumors (full approval conversion),drkg,kg,llama3.2:1b,0,8,H,9,0.1111111111111111,0,0,0,1,"HTTPConnectionPool(host='localhost', port=11434): Max retries exceeded with url: /api/generate (Caused by NewConnectionE",,,,,,
3,MSI-H/dMMR solid tumors (full approval conversion),drkg,kg,llama3.2:1b,1,8,E,9,0.1111111111111111,0,0,0,1,"HTTPConnectionPool(host='localhost', port=11434): Max retries exceeded with url: /api/generate (Caused by NewConnectionE",,,,,,
3,Psoriasis in children 6-11 (cream),drkg,kg,llama3.2:1b,0,8,A,1,1.0,1,1,1,1,"HTTPConnectionPool(host='localhost', port=11434): Max retries exceeded with url: /api/generate (Caused by NewConnectionE",,,,,,
3,Psoriasis in children 6-11 (cream),drkg,kg,llama3.2:1b,1,8,B,9,0.1111111111111111,0,0,0,1,"HTTPConnectionPool(host='localhost', port=11434): Max retries exceeded with url: /api/generate (Caused by NewConnectionE",,,,,,
3,Pancreatic NET,drkg,kg,llama3.2:1b,0,8,D,9,0.1111111111111111,0,0,0,1,"HTTPConnectionPool(host='localhost', port=11434): Max retries exceeded with url: /api/generate (Caused by NewConnectionE",,,,,,
3,Pancreatic NET,drkg,kg,llama3.2:1b,1,8,C,9,0.1111111111111111,0,0,0,1,"HTTPConnectionPool(host='localhost', port=11434): Max retries exceeded with url: /api/generate (Caused by NewConnectionE",,,,,,
3,Ulcerative colitis,drkg,kg,llama3.2:1b,0,8,D,9,0.1111111111111111,0,0,0,1,"HTTPConnectionPool(host='localhost', port=11434): Max retries exceeded with url: /api/generate (Caused by NewConnectionE",,,,,,
3,Ulcerative colitis,drkg,kg,llama3.2:1b,1,8,H,9,0.1111111111111111,0,0,0,1,"HTTPConnectionPool(host='localhost', port=11434): Max retries exceeded with url: /api/generate (Caused by NewConnectionE",,,,,,
3,Gastric/GEJ adenocarcinoma (1L +chemo),drkg,kg,llama3.2:1b,0,8,H,9,0.1111111111111111,0,0,0,1,"HTTPConnectionPool(host='localhost', port=11434): Max retries exceeded with url: /api/generate (Caused by NewConnectionE",,,,,,
3,Gastric/GEJ adenocarcinoma (1L +chemo),drkg,kg,llama3.2:1b,1,8,G,9,0.1111111111111111,0,0,0,1,"HTTPConnectionPool(host='localhost', port=11434): Max retries exceeded with url: /api/generate (Caused by NewConnectionE",,,,,,
3,Hidradenitis suppurativa,drkg,kg,llama3.2:1b,0,8,D,9,0.1111111111111111,0,0,0,1,"HTTPConnectionPool(host='localhost', port=11434): Max retries exceeded with url: /api/generate (Caused by NewConnectionE",,,,,,
3,Hidradenitis suppurativa,drkg,kg,llama3.2:1b,1,8,E,9,0.1111111111111111,0,0,0,1,"HTTPConnectionPool(host='localhost', port=11434): Max retries exceeded with url: /api/generate (Caused by NewConnectionE",,,,,,
3,Biliary tract cancer,drkg,kg,llama3.2:1b,0,8,A,1,1.0,1,1,1,1,"HTTPConnectionPool(host='localhost', port=11434): Max retries exceeded with url: /api/generate (Caused by NewConnectionE",,,,,,
3,Biliary tract cancer,drkg,kg,llama3.2:1b,1,8,A,1,1.0,1,1,1,1,"HTTPConnectionPool(host='localhost', port=11434): Max retries exceeded with url: /api/generate (Caused by NewConnectionE",,,,,,
3,Antibody-mediated rejection in organ transplantation,drkg,kg,llama3.2:1b,0,8,H,9,0.1111111111111111,0,0,0,1,"HTTPConnectionPool(host='localhost', port=11434): Max retries exceeded with url: /api/generate (Caused by NewConnectionE",,,,,,
3,Antibody-mediated rejection in organ transplantation,drkg,kg,llama3.2:1b,1,8,G,9,0.1111111111111111,0,0,0,1,"HTTPConnectionPool(host='localhost', port=11434): Max retries exceeded with url: /api/generate (Caused by NewConnectionE",,,,,,
3,Neoadj+adj HNSCC,drkg,kg,llama3.2:1b,0,8,G,9,0.1111111111111111,0,0,0,1,"HTTPConnectionPool(host='localhost', port=11434): Max retries exceeded with url: /api/generate (Caused by NewConnectionE",,,,,,
3,Neoadj+adj HNSCC,drkg,kg,llama3.2:1b,1,8,H,9,0.1111111111111111,0,0,0,1,"HTTPConnectionPool(host='localhost', port=11434): Max retries exceeded with url: /api/generate (Caused by NewConnectionE",,,,,,
3,Ulcerative colitis,drkg,kg,llama3.2:1b,0,8,B,9,0.1111111111111111,0,0,0,1,"HTTPConnectionPool(host='localhost', port=11434): Max retries exceeded with url: /api/generate (Caused by NewConnectionE",,,,,,
3,Ulcerative colitis,drkg,kg,llama3.2:1b,1,8,E,9,0.1111111111111111,0,0,0,1,"HTTPConnectionPool(host='localhost', port=11434): Max retries exceeded with url: /api/generate (Caused by NewConnectionE",,,,,,
3,dMMR/MSI-H primary advanced endometrial cancer (+chemo),drkg,kg,llama3.2:1b,0,8,B,9,0.1111111111111111,0,0,0,1,"HTTPConnectionPool(host='localhost', port=11434): Max retries exceeded with url: /api/generate (Caused by NewConnectionE",,,,,,
3,dMMR/MSI-H primary advanced endometrial cancer (+chemo),drkg,kg,llama3.2:1b,1,8,F,9,0.1111111111111111,0,0,0,1,"HTTPConnectionPool(host='localhost', port=11434): Max retries exceeded with url: /api/generate (Caused by NewConnectionE",,,,,,
3,GVHD + pediatric,drkg,kg,llama3.2:1b,0,8,D,9,0.1111111111111111,0,0,0,1,"HTTPConnectionPool(host='localhost', port=11434): Max retries exceeded with url: /api/generate (Caused by NewConnectionE",,,,,,
3,GVHD + pediatric,drkg,kg,llama3.2:1b,1,8,F,9,0.1111111111111111,0,0,0,1,"HTTPConnectionPool(host='localhost', port=11434): Max retries exceeded with url: /api/generate (Caused by NewConnectionE",,,,,,
3,Gastric/GEJ adenocarcinoma,drkg,kg,llama3.2:1b,0,8,B,9,0.1111111111111111,0,0,0,1,"HTTPConnectionPool(host='localhost', port=11434): Max retries exceeded with url: /api/generate (Caused by NewConnectionE",,,,,,
3,Gastric/GEJ adenocarcinoma,drkg,kg,llama3.2:1b,1,8,D,9,0.1111111111111111,0,0,0,1,"HTTPConnectionPool(host='localhost', port=11434): Max retries exceeded with url: /api/generate (Caused by NewConnectionE",,,,,,
3,COPD (EMA 2025),drkg,kg,llama3.2:1b,0,8,B,9,0.1111111111111111,0,0,0,1,"HTTPConnectionPool(host='localhost', port=11434): Max retries exceeded with url: /api/generate (Caused by NewConnectionE",,,,,,
3,COPD (EMA 2025),drkg,kg,llama3.2:1b,1,8,F,9,0.1111111111111111,0,0,0,1,"HTTPConnectionPool(host='localhost', port=11434): Max retries exceeded with url: /api/generate (Caused by NewConnectionE",,,,,,
3,RAS wild-type HER2+ metastatic colorectal cancer,drkg,kg,llama3.2:1b,0,8,E,9,0.1111111111111111,0,0,0,1,"HTTPConnectionPool(host='localhost', port=11434): Max retries exceeded with url: /api/generate (Caused by NewConnectionE",,,,,,
3,RAS wild-type HER2+ metastatic colorectal cancer,drkg,kg,llama3.2:1b,1,8,D,9,0.1111111111111111,0,0,0,1,"HTTPConnectionPool(host='localhost', port=11434): Max retries exceeded with url: /api/generate (Caused by NewConnectionE",,,,,,
3,Primary immunodeficiency pediatric (EMA),drkg,kg,llama3.2:1b,0,8,D,9,0.1111111111111111,0,0,0,1,"HTTPConnectionPool(host='localhost', port=11434): Max retries exceeded with url: /api/generate (Caused by NewConnectionE",,,,,,
3,Primary immunodeficiency pediatric (EMA),drkg,kg,llama3.2:1b,1,8,B,9,0.1111111111111111,0,0,0,1,"HTTPConnectionPool(host='localhost', port=11434): Max retries exceeded with url: /api/generate (Caused by NewConnectionE",,,,,,
3,BRAF V600E metastatic NSCLC,drkg,kg,llama3.2:1b,0,8,H,9,0.1111111111111111,0,0,0,1,"HTTPConnectionPool(host='localhost', port=11434): Max retries exceeded with url: /api/generate (Caused by NewConnectionE",,,,,,
3,BRAF V600E metastatic NSCLC,drkg,kg,llama3.2:1b,1,8,G,9,0.1111111111111111,0,0,0,1,"HTTPConnectionPool(host='localhost', port=11434): Max retries exceeded with url: /api/generate (Caused by NewConnectionE",,,,,,
3,CRSwNP (eosinophilic chronic rhinosinusitis with nasal polyps),drkg,kg,llama3.2:1b,0,8,C,9,0.1111111111111111,0,0,0,1,"HTTPConnectionPool(host='localhost', port=11434): Max retries exceeded with url: /api/generate (Caused by NewConnectionE",,,,,,
3,CRSwNP (eosinophilic chronic rhinosinusitis with nasal polyps),drkg,kg,llama3.2:1b,1,8,E,9,0.1111111111111111,0,0,0,1,"HTTPConnectionPool(host='localhost', port=11434): Max retries exceeded with url: /api/generate (Caused by NewConnectionE",,,,,,
3,Pediatric glioma (EMA),drkg,kg,llama3.2:1b,0,8,C,9,0.1111111111111111,0,0,0,1,"HTTPConnectionPool(host='localhost', port=11434): Max retries exceeded with url: /api/generate (Caused by NewConnectionE",,,,,,
3,Pediatric glioma (EMA),drkg,kg,llama3.2:1b,1,8,E,9,0.1111111111111111,0,0,0,1,"HTTPConnectionPool(host='localhost', port=11434): Max retries exceeded with url: /api/generate (Caused by NewConnectionE",,,,,,
3,Primary humoral immunodeficiency pediatric 2-11yr,drkg,kg,llama3.2:1b,0,8,F,9,0.1111111111111111,0,0,0,1,"HTTPConnectionPool(host='localhost', port=11434): Max retries exceeded with url: /api/generate (Caused by NewConnectionE",,,,,,
3,Primary humoral immunodeficiency pediatric 2-11yr,drkg,kg,llama3.2:1b,1,8,G,9,0.1111111111111111,0,0,0,1,"HTTPConnectionPool(host='localhost', port=11434): Max retries exceeded with url: /api/generate (Caused by NewConnectionE",,,,,,
3,"ALK+ solid tumors (tissue-agnostic, world-first)",drkg,kg,llama3.2:1b,0,8,G,9,0.1111111111111111,0,0,0,1,"HTTPConnectionPool(host='localhost', port=11434): Max retries exceeded with url: /api/generate (Caused by NewConnectionE",,,,,,
3,"ALK+ solid tumors (tissue-agnostic, world-first)",drkg,kg,llama3.2:1b,1,8,B,9,0.1111111111111111,0,0,0,1,"HTTPConnectionPool(host='localhost', port=11434): Max retries exceeded with url: /api/generate (Caused by NewConnectionE",,,,,,
3,Primary mediastinal large B-cell lymphoma,drkg,kg,llama3.2:1b,0,8,C,9,0.1111111111111111,0,0,0,1,"HTTPConnectionPool(host='localhost', port=11434): Max retries exceeded with url: /api/generate (Caused by NewConnectionE",,,,,,
3,Primary mediastinal large B-cell lymphoma,drkg,kg,llama3.2:1b,1,8,E,9,0.1111111111111111,0,0,0,1,"HTTPConnectionPool(host='localhost', port=11434): Max retries exceeded with url: /api/generate (Caused by NewConnectionE",,,,,,
3,HR+/HER2- metastatic breast cancer,drkg,kg,llama3.2:1b,0,8,B,9,0.1111111111111111,0,0,0,1,"HTTPConnectionPool(host='localhost', port=11434): Max retries exceeded with url: /api/generate (Caused by NewConnectionE",,,,,,
3,HR+/HER2- metastatic breast cancer,drkg,kg,llama3.2:1b,1,8,D,9,0.1111111111111111,0,0,0,1,"HTTPConnectionPool(host='localhost', port=11434): Max retries exceeded with url: /api/generate (Caused by NewConnectionE",,,,,,
3,HER2+ early-stage BC (neoadjuvant + adjuvant),drkg,kg,llama3.2:1b,0,8,F,9,0.1111111111111111,0,0,0,1,"HTTPConnectionPool(host='localhost', port=11434): Max retries exceeded with url: /api/generate (Caused by NewConnectionE",,,,,,
3,HER2+ early-stage BC (neoadjuvant + adjuvant),drkg,kg,llama3.2:1b,1,8,G,9,0.1111111111111111,0,0,0,1,"HTTPConnectionPool(host='localhost', port=11434): Max retries exceeded with url: /api/generate (Caused by NewConnectionE",,,,,,
3,"Pediatric low-grade glioma (+dabrafenib, BRAF V600E)",drkg,kg,llama3.2:1b,0,8,F,9,0.1111111111111111,0,0,0,1,"HTTPConnectionPool(host='localhost', port=11434): Max retries exceeded with url: /api/generate (Caused by NewConnectionE",,,,,,
3,"Pediatric low-grade glioma (+dabrafenib, BRAF V600E)",drkg,kg,llama3.2:1b,1,8,B,9,0.1111111111111111,0,0,0,1,"HTTPConnectionPool(host='localhost', port=11434): Max retries exceeded with url: /api/generate (Caused by NewConnectionE",,,,,,
3,mHSPC + ADT,drkg,kg,llama3.2:1b,0,8,A,1,1.0,1,1,1,1,"HTTPConnectionPool(host='localhost', port=11434): Max retries exceeded with url: /api/generate (Caused by NewConnectionE",,,,,,
3,mHSPC + ADT,drkg,kg,llama3.2:1b,1,8,C,9,0.1111111111111111,0,0,0,1,"HTTPConnectionPool(host='localhost', port=11434): Max retries exceeded with url: /api/generate (Caused by NewConnectionE",,,,,,
3,Pediatric BRAF V600E low-grade glioma,drkg,kg,llama3.2:1b,0,8,E,9,0.1111111111111111,0,0,0,1,"HTTPConnectionPool(host='localhost', port=11434): Max retries exceeded with url: /api/generate (Caused by NewConnectionE",,,,,,
3,Pediatric BRAF V600E low-grade glioma,drkg,kg,llama3.2:1b,1,8,C,9,0.1111111111111111,0,0,0,1,"HTTPConnectionPool(host='localhost', port=11434): Max retries exceeded with url: /api/generate (Caused by NewConnectionE",,,,,,
3,HER2-mutant NSCLC (EMA),drkg,kg,llama3.2:1b,0,8,E,9,0.1111111111111111,0,0,0,1,"HTTPConnectionPool(host='localhost', port=11434): Max retries exceeded with url: /api/generate (Caused by NewConnectionE",,,,,,
3,HER2-mutant NSCLC (EMA),drkg,kg,llama3.2:1b,1,8,F,9,0.1111111111111111,0,0,0,1,"HTTPConnectionPool(host='localhost', port=11434): Max retries exceeded with url: /api/generate (Caused by NewConnectionE",,,,,,
3,Ph+ CML-CP after 2+ TKIs,drkg,kg,llama3.2:1b,0,8,E,9,0.1111111111111111,0,0,0,1,"HTTPConnectionPool(host='localhost', port=11434): Max retries exceeded with url: /api/generate (Caused by NewConnectionE",,,,,,
3,Ph+ CML-CP after 2+ TKIs,drkg,kg,llama3.2:1b,1,8,D,9,0.1111111111111111,0,0,0,1,"HTTPConnectionPool(host='localhost', port=11434): Max retries exceeded with url: /api/generate (Caused by NewConnectionE",,,,,,
3,HR+/HER2- metastatic breast cancer,drkg,kg,llama3.2:1b,0,8,H,9,0.1111111111111111,0,0,0,1,"HTTPConnectionPool(host='localhost', port=11434): Max retries exceeded with url: /api/generate (Caused by NewConnectionE",,,,,,
3,HR+/HER2- metastatic breast cancer,drkg,kg,llama3.2:1b,1,8,H,9,0.1111111111111111,0,0,0,1,"HTTPConnectionPool(host='localhost', port=11434): Max retries exceeded with url: /api/generate (Caused by NewConnectionE",,,,,,
3,HER2-mutant NSCLC (PMDA),drkg,kg,llama3.2:1b,0,8,H,9,0.1111111111111111,0,0,0,1,"HTTPConnectionPool(host='localhost', port=11434): Max retries exceeded with url: /api/generate (Caused by NewConnectionE",,,,,,
3,HER2-mutant NSCLC (PMDA),drkg,kg,llama3.2:1b,1,8,C,9,0.1111111111111111,0,0,0,1,"HTTPConnectionPool(host='localhost', port=11434): Max retries exceeded with url: /api/generate (Caused by NewConnectionE",,,,,,
3,Follicular lymphoma (+obinutuzumab),drkg,kg,llama3.2:1b,0,8,G,9,0.1111111111111111,0,0,0,1,"HTTPConnectionPool(host='localhost', port=11434): Max retries exceeded with url: /api/generate (Caused by NewConnectionE",,,,,,
3,Follicular lymphoma (+obinutuzumab),drkg,kg,llama3.2:1b,1,8,D,9,0.1111111111111111,0,0,0,1,"HTTPConnectionPool(host='localhost', port=11434): Max retries exceeded with url: /api/generate (Caused by NewConnectionE",,,,,,
3,Platinum-resistant ovarian carcinoma (PD-L1+ CPS≥1),drkg,kg,llama3.2:1b,0,8,G,9,0.1111111111111111,0,0,0,1,"HTTPConnectionPool(host='localhost', port=11434): Max retries exceeded with url: /api/generate (Caused by NewConnectionE",,,,,,
3,Platinum-resistant ovarian carcinoma (PD-L1+ CPS≥1),drkg,kg,llama3.2:1b,1,8,H,9,0.1111111111111111,0,0,0,1,"HTTPConnectionPool(host='localhost', port=11434): Max retries exceeded with url: /api/generate (Caused by NewConnectionE",,,,,,
3,Resectable gastric/GEJ adenocarcinoma (neoadj+adj +FLOT),drkg,kg,llama3.2:1b,0,8,G,9,0.1111111111111111,0,0,0,1,"HTTPConnectionPool(host='localhost', port=11434): Max retries exceeded with url: /api/generate (Caused by NewConnectionE",,,,,,
3,Resectable gastric/GEJ adenocarcinoma (neoadj+adj +FLOT),drkg,kg,llama3.2:1b,1,8,C,9,0.1111111111111111,0,0,0,1,"HTTPConnectionPool(host='localhost', port=11434): Max retries exceeded with url: /api/generate (Caused by NewConnectionE",,,,,,
3,Advanced RCC after PD-1/PD-L1 + VEGF-TKI,drkg,kg,llama3.2:1b,0,8,D,9,0.1111111111111111,0,0,0,1,"HTTPConnectionPool(host='localhost', port=11434): Max retries exceeded with url: /api/generate (Caused by NewConnectionE",,,,,,
3,Advanced RCC after PD-1/PD-L1 + VEGF-TKI,drkg,kg,llama3.2:1b,1,8,F,9,0.1111111111111111,0,0,0,1,"HTTPConnectionPool(host='localhost', port=11434): Max retries exceeded with url: /api/generate (Caused by NewConnectionE",,,,,,
3,HER2+ solid tumors (tumor-agnostic),drkg,kg,llama3.2:1b,0,8,F,9,0.1111111111111111,0,0,0,1,"HTTPConnectionPool(host='localhost', port=11434): Max retries exceeded with url: /api/generate (Caused by NewConnectionE",,,,,,
3,HER2+ solid tumors (tumor-agnostic),drkg,kg,llama3.2:1b,1,8,G,9,0.1111111111111111,0,0,0,1,"HTTPConnectionPool(host='localhost', port=11434): Max retries exceeded with url: /api/generate (Caused by NewConnectionE",,,,,,
3,HR+/HER2- early breast cancer (adjuvant),drkg,kg,llama3.2:1b,0,8,F,9,0.1111111111111111,0,0,0,1,"HTTPConnectionPool(host='localhost', port=11434): Max retries exceeded with url: /api/generate (Caused by NewConnectionE",,,,,,
3,HR+/HER2- early breast cancer (adjuvant),drkg,kg,llama3.2:1b,1,8,C,9,0.1111111111111111,0,0,0,1,"HTTPConnectionPool(host='localhost', port=11434): Max retries exceeded with url: /api/generate (Caused by NewConnectionE",,,,,,
3,Chronic lymphocytic leukemia,drkg,kg,llama3.2:1b,0,8,A,1,1.0,1,1,1,1,"HTTPConnectionPool(host='localhost', port=11434): Max retries exceeded with url: /api/generate (Caused by NewConnectionE",,,,,,
3,Chronic lymphocytic leukemia,drkg,kg,llama3.2:1b,1,8,D,9,0.1111111111111111,0,0,0,1,"HTTPConnectionPool(host='localhost', port=11434): Max retries exceeded with url: /api/generate (Caused by NewConnectionE",,,,,,
3,Unresectable thymic carcinoma (PMDA),drkg,kg,llama3.2:1b,0,8,F,9,0.1111111111111111,0,0,0,1,"HTTPConnectionPool(host='localhost', port=11434): Max retries exceeded with url: /api/generate (Caused by NewConnectionE",,,,,,
3,Unresectable thymic carcinoma (PMDA),drkg,kg,llama3.2:1b,1,8,D,9,0.1111111111111111,0,0,0,1,"HTTPConnectionPool(host='localhost', port=11434): Max retries exceeded with url: /api/generate (Caused by NewConnectionE",,,,,,
3,IDH1-mutated relapsed/refractory MDS,drkg,kg,llama3.2:1b,0,8,C,9,0.1111111111111111,0,0,0,1,"HTTPConnectionPool(host='localhost', port=11434): Max retries exceeded with url: /api/generate (Caused by NewConnectionE",,,,,,
3,IDH1-mutated relapsed/refractory MDS,drkg,kg,llama3.2:1b,1,8,D,9,0.1111111111111111,0,0,0,1,"HTTPConnectionPool(host='localhost', port=11434): Max retries exceeded with url: /api/generate (Caused by NewConnectionE",,,,,,
3,Metastatic colorectal cancer,drkg,kg,llama3.2:1b,0,8,C,9,0.1111111111111111,0,0,0,1,"HTTPConnectionPool(host='localhost', port=11434): Max retries exceeded with url: /api/generate (Caused by NewConnectionE",,,,,,
3,Metastatic colorectal cancer,drkg,kg,llama3.2:1b,1,8,D,9,0.1111111111111111,0,0,0,1,"HTTPConnectionPool(host='localhost', port=11434): Max retries exceeded with url: /api/generate (Caused by NewConnectionE",,,,,,
3,Agitation associated with Alzheimer's dementia,biokg,kg,llama3.2:1b,0,8,G,9,0.1111111111111111,0,0,0,1,"HTTPConnectionPool(host='localhost', port=11434): Max retries exceeded with url: /api/generate (Caused by NewConnectionE",,,,,,
3,Agitation associated with Alzheimer's dementia,biokg,kg,llama3.2:1b,1,8,C,9,0.1111111111111111,0,0,0,1,"HTTPConnectionPool(host='localhost', port=11434): Max retries exceeded with url: /api/generate (Caused by NewConnectionE",,,,,,
3,LDL-C elevation in statin-intolerant dyslipidemia,biokg,kg,llama3.2:1b,0,8,B,9,0.1111111111111111,0,0,0,1,"HTTPConnectionPool(host='localhost', port=11434): Max retries exceeded with url: /api/generate (Caused by NewConnectionE",,,,,,
3,LDL-C elevation in statin-intolerant dyslipidemia,biokg,kg,llama3.2:1b,1,8,E,9,0.1111111111111111,0,0,0,1,"HTTPConnectionPool(host='localhost', port=11434): Max retries exceeded with url: /api/generate (Caused by NewConnectionE",,,,,,
3,First-line anemia in lower-risk MDS,biokg,kg,llama3.2:1b,0,8,E,9,0.1111111111111111,0,0,0,1,"HTTPConnectionPool(host='localhost', port=11434): Max retries exceeded with url: /api/generate (Caused by NewConnectionE",,,,,,
3,First-line anemia in lower-risk MDS,biokg,kg,llama3.2:1b,1,8,G,9,0.1111111111111111,0,0,0,1,"HTTPConnectionPool(host='localhost', port=11434): Max retries exceeded with url: /api/generate (Caused by NewConnectionE",,,,,,
3,Palmoplantar pustulosis (PMDA),biokg,kg,llama3.2:1b,0,8,F,9,0.1111111111111111,0,0,0,1,"HTTPConnectionPool(host='localhost', port=11434): Max retries exceeded with url: /api/generate (Caused by NewConnectionE",,,,,,
3,Palmoplantar pustulosis (PMDA),biokg,kg,llama3.2:1b,1,8,H,9,0.1111111111111111,0,0,0,1,"HTTPConnectionPool(host='localhost', port=11434): Max retries exceeded with url: /api/generate (Caused by NewConnectionE",,,,,,
3,Acute HCV pediatric,biokg,kg,llama3.2:1b,0,8,G,9,0.1111111111111111,0,0,0,1,"HTTPConnectionPool(host='localhost', port=11434): Max retries exceeded with url: /api/generate (Caused by NewConnectionE",,,,,,
3,Acute HCV pediatric,biokg,kg,llama3.2:1b,1,8,C,9,0.1111111111111111,0,0,0,1,"HTTPConnectionPool(host='localhost', port=11434): Max retries exceeded with url: /api/generate (Caused by NewConnectionE",,,,,,
3,Oral tablet formulation for weight management,biokg,kg,llama3.2:1b,0,8,G,9,0.1111111111111111,0,0,0,1,"HTTPConnectionPool(host='localhost', port=11434): Max retries exceeded with url: /api/generate (Caused by NewConnectionE",,,,,,
3,Oral tablet formulation for weight management,biokg,kg,llama3.2:1b,1,8,E,9,0.1111111111111111,0,0,0,1,"HTTPConnectionPool(host='localhost', port=11434): Max retries exceeded with url: /api/generate (Caused by NewConnectionE",,,,,,
3,Nephrotic syndrome,biokg,kg,llama3.2:1b,0,8,D,9,0.1111111111111111,0,0,0,1,"HTTPConnectionPool(host='localhost', port=11434): Max retries exceeded with url: /api/generate (Caused by NewConnectionE",,,,,,
3,Nephrotic syndrome,biokg,kg,llama3.2:1b,1,8,E,9,0.1111111111111111,0,0,0,1,"HTTPConnectionPool(host='localhost', port=11434): Max retries exceeded with url: /api/generate (Caused by NewConnectionE",,,,,,
3,KRAS G12C+ mCRC,biokg,kg,llama3.2:1b,0,8,H,9,0.1111111111111111,0,0,0,1,"HTTPConnectionPool(host='localhost', port=11434): Max retries exceeded with url: /api/generate (Caused by NewConnectionE",,,,,,
3,KRAS G12C+ mCRC,biokg,kg,llama3.2:1b,1,8,A,1,1.0,1,1,1,1,"HTTPConnectionPool(host='localhost', port=11434): Max retries exceeded with url: /api/generate (Caused by NewConnectionE",,,,,,
3,Retinal vein occlusion,biokg,kg,llama3.2:1b,0,8,H,9,0.1111111111111111,0,0,0,1,"HTTPConnectionPool(host='localhost', port=11434): Max retries exceeded with url: /api/generate (Caused by NewConnectionE",,,,,,
3,Retinal vein occlusion,biokg,kg,llama3.2:1b,1,8,H,9,0.1111111111111111,0,0,0,1,"HTTPConnectionPool(host='localhost', port=11434): Max retries exceeded with url: /api/generate (Caused by NewConnectionE",,,,,,
3,TRD monotherapy,biokg,kg,llama3.2:1b,0,8,C,9,0.1111111111111111,0,0,0,1,"HTTPConnectionPool(host='localhost', port=11434): Max retries exceeded with url: /api/generate (Caused by NewConnectionE",,,,,,
3,TRD monotherapy,biokg,kg,llama3.2:1b,1,8,D,9,0.1111111111111111,0,0,0,1,"HTTPConnectionPool(host='localhost', port=11434): Max retries exceeded with url: /api/generate (Caused by NewConnectionE",,,,,,
3,Reduce MACE in CVD + obesity/overweight,biokg,kg,llama3.2:1b,0,8,B,9,0.1111111111111111,0,0,0,1,"HTTPConnectionPool(host='localhost', port=11434): Max retries exceeded with url: /api/generate (Caused by NewConnectionE",,,,,,
3,Reduce MACE in CVD + obesity/overweight,biokg,kg,llama3.2:1b,1,8,H,9,0.1111111111111111,0,0,0,1,"HTTPConnectionPool(host='localhost', port=11434): Max retries exceeded with url: /api/generate (Caused by NewConnectionE",,,,,,
3,Indolent systemic mastocytosis (EMA),biokg,kg,llama3.2:1b,0,8,G,9,0.1111111111111111,0,0,0,1,"HTTPConnectionPool(host='localhost', port=11434): Max retries exceeded with url: /api/generate (Caused by NewConnectionE",,,,,,
3,Indolent systemic mastocytosis (EMA),biokg,kg,llama3.2:1b,1,8,G,9,0.1111111111111111,0,0,0,1,"HTTPConnectionPool(host='localhost', port=11434): Max retries exceeded with url: /api/generate (Caused by NewConnectionE",,,,,,
3,IgG4-related disease,biokg,kg,llama3.2:1b,0,8,B,9,0.1111111111111111,0,0,0,1,"HTTPConnectionPool(host='localhost', port=11434): Max retries exceeded with url: /api/generate (Caused by NewConnectionE",,,,,,
3,IgG4-related disease,biokg,kg,llama3.2:1b,1,8,B,9,0.1111111111111111,0,0,0,1,"HTTPConnectionPool(host='localhost', port=11434): Max retries exceeded with url: /api/generate (Caused by NewConnectionE",,,,,,
3,COVID-19 (expanded population),biokg,kg,llama3.2:1b,0,8,C,9,0.1111111111111111,0,0,0,1,"HTTPConnectionPool(host='localhost', port=11434): Max retries exceeded with url: /api/generate (Caused by NewConnectionE",,,,,,
3,COVID-19 (expanded population),biokg,kg,llama3.2:1b,1,8,C,9,0.1111111111111111,0,0,0,1,"HTTPConnectionPool(host='localhost', port=11434): Max retries exceeded with url: /api/generate (Caused by NewConnectionE",,,,,,
3,Obstructive sleep apnea with obesity,biokg,kg,llama3.2:1b,0,8,B,9,0.1111111111111111,0,0,0,1,"HTTPConnectionPool(host='localhost', port=11434): Max retries exceeded with url: /api/generate (Caused by NewConnectionE",,,,,,
3,Obstructive sleep apnea with obesity,biokg,kg,llama3.2:1b,1,8,A,1,1.0,1,1,1,1,"HTTPConnectionPool(host='localhost', port=11434): Max retries exceeded with url: /api/generate (Caused by NewConnectionE",,,,,,
3,Biliary tract cancer 1L,biokg,kg,llama3.2:1b,0,8,C,9,0.1111111111111111,0,0,0,1,"HTTPConnectionPool(host='localhost', port=11434): Max retries exceeded with url: /api/generate (Caused by NewConnectionE",,,,,,
3,Biliary tract cancer 1L,biokg,kg,llama3.2:1b,1,8,E,9,0.1111111111111111,0,0,0,1,"HTTPConnectionPool(host='localhost', port=11434): Max retries exceeded with url: /api/generate (Caused by NewConnectionE",,,,,,
3,Retinal vein occlusion,biokg,kg,llama3.2:1b,0,8,G,9,0.1111111111111111,0,0,0,1,"HTTPConnectionPool(host='localhost', port=11434): Max retries exceeded with url: /api/generate (Caused by NewConnectionE",,,,,,
3,Retinal vein occlusion,biokg,kg,llama3.2:1b,1,8,E,9,0.1111111111111111,0,0,0,1,"HTTPConnectionPool(host='localhost', port=11434): Max retries exceeded with url: /api/generate (Caused by NewConnectionE",,,,,,
3,Chorea associated with Huntington's disease,biokg,kg,llama3.2:1b,0,8,C,9,0.1111111111111111,0,0,0,1,"HTTPConnectionPool(host='localhost', port=11434): Max retries exceeded with url: /api/generate (Caused by NewConnectionE",,,,,,
3,Chorea associated with Huntington's disease,biokg,kg,llama3.2:1b,1,8,E,9,0.1111111111111111,0,0,0,1,"HTTPConnectionPool(host='localhost', port=11434): Max retries exceeded with url: /api/generate (Caused by NewConnectionE",,,,,,
3,High LDL-C with increased CV risk (expanded),biokg,kg,llama3.2:1b,0,8,E,9,0.1111111111111111,0,0,0,1,"HTTPConnectionPool(host='localhost', port=11434): Max retries exceeded with url: /api/generate (Caused by NewConnectionE",,,,,,
3,High LDL-C with increased CV risk (expanded),biokg,kg,llama3.2:1b,1,8,F,9,0.1111111111111111,0,0,0,1,"HTTPConnectionPool(host='localhost', port=11434): Max retries exceeded with url: /api/generate (Caused by NewConnectionE",,,,,,
3,Polycythaemia vera and essential thrombocytopenia,biokg,kg,llama3.2:1b,0,8,G,9,0.1111111111111111,0,0,0,1,"HTTPConnectionPool(host='localhost', port=11434): Max retries exceeded with url: /api/generate (Caused by NewConnectionE",,,,,,
3,Polycythaemia vera and essential thrombocytopenia,biokg,kg,llama3.2:1b,1,8,H,9,0.1111111111111111,0,0,0,1,"HTTPConnectionPool(host='localhost', port=11434): Max retries exceeded with url: /api/generate (Caused by NewConnectionE",,,,,,
3,Schnitzler syndrome (Japan),biokg,kg,llama3.2:1b,0,8,D,9,0.1111111111111111,0,0,0,1,"HTTPConnectionPool(host='localhost', port=11434): Max retries exceeded with url: /api/generate (Caused by NewConnectionE",,,,,,
3,Schnitzler syndrome (Japan),biokg,kg,llama3.2:1b,1,8,D,9,0.1111111111111111,0,0,0,1,"HTTPConnectionPool(host='localhost', port=11434): Max retries exceeded with url: /api/generate (Caused by NewConnectionE",,,,,,
3,COVID-19 updated strain,biokg,kg,llama3.2:1b,0,8,B,9,0.1111111111111111,0,0,0,1,"HTTPConnectionPool(host='localhost', port=11434): Max retries exceeded with url: /api/generate (Caused by NewConnectionE",,,,,,
3,COVID-19 updated strain,biokg,kg,llama3.2:1b,1,8,H,9,0.1111111111111111,0,0,0,1,"HTTPConnectionPool(host='localhost', port=11434): Max retries exceeded with url: /api/generate (Caused by NewConnectionE",,,,,,
3,Delay T1D onset in children ≥1yr,biokg,kg,llama3.2:1b,0,8,H,9,0.1111111111111111,0,0,0,1,"HTTPConnectionPool(host='localhost', port=11434): Max retries exceeded with url: /api/generate (Caused by NewConnectionE",,,,,,
3,Delay T1D onset in children ≥1yr,biokg,kg,llama3.2:1b,1,8,B,9,0.1111111111111111,0,0,0,1,"HTTPConnectionPool(host='localhost', port=11434): Max retries exceeded with url: /api/generate (Caused by NewConnectionE",,,,,,
3,"mCRC BRAF V600E (traditional approval, was accelerated)",biokg,kg,llama3.2:1b,0,8,H,9,0.1111111111111111,0,0,0,1,"HTTPConnectionPool(host='localhost', port=11434): Max retries exceeded with url: /api/generate (Caused by NewConnectionE",,,,,,
3,"mCRC BRAF V600E (traditional approval, was accelerated)",biokg,kg,llama3.2:1b,1,8,F,9,0.1111111111111111,0,0,0,1,"HTTPConnectionPool(host='localhost', port=11434): Max retries exceeded with url: /api/generate (Caused by NewConnectionE",,,,,,
3,Diabetic retinopathy/DME (EMA Mar+May 2026),biokg,kg,llama3.2:1b,0,8,D,9,0.1111111111111111,0,0,0,1,"HTTPConnectionPool(host='localhost', port=11434): Max retries exceeded with url: /api/generate (Caused by NewConnectionE",,,,,,
3,Diabetic retinopathy/DME (EMA Mar+May 2026),biokg,kg,llama3.2:1b,1,8,H,9,0.1111111111111111,0,0,0,1,"HTTPConnectionPool(host='localhost', port=11434): Max retries exceeded with url: /api/generate (Caused by NewConnectionE",,,,,,
3,Cerebral folate transport deficiency,biokg,kg,llama3.2:1b,0,8,E,9,0.1111111111111111,0,0,0,1,"HTTPConnectionPool(host='localhost', port=11434): Max retries exceeded with url: /api/generate (Caused by NewConnectionE",,,,,,
3,Cerebral folate transport deficiency,biokg,kg,llama3.2:1b,1,8,H,9,0.1111111111111111,0,0,0,1,"HTTPConnectionPool(host='localhost', port=11434): Max retries exceeded with url: /api/generate (Caused by NewConnectionE",,,,,,
3,Heart failure (broadened),biokg,kg,llama3.2:1b,0,8,F,9,0.1111111111111111,0,0,0,1,"HTTPConnectionPool(host='localhost', port=11434): Max retries exceeded with url: /api/generate (Caused by NewConnectionE",,,,,,
3,Heart failure (broadened),biokg,kg,llama3.2:1b,1,8,C,9,0.1111111111111111,0,0,0,1,"HTTPConnectionPool(host='localhost', port=11434): Max retries exceeded with url: /api/generate (Caused by NewConnectionE",,,,,,
3,Acquired hypofibrinogenemia in cardiovascular surgery,biokg,kg,llama3.2:1b,0,8,D,9,0.1111111111111111,0,0,0,1,"HTTPConnectionPool(host='localhost', port=11434): Max retries exceeded with url: /api/generate (Caused by NewConnectionE",,,,,,
3,Acquired hypofibrinogenemia in cardiovascular surgery,biokg,kg,llama3.2:1b,1,8,E,9,0.1111111111111111,0,0,0,1,"HTTPConnectionPool(host='localhost', port=11434): Max retries exceeded with url: /api/generate (Caused by NewConnectionE",,,,,,
3,COPD,biokg,kg,llama3.2:1b,0,8,E,9,0.1111111111111111,0,0,0,1,"HTTPConnectionPool(host='localhost', port=11434): Max retries exceeded with url: /api/generate (Caused by NewConnectionE",,,,,,
3,COPD,biokg,kg,llama3.2:1b,1,8,B,9,0.1111111111111111,0,0,0,1,"HTTPConnectionPool(host='localhost', port=11434): Max retries exceeded with url: /api/generate (Caused by NewConnectionE",,,,,,
3,Chronic hepatitis B (pediatric),biokg,kg,llama3.2:1b,0,8,E,9,0.1111111111111111,0,0,0,1,"HTTPConnectionPool(host='localhost', port=11434): Max retries exceeded with url: /api/generate (Caused by NewConnectionE",,,,,,
3,Chronic hepatitis B (pediatric),biokg,kg,llama3.2:1b,1,8,H,9,0.1111111111111111,0,0,0,1,"HTTPConnectionPool(host='localhost', port=11434): Max retries exceeded with url: /api/generate (Caused by NewConnectionE",,,,,,
3,HoFH pediatric (EMA),biokg,kg,llama3.2:1b,0,8,D,9,0.1111111111111111,0,0,0,1,"HTTPConnectionPool(host='localhost', port=11434): Max retries exceeded with url: /api/generate (Caused by NewConnectionE",,,,,,
3,HoFH pediatric (EMA),biokg,kg,llama3.2:1b,1,8,A,1,1.0,1,1,1,1,"HTTPConnectionPool(host='localhost', port=11434): Max retries exceeded with url: /api/generate (Caused by NewConnectionE",,,,,,
3,HR+/HER2- breast cancer,biokg,kg,llama3.2:1b,0,8,E,9,0.1111111111111111,0,0,0,1,"HTTPConnectionPool(host='localhost', port=11434): Max retries exceeded with url: /api/generate (Caused by NewConnectionE",,,,,,
3,HR+/HER2- breast cancer,biokg,kg,llama3.2:1b,1,8,D,9,0.1111111111111111,0,0,0,1,"HTTPConnectionPool(host='localhost', port=11434): Max retries exceeded with url: /api/generate (Caused by NewConnectionE",,,,,,
3,Retinopathy of prematurity,biokg,kg,llama3.2:1b,0,8,G,9,0.1111111111111111,0,0,0,1,"HTTPConnectionPool(host='localhost', port=11434): Max retries exceeded with url: /api/generate (Caused by NewConnectionE",,,,,,
3,Retinopathy of prematurity,biokg,kg,llama3.2:1b,1,8,A,1,1.0,1,1,1,1,"HTTPConnectionPool(host='localhost', port=11434): Max retries exceeded with url: /api/generate (Caused by NewConnectionE",,,,,,
3,Agitation associated with Alzheimer's dementia,biokg,kg,llama3.2:1b,0,8,G,9,0.1111111111111111,0,0,0,1,"HTTPConnectionPool(host='localhost', port=11434): Max retries exceeded with url: /api/generate (Caused by NewConnectionE",,,,,,
3,Agitation associated with Alzheimer's dementia,biokg,kg,llama3.2:1b,1,8,B,9,0.1111111111111111,0,0,0,1,"HTTPConnectionPool(host='localhost', port=11434): Max retries exceeded with url: /api/generate (Caused by NewConnectionE",,,,,,
3,Heterozygous familial hypercholesterolemia,biokg,kg,llama3.2:1b,0,8,C,9,0.1111111111111111,0,0,0,1,"HTTPConnectionPool(host='localhost', port=11434): Max retries exceeded with url: /api/generate (Caused by NewConnectionE",,,,,,
3,Heterozygous familial hypercholesterolemia,biokg,kg,llama3.2:1b,1,8,D,9,0.1111111111111111,0,0,0,1,"HTTPConnectionPool(host='localhost', port=11434): Max retries exceeded with url: /api/generate (Caused by NewConnectionE",,,,,,
3,Indolent systemic mastocytosis,biokg,kg,llama3.2:1b,0,8,B,9,0.1111111111111111,0,0,0,1,"HTTPConnectionPool(host='localhost', port=11434): Max retries exceeded with url: /api/generate (Caused by NewConnectionE",,,,,,
3,Indolent systemic mastocytosis,biokg,kg,llama3.2:1b,1,8,H,9,0.1111111111111111,0,0,0,1,"HTTPConnectionPool(host='localhost', port=11434): Max retries exceeded with url: /api/generate (Caused by NewConnectionE",,,,,,
3,Juvenile idiopathic arthritis (EMA Feb 2026),biokg,kg,llama3.2:1b,0,8,F,9,0.1111111111111111,0,0,0,1,"HTTPConnectionPool(host='localhost', port=11434): Max retries exceeded with url: /api/generate (Caused by NewConnectionE",,,,,,
3,Juvenile idiopathic arthritis (EMA Feb 2026),biokg,kg,llama3.2:1b,1,8,E,9,0.1111111111111111,0,0,0,1,"HTTPConnectionPool(host='localhost', port=11434): Max retries exceeded with url: /api/generate (Caused by NewConnectionE",,,,,,
3,Invasive fungal infections pediatric ≥2yr,biokg,kg,llama3.2:1b,0,8,C,9,0.1111111111111111,0,0,0,1,"HTTPConnectionPool(host='localhost', port=11434): Max retries exceeded with url: /api/generate (Caused by NewConnectionE",,,,,,
3,Invasive fungal infections pediatric ≥2yr,biokg,kg,llama3.2:1b,1,8,A,1,1.0,1,1,1,1,"HTTPConnectionPool(host='localhost', port=11434): Max retries exceeded with url: /api/generate (Caused by NewConnectionE",,,,,,
3,PKU expanded to ≥12yr,biokg,kg,llama3.2:1b,0,8,F,9,0.1111111111111111,0,0,0,1,"HTTPConnectionPool(host='localhost', port=11434): Max retries exceeded with url: /api/generate (Caused by NewConnectionE",,,,,,
3,PKU expanded to ≥12yr,biokg,kg,llama3.2:1b,1,8,C,9,0.1111111111111111,0,0,0,1,"HTTPConnectionPool(host='localhost', port=11434): Max retries exceeded with url: /api/generate (Caused by NewConnectionE",,,,,,
3,HR+/HER2-low breast cancer,biokg,kg,llama3.2:1b,0,8,A,1,1.0,1,1,1,1,"HTTPConnectionPool(host='localhost', port=11434): Max retries exceeded with url: /api/generate (Caused by NewConnectionE",,,,,,
3,HR+/HER2-low breast cancer,biokg,kg,llama3.2:1b,1,8,A,1,1.0,1,1,1,1,"HTTPConnectionPool(host='localhost', port=11434): Max retries exceeded with url: /api/generate (Caused by NewConnectionE",,,,,,
3,Spinal muscular atrophy (pediatric expansion),biokg,kg,llama3.2:1b,0,8,G,9,0.1111111111111111,0,0,0,1,"HTTPConnectionPool(host='localhost', port=11434): Max retries exceeded with url: /api/generate (Caused by NewConnectionE",,,,,,
3,Spinal muscular atrophy (pediatric expansion),biokg,kg,llama3.2:1b,1,8,H,9,0.1111111111111111,0,0,0,1,"HTTPConnectionPool(host='localhost', port=11434): Max retries exceeded with url: /api/generate (Caused by NewConnectionE",,,,,,
3,Chronic kidney disease,biokg,kg,llama3.2:1b,0,8,B,9,0.1111111111111111,0,0,0,1,"HTTPConnectionPool(host='localhost', port=11434): Max retries exceeded with url: /api/generate (Caused by NewConnectionE",,,,,,
3,Chronic kidney disease,biokg,kg,llama3.2:1b,1,8,B,9,0.1111111111111111,0,0,0,1,"HTTPConnectionPool(host='localhost', port=11434): Max retries exceeded with url: /api/generate (Caused by NewConnectionE",,,,,,
3,IgE-mediated food allergy,biokg,kg,llama3.2:1b,0,8,F,9,0.1111111111111111,0,0,0,1,"HTTPConnectionPool(host='localhost', port=11434): Max retries exceeded with url: /api/generate (Caused by NewConnectionE",,,,,,
3,IgE-mediated food allergy,biokg,kg,llama3.2:1b,1,8,A,1,1.0,1,1,1,1,"HTTPConnectionPool(host='localhost', port=11434): Max retries exceeded with url: /api/generate (Caused by NewConnectionE",,,,,,
3,Measles prophylaxis post-exposure,biokg,kg,llama3.2:1b,0,8,F,9,0.1111111111111111,0,0,0,1,"HTTPConnectionPool(host='localhost', port=11434): Max retries exceeded with url: /api/generate (Caused by NewConnectionE",,,,,,
3,Measles prophylaxis post-exposure,biokg,kg,llama3.2:1b,1,8,C,9,0.1111111111111111,0,0,0,1,"HTTPConnectionPool(host='localhost', port=11434): Max retries exceeded with url: /api/generate (Caused by NewConnectionE",,,,,,
3,CKD in T2D,biokg,kg,llama3.2:1b,0,8,D,9,0.1111111111111111,0,0,0,1,"HTTPConnectionPool(host='localhost', port=11434): Max retries exceeded with url: /api/generate (Caused by NewConnectionE",,,,,,
3,CKD in T2D,biokg,kg,llama3.2:1b,1,8,F,9,0.1111111111111111,0,0,0,1,"HTTPConnectionPool(host='localhost', port=11434): Max retries exceeded with url: /api/generate (Caused by NewConnectionE",,,,,,
3,dMMR recurrent/advanced endometrial cancer,biokg,kg,llama3.2:1b,0,8,E,9,0.1111111111111111,0,0,0,1,"HTTPConnectionPool(host='localhost', port=11434): Max retries exceeded with url: /api/generate (Caused by NewConnectionE",,,,,,
3,dMMR recurrent/advanced endometrial cancer,biokg,kg,llama3.2:1b,1,8,A,1,1.0,1,1,1,1,"HTTPConnectionPool(host='localhost', port=11434): Max retries exceeded with url: /api/generate (Caused by NewConnectionE",,,,,,
3,ILD-associated pulmonary hypertension,biokg,kg,llama3.2:1b,0,8,C,9,0.1111111111111111,0,0,0,1,"HTTPConnectionPool(host='localhost', port=11434): Max retries exceeded with url: /api/generate (Caused by NewConnectionE",,,,,,
3,ILD-associated pulmonary hypertension,biokg,kg,llama3.2:1b,1,8,F,9,0.1111111111111111,0,0,0,1,"HTTPConnectionPool(host='localhost', port=11434): Max retries exceeded with url: /api/generate (Caused by NewConnectionE",,,,,,
3,Crohn's disease,biokg,kg,llama3.2:1b,0,8,G,9,0.1111111111111111,0,0,0,1,"HTTPConnectionPool(host='localhost', port=11434): Max retries exceeded with url: /api/generate (Caused by NewConnectionE",,,,,,
3,Crohn's disease,biokg,kg,llama3.2:1b,1,8,D,9,0.1111111111111111,0,0,0,1,"HTTPConnectionPool(host='localhost', port=11434): Max retries exceeded with url: /api/generate (Caused by NewConnectionE",,,,,,
3,COVID-19 in severe renal impairment/dialysis,biokg,kg,llama3.2:1b,0,8,D,9,0.1111111111111111,0,0,0,1,"HTTPConnectionPool(host='localhost', port=11434): Max retries exceeded with url: /api/generate (Caused by NewConnectionE",,,,,,
3,COVID-19 in severe renal impairment/dialysis,biokg,kg,llama3.2:1b,1,8,A,1,1.0,1,1,1,1,"HTTPConnectionPool(host='localhost', port=11434): Max retries exceeded with url: /api/generate (Caused by NewConnectionE",,,,,,
3,MASH with fibrosis,biokg,kg,llama3.2:1b,0,8,A,1,1.0,1,1,1,1,"HTTPConnectionPool(host='localhost', port=11434): Max retries exceeded with url: /api/generate (Caused by NewConnectionE",,,,,,
3,MASH with fibrosis,biokg,kg,llama3.2:1b,1,8,F,9,0.1111111111111111,0,0,0,1,"HTTPConnectionPool(host='localhost', port=11434): Max retries exceeded with url: /api/generate (Caused by NewConnectionE",,,,,,
3,Urothelial carcinoma (expanded population),biokg,kg,llama3.2:1b,0,8,B,9,0.1111111111111111,0,0,0,1,"HTTPConnectionPool(host='localhost', port=11434): Max retries exceeded with url: /api/generate (Caused by NewConnectionE",,,,,,
3,Urothelial carcinoma (expanded population),biokg,kg,llama3.2:1b,1,8,G,9,0.1111111111111111,0,0,0,1,"HTTPConnectionPool(host='localhost', port=11434): Max retries exceeded with url: /api/generate (Caused by NewConnectionE",,,,,,
3,Chronic thromboembolic pulmonary hypertension,biokg,kg,llama3.2:1b,0,8,E,9,0.1111111111111111,0,0,0,1,"HTTPConnectionPool(host='localhost', port=11434): Max retries exceeded with url: /api/generate (Caused by NewConnectionE",,,,,,
3,Chronic thromboembolic pulmonary hypertension,biokg,kg,llama3.2:1b,1,8,B,9,0.1111111111111111,0,0,0,1,"HTTPConnectionPool(host='localhost', port=11434): Max retries exceeded with url: /api/generate (Caused by NewConnectionE",,,,,,
3,Crohn's disease,biokg,kg,llama3.2:1b,0,8,H,9,0.1111111111111111,0,0,0,1,"HTTPConnectionPool(host='localhost', port=11434): Max retries exceeded with url: /api/generate (Caused by NewConnectionE",,,,,,
3,Crohn's disease,biokg,kg,llama3.2:1b,1,8,A,1,1.0,1,1,1,1,"HTTPConnectionPool(host='localhost', port=11434): Max retries exceeded with url: /api/generate (Caused by NewConnectionE",,,,,,
3,HoFH in children,biokg,kg,llama3.2:1b,0,8,F,9,0.1111111111111111,0,0,0,1,"HTTPConnectionPool(host='localhost', port=11434): Max retries exceeded with url: /api/generate (Caused by NewConnectionE",,,,,,
3,HoFH in children,biokg,kg,llama3.2:1b,1,8,H,9,0.1111111111111111,0,0,0,1,"HTTPConnectionPool(host='localhost', port=11434): Max retries exceeded with url: /api/generate (Caused by NewConnectionE",,,,,,
3,First-line anemia in lower-risk MDS,biokg,kg,llama3.2:1b,0,8,C,9,0.1111111111111111,0,0,0,1,"HTTPConnectionPool(host='localhost', port=11434): Max retries exceeded with url: /api/generate (Caused by NewConnectionE",,,,,,
3,First-line anemia in lower-risk MDS,biokg,kg,llama3.2:1b,1,8,D,9,0.1111111111111111,0,0,0,1,"HTTPConnectionPool(host='localhost', port=11434): Max retries exceeded with url: /api/generate (Caused by NewConnectionE",,,,,,
3,Generalized myasthenia gravis,biokg,kg,llama3.2:1b,0,8,B,9,0.1111111111111111,0,0,0,1,"HTTPConnectionPool(host='localhost', port=11434): Max retries exceeded with url: /api/generate (Caused by NewConnectionE",,,,,,
3,Generalized myasthenia gravis,biokg,kg,llama3.2:1b,1,8,H,9,0.1111111111111111,0,0,0,1,"HTTPConnectionPool(host='localhost', port=11434): Max retries exceeded with url: /api/generate (Caused by NewConnectionE",,,,,,
3,Acquired hypothalamic obesity,biokg,kg,llama3.2:1b,0,8,E,9,0.1111111111111111,0,0,0,1,"HTTPConnectionPool(host='localhost', port=11434): Max retries exceeded with url: /api/generate (Caused by NewConnectionE",,,,,,
3,Acquired hypothalamic obesity,biokg,kg,llama3.2:1b,1,8,B,9,0.1111111111111111,0,0,0,1,"HTTPConnectionPool(host='localhost', port=11434): Max retries exceeded with url: /api/generate (Caused by NewConnectionE",,,,,,
3,HR+/HER2- node-positive high-risk early breast cancer,biokg,kg,llama3.2:1b,0,8,C,9,0.1111111111111111,0,0,0,1,"HTTPConnectionPool(host='localhost', port=11434): Max retries exceeded with url: /api/generate (Caused by NewConnectionE",,,,,,
3,HR+/HER2- node-positive high-risk early breast cancer,biokg,kg,llama3.2:1b,1,8,C,9,0.1111111111111111,0,0,0,1,"HTTPConnectionPool(host='localhost', port=11434): Max retries exceeded with url: /api/generate (Caused by NewConnectionE",,,,,,
3,EGPA,biokg,kg,llama3.2:1b,0,8,A,1,1.0,1,1,1,1,"HTTPConnectionPool(host='localhost', port=11434): Max retries exceeded with url: /api/generate (Caused by NewConnectionE",,,,,,
3,EGPA,biokg,kg,llama3.2:1b,1,8,B,9,0.1111111111111111,0,0,0,1,"HTTPConnectionPool(host='localhost', port=11434): Max retries exceeded with url: /api/generate (Caused by NewConnectionE",,,,,,
3,BRAF+ thyroid cancer,biokg,kg,llama3.2:1b,0,8,G,9,0.1111111111111111,0,0,0,1,"HTTPConnectionPool(host='localhost', port=11434): Max retries exceeded with url: /api/generate (Caused by NewConnectionE",,,,,,
3,BRAF+ thyroid cancer,biokg,kg,llama3.2:1b,1,8,D,9,0.1111111111111111,0,0,0,1,"HTTPConnectionPool(host='localhost', port=11434): Max retries exceeded with url: /api/generate (Caused by NewConnectionE",,,,,,
3,Giant cell arteritis,biokg,kg,llama3.2:1b,0,8,E,9,0.1111111111111111,0,0,0,1,"HTTPConnectionPool(host='localhost', port=11434): Max retries exceeded with url: /api/generate (Caused by NewConnectionE",,,,,,
3,Giant cell arteritis,biokg,kg,llama3.2:1b,1,8,C,9,0.1111111111111111,0,0,0,1,"HTTPConnectionPool(host='localhost', port=11434): Max retries exceeded with url: /api/generate (Caused by NewConnectionE",,,,,,
3,dMMR/MSI-H primary advanced endometrial cancer,biokg,kg,llama3.2:1b,0,8,B,9,0.1111111111111111,0,0,0,1,"HTTPConnectionPool(host='localhost', port=11434): Max retries exceeded with url: /api/generate (Caused by NewConnectionE",,,,,,
3,dMMR/MSI-H primary advanced endometrial cancer,biokg,kg,llama3.2:1b,1,8,E,9,0.1111111111111111,0,0,0,1,"HTTPConnectionPool(host='localhost', port=11434): Max retries exceeded with url: /api/generate (Caused by NewConnectionE",,,,,,
3,Polymyalgia rheumatica,biokg,kg,llama3.2:1b,0,8,H,9,0.1111111111111111,0,0,0,1,"HTTPConnectionPool(host='localhost', port=11434): Max retries exceeded with url: /api/generate (Caused by NewConnectionE",,,,,,
3,Polymyalgia rheumatica,biokg,kg,llama3.2:1b,1,8,C,9,0.1111111111111111,0,0,0,1,"HTTPConnectionPool(host='localhost', port=11434): Max retries exceeded with url: /api/generate (Caused by NewConnectionE",,,,,,
3,Ph+ CML-CP frontline (EMA Feb 2026),biokg,kg,llama3.2:1b,0,8,B,9,0.1111111111111111,0,0,0,1,"HTTPConnectionPool(host='localhost', port=11434): Max retries exceeded with url: /api/generate (Caused by NewConnectionE",,,,,,
3,Ph+ CML-CP frontline (EMA Feb 2026),biokg,kg,llama3.2:1b,1,8,D,9,0.1111111111111111,0,0,0,1,"HTTPConnectionPool(host='localhost', port=11434): Max retries exceeded with url: /api/generate (Caused by NewConnectionE",,,,,,
3,Allergic fungal rhinosinusitis (AFRS) ≥6yr,biokg,kg,llama3.2:1b,0,8,F,9,0.1111111111111111,0,0,0,1,"HTTPConnectionPool(host='localhost', port=11434): Max retries exceeded with url: /api/generate (Caused by NewConnectionE",,,,,,
3,Allergic fungal rhinosinusitis (AFRS) ≥6yr,biokg,kg,llama3.2:1b,1,8,H,9,0.1111111111111111,0,0,0,1,"HTTPConnectionPool(host='localhost', port=11434): Max retries exceeded with url: /api/generate (Caused by NewConnectionE",,,,,,
3,RET-fusion NSCLC (expanded),biokg,kg,llama3.2:1b,0,8,C,9,0.1111111111111111,0,0,0,1,"HTTPConnectionPool(host='localhost', port=11434): Max retries exceeded with url: /api/generate (Caused by NewConnectionE",,,,,,
3,RET-fusion NSCLC (expanded),biokg,kg,llama3.2:1b,1,8,F,9,0.1111111111111111,0,0,0,1,"HTTPConnectionPool(host='localhost', port=11434): Max retries exceeded with url: /api/generate (Caused by NewConnectionE",,,,,,
3,"Crohn's disease (moderate-severe, refractory)",biokg,kg,llama3.2:1b,0,8,D,9,0.1111111111111111,0,0,0,1,"HTTPConnectionPool(host='localhost', port=11434): Max retries exceeded with url: /api/generate (Caused by NewConnectionE",,,,,,
3,"Crohn's disease (moderate-severe, refractory)",biokg,kg,llama3.2:1b,1,8,G,9,0.1111111111111111,0,0,0,1,"HTTPConnectionPool(host='localhost', port=11434): Max retries exceeded with url: /api/generate (Caused by NewConnectionE",,,,,,
3,Follicular lymphoma,biokg,kg,llama3.2:1b,0,8,G,9,0.1111111111111111,0,0,0,1,"HTTPConnectionPool(host='localhost', port=11434): Max retries exceeded with url: /api/generate (Caused by NewConnectionE",,,,,,
3,Follicular lymphoma,biokg,kg,llama3.2:1b,1,8,F,9,0.1111111111111111,0,0,0,1,"HTTPConnectionPool(host='localhost', port=11434): Max retries exceeded with url: /api/generate (Caused by NewConnectionE",,,,,,
3,Atopic dermatitis,biokg,kg,llama3.2:1b,0,8,E,9,0.1111111111111111,0,0,0,1,"HTTPConnectionPool(host='localhost', port=11434): Max retries exceeded with url: /api/generate (Caused by NewConnectionE",,,,,,
3,Atopic dermatitis,biokg,kg,llama3.2:1b,1,8,H,9,0.1111111111111111,0,0,0,1,"HTTPConnectionPool(host='localhost', port=11434): Max retries exceeded with url: /api/generate (Caused by NewConnectionE",,,,,,
3,1L biliary tract cancer (+gemcitabine+cisplatin),biokg,kg,llama3.2:1b,0,8,D,9,0.1111111111111111,0,0,0,1,"HTTPConnectionPool(host='localhost', port=11434): Max retries exceeded with url: /api/generate (Caused by NewConnectionE",,,,,,
3,1L biliary tract cancer (+gemcitabine+cisplatin),biokg,kg,llama3.2:1b,1,8,H,9,0.1111111111111111,0,0,0,1,"HTTPConnectionPool(host='localhost', port=11434): Max retries exceeded with url: /api/generate (Caused by NewConnectionE",,,,,,
3,IV formulation for rheumatic diseases (EMA),biokg,kg,llama3.2:1b,0,8,C,9,0.1111111111111111,0,0,0,1,"HTTPConnectionPool(host='localhost', port=11434): Max retries exceeded with url: /api/generate (Caused by NewConnectionE",,,,,,
3,IV formulation for rheumatic diseases (EMA),biokg,kg,llama3.2:1b,1,8,C,9,0.1111111111111111,0,0,0,1,"HTTPConnectionPool(host='localhost', port=11434): Max retries exceeded with url: /api/generate (Caused by NewConnectionE",,,,,,
3,BRAF+ thyroid cancer,biokg,kg,llama3.2:1b,0,8,B,9,0.1111111111111111,0,0,0,1,"HTTPConnectionPool(host='localhost', port=11434): Max retries exceeded with url: /api/generate (Caused by NewConnectionE",,,,,,
3,BRAF+ thyroid cancer,biokg,kg,llama3.2:1b,1,8,B,9,0.1111111111111111,0,0,0,1,"HTTPConnectionPool(host='localhost', port=11434): Max retries exceeded with url: /api/generate (Caused by NewConnectionE",,,,,,
3,EGPA (expanded),biokg,kg,llama3.2:1b,0,8,G,9,0.1111111111111111,0,0,0,1,"HTTPConnectionPool(host='localhost', port=11434): Max retries exceeded with url: /api/generate (Caused by NewConnectionE",,,,,,
3,EGPA (expanded),biokg,kg,llama3.2:1b,1,8,C,9,0.1111111111111111,0,0,0,1,"HTTPConnectionPool(host='localhost', port=11434): Max retries exceeded with url: /api/generate (Caused by NewConnectionE",,,,,,
3,Pheochromocytoma/paraganglioma,biokg,kg,llama3.2:1b,0,8,E,9,0.1111111111111111,0,0,0,1,"HTTPConnectionPool(host='localhost', port=11434): Max retries exceeded with url: /api/generate (Caused by NewConnectionE",,,,,,
3,Pheochromocytoma/paraganglioma,biokg,kg,llama3.2:1b,1,8,H,9,0.1111111111111111,0,0,0,1,"HTTPConnectionPool(host='localhost', port=11434): Max retries exceeded with url: /api/generate (Caused by NewConnectionE",,,,,,
3,Pediatric atopic dermatitis,biokg,kg,llama3.2:1b,0,8,A,1,1.0,1,1,1,1,"HTTPConnectionPool(host='localhost', port=11434): Max retries exceeded with url: /api/generate (Caused by NewConnectionE",,,,,,
3,Pediatric atopic dermatitis,biokg,kg,llama3.2:1b,1,8,H,9,0.1111111111111111,0,0,0,1,"HTTPConnectionPool(host='localhost', port=11434): Max retries exceeded with url: /api/generate (Caused by NewConnectionE",,,,,,
3,MSI-H/dMMR solid tumors (full approval conversion),biokg,kg,llama3.2:1b,0,8,D,9,0.1111111111111111,0,0,0,1,"HTTPConnectionPool(host='localhost', port=11434): Max retries exceeded with url: /api/generate (Caused by NewConnectionE",,,,,,
3,MSI-H/dMMR solid tumors (full approval conversion),biokg,kg,llama3.2:1b,1,8,G,9,0.1111111111111111,0,0,0,1,"HTTPConnectionPool(host='localhost', port=11434): Max retries exceeded with url: /api/generate (Caused by NewConnectionE",,,,,,
3,Psoriasis in children 6-11 (cream),biokg,kg,llama3.2:1b,0,8,E,9,0.1111111111111111,0,0,0,1,"HTTPConnectionPool(host='localhost', port=11434): Max retries exceeded with url: /api/generate (Caused by NewConnectionE",,,,,,
3,Psoriasis in children 6-11 (cream),biokg,kg,llama3.2:1b,1,8,B,9,0.1111111111111111,0,0,0,1,"HTTPConnectionPool(host='localhost', port=11434): Max retries exceeded with url: /api/generate (Caused by NewConnectionE",,,,,,
3,Pancreatic NET,biokg,kg,llama3.2:1b,0,8,F,9,0.1111111111111111,0,0,0,1,"HTTPConnectionPool(host='localhost', port=11434): Max retries exceeded with url: /api/generate (Caused by NewConnectionE",,,,,,
3,Pancreatic NET,biokg,kg,llama3.2:1b,1,8,B,9,0.1111111111111111,0,0,0,1,"HTTPConnectionPool(host='localhost', port=11434): Max retries exceeded with url: /api/generate (Caused by NewConnectionE",,,,,,
3,Ulcerative colitis,biokg,kg,llama3.2:1b,0,8,B,9,0.1111111111111111,0,0,0,1,"HTTPConnectionPool(host='localhost', port=11434): Max retries exceeded with url: /api/generate (Caused by NewConnectionE",,,,,,
3,Ulcerative colitis,biokg,kg,llama3.2:1b,1,8,B,9,0.1111111111111111,0,0,0,1,"HTTPConnectionPool(host='localhost', port=11434): Max retries exceeded with url: /api/generate (Caused by NewConnectionE",,,,,,
3,Gastric/GEJ adenocarcinoma (1L +chemo),biokg,kg,llama3.2:1b,0,8,C,9,0.1111111111111111,0,0,0,1,"HTTPConnectionPool(host='localhost', port=11434): Max retries exceeded with url: /api/generate (Caused by NewConnectionE",,,,,,
3,Gastric/GEJ adenocarcinoma (1L +chemo),biokg,kg,llama3.2:1b,1,8,E,9,0.1111111111111111,0,0,0,1,"HTTPConnectionPool(host='localhost', port=11434): Max retries exceeded with url: /api/generate (Caused by NewConnectionE",,,,,,
3,Hidradenitis suppurativa,biokg,kg,llama3.2:1b,0,8,E,9,0.1111111111111111,0,0,0,1,"HTTPConnectionPool(host='localhost', port=11434): Max retries exceeded with url: /api/generate (Caused by NewConnectionE",,,,,,
3,Hidradenitis suppurativa,biokg,kg,llama3.2:1b,1,8,F,9,0.1111111111111111,0,0,0,1,"HTTPConnectionPool(host='localhost', port=11434): Max retries exceeded with url: /api/generate (Caused by NewConnectionE",,,,,,
3,Biliary tract cancer,biokg,kg,llama3.2:1b,0,8,D,9,0.1111111111111111,0,0,0,1,"HTTPConnectionPool(host='localhost', port=11434): Max retries exceeded with url: /api/generate (Caused by NewConnectionE",,,,,,
3,Biliary tract cancer,biokg,kg,llama3.2:1b,1,8,D,9,0.1111111111111111,0,0,0,1,"HTTPConnectionPool(host='localhost', port=11434): Max retries exceeded with url: /api/generate (Caused by NewConnectionE",,,,,,
3,Antibody-mediated rejection in organ transplantation,biokg,kg,llama3.2:1b,0,8,C,9,0.1111111111111111,0,0,0,1,"HTTPConnectionPool(host='localhost', port=11434): Max retries exceeded with url: /api/generate (Caused by NewConnectionE",,,,,,
3,Antibody-mediated rejection in organ transplantation,biokg,kg,llama3.2:1b,1,8,D,9,0.1111111111111111,0,0,0,1,"HTTPConnectionPool(host='localhost', port=11434): Max retries exceeded with url: /api/generate (Caused by NewConnectionE",,,,,,
3,Neoadj+adj HNSCC,biokg,kg,llama3.2:1b,0,8,F,9,0.1111111111111111,0,0,0,1,"HTTPConnectionPool(host='localhost', port=11434): Max retries exceeded with url: /api/generate (Caused by NewConnectionE",,,,,,
3,Neoadj+adj HNSCC,biokg,kg,llama3.2:1b,1,8,E,9,0.1111111111111111,0,0,0,1,"HTTPConnectionPool(host='localhost', port=11434): Max retries exceeded with url: /api/generate (Caused by NewConnectionE",,,,,,
3,Ulcerative colitis,biokg,kg,llama3.2:1b,0,8,D,9,0.1111111111111111,0,0,0,1,"HTTPConnectionPool(host='localhost', port=11434): Max retries exceeded with url: /api/generate (Caused by NewConnectionE",,,,,,
3,Ulcerative colitis,biokg,kg,llama3.2:1b,1,8,F,9,0.1111111111111111,0,0,0,1,"HTTPConnectionPool(host='localhost', port=11434): Max retries exceeded with url: /api/generate (Caused by NewConnectionE",,,,,,
3,dMMR/MSI-H primary advanced endometrial cancer (+chemo),biokg,kg,llama3.2:1b,0,8,G,9,0.1111111111111111,0,0,0,1,"HTTPConnectionPool(host='localhost', port=11434): Max retries exceeded with url: /api/generate (Caused by NewConnectionE",,,,,,
3,dMMR/MSI-H primary advanced endometrial cancer (+chemo),biokg,kg,llama3.2:1b,1,8,E,9,0.1111111111111111,0,0,0,1,"HTTPConnectionPool(host='localhost', port=11434): Max retries exceeded with url: /api/generate (Caused by NewConnectionE",,,,,,
3,GVHD + pediatric,biokg,kg,llama3.2:1b,0,8,G,9,0.1111111111111111,0,0,0,1,"HTTPConnectionPool(host='localhost', port=11434): Max retries exceeded with url: /api/generate (Caused by NewConnectionE",,,,,,
3,GVHD + pediatric,biokg,kg,llama3.2:1b,1,8,H,9,0.1111111111111111,0,0,0,1,"HTTPConnectionPool(host='localhost', port=11434): Max retries exceeded with url: /api/generate (Caused by NewConnectionE",,,,,,
3,Gastric/GEJ adenocarcinoma,biokg,kg,llama3.2:1b,0,8,G,9,0.1111111111111111,0,0,0,1,"HTTPConnectionPool(host='localhost', port=11434): Max retries exceeded with url: /api/generate (Caused by NewConnectionE",,,,,,
3,Gastric/GEJ adenocarcinoma,biokg,kg,llama3.2:1b,1,8,F,9,0.1111111111111111,0,0,0,1,"HTTPConnectionPool(host='localhost', port=11434): Max retries exceeded with url: /api/generate (Caused by NewConnectionE",,,,,,
3,COPD (EMA 2025),biokg,kg,llama3.2:1b,0,8,C,9,0.1111111111111111,0,0,0,1,"HTTPConnectionPool(host='localhost', port=11434): Max retries exceeded with url: /api/generate (Caused by NewConnectionE",,,,,,
3,COPD (EMA 2025),biokg,kg,llama3.2:1b,1,8,G,9,0.1111111111111111,0,0,0,1,"HTTPConnectionPool(host='localhost', port=11434): Max retries exceeded with url: /api/generate (Caused by NewConnectionE",,,,,,
3,RAS wild-type HER2+ metastatic colorectal cancer,biokg,kg,llama3.2:1b,0,8,C,9,0.1111111111111111,0,0,0,1,"HTTPConnectionPool(host='localhost', port=11434): Max retries exceeded with url: /api/generate (Caused by NewConnectionE",,,,,,
3,RAS wild-type HER2+ metastatic colorectal cancer,biokg,kg,llama3.2:1b,1,8,G,9,0.1111111111111111,0,0,0,1,"HTTPConnectionPool(host='localhost', port=11434): Max retries exceeded with url: /api/generate (Caused by NewConnectionE",,,,,,
3,Primary immunodeficiency pediatric (EMA),biokg,kg,llama3.2:1b,0,8,F,9,0.1111111111111111,0,0,0,1,"HTTPConnectionPool(host='localhost', port=11434): Max retries exceeded with url: /api/generate (Caused by NewConnectionE",,,,,,
3,Primary immunodeficiency pediatric (EMA),biokg,kg,llama3.2:1b,1,8,F,9,0.1111111111111111,0,0,0,1,"HTTPConnectionPool(host='localhost', port=11434): Max retries exceeded with url: /api/generate (Caused by NewConnectionE",,,,,,
3,BRAF V600E metastatic NSCLC,biokg,kg,llama3.2:1b,0,8,A,1,1.0,1,1,1,1,"HTTPConnectionPool(host='localhost', port=11434): Max retries exceeded with url: /api/generate (Caused by NewConnectionE",,,,,,
3,BRAF V600E metastatic NSCLC,biokg,kg,llama3.2:1b,1,8,E,9,0.1111111111111111,0,0,0,1,"HTTPConnectionPool(host='localhost', port=11434): Max retries exceeded with url: /api/generate (Caused by NewConnectionE",,,,,,
3,CRSwNP (eosinophilic chronic rhinosinusitis with nasal polyps),biokg,kg,llama3.2:1b,0,8,H,9,0.1111111111111111,0,0,0,1,"HTTPConnectionPool(host='localhost', port=11434): Max retries exceeded with url: /api/generate (Caused by NewConnectionE",,,,,,
3,CRSwNP (eosinophilic chronic rhinosinusitis with nasal polyps),biokg,kg,llama3.2:1b,1,8,H,9,0.1111111111111111,0,0,0,1,"HTTPConnectionPool(host='localhost', port=11434): Max retries exceeded with url: /api/generate (Caused by NewConnectionE",,,,,,
3,Pediatric glioma (EMA),biokg,kg,llama3.2:1b,0,8,A,1,1.0,1,1,1,1,"HTTPConnectionPool(host='localhost', port=11434): Max retries exceeded with url: /api/generate (Caused by NewConnectionE",,,,,,
3,Pediatric glioma (EMA),biokg,kg,llama3.2:1b,1,8,A,1,1.0,1,1,1,1,"HTTPConnectionPool(host='localhost', port=11434): Max retries exceeded with url: /api/generate (Caused by NewConnectionE",,,,,,
3,Primary humoral immunodeficiency pediatric 2-11yr,biokg,kg,llama3.2:1b,0,8,E,9,0.1111111111111111,0,0,0,1,"HTTPConnectionPool(host='localhost', port=11434): Max retries exceeded with url: /api/generate (Caused by NewConnectionE",,,,,,
3,Primary humoral immunodeficiency pediatric 2-11yr,biokg,kg,llama3.2:1b,1,8,D,9,0.1111111111111111,0,0,0,1,"HTTPConnectionPool(host='localhost', port=11434): Max retries exceeded with url: /api/generate (Caused by NewConnectionE",,,,,,
3,"ALK+ solid tumors (tissue-agnostic, world-first)",biokg,kg,llama3.2:1b,0,8,G,9,0.1111111111111111,0,0,0,1,"HTTPConnectionPool(host='localhost', port=11434): Max retries exceeded with url: /api/generate (Caused by NewConnectionE",,,,,,
3,"ALK+ solid tumors (tissue-agnostic, world-first)",biokg,kg,llama3.2:1b,1,8,C,9,0.1111111111111111,0,0,0,1,"HTTPConnectionPool(host='localhost', port=11434): Max retries exceeded with url: /api/generate (Caused by NewConnectionE",,,,,,
3,Primary mediastinal large B-cell lymphoma,biokg,kg,llama3.2:1b,0,8,G,9,0.1111111111111111,0,0,0,1,"HTTPConnectionPool(host='localhost', port=11434): Max retries exceeded with url: /api/generate (Caused by NewConnectionE",,,,,,
3,Primary mediastinal large B-cell lymphoma,biokg,kg,llama3.2:1b,1,8,H,9,0.1111111111111111,0,0,0,1,"HTTPConnectionPool(host='localhost', port=11434): Max retries exceeded with url: /api/generate (Caused by NewConnectionE",,,,,,
3,HR+/HER2- metastatic breast cancer,biokg,kg,llama3.2:1b,0,8,G,9,0.1111111111111111,0,0,0,1,"HTTPConnectionPool(host='localhost', port=11434): Max retries exceeded with url: /api/generate (Caused by NewConnectionE",,,,,,
3,HR+/HER2- metastatic breast cancer,biokg,kg,llama3.2:1b,1,8,H,9,0.1111111111111111,0,0,0,1,"HTTPConnectionPool(host='localhost', port=11434): Max retries exceeded with url: /api/generate (Caused by NewConnectionE",,,,,,
3,HER2+ early-stage BC (neoadjuvant + adjuvant),biokg,kg,llama3.2:1b,0,8,F,9,0.1111111111111111,0,0,0,1,"HTTPConnectionPool(host='localhost', port=11434): Max retries exceeded with url: /api/generate (Caused by NewConnectionE",,,,,,
3,HER2+ early-stage BC (neoadjuvant + adjuvant),biokg,kg,llama3.2:1b,1,8,C,9,0.1111111111111111,0,0,0,1,"HTTPConnectionPool(host='localhost', port=11434): Max retries exceeded with url: /api/generate (Caused by NewConnectionE",,,,,,
3,"Pediatric low-grade glioma (+dabrafenib, BRAF V600E)",biokg,kg,llama3.2:1b,0,8,A,1,1.0,1,1,1,1,"HTTPConnectionPool(host='localhost', port=11434): Max retries exceeded with url: /api/generate (Caused by NewConnectionE",,,,,,
3,"Pediatric low-grade glioma (+dabrafenib, BRAF V600E)",biokg,kg,llama3.2:1b,1,8,E,9,0.1111111111111111,0,0,0,1,"HTTPConnectionPool(host='localhost', port=11434): Max retries exceeded with url: /api/generate (Caused by NewConnectionE",,,,,,
3,mHSPC + ADT,biokg,kg,llama3.2:1b,0,8,D,9,0.1111111111111111,0,0,0,1,"HTTPConnectionPool(host='localhost', port=11434): Max retries exceeded with url: /api/generate (Caused by NewConnectionE",,,,,,
3,mHSPC + ADT,biokg,kg,llama3.2:1b,1,8,A,1,1.0,1,1,1,1,"HTTPConnectionPool(host='localhost', port=11434): Max retries exceeded with url: /api/generate (Caused by NewConnectionE",,,,,,
3,Pediatric BRAF V600E low-grade glioma,biokg,kg,llama3.2:1b,0,8,H,9,0.1111111111111111,0,0,0,1,"HTTPConnectionPool(host='localhost', port=11434): Max retries exceeded with url: /api/generate (Caused by NewConnectionE",,,,,,
3,Pediatric BRAF V600E low-grade glioma,biokg,kg,llama3.2:1b,1,8,D,9,0.1111111111111111,0,0,0,1,"HTTPConnectionPool(host='localhost', port=11434): Max retries exceeded with url: /api/generate (Caused by NewConnectionE",,,,,,
3,HER2-mutant NSCLC (EMA),biokg,kg,llama3.2:1b,0,8,F,9,0.1111111111111111,0,0,0,1,"HTTPConnectionPool(host='localhost', port=11434): Max retries exceeded with url: /api/generate (Caused by NewConnectionE",,,,,,
3,HER2-mutant NSCLC (EMA),biokg,kg,llama3.2:1b,1,8,D,9,0.1111111111111111,0,0,0,1,"HTTPConnectionPool(host='localhost', port=11434): Max retries exceeded with url: /api/generate (Caused by NewConnectionE",,,,,,
3,Ph+ CML-CP after 2+ TKIs,biokg,kg,llama3.2:1b,0,8,A,1,1.0,1,1,1,1,"HTTPConnectionPool(host='localhost', port=11434): Max retries exceeded with url: /api/generate (Caused by NewConnectionE",,,,,,
3,Ph+ CML-CP after 2+ TKIs,biokg,kg,llama3.2:1b,1,8,B,9,0.1111111111111111,0,0,0,1,"HTTPConnectionPool(host='localhost', port=11434): Max retries exceeded with url: /api/generate (Caused by NewConnectionE",,,,,,
3,HR+/HER2- metastatic breast cancer,biokg,kg,llama3.2:1b,0,8,A,1,1.0,1,1,1,1,"HTTPConnectionPool(host='localhost', port=11434): Max retries exceeded with url: /api/generate (Caused by NewConnectionE",,,,,,
3,HR+/HER2- metastatic breast cancer,biokg,kg,llama3.2:1b,1,8,C,9,0.1111111111111111,0,0,0,1,"HTTPConnectionPool(host='localhost', port=11434): Max retries exceeded with url: /api/generate (Caused by NewConnectionE",,,,,,
3,HER2-mutant NSCLC (PMDA),biokg,kg,llama3.2:1b,0,8,H,9,0.1111111111111111,0,0,0,1,"HTTPConnectionPool(host='localhost', port=11434): Max retries exceeded with url: /api/generate (Caused by NewConnectionE",,,,,,
3,HER2-mutant NSCLC (PMDA),biokg,kg,llama3.2:1b,1,8,B,9,0.1111111111111111,0,0,0,1,"HTTPConnectionPool(host='localhost', port=11434): Max retries exceeded with url: /api/generate (Caused by NewConnectionE",,,,,,
3,Follicular lymphoma (+obinutuzumab),biokg,kg,llama3.2:1b,0,8,H,9,0.1111111111111111,0,0,0,1,"HTTPConnectionPool(host='localhost', port=11434): Max retries exceeded with url: /api/generate (Caused by NewConnectionE",,,,,,
3,Follicular lymphoma (+obinutuzumab),biokg,kg,llama3.2:1b,1,8,D,9,0.1111111111111111,0,0,0,1,"HTTPConnectionPool(host='localhost', port=11434): Max retries exceeded with url: /api/generate (Caused by NewConnectionE",,,,,,
3,Platinum-resistant ovarian carcinoma (PD-L1+ CPS≥1),biokg,kg,llama3.2:1b,0,8,F,9,0.1111111111111111,0,0,0,1,"HTTPConnectionPool(host='localhost', port=11434): Max retries exceeded with url: /api/generate (Caused by NewConnectionE",,,,,,
3,Platinum-resistant ovarian carcinoma (PD-L1+ CPS≥1),biokg,kg,llama3.2:1b,1,8,B,9,0.1111111111111111,0,0,0,1,"HTTPConnectionPool(host='localhost', port=11434): Max retries exceeded with url: /api/generate (Caused by NewConnectionE",,,,,,
3,Resectable gastric/GEJ adenocarcinoma (neoadj+adj +FLOT),biokg,kg,llama3.2:1b,0,8,A,1,1.0,1,1,1,1,"HTTPConnectionPool(host='localhost', port=11434): Max retries exceeded with url: /api/generate (Caused by NewConnectionE",,,,,,
3,Resectable gastric/GEJ adenocarcinoma (neoadj+adj +FLOT),biokg,kg,llama3.2:1b,1,8,B,9,0.1111111111111111,0,0,0,1,"HTTPConnectionPool(host='localhost', port=11434): Max retries exceeded with url: /api/generate (Caused by NewConnectionE",,,,,,
3,Advanced RCC after PD-1/PD-L1 + VEGF-TKI,biokg,kg,llama3.2:1b,0,8,C,9,0.1111111111111111,0,0,0,1,"HTTPConnectionPool(host='localhost', port=11434): Max retries exceeded with url: /api/generate (Caused by NewConnectionE",,,,,,
3,Advanced RCC after PD-1/PD-L1 + VEGF-TKI,biokg,kg,llama3.2:1b,1,8,G,9,0.1111111111111111,0,0,0,1,"HTTPConnectionPool(host='localhost', port=11434): Max retries exceeded with url: /api/generate (Caused by NewConnectionE",,,,,,
3,HER2+ solid tumors (tumor-agnostic),biokg,kg,llama3.2:1b,0,8,F,9,0.1111111111111111,0,0,0,1,"HTTPConnectionPool(host='localhost', port=11434): Max retries exceeded with url: /api/generate (Caused by NewConnectionE",,,,,,
3,HER2+ solid tumors (tumor-agnostic),biokg,kg,llama3.2:1b,1,8,H,9,0.1111111111111111,0,0,0,1,"HTTPConnectionPool(host='localhost', port=11434): Max retries exceeded with url: /api/generate (Caused by NewConnectionE",,,,,,
3,HR+/HER2- early breast cancer (adjuvant),biokg,kg,llama3.2:1b,0,8,E,9,0.1111111111111111,0,0,0,1,"HTTPConnectionPool(host='localhost', port=11434): Max retries exceeded with url: /api/generate (Caused by NewConnectionE",,,,,,
3,HR+/HER2- early breast cancer (adjuvant),biokg,kg,llama3.2:1b,1,8,G,9,0.1111111111111111,0,0,0,1,"HTTPConnectionPool(host='localhost', port=11434): Max retries exceeded with url: /api/generate (Caused by NewConnectionE",,,,,,
3,Chronic lymphocytic leukemia,biokg,kg,llama3.2:1b,0,8,A,1,1.0,1,1,1,1,"HTTPConnectionPool(host='localhost', port=11434): Max retries exceeded with url: /api/generate (Caused by NewConnectionE",,,,,,
3,Chronic lymphocytic leukemia,biokg,kg,llama3.2:1b,1,8,G,9,0.1111111111111111,0,0,0,1,"HTTPConnectionPool(host='localhost', port=11434): Max retries exceeded with url: /api/generate (Caused by NewConnectionE",,,,,,
3,Unresectable thymic carcinoma (PMDA),biokg,kg,llama3.2:1b,0,8,F,9,0.1111111111111111,0,0,0,1,"HTTPConnectionPool(host='localhost', port=11434): Max retries exceeded with url: /api/generate (Caused by NewConnectionE",,,,,,
3,Unresectable thymic carcinoma (PMDA),biokg,kg,llama3.2:1b,1,8,G,9,0.1111111111111111,0,0,0,1,"HTTPConnectionPool(host='localhost', port=11434): Max retries exceeded with url: /api/generate (Caused by NewConnectionE",,,,,,
3,IDH1-mutated relapsed/refractory MDS,biokg,kg,llama3.2:1b,0,8,D,9,0.1111111111111111,0,0,0,1,"HTTPConnectionPool(host='localhost', port=11434): Max retries exceeded with url: /api/generate (Caused by NewConnectionE",,,,,,
3,IDH1-mutated relapsed/refractory MDS,biokg,kg,llama3.2:1b,1,8,C,9,0.1111111111111111,0,0,0,1,"HTTPConnectionPool(host='localhost', port=11434): Max retries exceeded with url: /api/generate (Caused by NewConnectionE",,,,,,
3,Metastatic colorectal cancer,biokg,kg,llama3.2:1b,0,8,F,9,0.1111111111111111,0,0,0,1,"HTTPConnectionPool(host='localhost', port=11434): Max retries exceeded with url: /api/generate (Caused by NewConnectionE",,,,,,
3,Metastatic colorectal cancer,biokg,kg,llama3.2:1b,1,8,G,9,0.1111111111111111,0,0,0,1,"HTTPConnectionPool(host='localhost', port=11434): Max retries exceeded with url: /api/generate (Caused by NewConnectionE",,,,,,
