seed,disease,kg,condition,model,shuffle,pool_size,positive_letter,rank,reciprocal_rank,hit@1,hit@3,hit@5,parsed,error,pos_basis,pos_agreement,pos_confidence,pos_rationale,frac_basis_kg,mean_confidence
1,TRD monotherapy,none,no_kg,llama3.1:8b,0,8,B,7,0.14285714285714285,0,0,0,1,,kg,uncertain,3.0,"Uncertain KG association with a relevant pathway, indirect link to TRD monotherapy via multiple pathways.",0.75,3.0
1,TRD monotherapy,none,no_kg,llama3.1:8b,1,8,A,3,0.3333333333333333,0,1,1,1,,prior,insufficient,5.0,"Based on prior knowledge, Drug-7 might be effective for TRD monotherapy due to its pharmacological properties.",0.625,3.0
1,ILD-associated pulmonary hypertension,none,no_kg,llama3.1:8b,0,8,A,4,0.25,0,0,1,1,,prior,insufficient,2.0,"Drug-1 has potential anti-inflammatory properties that may be beneficial for ILD-associated pulmonary hypertension, but there is no direct evidence from the knowledge graph.",0.5,1.875
1,ILD-associated pulmonary hypertension,none,no_kg,llama3.1:8b,1,8,H,7,0.14285714285714285,0,0,0,1,,kg,insufficient,1.0,,0.625,3.25
1,Indolent systemic mastocytosis (EMA),none,no_kg,llama3.1:8b,0,8,A,4,0.25,0,0,1,1,,kg,insufficient,2.0,"Drug-8 has associations with various diseases, but no clear connection to ISM or mast cell pathways.",0.75,2.5
1,Indolent systemic mastocytosis (EMA),none,no_kg,llama3.1:8b,1,8,B,6,0.16666666666666666,0,0,0,1,,prior,insufficient,1.0,There is no clear mechanistic link or evidence to suggest that Drug-8 would be effective in treating Indolent systemic mastocytosis.,0.5714285714285714,2.857142857142857
1,Hidradenitis suppurativa,none,no_kg,llama3.1:8b,0,8,B,3,0.3333333333333333,0,1,1,1,,prior,insufficient,2.0,"Based on my own knowledge, I am uncertain about Drug-7's potential effectiveness against HS without more evidence.",0.625,1.875
1,Hidradenitis suppurativa,none,no_kg,llama3.1:8b,1,8,F,6,0.16666666666666666,0,0,0,1,,kg,insufficient,1.0,"Mechanistic link through TLR4 inhibition (Drug-7 -> TLR4 -> MyD88 -> HS), but lack of additional evidence or prior knowledge limits confidence.",0.875,2.25
1,Chronic hepatitis B (pediatric),none,no_kg,llama3.1:8b,0,8,C,5,0.2,0,0,1,1,,prior,insufficient,4.0,"While Drug-6 has been used for other liver diseases, I couldn't find any direct connection to chronic hepatitis B.",0.75,2.5
1,Chronic hepatitis B (pediatric),none,no_kg,llama3.1:8b,1,8,C,4,0.25,0,0,1,1,,prior,insufficient,3.0,"Based on general pharmacological principles, Drug-6 could potentially affect immune responses relevant to hepatitis B infection.",0.625,2.875
1,HoFH pediatric (EMA),none,no_kg,llama3.1:8b,0,8,C,6,0.16666666666666666,0,0,0,1,,prior,insufficient,2.0,Based on prior knowledge of bile acid sequestrant effects but no direct link to HoFH pediatric in the KG,0.5,2.125
1,HoFH pediatric (EMA),none,no_kg,llama3.1:8b,1,8,H,7,0.14285714285714285,0,0,0,1,,kg,insufficient,1.0,No clear evidence or connection to disease provided by knowledge graph,0.75,2.625
1,Nephrotic syndrome,none,no_kg,llama3.1:8b,0,8,D,7,0.14285714285714285,0,0,0,1,,kg,insufficient,2.0,Limited mechanistic link to Nephrotic syndrome in the knowledge graph,0.625,2.625
1,Nephrotic syndrome,none,no_kg,llama3.1:8b,1,8,G,1,1.0,1,1,1,1,,both,consistent,5.0,Strong mechanistic link (Drug-1 -> VEGF receptor -> Angiogenesis pathway -> Nephrotic syndrome) supports Drug-1's potential efficacy.,0.625,1.875
1,Follicular lymphoma,none,no_kg,llama3.1:8b,0,8,B,3,0.3333333333333333,0,1,1,1,,kg,insufficient,2.0,No mechanistic links are reported for Drug-8.,0.625,2.25
1,Follicular lymphoma,none,no_kg,llama3.1:8b,1,8,B,1,1.0,1,1,1,1,,both,consistent,4.0,"Strong mechanistic link to PI3K/AKT pathway, which is implicated in Follicular lymphoma.",0.75,3.0
1,Retinal vein occlusion,none,no_kg,llama3.1:8b,0,8,F,6,0.16666666666666666,0,0,0,1,,kg,conflicting,3.0,"The knowledge graph shows a link between Drug-8 and the mTOR pathway, but I couldn't find any direct connection to Retinal vein occlusion.",0.625,3.0
1,Retinal vein occlusion,none,no_kg,llama3.1:8b,1,8,E,5,0.2,0,0,1,1,,kg,conflicting,1.0,"The knowledge graph shows a mechanistic link between Drug-8 and VEGF, but also suggests it may inhibit angiogenesis; this conflicting evidence makes its relevance uncertain.",0.75,2.625
1,Agitation associated with Alzheimer's dementia,none,no_kg,llama3.1:8b,0,8,C,6,0.16666666666666666,0,0,0,1,,kg,insufficient,2.0,Mechanistic link (Drug-2 -> Dopamine receptor -> Dopaminergic pathway -> Agitation associated with Alzheimer's dementia) is incomplete without additional information.,0.75,2.5
1,Agitation associated with Alzheimer's dementia,none,no_kg,llama3.1:8b,1,8,E,6,0.16666666666666666,0,0,0,1,,kg,conflicting,2.0,"The mechanistic link for Drug-2 suggests it targets a pathway not directly related to Alzheimer's disease, conflicting with prior knowledge.",0.625,2.125
1,High LDL-C with increased CV risk (expanded),none,no_kg,llama3.1:8b,0,8,D,3,0.3333333333333333,0,1,1,1,,prior,insufficient,4.0,"As a fibrate, Drug-8 is known to increase HDL cholesterol and reduce triglycerides, which may have indirect benefits for LDL-C management.",0.875,2.375
1,High LDL-C with increased CV risk (expanded),none,no_kg,llama3.1:8b,1,8,G,7,0.14285714285714285,0,0,0,1,,prior,insufficient,1.0,Lack of pharmacological evidence or KG associations makes Drug-8 a less promising candidate for this disease target.,0.625,2.625
1,Indolent systemic mastocytosis,none,no_kg,llama3.1:8b,0,8,H,8,0.125,0,0,0,1,,kg,insufficient,2.0,Sparse KG evidence for Drug-8; no clear mechanistic link to the disease.,0.75,3.125
1,Indolent systemic mastocytosis,none,no_kg,llama3.1:8b,1,8,G,7,0.14285714285714285,0,0,0,1,,kg,insufficient,1.0,"There is no clear mechanistic link between Drug-8 and the disease; while it has some reported targets, none are directly related to mast cell biology.",0.75,1.875
1,EGPA (expanded),none,no_kg,llama3.1:8b,0,8,E,2,0.5,0,1,1,1,,prior,insufficient,5.0,"Lack of evidence from the knowledge graph; however, its anti-inflammatory properties suggest potential efficacy against EGPA.",0.625,2.625
1,EGPA (expanded),none,no_kg,llama3.1:8b,1,8,F,6,0.16666666666666666,0,0,0,1,,prior,insufficient,1.0,"While Drug-7 has anti-inflammatory properties, no specific connection to EGPA exists.",0.75,2.0
1,COVID-19 (expanded population),none,no_kg,llama3.1:8b,0,8,G,5,0.2,0,0,1,1,,kg,conflicting,1.0,The knowledge graph shows both mechanistic links and conflicting annotations related to Drug-8's potential in COVID-19.,0.75,2.375
1,COVID-19 (expanded population),none,no_kg,llama3.1:8b,1,8,F,7,0.14285714285714285,0,0,0,1,,kg,conflicting,1.0,Mechanistic link shows interaction with a pathway not directly related to COVID-19; KG evidence is unclear and may be misleading,0.75,2.75
1,Obstructive sleep apnea with obesity,none,no_kg,llama3.1:8b,0,8,A,3,0.3333333333333333,0,1,1,1,,kg,insufficient,2.0,No evidence provided in the knowledge graph,0.625,2.375
1,Obstructive sleep apnea with obesity,none,no_kg,llama3.1:8b,1,8,F,7,0.14285714285714285,0,0,0,1,,kg,insufficient,1.0,"No clear mechanistic link is provided for Drug-8, and its pharmacological properties are not immediately relevant to sleep regulation.",0.75,2.25
1,KRAS G12C+ mCRC,none,no_kg,llama3.1:8b,0,8,E,4,0.25,0,0,1,1,,both,conflicting,1.0,"KG reports association with KRAS G12C pathway, but prior knowledge suggests a conflicting mechanism of action.",0.7142857142857143,2.2857142857142856
1,KRAS G12C+ mCRC,none,no_kg,llama3.1:8b,1,8,H,8,0.125,0,0,0,1,,prior,insufficient,2.0,"Based on prior knowledge, Drug-8 may not have significant mechanistic plausibility for mCRC due to its primary indications.",0.75,3.375
1,Diabetic retinopathy/DME (EMA Mar+May 2026),none,no_kg,llama3.1:8b,0,8,H,8,0.125,0,0,0,1,,kg,insufficient,1.0,No clear mechanistic link is reported for Drug-8 and Diabetic retinopathy/DME in the knowledge graph.,0.625,2.125
1,Diabetic retinopathy/DME (EMA Mar+May 2026),none,no_kg,llama3.1:8b,1,8,F,6,0.16666666666666666,0,0,0,1,,kg,insufficient,2.0,"The knowledge graph mentions Drug-8's association with the disease pathway, but this evidence is too weak to support a mechanistic link.",0.625,2.5
1,Chorea associated with Huntington's disease,none,no_kg,llama3.1:8b,0,8,H,8,0.125,0,0,0,1,,kg,insufficient,1.0,The knowledge graph lacks sufficient evidence to assess Drug-8's mechanistic plausibility for Chorea associated with Huntington's disease.,0.75,2.625
1,Chorea associated with Huntington's disease,none,no_kg,llama3.1:8b,1,8,A,4,0.25,0,0,1,1,,prior,insufficient,2.0,"My prior knowledge suggests that this class of drugs may have some efficacy in neurological disorders, but the evidence from the knowledge graph is insufficient to confirm a link to Huntington's disease.",0.5,2.0
1,Heart failure (broadened),none,no_kg,llama3.1:8b,0,8,D,1,1.0,1,1,1,1,,kg,consistent,5.0,Strong KG link via Drug-8 -> β-adrenergic receptor antagonist -> PI3K/AKT pathway -> heart failure,0.625,2.375
1,Heart failure (broadened),none,no_kg,llama3.1:8b,1,8,B,1,1.0,1,1,1,1,,both,consistent,4.0,"Drug-8 has a mechanistic link to the PI3K/AKT pathway, which is implicated in heart failure",0.75,2.125
1,Acquired hypofibrinogenemia in cardiovascular surgery,none,no_kg,llama3.1:8b,0,8,C,4,0.25,0,0,1,1,,kg,insufficient,2.0,There is insufficient knowledge graph evidence to assess Drug-6's mechanistic plausibility for this disease.,0.5,2.125
1,Acquired hypofibrinogenemia in cardiovascular surgery,none,no_kg,llama3.1:8b,1,8,D,5,0.2,0,0,1,1,,kg,conflicting,1.0,Drug-6's link to thrombin pathway is inconsistent with prior knowledge about its mechanism of action.,0.75,3.375
1,Pediatric atopic dermatitis,none,no_kg,llama3.1:8b,0,8,G,2,0.5,0,1,1,1,,kg,consistent,4.0,"Drug-8 has a mechanistic link to Th2 inflammation, which is relevant for atopic dermatitis.",1.0,2.625
1,Pediatric atopic dermatitis,none,no_kg,llama3.1:8b,1,8,E,7,0.14285714285714285,0,0,0,1,,both,insufficient,1.0,No clear KG link to atopic dermatitis; prior knowledge suggests limited efficacy and potential adverse effects on skin health.,0.875,2.75
1,COVID-19 updated strain,none,no_kg,llama3.1:8b,0,8,G,3,0.3333333333333333,0,1,1,1,,prior,insufficient,2.0,"Pharmacological knowledge of antiviral properties and potential application to COVID-19; however, no specific mechanistic link provided.",0.625,2.25
1,COVID-19 updated strain,none,no_kg,llama3.1:8b,1,8,H,6,0.16666666666666666,0,0,0,1,,kg,insufficient,2.0,KG evidence for Drug-8 is limited to a single pathway association,0.75,3.375
1,Delay T1D onset in children ≥1yr,none,no_kg,llama3.1:8b,0,8,A,7,0.14285714285714285,0,0,0,1,,prior,insufficient,1.0,No direct evidence in KG and no clear mechanistic link from Drug-7 to disease pathway; pharmacological expertise is uncertain.,0.625,3.125
1,Delay T1D onset in children ≥1yr,none,no_kg,llama3.1:8b,1,8,B,2,0.5,0,1,1,1,,kg,consistent,5.0,Strong mechanistic link via insulin receptor pathway in KG evidence supports consideration for delaying T1D onset,0.625,3.25
1,Unresectable thymic carcinoma (PMDA),none,no_kg,llama3.1:8b,0,8,B,5,0.2,0,0,1,1,,kg,insufficient,3.0,"Drug-6 targets PDGFR (target) -> MAPK pathway -> cancer; while plausible, the evidence is sparse and does not directly relate to thymic carcinoma.",0.625,3.25
1,Unresectable thymic carcinoma (PMDA),none,no_kg,llama3.1:8b,1,8,G,7,0.14285714285714285,0,0,0,1,,prior,insufficient,1.0,"Drug-6 has some general anticancer activity, but no specific evidence for its efficacy or mechanism in thymic carcinoma.",0.5,2.25
1,Retinal vein occlusion,none,no_kg,llama3.1:8b,0,8,C,5,0.2,0,0,1,1,,kg,insufficient,3.0,"No direct mechanistic link to Retinal Vein Occlusion is given for Drug-8, but it has a link to the VEGF pathway.",0.75,3.125
1,Retinal vein occlusion,none,no_kg,llama3.1:8b,1,8,F,7,0.14285714285714285,0,0,0,1,,kg,insufficient,2.0,"The KG does not provide sufficient evidence to judge Drug-8's plausibility for RVO; however, I know it has anti-coagulant properties which could be relevant.",0.75,2.625
1,Spinal muscular atrophy (pediatric expansion),none,no_kg,llama3.1:8b,0,8,E,6,0.16666666666666666,0,0,0,1,,prior,insufficient,1.0,"From my pharmacological knowledge, Drug-8 has some neuroprotective effects that might be relevant to SMA, but I'm not aware of any direct evidence.",0.75,1.75
1,Spinal muscular atrophy (pediatric expansion),none,no_kg,llama3.1:8b,1,8,G,7,0.14285714285714285,0,0,0,1,,kg,insufficient,1.0,Sparse and indirect KG evidence for Drug-8; pharmacological knowledge does not suggest a clear link to SMA.,0.5,2.125
1,Chronic thromboembolic pulmonary hypertension,none,no_kg,llama3.1:8b,0,8,C,3,0.3333333333333333,0,1,1,1,,both,conflicting,2.0,"The knowledge graph suggests Drug-7 targets a pathway involved in CTEPH, but this is contradicted by known mechanisms.",0.75,2.625
1,Chronic thromboembolic pulmonary hypertension,none,no_kg,llama3.1:8b,1,8,E,4,0.25,0,0,1,1,,kg,insufficient,1.0,No clear mechanistic link between Drug-7 and the disease is provided by the knowledge graph.,0.75,2.375
1,Polycythaemia vera and essential thrombocytopenia,none,no_kg,llama3.1:8b,0,8,H,8,0.125,0,0,0,1,,kg,insufficient,1.0,No relevant mechanistic links are found for Drug-1 in the knowledge graph.,0.75,3.0
1,Polycythaemia vera and essential thrombocytopenia,none,no_kg,llama3.1:8b,1,8,B,1,1.0,1,1,1,1,,both,consistent,4.0,"Drug-1 targets JAK2, which is implicated in the pathogenesis of Polycythaemia vera and essential thrombocytopenia.",0.625,1.75
1,Generalized myasthenia gravis,none,no_kg,llama3.1:8b,0,8,B,3,0.3333333333333333,0,1,1,1,,prior,insufficient,5.0,Drug-8 is not well-known for its effects on neuromuscular transmission or myasthenia gravis.,0.75,3.0
1,Generalized myasthenia gravis,none,no_kg,llama3.1:8b,1,8,H,7,0.14285714285714285,0,0,0,1,,prior,insufficient,5.0,"Without direct evidence from the KG, ranking Drug-8 is uncertain; however, considering its pharmacological properties and prior use in autoimmune diseases, it's still a plausible candidate.",0.75,2.75
1,Invasive fungal infections pediatric ≥2yr,none,no_kg,llama3.1:8b,0,8,C,4,0.25,0,0,1,1,,kg,insufficient,2.0,"The KG suggests a link for Drug-5, but its target is unclear and the pathway connection to invasive fungal infections is uncertain.",0.5,2.375
1,Invasive fungal infections pediatric ≥2yr,none,no_kg,llama3.1:8b,1,8,G,5,0.2,0,0,1,1,,kg,insufficient,1.0,The mechanistic link for Drug-5 is uncertain due to the lack of a clear target or pathway involved.,0.875,1.875
1,PKU expanded to ≥12yr,none,no_kg,llama3.1:8b,0,8,F,5,0.2,0,0,1,1,,prior,insufficient,3.0,No evidence from the knowledge graph supports using Drug-8 for this disease,0.75,2.625
1,PKU expanded to ≥12yr,none,no_kg,llama3.1:8b,1,8,B,5,0.2,0,0,1,1,,kg,insufficient,1.0,No clear link between Drug-8 and the target disease in the KG evidence.,0.625,3.0
1,IDH1-mutated relapsed/refractory MDS,none,no_kg,llama3.1:8b,0,8,F,4,0.25,0,0,1,1,,kg,conflicting,1.0,"The KG suggests a link between Drug-8 and IDH2, but this is not directly relevant to IDH1-mutated MDS.",0.75,2.125
1,IDH1-mutated relapsed/refractory MDS,none,no_kg,llama3.1:8b,1,8,H,8,0.125,0,0,0,1,,kg,insufficient,2.0,"The knowledge graph reports a link between Drug-8 and the RHOA protein, but I don't know how this would affect IDH1 activity.",0.625,2.25
1,Retinopathy of prematurity,none,no_kg,llama3.1:8b,0,8,C,3,0.3333333333333333,0,1,1,1,,prior,insufficient,2.0,No direct evidence from the knowledge graph; this drug's mechanism of action does not strongly suggest a link to ROP.,0.5,1.875
1,Retinopathy of prematurity,none,no_kg,llama3.1:8b,1,8,D,7,0.14285714285714285,0,0,0,1,,kg,insufficient,1.0,Knowledge graph associations are too sparse to confidently assess Drug-6's potential against ROP.,0.5,1.875
1,Agitation associated with Alzheimer's dementia,none,no_kg,llama3.1:8b,0,8,E,1,1.0,1,1,1,1,,both,consistent,5.0,"Drug-5 has a mechanistic link to amyloid-beta pathway -> Alzheimer's disease via its inhibition of BACE1 enzyme, consistent with previous research on Alzheimer's.",0.75,2.625
1,Agitation associated with Alzheimer's dementia,none,no_kg,llama3.1:8b,1,8,E,2,0.5,0,1,1,1,,kg,insufficient,3.0,"While Drug-5 has some reported associations, the evidence is sparse and does not directly link to agitation in Alzheimer's.",0.75,3.125
1,LDL-C elevation in statin-intolerant dyslipidemia,none,no_kg,llama3.1:8b,0,8,F,7,0.14285714285714285,0,0,0,1,,kg,insufficient,1.0,There is limited information on Drug-8's mechanism of action or its potential impact on LDL-C in statin-intolerant dyslipidemia.,0.75,2.25
1,LDL-C elevation in statin-intolerant dyslipidemia,none,no_kg,llama3.1:8b,1,8,G,7,0.14285714285714285,0,0,0,1,,kg,insufficient,3.0,The KG does not provide sufficient information on Drug-8's mechanism of action for this disease.,0.625,3.125
1,First-line anemia in lower-risk MDS,none,no_kg,llama3.1:8b,0,8,C,5,0.2,0,0,1,1,,prior,insufficient,4.0,"Based on prior knowledge, Drug-7 has a mechanism of action that could be related to anemia treatment.",0.625,2.375
1,First-line anemia in lower-risk MDS,none,no_kg,llama3.1:8b,1,8,A,5,0.2,0,0,1,1,,kg,insufficient,2.0,The evidence for Drug-7's association with MDS-related pathways is sparse and not directly linked to first-line anemia treatment.,0.875,2.125
1,Atopic dermatitis,none,no_kg,llama3.1:8b,0,8,C,3,0.3333333333333333,0,1,1,1,,kg,conflicting,2.0,TNF-alpha pathway association is relevant but conflicted with prior knowledge on drug efficacy.,0.625,2.375
1,Atopic dermatitis,none,no_kg,llama3.1:8b,1,8,E,5,0.2,0,0,1,1,,prior,insufficient,4.0,"While Drug-7 has anti-inflammatory properties that might be beneficial for atopic dermatitis, no knowledge graph evidence supports this.",0.625,3.25
1,Acute HCV pediatric,none,no_kg,llama3.1:8b,0,8,D,5,0.2,0,0,1,1,,kg,insufficient,2.0,I couldn't find any information linking Drug-8 to HCV infection in the knowledge graph or through my own knowledge.,0.625,3.125
1,Acute HCV pediatric,none,no_kg,llama3.1:8b,1,8,G,7,0.14285714285714285,0,0,0,1,,kg,conflicting,2.0,"Mechanistic link: Drug-8 -> PI3K pathway; however, conflicting evidence regarding its role in HCV infection",1.0,2.875
1,HoFH in children,none,no_kg,llama3.1:8b,0,8,C,1,1.0,1,1,1,1,,both,consistent,5.0,Mechanistic link: Drug-8 -> PCSK9 -> LDLR pathway -> HoFH (in adults); plausible extension to children,0.625,3.0
1,HoFH in children,none,no_kg,llama3.1:8b,1,8,E,5,0.2,0,0,1,1,,kg,insufficient,1.0,No mechanistic links were found between Drug-8 and the LDLR/APOB pathway in HoFH disease.,0.75,2.125
1,dMMR/MSI-H primary advanced endometrial cancer (+chemo),none,no_kg,llama3.1:8b,0,8,F,6,0.16666666666666666,0,0,0,1,,kg,insufficient,2.0,No clear mechanistic links from the knowledge graph connect Drug-8 to this target disease or relevant pathways.,0.625,2.125
1,dMMR/MSI-H primary advanced endometrial cancer (+chemo),none,no_kg,llama3.1:8b,1,8,A,5,0.2,0,0,1,1,,kg,insufficient,1.0,No clear mechanistic links provided for Drug-8 to dMMR/MSI-H primary advanced endometrial cancer.,1.0,1.875
1,Cerebral folate transport deficiency,none,no_kg,llama3.1:8b,0,8,C,1,1.0,1,1,1,1,,both,consistent,4.0,"Drug-1 targets CBS (cystathionine beta-synthase), which is associated with the pathway that leads to cerebral folate transport deficiency.",0.625,1.875
1,Cerebral folate transport deficiency,none,no_kg,llama3.1:8b,1,8,A,8,0.125,0,0,0,1,,kg,insufficient,1.0,No clear mechanistic link between Drug-1 and the target disease; very limited related annotations in the knowledge graph.,0.75,2.75
1,Reduce MACE in CVD + obesity/overweight,none,no_kg,llama3.1:8b,0,8,D,6,0.16666666666666666,0,0,0,1,,prior,insufficient,5.0,"Based on pharmacological knowledge, Drug-8 has a profile consistent with reducing MACE in CVD + obesity/overweight.",0.75,3.25
1,Reduce MACE in CVD + obesity/overweight,none,no_kg,llama3.1:8b,1,8,F,3,0.3333333333333333,0,1,1,1,,kg,consistent,4.0,"The knowledge graph reports mechanistic links for Drug-5, but I'm uncertain about the relevance of these pathways to reducing MACE in CVD + obesity/overweight.",0.75,3.0
1,Palmoplantar pustulosis (PMDA),none,no_kg,llama3.1:8b,0,8,G,6,0.16666666666666666,0,0,0,1,,kg,insufficient,1.0,The knowledge graph does not provide clear connections between Drug-7 and Palmoplantar pustulosis or relevant pathways.,0.75,2.75
1,Palmoplantar pustulosis (PMDA),none,no_kg,llama3.1:8b,1,8,F,7,0.14285714285714285,0,0,0,1,,prior,insufficient,3.0,"Prior pharmacological knowledge suggests that this class of drugs may not be effective in PMDA, but evidence is insufficient to confirm",0.75,2.25
1,Measles prophylaxis post-exposure,none,no_kg,llama3.1:8b,0,8,G,1,1.0,1,1,1,1,,both,consistent,4.0,"Drug-1 targets interferon-gamma, which is involved in measles infection and could enhance immune response to the virus.",0.5,3.0
1,Measles prophylaxis post-exposure,none,no_kg,llama3.1:8b,1,8,A,2,0.5,0,1,1,1,,kg,insufficient,3.0,"There is limited KG evidence for Drug-1's mechanism of action, but it does involve some immune system modulation.",0.75,2.25
1,CKD in T2D,none,no_kg,llama3.1:8b,0,8,D,7,0.14285714285714285,0,0,0,1,,kg,insufficient,1.0,"The KG reports a mechanistic link between Drug-8 and diabetes via the PPARγ pathway, but there is no clear connection to CKD.",0.75,2.625
1,CKD in T2D,none,no_kg,llama3.1:8b,1,8,G,2,0.5,0,1,1,1,,kg,insufficient,3.0,"Drug-8 is associated with PI3K/AKT -> mTOR pathway, potentially beneficial for T2D management but lacking clear CKD relevance.",0.75,2.875
1,HER2-mutant NSCLC (PMDA),none,no_kg,llama3.1:8b,0,8,B,6,0.16666666666666666,0,0,0,1,,kg,insufficient,3.0,"KG links Drug-8 to pathways relevant to cancer treatment, but the direct connection to HER2-mutant NSCLC is unclear.",0.625,3.25
1,HER2-mutant NSCLC (PMDA),none,no_kg,llama3.1:8b,1,8,A,8,0.125,0,0,0,1,,kg,insufficient,1.0,No clear mechanistic links are shown between Drug-8 and HER2-mutant NSCLC.,0.625,2.875
1,Heterozygous familial hypercholesterolemia,none,no_kg,llama3.1:8b,0,8,D,1,1.0,1,1,1,1,,both,consistent,5.0,"Drug-7 is linked to HMGCR (target) which is associated with cholesterol biosynthesis pathway, a key player in familial hypercholesterolemia.",0.75,2.375
1,Heterozygous familial hypercholesterolemia,none,no_kg,llama3.1:8b,1,8,G,5,0.2,0,0,1,1,,kg,insufficient,3.0,No clear link to familial hypercholesterolemia based on the provided evidence,0.625,2.625
1,Crohn's disease,none,no_kg,llama3.1:8b,0,8,H,8,0.125,0,0,0,1,,kg,insufficient,1.0,"The knowledge graph shows an association between Drug-7 and the JAK/STAT pathway, but this is not strongly related to Crohn's disease.",0.875,1.625
1,Crohn's disease,none,no_kg,llama3.1:8b,1,8,G,2,0.5,0,1,1,1,,both,consistent,5.0,"Drug-7 has mechanistic links to IL-6 and TNF-alpha pathways, which are implicated in Crohn's disease.",0.625,2.375
1,COVID-19 in severe renal impairment/dialysis,none,no_kg,llama3.1:8b,0,8,D,4,0.25,0,0,1,1,,kg,conflicting,2.0,"The knowledge graph indicates Drug-8 is linked to a pathway that could be beneficial, but there's also conflicting evidence regarding its impact on kidney function.",0.625,2.375
1,COVID-19 in severe renal impairment/dialysis,none,no_kg,llama3.1:8b,1,8,E,3,0.3333333333333333,0,1,1,1,,kg,conflicting,2.0,"While Drug-8 has some mechanistic links to pathways related to COVID-19, there is also conflicting evidence from the knowledge graph.",0.625,2.125
1,MASH with fibrosis,none,no_kg,llama3.1:8b,0,8,C,5,0.2,0,0,1,1,,kg,conflicting,1.0,"Knowledge graph suggests involvement in a related pathway, but prior knowledge cautions against its potential off-target effects.",0.625,2.125
1,MASH with fibrosis,none,no_kg,llama3.1:8b,1,8,H,6,0.16666666666666666,0,0,0,1,,kg,insufficient,1.0,"Like Drug-6, there are no clear links between Drug-8 and the target disease in the KG; additional evidence is required.",0.7142857142857143,2.0
1,mHSPC + ADT,none,no_kg,llama3.1:8b,0,8,A,5,0.2,0,0,1,1,,prior,insufficient,1.0,I do not have sufficient knowledge to assess the mechanistic plausibility of Drug-8 for mHSPC + ADT (DOID:10283).,0.875,3.0
1,mHSPC + ADT,none,no_kg,llama3.1:8b,1,8,C,4,0.25,0,0,1,1,,prior,insufficient,3.0,"Drug-8's mechanism of action suggests it could target the PI3K/AKT pathway, but this is speculative without more evidence.",0.625,2.75
1,Chronic kidney disease,none,no_kg,llama3.1:8b,0,8,G,3,0.3333333333333333,0,1,1,1,,prior,insufficient,2.0,"Based on pharmacological knowledge, Drug-8 could potentially mitigate CKD through its effects on endothelial function and vascular health.",0.75,1.75
1,Chronic kidney disease,none,no_kg,llama3.1:8b,1,8,B,5,0.2,0,0,1,1,,prior,insufficient,3.0,"Drug-8 is a general class of drugs that may have off-target effects on kidney function, but specific evidence for CKD treatment is lacking.",0.625,2.125
1,Allergic fungal rhinosinusitis (AFRS) ≥6yr,none,no_kg,llama3.1:8b,0,8,F,4,0.25,0,0,1,1,,kg,conflicting,2.0,"The knowledge graph suggests a mechanistic link, but the target and pathway are not strongly associated with AFRS ≥6yr in pharmacological literature.",0.875,1.875
1,Allergic fungal rhinosinusitis (AFRS) ≥6yr,none,no_kg,llama3.1:8b,1,8,D,5,0.2,0,0,1,1,,kg,conflicting,1.0,"The KG suggests Drug-8 has associations with inflammatory diseases, but this is a broad category; our prior knowledge does not strongly support its relevance to AFRS.",0.75,2.25
1,Acquired hypothalamic obesity,none,no_kg,llama3.1:8b,0,8,C,7,0.14285714285714285,0,0,0,1,,kg,insufficient,1.0,"The knowledge graph provides no direct evidence for Drug-8, making it uncertain as a candidate.",0.625,1.75
1,Acquired hypothalamic obesity,none,no_kg,llama3.1:8b,1,8,G,4,0.25,0,0,1,1,,kg,insufficient,1.0,No direct mechanistic link is provided for Drug-8 to the target disease or pathways involved in obesity regulation.,0.5,3.625
1,Pediatric glioma (EMA),none,no_kg,llama3.1:8b,0,8,G,3,0.3333333333333333,0,1,1,1,,kg,insufficient,1.0,No mechanistic links provided for Drug-6; relying on prior knowledge is insufficient to rank it confidently.,0.75,2.375
1,Pediatric glioma (EMA),none,no_kg,llama3.1:8b,1,8,F,3,0.3333333333333333,0,1,1,1,,kg,insufficient,2.0,Weak evidence from KG; lacks clear mechanistic link or pathway association,0.625,2.375
1,IV formulation for rheumatic diseases (EMA),none,no_kg,llama3.1:8b,0,8,F,6,0.16666666666666666,0,0,0,1,,kg,insufficient,2.0,The knowledge graph does not provide sufficient information on Drug-6 to assess its plausibility for treating rheumatic diseases.,0.875,2.0
1,IV formulation for rheumatic diseases (EMA),none,no_kg,llama3.1:8b,1,8,A,4,0.25,0,0,1,1,,prior,insufficient,2.0,I am uncertain about Drug-6's potential due to a lack of provided evidence or associations with rheumatic diseases.,0.625,2.5
1,Oral tablet formulation for weight management,none,no_kg,llama3.1:8b,0,8,C,3,0.3333333333333333,0,1,1,1,,prior,insufficient,2.0,"Lack of direct evidence, but may have potential due to its pharmacological properties",0.75,2.875
1,Oral tablet formulation for weight management,none,no_kg,llama3.1:8b,1,8,D,3,0.3333333333333333,0,1,1,1,,kg,insufficient,2.0,"The knowledge graph reports an association with the disease pathway, but it's unclear how strong or relevant this link is.",0.625,1.875
1,dMMR recurrent/advanced endometrial cancer,none,no_kg,llama3.1:8b,0,8,D,5,0.2,0,0,1,1,,prior,insufficient,3.0,"No evidence was found for Drug-8 in the knowledge graph or my pharmacological knowledge, but its structure suggests possible activity against PI3K pathway.",0.75,2.875
1,dMMR recurrent/advanced endometrial cancer,none,no_kg,llama3.1:8b,1,8,G,7,0.14285714285714285,0,0,0,1,,kg,conflicting,3.0,Knowledge graph reports some association with cell cycle regulation but also mentions a conflicting pathway involvement that undermines confidence in its applicability to dMMR endometrial cancer.,0.625,2.625
1,Primary humoral immunodeficiency pediatric 2-11yr,none,no_kg,llama3.1:8b,0,8,H,6,0.16666666666666666,0,0,0,1,,prior,insufficient,2.0,"Similar to Drug-A, no relevant information was found in the knowledge graph; I rely on general pharmacological principles.",0.625,2.75
1,Primary humoral immunodeficiency pediatric 2-11yr,none,no_kg,llama3.1:8b,1,8,B,1,1.0,1,1,1,1,,both,consistent,4.0,Drug-1 is associated with IL6 pathway which is linked to immunodeficiency diseases through the knowledge graph and aligns with prior understanding of cytokine involvement in immune regulation.,0.625,1.875
1,Neoadj+adj HNSCC,none,no_kg,llama3.1:8b,0,8,F,3,0.3333333333333333,0,1,1,1,,prior,insufficient,2.0,"While I don't have specific information on Drug-7, its structure suggests potential for modulating cellular processes; further investigation is warranted.",0.75,2.0
1,Neoadj+adj HNSCC,none,no_kg,llama3.1:8b,1,8,D,5,0.2,0,0,1,1,,kg,conflicting,2.0,Knowledge graph links Drug-7 to PIK3CA pathway but also mentions a conflicting association with another target; more information is needed for a confident ranking.,0.75,2.5
1,Juvenile idiopathic arthritis (EMA Feb 2026),none,no_kg,llama3.1:8b,0,8,H,8,0.125,0,0,0,1,,kg,insufficient,1.0,Lack of direct mechanistic link; no clear evidence for its effectiveness against JIA.,0.75,1.875
1,Juvenile idiopathic arthritis (EMA Feb 2026),none,no_kg,llama3.1:8b,1,8,G,3,0.3333333333333333,0,1,1,1,,prior,insufficient,3.0,"While its mechanism is not clear from the KG evidence, pharmacological knowledge suggests Drug-7 may have anti-inflammatory properties.",0.75,2.375
1,"ALK+ solid tumors (tissue-agnostic, world-first)",none,no_kg,llama3.1:8b,0,8,B,5,0.2,0,0,1,1,,kg,insufficient,1.0,"The KG indicates a weak association between Drug-8 and the disease, but I do not have sufficient information to make a confident judgment.",0.75,2.25
1,"ALK+ solid tumors (tissue-agnostic, world-first)",none,no_kg,llama3.1:8b,1,8,G,3,0.3333333333333333,0,1,1,1,,kg,insufficient,2.0,"The knowledge graph provides a mechanistic link for Drug-8, but the pathway and disease associations are unclear.",0.625,1.75
1,Ulcerative colitis,none,no_kg,llama3.1:8b,0,8,G,8,0.125,0,0,0,1,,kg,insufficient,1.0,I have no information about Drug-8's potential mechanism of action in treating ulcerative colitis.,0.625,2.25
1,Ulcerative colitis,none,no_kg,llama3.1:8b,1,8,C,8,0.125,0,0,0,1,,kg,insufficient,1.0,"There's an association with the IL-6 pathway, which could be relevant; however, there's limited and conflicting evidence to support its use for Ulcerative Colitis.",0.75,2.25
1,Advanced RCC after PD-1/PD-L1 + VEGF-TKI,none,no_kg,llama3.1:8b,0,8,G,7,0.14285714285714285,0,0,0,1,,kg,conflicting,3.0,"The KG suggests Drug-8 targets pathways involved in RCC progression, but this conflicts with prior knowledge that it primarily targets different diseases.",0.875,2.625
1,Advanced RCC after PD-1/PD-L1 + VEGF-TKI,none,no_kg,llama3.1:8b,1,8,C,1,1.0,1,1,1,1,,prior,insufficient,3.0,"Drug-8 has a history of use in treating solid tumors, suggesting potential activity against RCC.",0.75,2.5
1,Ulcerative colitis,none,no_kg,llama3.1:8b,0,8,G,2,0.5,0,1,1,1,,kg,insufficient,3.0,Limited evidence in the knowledge graph; potential role as an anti-inflammatory agent,0.625,2.625
1,Ulcerative colitis,none,no_kg,llama3.1:8b,1,8,A,7,0.14285714285714285,0,0,0,1,,kg,insufficient,1.0,"The KG provides sparse and indirect evidence for Drug-7's association with a pathway related to inflammation, but it is unclear how this relates to Ulcerative Colitis.",0.75,1.875
1,BRAF V600E metastatic NSCLC,none,no_kg,llama3.1:8b,0,8,D,4,0.25,0,0,1,1,,prior,insufficient,5.0,"Based on pharmacological knowledge, Drug-8 may be effective against BRAF V600E metastatic NSCLC due to its mechanism of action.",0.75,2.75
1,BRAF V600E metastatic NSCLC,none,no_kg,llama3.1:8b,1,8,H,8,0.125,0,0,0,1,,kg,insufficient,1.0,No evidence was found for Drug-8.,0.625,2.375
1,Crohn's disease,none,no_kg,llama3.1:8b,0,8,F,7,0.14285714285714285,0,0,0,1,,kg,insufficient,1.0,No direct evidence or meaningful associations exist between Drug-8 and Crohn's disease in the KG.,0.625,3.25
1,Crohn's disease,none,no_kg,llama3.1:8b,1,8,D,6,0.16666666666666666,0,0,0,1,,prior,insufficient,1.0,The knowledge graph does not provide any relevant associations for Drug-8 and Crohn's disease; its efficacy would be purely speculative.,0.625,1.875
1,dMMR/MSI-H primary advanced endometrial cancer,none,no_kg,llama3.1:8b,0,8,F,4,0.25,0,0,1,1,,prior,insufficient,1.0,"Without specific evidence from the knowledge graph, we rely solely on pharmacological knowledge for Drug-8, which may not be directly applicable to dMMR/MSI-H tumors.",0.75,2.375
1,dMMR/MSI-H primary advanced endometrial cancer,none,no_kg,llama3.1:8b,1,8,A,6,0.16666666666666666,0,0,0,1,,prior,insufficient,3.0,"Drug-8 has shown efficacy in other cancer types, but there's limited evidence supporting its use for dMMR/MSI-H endometrial cancer",0.625,2.625
1,IgG4-related disease,none,no_kg,llama3.1:8b,0,8,F,5,0.2,0,0,1,1,,kg,insufficient,1.0,There's no clear mechanistic link between Drug-7 and IgG4-related disease in the knowledge graph.,0.75,1.875
1,IgG4-related disease,none,no_kg,llama3.1:8b,1,8,E,7,0.14285714285714285,0,0,0,1,,kg,insufficient,2.0,"Some evidence suggesting involvement in immune response modulation, but unclear connection to IgG4-related disease",0.625,2.875
1,Ph+ CML-CP frontline (EMA Feb 2026),none,no_kg,llama3.1:8b,0,8,F,6,0.16666666666666666,0,0,0,1,,kg,insufficient,2.0,No direct association found between Drug-8 and BCR-ABL/JAK2/STAT3 pathway in the KG.,0.875,2.75
1,Ph+ CML-CP frontline (EMA Feb 2026),none,no_kg,llama3.1:8b,1,8,A,5,0.2,0,0,1,1,,kg,conflicting,2.0,"The knowledge graph links Drug-8 to a pathway associated with CML-CP, but this evidence is inconsistent with its pharmacological profile.",0.625,2.625
1,EGPA,none,no_kg,llama3.1:8b,0,8,A,2,0.5,0,1,1,1,,kg,insufficient,3.0,"The KG reports a link to IL1 signaling pathway, but more context is needed for EGPA relevance.",0.625,1.875
1,EGPA,none,no_kg,llama3.1:8b,1,8,E,1,1.0,1,1,1,1,,both,consistent,5.0,"Drug-1 targets IL4R, which is implicated in EGPA through its role in eosinophilic inflammation.",0.75,2.5
1,Biliary tract cancer,none,no_kg,llama3.1:8b,0,8,B,4,0.25,0,0,1,1,,kg,conflicting,2.0,"The knowledge graph links Drug-8 to the Hedgehog signaling pathway, but this is less relevant to Biliary tract cancer.",0.75,3.375
1,Biliary tract cancer,none,no_kg,llama3.1:8b,1,8,E,7,0.14285714285714285,0,0,0,1,,kg,conflicting,2.0,"Linked to PI3K/AKT signaling pathway in KG, but also associated with other diseases",0.625,3.0
1,COPD,none,no_kg,llama3.1:8b,0,8,A,3,0.3333333333333333,0,1,1,1,,prior,insufficient,4.0,"Potential mechanistic link based on prior pharmacological knowledge, but no supporting evidence provided.",0.875,2.375
1,COPD,none,no_kg,llama3.1:8b,1,8,G,4,0.25,0,0,1,1,,kg,conflicting,1.0,"The KG indicates Drug-8's involvement in a different pathway, but its direct relevance to COPD is unclear.",0.625,1.875
1,Primary mediastinal large B-cell lymphoma,none,no_kg,llama3.1:8b,0,8,H,8,0.125,0,0,0,1,,prior,insufficient,1.0,"Based on general knowledge, Drug-7 is not typically used to treat lymphomas; no specific evidence was provided.",0.625,2.0
1,Primary mediastinal large B-cell lymphoma,none,no_kg,llama3.1:8b,1,8,H,6,0.16666666666666666,0,0,0,1,,kg,insufficient,1.0,No clear evidence from the KG; no direct pharmacological mechanism to suggest it would be effective for PMLBCL,0.75,2.625
1,CRSwNP (eosinophilic chronic rhinosinusitis with nasal polyps),none,no_kg,llama3.1:8b,0,8,A,4,0.25,0,0,1,1,,kg,conflicting,2.0,"The knowledge graph suggests Drug-8's involvement in the PI3K/AKT pathway, but this connection is not strongly supported and may be a weak association.",0.75,2.375
1,CRSwNP (eosinophilic chronic rhinosinusitis with nasal polyps),none,no_kg,llama3.1:8b,1,8,A,1,1.0,1,1,1,1,,both,consistent,5.0,"Drug-8 is associated with the Th2 pathway through IL-4 inhibition, a key player in CRSwNP pathogenesis.",0.75,2.625
1,RAS wild-type HER2+ metastatic colorectal cancer,none,no_kg,llama3.1:8b,0,8,G,6,0.16666666666666666,0,0,0,1,,kg,insufficient,1.0,There is insufficient evidence to assess Drug-7's mechanistic plausibility for HER2+ colorectal cancer.,0.75,2.875
1,RAS wild-type HER2+ metastatic colorectal cancer,none,no_kg,llama3.1:8b,1,8,E,6,0.16666666666666666,0,0,0,1,,kg,conflicting,3.0,"Drug-7 is linked to the PI3K/AKT pathway, but this association seems inconsistent with its known use as an anti-inflammatory agent.",0.625,2.5
1,Schnitzler syndrome (Japan),none,no_kg,llama3.1:8b,0,8,C,7,0.14285714285714285,0,0,0,1,,prior,insufficient,2.0,There is insufficient evidence to evaluate the mechanistic plausibility of Drug-8 for Schnitzler syndrome.,0.625,2.75
1,Schnitzler syndrome (Japan),none,no_kg,llama3.1:8b,1,8,F,5,0.2,0,0,1,1,,prior,insufficient,4.0,Drug-8's mechanism is unrelated to Schnitzler syndrome based on prior knowledge.,0.625,3.375
1,HR+/HER2- breast cancer,none,no_kg,llama3.1:8b,0,8,A,4,0.25,0,0,1,1,,kg,conflicting,1.0,"Knowledge graph reports an association between Drug-8 and a target involved in HR+/HER2- breast cancer, but this contradicts prior knowledge suggesting this drug is less effective against this disease.",0.875,2.0
1,HR+/HER2- breast cancer,none,no_kg,llama3.1:8b,1,8,A,1,1.0,1,1,1,1,,kg,consistent,5.0,"Drug-8 has a strong mechanistic link to PIK3CA through its association with mTOR, suggesting a potential benefit in HR+/HER2- breast cancer",0.5,2.25
1,Psoriasis in children 6-11 (cream),none,no_kg,llama3.1:8b,0,8,H,8,0.125,0,0,0,1,,prior,insufficient,1.0,"Based on limited pharmacological understanding, Drug-5 seems least likely related to treating psoriasis due to lack of relevant mechanisms.",0.5,2.625
1,Psoriasis in children 6-11 (cream),none,no_kg,llama3.1:8b,1,8,E,7,0.14285714285714285,0,0,0,1,,prior,insufficient,1.0,"Without any evidence from the knowledge graph or clear pharmacological rationale, Drug-5 is a low-priority candidate for treating psoriasis in children.",0.625,1.875
1,Resectable gastric/GEJ adenocarcinoma (neoadj+adj +FLOT),none,no_kg,llama3.1:8b,0,8,D,5,0.2,0,0,1,1,,prior,insufficient,1.0,"No relevant evidence was found; based on pharmacological knowledge alone, Drug-5 has some potential as it's a PARP inhibitor used in cancer treatment.",0.625,1.875
1,Resectable gastric/GEJ adenocarcinoma (neoadj+adj +FLOT),none,no_kg,llama3.1:8b,1,8,C,1,1.0,1,1,1,1,,both,consistent,4.0,"Drug-6 has mechanistic links to PI3K/AKT pathway, which is implicated in gastric cancer.",0.75,2.5
1,COPD (EMA 2025),none,no_kg,llama3.1:8b,0,8,H,5,0.2,0,0,1,1,,prior,insufficient,3.0,"Based on pharmacological knowledge, Drug-7 has some potential as a repurposed treatment for COPD, but no clear mechanistic links are reported in the knowledge graph.",0.75,2.625
1,COPD (EMA 2025),none,no_kg,llama3.1:8b,1,8,B,7,0.14285714285714285,0,0,0,1,,kg,insufficient,1.0,No direct mechanistic link to COPD; reliance on prior knowledge is uncertain.,1.0,2.25
1,Ph+ CML-CP after 2+ TKIs,none,no_kg,llama3.1:8b,0,8,H,8,0.125,0,0,0,1,,kg,insufficient,1.0,No KG evidence directly links Drug-8 to CML-CP treatment.,1.0,2.125
1,Ph+ CML-CP after 2+ TKIs,none,no_kg,llama3.1:8b,1,8,E,5,0.2,0,0,1,1,,kg,conflicting,2.0,"KG shows Drug-8's link to tyrosine kinase inhibition, but this pathway may be less relevant in Ph+ CML-CP after TKIs.",0.75,3.625
1,IgE-mediated food allergy,none,no_kg,llama3.1:8b,0,8,A,4,0.25,0,0,1,1,,kg,conflicting,1.0,"The knowledge graph reports an association between Drug-1 and DOID:3044; however, its target is primarily involved in a different pathway, raising concerns about mechanistic plausibility.",0.75,2.0
1,IgE-mediated food allergy,none,no_kg,llama3.1:8b,1,8,H,8,0.125,0,0,0,1,,prior,insufficient,1.0,"Based on prior knowledge, Drug-1 is unlikely to have direct relevance to IgE-mediated food allergy",0.5,1.875
1,BRAF+ thyroid cancer,none,no_kg,llama3.1:8b,0,8,B,3,0.3333333333333333,0,1,1,1,,both,consistent,5.0,Drug-8 targets MEK and is linked to pathway 'MAPK signaling' in the disease context,0.375,3.25
1,BRAF+ thyroid cancer,none,no_kg,llama3.1:8b,1,8,G,6,0.16666666666666666,0,0,0,1,,kg,insufficient,2.0,Sparse evidence linking Drug-8 to relevant pathways makes it a lower-ranking candidate.,0.5,2.75
1,Primary immunodeficiency pediatric (EMA),none,no_kg,llama3.1:8b,0,8,B,1,1.0,1,1,1,1,,both,consistent,4.0,Drug-1 is associated with PI3K/AKT pathway alterations in the KG and has prior evidence for immunomodulatory effects.,0.75,2.25
1,Primary immunodeficiency pediatric (EMA),none,no_kg,llama3.1:8b,1,8,B,4,0.25,0,0,1,1,,kg,conflicting,1.0,Drug-1's link to immune system regulation is conflicting with its reported use in treating hypertension.,0.625,1.875
1,Biliary tract cancer 1L,none,no_kg,llama3.1:8b,0,8,E,7,0.14285714285714285,0,0,0,1,,prior,insufficient,1.0,"Drug-8 has no relevant links in the KG; based solely on prior knowledge, it is difficult to assess its plausibility.",0.625,2.25
1,Biliary tract cancer 1L,none,no_kg,llama3.1:8b,1,8,E,5,0.2,0,0,1,1,,kg,insufficient,1.0,"Limited mechanistic information available for Drug-8, with no clear link to Biliary tract cancer pathways.",0.875,1.875
1,Polymyalgia rheumatica,none,no_kg,llama3.1:8b,0,8,F,7,0.14285714285714285,0,0,0,1,,kg,conflicting,2.0,"Mechanistic link reported between Drug-8 and NF-kappa B signaling pathway, but also linked to inhibiting TNF-α, which could be counterproductive in treating Polymyalgia rheumatica.",0.875,1.875
1,Polymyalgia rheumatica,none,no_kg,llama3.1:8b,1,8,H,8,0.125,0,0,0,1,,kg,insufficient,2.0,,0.75,3.0
1,Chronic lymphocytic leukemia,none,no_kg,llama3.1:8b,0,8,H,8,0.125,0,0,0,1,,prior,insufficient,3.0,"Prior knowledge of mTOR inhibitors in cancer treatment; however, there is no mechanistic link provided",0.625,2.625
1,Chronic lymphocytic leukemia,none,no_kg,llama3.1:8b,1,8,E,5,0.2,0,0,1,1,,kg,insufficient,1.0,Sparse annotations in the KG make it difficult to assess Drug-8's mechanistic plausibility.,0.75,2.375
1,"Crohn's disease (moderate-severe, refractory)",none,no_kg,llama3.1:8b,0,8,C,4,0.25,0,0,1,1,,prior,insufficient,2.0,"Our pharmacological knowledge suggests that Drug-6 may have some anti-inflammatory effects, but the evidence is not strong enough to judge its mechanistic plausibility for Crohn's disease.",0.75,1.875
1,"Crohn's disease (moderate-severe, refractory)",none,no_kg,llama3.1:8b,1,8,A,2,0.5,0,1,1,1,,kg,insufficient,3.0,No mechanistic links were found between Drug-6 and the target disease or related pathways.,0.625,3.25
1,HER2-mutant NSCLC (EMA),none,no_kg,llama3.1:8b,0,8,C,5,0.2,0,0,1,1,,kg,insufficient,1.0,No relevant mechanistic links found in the knowledge graph for Drug-8.,0.75,2.75
1,HER2-mutant NSCLC (EMA),none,no_kg,llama3.1:8b,1,8,C,2,0.5,0,1,1,1,,kg,insufficient,3.0,No clear mechanistic link is provided between Drug-8 and HER2-mutant NSCLC,0.625,2.875
1,Giant cell arteritis,none,no_kg,llama3.1:8b,0,8,D,6,0.16666666666666666,0,0,0,1,,prior,insufficient,1.0,"Without any evidence from the knowledge graph, it's uncertain whether Drug-8 is relevant to Giant cell arteritis",0.625,1.875
1,Giant cell arteritis,none,no_kg,llama3.1:8b,1,8,D,5,0.2,0,0,1,1,,prior,insufficient,2.0,"Based on pharmacological properties alone (a known inhibitor of a similar pathway), I'd hypothesize some efficacy, but the lack of explicit evidence in the knowledge graph limits confidence.",0.75,2.75
1,First-line anemia in lower-risk MDS,none,no_kg,llama3.1:8b,0,8,A,5,0.2,0,0,1,1,,kg,conflicting,2.0,Drug-8 has evidence against efficacy in this disease.,0.5,3.125
1,First-line anemia in lower-risk MDS,none,no_kg,llama3.1:8b,1,8,A,3,0.3333333333333333,0,1,1,1,,kg,consistent,4.0,Drug-8 is associated with a pathway (DOID:0060435) that is involved in anemia.,0.875,3.0
1,GVHD + pediatric,none,no_kg,llama3.1:8b,0,8,F,6,0.16666666666666666,0,0,0,1,,kg,conflicting,4.0,"KG shows conflicting evidence: one link suggests Drug-6 is associated with a pathway (PI3K/AKT) related to GVHD, while another links it to an opposing effect",0.875,3.125
1,GVHD + pediatric,none,no_kg,llama3.1:8b,1,8,E,2,0.5,0,1,1,1,,kg,consistent,3.0,Drug-6 is associated with a pathway linked to GVHD + pediatric through the knowledge graph.,0.625,2.625
1,MSI-H/dMMR solid tumors (full approval conversion),none,no_kg,llama3.1:8b,0,8,A,5,0.2,0,0,1,1,,kg,conflicting,2.0,The KG links Drug-7 to a pathway also involved in MSI-H/dMMR but the relevance is less clear and contradicts some prior knowledge.,0.625,2.75
1,MSI-H/dMMR solid tumors (full approval conversion),none,no_kg,llama3.1:8b,1,8,D,1,1.0,1,1,1,1,,both,consistent,4.0,"Drug-7's association with PI3K/AKT pathway inhibition, a known mechanism in MSI-H/dMMR solid tumors, is supported by both KG evidence and prior knowledge.",0.625,2.125
1,Antibody-mediated rejection in organ transplantation,none,no_kg,llama3.1:8b,0,8,A,3,0.3333333333333333,0,1,1,1,,prior,insufficient,4.0,"While the knowledge graph has no evidence for Drug-1, it is known to inhibit certain signaling pathways that may be relevant to antibody-mediated rejection.",0.75,2.75
1,Antibody-mediated rejection in organ transplantation,none,no_kg,llama3.1:8b,1,8,H,8,0.125,0,0,0,1,,prior,insufficient,2.0,"Based on pharmacological knowledge, Drug-1 may not be effective against antibody-mediated rejection due to its primary mechanism of action.",0.625,3.0
1,Pancreatic NET,none,no_kg,llama3.1:8b,0,8,A,8,0.125,0,0,0,1,,kg,conflicting,2.0,"The KG associates Drug-7 with MAPK signaling, but prior knowledge suggests limited efficacy in NETs.",0.625,2.625
1,Pancreatic NET,none,no_kg,llama3.1:8b,1,8,C,7,0.14285714285714285,0,0,0,1,,kg,conflicting,2.0,The knowledge graph suggests a link to 'JAK-STAT signaling' but the provided information is unclear and conflicts with our understanding of this pathway.,0.75,2.75
1,Follicular lymphoma (+obinutuzumab),none,no_kg,llama3.1:8b,0,8,B,3,0.3333333333333333,0,1,1,1,,prior,insufficient,4.0,"While I'm not aware of any specific evidence linking Drug-8 to Follicular lymphoma, its mechanism doesn't conflict with the disease's pathophysiology.",0.75,2.5
1,Follicular lymphoma (+obinutuzumab),none,no_kg,llama3.1:8b,1,8,F,8,0.125,0,0,0,1,,kg,insufficient,1.0,The KG provides no information about Drug-8's target or mechanism in relation to follicular lymphoma.,0.875,2.75
1,HR+/HER2- node-positive high-risk early breast cancer,none,no_kg,llama3.1:8b,0,8,C,5,0.2,0,0,1,1,,kg,insufficient,2.0,No clear evidence from the knowledge graph for Drug-8's mechanism of action in HR+/HER2- breast cancer.,0.75,2.5
1,HR+/HER2- node-positive high-risk early breast cancer,none,no_kg,llama3.1:8b,1,8,E,5,0.2,0,0,1,1,,kg,conflicting,1.0,"Evidence suggests a link to mTOR pathway, but conflicting reports on efficacy in breast cancer limit confidence",0.75,2.125
1,BRAF+ thyroid cancer,none,no_kg,llama3.1:8b,0,8,H,6,0.16666666666666666,0,0,0,1,,kg,insufficient,1.0,The evidence for Drug-6 is too sparse and indirect to judge its mechanistic plausibility for this disease.,0.75,2.125
1,BRAF+ thyroid cancer,none,no_kg,llama3.1:8b,1,8,F,8,0.125,0,0,0,1,,kg,insufficient,2.0,"The knowledge graph mentions Drug-6's link to various targets, but no direct link to BRAF+ thyroid cancer is established.",0.875,2.75
1,HER2+ solid tumors (tumor-agnostic),none,no_kg,llama3.1:8b,0,8,H,8,0.125,0,0,0,1,,prior,insufficient,1.0,"Based on my prior knowledge, Drug-8 has not shown any efficacy in treating HER2+ solid tumors.",0.75,2.5
1,HER2+ solid tumors (tumor-agnostic),none,no_kg,llama3.1:8b,1,8,G,4,0.25,0,0,1,1,,kg,conflicting,3.0,"The knowledge graph suggests Drug-8 is associated with the PI3K pathway, but this contradicts its use as a PARP inhibitor in other contexts (pharmacological knowledge).",0.75,2.5
1,"mCRC BRAF V600E (traditional approval, was accelerated)",none,no_kg,llama3.1:8b,0,8,E,5,0.2,0,0,1,1,,prior,insufficient,3.0,No known targets or pathways associated with mCRC BRAF V600E in the knowledge graph; pharmacological knowledge suggests potential activity through other mechanisms.,0.625,2.75
1,"mCRC BRAF V600E (traditional approval, was accelerated)",none,no_kg,llama3.1:8b,1,8,F,7,0.14285714285714285,0,0,0,1,,kg,insufficient,3.0,"While Drug-7 has reported associations, evidence is sparse and inconclusive for its potential efficacy against mCRC BRAF V600E.",0.75,2.75
1,"Pediatric low-grade glioma (+dabrafenib, BRAF V600E)",none,no_kg,llama3.1:8b,0,8,E,5,0.2,0,0,1,1,,prior,insufficient,2.0,No clear pharmacological mechanism linking this drug to Pediatric low-grade glioma or BRAF V600E mutation.,0.625,2.25
1,"Pediatric low-grade glioma (+dabrafenib, BRAF V600E)",none,no_kg,llama3.1:8b,1,8,E,5,0.2,0,0,1,1,,kg,insufficient,1.0,There is little evidence provided for Drug-8's association with pathways or mechanisms relevant to pediatric low-grade glioma.,0.875,2.625
1,HR+/HER2- metastatic breast cancer,none,no_kg,llama3.1:8b,0,8,C,4,0.25,0,0,1,1,,kg,conflicting,3.0,"The knowledge graph suggests a contradictory association between Drug-8 and the disease via the PI3K/AKT pathway, but this conflicts with my own understanding of its pharmacological profile.",0.75,2.75
1,HR+/HER2- metastatic breast cancer,none,no_kg,llama3.1:8b,1,8,C,3,0.3333333333333333,0,1,1,1,,prior,insufficient,5.0,"Based on prior knowledge, Drug-8 has potential as a breast cancer treatment, but the KG evidence is insufficient to confirm its mechanism.",0.625,3.75
1,1L biliary tract cancer (+gemcitabine+cisplatin),none,no_kg,llama3.1:8b,0,8,E,5,0.2,0,0,1,1,,kg,insufficient,3.0,No direct associations reported in the knowledge graph.,0.75,3.625
1,1L biliary tract cancer (+gemcitabine+cisplatin),none,no_kg,llama3.1:8b,1,8,C,3,0.3333333333333333,0,1,1,1,,kg,insufficient,3.0,"No clear mechanistic link provided in the knowledge graph, but it has been used to treat other types of cancer.",0.75,2.75
1,RET-fusion NSCLC (expanded),none,no_kg,llama3.1:8b,0,8,A,2,0.5,0,1,1,1,,prior,insufficient,3.0,"Although no direct link is provided, Drug-8's mechanism of action could potentially inhibit RET fusion proteins.",0.625,1.875
1,RET-fusion NSCLC (expanded),none,no_kg,llama3.1:8b,1,8,E,1,1.0,1,1,1,1,,both,consistent,5.0,"Drug-8 targets PI3K/AKT pathway, which is frequently hyperactivated in RET-fusion NSCLC due to fusion protein overexpression, and has evidence of mechanistic link (drug -> target -> pathway -> disease).",0.625,2.25
1,HR+/HER2- metastatic breast cancer,none,no_kg,llama3.1:8b,0,8,F,5,0.2,0,0,1,1,,kg,insufficient,3.0,Association with mTOR pathway in some cancers; insufficient evidence for HR+/HER2-,0.625,2.125
1,HR+/HER2- metastatic breast cancer,none,no_kg,llama3.1:8b,1,8,E,5,0.2,0,0,1,1,,prior,insufficient,3.0,Drug-7 has some anti-cancer properties but lacks clear evidence for its relevance to HR+/HER2- metastatic breast cancer.,0.5,2.5
1,Pheochromocytoma/paraganglioma,none,no_kg,llama3.1:8b,0,8,D,7,0.14285714285714285,0,0,0,1,,kg,insufficient,1.0,"KG links Drug-8 to the VHL pathway, but no further information is available to assess its potential against pheochromocytoma/paraganglioma.",0.625,2.5
1,Pheochromocytoma/paraganglioma,none,no_kg,llama3.1:8b,1,8,C,3,0.3333333333333333,0,1,1,1,,kg,conflicting,5.0,Drug-8 targets a pathway involved in the disease but its link to its target is conflicting with known mechanisms,0.75,3.5
1,Gastric/GEJ adenocarcinoma (1L +chemo),none,no_kg,llama3.1:8b,0,8,G,7,0.14285714285714285,0,0,0,1,,kg,conflicting,3.0,"Evidence from KG links Drug-7 to PIK3CA pathway, but some studies suggest it may activate the same pathway; requires further investigation",0.5,2.625
1,Gastric/GEJ adenocarcinoma (1L +chemo),none,no_kg,llama3.1:8b,1,8,F,4,0.25,0,0,1,1,,prior,insufficient,3.0,"Drug-7's mechanism could be relevant to cancer treatment, but there's insufficient information to judge its plausibility.",0.375,3.0
1,Metastatic colorectal cancer,none,no_kg,llama3.1:8b,0,8,C,1,1.0,1,1,1,1,,both,consistent,5.0,"Drug-1 targets PI3K/AKT pathway, which is implicated in colorectal cancer metastasis",0.625,2.625
1,Metastatic colorectal cancer,none,no_kg,llama3.1:8b,1,8,E,4,0.25,0,0,1,1,,prior,insufficient,5.0,"While not explicitly linked, some drugs targeting PI3K/AKT pathway have shown efficacy in colorectal cancer; this may be relevant for Drug-1.",0.75,2.375
1,Gastric/GEJ adenocarcinoma,none,no_kg,llama3.1:8b,0,8,B,5,0.2,0,0,1,1,,prior,insufficient,3.0,"As a Hedgehog pathway inhibitor, Drug-7 may have some mechanistic plausibility for gastric/GEJ adenocarcinoma, but there is no direct evidence to support this.",0.875,2.375
1,Gastric/GEJ adenocarcinoma,none,no_kg,llama3.1:8b,1,8,C,3,0.3333333333333333,0,1,1,1,,kg,insufficient,2.0,"The KG suggests a connection between Drug-7 and the mTOR pathway, but more evidence is needed to confirm this relation.",0.75,2.5
1,Urothelial carcinoma (expanded population),none,no_kg,llama3.1:8b,0,8,B,1,1.0,1,1,1,1,,kg,consistent,5.0,Strong mechanistic link from drug-8 to target -> PI3K/AKT pathway involved in urothelial carcinoma,0.625,2.5
1,Urothelial carcinoma (expanded population),none,no_kg,llama3.1:8b,1,8,C,8,0.125,0,0,0,1,,kg,insufficient,1.0,No clear mechanistic link to urothelial carcinoma or relevant pathways.,0.625,2.75
1,HER2+ early-stage BC (neoadjuvant + adjuvant),none,no_kg,llama3.1:8b,0,8,D,2,0.5,0,1,1,1,,kg,insufficient,3.0,Limited evidence from knowledge graph,0.625,2.0
1,HER2+ early-stage BC (neoadjuvant + adjuvant),none,no_kg,llama3.1:8b,1,8,G,3,0.3333333333333333,0,1,1,1,,prior,insufficient,4.0,"As a chemotherapeutic agent, Drug-8's mechanism is relevant for HER2+ BC treatment, but KG evidence is indirect.",0.625,2.5
1,Pediatric BRAF V600E low-grade glioma,none,no_kg,llama3.1:8b,0,8,H,7,0.14285714285714285,0,0,0,1,,prior,insufficient,1.0,"Assumes potential activity based on general kinase inhibition properties, but lacks specific evidence for BRAF V600E low-grade glioma.",0.75,1.875
1,Pediatric BRAF V600E low-grade glioma,none,no_kg,llama3.1:8b,1,8,G,7,0.14285714285714285,0,0,0,1,,kg,conflicting,2.0,"KG links Drug-5 to MEK pathway; however, pharmacological knowledge suggests its primary mechanism is through other pathways.",0.75,2.375
1,HR+/HER2- early breast cancer (adjuvant),none,no_kg,llama3.1:8b,0,8,C,1,1.0,1,1,1,1,,both,consistent,4.0,"Drug-6 has a mechanistic link to PI3K/AKT/mTOR pathway, which is implicated in HR+/HER2- early breast cancer.",0.625,2.125
1,HR+/HER2- early breast cancer (adjuvant),none,no_kg,llama3.1:8b,1,8,B,8,0.125,0,0,0,1,,kg,conflicting,1.0,Evidence suggests association with pathways not directly implicated in HR+/HER2- breast cancer,0.75,3.25
1,HR+/HER2-low breast cancer,none,no_kg,llama3.1:8b,0,8,F,6,0.16666666666666666,0,0,0,1,,kg,insufficient,1.0,The knowledge graph does not provide sufficient information to assess the mechanistic plausibility of Drug-8 for HR+/HER2-low breast cancer.,0.75,3.0
1,HR+/HER2-low breast cancer,none,no_kg,llama3.1:8b,1,8,B,6,0.16666666666666666,0,0,0,1,,kg,insufficient,1.0,There is sparse and conflicting mechanistic evidence for Drug-8 in this disease.,0.625,1.875
1,Platinum-resistant ovarian carcinoma (PD-L1+ CPS≥1),none,no_kg,llama3.1:8b,0,8,E,7,0.14285714285714285,0,0,0,1,,kg,insufficient,1.0,"No direct mechanistic links to the disease are reported in the knowledge graph, and its pharmacological properties do not strongly suggest a connection.",0.625,2.25
1,Platinum-resistant ovarian carcinoma (PD-L1+ CPS≥1),none,no_kg,llama3.1:8b,1,8,E,5,0.2,0,0,1,1,,kg,conflicting,1.0,Drug-6 has a mechanistic link that conflicts with prior knowledge regarding its target pathway and involvement in the disease.,0.875,1.875
1,TRD monotherapy,primekg,kg,llama3.1:8b,0,8,G,1,1.0,1,1,1,1,,both,consistent,4.0,"Drug-7 targets GRIN3B, which is associated with anxiety disorder, and BDNF, a key player in mood regulation.",0.875,2.25
1,TRD monotherapy,primekg,kg,llama3.1:8b,1,8,A,3,0.3333333333333333,0,1,1,1,,kg,consistent,4.0,"Drug-7 targets GRIN2B and BDNF, which are both involved in glutamate regulation and have been linked to depression.",1.0,2.25
1,ILD-associated pulmonary hypertension,primekg,kg,llama3.1:8b,0,8,A,2,0.5,0,1,1,1,,both,insufficient,3.0,"While PTGIR and P2RY12 are targeted by Drug-1, their direct relevance to pulmonary hypertension is unclear",0.5,2.5
1,ILD-associated pulmonary hypertension,primekg,kg,llama3.1:8b,1,8,D,1,1.0,1,1,1,1,,both,consistent,5.0,"Drug-1 targets PPARD, which is involved in endothelial cell function and vascular tone regulation, a key aspect of pulmonary hypertension.",1.0,2.5
1,Indolent systemic mastocytosis (EMA),primekg,kg,llama3.1:8b,0,8,G,1,1.0,1,1,1,1,,both,consistent,4.0,"Drug-8 targets KIT, a gene associated with Indolent Systemic Mastocytosis (EMA), supporting its mechanistic plausibility.",0.75,1.875
1,Indolent systemic mastocytosis (EMA),primekg,kg,llama3.1:8b,1,8,D,2,0.5,0,1,1,1,,both,insufficient,3.0,"Drug-8 targets KIT, a gene associated with indolent systemic mastocytosis; however, other evidence is sparse or conflicting.",0.625,2.25
1,Hidradenitis suppurativa,primekg,kg,llama3.1:8b,0,8,A,1,1.0,1,1,1,1,,both,consistent,4.0,"Drug-7 targets IL17A, which is involved in the inflammatory response and could be relevant to Hidradenitis suppurativa.",0.625,2.375
1,Hidradenitis suppurativa,primekg,kg,llama3.1:8b,1,8,G,1,1.0,1,1,1,1,,both,consistent,4.0,"Drug-7 targets IL17A, which is involved in the inflammatory response associated with Hidradenitis suppurativa.",0.625,2.25
1,Chronic hepatitis B (pediatric),primekg,kg,llama3.1:8b,0,8,C,8,0.125,0,0,0,1,,prior,insufficient,4.0,The targets of Drug-6 don't have clear connections to hepatitis B.,0.625,3.0
1,Chronic hepatitis B (pediatric),primekg,kg,llama3.1:8b,1,8,E,3,0.3333333333333333,0,1,1,1,,prior,insufficient,5.0,"No direct evidence from the knowledge graph, but Drug-6's targets are not immediately relevant to liver function or viral infections.",0.625,3.25
1,HoFH pediatric (EMA),primekg,kg,llama3.1:8b,0,8,D,6,0.16666666666666666,0,0,0,1,,prior,insufficient,3.0,Some of Drug-8's targets are involved in lipid transport and metabolism but no direct links to HoFH pediatric were found.,0.125,2.25
1,HoFH pediatric (EMA),primekg,kg,llama3.1:8b,1,8,C,7,0.14285714285714285,0,0,0,1,,prior,conflicting,1.0,"Drug-8 targets various proteins, but none are directly related to lipid metabolism or HoFH pediatric; this conflicts with the lack of evidence for Drug-2.",0.7142857142857143,2.2857142857142856
1,Nephrotic syndrome,primekg,kg,llama3.1:8b,0,8,A,3,0.3333333333333333,0,1,1,1,,prior,insufficient,4.0,"As MS4A1 is involved in immune responses, it's plausible that a drug targeting this protein could affect kidney function and Nephrotic syndrome.",0.875,2.375
1,Nephrotic syndrome,primekg,kg,llama3.1:8b,1,8,E,3,0.3333333333333333,0,1,1,1,,prior,insufficient,4.0,Lack of relevant targets in the knowledge graph,0.75,2.5
1,Follicular lymphoma,primekg,kg,llama3.1:8b,0,8,C,3,0.3333333333333333,0,1,1,1,,kg,consistent,4.0,CD19 is a well-known target for B-cell lymphoma treatments.,0.75,2.625
1,Follicular lymphoma,primekg,kg,llama3.1:8b,1,8,H,1,1.0,1,1,1,1,,kg,consistent,5.0,"Drug-8 targets CD19, which is a known target in B-cell non-Hodgkin lymphoma",0.625,2.625
1,Retinal vein occlusion,primekg,kg,llama3.1:8b,0,8,G,1,1.0,1,1,1,1,,both,consistent,5.0,"Drug-8 targets VEGFA, a key gene associated with Retinal vein occlusion.",1.0,2.125
1,Retinal vein occlusion,primekg,kg,llama3.1:8b,1,8,G,1,1.0,1,1,1,1,,both,consistent,4.0,"Drug-8 targets VEGFA, which is associated with Retinal Vein Occlusion in the knowledge graph.",0.875,2.625
1,Agitation associated with Alzheimer's dementia,primekg,kg,llama3.1:8b,0,8,B,7,0.14285714285714285,0,0,0,1,,kg,conflicting,1.0,"Drug-2 targets several UGT enzymes and other proteins, but no clear link to agitation associated with Alzheimer's dementia is apparent.",0.75,1.75
1,Agitation associated with Alzheimer's dementia,primekg,kg,llama3.1:8b,1,8,F,5,0.2,0,0,1,1,,prior,insufficient,4.0,"Similar to Drug-2, Drug-7 could be a candidate based on pharmacological knowledge, but no evidence is found in the knowledge graph.",0.5,3.0
1,High LDL-C with increased CV risk (expanded),primekg,kg,llama3.1:8b,0,8,C,1,1.0,1,1,1,1,,both,consistent,5.0,"Drug-8 targets PCSK9, which is associated with High LDL-C with increased CV risk in the knowledge graph and is a well-established target for lipid-lowering therapy.",1.0,2.25
1,High LDL-C with increased CV risk (expanded),primekg,kg,llama3.1:8b,1,8,D,1,1.0,1,1,1,1,,kg,consistent,5.0,"Drug-8 targets PCSK9, a key gene associated with High LDL-C with increased CV risk (expanded).",0.375,2.0
1,Indolent systemic mastocytosis,primekg,kg,llama3.1:8b,0,8,B,1,1.0,1,1,1,1,,both,consistent,4.0,"Drug-8 targets KIT, a gene associated with indolent systemic mastocytosis.",0.375,1.875
1,Indolent systemic mastocytosis,primekg,kg,llama3.1:8b,1,8,H,1,1.0,1,1,1,1,,both,consistent,5.0,"Drug-8 targets KIT, a gene associated with indolent systemic mastocytosis.",0.7142857142857143,2.857142857142857
1,EGPA (expanded),primekg,kg,llama3.1:8b,0,8,C,3,0.3333333333333333,0,1,1,1,,kg,insufficient,3.0,"Drug-7 targets IL5RA and FCGR3A, but these associations are not strongly connected to the EGPA-associated genes in the knowledge graph.",0.75,2.875
1,EGPA (expanded),primekg,kg,llama3.1:8b,1,8,F,1,1.0,1,1,1,1,,kg,consistent,4.0,"Drug-7 targets IL5RA, which is related to immune system disease and could potentially impact EGPA.",0.75,2.125
1,COVID-19 (expanded population),primekg,kg,llama3.1:8b,0,8,H,7,0.14285714285714285,0,0,0,1,,kg,insufficient,2.0,"While Drug-8 targets multiple transporters and enzymes, the knowledge graph evidence is sparse and its relevance to COVID-19 is uncertain.",0.625,2.0
1,COVID-19 (expanded population),primekg,kg,llama3.1:8b,1,8,G,8,0.125,0,0,0,1,,kg,insufficient,1.0,No clear connection between Drug-8's targets and COVID-19 pathways.,0.75,1.75
1,Obstructive sleep apnea with obesity,primekg,kg,llama3.1:8b,0,8,C,5,0.2,0,0,1,1,,kg,insufficient,2.0,"Drug-3 targets several transporters and enzymes, but there is no clear link to obstructive sleep apnea with obesity.",0.7142857142857143,2.2857142857142856
1,Obstructive sleep apnea with obesity,primekg,kg,llama3.1:8b,1,8,F,4,0.25,0,0,1,1,,kg,consistent,5.0,"Drug-7 targets PTGS2, which is involved in inflammation related to sleep apnea.",1.0,2.5714285714285716
1,KRAS G12C+ mCRC,primekg,kg,llama3.1:8b,0,8,H,1,1.0,1,1,1,1,,both,consistent,5.0,"Drug-8 targets KRAS directly, providing strong mechanistic evidence for treating KRAS G12C+ mCRC.",0.625,2.0
1,KRAS G12C+ mCRC,primekg,kg,llama3.1:8b,1,8,C,1,1.0,1,1,1,1,,both,consistent,4.0,"Drug-8 targets KRAS directly, which is a key driver of the disease",0.875,1.875
1,Diabetic retinopathy/DME (EMA Mar+May 2026),primekg,kg,llama3.1:8b,0,8,H,1,1.0,1,1,1,1,,both,consistent,5.0,"Drug-8 targets VEGFA, a key mediator in angiogenesis and retinal vascular disease.",0.5,3.625
1,Diabetic retinopathy/DME (EMA Mar+May 2026),primekg,kg,llama3.1:8b,1,8,H,1,1.0,1,1,1,1,,both,consistent,5.0,"Drug-8 targets ANGPT2 and VEGFA, which are involved in angiogenesis and vascular permeability, respectively, making it a plausible candidate for diabetic retinopathy/DME.",0.875,2.375
1,Chorea associated with Huntington's disease,primekg,kg,llama3.1:8b,0,8,G,7,0.14285714285714285,0,0,0,1,,kg,insufficient,2.0,CYP3A enzymes are not directly implicated in the pathogenesis or treatment of Chorea associated with Huntington's disease.,0.875,3.0
1,Chorea associated with Huntington's disease,primekg,kg,llama3.1:8b,1,8,C,6,0.16666666666666666,0,0,0,1,,kg,insufficient,1.0,"The KG links Drug-8 to CYP3A4 and other targets, but this evidence is not clearly relevant to Chorea associated with Huntington's disease.",0.75,1.875
1,Heart failure (broadened),primekg,kg,llama3.1:8b,0,8,C,6,0.16666666666666666,0,0,0,1,,kg,insufficient,4.0,"UGT2B4 and UGT1A9 are involved in drug metabolism, but their connection to heart failure through Drug-8 is unclear.",0.75,3.75
1,Heart failure (broadened),primekg,kg,llama3.1:8b,1,8,D,4,0.25,0,0,1,1,,kg,insufficient,2.0,"The targets of Drug-8 include several enzymes and transporters, but there is no clear link to heart failure (broadened) in the knowledge graph.",0.875,2.5
1,Acquired hypofibrinogenemia in cardiovascular surgery,primekg,kg,llama3.1:8b,0,8,A,2,0.5,0,1,1,1,,kg,insufficient,3.0,No direct evidence linking Drug-6 to the target disease in the knowledge graph.,0.625,1.875
1,Acquired hypofibrinogenemia in cardiovascular surgery,primekg,kg,llama3.1:8b,1,8,B,5,0.2,0,0,1,1,,kg,insufficient,2.0,No clear connection between the targets of Drug-6 and the disease profile.,0.75,2.5
1,Pediatric atopic dermatitis,primekg,kg,llama3.1:8b,0,8,A,7,0.14285714285714285,0,0,0,1,,prior,insufficient,1.0,Some targets like JAK1 are involved in immune responses but unclear how directly related to pediatric atopic dermatitis,0.75,2.375
1,Pediatric atopic dermatitis,primekg,kg,llama3.1:8b,1,8,G,3,0.3333333333333333,0,1,1,1,,prior,insufficient,5.0,"Drug-8's targets, including SLCO1B1 and ABCG2, suggest a plausible mechanism for modulating filaggrin transport or expression.",0.25,3.0
1,COVID-19 updated strain,primekg,kg,llama3.1:8b,0,8,D,4,0.25,0,0,1,1,,prior,insufficient,2.0,I found no clear connection between Drug-8 and COVID-19 in the knowledge graph or my own knowledge.,0.375,2.875
1,COVID-19 updated strain,primekg,kg,llama3.1:8b,1,8,B,8,0.125,0,0,0,1,,kg,insufficient,2.0,The targets of Drug-2 are mostly related to muscle contraction; their inhibition is unlikely to directly affect viral replication,0.75,3.25
1,Delay T1D onset in children ≥1yr,primekg,kg,llama3.1:8b,0,8,C,7,0.14285714285714285,0,0,0,1,,kg,insufficient,1.0,"No direct evidence was provided for Drug-7, and its targets do not have clear connections to T1D",0.25,2.75
1,Delay T1D onset in children ≥1yr,primekg,kg,llama3.1:8b,1,8,D,7,0.14285714285714285,0,0,0,1,,prior,insufficient,2.0,No evidence available for confident ranking.,0.75,2.0
1,Unresectable thymic carcinoma (PMDA),primekg,kg,llama3.1:8b,0,8,F,1,1.0,1,1,1,1,,kg,consistent,5.0,"Drug-6 targets FLT4, a receptor tyrosine kinase implicated in lymphangiogenesis and potentially relevant to thymic carcinoma.",1.0,2.75
1,Unresectable thymic carcinoma (PMDA),primekg,kg,llama3.1:8b,1,8,C,2,0.5,0,1,1,1,,prior,insufficient,3.0,"Drug-6's targets include FLT4, which is related to angiogenesis and could be involved in unresectable thymic carcinoma.",0.0,2.0
1,Retinal vein occlusion,primekg,kg,llama3.1:8b,0,8,B,1,1.0,1,1,1,1,,both,consistent,4.0,"Targets VEGFA, which is directly associated with Retinal Vein Occlusion in the knowledge graph.",0.375,2.0
1,Retinal vein occlusion,primekg,kg,llama3.1:8b,1,8,H,1,1.0,1,1,1,1,,both,consistent,4.0,"Drug-8 targets VEGFA, which is associated with retinal vein occlusion, and its mechanism of action could potentially alleviate the vascular component of this disease.",0.5,2.0
1,Spinal muscular atrophy (pediatric expansion),primekg,kg,llama3.1:8b,0,8,D,3,0.3333333333333333,0,1,1,1,,kg,consistent,4.0,"Drug-8 targets several enzymes involved in drug metabolism and transport, including FMO3, which is associated with spinal muscular atrophy through the knowledge graph.",0.875,3.0
1,Spinal muscular atrophy (pediatric expansion),primekg,kg,llama3.1:8b,1,8,G,8,0.125,0,0,0,1,,kg,insufficient,1.0,No direct links between Drug-8's targets and the associated genes of spinal muscular atrophy.,1.0,2.125
1,Chronic thromboembolic pulmonary hypertension,primekg,kg,llama3.1:8b,0,8,F,7,0.14285714285714285,0,0,0,1,,kg,insufficient,2.0,There is no clear connection between F10 and chronic thromboembolic pulmonary hypertension.,0.625,2.375
1,Chronic thromboembolic pulmonary hypertension,primekg,kg,llama3.1:8b,1,8,A,1,1.0,1,1,1,1,,both,consistent,4.0,"Drug-7 targets F10, which is associated with blood coagulation and thrombosis-related pathways that could be relevant to chronic thromboembolic pulmonary hypertension.",0.375,4.5
1,Polycythaemia vera and essential thrombocytopenia,primekg,kg,llama3.1:8b,0,8,D,1,1.0,1,1,1,1,,prior,insufficient,3.0,"Drug-1 targets IFNAR1 and IFNAR2, which are related to interferon signaling; given the association of polycythemia vera with gene IFNA2 in the KG, this connection is plausible.",0.5,2.25
1,Polycythaemia vera and essential thrombocytopenia,primekg,kg,llama3.1:8b,1,8,B,1,1.0,1,1,1,1,,both,consistent,5.0,"Drug-1 targets IFNAR1 and IFNAR2, which are involved in the regulation of erythropoiesis and may be relevant to Polycythaemia vera and essential thrombocytopenia given the association with MPL.",0.625,2.375
1,Generalized myasthenia gravis,primekg,kg,llama3.1:8b,0,8,A,3,0.3333333333333333,0,1,1,1,,kg,insufficient,3.0,"Targeting CD19 (Drug-8) is mechanistically plausible due to its role in B-cell activation, but the knowledge graph does not provide direct connections",0.75,2.625
1,Generalized myasthenia gravis,primekg,kg,llama3.1:8b,1,8,E,1,1.0,1,1,1,1,,kg,consistent,5.0,Direct targeting of CD19 supports its potential effectiveness against generalized myasthenia gravis.,0.75,2.625
1,Invasive fungal infections pediatric ≥2yr,primekg,kg,llama3.1:8b,0,8,G,7,0.14285714285714285,0,0,0,1,,prior,insufficient,1.0,ABC transporters and CYP3A4 are involved in various biological processes; no direct connection to antifungal therapy,0.375,2.0
1,Invasive fungal infections pediatric ≥2yr,primekg,kg,llama3.1:8b,1,8,C,6,0.16666666666666666,0,0,0,1,,prior,insufficient,1.0,No direct evidence; ABCB1 and CYP3A4 targets may not directly influence fungal infections or be relevant to pediatric patients.,0.625,2.375
1,PKU expanded to ≥12yr,primekg,kg,llama3.1:8b,0,8,G,7,0.14285714285714285,0,0,0,1,,kg,insufficient,1.0,There is no direct evidence linking Drug-8 to the disease.,0.875,1.875
1,PKU expanded to ≥12yr,primekg,kg,llama3.1:8b,1,8,A,4,0.25,0,0,1,1,,kg,insufficient,1.0,No relevant evidence from the knowledge graph links Drug-8 targets to PKU expanded to ≥12yr; no clear mechanistic connection based on provided information.,0.875,2.25
1,IDH1-mutated relapsed/refractory MDS,primekg,kg,llama3.1:8b,0,8,A,6,0.16666666666666666,0,0,0,1,,kg,conflicting,5.0,"The knowledge graph shows Drug-8 targets IDH1, but this is the target of interest for the disease",0.625,3.5
1,IDH1-mutated relapsed/refractory MDS,primekg,kg,llama3.1:8b,1,8,A,1,1.0,1,1,1,1,,both,consistent,4.0,"Drug-8 targets IDH1, which is directly associated with the target disease.",0.75,1.875
1,Retinopathy of prematurity,primekg,kg,llama3.1:8b,0,8,E,2,0.5,0,1,1,1,,both,consistent,3.0,"Although the knowledge graph does not explicitly mention PGF's involvement in retinopathy of prematurity, its association with VEGFA and VEGFB suggests a potential link to angiogenesis-related pathways.",0.875,2.0
1,Retinopathy of prematurity,primekg,kg,llama3.1:8b,1,8,A,2,0.5,0,1,1,1,,both,consistent,4.0,"Drug-6 targets VEGFA, a key factor in angiogenesis which is involved in the disease pathology.",0.75,2.125
1,Agitation associated with Alzheimer's dementia,primekg,kg,llama3.1:8b,0,8,A,1,1.0,1,1,1,1,,both,consistent,4.0,"Drug-5 targets HTR2A, which is associated with Alzheimer's disease and agitation; also targets ADRA2C, related to neurodegenerative disorders.",0.25,1.875
1,Agitation associated with Alzheimer's dementia,primekg,kg,llama3.1:8b,1,8,D,3,0.3333333333333333,0,1,1,1,,prior,conflicting,5.0,"While Drug-5 has targets involved in dopamine and serotonin signaling, which are related to agitation in Alzheimer's disease, some of these targets (CYP2D6, CYP3A4) also have evidence of involvement in other diseases, making it uncertain.",0.75,3.375
1,LDL-C elevation in statin-intolerant dyslipidemia,primekg,kg,llama3.1:8b,0,8,A,5,0.2,0,0,1,1,,prior,insufficient,1.0,There is no direct evidence linking Drug-8 to lipid metabolism or transport.,0.875,2.25
1,LDL-C elevation in statin-intolerant dyslipidemia,primekg,kg,llama3.1:8b,1,8,H,8,0.125,0,0,0,1,,kg,insufficient,1.0,No information available for Drug-8.,0.75,1.75
1,First-line anemia in lower-risk MDS,primekg,kg,llama3.1:8b,0,8,C,5,0.2,0,0,1,1,,kg,insufficient,1.0,"Drug-5 targets MAOB and CYP1A2, but the KG does not provide clear evidence linking these to anemia in MDS.",0.625,1.75
1,First-line anemia in lower-risk MDS,primekg,kg,llama3.1:8b,1,8,E,7,0.14285714285714285,0,0,0,1,,prior,insufficient,1.0,No relevant evidence was provided for this drug.,0.625,2.625
1,Atopic dermatitis,primekg,kg,llama3.1:8b,0,8,H,8,0.125,0,0,0,1,,kg,conflicting,1.0,"Drug-7 targets ABCG2, but this is not directly related to the known mechanisms of atopic dermatitis.",0.75,2.375
1,Atopic dermatitis,primekg,kg,llama3.1:8b,1,8,F,6,0.16666666666666666,0,0,0,1,,kg,insufficient,2.0,Targeting JAK3 or ABCG2 does not have a clear connection to atopic dermatitis.,0.625,2.75
1,Acute HCV pediatric,primekg,kg,llama3.1:8b,0,8,D,4,0.25,0,0,1,1,,kg,insufficient,1.0,No direct targets match the disease-associated genes or pathways.,0.5,2.857142857142857
1,Acute HCV pediatric,primekg,kg,llama3.1:8b,1,8,D,4,0.25,0,0,1,1,,kg,insufficient,3.0,"While Drug-8's targets include several liver enzymes and transporters, the knowledge graph evidence is sparse and does not provide clear connections to Acute HCV pediatric.",0.75,2.375
1,HoFH in children,primekg,kg,llama3.1:8b,0,8,G,7,0.14285714285714285,0,0,0,1,,prior,insufficient,1.0,Uncertain; no information available for Drug-8.,0.375,1.875
1,HoFH in children,primekg,kg,llama3.1:8b,1,8,F,3,0.3333333333333333,0,1,1,1,,kg,insufficient,2.0,There is limited evidence for Drug-8's relevance to HoFH in children; more information is needed to assess its plausibility.,0.875,1.875
1,dMMR/MSI-H primary advanced endometrial cancer (+chemo),primekg,kg,llama3.1:8b,0,8,G,3,0.3333333333333333,0,1,1,1,,kg,insufficient,2.0,"Drug-8 targets PDCD1, but its relevance to dMMR/MSI-H primary advanced endometrial cancer (+chemo) is unclear.",0.75,2.375
1,dMMR/MSI-H primary advanced endometrial cancer (+chemo),primekg,kg,llama3.1:8b,1,8,E,7,0.14285714285714285,0,0,0,1,,kg,insufficient,1.0,"The KG links Drug-8 to PDCD1, but that's a key player in immune regulation and not directly linked to this disease; I'm unsure if its connection is relevant here.",0.75,3.0
1,Cerebral folate transport deficiency,primekg,kg,llama3.1:8b,0,8,D,1,1.0,1,1,1,1,,both,consistent,4.0,"Drug-1 targets LARS1 and SLC16A10, which could be involved in folate metabolism.",0.75,1.875
1,Cerebral folate transport deficiency,primekg,kg,llama3.1:8b,1,8,H,1,1.0,1,1,1,1,,prior,insufficient,3.0,Lack of relevant targets or mechanisms in the provided drug profiles makes it difficult to assess mechanistic plausibility.,0.625,2.75
1,Reduce MACE in CVD + obesity/overweight,primekg,kg,llama3.1:8b,0,8,E,1,1.0,1,1,1,1,,both,consistent,4.0,"Drug-8 targets GLP1R, which is associated with obesity/overweight (DOID:1287) in the knowledge graph, and its effects on weight loss are consistent with prior pharmacological knowledge.",0.75,2.625
1,Reduce MACE in CVD + obesity/overweight,primekg,kg,llama3.1:8b,1,8,G,1,1.0,1,1,1,1,,prior,insufficient,4.0,"Drug-8 targets GLP1R and DPP4, which are associated with metabolic regulation and could indirectly benefit cardiovascular health.",0.75,3.0
1,Palmoplantar pustulosis (PMDA),primekg,kg,llama3.1:8b,0,8,F,1,1.0,1,1,1,1,,kg,consistent,5.0,"Drug-7 targets IL23A, which is related to IL23R gene associated with PMDA.",0.5,2.125
1,Palmoplantar pustulosis (PMDA),primekg,kg,llama3.1:8b,1,8,F,1,1.0,1,1,1,1,,kg,consistent,5.0,"Drug-7 targets IL23A, which is associated with PMDA in the knowledge graph.",0.375,2.75
1,Measles prophylaxis post-exposure,primekg,kg,llama3.1:8b,0,8,E,1,1.0,1,1,1,1,,both,consistent,4.0,"Drug-1 targets FCGR2A, which is involved in antibody-dependent enhancement of measles virus infection, supporting its potential as a candidate for measles prophylaxis post-exposure.",0.75,3.0
1,Measles prophylaxis post-exposure,primekg,kg,llama3.1:8b,1,8,D,2,0.5,0,1,1,1,,prior,insufficient,3.0,This ranking considers Drug-1's targets' potential connection to immune response in general but lacks specific evidence for Measles prophylaxis post-exposure.,0.25,2.375
1,CKD in T2D,primekg,kg,llama3.1:8b,0,8,B,2,0.5,0,1,1,1,,kg,consistent,4.0,"Drug-8 targets GLP1R, which is relevant to T2D and has indirect effects on CKD",0.75,2.875
1,CKD in T2D,primekg,kg,llama3.1:8b,1,8,A,1,1.0,1,1,1,1,,both,consistent,4.0,"Drug-8 targets GLP1R, which is associated with T2D management, and MME, which may be relevant to CKD pathophysiology.",0.875,1.75
1,HER2-mutant NSCLC (PMDA),primekg,kg,llama3.1:8b,0,8,A,8,0.125,0,0,0,1,,kg,insufficient,1.0,"Drug-8 targets SLC47A2 and SLCO1B3, but its overall impact on HER2 signaling or lung cancer is uncertain.",0.75,2.625
1,HER2-mutant NSCLC (PMDA),primekg,kg,llama3.1:8b,1,8,C,3,0.3333333333333333,0,1,1,1,,kg,insufficient,2.0,The KG evidence does not provide a clear mechanistic link to HER2-mutant NSCLC.,0.75,1.75
1,Heterozygous familial hypercholesterolemia,primekg,kg,llama3.1:8b,0,8,F,1,1.0,1,1,1,1,,both,consistent,5.0,"Directly targets PCSK9, a key gene in HFH.",0.75,2.0
1,Heterozygous familial hypercholesterolemia,primekg,kg,llama3.1:8b,1,8,D,1,1.0,1,1,1,1,,kg,consistent,5.0,"Drug-4 targets CA12, an enzyme involved in cholesterol metabolism, which is relevant to the disease.",0.75,2.0
1,Crohn's disease,primekg,kg,llama3.1:8b,0,8,B,1,1.0,1,1,1,1,,kg,consistent,4.0,"Drug-7 targets IL23A, which is associated with Crohn's disease",0.75,2.25
1,Crohn's disease,primekg,kg,llama3.1:8b,1,8,F,1,1.0,1,1,1,1,,kg,consistent,4.0,"Drug-3 targets IL23R, which is associated with Crohn's disease in the knowledge graph.",0.875,1.875
1,COVID-19 in severe renal impairment/dialysis,primekg,kg,llama3.1:8b,0,8,A,3,0.3333333333333333,0,1,1,1,,kg,consistent,4.0,"Drug-8 targets several transporters and enzymes, including CES1, which is involved in the metabolism of lipids, potentially relevant to COVID-19 pathophysiology.",0.625,3.0
1,COVID-19 in severe renal impairment/dialysis,primekg,kg,llama3.1:8b,1,8,A,3,0.3333333333333333,0,1,1,1,,kg,insufficient,2.0,"CES1 and SLC10A1 are involved in drug metabolism, but their connection to COVID-19 or kidney function is unclear.",0.75,2.625
1,MASH with fibrosis,primekg,kg,llama3.1:8b,0,8,G,5,0.2,0,0,1,1,,kg,insufficient,4.0,"The knowledge graph reports that Drug-8 targets various enzymes and receptors, but there is no clear link to MASH with fibrosis or the associated genes.",0.875,3.125
1,MASH with fibrosis,primekg,kg,llama3.1:8b,1,8,F,1,1.0,1,1,1,1,,both,consistent,5.0,"DPP4 inhibition is used in treating fatty liver disease and diabetes, both related to MASH with fibrosis; other targets are not directly linked.",0.875,2.75
1,mHSPC + ADT,primekg,kg,llama3.1:8b,0,8,F,1,1.0,1,1,1,1,,both,consistent,4.0,"Drug-8 targets CYP3A4, a cytochrome P450 enzyme involved in the metabolism of multiple drugs and potentially influencing the efficacy of chemotherapies used for mHSPC + ADT.",1.0,2.0
1,mHSPC + ADT,primekg,kg,llama3.1:8b,1,8,F,4,0.25,0,0,1,1,,kg,conflicting,2.0,"The KG reports both connections to PGR (targeting) and associations with gene PCDH11Y (mHSPC + ADT), but this conflicting evidence slightly reduces confidence.",0.875,1.875
1,Chronic kidney disease,primekg,kg,llama3.1:8b,0,8,E,5,0.2,0,0,1,1,,kg,consistent,4.0,Multiple targets of Drug-8 are associated with Chronic kidney disease (UGT1A9 and UGT2B7).,0.5,3.25
1,Chronic kidney disease,primekg,kg,llama3.1:8b,1,8,C,2,0.5,0,1,1,1,,both,consistent,4.0,"Drug-8 targets UGT1A9 and SLCO1B3, which are involved in the transport of bilirubin and other substances that may be relevant to kidney disease.",0.75,2.75
1,Allergic fungal rhinosinusitis (AFRS) ≥6yr,primekg,kg,llama3.1:8b,0,8,E,1,1.0,1,1,1,1,,prior,insufficient,5.0,"Drug-8 targets IL4R, which is related to allergic responses, but no direct connection to aspergillosis or AFRS was found in the knowledge graph.",0.5,2.625
1,Allergic fungal rhinosinusitis (AFRS) ≥6yr,primekg,kg,llama3.1:8b,1,8,H,2,0.5,0,1,1,1,,kg,consistent,4.0,"IL4R is a key receptor in the allergic response, and Drug-8 targets it directly.",0.2857142857142857,2.4285714285714284
1,Acquired hypothalamic obesity,primekg,kg,llama3.1:8b,0,8,G,1,1.0,1,1,1,1,,both,consistent,5.0,Targeting MC4R has a clear mechanistic link to appetite regulation and obesity.,0.625,3.0
1,Acquired hypothalamic obesity,primekg,kg,llama3.1:8b,1,8,F,1,1.0,1,1,1,1,,both,consistent,5.0,"Drug-8 targets MC4R, a target involved in appetite regulation and obesity.",0.375,2.0
1,Pediatric glioma (EMA),primekg,kg,llama3.1:8b,0,8,A,3,0.3333333333333333,0,1,1,1,,prior,insufficient,2.0,"Given the lack of evidence from the knowledge graph and limited pharmacological relevance, Drug-6's targets do not strongly suggest a connection to Pediatric glioma.",0.875,2.5
1,Pediatric glioma (EMA),primekg,kg,llama3.1:8b,1,8,A,3,0.3333333333333333,0,1,1,1,,both,insufficient,2.0,"While Drug-6 targets SLC22A8 and SLCO1B1, which are associated with other diseases, no direct link to pediatric glioma was found in the knowledge graph.",0.625,2.375
1,IV formulation for rheumatic diseases (EMA),primekg,kg,llama3.1:8b,0,8,B,1,1.0,1,1,1,1,,both,consistent,5.0,"Drug-6 targets IL17A, a key pro-inflammatory cytokine involved in rheumatic diseases.",0.75,2.0
1,IV formulation for rheumatic diseases (EMA),primekg,kg,llama3.1:8b,1,8,B,2,0.5,0,1,1,1,,kg,consistent,3.0,"Drug-6 targets IL17A, a pro-inflammatory cytokine implicated in various autoimmune diseases, including rheumatic conditions.",0.75,3.0
1,Oral tablet formulation for weight management,primekg,kg,llama3.1:8b,0,8,G,1,1.0,1,1,1,1,,both,consistent,5.0,"Drug-8 targets GLP1R, which is linked to obesity regulation, and its evidence on MME (a gene involved in lipid metabolism) supports a mechanistic link.",0.75,2.875
1,Oral tablet formulation for weight management,primekg,kg,llama3.1:8b,1,8,C,7,0.14285714285714285,0,0,0,1,,kg,insufficient,1.0,There is limited evidence in the knowledge graph to support or refute Drug-3's potential for treating Oral tablet formulation for weight management.,1.0,2.5714285714285716
1,dMMR recurrent/advanced endometrial cancer,primekg,kg,llama3.1:8b,0,8,A,1,1.0,1,1,1,1,,kg,conflicting,4.0,"Drug-8 targets PDCD1, which has evidence associated with endometrial cancer, but the knowledge graph also lists a conflicting relationship.",0.375,3.875
1,dMMR recurrent/advanced endometrial cancer,primekg,kg,llama3.1:8b,1,8,D,5,0.2,0,0,1,1,,kg,insufficient,1.0,"The only target for Drug-8 is PDCD1, which was not found to be directly associated with dMMR recurrent/advanced endometrial cancer.",0.5,2.25
1,Primary humoral immunodeficiency pediatric 2-11yr,primekg,kg,llama3.1:8b,0,8,H,1,1.0,1,1,1,1,,both,consistent,5.0,"Drug-1 targets FCGR3A, which is directly associated with the disease.",0.75,2.5
1,Primary humoral immunodeficiency pediatric 2-11yr,primekg,kg,llama3.1:8b,1,8,C,1,1.0,1,1,1,1,,both,consistent,5.0,"Drug-1 targets FCGR3A, a gene associated with the disease, and has a consistent mechanism of action that aligns with its potential therapeutic effects.",0.75,2.375
1,Neoadj+adj HNSCC,primekg,kg,llama3.1:8b,0,8,C,8,0.125,0,0,0,1,,kg,insufficient,3.0,"PDCD1 is involved in immune regulation, which does not directly relate to the disease pathways.",0.625,3.25
1,Neoadj+adj HNSCC,primekg,kg,llama3.1:8b,1,8,B,7,0.14285714285714285,0,0,0,1,,kg,insufficient,5.0,"The knowledge graph associates Drug-7 with PDCD1; however, there is no clear link to Neoadj+adj HNSCC.",1.0,3.25
1,Juvenile idiopathic arthritis (EMA Feb 2026),primekg,kg,llama3.1:8b,0,8,E,1,1.0,1,1,1,1,,both,consistent,5.0,"Drug-7 targets JAK3, a key player in the immune response related to rheumatologic disorders.",0.5,2.875
1,Juvenile idiopathic arthritis (EMA Feb 2026),primekg,kg,llama3.1:8b,1,8,D,2,0.5,0,1,1,1,,both,insufficient,3.0,"Drug-7 targets various genes involved in immune regulation, including JAK3 and JAK1, but direct associations with JIA are not provided.",0.42857142857142855,2.0
1,"ALK+ solid tumors (tissue-agnostic, world-first)",primekg,kg,llama3.1:8b,0,8,D,1,1.0,1,1,1,1,,both,consistent,4.0,"Drug-8 targets ALK directly, which is the primary oncogenic driver in ALK+ solid tumors.",0.875,2.0
1,"ALK+ solid tumors (tissue-agnostic, world-first)",primekg,kg,llama3.1:8b,1,8,A,1,1.0,1,1,1,1,,both,consistent,4.0,"Drug-8 targets ALK, which is a primary driver of ALK+ solid tumors.",0.75,1.75
1,Ulcerative colitis,primekg,kg,llama3.1:8b,0,8,F,1,1.0,1,1,1,1,,both,consistent,4.0,"Drug-8 targets IL23A, which is associated with ulcerative colitis in the knowledge graph.",0.625,2.0
1,Ulcerative colitis,primekg,kg,llama3.1:8b,1,8,F,1,1.0,1,1,1,1,,both,consistent,5.0,"Drug-3 targets SLC15A2, which has a relationship with IL23R (Ulcerative colitis is associated with gene IL23R in the knowledge graph), and given its role in inflammatory processes.",0.875,2.75
1,Advanced RCC after PD-1/PD-L1 + VEGF-TKI,primekg,kg,llama3.1:8b,0,8,A,2,0.5,0,1,1,1,,both,consistent,4.0,"Drug-8 targets EPAS1, a gene involved in hypoxia response and angiogenesis, which are relevant pathways in RCC.",0.875,2.25
1,Advanced RCC after PD-1/PD-L1 + VEGF-TKI,primekg,kg,llama3.1:8b,1,8,E,3,0.3333333333333333,0,1,1,1,,kg,consistent,4.0,"Drug-8 targets EPAS1, which is not directly linked to the disease in the knowledge graph, but considering its role in hypoxia response, it could have some mechanistic plausibility.",0.875,2.875
1,Ulcerative colitis,primekg,kg,llama3.1:8b,0,8,F,1,1.0,1,1,1,1,,kg,consistent,4.0,"Drug-7 targets IL23A, which is associated with ulcerative colitis in the knowledge graph.",0.625,2.625
1,Ulcerative colitis,primekg,kg,llama3.1:8b,1,8,A,1,1.0,1,1,1,1,,kg,consistent,5.0,"Drug-7 targets IL23A, which is associated with Ulcerative colitis in the knowledge graph.",0.375,3.0
1,BRAF V600E metastatic NSCLC,primekg,kg,llama3.1:8b,0,8,H,1,1.0,1,1,1,1,,kg,consistent,5.0,"Drug-8 targets BRAF, which is directly associated with the disease.",0.5,2.0
1,BRAF V600E metastatic NSCLC,primekg,kg,llama3.1:8b,1,8,C,3,0.3333333333333333,0,1,1,1,,kg,consistent,4.0,"Drug-5 targets several CYP enzymes, but none directly associated with the disease; its association with BRAF is consistent with the disease profile.",0.625,2.875
1,Crohn's disease,primekg,kg,llama3.1:8b,0,8,B,2,0.5,0,1,1,1,,kg,insufficient,3.0,"The knowledge graph associates Drug-8 with several targets, but none have a direct link to Crohn's disease.",0.625,2.0
1,Crohn's disease,primekg,kg,llama3.1:8b,1,8,F,1,1.0,1,1,1,1,,both,consistent,4.0,"Drug-8 targets JAK1, a kinase involved in inflammation and immune response",0.625,2.875
1,dMMR/MSI-H primary advanced endometrial cancer,primekg,kg,llama3.1:8b,0,8,H,8,0.125,0,0,0,1,,kg,insufficient,3.0,"Drug-8 targets PDCD1, but I couldn't find any strong connections between this target and dMMR/MSI-H primary advanced endometrial cancer.",0.625,4.125
1,dMMR/MSI-H primary advanced endometrial cancer,primekg,kg,llama3.1:8b,1,8,B,6,0.16666666666666666,0,0,0,1,,kg,insufficient,1.0,"Drug-8 targets PDCD1, but it is not directly related to the disease-associated genes.",0.75,2.0
1,IgG4-related disease,primekg,kg,llama3.1:8b,0,8,B,1,1.0,1,1,1,1,,both,consistent,5.0,"Drug-7 targets CD19, which could influence B cell activity in IgG4-related disease.",1.0,2.125
1,IgG4-related disease,primekg,kg,llama3.1:8b,1,8,D,1,1.0,1,1,1,1,,both,consistent,4.0,"Drug-7 targets CD19, a B-cell surface antigen, making it a plausible candidate for treating IgG4-related disease, which involves autoimmune responses.",1.0,2.0
1,Ph+ CML-CP frontline (EMA Feb 2026),primekg,kg,llama3.1:8b,0,8,H,8,0.125,0,0,0,1,,kg,insufficient,1.0,"The knowledge graph reports associations between Drug-8 and several targets, but no information is available for Ph+ CML-CP frontline.",0.875,2.625
1,Ph+ CML-CP frontline (EMA Feb 2026),primekg,kg,llama3.1:8b,1,8,A,7,0.14285714285714285,0,0,0,1,,prior,insufficient,1.0,There is no clear mechanistic link between Drug-8 and the genes associated with Ph+ CML-CP frontline.,0.5,2.125
1,EGPA,primekg,kg,llama3.1:8b,0,8,C,1,1.0,1,1,1,1,,both,consistent,4.0,"Drug-1 targets MS4A2, which is related to immune system disease and could be relevant for EGPA given the disease's inflammatory nature.",0.875,2.125
1,EGPA,primekg,kg,llama3.1:8b,1,8,A,2,0.5,0,1,1,1,,kg,insufficient,3.0,"While Drug-1 targets FCER1A, which is involved in immune system function, there is limited evidence linking this pathway to EGPA.",0.625,2.0
1,Biliary tract cancer,primekg,kg,llama3.1:8b,0,8,B,5,0.2,0,0,1,1,,prior,insufficient,1.0,"The target PDCD1 is not directly related to liver disease or Biliary tract cancer, based on prior pharmacological knowledge.",0.375,2.0
1,Biliary tract cancer,primekg,kg,llama3.1:8b,1,8,E,1,1.0,1,1,1,1,,prior,consistent,5.0,PDCD1 is a known tumor suppressor and PD-1 inhibitor,0.5714285714285714,3.2857142857142856
1,COPD,primekg,kg,llama3.1:8b,0,8,C,1,1.0,1,1,1,1,,both,consistent,5.0,"IL4R's involvement in inflammatory pathways makes it a strong candidate for COPD treatment; the knowledge graph provides a mechanistic link to IL-4 signaling, which is relevant to COPD.",1.0,1.875
1,COPD,primekg,kg,llama3.1:8b,1,8,D,8,0.125,0,0,0,1,,kg,insufficient,1.0,"IL4R (targeted by Drug-8) is involved in immune responses, but its connection to COPD or related pathways is unclear.",1.0,2.75
1,Primary mediastinal large B-cell lymphoma,primekg,kg,llama3.1:8b,0,8,E,1,1.0,1,1,1,1,,kg,consistent,5.0,"Drug-7 targets PDCD1, which is associated with the disease via related annotations",0.875,3.25
1,Primary mediastinal large B-cell lymphoma,primekg,kg,llama3.1:8b,1,8,D,1,1.0,1,1,1,1,,both,consistent,4.0,"Drug-7 targets PDCD1, which is involved in immune response regulation and may be relevant to B-cell lymphoma.",0.75,2.5
1,CRSwNP (eosinophilic chronic rhinosinusitis with nasal polyps),primekg,kg,llama3.1:8b,0,8,A,7,0.14285714285714285,0,0,0,1,,kg,insufficient,2.0,There's no obvious link between Drug-8 and CRSwNP based on the provided targets.,0.7142857142857143,2.4285714285714284
1,CRSwNP (eosinophilic chronic rhinosinusitis with nasal polyps),primekg,kg,llama3.1:8b,1,8,E,6,0.16666666666666666,0,0,0,1,,prior,insufficient,1.0,No information is provided about Drug-8.,0.625,2.0
1,RAS wild-type HER2+ metastatic colorectal cancer,primekg,kg,llama3.1:8b,0,8,D,2,0.5,0,1,1,1,,kg,insufficient,3.0,"While Drug-7 targets various proteins, none of them are directly associated with the disease or its underlying biology based on the provided knowledge graph evidence.",0.75,2.125
1,RAS wild-type HER2+ metastatic colorectal cancer,primekg,kg,llama3.1:8b,1,8,G,1,1.0,1,1,1,1,,both,consistent,5.0,"Drug-7 targets ERBB3 and ABCG2, which are related to colorectal cancer, making it a strong candidate.",0.75,2.75
1,Schnitzler syndrome (Japan),primekg,kg,llama3.1:8b,0,8,F,1,1.0,1,1,1,1,,both,consistent,4.0,"Drug-8 targets IL1B, which is associated with inflammation and could be linked to Schnitzler syndrome's inflammatory characteristics.",0.875,1.75
1,Schnitzler syndrome (Japan),primekg,kg,llama3.1:8b,1,8,D,1,1.0,1,1,1,1,,kg,consistent,4.0,"Drug-8 targets IL1B, a gene associated with Schnitzler syndrome.",0.25,3.0
1,HR+/HER2- breast cancer,primekg,kg,llama3.1:8b,0,8,A,6,0.16666666666666666,0,0,0,1,,kg,conflicting,2.0,"The knowledge graph associates Drug-8 with multiple targets (TACSTD2, UGT1A1, FUBP1), but none are strongly associated with HR+/HER2- breast cancer.",0.5,3.5
1,HR+/HER2- breast cancer,primekg,kg,llama3.1:8b,1,8,H,8,0.125,0,0,0,1,,prior,insufficient,1.0,"TACSTD2, UGT1A1, FUBP1, and TOP1's involvement in HR+/HER2- breast cancer is unclear based on the provided knowledge graph.",0.625,2.75
1,Psoriasis in children 6-11 (cream),primekg,kg,llama3.1:8b,0,8,E,1,1.0,1,1,1,1,,both,consistent,5.0,"Targets PDE4A/B/C/D, which are involved in modulating inflammatory responses relevant to psoriasis.",0.625,2.75
1,Psoriasis in children 6-11 (cream),primekg,kg,llama3.1:8b,1,8,G,1,1.0,1,1,1,1,,both,consistent,4.0,"Drug-8 targets SLC22A7 and SLC22A4, which are involved in the transport of immunomodulatory compounds, making it a plausible candidate.",0.75,1.875
1,Resectable gastric/GEJ adenocarcinoma (neoadj+adj +FLOT),primekg,kg,llama3.1:8b,0,8,B,4,0.25,0,0,1,1,,prior,insufficient,3.0,"Targeting CD274 (PD-L1) may be relevant to cancer immunotherapy, but the knowledge graph does not provide direct links between this target and Resectable gastric/GEJ adenocarcinoma.",0.75,2.125
1,Resectable gastric/GEJ adenocarcinoma (neoadj+adj +FLOT),primekg,kg,llama3.1:8b,1,8,H,4,0.25,0,0,1,1,,prior,insufficient,5.0,No information is available about Drug-6,0.625,3.875
1,COPD (EMA 2025),primekg,kg,llama3.1:8b,0,8,E,1,1.0,1,1,1,1,,kg,consistent,5.0,"Drug-7 targets IL4R, which is associated with inflammation in COPD.",0.625,2.75
1,COPD (EMA 2025),primekg,kg,llama3.1:8b,1,8,H,4,0.25,0,0,1,1,,prior,insufficient,1.0,"IL-4 is involved in immune responses, but Drug-7's target IL4R does not directly relate to the known COPD mechanisms.",0.625,1.875
1,Ph+ CML-CP after 2+ TKIs,primekg,kg,llama3.1:8b,0,8,H,8,0.125,0,0,0,1,,prior,insufficient,1.0,No information is provided for Drug-8 to assess its mechanistic plausibility.,0.5,1.75
1,Ph+ CML-CP after 2+ TKIs,primekg,kg,llama3.1:8b,1,8,G,2,0.5,0,1,1,1,,kg,insufficient,3.0,No clear association between Drug-8 and Ph+ CML-CP after 2+ TKIs in the knowledge graph,0.75,2.625
1,IgE-mediated food allergy,primekg,kg,llama3.1:8b,0,8,C,1,1.0,1,1,1,1,,both,consistent,5.0,"Drug-1 targets MS4A2, a key player in IgE-mediated responses.",0.75,2.25
1,IgE-mediated food allergy,primekg,kg,llama3.1:8b,1,8,H,1,1.0,1,1,1,1,,both,consistent,4.0,"Drug-1 targets MS4A2 and FCER1A, which are involved in IgE signaling.",0.5,2.375
1,BRAF+ thyroid cancer,primekg,kg,llama3.1:8b,0,8,E,1,1.0,1,1,1,1,,both,consistent,4.0,"Drug-8 targets IL6 and TNF, which are related to the disease profile; it also targets UGT1A1, which is not directly linked but has a role in metabolism.",0.75,1.875
1,BRAF+ thyroid cancer,primekg,kg,llama3.1:8b,1,8,E,2,0.5,0,1,1,1,,kg,consistent,4.0,"Drug-8 targets IL1B and IL6, which are involved in inflammation associated with BRAF+ thyroid cancer.",0.875,3.0
1,Primary immunodeficiency pediatric (EMA),primekg,kg,llama3.1:8b,0,8,G,1,1.0,1,1,1,1,,both,consistent,5.0,"Drug-1 targets FCGR3A, which is directly associated with the disease.",0.625,2.625
1,Primary immunodeficiency pediatric (EMA),primekg,kg,llama3.1:8b,1,8,G,1,1.0,1,1,1,1,,kg,consistent,5.0,Directly targets FCGR3A associated with the disease,0.75,2.375
1,Biliary tract cancer 1L,primekg,kg,llama3.1:8b,0,8,B,5,0.2,0,0,1,1,,kg,insufficient,3.0,"Drug-8 targets CD274, which is involved in immune regulation and may be relevant to some cancers, but there is no direct evidence for its relevance to biliary tract cancer.",0.875,3.0
1,Biliary tract cancer 1L,primekg,kg,llama3.1:8b,1,8,F,1,1.0,1,1,1,1,,kg,consistent,5.0,"Drug-8 targets CD274 (PD-L1), a key player in the immune checkpoint pathway; targeting this could have therapeutic potential for various cancers including biliary tract cancer.",0.875,2.875
1,Polymyalgia rheumatica,primekg,kg,llama3.1:8b,0,8,G,6,0.16666666666666666,0,0,0,1,,kg,conflicting,1.0,"Drug-8 targets FCGR and IL6R, which could be related to inflammation, but conflicting evidence with Drug-7 targeting ABCB1",0.625,3.125
1,Polymyalgia rheumatica,primekg,kg,llama3.1:8b,1,8,C,2,0.5,0,1,1,1,,both,insufficient,4.0,"Both the knowledge graph and prior knowledge suggest potential relevance of Drug-8's targets (e.g., IL6R) to polymyalgia rheumatica.",0.875,2.125
1,Chronic lymphocytic leukemia,primekg,kg,llama3.1:8b,0,8,B,2,0.5,0,1,1,1,,both,consistent,4.0,"Drug-8 targets multiple kinases (TEC, TXK, BLK, FRK, ITK, BMX, PTK6) related to leukemia; also targets CYP3A43",0.625,2.25
1,Chronic lymphocytic leukemia,primekg,kg,llama3.1:8b,1,8,D,1,1.0,1,1,1,1,,kg,consistent,4.0,"Drug-8 targets ITK, which is involved in B-cell signaling pathways relevant to CLL.",0.625,1.875
1,"Crohn's disease (moderate-severe, refractory)",primekg,kg,llama3.1:8b,0,8,A,1,1.0,1,1,1,1,,both,consistent,4.0,"Drug-6 targets IL23A, which is associated with Crohn's disease in the knowledge graph and is a key player in inflammatory bowel diseases.",0.7142857142857143,1.8571428571428572
1,"Crohn's disease (moderate-severe, refractory)",primekg,kg,llama3.1:8b,1,8,A,1,1.0,1,1,1,1,,kg,consistent,5.0,"Drug-6 targets IL23A, which is related to Crohn's disease through IL23R.",0.8571428571428571,2.857142857142857
1,HER2-mutant NSCLC (EMA),primekg,kg,llama3.1:8b,0,8,A,6,0.16666666666666666,0,0,0,1,,kg,insufficient,3.0,"The knowledge graph indicates that Drug-8 targets several transporters and enzymes, but a direct association with HER2-mutant NSCLC is not clear.",0.875,3.625
1,HER2-mutant NSCLC (EMA),primekg,kg,llama3.1:8b,1,8,H,7,0.14285714285714285,0,0,0,1,,kg,insufficient,3.0,"This drug targets various transporters and enzymes, but lacks direct connection to HER2-mutant NSCLC.",0.875,3.125
1,Giant cell arteritis,primekg,kg,llama3.1:8b,0,8,B,1,1.0,1,1,1,1,,both,consistent,5.0,"Drug-8 targets JAK1, which is related to Giant cell arteritis through its association with central nervous system vasculitis.",0.375,2.375
1,Giant cell arteritis,primekg,kg,llama3.1:8b,1,8,F,2,0.5,0,1,1,1,,kg,consistent,4.0,"Drug-8 targets JAK1, which is related to giant cell arteritis as part of a predominantly large-vessel vasculitis pathway.",0.75,2.625
1,First-line anemia in lower-risk MDS,primekg,kg,llama3.1:8b,0,8,D,9,0.1111111111111111,0,0,0,1,,,,,,0.2857142857142857,3.142857142857143
1,First-line anemia in lower-risk MDS,primekg,kg,llama3.1:8b,1,8,F,1,1.0,1,1,1,1,,prior,insufficient,5.0,"Lack of direct evidence from the knowledge graph; however, based on pharmacological expertise, Drug-8 has shown efficacy in similar myelodysplastic syndromes.",0.75,2.25
1,GVHD + pediatric,primekg,kg,llama3.1:8b,0,8,A,5,0.2,0,0,1,1,,prior,insufficient,1.0,"Based on my prior knowledge, I think Drug-6's targets (JAK1 and JAK2) might be relevant to GVHD + pediatric due to their involvement in immune regulation, but the knowledge graph does not directly support this.",0.75,2.0
1,GVHD + pediatric,primekg,kg,llama3.1:8b,1,8,E,2,0.5,0,1,1,1,,prior,insufficient,3.0,"While Drug-6 has no direct link to the disease, its targets JAK1 and JAK2 are involved in immune responses.",0.375,3.375
1,MSI-H/dMMR solid tumors (full approval conversion),primekg,kg,llama3.1:8b,0,8,E,5,0.2,0,0,1,1,,kg,consistent,4.0,"Drug-7 targets PDCD1, which has been implicated in cancer immunity and may be relevant to MSI-H/dMMR solid tumors.",0.625,3.0
1,MSI-H/dMMR solid tumors (full approval conversion),primekg,kg,llama3.1:8b,1,8,H,7,0.14285714285714285,0,0,0,1,,uncertain,insufficient,1.0,No evidence is given for Drug-7's relevance to MSI-H/dMMR tumors.,0.5,2.875
1,Antibody-mediated rejection in organ transplantation,primekg,kg,llama3.1:8b,0,8,H,1,1.0,1,1,1,1,,prior,insufficient,3.0,Drug-1's mechanism of action targeting MS4A1 is not immediately clear in relation to antibody-mediated rejection.,0.375,2.25
1,Antibody-mediated rejection in organ transplantation,primekg,kg,llama3.1:8b,1,8,F,6,0.16666666666666666,0,0,0,1,,prior,insufficient,1.0,"Drug-1 targets MS4A1, but the relevance of this target to antibody-mediated rejection is unclear.",0.0,1.875
1,Pancreatic NET,primekg,kg,llama3.1:8b,0,8,C,2,0.5,0,1,1,1,,prior,insufficient,3.0,"While Drug-7 targets several kinases and enzymes, none have a direct link to pancreatic NET based on the knowledge graph or prior pharmacological knowledge",0.75,2.625
1,Pancreatic NET,primekg,kg,llama3.1:8b,1,8,B,2,0.5,0,1,1,1,,both,consistent,4.0,"Drug-7 targets MET, which is associated with pancreatic neoplasm in the disease profile and also relevant to cancer progression.",0.75,2.0
1,Follicular lymphoma (+obinutuzumab),primekg,kg,llama3.1:8b,0,8,E,5,0.2,0,0,1,1,,kg,conflicting,1.0,"Drug-8 targets TEC and TXK, but also CYP3A43 and BLK, which are not directly related to Follicular lymphoma (+obinutuzumab) in the knowledge graph.",0.875,1.875
1,Follicular lymphoma (+obinutuzumab),primekg,kg,llama3.1:8b,1,8,C,7,0.14285714285714285,0,0,0,1,,prior,insufficient,5.0,"Based on my pharmacological knowledge, I have no specific rationale for why Drug-7 would be mechanistically plausible or not.",0.75,2.875
1,HR+/HER2- node-positive high-risk early breast cancer,primekg,kg,llama3.1:8b,0,8,C,4,0.25,0,0,1,1,,kg,conflicting,1.0,"Several targets of Drug-8 (SLC47A2, CYP3A4, CDK6) are relevant to cancer treatment, but the evidence is conflicting and sparse.",0.625,1.75
1,HR+/HER2- node-positive high-risk early breast cancer,primekg,kg,llama3.1:8b,1,8,G,2,0.5,0,1,1,1,,kg,insufficient,5.0,No direct association between Drug-8 and the disease-specific genes mentioned in the knowledge graph.,0.875,3.5
1,BRAF+ thyroid cancer,primekg,kg,llama3.1:8b,0,8,B,1,1.0,1,1,1,1,,both,consistent,4.0,"Drug-6 targets BRAF directly, which is a key driver of the disease.",0.5,1.875
1,BRAF+ thyroid cancer,primekg,kg,llama3.1:8b,1,8,G,1,1.0,1,1,1,1,,both,consistent,4.0,"Drug-6 targets BRAF, which is a key driver of this cancer.",0.625,1.75
1,HER2+ solid tumors (tumor-agnostic),primekg,kg,llama3.1:8b,0,8,C,1,1.0,1,1,1,1,,kg,consistent,4.0,Strong association between targets SLC47A2 and SLCO1B3 with HER2+ solid tumors.,0.75,1.75
1,HER2+ solid tumors (tumor-agnostic),primekg,kg,llama3.1:8b,1,8,F,7,0.14285714285714285,0,0,0,1,,kg,conflicting,3.0,"Multiple targets for Drug-8 are reported, but the involvement of some (e.g., CTSB and CTSL) seems unrelated to HER2+ tumors.",0.75,3.0
1,"mCRC BRAF V600E (traditional approval, was accelerated)",primekg,kg,llama3.1:8b,0,8,G,1,1.0,1,1,1,1,,both,consistent,5.0,"Drug-7 targets BRAF, making it a strong candidate given the disease's association with BRAF V600E mutation.",0.875,2.625
1,"mCRC BRAF V600E (traditional approval, was accelerated)",primekg,kg,llama3.1:8b,1,8,F,1,1.0,1,1,1,1,,both,consistent,5.0,Direct targeting of BRAF makes Drug-7 a strong candidate for repurposing in mCRC with the V600E mutation.,0.875,2.0
1,"Pediatric low-grade glioma (+dabrafenib, BRAF V600E)",primekg,kg,llama3.1:8b,0,8,G,2,0.5,0,1,1,1,,kg,insufficient,3.0,"The target profile of Drug-7 is largely related to metabolism; while some targets (like MAP2K2) are involved in signaling pathways relevant to cancer, the evidence does not strongly connect to pediatric low-grade glioma.",0.625,3.0
1,"Pediatric low-grade glioma (+dabrafenib, BRAF V600E)",primekg,kg,llama3.1:8b,1,8,E,4,0.25,0,0,1,1,,kg,insufficient,2.0,No direct evidence provided for Drug-7's relationship with the target disease.,0.7142857142857143,2.857142857142857
1,HR+/HER2- metastatic breast cancer,primekg,kg,llama3.1:8b,0,8,D,1,1.0,1,1,1,1,,kg,consistent,4.0,"Drug-8 targets UGT1A1, which is involved in the metabolism of many drugs and could potentially affect cancer treatment.",0.625,3.875
1,HR+/HER2- metastatic breast cancer,primekg,kg,llama3.1:8b,1,8,E,8,0.125,0,0,0,1,,prior,insufficient,1.0,"No direct evidence from the KG; TOP1 and UGT1A1 are general targets in cancer treatment, but no specific connection to HR+/HER2- metastatic breast cancer.",0.25,1.875
1,1L biliary tract cancer (+gemcitabine+cisplatin),primekg,kg,llama3.1:8b,0,8,A,7,0.14285714285714285,0,0,0,1,,prior,insufficient,1.0,No mechanistic link between Drug-5 and the disease is evident from the knowledge graph or prior knowledge.,0.75,2.25
1,1L biliary tract cancer (+gemcitabine+cisplatin),primekg,kg,llama3.1:8b,1,8,A,3,0.3333333333333333,0,1,1,1,,prior,insufficient,2.0,PDCD1 is not directly related to biliary tract cancer; further investigation would be needed to understand its potential role.,0.5,2.125
1,RET-fusion NSCLC (expanded),primekg,kg,llama3.1:8b,0,8,C,5,0.2,0,0,1,1,,kg,insufficient,1.0,There is no clear connection between Drug-3's targets and RET-fusion NSCLC in the knowledge graph.,0.875,2.75
1,RET-fusion NSCLC (expanded),primekg,kg,llama3.1:8b,1,8,F,4,0.25,0,0,1,1,,both,consistent,5.0,Drug-8 targets RET directly; the role of FLT4 and other targets in NSCLC is less clear but may provide indirect benefits.,0.75,2.625
1,HR+/HER2- metastatic breast cancer,primekg,kg,llama3.1:8b,0,8,E,2,0.5,0,1,1,1,,both,consistent,5.0,"The KG links PARP2, ABCG2, and ABCB1 to Drug-7; given the role of these targets in DNA repair and drug resistance, this is a strong mechanistic rationale",0.375,3.75
1,HR+/HER2- metastatic breast cancer,primekg,kg,llama3.1:8b,1,8,H,1,1.0,1,1,1,1,,both,consistent,5.0,"Drug-7 targets PARP2 and ABCG2, which are related to breast cancer treatment resistance mechanisms.",0.75,2.25
1,Pheochromocytoma/paraganglioma,primekg,kg,llama3.1:8b,0,8,A,3,0.3333333333333333,0,1,1,1,,kg,insufficient,2.0,"Drug-8 targets EPAS1, which is involved in hypoxia response and not directly linked to catecholamine regulation.",0.625,1.875
1,Pheochromocytoma/paraganglioma,primekg,kg,llama3.1:8b,1,8,B,7,0.14285714285714285,0,0,0,1,,kg,insufficient,1.0,EPAS1 is not directly associated with Pheochromocytoma/paraganglioma.,0.625,2.0
1,Gastric/GEJ adenocarcinoma (1L +chemo),primekg,kg,llama3.1:8b,0,8,G,2,0.5,0,1,1,1,,prior,insufficient,3.0,No evidence is provided for Drug-6,0.625,3.25
1,Gastric/GEJ adenocarcinoma (1L +chemo),primekg,kg,llama3.1:8b,1,8,C,1,1.0,1,1,1,1,,kg,consistent,5.0,"Drug-7 targets CD274, which is associated with immune checkpoint blockade in cancer therapy.",0.375,2.625
1,Metastatic colorectal cancer,primekg,kg,llama3.1:8b,0,8,A,2,0.5,0,1,1,1,,kg,insufficient,4.0,"While Drug-1 targets several transporters and enzymes, there is no direct connection to genes associated with metastatic colorectal cancer.",1.0,3.142857142857143
1,Metastatic colorectal cancer,primekg,kg,llama3.1:8b,1,8,G,6,0.16666666666666666,0,0,0,1,,prior,insufficient,2.0,"Drug-1 targets various transporters and enzymes, but there is no direct connection to metastatic colorectal cancer.",0.5,2.25
1,Gastric/GEJ adenocarcinoma,primekg,kg,llama3.1:8b,0,8,A,8,0.125,0,0,0,1,,kg,conflicting,1.0,"Drug-7 targets CD274, which is associated with immune response and not directly implicated in gastric cancer.",0.75,2.625
1,Gastric/GEJ adenocarcinoma,primekg,kg,llama3.1:8b,1,8,G,7,0.14285714285714285,0,0,0,1,,kg,insufficient,1.0,No direct evidence from the knowledge graph links Drug-7 to Gastric/GEJ adenocarcinoma.,0.5,1.25
1,Urothelial carcinoma (expanded population),primekg,kg,llama3.1:8b,0,8,H,6,0.16666666666666666,0,0,0,1,,kg,insufficient,1.0,Drug-8's targets seem unclear in relation to urothelial carcinoma.,0.75,1.875
1,Urothelial carcinoma (expanded population),primekg,kg,llama3.1:8b,1,8,E,2,0.5,0,1,1,1,,both,consistent,2.0,"Drug-8 targets ABCB1, which is related to urothelial carcinoma through pathways involving efflux transporters.",0.875,2.625
1,HER2+ early-stage BC (neoadjuvant + adjuvant),primekg,kg,llama3.1:8b,0,8,F,2,0.5,0,1,1,1,,kg,consistent,4.0,"Drug-8 targets multiple transporters and enzymes, some of which are related to cancer treatment, but no direct link to HER2+ BC.",0.875,2.875
1,HER2+ early-stage BC (neoadjuvant + adjuvant),primekg,kg,llama3.1:8b,1,8,C,3,0.3333333333333333,0,1,1,1,,kg,insufficient,2.0,"The knowledge graph lists several targets for Drug-8, but none are strongly associated with HER2+ breast cancer.",0.625,3.0
1,Pediatric BRAF V600E low-grade glioma,primekg,kg,llama3.1:8b,0,8,D,1,1.0,1,1,1,1,,both,consistent,5.0,"Drug-5 targets LIMK1, which is involved in the regulation of actin cytoskeleton dynamics and could be relevant to glioma pathogenesis.",0.75,2.375
1,Pediatric BRAF V600E low-grade glioma,primekg,kg,llama3.1:8b,1,8,E,2,0.5,0,1,1,1,,both,insufficient,3.0,"While Drug-5 targets some transporters also targeted by Drug-1 (SLCO1B1 and SLC22A8), the relevance to pediatric BRAF V600E low-grade glioma is uncertain.",0.5,1.875
1,HR+/HER2- early breast cancer (adjuvant),primekg,kg,llama3.1:8b,0,8,A,2,0.5,0,1,1,1,,both,consistent,4.0,"Drug-6 targets CDK6 and CDK4, which are involved in cell cycle progression and proliferation, relevant to cancer.",0.625,2.25
1,HR+/HER2- early breast cancer (adjuvant),primekg,kg,llama3.1:8b,1,8,B,4,0.25,0,0,1,1,,both,consistent,5.0,"Drug-6 targets CDK4/6, relevant to HR+/HER2- breast cancer, and CYP3A4, a shared target with other candidates.",0.375,3.125
1,HR+/HER2-low breast cancer,primekg,kg,llama3.1:8b,0,8,F,4,0.25,0,0,1,1,,kg,insufficient,2.0,There is limited evidence to link Drug-8's targets to HR+/HER2-low breast cancer.,0.75,3.0
1,HR+/HER2-low breast cancer,primekg,kg,llama3.1:8b,1,8,G,8,0.125,0,0,0,1,,kg,insufficient,1.0,"Drug-8 targets various proteins (e.g. SLC47A2), but their relevance to HR+/HER2-low breast cancer is unclear.",0.875,1.75
1,Platinum-resistant ovarian carcinoma (PD-L1+ CPS≥1),primekg,kg,llama3.1:8b,0,8,A,2,0.5,0,1,1,1,,kg,insufficient,3.0,"Drug-6 targets PDCD1, which is involved in immune response; while related to cancer, it's not directly connected to platinum-resistant ovarian carcinoma.",0.75,3.5
1,Platinum-resistant ovarian carcinoma (PD-L1+ CPS≥1),primekg,kg,llama3.1:8b,1,8,G,2,0.5,0,1,1,1,,kg,consistent,4.0,"Drug-6 targets PDCD1, which is a known immune checkpoint molecule associated with tumor progression and could be relevant to Platinum-resistant ovarian carcinoma.",0.5,2.625
1,TRD monotherapy,drkg,kg,llama3.1:8b,0,8,H,8,0.125,0,0,0,1,,kg,conflicting,2.0,"Drug-7 targets GRIN3B, but also NTRK2 and other receptors not directly related to the disease.",0.875,3.0
1,TRD monotherapy,drkg,kg,llama3.1:8b,1,8,G,5,0.2,0,0,1,1,,kg,insufficient,1.0,"The knowledge graph reports target associations between Drug-7 (GRIN3B, GRIN2C) and TRD monotherapy, but these are not directly related to known mechanisms.",0.625,1.875
1,ILD-associated pulmonary hypertension,drkg,kg,llama3.1:8b,0,8,B,4,0.25,0,0,1,1,,prior,insufficient,2.0,"No direct evidence links Drug-1 to the disease, but its targets and pathways may be relevant",0.5,2.625
1,ILD-associated pulmonary hypertension,drkg,kg,llama3.1:8b,1,8,H,2,0.5,0,1,1,1,,both,insufficient,3.0,"While Drug-1 has a broad mechanism of action on PTGs and GPCRs, its direct connection to ILD-associated pulmonary hypertension is unclear.",0.875,1.75
1,Indolent systemic mastocytosis (EMA),drkg,kg,llama3.1:8b,0,8,H,8,0.125,0,0,0,1,,,,,,0.7142857142857143,3.142857142857143
1,Indolent systemic mastocytosis (EMA),drkg,kg,llama3.1:8b,1,8,C,2,0.5,0,1,1,1,,kg,insufficient,3.0,"The knowledge graph shows Drug-3's associations with various targets, but none directly related to mastocytosis.",0.875,2.25
1,Hidradenitis suppurativa,drkg,kg,llama3.1:8b,0,8,E,1,1.0,1,1,1,1,,kg,consistent,4.0,"Drug-7 inhibits IL17A, which is related to the disease's inflammatory component.",0.625,2.0
1,Hidradenitis suppurativa,drkg,kg,llama3.1:8b,1,8,F,1,1.0,1,1,1,1,,both,consistent,5.0,"Drug-7 inhibits IL17A, which is associated with Hidradenitis suppurativa.",0.75,3.125
1,Chronic hepatitis B (pediatric),drkg,kg,llama3.1:8b,0,8,B,8,0.125,0,0,0,1,,kg,insufficient,1.0,"Drug-6 has multiple targets, but no clear connection to Chronic hepatitis B (pediatric).",0.875,2.0
1,Chronic hepatitis B (pediatric),drkg,kg,llama3.1:8b,1,8,G,6,0.16666666666666666,0,0,0,1,,kg,insufficient,1.0,The targets of Drug-6 do not align with the associated genes in the knowledge graph for Chronic hepatitis B (pediatric).,0.5,2.25
1,HoFH pediatric (EMA),drkg,kg,llama3.1:8b,0,8,E,5,0.2,0,0,1,1,,kg,insufficient,3.0,No relevant information was found in the knowledge graph regarding Drug-8.,0.75,3.25
1,HoFH pediatric (EMA),drkg,kg,llama3.1:8b,1,8,D,1,1.0,1,1,1,1,,both,consistent,4.0,"Drug-1 targets PDE5A and SLCO1B3, which could influence LDLR expression or function.",0.875,1.875
1,Nephrotic syndrome,drkg,kg,llama3.1:8b,0,8,B,2,0.5,0,1,1,1,,kg,insufficient,3.0,There is no clear link between Drug-1's targets and the disease mechanisms of Nephrotic syndrome.,1.0,2.25
1,Nephrotic syndrome,drkg,kg,llama3.1:8b,1,8,B,2,0.5,0,1,1,1,,kg,insufficient,4.0,"The knowledge graph reports Drug-1 targets ABCB1, but this is a general association; its relevance to Nephrotic syndrome requires further investigation.",0.875,2.375
1,Follicular lymphoma,drkg,kg,llama3.1:8b,0,8,C,6,0.16666666666666666,0,0,0,1,,prior,insufficient,3.0,"Based on pharmacological knowledge of similar compounds, Drug-3 may have potential as a modulator of cell cycle regulation and apoptosis.",0.625,2.625
1,Follicular lymphoma,drkg,kg,llama3.1:8b,1,8,C,5,0.2,0,0,1,1,,kg,conflicting,1.0,"The activation of various receptors by Drug-3 suggests a potential therapeutic effect, but the downregulation of several genes may indicate off-target effects.",0.75,2.375
1,Retinal vein occlusion,drkg,kg,llama3.1:8b,0,8,D,8,0.125,0,0,0,1,,kg,insufficient,1.0,No clear link between Drug-8 and retinal vein occlusion was found in the knowledge graph.,0.75,1.875
1,Retinal vein occlusion,drkg,kg,llama3.1:8b,1,8,A,7,0.14285714285714285,0,0,0,1,,kg,insufficient,3.0,"The knowledge graph reports associations between Drug-8 and several targets, but its relevance to Retinal Vein Occlusion is unclear.",0.75,3.75
1,Agitation associated with Alzheimer's dementia,drkg,kg,llama3.1:8b,0,8,A,1,1.0,1,1,1,1,,both,consistent,4.0,"Drug-2's activation of SIGMAR1 and downregulation of GJA1 are not directly related to agitation associated with Alzheimer's dementia, but its upregulation of genes involved in cellular processes (e.g., FKBP14, AGL) is consistent with potential therapeutic effects.",0.75,1.875
1,Agitation associated with Alzheimer's dementia,drkg,kg,llama3.1:8b,1,8,D,4,0.25,0,0,1,1,,kg,insufficient,2.0,"The knowledge graph reports various targets for Drug-2, but none of them are directly linked to Agitation associated with Alzheimer's dementia.",0.875,2.0
1,High LDL-C with increased CV risk (expanded),drkg,kg,llama3.1:8b,0,8,E,6,0.16666666666666666,0,0,0,1,,kg,insufficient,1.0,Insufficient evidence to assess Drug-8's mechanistic plausibility for High LDL-C with increased CV risk.,0.875,1.75
1,High LDL-C with increased CV risk (expanded),drkg,kg,llama3.1:8b,1,8,F,7,0.14285714285714285,0,0,0,1,,uncertain,insufficient,1.0,Not enough information is provided for Drug-8 and its potential mechanistic plausibility.,0.375,2.125
1,Indolent systemic mastocytosis,drkg,kg,llama3.1:8b,0,8,D,6,0.16666666666666666,0,0,0,1,,kg,insufficient,1.0,There is no clear link between Drug-8 and mast cell biology or the disease.,0.75,1.75
1,Indolent systemic mastocytosis,drkg,kg,llama3.1:8b,1,8,E,7,0.14285714285714285,0,0,0,1,,prior,insufficient,1.0,There is insufficient evidence to assess the potential of Drug-8 for treating indolent systemic mastocytosis.,0.625,2.125
1,EGPA (expanded),drkg,kg,llama3.1:8b,0,8,C,1,1.0,1,1,1,1,,kg,consistent,4.0,"Drug-7 targets IL5RA, which is relevant to EGPA's association with IL5.",0.125,1.875
1,EGPA (expanded),drkg,kg,llama3.1:8b,1,8,D,1,1.0,1,1,1,1,,kg,consistent,5.0,"Drug-7 targets IL5RA, a gene associated with EGPA (expanded), providing strong mechanistic plausibility.",0.625,2.375
1,COVID-19 (expanded population),drkg,kg,llama3.1:8b,0,8,G,6,0.16666666666666666,0,0,0,1,,kg,insufficient,1.0,Insufficient evidence for Drug-8 in the knowledge graph; unclear relevance.,0.875,1.875
1,COVID-19 (expanded population),drkg,kg,llama3.1:8b,1,8,D,4,0.25,0,0,1,1,,prior,insufficient,1.0,There is insufficient evidence to assess Drug-8's mechanistic plausibility for COVID-19.,0.625,1.875
1,Obstructive sleep apnea with obesity,drkg,kg,llama3.1:8b,0,8,H,8,0.125,0,0,0,1,,prior,insufficient,1.0,No information available for Drug-8.,0.625,2.5
1,Obstructive sleep apnea with obesity,drkg,kg,llama3.1:8b,1,8,D,3,0.3333333333333333,0,1,1,1,,prior,insufficient,3.0,"Based on our pharmacological knowledge, there's a possibility that Drug-8 could be relevant to the disease through its potential effects on inflammation.",0.75,2.875
1,KRAS G12C+ mCRC,drkg,kg,llama3.1:8b,0,8,H,1,1.0,1,1,1,1,,prior,insufficient,3.0,No evidence was provided for Drug-6.,0.625,3.0
1,KRAS G12C+ mCRC,drkg,kg,llama3.1:8b,1,8,A,1,1.0,1,1,1,1,,kg,consistent,4.0,"Drug-8 targets KRAS, which is a key driver of KRAS G12C+ mCRC.",0.875,1.75
1,Diabetic retinopathy/DME (EMA Mar+May 2026),drkg,kg,llama3.1:8b,0,8,F,8,0.125,0,0,0,1,,kg,insufficient,1.0,No information available for Drug-8 and Drug-F,0.75,2.125
1,Diabetic retinopathy/DME (EMA Mar+May 2026),drkg,kg,llama3.1:8b,1,8,B,3,0.3333333333333333,0,1,1,1,,prior,insufficient,2.0,"Based on my pharmacological knowledge, Drug-8 may be relevant to the disease, but I have no specific evidence to support this.",0.5,1.875
1,Chorea associated with Huntington's disease,drkg,kg,llama3.1:8b,0,8,A,8,0.125,0,0,0,1,,kg,insufficient,1.0,The knowledge graph does not provide sufficient information to assess Drug-8's relevance to the target disease.,0.625,2.125
1,Chorea associated with Huntington's disease,drkg,kg,llama3.1:8b,1,8,E,6,0.16666666666666666,0,0,0,1,,kg,insufficient,1.0,"The knowledge graph indicates Drug-8 inhibits SLC18A2 and targets NH17, CYP3A5, and CYP3A4; however, these associations do not directly relate to the target disease or its mechanisms.",0.875,2.0
1,Heart failure (broadened),drkg,kg,llama3.1:8b,0,8,E,7,0.14285714285714285,0,0,0,1,,kg,insufficient,1.0,"The knowledge graph's evidence for Drug-8 is sparse and mostly related to its interactions with transport proteins, which does not directly relate to heart failure.",1.0,2.125
1,Heart failure (broadened),drkg,kg,llama3.1:8b,1,8,F,5,0.2,0,0,1,1,,kg,conflicting,2.0,The knowledge graph evidence for Drug-8 suggests some contradictory relationships between target associations and inhibition; its connection to heart failure is uncertain.,0.875,2.625
1,Acquired hypofibrinogenemia in cardiovascular surgery,drkg,kg,llama3.1:8b,0,8,C,4,0.25,0,0,1,1,,prior,insufficient,3.0,Targets some ion channels and transporters but lacks clear connection to coagulation.,0.625,2.875
1,Acquired hypofibrinogenemia in cardiovascular surgery,drkg,kg,llama3.1:8b,1,8,D,8,0.125,0,0,0,1,,kg,insufficient,1.0,Targeting AR does not directly relate to fibrinogen regulation.,0.625,2.5
1,Pediatric atopic dermatitis,drkg,kg,llama3.1:8b,0,8,F,7,0.14285714285714285,0,0,0,1,,kg,insufficient,1.0,"Inhibits JAKs; while this could affect immune responses, its specificity for atopic dermatitis is uncertain.",0.625,2.0
1,Pediatric atopic dermatitis,drkg,kg,llama3.1:8b,1,8,C,1,1.0,1,1,1,1,,both,consistent,4.0,"Drug-7 activates VDR, which is a relevant pathway for immune regulation and inflammation",0.625,2.5
1,COVID-19 updated strain,drkg,kg,llama3.1:8b,0,8,F,6,0.16666666666666666,0,0,0,1,,prior,conflicting,2.0,Drug-1's actions on various genes are not clearly linked to COVID-19.,0.625,1.875
1,COVID-19 updated strain,drkg,kg,llama3.1:8b,1,8,A,1,1.0,1,1,1,1,,prior,insufficient,4.0,"While lacking direct evidence, Drug-8's pharmacological profile suggests potential antiviral properties.",0.5,2.875
1,Delay T1D onset in children ≥1yr,drkg,kg,llama3.1:8b,0,8,G,6,0.16666666666666666,0,0,0,1,,kg,insufficient,1.0,No evidence is provided for Drug-7's relevance to T1D onset.,0.625,2.75
1,Delay T1D onset in children ≥1yr,drkg,kg,llama3.1:8b,1,8,B,4,0.25,0,0,1,1,,kg,insufficient,1.0,"No direct evidence from the knowledge graph; however, some targets are associated with other diseases or pathways.",0.625,2.0
1,Unresectable thymic carcinoma (PMDA),drkg,kg,llama3.1:8b,0,8,A,4,0.25,0,0,1,1,,prior,insufficient,3.0,"Based on prior knowledge, Drug-6 has a plausible mechanism for treating Unresectable thymic carcinoma due to its angiogenesis inhibition.",0.25,2.375
1,Unresectable thymic carcinoma (PMDA),drkg,kg,llama3.1:8b,1,8,G,1,1.0,1,1,1,1,,both,consistent,4.0,The inhibition of FLT1 and KDR by Drug-6 is consistent with the involvement of angiogenesis in thymic carcinoma.,0.75,2.0
1,Retinal vein occlusion,drkg,kg,llama3.1:8b,0,8,A,8,0.125,0,0,0,1,,prior,insufficient,1.0,There's no direct evidence linking any of Drug-8's targets to Retinal Vein Occlusion.,0.625,3.0
1,Retinal vein occlusion,drkg,kg,llama3.1:8b,1,8,C,6,0.16666666666666666,0,0,0,1,,prior,insufficient,1.0,No information was found in the knowledge graph about Drug-8's mechanisms of action or targets,0.625,2.25
1,Spinal muscular atrophy (pediatric expansion),drkg,kg,llama3.1:8b,0,8,H,8,0.125,0,0,0,1,,prior,insufficient,1.0,No provided evidence or mechanism-based rationale for considering Drug-8 as a potential candidate,0.5,2.375
1,Spinal muscular atrophy (pediatric expansion),drkg,kg,llama3.1:8b,1,8,F,8,0.125,0,0,0,1,,prior,insufficient,1.0,"No evidence was provided for Drug-8, so its ranking is based solely on prior knowledge and experience.",0.75,1.875
1,Chronic thromboembolic pulmonary hypertension,drkg,kg,llama3.1:8b,0,8,H,4,0.25,0,0,1,1,,kg,insufficient,5.0,"Drug-7 targets ABCB1 and inhibits F2, but these associations are not directly relevant to the disease's underlying mechanisms.",0.875,4.25
1,Chronic thromboembolic pulmonary hypertension,drkg,kg,llama3.1:8b,1,8,H,8,0.125,0,0,0,1,,kg,insufficient,1.0,CPB2 and F10/F2 are involved in coagulation; their specific role in Chronic thromboembolic pulmonary hypertension is unclear.,0.75,2.25
1,Polycythaemia vera and essential thrombocytopenia,drkg,kg,llama3.1:8b,0,8,H,1,1.0,1,1,1,1,,prior,insufficient,4.0,"Drug-1 activates IFNAR2 and IFNAR1, which are related to the immune system, but there is no direct evidence linking it to Polycythaemia vera and essential thrombocytopenia.",0.625,2.125
1,Polycythaemia vera and essential thrombocytopenia,drkg,kg,llama3.1:8b,1,8,E,1,1.0,1,1,1,1,,both,consistent,5.0,"Drug-1 activates IFNAR2 and IFNAR1, which could influence the expression of associated genes in polycythaemia vera and essential thrombocytopenia.",0.875,2.5
1,Generalized myasthenia gravis,drkg,kg,llama3.1:8b,0,8,H,7,0.14285714285714285,0,0,0,1,,prior,insufficient,1.0,The binding and regulatory effects of Drug-1 do not appear to be related to GMG or its associated genes.,0.25,2.25
1,Generalized myasthenia gravis,drkg,kg,llama3.1:8b,1,8,G,8,0.125,0,0,0,1,,prior,insufficient,1.0,No information is available on Drug-8's mechanism of action in relation to Generalized myasthenia gravis.,0.125,2.625
1,Invasive fungal infections pediatric ≥2yr,drkg,kg,llama3.1:8b,0,8,G,8,0.125,0,0,0,1,,kg,insufficient,1.0,Drug-5's inhibition of CYP3A4 and targeting of SMO may not directly relate to invasive fungal infections.,0.875,2.25
1,Invasive fungal infections pediatric ≥2yr,drkg,kg,llama3.1:8b,1,8,B,3,0.3333333333333333,0,1,1,1,,prior,conflicting,2.0,"While Drug-5 inhibits CYP3A4, which is involved in drug metabolism, there's no direct link to antifungal activity.",0.75,1.875
1,PKU expanded to ≥12yr,drkg,kg,llama3.1:8b,0,8,E,3,0.3333333333333333,0,1,1,1,,prior,insufficient,2.0,No information is available about Drug-8 to evaluate its potential for treating PKU expanded to ≥12yr.,0.5,3.5
1,PKU expanded to ≥12yr,drkg,kg,llama3.1:8b,1,8,F,7,0.14285714285714285,0,0,0,1,,kg,insufficient,2.0,No evidence from the knowledge graph links Drug-8 or Drug-7 to pathways associated with PKU.,0.8571428571428571,2.2857142857142856
1,IDH1-mutated relapsed/refractory MDS,drkg,kg,llama3.1:8b,0,8,E,1,1.0,1,1,1,1,,both,consistent,5.0,"Drug-8 directly targets IDH1, which is a key enzyme mutated in the disease.",0.875,3.125
1,IDH1-mutated relapsed/refractory MDS,drkg,kg,llama3.1:8b,1,8,E,1,1.0,1,1,1,1,,kg,consistent,5.0,"Drug-8 directly targets IDH1, which is the mutated enzyme in this disease.",0.375,3.125
1,Retinopathy of prematurity,drkg,kg,llama3.1:8b,0,8,E,1,1.0,1,1,1,1,,both,consistent,4.0,"Drug-6 targets VEGFA and inhibits PGF, which are both involved in angiogenesis related to Retinopathy of Prematurity.",0.375,2.375
1,Retinopathy of prematurity,drkg,kg,llama3.1:8b,1,8,A,1,1.0,1,1,1,1,,both,consistent,4.0,"Drug-6 inhibits VEGFA, which is involved in angiogenesis and related to retinopathy of prematurity.",0.875,2.125
1,Agitation associated with Alzheimer's dementia,drkg,kg,llama3.1:8b,0,8,D,4,0.25,0,0,1,1,,kg,conflicting,1.0,"Drug-5 activates several receptors, but its reported inhibition of HTR2A seems inconsistent with prior knowledge about these targets.",0.75,1.875
1,Agitation associated with Alzheimer's dementia,drkg,kg,llama3.1:8b,1,8,E,2,0.5,0,1,1,1,,kg,consistent,4.0,"Drug-5 targets CYP2D6 and HTR2A, which are involved in the regulation of neurotransmitters affected in Alzheimer's disease.",0.75,2.375
1,LDL-C elevation in statin-intolerant dyslipidemia,drkg,kg,llama3.1:8b,0,8,H,2,0.5,0,1,1,1,,prior,insufficient,4.0,"PPARA is a target for lipid metabolism regulation, but the evidence from the knowledge graph is insufficient to support its role in LDL-C elevation.",0.625,2.75
1,LDL-C elevation in statin-intolerant dyslipidemia,drkg,kg,llama3.1:8b,1,8,B,3,0.3333333333333333,0,1,1,1,,kg,insufficient,2.0,"While Drug-8 targets PPARA, its relevance to LDL-C elevation in statin-intolerant dyslipidemia is unclear.",0.75,1.875
1,First-line anemia in lower-risk MDS,drkg,kg,llama3.1:8b,0,8,D,5,0.2,0,0,1,1,,prior,insufficient,3.0,"Based on pharmacological knowledge, Drug-7 is not a clear candidate for first-line anemia in lower-risk MDS.",0.75,2.5
1,First-line anemia in lower-risk MDS,drkg,kg,llama3.1:8b,1,8,F,7,0.14285714285714285,0,0,0,1,,kg,insufficient,1.0,There is no relevant information provided for Drug-7 in the knowledge graph.,0.875,1.75
1,Atopic dermatitis,drkg,kg,llama3.1:8b,0,8,E,7,0.14285714285714285,0,0,0,1,,kg,conflicting,1.0,"Drug-7 inhibits JAK1 and JAK2, but also targets several transporters with unclear relevance to atopic dermatitis.",1.0,2.0
1,Atopic dermatitis,drkg,kg,llama3.1:8b,1,8,E,5,0.2,0,0,1,1,,kg,conflicting,2.0,"Drug-7's association with JAK1/2 inhibition is consistent, but its additional associations are conflicting or too sparse to make a confident assessment.",0.875,2.5
1,Acute HCV pediatric,drkg,kg,llama3.1:8b,0,8,D,2,0.5,0,1,1,1,,kg,insufficient,3.0,"The knowledge graph reports targets for Drug-8, but no direct connections to Acute HCV pediatric are provided.",1.0,2.375
1,Acute HCV pediatric,drkg,kg,llama3.1:8b,1,8,G,3,0.3333333333333333,0,1,1,1,,both,conflicting,3.0,Drug-8 targets various transporters and enzymes but lacks clear connections to the disease's gene associations or known pharmacology.,0.625,2.125
1,HoFH in children,drkg,kg,llama3.1:8b,0,8,C,9,0.1111111111111111,0,0,0,1,,,,,,0.5714285714285714,3.2857142857142856
1,HoFH in children,drkg,kg,llama3.1:8b,1,8,D,1,1.0,1,1,1,1,,prior,insufficient,5.0,Uncertain,0.5,3.0
1,dMMR/MSI-H primary advanced endometrial cancer (+chemo),drkg,kg,llama3.1:8b,0,8,G,8,0.125,0,0,0,1,,prior,insufficient,1.0,No relevant evidence is provided for Drug-8.,0.5,2.0
1,dMMR/MSI-H primary advanced endometrial cancer (+chemo),drkg,kg,llama3.1:8b,1,8,F,5,0.2,0,0,1,1,,kg,insufficient,1.0,No relevant evidence in the KG for Drug-8,0.75,2.0
1,Cerebral folate transport deficiency,drkg,kg,llama3.1:8b,0,8,G,2,0.5,0,1,1,1,,kg,insufficient,2.0,"The knowledge graph reports Drug-1's activation of GALR1 and GALR2, but no direct connection to folate transport.",0.625,2.625
1,Cerebral folate transport deficiency,drkg,kg,llama3.1:8b,1,8,C,6,0.16666666666666666,0,0,0,1,,kg,insufficient,2.0,"Drug-1 activates GALR1 and targets INS, but there is no clear connection to folate transport or metabolism in the knowledge graph.",0.875,2.5
1,Reduce MACE in CVD + obesity/overweight,drkg,kg,llama3.1:8b,0,8,G,2,0.5,0,1,1,1,,both,consistent,3.0,Drug-8's activation of GCG and targeting of GLP1R suggest potential metabolic benefits relevant to obesity/overweight.,0.875,1.875
1,Reduce MACE in CVD + obesity/overweight,drkg,kg,llama3.1:8b,1,8,H,1,1.0,1,1,1,1,,prior,insufficient,3.0,Drug-8's direct action on GLP1R could have a beneficial effect on CVD and obesity/overweight through improved glucose metabolism.,0.25,2.142857142857143
1,Palmoplantar pustulosis (PMDA),drkg,kg,llama3.1:8b,0,8,E,1,1.0,1,1,1,1,,both,consistent,4.0,"Drug-7 targets IL23A, which is involved in inflammatory pathways associated with PMDA.",0.875,1.875
1,Palmoplantar pustulosis (PMDA),drkg,kg,llama3.1:8b,1,8,F,1,1.0,1,1,1,1,,kg,consistent,4.0,"Drug-7 targets IL23A, which has been implicated in inflammatory skin conditions, making it a strong candidate for Palmoplantar pustulosis.",1.0,1.875
1,Measles prophylaxis post-exposure,drkg,kg,llama3.1:8b,0,8,D,5,0.2,0,0,1,1,,kg,conflicting,1.0,"Drug-1 targets several FCGRs but is primarily known for its role in the complement system, which does not directly relate to measles prophylaxis.",0.625,1.875
1,Measles prophylaxis post-exposure,drkg,kg,llama3.1:8b,1,8,B,4,0.25,0,0,1,1,,prior,insufficient,2.0,"The knowledge graph reports multiple targets for Drug-1, but none are directly implicated in measles prophylaxis post-exposure",0.75,1.875
1,CKD in T2D,drkg,kg,llama3.1:8b,0,8,C,1,1.0,1,1,1,1,,both,consistent,4.0,"Drug-8 targets GLP1R and activates GCG, which are relevant to CKD in T2D given its relationship with MESH:D000740 (diabetes) and the role of GLP1R in glucose homeostasis.",1.0,1.875
1,CKD in T2D,drkg,kg,llama3.1:8b,1,8,D,1,1.0,1,1,1,1,,prior,insufficient,4.0,"Drug-8 targets GLP1R and activates GCG, which could be beneficial for T2D management, but the direct link to CKD in T2D is uncertain.",0.875,2.75
1,HER2-mutant NSCLC (PMDA),drkg,kg,llama3.1:8b,0,8,H,6,0.16666666666666666,0,0,0,1,,prior,insufficient,1.0,Drug-8's targeting of FCGR1A and TOP1 lacks direct relevance to HER2-mutant NSCLC (PMDA) mechanisms.,0.625,1.75
1,HER2-mutant NSCLC (PMDA),drkg,kg,llama3.1:8b,1,8,F,7,0.14285714285714285,0,0,0,1,,kg,insufficient,1.0,Drug-8's targets FCGR1A and TOP1 are not directly associated with the disease in the knowledge graph.,0.625,3.375
1,Heterozygous familial hypercholesterolemia,drkg,kg,llama3.1:8b,0,8,B,1,1.0,1,1,1,1,,prior,insufficient,4.0,"Drug-7 directly inhibits PCSK9, which is a key gene in cholesterol metabolism.",0.5,2.375
1,Heterozygous familial hypercholesterolemia,drkg,kg,llama3.1:8b,1,8,A,1,1.0,1,1,1,1,,kg,consistent,5.0,"Drug-7 inhibits PCSK9, a gene associated with Heterozygous familial hypercholesterolemia, providing strong mechanistic evidence.",1.0,2.375
1,Crohn's disease,drkg,kg,llama3.1:8b,0,8,B,3,0.3333333333333333,0,1,1,1,,kg,consistent,4.0,"Drug-7 targets IL23A, which is involved in the pathogenesis of Crohn's disease.",0.875,2.25
1,Crohn's disease,drkg,kg,llama3.1:8b,1,8,G,2,0.5,0,1,1,1,,kg,insufficient,4.0,"The knowledge graph only shows associations between Drug-8 and NR3C1, CCL11, PGR, and CD44; no clear connection to Crohn's disease is evident.",1.0,3.0
1,COVID-19 in severe renal impairment/dialysis,drkg,kg,llama3.1:8b,0,8,C,5,0.2,0,0,1,1,,prior,insufficient,1.0,"There is no evidence in the knowledge graph for Drug-8's mechanism of action, so its plausibility is unknown.",0.75,1.875
1,COVID-19 in severe renal impairment/dialysis,drkg,kg,llama3.1:8b,1,8,D,6,0.16666666666666666,0,0,0,1,,kg,insufficient,1.0,The knowledge graph does not provide sufficient evidence to assess Drug-8's mechanistic plausibility for this disease.,0.875,2.375
1,MASH with fibrosis,drkg,kg,llama3.1:8b,0,8,G,7,0.14285714285714285,0,0,0,1,,kg,insufficient,1.0,Unclear connection to MASH with fibrosis in the provided information.,0.875,2.375
1,MASH with fibrosis,drkg,kg,llama3.1:8b,1,8,H,8,0.125,0,0,0,1,,kg,insufficient,1.0,"The knowledge graph reports that Drug-8 activates GCG and targets GLP1R, but this is not directly relevant to MASH with fibrosis.",0.75,2.875
1,mHSPC + ADT,drkg,kg,llama3.1:8b,0,8,C,7,0.14285714285714285,0,0,0,1,,kg,conflicting,1.0,"Drug-8's targeting of PGR and AR is relevant to hormone regulation, but its relevance to mHSPC + ADT is unclear.",0.875,1.875
1,mHSPC + ADT,drkg,kg,llama3.1:8b,1,8,D,3,0.3333333333333333,0,1,1,1,,kg,consistent,4.0,"PGR is a target for Drug-8, but its relevance to mHSPC + ADT is uncertain.",0.375,2.75
1,Chronic kidney disease,drkg,kg,llama3.1:8b,0,8,H,8,0.125,0,0,0,1,,prior,insufficient,1.0,There is no clear mechanistic link between Drug-8 and chronic kidney disease based on available evidence.,0.5,2.25
1,Chronic kidney disease,drkg,kg,llama3.1:8b,1,8,H,7,0.14285714285714285,0,0,0,1,,kg,consistent,3.0,"Drug-8 has some associations with targets and pathways, including the inhibition of SLC5A2, which is relevant to chronic kidney disease due to its role in glucose metabolism.",1.0,2.375
1,Allergic fungal rhinosinusitis (AFRS) ≥6yr,drkg,kg,llama3.1:8b,0,8,B,2,0.5,0,1,1,1,,prior,insufficient,3.0,"While no direct evidence links Drug-5 to AFRS ≥6yr, its targets (including drugbank:BE0002045 and BE0001588) suggest potential involvement in immune responses.",0.75,2.125
1,Allergic fungal rhinosinusitis (AFRS) ≥6yr,drkg,kg,llama3.1:8b,1,8,G,3,0.3333333333333333,0,1,1,1,,prior,insufficient,2.0,No relevant information was provided for Drug-6.,0.75,2.5
1,Acquired hypothalamic obesity,drkg,kg,llama3.1:8b,0,8,D,1,1.0,1,1,1,1,,both,consistent,5.0,"Drug-8 activates MC4R, a key gene associated with acquired hypothalamic obesity.",0.875,3.125
1,Acquired hypothalamic obesity,drkg,kg,llama3.1:8b,1,8,E,2,0.5,0,1,1,1,,both,consistent,5.0,"Activation of MC4R by Drug-8 suggests a strong mechanistic link to AHO, given the association between this receptor and AHO in the knowledge graph.",0.625,2.875
1,Pediatric glioma (EMA),drkg,kg,llama3.1:8b,0,8,H,4,0.25,0,0,1,1,,kg,conflicting,1.0,"Drug-6 targets several genes, but some associations are conflicting with prior knowledge and the KG evidence is not strong enough to support its mechanistic plausibility.",0.625,1.875
1,Pediatric glioma (EMA),drkg,kg,llama3.1:8b,1,8,D,1,1.0,1,1,1,1,,both,consistent,4.0,"Drug-6 targets several genes involved in cancer cell proliferation and survival, including KRAS, NRAS, and RAF1.",0.75,1.875
1,IV formulation for rheumatic diseases (EMA),drkg,kg,llama3.1:8b,0,8,E,1,1.0,1,1,1,1,,kg,consistent,5.0,"Drug-6 inhibits IL17A, which is associated with IV formulation for rheumatic diseases (EMA), and its mechanism is plausible given the disease's inflammatory component.",0.75,2.25
1,IV formulation for rheumatic diseases (EMA),drkg,kg,llama3.1:8b,1,8,E,1,1.0,1,1,1,1,,both,consistent,5.0,"Drug-6 inhibits IL17A, which is consistent with the genetic association of IV formulation for rheumatic diseases and IL33.",0.625,2.25
1,Oral tablet formulation for weight management,drkg,kg,llama3.1:8b,0,8,B,2,0.5,0,1,1,1,,kg,insufficient,3.0,Glucagon and GLP1R targets are relevant but not directly linked to weight management,0.5,1.875
1,Oral tablet formulation for weight management,drkg,kg,llama3.1:8b,1,8,F,4,0.25,0,0,1,1,,kg,consistent,2.0,"This drug activates GCG and targets GLP1R, both relevant to glucose metabolism and potential weight management.",0.625,1.875
1,dMMR recurrent/advanced endometrial cancer,drkg,kg,llama3.1:8b,0,8,F,9,0.1111111111111111,0,0,0,1,,,,,,0.6666666666666666,2.6666666666666665
1,dMMR recurrent/advanced endometrial cancer,drkg,kg,llama3.1:8b,1,8,H,8,0.125,0,0,0,1,,prior,insufficient,1.0,There is no information available on Drug-8; its potential mechanisms of action are unknown.,0.375,2.5
1,Primary humoral immunodeficiency pediatric 2-11yr,drkg,kg,llama3.1:8b,0,8,C,2,0.5,0,1,1,1,,both,consistent,5.0,"Drug-1 targets FCGRs, which are crucial for antibody-dependent immune responses.",1.0,3.0
1,Primary humoral immunodeficiency pediatric 2-11yr,drkg,kg,llama3.1:8b,1,8,D,2,0.5,0,1,1,1,,kg,consistent,4.0,Direct targeting of Fc receptors could be beneficial in treating humoral immunodeficiency by enhancing antibody production or function.,0.75,2.125
1,Neoadj+adj HNSCC,drkg,kg,llama3.1:8b,0,8,G,3,0.3333333333333333,0,1,1,1,,both,insufficient,2.0,The knowledge graph does not provide sufficient information to assess Drug-7's mechanistic plausibility for HNSCC.,0.875,1.875
1,Neoadj+adj HNSCC,drkg,kg,llama3.1:8b,1,8,C,4,0.25,0,0,1,1,,kg,conflicting,1.0,"Inhibits PDCD1, a checkpoint protein involved in cancer progression, but also targets other proteins with uncertain roles in Neoadj+adj HNSCC.",0.625,1.75
1,Juvenile idiopathic arthritis (EMA Feb 2026),drkg,kg,llama3.1:8b,0,8,E,1,1.0,1,1,1,1,,prior,insufficient,4.0,"Given its mechanism of inhibiting JAK1 and JAK2, Drug-7 may be effective in treating Juvenile Idiopathic Arthritis through suppression of cytokine signaling.",0.375,3.0
1,Juvenile idiopathic arthritis (EMA Feb 2026),drkg,kg,llama3.1:8b,1,8,A,3,0.3333333333333333,0,1,1,1,,kg,consistent,4.0,"Drug-7 inhibits JAK1 and JAK2, which are involved in the disease's inflammatory pathways.",0.75,2.125
1,"ALK+ solid tumors (tissue-agnostic, world-first)",drkg,kg,llama3.1:8b,0,8,E,1,1.0,1,1,1,1,,kg,consistent,5.0,"Drug-8 directly inhibits ALK, a key driver of ALK+ solid tumors.",0.875,2.75
1,"ALK+ solid tumors (tissue-agnostic, world-first)",drkg,kg,llama3.1:8b,1,8,H,1,1.0,1,1,1,1,,both,consistent,5.0,Drug-8's inhibition of ALK and targeting of EML4 directly implicate its potential in treating ALK+ solid tumors.,1.0,1.875
1,Ulcerative colitis,drkg,kg,llama3.1:8b,0,8,B,3,0.3333333333333333,0,1,1,1,,prior,insufficient,2.0,"IL12B is involved in inflammation, which is a key aspect of ulcerative colitis, making Drug-8 a plausible candidate.",0.75,2.375
1,Ulcerative colitis,drkg,kg,llama3.1:8b,1,8,H,1,1.0,1,1,1,1,,kg,consistent,4.0,"Drug-8 targets IL12B, which is associated with ulcerative colitis in the knowledge graph.",0.625,2.5
1,Advanced RCC after PD-1/PD-L1 + VEGF-TKI,drkg,kg,llama3.1:8b,0,8,B,1,1.0,1,1,1,1,,prior,insufficient,4.0,"Drug-8 targets EPAS1, which is not directly linked to RCC in the knowledge graph",0.875,2.125
1,Advanced RCC after PD-1/PD-L1 + VEGF-TKI,drkg,kg,llama3.1:8b,1,8,E,7,0.14285714285714285,0,0,0,1,,kg,insufficient,1.0,"Drug-8 targets EPAS1, but the relationship to RCC is unclear without more context or information about EPAS1's role in this disease.",0.875,1.75
1,Ulcerative colitis,drkg,kg,llama3.1:8b,0,8,B,1,1.0,1,1,1,1,,kg,consistent,5.0,"Drug-7 targets IL23A, which is implicated in the pathogenesis of Ulcerative Colitis.",1.0,3.125
1,Ulcerative colitis,drkg,kg,llama3.1:8b,1,8,E,1,1.0,1,1,1,1,,both,consistent,5.0,"Drug-7 targets IL23A, which is a key player in the pathogenesis of ulcerative colitis.",0.875,2.625
1,BRAF V600E metastatic NSCLC,drkg,kg,llama3.1:8b,0,8,C,6,0.16666666666666666,0,0,0,1,,kg,conflicting,1.0,"While Drug-8 targets several oncogenic proteins (e.g., KRAS, EGFR), its inhibition of BRAF is inconsistent with the disease's BRAF V600E mutation.",0.875,2.375
1,BRAF V600E metastatic NSCLC,drkg,kg,llama3.1:8b,1,8,A,1,1.0,1,1,1,1,,both,consistent,4.0,Drug-8 inhibits BRAF and has been shown to have anti-tumor effects in NSCLC.,0.75,2.0
1,Crohn's disease,drkg,kg,llama3.1:8b,0,8,B,1,1.0,1,1,1,1,,both,consistent,4.0,"Drug-8 targets JAK2, which is associated with Crohn's disease through gene TNFSF15.",0.75,2.125
1,Crohn's disease,drkg,kg,llama3.1:8b,1,8,H,6,0.16666666666666666,0,0,0,1,,kg,conflicting,2.0,"Inhibition of JAK1 and targeting of TYK2, but these mechanisms are more typically associated with autoimmune diseases.",0.75,3.0
1,dMMR/MSI-H primary advanced endometrial cancer,drkg,kg,llama3.1:8b,0,8,G,9,0.1111111111111111,0,0,0,1,,,,,,0.8,2.4
1,dMMR/MSI-H primary advanced endometrial cancer,drkg,kg,llama3.1:8b,1,8,F,6,0.16666666666666666,0,0,0,1,,prior,insufficient,5.0,There is not enough information to assess Drug-8's mechanistic plausibility for this disease.,0.75,3.625
1,IgG4-related disease,drkg,kg,llama3.1:8b,0,8,E,6,0.16666666666666666,0,0,0,1,,prior,insufficient,5.0,"Without provided evidence, my prior knowledge does not indicate a strong connection between Drug-7 and IgG4-related disease.",0.75,2.75
1,IgG4-related disease,drkg,kg,llama3.1:8b,1,8,B,6,0.16666666666666666,0,0,0,1,,kg,insufficient,1.0,No relevant evidence was found for Drug-7's potential impact on IgG4-related disease.,0.875,2.25
1,Ph+ CML-CP frontline (EMA Feb 2026),drkg,kg,llama3.1:8b,0,8,D,1,1.0,1,1,1,1,,prior,insufficient,5.0,"Given its direct targeting of ABL1, Drug-8 is the most plausible candidate based on prior knowledge",0.875,2.75
1,Ph+ CML-CP frontline (EMA Feb 2026),drkg,kg,llama3.1:8b,1,8,A,1,1.0,1,1,1,1,,kg,consistent,4.0,"Drug-8 targets ABL1, a key driver in Ph+ CML-CP.",0.875,1.875
1,EGPA,drkg,kg,llama3.1:8b,0,8,D,1,1.0,1,1,1,1,,both,consistent,4.0,"Drug-1 targets MS4A2, which is involved in immune responses and could be relevant to EGPA's immunological aspects.",0.875,2.125
1,EGPA,drkg,kg,llama3.1:8b,1,8,A,1,1.0,1,1,1,1,,prior,consistent,5.0,"Drug-1 targets MS4A2, which is related to IL10, a gene associated with EGPA.",0.875,2.875
1,Biliary tract cancer,drkg,kg,llama3.1:8b,0,8,G,7,0.14285714285714285,0,0,0,1,,kg,insufficient,1.0,"Drug-8's target profile is primarily related to immune function and DNA repair, which may not directly relate to biliary tract cancer",0.5,2.75
1,Biliary tract cancer,drkg,kg,llama3.1:8b,1,8,B,5,0.2,0,0,1,1,,prior,insufficient,3.0,"The targets associated with Drug-8 are mostly related to DNA repair and mismatch repair pathways, which don't have a clear connection to Biliary tract cancer.",0.125,3.0
1,COPD,drkg,kg,llama3.1:8b,0,8,A,3,0.3333333333333333,0,1,1,1,,prior,insufficient,2.0,The KG provides no direct evidence for COPD,0.75,2.75
1,COPD,drkg,kg,llama3.1:8b,1,8,F,5,0.2,0,0,1,1,,kg,insufficient,2.0,"Drug-8's mechanism involves IL4R inhibition, which may be relevant for COPD; however, there is limited evidence in the knowledge graph.",1.0,2.125
1,Primary mediastinal large B-cell lymphoma,drkg,kg,llama3.1:8b,0,8,G,1,1.0,1,1,1,1,,kg,consistent,5.0,"Drug-7 targets MSH2, a key DNA mismatch repair gene involved in lymphoma development.",0.875,2.625
1,Primary mediastinal large B-cell lymphoma,drkg,kg,llama3.1:8b,1,8,D,1,1.0,1,1,1,1,,prior,insufficient,3.0,No direct evidence in the knowledge graph linking these candidates to Primary mediastinal large B-cell lymphoma.,0.75,2.75
1,CRSwNP (eosinophilic chronic rhinosinusitis with nasal polyps),drkg,kg,llama3.1:8b,0,8,B,7,0.14285714285714285,0,0,0,1,,kg,insufficient,2.0,"Drug-4's targets are primarily related to transcriptional regulation and DNA replication, which do not directly relate to CRSwNP.",1.0,2.375
1,CRSwNP (eosinophilic chronic rhinosinusitis with nasal polyps),drkg,kg,llama3.1:8b,1,8,D,7,0.14285714285714285,0,0,0,1,,prior,insufficient,1.0,There is insufficient information to assess Drug-8's potential for treating CRSwNP.,0.75,2.125
1,RAS wild-type HER2+ metastatic colorectal cancer,drkg,kg,llama3.1:8b,0,8,D,2,0.5,0,1,1,1,,kg,consistent,5.0,"Drug-7 targets ERBB2, which is an established target in HER2+ cancers.",0.625,3.0
1,RAS wild-type HER2+ metastatic colorectal cancer,drkg,kg,llama3.1:8b,1,8,C,1,1.0,1,1,1,1,,kg,consistent,5.0,"Drug-7 targets ERBB2, which is a known oncogene in HER2+ cancers.",0.625,2.375
1,Schnitzler syndrome (Japan),drkg,kg,llama3.1:8b,0,8,C,1,1.0,1,1,1,1,,kg,consistent,5.0,"Drug-8 inhibits IL1B, a gene associated with Schnitzler syndrome (Japan).",0.375,3.25
1,Schnitzler syndrome (Japan),drkg,kg,llama3.1:8b,1,8,F,2,0.5,0,1,1,1,,kg,consistent,4.0,Direct inhibition of IL1B is a plausible mechanism for treating Schnitzler syndrome,0.875,2.875
1,HR+/HER2- breast cancer,drkg,kg,llama3.1:8b,0,8,A,4,0.25,0,0,1,1,,prior,insufficient,3.0,"While I am uncertain about the specific mechanisms involved, Drug-8 may interact with pathways relevant to HR+/HER2- breast cancer through its target(s).",0.875,2.5
1,HR+/HER2- breast cancer,drkg,kg,llama3.1:8b,1,8,H,8,0.125,0,0,0,1,,prior,insufficient,1.0,"No information is provided for Drug-8, making it difficult to assess its mechanistic plausibility",0.625,2.5
1,Psoriasis in children 6-11 (cream),drkg,kg,llama3.1:8b,0,8,E,1,1.0,1,1,1,1,,both,consistent,5.0,"Drug-5 inhibits TNF, which is upregulated in Psoriasis.",0.875,3.0
1,Psoriasis in children 6-11 (cream),drkg,kg,llama3.1:8b,1,8,H,8,0.125,0,0,0,1,,kg,insufficient,1.0,The provided evidence for Drug-5 does not directly relate to psoriasis in children.,0.75,2.125
1,Resectable gastric/GEJ adenocarcinoma (neoadj+adj +FLOT),drkg,kg,llama3.1:8b,0,8,F,7,0.14285714285714285,0,0,0,1,,both,conflicting,1.0,Targeting CD274 and CD80 may not be directly relevant to gastric/GEJ adenocarcinoma treatment.,0.5,2.75
1,Resectable gastric/GEJ adenocarcinoma (neoadj+adj +FLOT),drkg,kg,llama3.1:8b,1,8,F,3,0.3333333333333333,0,1,1,1,,kg,consistent,4.0,"Drug-6 targets CD274 and CD80, which are both involved in immune responses and could potentially impact cancer treatment.",0.75,2.625
1,COPD (EMA 2025),drkg,kg,llama3.1:8b,0,8,F,4,0.25,0,0,1,1,,kg,insufficient,2.0,"Drug-7 targets IL4R, but there is no direct connection to COPD's gene expression profile in the knowledge graph.",1.0,2.125
1,COPD (EMA 2025),drkg,kg,llama3.1:8b,1,8,C,5,0.2,0,0,1,1,,kg,insufficient,2.0,"The KG shows that Drug-3 targets GABRQ and inhibits GABRA1, but these are not clearly related to COPD.",1.0,2.75
1,Ph+ CML-CP after 2+ TKIs,drkg,kg,llama3.1:8b,0,8,F,1,1.0,1,1,1,1,,kg,consistent,4.0,"Drug-8 directly targets ABL1, a key driver in CML-CP.",0.875,2.0
1,Ph+ CML-CP after 2+ TKIs,drkg,kg,llama3.1:8b,1,8,H,1,1.0,1,1,1,1,,kg,consistent,5.0,"Drug-8 targets ABL1, a key tyrosine kinase in CML",0.8571428571428571,2.4285714285714284
1,IgE-mediated food allergy,drkg,kg,llama3.1:8b,0,8,G,1,1.0,1,1,1,1,,kg,consistent,5.0,"Drug-1 inhibits IGHE, which is directly associated with IgE-mediated food allergy.",0.25,2.125
1,IgE-mediated food allergy,drkg,kg,llama3.1:8b,1,8,A,1,1.0,1,1,1,1,,both,consistent,5.0,"Drug-1 inhibits IGHE, a gene associated with IgE-mediated food allergy, making it the top candidate.",0.875,2.375
1,BRAF+ thyroid cancer,drkg,kg,llama3.1:8b,0,8,F,2,0.5,0,1,1,1,,both,consistent,3.0,"Drug-8 has multiple targets related to MAPK signaling, which is implicated in BRAF+ thyroid cancer.",1.0,2.0
1,BRAF+ thyroid cancer,drkg,kg,llama3.1:8b,1,8,G,1,1.0,1,1,1,1,,prior,insufficient,5.0,Drug-8's inhibition of MAP2K1/2 is consistent with targeting the MAPK pathway.,0.75,3.0
1,Primary immunodeficiency pediatric (EMA),drkg,kg,llama3.1:8b,0,8,H,1,1.0,1,1,1,1,,prior,insufficient,5.0,"As an immunomodulator targeting Fc receptors, Drug-1 has a plausible mechanism for addressing primary immunodeficiency.",0.75,2.75
1,Primary immunodeficiency pediatric (EMA),drkg,kg,llama3.1:8b,1,8,F,1,1.0,1,1,1,1,,both,consistent,5.0,"Drug-1 targets FCGR2C and other Fc receptors, which are often involved in immune deficiencies.",0.875,2.875
1,Biliary tract cancer 1L,drkg,kg,llama3.1:8b,0,8,C,7,0.14285714285714285,0,0,0,1,,kg,insufficient,1.0,The knowledge graph provides no direct evidence linking Drug-8 to Biliary tract cancer 1L; its targeting of CD274 and CD80 may be unrelated.,0.875,1.75
1,Biliary tract cancer 1L,drkg,kg,llama3.1:8b,1,8,C,4,0.25,0,0,1,1,,kg,insufficient,2.0,"The CD274 and CD80 targets seem unrelated to Biliary tract cancer, but I could not rule out any potential indirect effects based on general knowledge.",0.875,2.0
1,Polymyalgia rheumatica,drkg,kg,llama3.1:8b,0,8,E,5,0.2,0,0,1,1,,prior,insufficient,2.0,"Based on pharmacological knowledge of similar disease mechanisms, Drug-8 targets (FCGR2B, FCGR3B) are not directly related to inflammation or immune response in polymyalgia rheumatica.",0.75,2.0
1,Polymyalgia rheumatica,drkg,kg,llama3.1:8b,1,8,A,3,0.3333333333333333,0,1,1,1,,prior,consistent,4.0,"Drug-8 targets IL6R, which is related to the known genetic associations of Polymyalgia rheumatica.",0.375,3.5
1,Chronic lymphocytic leukemia,drkg,kg,llama3.1:8b,0,8,C,3,0.3333333333333333,0,1,1,1,,kg,consistent,4.0,"Drug-8 targets several tyrosine kinases involved in cell signaling, which may be relevant to the disease's molecular mechanisms.",1.0,2.75
1,Chronic lymphocytic leukemia,drkg,kg,llama3.1:8b,1,8,C,1,1.0,1,1,1,1,,both,consistent,4.0,"Drug-8 targets several kinases involved in cell signaling pathways, which are often dysregulated in cancer",0.75,2.125
1,"Crohn's disease (moderate-severe, refractory)",drkg,kg,llama3.1:8b,0,8,C,1,1.0,1,1,1,1,,kg,consistent,4.0,"Drug-6 targets IL23A, which is involved in the inflammatory response associated with Crohn's disease.",1.0,2.25
1,"Crohn's disease (moderate-severe, refractory)",drkg,kg,llama3.1:8b,1,8,B,1,1.0,1,1,1,1,,kg,consistent,4.0,"Drug-6 targets IL23A, which is a key driver of inflammation in Crohn's disease.",0.875,1.75
1,HER2-mutant NSCLC (EMA),drkg,kg,llama3.1:8b,0,8,H,5,0.2,0,0,1,1,,kg,conflicting,2.0,"The KG reports that Drug-8 targets FCGR1A and TOP1, but this evidence is inconsistent with known facts about the role of these targets in cancer treatment.",0.75,2.5
1,HER2-mutant NSCLC (EMA),drkg,kg,llama3.1:8b,1,8,D,3,0.3333333333333333,0,1,1,1,,kg,insufficient,1.0,"The knowledge graph reports that Drug-8 targets FCGR1A and TOP1, but these associations are not directly related to HER2-mutant NSCLC.",1.0,1.625
1,Giant cell arteritis,drkg,kg,llama3.1:8b,0,8,H,8,0.125,0,0,0,1,,uncertain,insufficient,1.0,No information provided,0.375,1.875
1,Giant cell arteritis,drkg,kg,llama3.1:8b,1,8,A,1,1.0,1,1,1,1,,both,consistent,4.0,"Drug-8 targets JAK1 and TYK2, which are involved in inflammation pathways associated with Giant cell arteritis",0.7142857142857143,3.2857142857142856
1,First-line anemia in lower-risk MDS,drkg,kg,llama3.1:8b,0,8,E,7,0.14285714285714285,0,0,0,1,,prior,insufficient,1.0,No relevant evidence available,0.5,2.875
1,First-line anemia in lower-risk MDS,drkg,kg,llama3.1:8b,1,8,B,5,0.2,0,0,1,1,,kg,insufficient,1.0,"The knowledge graph only provides evidence that Drug-8 inhibits ACLY, which may not be directly relevant to the target disease.",0.75,2.0
1,GVHD + pediatric,drkg,kg,llama3.1:8b,0,8,G,7,0.14285714285714285,0,0,0,1,,kg,conflicting,1.0,"Drug-6 has a broad target profile, but its relevance to GVHD + pediatric is unclear and may conflict with other evidence.",0.5,2.375
1,GVHD + pediatric,drkg,kg,llama3.1:8b,1,8,B,7,0.14285714285714285,0,0,0,1,,kg,insufficient,1.0,The regulation of various targets by Drug-6 does not provide a clear connection to GVHD + pediatric.,0.75,1.875
1,MSI-H/dMMR solid tumors (full approval conversion),drkg,kg,llama3.1:8b,0,8,G,1,1.0,1,1,1,1,,kg,consistent,4.0,"Drug-7 targets multiple DNA mismatch repair proteins (PMS2, MSH3, ALK, CD274, PDCD1, POLE) that are frequently mutated in MSI-H/dMMR solid tumors.",0.75,2.5
1,MSI-H/dMMR solid tumors (full approval conversion),drkg,kg,llama3.1:8b,1,8,H,1,1.0,1,1,1,1,,both,consistent,5.0,"Drug-7 targets multiple mismatch repair proteins (MSH2, MSH6), which are key to MSI-H/dMMR solid tumors.",0.875,2.0
1,Antibody-mediated rejection in organ transplantation,drkg,kg,llama3.1:8b,0,8,E,5,0.2,0,0,1,1,,prior,insufficient,2.0,Based on prior knowledge of ABCB1 inhibition and its potential immunosuppressive effects.,0.75,3.625
1,Antibody-mediated rejection in organ transplantation,drkg,kg,llama3.1:8b,1,8,H,7,0.14285714285714285,0,0,0,1,,kg,insufficient,1.0,"While Drug-1 has some mechanistic links, these are limited and do not provide clear evidence of relevance to antibody-mediated rejection.",0.875,1.875
1,Pancreatic NET,drkg,kg,llama3.1:8b,0,8,D,2,0.5,0,1,1,1,,prior,insufficient,3.0,"Drug-7 targets multiple tyrosine kinases involved in cell growth and proliferation, which are relevant pathways for Pancreatic NET treatment.",0.75,1.875
1,Pancreatic NET,drkg,kg,llama3.1:8b,1,8,B,1,1.0,1,1,1,1,,both,consistent,5.0,"Drug-7 targets multiple kinases involved in tumor growth and angiogenesis, which are relevant to Pancreatic NET.",0.75,2.5
1,Follicular lymphoma (+obinutuzumab),drkg,kg,llama3.1:8b,0,8,D,3,0.3333333333333333,0,1,1,1,,kg,insufficient,2.0,The targets of Drug-8 (BMX to FGR) are primarily kinases involved in immune cell signaling; the KG evidence does not strongly link these targets to lymphoma.,0.875,2.25
1,Follicular lymphoma (+obinutuzumab),drkg,kg,llama3.1:8b,1,8,C,5,0.2,0,0,1,1,,kg,insufficient,2.0,"Multiple kinase targets for Drug-8 are listed, but none are directly linked to the disease's pathophysiology.",1.0,2.0
1,HR+/HER2- node-positive high-risk early breast cancer,drkg,kg,llama3.1:8b,0,8,D,2,0.5,0,1,1,1,,kg,consistent,3.0,Drug-8's targets are related to cell cycle regulation and proliferation in breast cancer,0.875,1.75
1,HR+/HER2- node-positive high-risk early breast cancer,drkg,kg,llama3.1:8b,1,8,E,1,1.0,1,1,1,1,,both,consistent,4.0,"Drug-8's inhibition of CDK4/6 and targeting of CCND2, CCND3, and CDKN2A suggests strong mechanistic plausibility for HR+/HER2- node-positive high-risk early breast cancer.",0.875,1.875
1,BRAF+ thyroid cancer,drkg,kg,llama3.1:8b,0,8,D,1,1.0,1,1,1,1,,both,consistent,5.0,"Drug-6 directly inhibits BRAF, a key driver in BRAF+ thyroid cancer.",0.5,2.75
1,BRAF+ thyroid cancer,drkg,kg,llama3.1:8b,1,8,E,1,1.0,1,1,1,1,,both,consistent,5.0,"Drug-6 directly inhibits BRAF, a key driver in BRAF+ thyroid cancer.",0.5,1.875
1,HER2+ solid tumors (tumor-agnostic),drkg,kg,llama3.1:8b,0,8,B,6,0.16666666666666666,0,0,0,1,,kg,insufficient,3.0,Drug-8's targets FCGR1A and TOP1 lack direct relevance to HER2+ tumors.,0.75,3.0
1,HER2+ solid tumors (tumor-agnostic),drkg,kg,llama3.1:8b,1,8,G,5,0.2,0,0,1,1,,kg,conflicting,1.0,Drug-8's targets FCGR1A and TOP1 are not directly linked to HER2+ solid tumors in the knowledge graph.,0.5,2.5
1,"mCRC BRAF V600E (traditional approval, was accelerated)",drkg,kg,llama3.1:8b,0,8,B,1,1.0,1,1,1,1,,both,consistent,4.0,"Drug-7 directly inhibits BRAF V600E, which is a key target in mCRC with this mutation.",0.875,1.875
1,"mCRC BRAF V600E (traditional approval, was accelerated)",drkg,kg,llama3.1:8b,1,8,F,7,0.14285714285714285,0,0,0,1,,kg,insufficient,1.0,"Drug-3's targets (e.g., NPY) are not directly related to BRAF V600E or mCRC.",1.0,2.375
1,"Pediatric low-grade glioma (+dabrafenib, BRAF V600E)",drkg,kg,llama3.1:8b,0,8,D,1,1.0,1,1,1,1,,both,consistent,5.0,"Drug-7 targets several genes involved in MAPK signaling pathway, which is implicated in glioma development and progression.",0.375,2.25
1,"Pediatric low-grade glioma (+dabrafenib, BRAF V600E)",drkg,kg,llama3.1:8b,1,8,C,2,0.5,0,1,1,1,,both,consistent,4.0,"The KG shows Drug-7's inhibition of MAPK pathway kinases, which are often mutated in pediatric low-grade glioma; this is consistent with prior knowledge that targeted therapy against these mutations is effective.",0.625,2.25
1,HR+/HER2- metastatic breast cancer,drkg,kg,llama3.1:8b,0,8,H,8,0.125,0,0,0,1,,kg,insufficient,1.0,No information is available for Drug-8 regarding its mechanistic links to the target disease.,0.875,2.375
1,HR+/HER2- metastatic breast cancer,drkg,kg,llama3.1:8b,1,8,E,3,0.3333333333333333,0,1,1,1,,prior,insufficient,1.0,"No evidence was provided for Drug-8, making it difficult to assess its mechanistic plausibility.",0.5,2.625
1,1L biliary tract cancer (+gemcitabine+cisplatin),drkg,kg,llama3.1:8b,0,8,G,6,0.16666666666666666,0,0,0,1,,prior,insufficient,5.0,Inhibiting POLE and other DNA repair enzymes could impact cancer cell viability.,0.375,2.875
1,1L biliary tract cancer (+gemcitabine+cisplatin),drkg,kg,llama3.1:8b,1,8,B,5,0.2,0,0,1,1,,kg,conflicting,4.0,"While Drug-5 targets several genes, including POLE and MLH1, which are associated with biliary tract cancer, it also targets MSH3 and PMS2, which are not directly related to this disease.",0.875,2.25
1,RET-fusion NSCLC (expanded),drkg,kg,llama3.1:8b,0,8,F,7,0.14285714285714285,0,0,0,1,,prior,insufficient,5.0,Lack of provided information makes it impossible to assess its mechanistic plausibility.,0.75,2.625
1,RET-fusion NSCLC (expanded),drkg,kg,llama3.1:8b,1,8,D,3,0.3333333333333333,0,1,1,1,,prior,insufficient,4.0,"There is limited information on Drug-8, making it difficult to assess its mechanistic plausibility.",0.75,3.0
1,HR+/HER2- metastatic breast cancer,drkg,kg,llama3.1:8b,0,8,G,2,0.5,0,1,1,1,,kg,consistent,3.0,"Drug-7 has evidence of PARP inhibition, a mechanism implicated in HR+/HER2- metastatic breast cancer",1.0,1.75
1,HR+/HER2- metastatic breast cancer,drkg,kg,llama3.1:8b,1,8,E,1,1.0,1,1,1,1,,both,consistent,5.0,"Drug-7 targets multiple DNA damage response proteins (PARP2, PARP1, BRCA2, BRCA1), which are implicated in HR+/HER2- breast cancer.",0.75,2.625
1,Pheochromocytoma/paraganglioma,drkg,kg,llama3.1:8b,0,8,F,4,0.25,0,0,1,1,,prior,insufficient,3.0,"Based on prior knowledge, Drug-8's target EPAS1 is involved in hypoxia response pathways, which may be relevant to pheochromocytoma/paraganglioma.",0.625,2.75
1,Pheochromocytoma/paraganglioma,drkg,kg,llama3.1:8b,1,8,G,7,0.14285714285714285,0,0,0,1,,kg,insufficient,2.0,"The target of Drug-8 (EPAS1) is associated with pheochromocytoma/paraganglioma, but there is limited mechanistic information.",0.875,2.625
1,Gastric/GEJ adenocarcinoma (1L +chemo),drkg,kg,llama3.1:8b,0,8,B,5,0.2,0,0,1,1,,kg,insufficient,3.0,The KG reports CD274 and CD80 as targets for Drug-7 but does not provide direct connections to gastric adenocarcinoma.,0.75,2.875
1,Gastric/GEJ adenocarcinoma (1L +chemo),drkg,kg,llama3.1:8b,1,8,F,4,0.25,0,0,1,1,,kg,insufficient,2.0,Drug-7's targets CD274 and CD80 are more related to immune response than directly to Gastric/GEJ adenocarcinoma.,0.75,2.25
1,Metastatic colorectal cancer,drkg,kg,llama3.1:8b,0,8,H,8,0.125,0,0,0,1,,kg,insufficient,1.0,The KG evidence does not strongly support the use of Drug-1 as a candidate for repurposing.,0.75,2.75
1,Metastatic colorectal cancer,drkg,kg,llama3.1:8b,1,8,C,5,0.2,0,0,1,1,,kg,conflicting,3.0,"Drug-1 targets TP53 and inhibits ABCC8, but its primary targets are not strongly linked to metastatic colorectal cancer; there is conflicting evidence regarding its efficacy.",1.0,2.375
1,Gastric/GEJ adenocarcinoma,drkg,kg,llama3.1:8b,0,8,D,6,0.16666666666666666,0,0,0,1,,kg,insufficient,1.0,The provided evidence does not clearly link Drug-7 to gastric/GEJ adenocarcinoma pathways.,1.0,1.75
1,Gastric/GEJ adenocarcinoma,drkg,kg,llama3.1:8b,1,8,C,3,0.3333333333333333,0,1,1,1,,kg,consistent,2.0,"Drug-7 targets CD274 and CD80, which are involved in immune regulation and have been implicated in cancer immunosurveillance.",0.5,2.0
1,Urothelial carcinoma (expanded population),drkg,kg,llama3.1:8b,0,8,D,2,0.5,0,1,1,1,,both,consistent,4.0,Drug-8's targeting of NECTIN4 is plausible given its role in cell adhesion and the potential impact on urothelial carcinoma cell proliferation.,1.0,2.875
1,Urothelial carcinoma (expanded population),drkg,kg,llama3.1:8b,1,8,G,7,0.14285714285714285,0,0,0,1,,kg,insufficient,1.0,The sole target of Drug-8 (NECTIN4) is not strongly implicated in urothelial carcinoma.,1.0,2.5
1,HER2+ early-stage BC (neoadjuvant + adjuvant),drkg,kg,llama3.1:8b,0,8,B,1,1.0,1,1,1,1,,both,consistent,5.0,Drug-8's inhibition of TOP1 and FCGR1A targets are relevant to HER2+ BC treatment,0.75,3.0
1,HER2+ early-stage BC (neoadjuvant + adjuvant),drkg,kg,llama3.1:8b,1,8,A,6,0.16666666666666666,0,0,0,1,,prior,insufficient,1.0,"The knowledge graph reports interactions between Drug-8 and FCGR1A and TOP1, but these associations are not clearly relevant to HER2+ BC.",0.625,2.125
1,Pediatric BRAF V600E low-grade glioma,drkg,kg,llama3.1:8b,0,8,E,1,1.0,1,1,1,1,,both,consistent,5.0,"Drug-5 directly inhibits BRAF, a key target in this disease.",0.625,2.375
1,Pediatric BRAF V600E low-grade glioma,drkg,kg,llama3.1:8b,1,8,F,1,1.0,1,1,1,1,,both,consistent,5.0,"Drug-5 inhibits BRAF, which is the primary driver mutation in this disease.",1.0,2.0
1,HR+/HER2- early breast cancer (adjuvant),drkg,kg,llama3.1:8b,0,8,C,1,1.0,1,1,1,1,,kg,consistent,5.0,"Drug-6 targets CCND2, which is a known driver in breast cancer, and inhibits CDK4/CDK6, making it a strong candidate.",0.75,2.5
1,HR+/HER2- early breast cancer (adjuvant),drkg,kg,llama3.1:8b,1,8,B,1,1.0,1,1,1,1,,kg,consistent,5.0,"Drug-6 targets RB1 and CDK4/CDK6, which are relevant to breast cancer progression.",0.625,2.875
1,HR+/HER2-low breast cancer,drkg,kg,llama3.1:8b,0,8,C,6,0.16666666666666666,0,0,0,1,,kg,insufficient,1.0,"The knowledge graph only shows Drug-8's inhibition of TOP1 and FCGR1A, but no direct connection to HR+/HER2-low breast cancer.",0.875,2.25
1,HR+/HER2-low breast cancer,drkg,kg,llama3.1:8b,1,8,A,8,0.125,0,0,0,1,,kg,insufficient,3.0,No clear connections between Drug-8's targets and HR+/HER2-low breast cancer in the knowledge graph; pharmacological knowledge suggests it's unlikely to be effective against this disease.,0.75,3.0
1,Platinum-resistant ovarian carcinoma (PD-L1+ CPS≥1),drkg,kg,llama3.1:8b,0,8,G,3,0.3333333333333333,0,1,1,1,,both,insufficient,2.0,The knowledge graph provides no mechanistic links for Drug-7 and Drug-6's evidence is mostly related to other diseases,0.75,1.75
1,Platinum-resistant ovarian carcinoma (PD-L1+ CPS≥1),drkg,kg,llama3.1:8b,1,8,F,5,0.2,0,0,1,1,,prior,insufficient,3.0,No direct connections to PD-L1+ CPS≥1 or relevant pathways in the knowledge graph,0.7142857142857143,3.142857142857143
1,TRD monotherapy,biokg,kg,llama3.1:8b,0,8,D,8,0.125,0,0,0,1,,kg,insufficient,1.0,No evidence was provided for this candidate.,0.75,1.875
1,TRD monotherapy,biokg,kg,llama3.1:8b,1,8,F,5,0.2,0,0,1,1,,kg,insufficient,1.0,"The knowledge graph provides no direct evidence linking Drug-7 to TRD monotherapy, and its targets are not clearly related to the disease.",0.875,1.75
1,ILD-associated pulmonary hypertension,biokg,kg,llama3.1:8b,0,8,D,8,0.125,0,0,0,1,,kg,insufficient,2.0,"Drug-1 targets PPARD, but there is no direct link to ILD-associated pulmonary hypertension",0.875,2.125
1,ILD-associated pulmonary hypertension,biokg,kg,llama3.1:8b,1,8,A,4,0.25,0,0,1,1,,kg,insufficient,3.0,No clear connections to the associated genes in ILD-associated pulmonary hypertension were found.,0.875,3.125
1,Indolent systemic mastocytosis (EMA),biokg,kg,llama3.1:8b,0,8,H,3,0.3333333333333333,0,1,1,1,,kg,insufficient,2.0,"The knowledge graph links Drug-8 to KIT, but this is uncertain given the sparse evidence and conflicting associations.",0.875,2.5
1,Indolent systemic mastocytosis (EMA),biokg,kg,llama3.1:8b,1,8,D,1,1.0,1,1,1,1,,both,consistent,4.0,"Drug-8 targets KIT, which is a known driver of indolent systemic mastocytosis.",0.75,1.75
1,Hidradenitis suppurativa,biokg,kg,llama3.1:8b,0,8,H,1,1.0,1,1,1,1,,both,consistent,4.0,"Drug-7 targets IL17, which is related to NOD2, a gene associated with Hidradenitis suppurativa.",0.75,2.25
1,Hidradenitis suppurativa,biokg,kg,llama3.1:8b,1,8,A,2,0.5,0,1,1,1,,both,consistent,4.0,"Drug-7 targets IL17, which is relevant to the disease's immune component",0.625,3.25
1,Chronic hepatitis B (pediatric),biokg,kg,llama3.1:8b,0,8,F,8,0.125,0,0,0,1,,kg,insufficient,1.0,KG reports multiple targets but no direct associations with Hepatitis B,0.625,2.0
1,Chronic hepatitis B (pediatric),biokg,kg,llama3.1:8b,1,8,F,2,0.5,0,1,1,1,,kg,insufficient,3.0,"Drug-6 targets MRP4 and ALBU (also targeted by Drug-1), but these associations are unclear in the context of pediatric Chronic hepatitis B.",0.625,2.125
1,HoFH pediatric (EMA),biokg,kg,llama3.1:8b,0,8,B,3,0.3333333333333333,0,1,1,1,,prior,insufficient,5.0,No relevant targets or associations mentioned in the knowledge graph.,0.625,2.75
1,HoFH pediatric (EMA),biokg,kg,llama3.1:8b,1,8,G,7,0.14285714285714285,0,0,0,1,,prior,insufficient,1.0,No relevant information is available for Drug-8 in the given context.,0.5,2.0
1,Nephrotic syndrome,biokg,kg,llama3.1:8b,0,8,C,2,0.5,0,1,1,1,,prior,insufficient,4.0,Targeting CD20 is not a plausible mechanism for treating nephrotic syndrome.,0.625,2.5
1,Nephrotic syndrome,biokg,kg,llama3.1:8b,1,8,D,6,0.16666666666666666,0,0,0,1,,kg,insufficient,1.0,"The knowledge graph only mentions Drug-1's association with CD20, which is not directly related to Nephrotic syndrome.",0.625,1.75
1,Follicular lymphoma,biokg,kg,llama3.1:8b,0,8,G,7,0.14285714285714285,0,0,0,1,,kg,insufficient,3.0,No clear connections to disease-associated genes or relevant pathways,0.75,3.0
1,Follicular lymphoma,biokg,kg,llama3.1:8b,1,8,E,3,0.3333333333333333,0,1,1,1,,prior,insufficient,2.0,Lack of direct evidence makes it difficult to assess Drug-8's mechanistic plausibility for Follicular lymphoma.,0.5,2.0
1,Retinal vein occlusion,biokg,kg,llama3.1:8b,0,8,H,8,0.125,0,0,0,1,,,,,,0.8571428571428571,2.857142857142857
1,Retinal vein occlusion,biokg,kg,llama3.1:8b,1,8,H,8,0.125,0,0,0,1,,prior,insufficient,1.0,"No evidence is available for Drug-8, making it difficult to assess its relevance to retinal vein occlusion.",0.875,2.75
1,Agitation associated with Alzheimer's dementia,biokg,kg,llama3.1:8b,0,8,D,1,1.0,1,1,1,1,,both,consistent,4.0,"Drug-2 targets genes involved in N-Metyl-D-aspartic acid receptor antagonists and Alzheimer disease pathways, which are related to the target disease.",0.875,1.75
1,Agitation associated with Alzheimer's dementia,biokg,kg,llama3.1:8b,1,8,D,1,1.0,1,1,1,1,,both,consistent,4.0,"Drug-2 modulates the N-Metyl-D-aspartic acid receptor antagonists pathway, which is relevant to Alzheimer's disease.",0.75,2.0
1,High LDL-C with increased CV risk (expanded),biokg,kg,llama3.1:8b,0,8,C,7,0.14285714285714285,0,0,0,1,,kg,insufficient,1.0,No relevant evidence in the knowledge graph for Drug-8.,0.625,2.75
1,High LDL-C with increased CV risk (expanded),biokg,kg,llama3.1:8b,1,8,H,8,0.125,0,0,0,1,,prior,insufficient,1.0,"No information is available for Drug-8, and its mechanistic plausibility cannot be assessed.",0.875,1.875
1,Indolent systemic mastocytosis,biokg,kg,llama3.1:8b,0,8,H,1,1.0,1,1,1,1,,both,consistent,4.0,"Drug-8 targets KIT, a key driver mutation in mastocytosis",0.625,2.625
1,Indolent systemic mastocytosis,biokg,kg,llama3.1:8b,1,8,C,6,0.16666666666666666,0,0,0,1,,kg,conflicting,1.0,Targeting ABCG2 and CP3A4 does not directly relate to mast cell biology.,0.75,1.875
1,EGPA (expanded),biokg,kg,llama3.1:8b,0,8,C,3,0.3333333333333333,0,1,1,1,,kg,insufficient,3.0,"Drug-7 targets IL5RA and FCG3A; however, there's no clear evidence linking these to EGPA.",1.0,2.75
1,EGPA (expanded),biokg,kg,llama3.1:8b,1,8,F,1,1.0,1,1,1,1,,both,consistent,5.0,"Drug-7 targets IL5RA, which is related to the EGPA-associated gene IL10.",0.75,3.25
1,COVID-19 (expanded population),biokg,kg,llama3.1:8b,0,8,H,5,0.2,0,0,1,1,,kg,insufficient,2.0,"MRP4 and MDR1 targets are not directly related to COVID-19, but ABCBB inhibition has been explored as a potential therapeutic strategy.",0.875,2.125
1,COVID-19 (expanded population),biokg,kg,llama3.1:8b,1,8,C,2,0.5,0,1,1,1,,kg,consistent,4.0,"Drug-8 targets several transporters, including MRP4 and NTCP, which could affect SARS-CoV-2 entry into host cells.",0.75,2.25
1,Obstructive sleep apnea with obesity,biokg,kg,llama3.1:8b,0,8,C,4,0.25,0,0,1,1,,kg,insufficient,2.0,"The targets (CP2J2, SC6A4) of Drug-5 are not directly related to the disease in the knowledge graph. Without further context or evidence, it's uncertain whether this candidate is mechanistically plausible.",0.875,2.25
1,Obstructive sleep apnea with obesity,biokg,kg,llama3.1:8b,1,8,C,6,0.16666666666666666,0,0,0,1,,kg,insufficient,2.0,Drug-6 targets genes/proteins not clearly related to the disease,0.75,2.75
1,KRAS G12C+ mCRC,biokg,kg,llama3.1:8b,0,8,H,8,0.125,0,0,0,1,,kg,consistent,2.0,"Drug-8 targets RASK, which has a link to KRAS signaling pathways in some contexts.",0.75,2.875
1,KRAS G12C+ mCRC,biokg,kg,llama3.1:8b,1,8,C,8,0.125,0,0,0,1,,kg,conflicting,2.0,Drug-3 has a complex profile with multiple targets and pathways not directly related to KRAS G12C+ mCRC.,0.75,2.375
1,Diabetic retinopathy/DME (EMA Mar+May 2026),biokg,kg,llama3.1:8b,0,8,G,7,0.14285714285714285,0,0,0,1,,prior,insufficient,1.0,No relevant evidence is available for Drug-6.,0.125,2.125
1,Diabetic retinopathy/DME (EMA Mar+May 2026),biokg,kg,llama3.1:8b,1,8,B,7,0.14285714285714285,0,0,0,1,,kg,insufficient,2.0,The knowledge graph does not provide sufficient evidence to judge Drug-8's mechanistic plausibility for Diabetic Retinopathy/DME.,1.0,2.5
1,Chorea associated with Huntington's disease,biokg,kg,llama3.1:8b,0,8,B,4,0.25,0,0,1,1,,prior,insufficient,1.0,"There is no known association between the targets of Drug-8 (CP3A5, CP2D6, and CP3A4) and Chorea associated with Huntington's disease.",0.75,1.875
1,Chorea associated with Huntington's disease,biokg,kg,llama3.1:8b,1,8,H,7,0.14285714285714285,0,0,0,1,,kg,conflicting,2.0,"Drug-8 targets CP3A4 and CP3A5, which are involved in the metabolism of various drugs.",0.875,3.0
1,Heart failure (broadened),biokg,kg,llama3.1:8b,0,8,A,7,0.14285714285714285,0,0,0,1,,kg,insufficient,2.0,Modulating the antidiabetics pathway does not directly relate to heart failure; its targets are mostly related to metabolic regulation.,0.625,2.75
1,Heart failure (broadened),biokg,kg,llama3.1:8b,1,8,B,7,0.14285714285714285,0,0,0,1,,prior,insufficient,2.0,"Drug-8 targets various transporters, but none are directly linked to heart failure.",0.625,2.875
1,Acquired hypofibrinogenemia in cardiovascular surgery,biokg,kg,llama3.1:8b,0,8,F,7,0.14285714285714285,0,0,0,1,,prior,insufficient,1.0,"Similarly, there is no evidence provided for Drug-6 to assess its mechanistic plausibility.",0.25,2.25
1,Acquired hypofibrinogenemia in cardiovascular surgery,biokg,kg,llama3.1:8b,1,8,B,6,0.16666666666666666,0,0,0,1,,prior,insufficient,2.0,Drug-6 does not have any known mechanisms that are directly related to the disease.,0.75,2.0
1,Pediatric atopic dermatitis,biokg,kg,llama3.1:8b,0,8,E,7,0.14285714285714285,0,0,0,1,,kg,conflicting,1.0,Some of Drug-8's targets seem unrelated to atopic dermatitis or FILA; KG evidence is sparse and conflicting.,0.75,1.875
1,Pediatric atopic dermatitis,biokg,kg,llama3.1:8b,1,8,D,3,0.3333333333333333,0,1,1,1,,kg,insufficient,2.0,"Drug-8's targets (JAK1, ABCG2) are involved in immune response and transport, but the connection to Pediatric atopic dermatitis is unclear.",0.625,2.125
1,COVID-19 updated strain,biokg,kg,llama3.1:8b,0,8,G,7,0.14285714285714285,0,0,0,1,,prior,insufficient,1.0,No direct connection between Drug-8 and COVID-19; its mechanism of action is not clearly related.,0.75,1.875
1,COVID-19 updated strain,biokg,kg,llama3.1:8b,1,8,B,3,0.3333333333333333,0,1,1,1,,prior,insufficient,2.0,Unknown target or pathway associations,0.625,2.0
1,Delay T1D onset in children ≥1yr,biokg,kg,llama3.1:8b,0,8,C,3,0.3333333333333333,0,1,1,1,,kg,insufficient,2.0,No clear connection is found between Drug-7 and the target disease based on the provided KG evidence.,0.625,2.625
1,Delay T1D onset in children ≥1yr,biokg,kg,llama3.1:8b,1,8,A,6,0.16666666666666666,0,0,0,1,,kg,insufficient,1.0,No clear associations between Drug-7 and T1D pathways or related genes,0.75,2.0
1,Unresectable thymic carcinoma (PMDA),biokg,kg,llama3.1:8b,0,8,G,7,0.14285714285714285,0,0,0,1,,kg,insufficient,1.0,"The knowledge graph reports associations between Drug-6 and various receptor tyrosine kinases, but none are specifically linked to unresectable thymic carcinoma.",0.875,1.875
1,Unresectable thymic carcinoma (PMDA),biokg,kg,llama3.1:8b,1,8,C,1,1.0,1,1,1,1,,both,insufficient,4.0,"While there is no explicit link between Drug-6 and Unresectable thymic carcinoma (PMDA), its targets include several FGFRs, which are often implicated in cancer.",0.375,2.125
1,Retinal vein occlusion,biokg,kg,llama3.1:8b,0,8,G,9,0.1111111111111111,0,0,0,1,,,,,,0.5,2.1666666666666665
1,Retinal vein occlusion,biokg,kg,llama3.1:8b,1,8,B,2,0.5,0,1,1,1,,kg,insufficient,3.0,The knowledge graph does not provide sufficient evidence to assess Drug-8's mechanistic plausibility for Retinal Vein Occlusion.,0.875,2.375
1,Spinal muscular atrophy (pediatric expansion),biokg,kg,llama3.1:8b,0,8,G,7,0.14285714285714285,0,0,0,1,,prior,insufficient,1.0,No relevant information was provided for Drug-8 in the knowledge graph or based on prior knowledge.,0.75,2.25
1,Spinal muscular atrophy (pediatric expansion),biokg,kg,llama3.1:8b,1,8,B,1,1.0,1,1,1,1,,prior,insufficient,3.0,"Based on our prior knowledge, Drug-8 has potential for treating neurological disorders due to its neurotransmitter transporter inhibition mechanism.",0.75,1.875
1,Chronic thromboembolic pulmonary hypertension,biokg,kg,llama3.1:8b,0,8,A,2,0.5,0,1,1,1,,kg,consistent,4.0,"Drug-7 modulates the antithrombosis pathway, which is relevant to chronic thromboembolic pulmonary hypertension.",0.75,3.375
1,Chronic thromboembolic pulmonary hypertension,biokg,kg,llama3.1:8b,1,8,E,1,1.0,1,1,1,1,,both,consistent,5.0,"Drug-7 targets MDR1 and FA10, which are related to antithrombosis agents, making it a strong candidate for CTEPH",0.75,3.25
1,Polycythaemia vera and essential thrombocytopenia,biokg,kg,llama3.1:8b,0,8,A,3,0.3333333333333333,0,1,1,1,,kg,consistent,4.0,"Drug-1 targets INAR2 and INAR1, which are involved in the regulation of erythropoiesis.",0.875,2.75
1,Polycythaemia vera and essential thrombocytopenia,biokg,kg,llama3.1:8b,1,8,E,1,1.0,1,1,1,1,,both,consistent,5.0,"Drug-1 targets INAR2, which is associated with Polycythaemia vera and essential thrombocytopenia in the knowledge graph.",0.375,2.25
1,Generalized myasthenia gravis,biokg,kg,llama3.1:8b,0,8,A,4,0.25,0,0,1,1,,kg,insufficient,2.0,Targeting CD19 does not have a direct association with the disease's genetic profile.,0.625,2.125
1,Generalized myasthenia gravis,biokg,kg,llama3.1:8b,1,8,A,3,0.3333333333333333,0,1,1,1,,prior,insufficient,2.0,CD19 is a B-cell receptor target with limited connection to muscle or neuromuscular junction function.,0.375,2.375
1,Invasive fungal infections pediatric ≥2yr,biokg,kg,llama3.1:8b,0,8,C,1,1.0,1,1,1,1,,both,consistent,4.0,"Drug-5 modulates Antifungal agents pathway, which is directly relevant to the target disease of Invasive fungal infections.",0.375,2.375
1,Invasive fungal infections pediatric ≥2yr,biokg,kg,llama3.1:8b,1,8,H,1,1.0,1,1,1,1,,both,consistent,5.0,"Drug-5 targets CP3A4 and is in the Antifungal agents pathway, which directly relates to Invasive fungal infections pediatric ≥2yr",0.75,2.5
1,PKU expanded to ≥12yr,biokg,kg,llama3.1:8b,0,8,A,4,0.25,0,0,1,1,,prior,insufficient,1.0,No evidence links Drug-8 to PKU or related pathways.,0.7142857142857143,2.142857142857143
1,PKU expanded to ≥12yr,biokg,kg,llama3.1:8b,1,8,C,5,0.2,0,0,1,1,,prior,insufficient,1.0,No relevant information about Drug-8 was found in the knowledge graph or using pharmacological knowledge.,0.875,1.875
1,IDH1-mutated relapsed/refractory MDS,biokg,kg,llama3.1:8b,0,8,E,1,1.0,1,1,1,1,,kg,consistent,4.0,"Drug-8 targets IDHC, which is associated with the disease.",0.5,2.375
1,IDH1-mutated relapsed/refractory MDS,biokg,kg,llama3.1:8b,1,8,C,6,0.16666666666666666,0,0,0,1,,kg,conflicting,3.0,"Drug-8 targets CP2B6 and CP2C9, which are also targeted by Drug-5, but there is no clear connection to IDH1-mutated relapsed/refractory MDS in the knowledge graph.",0.625,2.5
1,Retinopathy of prematurity,biokg,kg,llama3.1:8b,0,8,C,1,1.0,1,1,1,1,,both,consistent,4.0,Targeting VEGF family proteins is a plausible mechanistic link to retinopathy of prematurity.,0.25,2.375
1,Retinopathy of prematurity,biokg,kg,llama3.1:8b,1,8,F,3,0.3333333333333333,0,1,1,1,,kg,consistent,4.0,"Drug-5 targets PGH1 and PGH2, which are involved in similar pathways related to Retinopathy of Prematurity.",0.625,2.625
1,Agitation associated with Alzheimer's dementia,biokg,kg,llama3.1:8b,0,8,G,7,0.14285714285714285,0,0,0,1,,kg,insufficient,1.0,No direct evidence is provided in the knowledge graph for Drug-5 or Drug-6 to associate them with Agitation associated with Alzheimer's dementia.,0.625,1.75
1,Agitation associated with Alzheimer's dementia,biokg,kg,llama3.1:8b,1,8,D,2,0.5,0,1,1,1,,kg,consistent,4.0,"Drug-5 targets ADA1B and ADA2C, which are involved in the regulation of glutamate release, a possible mechanism for agitation in Alzheimer's dementia.",0.75,2.625
1,LDL-C elevation in statin-intolerant dyslipidemia,biokg,kg,llama3.1:8b,0,8,G,8,0.125,0,0,0,1,,uncertain,insufficient,,There is not enough information provided about Drug-8 to assess its mechanistic plausibility.,0.75,2.142857142857143
1,LDL-C elevation in statin-intolerant dyslipidemia,biokg,kg,llama3.1:8b,1,8,F,8,0.125,0,0,0,1,,uncertain,insufficient,1.0,There is insufficient information to assess Drug-8's mechanistic plausibility.,0.25,1.375
1,First-line anemia in lower-risk MDS,biokg,kg,llama3.1:8b,0,8,D,6,0.16666666666666666,0,0,0,1,,kg,insufficient,1.0,No evidence was provided for Drug-7,1.0,2.75
1,First-line anemia in lower-risk MDS,biokg,kg,llama3.1:8b,1,8,B,1,1.0,1,1,1,1,,prior,insufficient,5.0,"Antidepressants and Antiparkinsonian agents may be relevant given the disease's association with GATA1, but Drug-5's profile does not directly connect to DLK1 or LYL1",0.375,2.25
1,Atopic dermatitis,biokg,kg,llama3.1:8b,0,8,F,7,0.14285714285714285,0,0,0,1,,kg,conflicting,1.0,"Drug-7 targets several genes involved in cellular processes, but none have a clear link to atopic dermatitis or lipid metabolism.",0.875,2.0
1,Atopic dermatitis,biokg,kg,llama3.1:8b,1,8,C,4,0.25,0,0,1,1,,kg,conflicting,2.0,"Drug-7 targets JAK3 and JAK1, which are relevant to immune response, but the knowledge graph also reports other targets that do not clearly connect to atopic dermatitis.",0.75,2.0
1,Acute HCV pediatric,biokg,kg,llama3.1:8b,0,8,F,4,0.25,0,0,1,1,,kg,conflicting,2.0,"While Drug-8 targets several ABC transporters, the knowledge graph also reports conflicting associations with pathways related to Hepatitis C.",0.875,3.0
1,Acute HCV pediatric,biokg,kg,llama3.1:8b,1,8,F,3,0.3333333333333333,0,1,1,1,,kg,conflicting,2.0,"Drug-8 targets ABCG2 and MDR1, but its connection to Hepatitis C is unclear.",0.875,3.0
1,HoFH in children,biokg,kg,llama3.1:8b,0,8,F,7,0.14285714285714285,0,0,0,1,,kg,insufficient,1.0,"No relevant evidence provided for Drug-8; however, this drug is likely irrelevant based on its profile",0.625,1.875
1,HoFH in children,biokg,kg,llama3.1:8b,1,8,E,5,0.2,0,0,1,1,,prior,insufficient,1.0,No evidence provided for Drug-8,0.625,1.5
1,dMMR/MSI-H primary advanced endometrial cancer (+chemo),biokg,kg,llama3.1:8b,0,8,E,7,0.14285714285714285,0,0,0,1,,kg,insufficient,1.0,No evidence found in the knowledge graph.,0.625,2.625
1,dMMR/MSI-H primary advanced endometrial cancer (+chemo),biokg,kg,llama3.1:8b,1,8,C,7,0.14285714285714285,0,0,0,1,,kg,conflicting,1.0,Drug-8 has several conflicting or weak associations in the KG; no clear connection to dMMR/MSI-H cancer.,0.75,2.375
1,Cerebral folate transport deficiency,biokg,kg,llama3.1:8b,0,8,H,7,0.14285714285714285,0,0,0,1,,prior,insufficient,1.0,No known association with folate transport or related pathways; modulates antibiotic action pathways.,0.625,2.625
1,Cerebral folate transport deficiency,biokg,kg,llama3.1:8b,1,8,A,2,0.5,0,1,1,1,,kg,insufficient,3.0,The knowledge graph does not provide sufficient information to assess Drug-1's mechanistic plausibility for this disease.,0.75,2.25
1,Reduce MACE in CVD + obesity/overweight,biokg,kg,llama3.1:8b,0,8,D,1,1.0,1,1,1,1,,both,consistent,4.0,"Drug-8 targets GLP1R, which is associated with weight regulation, and DPP4, an enzyme involved in glucose metabolism, making it a plausible candidate for reducing MACE in CVD + obesity/overweight.",0.875,1.875
1,Reduce MACE in CVD + obesity/overweight,biokg,kg,llama3.1:8b,1,8,E,1,1.0,1,1,1,1,,kg,consistent,5.0,GLP1R association supports potential efficacy in obesity/overweight.,0.25,2.25
1,Palmoplantar pustulosis (PMDA),biokg,kg,llama3.1:8b,0,8,F,3,0.3333333333333333,0,1,1,1,,kg,consistent,5.0,"Drug-7 targets IL23A, which is involved in inflammatory responses and could be relevant to Palmoplantar pustulosis.",0.875,2.5
1,Palmoplantar pustulosis (PMDA),biokg,kg,llama3.1:8b,1,8,F,2,0.5,0,1,1,1,,kg,consistent,3.0,"Drug-7 targets IL23A, a key cytokine involved in psoriasis and other skin inflammatory conditions, which is related to Palmoplantar pustulosis.",0.625,1.875
1,Measles prophylaxis post-exposure,biokg,kg,llama3.1:8b,0,8,F,5,0.2,0,0,1,1,,kg,insufficient,1.0,"The targets of Drug-1 are Fc-gamma receptors and coagulation factors, which have no apparent connection to measles prophylaxis post-exposure or the gene MCP.",0.875,2.75
1,Measles prophylaxis post-exposure,biokg,kg,llama3.1:8b,1,8,D,5,0.2,0,0,1,1,,kg,insufficient,1.0,The targets of Drug-1 do not appear to be relevant to measles or antiviral activity.,0.75,2.625
1,CKD in T2D,biokg,kg,llama3.1:8b,0,8,F,1,1.0,1,1,1,1,,both,consistent,4.0,"Drug-8 targets GLP1R, which is associated with CKD in T2D's disease profile, and has a mechanistic link to insulin resistance and glucose metabolism.",0.625,2.625
1,CKD in T2D,biokg,kg,llama3.1:8b,1,8,F,6,0.16666666666666666,0,0,0,1,,kg,insufficient,1.0,"The KG reports multiple targets, but none are directly related to CKD in T2D.",1.0,2.125
1,HER2-mutant NSCLC (PMDA),biokg,kg,llama3.1:8b,0,8,B,5,0.2,0,0,1,1,,prior,insufficient,1.0,"The targets of Drug-8 are mostly unrelated to the disease, except for TOP1, which is involved in DNA replication and repair.",0.375,2.125
1,HER2-mutant NSCLC (PMDA),biokg,kg,llama3.1:8b,1,8,F,3,0.3333333333333333,0,1,1,1,,prior,insufficient,2.0,No evidence links Drug-8 to the disease's associated genes or pathways.,0.5,2.375
1,Heterozygous familial hypercholesterolemia,biokg,kg,llama3.1:8b,0,8,F,1,1.0,1,1,1,1,,prior,insufficient,3.0,"Drug-7 targets PCSK9, which is directly associated with the disease through genetic links, but this information was not provided in the knowledge graph.",0.625,2.25
1,Heterozygous familial hypercholesterolemia,biokg,kg,llama3.1:8b,1,8,B,1,1.0,1,1,1,1,,both,consistent,5.0,"Drug-7 targets PCSK9, a key enzyme in cholesterol metabolism that is often mutated in familial hypercholesterolemia.",0.75,2.25
1,Crohn's disease,biokg,kg,llama3.1:8b,0,8,F,1,1.0,1,1,1,1,,prior,insufficient,3.0,"While not enough evidence is available from the knowledge graph to judge Drug-5, its mechanistic plausibility for Crohn's disease can be assessed using prior knowledge.",0.375,3.75
1,Crohn's disease,biokg,kg,llama3.1:8b,1,8,G,1,1.0,1,1,1,1,,kg,consistent,4.0,"Drug-7 targets IL23A, which is associated with Crohn's disease through the NOD-like receptor signaling pathway.",0.5,1.875
1,COVID-19 in severe renal impairment/dialysis,biokg,kg,llama3.1:8b,0,8,G,8,0.125,0,0,0,1,,kg,insufficient,1.0,The targets of Drug-8 are not clearly related to COVID-19 or renal function.,0.75,2.375
1,COVID-19 in severe renal impairment/dialysis,biokg,kg,llama3.1:8b,1,8,C,4,0.25,0,0,1,1,,kg,insufficient,2.0,"The targets of Drug-8 (MRP4, NTCP, etc.) do not have clear connections to COVID-19 in severe renal impairment/dialysis.",0.75,2.0
1,MASH with fibrosis,biokg,kg,llama3.1:8b,0,8,G,1,1.0,1,1,1,1,,both,consistent,5.0,"Drug-8 targets multiple factors involved in metabolic regulation and inflammation, providing a plausible connection to fibrosis",1.0,3.0
1,MASH with fibrosis,biokg,kg,llama3.1:8b,1,8,C,4,0.25,0,0,1,1,,kg,insufficient,3.0,"While Drug-7 modulates the Antidiabetics pathway and targets some enzymes involved in glucose regulation, its relevance to MASH with fibrosis is unclear.",0.75,3.625
1,mHSPC + ADT,biokg,kg,llama3.1:8b,0,8,A,7,0.14285714285714285,0,0,0,1,,kg,insufficient,1.0,"The knowledge graph lists several targets for Drug-8, but none of them are directly linked to mHSPC + ADT.",0.75,2.625
1,mHSPC + ADT,biokg,kg,llama3.1:8b,1,8,H,8,0.125,0,0,0,1,,kg,insufficient,1.0,The targets of Drug-8 do not appear to be directly relevant to mHSPC + ADT treatment.,0.75,2.375
1,Chronic kidney disease,biokg,kg,llama3.1:8b,0,8,H,8,0.125,0,0,0,1,,kg,insufficient,1.0,The evidence from the knowledge graph is weak and does not establish a clear mechanistic link between Drug-8 and chronic kidney disease.,0.75,2.125
1,Chronic kidney disease,biokg,kg,llama3.1:8b,1,8,B,2,0.5,0,1,1,1,,both,insufficient,3.0,"While Drug-8 targets some proteins associated with CKD (e.g., SC5A2), the evidence is sparse and indirect.",0.875,2.625
1,Allergic fungal rhinosinusitis (AFRS) ≥6yr,biokg,kg,llama3.1:8b,0,8,B,2,0.5,0,1,1,1,,kg,consistent,3.0,"Drug-8 targets IL4RA, which is involved in allergic reactions, making it a plausible candidate for AFRS.",0.875,1.875
1,Allergic fungal rhinosinusitis (AFRS) ≥6yr,biokg,kg,llama3.1:8b,1,8,C,1,1.0,1,1,1,1,,kg,consistent,4.0,"Drug-8 targets IL4RA, which is a plausible target given the inflammatory nature of AFRS.",0.875,2.0
1,Acquired hypothalamic obesity,biokg,kg,llama3.1:8b,0,8,C,5,0.2,0,0,1,1,,prior,insufficient,1.0,"No relevant evidence from the knowledge graph, and my prior pharmacological knowledge does not suggest a strong connection.",0.75,1.875
1,Acquired hypothalamic obesity,biokg,kg,llama3.1:8b,1,8,D,6,0.16666666666666666,0,0,0,1,,prior,insufficient,1.0,Lack of provided evidence or information makes it difficult to assess Drug-8's relevance.,0.75,2.0
1,Pediatric glioma (EMA),biokg,kg,llama3.1:8b,0,8,A,2,0.5,0,1,1,1,,both,insufficient,4.0,"Drug-6 targets multiple kinases, but the lack of specific links to pathways directly implicated in pediatric glioma makes its plausibility uncertain.",0.875,2.75
1,Pediatric glioma (EMA),biokg,kg,llama3.1:8b,1,8,G,2,0.5,0,1,1,1,,prior,insufficient,2.0,No clear evidence from the knowledge graph supports or refutes Drug-6's potential efficacy against pediatric glioma; further investigation is needed.,0.875,1.875
1,IV formulation for rheumatic diseases (EMA),biokg,kg,llama3.1:8b,0,8,H,1,1.0,1,1,1,1,,both,consistent,5.0,Drug-6's modulation of Antirheumatics - DMARDs and biological agents pathway is a strong mechanistic link to rheumatic diseases.,0.875,2.5
1,IV formulation for rheumatic diseases (EMA),biokg,kg,llama3.1:8b,1,8,A,1,1.0,1,1,1,1,,both,consistent,4.0,"Drug-6 modulates pathway Antirheumatics - DMARDs and biological agents, targeting IL17, a key cytokine in rheumatic diseases.",0.75,1.875
1,Oral tablet formulation for weight management,biokg,kg,llama3.1:8b,0,8,E,1,1.0,1,1,1,1,,both,consistent,5.0,"Drug-8 targets GLP1R and DPP4, which are involved in glucose metabolism and could have a direct impact on weight management.",0.875,2.0
1,Oral tablet formulation for weight management,biokg,kg,llama3.1:8b,1,8,F,1,1.0,1,1,1,1,,both,consistent,5.0,"Drug-5 targets CP3A4, which is involved in the PPAR signaling pathway associated with oral tablet formulation for weight management.",0.375,2.5
1,dMMR recurrent/advanced endometrial cancer,biokg,kg,llama3.1:8b,0,8,E,8,0.125,0,0,0,1,,prior,insufficient,1.0,Lack of evidence in knowledge graph and no clear pharmacological connection to dMMR recurrent/advanced endometrial cancer.,0.5,2.375
1,dMMR recurrent/advanced endometrial cancer,biokg,kg,llama3.1:8b,1,8,E,3,0.3333333333333333,0,1,1,1,,prior,insufficient,5.0,"No mechanistic links were provided for Drug-8, but its relevance to cancer treatment is plausible based on prior knowledge.",0.625,4.25
1,Primary humoral immunodeficiency pediatric 2-11yr,biokg,kg,llama3.1:8b,0,8,A,5,0.2,0,0,1,1,,kg,consistent,4.0,"Drug-1 targets FCGRB and FCG2C, which are related to antibody-dependent cellular cytotoxicity.",0.875,3.125
1,Primary humoral immunodeficiency pediatric 2-11yr,biokg,kg,llama3.1:8b,1,8,G,6,0.16666666666666666,0,0,0,1,,prior,insufficient,1.0,"The FCGR and CO targets of Drug-1 are involved in immune function, but do not provide a clear mechanistic link to Primary humoral immunodeficiency pediatric 2-11yr.",0.625,1.75
1,Neoadj+adj HNSCC,biokg,kg,llama3.1:8b,0,8,G,1,1.0,1,1,1,1,,prior,insufficient,3.0,The lack of evidence doesn't rule out potential efficacy.,0.75,3.0
1,Neoadj+adj HNSCC,biokg,kg,llama3.1:8b,1,8,B,2,0.5,0,1,1,1,,kg,consistent,4.0,"Candidate B targets PDCD1, which could potentially be related to Neoadj+adj HNSCC, but evidence is limited",0.625,2.5
1,Juvenile idiopathic arthritis (EMA Feb 2026),biokg,kg,llama3.1:8b,0,8,D,4,0.25,0,0,1,1,,kg,conflicting,3.0,"Multiple targets suggest a broad mechanism of action, but the conflicting presence of JAK1 and JAK3 suggests uncertainty about its effectiveness against JIA.",0.875,3.25
1,Juvenile idiopathic arthritis (EMA Feb 2026),biokg,kg,llama3.1:8b,1,8,E,1,1.0,1,1,1,1,,both,consistent,4.0,"Drug-7 targets JAK3 and JAK1, which are involved in inflammatory responses relevant to JIA.",0.75,1.75
1,"ALK+ solid tumors (tissue-agnostic, world-first)",biokg,kg,llama3.1:8b,0,8,C,1,1.0,1,1,1,1,,kg,consistent,5.0,"Drug-8 directly targets ALK, a key driver in ALK+ solid tumors.",0.25,2.375
1,"ALK+ solid tumors (tissue-agnostic, world-first)",biokg,kg,llama3.1:8b,1,8,B,2,0.5,0,1,1,1,,kg,consistent,4.0,ALK targeting is directly relevant to ALK+ solid tumors.,0.75,2.875
1,Ulcerative colitis,biokg,kg,llama3.1:8b,0,8,G,1,1.0,1,1,1,1,,both,consistent,5.0,"Drug-8 targets IL23A and IL12B, which are involved in the inflammatory pathway associated with ulcerative colitis.",0.875,2.625
1,Ulcerative colitis,biokg,kg,llama3.1:8b,1,8,B,1,1.0,1,1,1,1,,both,consistent,5.0,"Drug-8 targets IL23A and IL12B, which are associated with inflammatory bowel disease pathways related to ulcerative colitis.",0.5,2.25
1,Advanced RCC after PD-1/PD-L1 + VEGF-TKI,biokg,kg,llama3.1:8b,0,8,D,4,0.25,0,0,1,1,,kg,consistent,5.0,"Drug-8 targets EPAS1, a key regulator of the von Hippel-Lindau tumor suppressor pathway",0.75,2.875
1,Advanced RCC after PD-1/PD-L1 + VEGF-TKI,biokg,kg,llama3.1:8b,1,8,A,1,1.0,1,1,1,1,,kg,consistent,5.0,"Drug-8 targets EPAS1, which is involved in hypoxia signaling and may be relevant to RCC progression.",0.75,2.625
1,Ulcerative colitis,biokg,kg,llama3.1:8b,0,8,C,1,1.0,1,1,1,1,,both,consistent,4.0,"Drug-7 targets IL23A, which is involved in the JAK-STAT signaling pathway associated with ulcerative colitis.",0.875,1.875
1,Ulcerative colitis,biokg,kg,llama3.1:8b,1,8,A,3,0.3333333333333333,0,1,1,1,,prior,insufficient,4.0,"IL23A is involved in IBD; however, no direct link to ulcerative colitis or its associated pathways was found.",0.5,2.625
1,BRAF V600E metastatic NSCLC,biokg,kg,llama3.1:8b,0,8,F,3,0.3333333333333333,0,1,1,1,,kg,consistent,2.0,"Drug-8 targets BRAF, but also modulates pathways that are not directly related to the disease.",0.75,1.75
1,BRAF V600E metastatic NSCLC,biokg,kg,llama3.1:8b,1,8,E,1,1.0,1,1,1,1,,both,consistent,4.0,"Drug-8 targets BRAF and has been shown to modulate pathways associated with Non-small cell lung cancer, making it a strong candidate for treating BRAF V600E metastatic NSCLC.",0.25,2.0
1,Crohn's disease,biokg,kg,llama3.1:8b,0,8,A,2,0.5,0,1,1,1,,kg,insufficient,3.0,"While Drug-8 targets JAK1 and pathway Inflammatory bowel disease (IBD), which are relevant to Crohn's disease, the evidence is not strong enough for a higher rank.",0.75,2.0
1,Crohn's disease,biokg,kg,llama3.1:8b,1,8,H,2,0.5,0,1,1,1,,prior,insufficient,5.0,"Drug-8 has targets (JAK1 and ABCG2) that are involved in related pathways, but the knowledge graph does not provide strong evidence for its relevance to Crohn's disease",0.375,4.5
1,dMMR/MSI-H primary advanced endometrial cancer,biokg,kg,llama3.1:8b,0,8,G,8,0.125,0,0,0,1,,prior,insufficient,1.0,"No relevant information is available for Drug-8, making it difficult to assess its mechanistic plausibility.",0.875,2.75
1,dMMR/MSI-H primary advanced endometrial cancer,biokg,kg,llama3.1:8b,1,8,E,7,0.14285714285714285,0,0,0,1,,uncertain,unknown,1.0,No information is available about Drug-8.,0.5,2.5
1,IgG4-related disease,biokg,kg,llama3.1:8b,0,8,E,6,0.16666666666666666,0,0,0,1,,kg,consistent,5.0,"Drug-7 targets CD19, a key B-cell surface receptor involved in IgG4-related disease pathogenesis.",1.0,2.875
1,IgG4-related disease,biokg,kg,llama3.1:8b,1,8,H,7,0.14285714285714285,0,0,0,1,,kg,insufficient,5.0,"Drug-7 targets CD19, a surface protein expressed on B cells, which could be relevant to autoimmune conditions like IgG4-related disease.",0.75,2.875
1,Ph+ CML-CP frontline (EMA Feb 2026),biokg,kg,llama3.1:8b,0,8,D,5,0.2,0,0,1,1,,prior,insufficient,3.0,"While some drugs in this class may have off-target effects on tyrosine kinases, there is no direct evidence supporting Drug-8's use for CML-CP frontline treatment.",0.75,2.375
1,Ph+ CML-CP frontline (EMA Feb 2026),biokg,kg,llama3.1:8b,1,8,C,5,0.2,0,0,1,1,,prior,insufficient,2.0,There is no clear evidence connecting Drug-8 to CML-CP in the knowledge graph or prior pharmacological knowledge.,0.625,2.375
1,EGPA,biokg,kg,llama3.1:8b,0,8,C,7,0.14285714285714285,0,0,0,1,,kg,insufficient,1.0,"Drug-1 targets FCERB and FCERA; however, the knowledge graph provides no direct evidence for its association with EGPA.",0.75,2.625
1,EGPA,biokg,kg,llama3.1:8b,1,8,H,5,0.2,0,0,1,1,,kg,insufficient,2.0,The targets FCERB and FCERA are not associated with EGPA; this is an uncertain ranking based on lack of direct evidence.,0.875,2.375
1,Biliary tract cancer,biokg,kg,llama3.1:8b,0,8,E,6,0.16666666666666666,0,0,0,1,,kg,insufficient,2.0,The KG reports Drug-8 targets PDCD1 but doesn't establish a link to Biliary tract cancer.,0.625,2.75
1,Biliary tract cancer,biokg,kg,llama3.1:8b,1,8,B,5,0.2,0,0,1,1,,kg,insufficient,1.0,No clear link between PDCD1 and biliary tract cancer; PDCD1 is more commonly associated with immune responses.,0.875,2.0
1,COPD,biokg,kg,llama3.1:8b,0,8,H,5,0.2,0,0,1,1,,kg,insufficient,1.0,"IL4RA is associated with allergic diseases, not clear relevance to COPD",0.75,3.0
1,COPD,biokg,kg,llama3.1:8b,1,8,E,1,1.0,1,1,1,1,,kg,consistent,4.0,"Drug-8 targets IL4RA, which is relevant to inflammation.",0.625,1.875
1,Primary mediastinal large B-cell lymphoma,biokg,kg,llama3.1:8b,0,8,F,1,1.0,1,1,1,1,,both,consistent,5.0,"Drug-5 modulates the pathway Clomipramine Metabolism Pathway, which could be relevant to Primary mediastinal large B-cell lymphoma given its association with cancer metabolism.",1.0,2.375
1,Primary mediastinal large B-cell lymphoma,biokg,kg,llama3.1:8b,1,8,B,1,1.0,1,1,1,1,,prior,insufficient,4.0,Targeting PDCD1 is a well-established approach in treating certain lymphomas.,0.75,1.75
1,CRSwNP (eosinophilic chronic rhinosinusitis with nasal polyps),biokg,kg,llama3.1:8b,0,8,H,8,0.125,0,0,0,1,,kg,insufficient,1.0,Lack of provided evidence or mechanisms strongly associated with CRSwNP makes its ranking uncertain.,0.625,2.0
1,CRSwNP (eosinophilic chronic rhinosinusitis with nasal polyps),biokg,kg,llama3.1:8b,1,8,E,2,0.5,0,1,1,1,,prior,insufficient,3.0,"No direct evidence was provided, but some drugs with a similar mechanism may be effective.",0.75,1.875
1,RAS wild-type HER2+ metastatic colorectal cancer,biokg,kg,llama3.1:8b,0,8,B,8,0.125,0,0,0,1,,kg,conflicting,2.0,The knowledge graph reports targets that seem more relevant to other types of cancer or diseases.,0.875,2.25
1,RAS wild-type HER2+ metastatic colorectal cancer,biokg,kg,llama3.1:8b,1,8,A,1,1.0,1,1,1,1,,both,consistent,5.0,"Drug-7 targets ERBB2 and ERBB3, which are relevant to HER2+ cancer.",0.625,2.625
1,Schnitzler syndrome (Japan),biokg,kg,llama3.1:8b,0,8,G,1,1.0,1,1,1,1,,kg,consistent,4.0,"Drug-8 targets IL1B, which is associated with Schnitzler syndrome, making it a mechanistically plausible candidate.",0.75,1.875
1,Schnitzler syndrome (Japan),biokg,kg,llama3.1:8b,1,8,A,1,1.0,1,1,1,1,,both,consistent,4.0,Targeting IL1B could potentially modulate the associated IL1RA pathway.,0.625,3.75
1,HR+/HER2- breast cancer,biokg,kg,llama3.1:8b,0,8,G,7,0.14285714285714285,0,0,0,1,,kg,insufficient,1.0,No clear link to breast cancer treatment; targets seem unrelated to HR+/HER2- disease.,0.875,2.0
1,HR+/HER2- breast cancer,biokg,kg,llama3.1:8b,1,8,B,5,0.2,0,0,1,1,,both,insufficient,1.0,Multiple target associations without clear relevance to the disease,0.75,2.375
1,Psoriasis in children 6-11 (cream),biokg,kg,llama3.1:8b,0,8,D,1,1.0,1,1,1,1,,kg,consistent,4.0,"Drug-5 targets PDE4C, which is a known target for psoriasis treatment.",0.875,2.5
1,Psoriasis in children 6-11 (cream),biokg,kg,llama3.1:8b,1,8,F,7,0.14285714285714285,0,0,0,1,,kg,conflicting,4.0,"Drug-5 targets CP3A4, which is also targeted by Drug-6, but PDE4s are associated with Psoriasis.",0.625,2.625
1,Resectable gastric/GEJ adenocarcinoma (neoadj+adj +FLOT),biokg,kg,llama3.1:8b,0,8,A,1,1.0,1,1,1,1,,both,consistent,3.0,"Drug-6 targets PD1L1 and CD80, which are involved in immune regulation, making it a plausible candidate for neoadjuvant/adjuvant treatment of resectable gastric/GEJ adenocarcinoma.",0.25,2.25
1,Resectable gastric/GEJ adenocarcinoma (neoadj+adj +FLOT),biokg,kg,llama3.1:8b,1,8,D,2,0.5,0,1,1,1,,kg,consistent,3.0,"Drug-6 targets PD1L1 and CD80, which are involved in immune evasion, a common mechanism in adenocarcinoma.",0.5,2.0
1,COPD (EMA 2025),biokg,kg,llama3.1:8b,0,8,D,8,0.125,0,0,0,1,,kg,insufficient,1.0,"No direct link between Drug-7's target IL4RA and COPD-related genes is apparent; however, it has a plausible indirect connection through its involvement in inflammatory responses.",0.5,2.875
1,COPD (EMA 2025),biokg,kg,llama3.1:8b,1,8,A,2,0.5,0,1,1,1,,prior,insufficient,3.0,"IL4RA is not directly linked to COPD in the knowledge graph, but IL-4 has been implicated in airway inflammation.",0.375,1.875
1,Ph+ CML-CP after 2+ TKIs,biokg,kg,llama3.1:8b,0,8,G,7,0.14285714285714285,0,0,0,1,,kg,insufficient,2.0,"Drug-8's information is missing; without it, assessing its plausibility is difficult.",1.0,2.375
1,Ph+ CML-CP after 2+ TKIs,biokg,kg,llama3.1:8b,1,8,D,1,1.0,1,1,1,1,,prior,insufficient,3.0,Limited information is available in the knowledge graph to assess Drug-8's mechanistic plausibility.,0.875,2.625
1,IgE-mediated food allergy,biokg,kg,llama3.1:8b,0,8,G,1,1.0,1,1,1,1,,kg,consistent,5.0,"Drug-1 targets FCERB, a key component in IgE-mediated allergic responses.",0.625,2.125
1,IgE-mediated food allergy,biokg,kg,llama3.1:8b,1,8,H,1,1.0,1,1,1,1,,both,consistent,5.0,"Drug-1 targets FCERB and FCERA, which are related to IgE signaling, making it a strong candidate for treating IgE-mediated food allergy.",1.0,2.125
1,BRAF+ thyroid cancer,biokg,kg,llama3.1:8b,0,8,E,1,1.0,1,1,1,1,,both,consistent,5.0,"Drug-8 targets M3K1, which is a potential therapeutic target for BRAF+ thyroid cancer given the involvement of MAPK pathway alterations in this disease.",0.75,2.0
1,BRAF+ thyroid cancer,biokg,kg,llama3.1:8b,1,8,F,7,0.14285714285714285,0,0,0,1,,kg,insufficient,1.0,"Drug-8 has some targets related to kinases and cytokines, but the knowledge graph does not provide clear connections to BRAF+ thyroid cancer.",0.875,1.875
1,Primary immunodeficiency pediatric (EMA),biokg,kg,llama3.1:8b,0,8,F,1,1.0,1,1,1,1,,kg,consistent,5.0,"Drug-1 targets FCGRB, which is involved in immune function.",0.875,2.25
1,Primary immunodeficiency pediatric (EMA),biokg,kg,llama3.1:8b,1,8,H,1,1.0,1,1,1,1,,both,consistent,4.0,"Drug-1 targets FCGRB, a key component in the immune response, making it a plausible candidate.",0.375,1.75
1,Biliary tract cancer 1L,biokg,kg,llama3.1:8b,0,8,F,5,0.2,0,0,1,1,,prior,insufficient,2.0,There is no clear connection between Drug-5's targets ACM1 and ACM2 and the disease Biliary tract cancer 1L,0.625,2.875
1,Biliary tract cancer 1L,biokg,kg,llama3.1:8b,1,8,H,5,0.2,0,0,1,1,,prior,insufficient,2.0,"Uncertain, as the provided evidence does not suggest any direct link to Biliary tract cancer 1L; both PD1L1 and CD80 are more commonly associated with immune checkpoint blockade",0.75,2.75
1,Polymyalgia rheumatica,biokg,kg,llama3.1:8b,0,8,G,7,0.14285714285714285,0,0,0,1,,kg,insufficient,1.0,"The evidence for Drug-8 shows no clear mechanistic links to Polymyalgia rheumatica, but targets IL6RA which could be relevant for inflammatory diseases.",0.5,2.0
1,Polymyalgia rheumatica,biokg,kg,llama3.1:8b,1,8,H,6,0.16666666666666666,0,0,0,1,,kg,insufficient,1.0,The knowledge graph targets for Drug-8 do not seem to be relevant to Polymyalgia rheumatica.,0.875,1.875
1,Chronic lymphocytic leukemia,biokg,kg,llama3.1:8b,0,8,D,2,0.5,0,1,1,1,,kg,insufficient,2.0,"While Drug-8 targets several kinases, none of them are directly linked to CLL in the KG.",0.5714285714285714,2.857142857142857
1,Chronic lymphocytic leukemia,biokg,kg,llama3.1:8b,1,8,E,2,0.5,0,1,1,1,,prior,insufficient,4.0,"Drug-8 targets several tyrosine kinases involved in B-cell development and proliferation, but direct links to CLL are not provided",0.75,3.25
1,"Crohn's disease (moderate-severe, refractory)",biokg,kg,llama3.1:8b,0,8,F,1,1.0,1,1,1,1,,kg,consistent,4.0,IL23A is involved in inflammatory bowel disease.,0.625,1.875
1,"Crohn's disease (moderate-severe, refractory)",biokg,kg,llama3.1:8b,1,8,F,1,1.0,1,1,1,1,,both,consistent,5.0,"Drug-6 targets IL23A, a key cytokine involved in inflammatory bowel disease (IBD), and is associated with Crohn's disease in the knowledge graph.",0.5,1.875
1,HER2-mutant NSCLC (EMA),biokg,kg,llama3.1:8b,0,8,F,3,0.3333333333333333,0,1,1,1,,kg,insufficient,2.0,"The knowledge graph lists several targets for Drug-8, but none are directly associated with HER2-mutant NSCLC.",0.625,2.375
1,HER2-mutant NSCLC (EMA),biokg,kg,llama3.1:8b,1,8,A,5,0.2,0,0,1,1,,kg,insufficient,1.0,The targets of Drug-8 do not appear to have a direct connection to HER2-mutant NSCLC.,0.875,2.5
1,Giant cell arteritis,biokg,kg,llama3.1:8b,0,8,H,5,0.2,0,0,1,1,,kg,conflicting,2.0,Drug-8 targets SO1B1 which is also targeted by Drug-2 but there is no clear connection to the disease or its associated genes.,0.5,2.25
1,Giant cell arteritis,biokg,kg,llama3.1:8b,1,8,E,1,1.0,1,1,1,1,,kg,consistent,4.0,"Targets MDR1 and CP3A4, which are targeted by Drug-2, a glucocorticoid receptor agonist, supporting plausibility for Giant cell arteritis.",0.625,2.5
1,First-line anemia in lower-risk MDS,biokg,kg,llama3.1:8b,0,8,E,7,0.14285714285714285,0,0,0,1,,prior,insufficient,4.0,"Similarly, there's no information about Drug-8 to base an assessment.",0.375,3.625
1,First-line anemia in lower-risk MDS,biokg,kg,llama3.1:8b,1,8,G,7,0.14285714285714285,0,0,0,1,,kg,insufficient,5.0,Lack of clear evidence linking Drug-8's targets to the disease.,0.625,4.125
1,GVHD + pediatric,biokg,kg,llama3.1:8b,0,8,C,1,1.0,1,1,1,1,,both,consistent,4.0,"Drug-6 targets JAK1/2, relevant to GVHD given its role in immune regulation",0.75,1.875
1,GVHD + pediatric,biokg,kg,llama3.1:8b,1,8,F,1,1.0,1,1,1,1,,kg,consistent,4.0,"Drug-6 targets JAK1 and JAK2, which could be relevant in GVHD + pediatric given its association with gene IL17.",0.625,2.625
1,MSI-H/dMMR solid tumors (full approval conversion),biokg,kg,llama3.1:8b,0,8,D,1,1.0,1,1,1,1,,kg,consistent,5.0,"Drug-7 targets PDCD1, which is related to MSI-H/dMMR solid tumors through immunosuppressive mechanisms.",0.75,2.0
1,MSI-H/dMMR solid tumors (full approval conversion),biokg,kg,llama3.1:8b,1,8,C,1,1.0,1,1,1,1,,kg,consistent,5.0,"Drug-7 targets PDCD1, which has implications in cancer immunotherapy and is a promising candidate for MSI-H/dMMR solid tumors.",0.875,2.5
1,Antibody-mediated rejection in organ transplantation,biokg,kg,llama3.1:8b,0,8,C,1,1.0,1,1,1,1,,both,consistent,4.0,"Drug-1 targets CD20, which is involved in B-cell activation and antibody production, making it a plausible candidate for treating antibody-mediated rejection.",0.75,1.875
1,Antibody-mediated rejection in organ transplantation,biokg,kg,llama3.1:8b,1,8,A,1,1.0,1,1,1,1,,prior,insufficient,5.0,Lack of direct evidence does not preclude potential use; anti-CD20 therapy is a common approach for B cell-related diseases.,0.75,3.25
1,Pancreatic NET,biokg,kg,llama3.1:8b,0,8,H,5,0.2,0,0,1,1,,prior,insufficient,3.0,"Drug-7 targets (UFO, RET) are not directly related to the pathophysiology of Pancreatic NET.",0.75,2.125
1,Pancreatic NET,biokg,kg,llama3.1:8b,1,8,E,8,0.125,0,0,0,1,,kg,conflicting,2.0,Drug-7 targets various receptors and enzymes but lacks a clear connection to the disease's underlying mechanisms.,0.875,2.5
1,Follicular lymphoma (+obinutuzumab),biokg,kg,llama3.1:8b,0,8,E,1,1.0,1,1,1,1,,both,consistent,5.0,"Drug-8 targets several tyrosine kinases (BMX, FRK, FGR, TXK, TEC, ITK, BLK, PTK6) which are implicated in follicular lymphoma (+obinutuzumab)",0.625,2.375
1,Follicular lymphoma (+obinutuzumab),biokg,kg,llama3.1:8b,1,8,H,1,1.0,1,1,1,1,,both,consistent,4.0,"Drug-8 targets several tyrosine kinases (BMX, FRK, FGR, TXK, TEC, ITK, BLK, and PTK6), which are often implicated in lymphomas.",0.75,2.5
1,HR+/HER2- node-positive high-risk early breast cancer,biokg,kg,llama3.1:8b,0,8,D,1,1.0,1,1,1,1,,both,consistent,4.0,"Drug-8 targets CDK6 and CDK4, which are both relevant in breast cancer cell proliferation.",0.75,1.875
1,HR+/HER2- node-positive high-risk early breast cancer,biokg,kg,llama3.1:8b,1,8,D,4,0.25,0,0,1,1,,kg,conflicting,5.0,"The extensive list of targets includes some relevant to cancer (CDK6, CDK4), but the presence of ABCG2 and other unrelated targets suggests this drug may not be ideal.",0.875,4.0
1,BRAF+ thyroid cancer,biokg,kg,llama3.1:8b,0,8,H,1,1.0,1,1,1,1,,both,consistent,5.0,"Drug-6 directly targets BRAF, a key driver of thyroid cancer.",0.625,2.875
1,BRAF+ thyroid cancer,biokg,kg,llama3.1:8b,1,8,G,1,1.0,1,1,1,1,,both,consistent,4.0,"Drug-6 targets BRAF directly, which is a key oncogene in this disease",0.5,2.0
1,HER2+ solid tumors (tumor-agnostic),biokg,kg,llama3.1:8b,0,8,B,1,1.0,1,1,1,1,,kg,consistent,5.0,Drug-8 targets multiple pathways and proteins that are relevant to cancer treatment.,0.75,2.875
1,HER2+ solid tumors (tumor-agnostic),biokg,kg,llama3.1:8b,1,8,B,5,0.2,0,0,1,1,,kg,insufficient,1.0,"Drug-8 targets multiple proteins, but none of them have a known direct link to HER2+ solid tumors.",0.75,2.0
1,"mCRC BRAF V600E (traditional approval, was accelerated)",biokg,kg,llama3.1:8b,0,8,F,1,1.0,1,1,1,1,,both,consistent,5.0,"Drug-7 targets BRAF directly, which is a key driver of mCRC BRAF V600E.",0.875,2.875
1,"mCRC BRAF V600E (traditional approval, was accelerated)",biokg,kg,llama3.1:8b,1,8,C,2,0.5,0,1,1,1,,both,consistent,4.0,"Drug-7 targets BRAF V600E directly, which is a key driver of mCRC with this mutation.",1.0,2.5
1,"Pediatric low-grade glioma (+dabrafenib, BRAF V600E)",biokg,kg,llama3.1:8b,0,8,A,1,1.0,1,1,1,1,,both,consistent,4.0,"Drug-7 targets MP2K1, which is involved in mTOR signaling, a pathway implicated in pediatric low-grade glioma.",0.625,2.0
1,"Pediatric low-grade glioma (+dabrafenib, BRAF V600E)",biokg,kg,llama3.1:8b,1,8,E,2,0.5,0,1,1,1,,both,insufficient,4.0,"While Drug-7 has multiple targets, its relevance to pediatric low-grade glioma is uncertain without further evidence.",0.625,2.25
1,HR+/HER2- metastatic breast cancer,biokg,kg,llama3.1:8b,0,8,H,7,0.14285714285714285,0,0,0,1,,prior,insufficient,1.0,"The targets TACD2, FUBP1, TOP1, and UD11 are not directly related to the disease.",0.625,2.25
1,HR+/HER2- metastatic breast cancer,biokg,kg,llama3.1:8b,1,8,H,8,0.125,0,0,0,1,,kg,insufficient,1.0,The targets of Drug-8 do not have clear connections to metastatic breast cancer.,0.625,2.375
1,1L biliary tract cancer (+gemcitabine+cisplatin),biokg,kg,llama3.1:8b,0,8,E,7,0.14285714285714285,0,0,0,1,,kg,insufficient,1.0,There is no clear connection between Drug-5's target PDCD1 and biliary tract cancer.,1.0,1.875
1,1L biliary tract cancer (+gemcitabine+cisplatin),biokg,kg,llama3.1:8b,1,8,C,6,0.16666666666666666,0,0,0,1,,prior,insufficient,1.0,Target PDCD1 may be involved in immune regulation but lacks direct link to biliary tract cancer or its associated genes.,0.5,1.875
1,RET-fusion NSCLC (expanded),biokg,kg,llama3.1:8b,0,8,H,1,1.0,1,1,1,1,,both,consistent,5.0,"Drug-8 targets RET, which is associated with the disease.",0.625,2.0
1,RET-fusion NSCLC (expanded),biokg,kg,llama3.1:8b,1,8,A,1,1.0,1,1,1,1,,both,consistent,4.0,"Drug-8 targets RET directly, providing a clear mechanistic link to the disease.",0.875,1.875
1,HR+/HER2- metastatic breast cancer,biokg,kg,llama3.1:8b,0,8,G,1,1.0,1,1,1,1,,both,consistent,5.0,"PARP inhibitors, like Drug-7, have shown efficacy in treating HR+/HER2- metastatic breast cancer.",0.5,3.0
1,HR+/HER2- metastatic breast cancer,biokg,kg,llama3.1:8b,1,8,C,1,1.0,1,1,1,1,,both,consistent,5.0,"Drug-7 targets PARP2 and PARP1, which are relevant to DNA repair mechanisms in breast cancer.",0.5,2.625
1,Pheochromocytoma/paraganglioma,biokg,kg,llama3.1:8b,0,8,B,3,0.3333333333333333,0,1,1,1,,kg,consistent,2.0,"Drug-8 targets EPAS1, which is involved in hypoxia signaling; Pheochromocytoma/paraganglioma involves hypoxic microenvironments.",0.875,1.875
1,Pheochromocytoma/paraganglioma,biokg,kg,llama3.1:8b,1,8,A,8,0.125,0,0,0,1,,kg,insufficient,1.0,The target EPAS1 has no clear link to Pheochromocytoma/paraganglioma-related genes,0.875,2.75
1,Gastric/GEJ adenocarcinoma (1L +chemo),biokg,kg,llama3.1:8b,0,8,F,3,0.3333333333333333,0,1,1,1,,prior,insufficient,2.0,"Based on pharmacological knowledge, there isn't a clear connection between Drug-7's targets PD1L1 and CD80 to gastric adenocarcinoma.",0.5,2.375
1,Gastric/GEJ adenocarcinoma (1L +chemo),biokg,kg,llama3.1:8b,1,8,B,3,0.3333333333333333,0,1,1,1,,kg,consistent,4.0,"Drug-7 targets PD1L1 and CD80, which are involved in immune regulation and may be relevant to cancer treatment.",0.75,2.75
1,Metastatic colorectal cancer,biokg,kg,llama3.1:8b,0,8,H,7,0.14285714285714285,0,0,0,1,,kg,conflicting,1.0,"The knowledge graph indicates that Drug-1 modulates antiviral agents and targets various proteins, but these are not directly related to Metastatic Colorectal Cancer.",1.0,1.875
1,Metastatic colorectal cancer,biokg,kg,llama3.1:8b,1,8,B,8,0.125,0,0,0,1,,prior,insufficient,1.0,"The targets of Drug-1, such as S28A1 and KITH, do not have clear relationships to cancer treatment based on my own knowledge.",0.75,2.75
1,Gastric/GEJ adenocarcinoma,biokg,kg,llama3.1:8b,0,8,C,5,0.2,0,0,1,1,,kg,insufficient,1.0,"Targets include PD1L1 and CD80, which are more relevant to immunotherapy than gastric/GEJ adenocarcinoma",0.625,3.25
1,Gastric/GEJ adenocarcinoma,biokg,kg,llama3.1:8b,1,8,G,2,0.5,0,1,1,1,,prior,consistent,5.0,"Given the importance of immune checkpoint inhibitors in cancer therapy, targeting PD1L1 is a strong rationale for Drug-7.",0.5,2.875
1,Urothelial carcinoma (expanded population),biokg,kg,llama3.1:8b,0,8,C,4,0.25,0,0,1,1,,kg,consistent,3.0,"Drug-8 targets several transporters and enzymes involved in drug resistance, which is relevant to cancer treatment.",0.875,2.25
1,Urothelial carcinoma (expanded population),biokg,kg,llama3.1:8b,1,8,A,7,0.14285714285714285,0,0,0,1,,kg,insufficient,1.0,The targets of Drug-8 do not seem related to cancer or the known mechanisms of urothelial carcinoma.,1.0,2.5
1,HER2+ early-stage BC (neoadjuvant + adjuvant),biokg,kg,llama3.1:8b,0,8,H,7,0.14285714285714285,0,0,0,1,,kg,insufficient,2.0,"The knowledge graph reports multiple targets for Drug-8; however, none are specifically related to HER2+ BC.",0.875,2.375
1,HER2+ early-stage BC (neoadjuvant + adjuvant),biokg,kg,llama3.1:8b,1,8,E,4,0.25,0,0,1,1,,prior,insufficient,3.0,"Drug-8's targets include TOP1, which is involved in DNA replication and repair, but there is no clear link to HER2+ BC.",0.625,3.0
1,Pediatric BRAF V600E low-grade glioma,biokg,kg,llama3.1:8b,0,8,E,1,1.0,1,1,1,1,,both,consistent,5.0,"Drug-5 targets BRAF, directly implicating it in the disease",0.625,2.0
1,Pediatric BRAF V600E low-grade glioma,biokg,kg,llama3.1:8b,1,8,C,1,1.0,1,1,1,1,,both,consistent,5.0,"Drug-5 targets BRAF, which is the specific mutation driving this disease.",0.875,2.375
1,HR+/HER2- early breast cancer (adjuvant),biokg,kg,llama3.1:8b,0,8,E,3,0.3333333333333333,0,1,1,1,,both,consistent,4.0,"Drug-6 targets CDK6 and CDK4, which are relevant for HR+/HER2- early breast cancer treatment as they play a role in cell cycle progression.",0.625,2.75
1,HR+/HER2- early breast cancer (adjuvant),biokg,kg,llama3.1:8b,1,8,F,2,0.5,0,1,1,1,,both,consistent,3.0,"Drug-6 targets CDK4 and CDK6, which are implicated in cancer cell proliferation.",0.75,1.75
1,HR+/HER2-low breast cancer,biokg,kg,llama3.1:8b,0,8,H,8,0.125,0,0,0,1,,kg,insufficient,3.0,Moderate evidence of involvement with SO1B3 and MRP1 transporters in HR+/HER2-low breast cancer.,0.75,3.375
1,HR+/HER2-low breast cancer,biokg,kg,llama3.1:8b,1,8,B,4,0.25,0,0,1,1,,kg,insufficient,3.0,"Drug-8 targets multiple proteins, but none have a clear connection to HR+/HER2-low breast cancer.",0.75,2.875
1,Platinum-resistant ovarian carcinoma (PD-L1+ CPS≥1),biokg,kg,llama3.1:8b,0,8,H,1,1.0,1,1,1,1,,both,consistent,5.0,"Drug-6 targets PDCD1, which is involved in immune response and potentially relevant to PD-L1+ ovarian carcinoma.",0.625,3.75
1,Platinum-resistant ovarian carcinoma (PD-L1+ CPS≥1),biokg,kg,llama3.1:8b,1,8,G,1,1.0,1,1,1,1,,kg,consistent,4.0,"Drug-6 targets PDCD1, which is involved in immune evasion and has been implicated in ovarian cancer.",0.625,2.5
