seed,disease,kg,condition,model,shuffle,pool_size,positive_letter,rank,reciprocal_rank,hit@1,hit@3,hit@5,parsed,error,pos_basis,pos_agreement,pos_confidence,pos_rationale,frac_basis_kg,mean_confidence
3,Agitation associated with Alzheimer's dementia,none,no_kg,llama3.1:405b,0,8,C,9,0.1111111111111111,0,0,0,0,500 Server Error: Internal Server Error for url: http://localhost:11434/api/generate,,,,,,
3,Agitation associated with Alzheimer's dementia,none,no_kg,llama3.1:405b,1,8,C,9,0.1111111111111111,0,0,0,0,500 Server Error: Internal Server Error for url: http://localhost:11434/api/generate,,,,,,
3,LDL-C elevation in statin-intolerant dyslipidemia,none,no_kg,llama3.1:405b,0,8,D,9,0.1111111111111111,0,0,0,0,500 Server Error: Internal Server Error for url: http://localhost:11434/api/generate,,,,,,
3,LDL-C elevation in statin-intolerant dyslipidemia,none,no_kg,llama3.1:405b,1,8,F,9,0.1111111111111111,0,0,0,0,500 Server Error: Internal Server Error for url: http://localhost:11434/api/generate,,,,,,
3,First-line anemia in lower-risk MDS,none,no_kg,llama3.1:405b,0,8,A,1,1.0,1,1,1,1,,both,consistent,4.0,"Drug-8 has strong evidence in the knowledge graph, targeting a pathway directly related to anemia in MDS, and its mechanism is consistent with my prior knowledge of anemia treatment.",0.625,2.375
3,First-line anemia in lower-risk MDS,none,no_kg,llama3.1:405b,1,8,D,3,0.3333333333333333,0,1,1,1,,kg,consistent,2.0,Drug-8 has limited but consistent evidence in the knowledge graph.,0.375,1.875
3,Palmoplantar pustulosis (PMDA),none,no_kg,llama3.1:405b,0,8,D,4,0.25,0,0,1,1,,kg,conflicting,2.0,"Drug-8 has some evidence from the knowledge graph, but it conflicts with my prior knowledge, making its mechanism uncertain.",0.625,1.875
3,Palmoplantar pustulosis (PMDA),none,no_kg,llama3.1:405b,1,8,E,2,0.5,0,1,1,1,,kg,consistent,3.0,"The knowledge graph reports that Drug-8 targets a protein involved in the TNF-alpha pathway, which is relevant to PMDA.",0.375,2.0
3,Acute HCV pediatric,none,no_kg,llama3.1:405b,0,8,D,4,0.25,0,0,1,1,,both,conflicting,2.0,"The knowledge graph reports a weak association between Drug-8 and an HCV-related pathway, but prior knowledge suggests it may have off-target effects.",0.625,2.25
3,Acute HCV pediatric,none,no_kg,llama3.1:405b,1,8,E,3,0.3333333333333333,0,1,1,1,,prior,insufficient,2.0,"While lacking direct evidence, Drug-8's known immunomodulatory effects could potentially benefit HCV treatment, warranting further investigation.",0.5,1.875
3,Oral tablet formulation for weight management,none,no_kg,llama3.1:405b,0,8,A,1,1.0,1,1,1,1,,both,consistent,4.0,"Drug-8 has been linked to weight management through its effect on the melanocortin-4 receptor pathway, which is consistent with its known pharmacological action.",0.5,2.0
3,Oral tablet formulation for weight management,none,no_kg,llama3.1:405b,1,8,E,5,0.2,0,0,1,1,,prior,insufficient,1.0,"There is limited information available on Drug-8, making it difficult to assess its potential for weight management.",0.625,2.375
3,Nephrotic syndrome,none,no_kg,llama3.1:405b,0,8,C,2,0.5,0,1,1,1,,kg,consistent,4.0,"The knowledge graph shows a clear mechanistic link between Drug-1 and Nephrotic syndrome, although prior knowledge does not provide additional support.",0.5,2.375
3,Nephrotic syndrome,none,no_kg,llama3.1:405b,1,8,F,4,0.25,0,0,1,1,,prior,insufficient,3.0,"Similar to Drug-2, my prior knowledge indicates some potential for Drug-1, but without knowledge graph evidence, I remain cautious.",0.375,2.625
3,KRAS G12C+ mCRC,none,no_kg,llama3.1:405b,0,8,F,6,0.16666666666666666,0,0,0,1,,prior,insufficient,1.0,"Without clear evidence or mechanistic rationale linking Drug-8 to KRAS G12C+ mCRC, its potential effectiveness is highly uncertain.",0.625,2.375
3,KRAS G12C+ mCRC,none,no_kg,llama3.1:405b,1,8,F,5,0.2,0,0,1,1,,prior,insufficient,2.0,"With no information from the knowledge graph, my prior knowledge suggests Drug-8 may have some potential against KRAS G12C+ mCRC, but its mechanism of action is less clear and warrants further study.",0.5,2.625
3,Retinal vein occlusion,none,no_kg,llama3.1:405b,0,8,C,3,0.3333333333333333,0,1,1,1,,prior,insufficient,3.0,"Drug-8 has known anti-inflammatory properties, which could be beneficial in treating RVO complications.",0.25,2.5
3,Retinal vein occlusion,none,no_kg,llama3.1:405b,1,8,G,7,0.14285714285714285,0,0,0,1,,prior,insufficient,1.0,"There is no knowledge-graph evidence for Drug-8, and its pharmacological properties do not suggest an obvious connection to retinal vein occlusion.",0.625,2.25
3,TRD monotherapy,none,no_kg,llama3.1:405b,0,8,A,3,0.3333333333333333,0,1,1,1,,prior,insufficient,2.0,"Some pharmacological properties suggest potential efficacy, but no direct evidence is available.",0.5,1.875
3,TRD monotherapy,none,no_kg,llama3.1:405b,1,8,D,8,0.125,0,0,0,1,,prior,insufficient,1.0,Drug-8 has the least apparent connection to treating TRD monotherapy based on prior knowledge and no supporting evidence from the graph.,0.375,2.875
3,Reduce MACE in CVD + obesity/overweight,none,no_kg,llama3.1:405b,0,8,B,7,0.14285714285714285,0,0,0,1,,prior,insufficient,1.0,"Drug-8 has an uncertain mechanistic link to the target disease, with no clear evidence and based on prior pharmacological knowledge.",0.5,1.875
3,Reduce MACE in CVD + obesity/overweight,none,no_kg,llama3.1:405b,1,8,A,7,0.14285714285714285,0,0,0,1,,prior,insufficient,1.0,"Without knowledge graph evidence, my prior knowledge does not provide sufficient information to assess the mechanistic plausibility of Drug-8 for this disease.",0.625,2.375
3,Indolent systemic mastocytosis (EMA),none,no_kg,llama3.1:405b,0,8,C,3,0.3333333333333333,0,1,1,1,,kg,consistent,4.0,"The knowledge graph indicates Drug-8 acts on the PI3K/AKT pathway, relevant to mast cell survival and proliferation.",0.5,2.75
3,Indolent systemic mastocytosis (EMA),none,no_kg,llama3.1:405b,1,8,A,1,1.0,1,1,1,1,,both,consistent,4.0,"Strong mechanistic link to mast cell stabilization, supported by both knowledge-graph evidence and prior pharmacological knowledge.",0.625,2.625
3,IgG4-related disease,none,no_kg,llama3.1:405b,0,8,H,8,0.125,0,0,0,1,,prior,insufficient,1.0,"With no evidence from the knowledge graph and limited prior knowledge, Drug-8's potential for IgG4-related disease is highly uncertain.",0.625,2.625
3,IgG4-related disease,none,no_kg,llama3.1:405b,1,8,D,5,0.2,0,0,1,1,,prior,insufficient,1.0,"I have limited knowledge about Drug-8, and there is no evidence from the knowledge graph to support its use in IgG4-related disease.",0.375,1.875
3,COVID-19 (expanded population),none,no_kg,llama3.1:405b,0,8,D,6,0.16666666666666666,0,0,0,1,,kg,consistent,1.0,"The knowledge graph reports a weak link between Drug-8 and COVID-19, but my prior knowledge is limited.",0.625,1.875
3,COVID-19 (expanded population),none,no_kg,llama3.1:405b,1,8,A,1,1.0,1,1,1,1,,both,consistent,4.0,Drug-8 has evidence of targeting a protein involved in viral replication and shows promise based on prior knowledge of its antiviral properties.,0.5,2.75
3,Obstructive sleep apnea with obesity,none,no_kg,llama3.1:405b,0,8,E,5,0.2,0,0,1,1,,prior,insufficient,2.0,Drug-8 lacks direct evidence but has some plausible pharmacological mechanisms that could be relevant.,0.5,2.0
3,Obstructive sleep apnea with obesity,none,no_kg,llama3.1:405b,1,8,H,8,0.125,0,0,0,1,,prior,insufficient,1.0,There is no information available on the potential role of Drug-8 in treating obstructive sleep apnea or obesity.,0.5,2.25
3,Biliary tract cancer 1L,none,no_kg,llama3.1:405b,0,8,D,4,0.25,0,0,1,1,,prior,insufficient,2.0,"Drug-8 lacks direct evidence in the knowledge graph, and its pharmacological profile does not strongly suggest efficacy for Biliary tract cancer 1L.",0.375,2.375
3,Biliary tract cancer 1L,none,no_kg,llama3.1:405b,1,8,A,1,1.0,1,1,1,1,,kg,consistent,4.0,"Drug-8 has a clear mechanistic link through the knowledge graph, involving inhibition of a key kinase in the PI3K/AKT pathway, which is known to be involved in Biliary tract cancer.",0.625,2.625
3,Retinal vein occlusion,none,no_kg,llama3.1:405b,0,8,F,4,0.25,0,0,1,1,,prior,insufficient,2.0,"Although no evidence is provided, Drug-8 has anti-thrombotic properties that could be relevant to retinal vein occlusion based on prior knowledge.",0.5,2.25
3,Retinal vein occlusion,none,no_kg,llama3.1:405b,1,8,D,6,0.16666666666666666,0,0,0,1,,prior,insufficient,2.0,The lack of evidence makes it difficult to assess Drug-8's potential efficacy for retinal vein occlusion.,0.5,2.625
3,Chorea associated with Huntington's disease,none,no_kg,llama3.1:405b,0,8,A,1,1.0,1,1,1,1,,both,consistent,4.0,"Drug-6 has been linked to a target that modulates the dopamine pathway, which is involved in chorea associated with Huntington's disease.",0.5,2.25
3,Chorea associated with Huntington's disease,none,no_kg,llama3.1:405b,1,8,D,2,0.5,0,1,1,1,,both,consistent,4.0,"Drug-6 shows promise with its target linked to a relevant pathway, albeit with slightly less direct evidence than Drug-3.",0.375,2.0
3,High LDL-C with increased CV risk (expanded),none,no_kg,llama3.1:405b,0,8,D,4,0.25,0,0,1,1,,prior,insufficient,3.0,"Drug-8 has been used to treat related conditions, but its direct relevance to High LDL-C is uncertain without further evidence.",0.625,2.625
3,High LDL-C with increased CV risk (expanded),none,no_kg,llama3.1:405b,1,8,A,1,1.0,1,1,1,1,,both,consistent,4.0,Drug-8 has strong mechanistic links to the target disease via the knowledge graph and is supported by my prior knowledge of its lipid-lowering effects.,0.5,2.25
3,Polycythaemia vera and essential thrombocytopenia,none,no_kg,llama3.1:405b,0,8,E,1,1.0,1,1,1,1,,both,consistent,4.0,"Drug-1 has been shown to target the JAK2 pathway, which is a key driver of Polycythaemia vera and essential thrombocytopenia.",0.375,1.875
3,Polycythaemia vera and essential thrombocytopenia,none,no_kg,llama3.1:405b,1,8,E,5,0.2,0,0,1,1,,kg,conflicting,2.0,"Drug-1's mechanism as reported by the knowledge graph appears to target a pathway not directly implicated in Polycythaemia vera and essential thrombocytopenia, making its therapeutic potential less clear.",0.5,2.625
3,Schnitzler syndrome (Japan),none,no_kg,llama3.1:405b,0,8,D,2,0.5,0,1,1,1,,both,consistent,4.0,"The knowledge graph suggests Drug-6 targets a pathway involved in inflammation, which aligns with my understanding of Schnitzler syndrome's inflammatory components.",0.375,2.625
3,Schnitzler syndrome (Japan),none,no_kg,llama3.1:405b,1,8,C,8,0.125,0,0,0,1,,kg,conflicting,1.0,"The knowledge graph indicates Drug-6 may have pro-inflammatory effects, which would be detrimental in treating Schnitzler syndrome.",0.375,1.875
3,COVID-19 updated strain,none,no_kg,llama3.1:405b,0,8,C,2,0.5,0,1,1,1,,kg,consistent,4.0,"The knowledge graph reports that Drug-8 inhibits the PI3K/AKT pathway, which is involved in viral entry and replication.",0.625,2.375
3,COVID-19 updated strain,none,no_kg,llama3.1:405b,1,8,D,7,0.14285714285714285,0,0,0,1,,kg,conflicting,1.0,"The knowledge graph suggests that Drug-8 interacts with a relevant target, but this is disputed by pharmacological knowledge.",0.625,2.25
3,Delay T1D onset in children ≥1yr,none,no_kg,llama3.1:405b,0,8,D,4,0.25,0,0,1,1,,kg,conflicting,2.0,"The knowledge graph evidence suggests that Drug-7 targets a pathway involved in inflammation, but prior knowledge indicates it may also have pro-inflammatory effects, conflicting with its potential benefit in T1D.",0.5,2.375
3,Delay T1D onset in children ≥1yr,none,no_kg,llama3.1:405b,1,8,F,6,0.16666666666666666,0,0,0,1,,prior,insufficient,1.0,"No evidence is provided for Drug-7, and its pharmacological properties do not clearly suggest a role in delaying T1D onset.",0.375,1.875
3,"mCRC BRAF V600E (traditional approval, was accelerated)",none,no_kg,llama3.1:405b,0,8,H,8,0.125,0,0,0,1,,prior,insufficient,1.0,"There is no clear mechanism for Drug-5 in the treatment of mCRC BRAF V600E, and no knowledge graph evidence.",0.625,2.375
3,"mCRC BRAF V600E (traditional approval, was accelerated)",none,no_kg,llama3.1:405b,1,8,E,5,0.2,0,0,1,1,,both,conflicting,2.0,"Despite the knowledge graph suggesting a link to the MAPK pathway, Drug-5's mechanism might actually exacerbate BRAF V600E-driven mCRC due to potential feedback loop activation.",0.375,2.25
3,Diabetic retinopathy/DME (EMA Mar+May 2026),none,no_kg,llama3.1:405b,0,8,F,7,0.14285714285714285,0,0,0,1,,kg,insufficient,1.0,"The knowledge graph provides minimal and indirect evidence for Drug-8's link to the disease, making assessment uncertain.",0.625,2.5
3,Diabetic retinopathy/DME (EMA Mar+May 2026),none,no_kg,llama3.1:405b,1,8,A,1,1.0,1,1,1,1,,both,consistent,4.0,"Drug-8 has been linked to targets involved in the VEGF signaling pathway, which is a key player in Diabetic retinopathy/DME pathogenesis.",0.5,2.875
3,Cerebral folate transport deficiency,none,no_kg,llama3.1:405b,0,8,G,7,0.14285714285714285,0,0,0,1,,prior,insufficient,1.0,My prior knowledge does not suggest a strong connection between Drug-1 and cerebral folate transport deficiency.,0.375,1.875
3,Cerebral folate transport deficiency,none,no_kg,llama3.1:405b,1,8,H,8,0.125,0,0,0,1,,prior,insufficient,1.0,There is little to no rationale for Drug-1 in treating cerebral folate transport deficiency based on available information.,0.25,2.125
3,Heart failure (broadened),none,no_kg,llama3.1:405b,0,8,F,4,0.25,0,0,1,1,,kg,conflicting,2.0,"The knowledge graph reports a link between Drug-4 and heart failure, but it conflicts with my understanding of the drug's mechanism, which suggests a potential adverse effect.",0.375,2.25
3,Heart failure (broadened),none,no_kg,llama3.1:405b,1,8,F,4,0.25,0,0,1,1,,kg,consistent,3.0,"Drug-4 demonstrates some mechanistic links to heart failure, primarily through pathway associations in the knowledge graph.",0.5,2.625
3,Acquired hypofibrinogenemia in cardiovascular surgery,none,no_kg,llama3.1:405b,0,8,F,6,0.16666666666666666,0,0,0,1,,prior,insufficient,2.0,"No direct evidence is available, and Drug-7's pharmacological profile does not suggest an obvious connection to the disease.",0.625,2.5
3,Acquired hypofibrinogenemia in cardiovascular surgery,none,no_kg,llama3.1:405b,1,8,E,3,0.3333333333333333,0,1,1,1,,prior,insufficient,2.0,"Although there is no direct evidence, Drug-7 has a mechanism of action that may potentially influence coagulation pathways.",0.625,1.875
3,COPD,none,no_kg,llama3.1:405b,0,8,H,7,0.14285714285714285,0,0,0,1,,prior,insufficient,1.0,"Drug-8 lacks clear connections to COPD mechanisms, making its therapeutic potential uncertain.",0.625,2.375
3,COPD,none,no_kg,llama3.1:405b,1,8,C,2,0.5,0,1,1,1,,kg,consistent,4.0,"The knowledge graph shows a clear mechanistic link between Drug-8 and COPD, with multiple targets involved in disease-relevant pathways.",0.625,2.75
3,Chronic hepatitis B (pediatric),none,no_kg,llama3.1:405b,0,8,B,8,0.125,0,0,0,1,,prior,insufficient,1.0,"There is no evidence in the knowledge graph to support Drug-6's use for hepatitis B, and its mechanism of action does not suggest a clear connection.",0.5,1.875
3,Chronic hepatitis B (pediatric),none,no_kg,llama3.1:405b,1,8,G,7,0.14285714285714285,0,0,0,1,,both,conflicting,2.0,"Despite the knowledge graph indicating Drug-6 targets a relevant pathway, prior knowledge suggests it may have significant side effects limiting its use in pediatric patients.",0.625,2.5
3,HoFH pediatric (EMA),none,no_kg,llama3.1:405b,0,8,G,7,0.14285714285714285,0,0,0,1,,prior,insufficient,1.0,"Drug-8 lacks both direct knowledge graph evidence and a clear pharmacological basis for treating HoFH pediatric, making it less plausible.",0.5,1.875
3,HoFH pediatric (EMA),none,no_kg,llama3.1:405b,1,8,G,7,0.14285714285714285,0,0,0,1,,kg,conflicting,1.0,"The knowledge graph suggests a conflicting mechanism of action for Drug-8, which is not supported by prior pharmacological knowledge.",0.625,2.125
3,HR+/HER2- breast cancer,none,no_kg,llama3.1:405b,0,8,F,7,0.14285714285714285,0,0,0,1,,prior,insufficient,1.0,"Drug-8 has not been studied in the context of HR+/HER2- breast cancer, making it uncertain.",0.375,2.25
3,HR+/HER2- breast cancer,none,no_kg,llama3.1:405b,1,8,A,2,0.5,0,1,1,1,,kg,consistent,3.0,The knowledge graph indicates Drug-8 targets a protein involved in cell proliferation pathways relevant to cancer.,0.625,2.5
3,Retinopathy of prematurity,none,no_kg,llama3.1:405b,0,8,F,6,0.16666666666666666,0,0,0,1,,prior,insufficient,1.0,"Drug-7 has no evidence from the knowledge graph, and its pharmacological properties do not suggest a clear benefit for ROP treatment.",0.375,2.25
3,Retinopathy of prematurity,none,no_kg,llama3.1:405b,1,8,F,6,0.16666666666666666,0,0,0,1,,prior,insufficient,1.0,"There is no evidence to support the use of Drug-7 in treating Retinopathy of prematurity, and its mechanism is not well-understood.",0.625,2.0
3,Agitation associated with Alzheimer's dementia,none,no_kg,llama3.1:405b,0,8,A,4,0.25,0,0,1,1,,kg,conflicting,2.0,"The knowledge graph provides a link between Drug-3 and the target disease, but it contradicts prior pharmacological knowledge, casting doubt on its plausibility.",0.375,2.125
3,Agitation associated with Alzheimer's dementia,none,no_kg,llama3.1:405b,1,8,B,2,0.5,0,1,1,1,,kg,consistent,4.0,The knowledge graph provides strong evidence for Drug-3's association with the disease pathway.,0.625,2.75
3,Heterozygous familial hypercholesterolemia,none,no_kg,llama3.1:405b,0,8,F,7,0.14285714285714285,0,0,0,1,,kg,conflicting,1.0,"The knowledge graph evidence for Drug-5 is conflicting and inconsistent with prior knowledge, making it a low-confidence candidate.",0.625,2.0
3,Heterozygous familial hypercholesterolemia,none,no_kg,llama3.1:405b,1,8,C,4,0.25,0,0,1,1,,prior,insufficient,3.0,"Prior knowledge suggests a possible effect on lipid metabolism, but no direct evidence is provided.",0.625,2.5
3,Indolent systemic mastocytosis,none,no_kg,llama3.1:405b,0,8,B,2,0.5,0,1,1,1,,kg,consistent,4.0,"The knowledge graph shows Drug-8's modulation of the PI3K/AKT pathway, which is involved in mast cell survival and proliferation.",0.625,3.0
3,Indolent systemic mastocytosis,none,no_kg,llama3.1:405b,1,8,E,3,0.3333333333333333,0,1,1,1,,both,conflicting,3.0,"Although the knowledge graph suggests Drug-8 inhibits STAT3, a transcription factor involved in mast cell survival, my prior knowledge indicates its primary target is not directly related to mastocytosis.",0.5,2.5
3,Juvenile idiopathic arthritis (EMA Feb 2026),none,no_kg,llama3.1:405b,0,8,H,8,0.125,0,0,0,1,,kg,conflicting,1.0,"The knowledge graph evidence for Drug-6 conflicts with established pharmacological understanding, making it an unlikely candidate for JIA treatment.",0.625,2.75
3,Juvenile idiopathic arthritis (EMA Feb 2026),none,no_kg,llama3.1:405b,1,8,H,8,0.125,0,0,0,1,,prior,insufficient,1.0,"Drug-6's mechanism of action is unclear, and there is no obvious connection to juvenile idiopathic arthritis.",0.5,2.5
3,Invasive fungal infections pediatric ≥2yr,none,no_kg,llama3.1:405b,0,8,E,3,0.3333333333333333,0,1,1,1,,prior,insufficient,3.0,"Although no knowledge graph evidence is available, prior pharmacological knowledge suggests that Drug-5 may have antifungal properties.",0.5,2.25
3,Invasive fungal infections pediatric ≥2yr,none,no_kg,llama3.1:405b,1,8,B,2,0.5,0,1,1,1,,both,consistent,4.0,Drug-5's knowledge graph evidence and its known antifungal effects support its potential for treating invasive fungal infections.,0.5,2.0
3,PKU expanded to ≥12yr,none,no_kg,llama3.1:405b,0,8,D,4,0.25,0,0,1,1,,kg,conflicting,2.0,"The knowledge graph evidence for Drug-7 is conflicting, and my prior knowledge does not strongly support its efficacy for this disease.",0.625,2.125
3,PKU expanded to ≥12yr,none,no_kg,llama3.1:405b,1,8,F,5,0.2,0,0,1,1,,kg,conflicting,2.0,"The knowledge graph indicates a pathway association, but known pharmacological effects of Drug-7 raise doubts about its suitability for PKU.",0.625,2.625
3,HR+/HER2-low breast cancer,none,no_kg,llama3.1:405b,0,8,B,2,0.5,0,1,1,1,,both,consistent,4.0,"Similar to Drug-1, Drug-8's mechanistic link through the PI3K/AKT pathway supports its plausibility.",0.375,2.375
3,HR+/HER2-low breast cancer,none,no_kg,llama3.1:405b,1,8,D,6,0.16666666666666666,0,0,0,1,,prior,insufficient,2.0,"Drug-8 has been used in other contexts, but its mechanism is not well-established for HR+/HER2-low breast cancer.",0.625,2.625
3,Spinal muscular atrophy (pediatric expansion),none,no_kg,llama3.1:405b,0,8,G,7,0.14285714285714285,0,0,0,1,,kg,insufficient,1.0,The knowledge graph does not provide sufficient evidence to support the use of Drug-8 for Spinal muscular atrophy.,0.625,2.125
3,Spinal muscular atrophy (pediatric expansion),none,no_kg,llama3.1:405b,1,8,B,7,0.14285714285714285,0,0,0,1,,kg,insufficient,1.0,"The knowledge graph provides limited evidence for Drug-8, and its relevance to spinal muscular atrophy is unclear.",0.625,2.5
3,Chronic kidney disease,none,no_kg,llama3.1:405b,0,8,E,3,0.3333333333333333,0,1,1,1,,prior,insufficient,3.0,"Drug-5 is known to have anti-inflammatory properties, which could be beneficial in CKD treatment, but lacks specific evidence from the knowledge graph.",0.625,2.25
3,Chronic kidney disease,none,no_kg,llama3.1:405b,1,8,E,2,0.5,0,1,1,1,,both,consistent,4.0,"Drug-5 shows promising mechanistic links in the graph, supported by pharmacological principles related to CKD treatment.",0.5,2.625
3,IgE-mediated food allergy,none,no_kg,llama3.1:405b,0,8,D,1,1.0,1,1,1,1,,prior,insufficient,4.0,"Drug-4 has been used to treat similar allergic conditions, and its mechanism of action suggests potential efficacy in IgE-mediated food allergy.",0.375,2.75
3,IgE-mediated food allergy,none,no_kg,llama3.1:405b,1,8,H,7,0.14285714285714285,0,0,0,1,,prior,insufficient,1.0,"No evidence was provided for Drug-1, and its pharmacological properties do not suggest a clear link to the treatment of IgE-mediated food allergy.",0.625,2.25
3,Measles prophylaxis post-exposure,none,no_kg,llama3.1:405b,0,8,C,2,0.5,0,1,1,1,,kg,consistent,3.0,"The knowledge graph reports Drug-1 as a modulator of the immune response pathway, relevant to measles prophylaxis.",0.5,1.875
3,Measles prophylaxis post-exposure,none,no_kg,llama3.1:405b,1,8,C,1,1.0,1,1,1,1,,both,consistent,4.0,Drug-1 shows promise through both knowledge graph associations and prior knowledge indicating its potential to modulate immune responses relevant to measles prophylaxis.,0.375,2.5
3,CKD in T2D,none,no_kg,llama3.1:405b,0,8,B,5,0.2,0,0,1,1,,prior,insufficient,2.0,"There is limited evidence for Drug-8's effectiveness in treating CKD and T2D, but it has been used to treat related conditions.",0.5,2.5
3,CKD in T2D,none,no_kg,llama3.1:405b,1,8,G,7,0.14285714285714285,0,0,0,1,,prior,insufficient,2.0,"Without specific evidence in the knowledge graph, Drug-8's potential efficacy is uncertain and relies on general pharmacological principles.",0.625,3.0
3,dMMR recurrent/advanced endometrial cancer,none,no_kg,llama3.1:405b,0,8,C,6,0.16666666666666666,0,0,0,1,,prior,insufficient,2.0,"No evidence is provided for Drug-8, and my prior knowledge does not suggest a strong connection to the target disease.",0.375,2.75
3,dMMR recurrent/advanced endometrial cancer,none,no_kg,llama3.1:405b,1,8,H,8,0.125,0,0,0,1,,prior,insufficient,1.0,"For Drug-8, there is neither knowledge graph evidence nor a compelling pharmacological rationale to support its use in treating dMMR recurrent/advanced endometrial cancer.",0.625,2.25
3,ILD-associated pulmonary hypertension,none,no_kg,llama3.1:405b,0,8,B,2,0.5,0,1,1,1,,kg,consistent,4.0,The knowledge graph shows Drug-3 acting on a target that influences a key pathway in ILD-associated pulmonary hypertension.,0.5,2.5
3,ILD-associated pulmonary hypertension,none,no_kg,llama3.1:405b,1,8,F,6,0.16666666666666666,0,0,0,1,,prior,insufficient,1.0,Insufficient evidence and lack of clear pharmacological rationale linking this drug to pulmonary hypertension treatment.,0.125,1.875
3,Crohn's disease,none,no_kg,llama3.1:405b,0,8,B,5,0.2,0,0,1,1,,prior,insufficient,1.0,"Without direct evidence, I rely on my limited pharmacological knowledge, which suggests that Drug-8 may not be strongly related to Crohn's disease.",0.375,1.875
3,Crohn's disease,none,no_kg,llama3.1:405b,1,8,C,4,0.25,0,0,1,1,,kg,conflicting,2.0,"Although the knowledge graph links Drug-8 to a relevant pathway, other evidence suggests it may exacerbate Crohn's disease symptoms.",0.625,2.25
3,COVID-19 in severe renal impairment/dialysis,none,no_kg,llama3.1:405b,0,8,A,1,1.0,1,1,1,1,,both,consistent,4.0,Drug-8 has strong mechanistic links to COVID-19 treatment and is less likely to be affected by renal impairment.,0.625,2.25
3,COVID-19 in severe renal impairment/dialysis,none,no_kg,llama3.1:405b,1,8,H,8,0.125,0,0,0,1,,prior,insufficient,1.0,"There is limited information available about Drug-8, and its mechanism of action does not suggest clear efficacy against COVID-19 in severe renal impairment.",0.5,1.875
3,MASH with fibrosis,none,no_kg,llama3.1:405b,0,8,C,6,0.16666666666666666,0,0,0,1,,prior,insufficient,2.0,"Drug-8's mechanism does not obviously relate to the disease, but its pharmacology is complex and might have unexpected benefits.",0.375,2.25
3,MASH with fibrosis,none,no_kg,llama3.1:405b,1,8,C,2,0.5,0,1,1,1,,kg,consistent,4.0,"The knowledge graph evidence provides a clear link between Drug-8 and the target disease, with multiple mechanistic connections supporting its potential efficacy.",0.5,2.375
3,Urothelial carcinoma (expanded population),none,no_kg,llama3.1:405b,0,8,A,1,1.0,1,1,1,1,,both,consistent,4.0,"Drug-8 has a strong mechanistic link to the target disease through its inhibition of FGFR3, which is often mutated in urothelial carcinoma.",0.5,2.625
3,Urothelial carcinoma (expanded population),none,no_kg,llama3.1:405b,1,8,B,6,0.16666666666666666,0,0,0,1,,kg,conflicting,1.0,"Despite evidence from the knowledge graph, Drug-8's mechanism is not well-aligned with prior understanding of urothelial carcinoma treatment.",0.5,2.25
3,Chronic thromboembolic pulmonary hypertension,none,no_kg,llama3.1:405b,0,8,E,3,0.3333333333333333,0,1,1,1,,prior,insufficient,3.0,"While there is no evidence from the knowledge graph, my pharmacological knowledge suggests Drug-7 may have some relevant effects, but this is uncertain.",0.5,2.375
3,Chronic thromboembolic pulmonary hypertension,none,no_kg,llama3.1:405b,1,8,A,1,1.0,1,1,1,1,,both,consistent,4.0,"Drug-7 has been linked to the BMPR2 pathway, which is involved in pulmonary hypertension.",0.625,2.5
3,Crohn's disease,none,no_kg,llama3.1:405b,0,8,F,6,0.16666666666666666,0,0,0,1,,prior,insufficient,1.0,"I have limited knowledge about Drug-8, and the knowledge graph provides no evidence for its relevance to Crohn's disease.",0.375,2.125
3,Crohn's disease,none,no_kg,llama3.1:405b,1,8,E,6,0.16666666666666666,0,0,0,1,,prior,insufficient,2.0,"Drug-8 has shown some promise in preclinical models for inflammatory diseases, but its relevance to Crohn's is speculative.",0.375,2.625
3,HoFH in children,none,no_kg,llama3.1:405b,0,8,F,8,0.125,0,0,0,1,,prior,insufficient,1.0,Minimal rationale for its application to this specific disease in pediatric populations without further research.,0.625,2.875
3,HoFH in children,none,no_kg,llama3.1:405b,1,8,B,7,0.14285714285714285,0,0,0,1,,prior,insufficient,1.0,Drug-8 has no clear association with lipid metabolism or HoFH treatment.,0.625,1.875
3,First-line anemia in lower-risk MDS,none,no_kg,llama3.1:405b,0,8,E,6,0.16666666666666666,0,0,0,1,,prior,insufficient,2.0,"Drug-7's impact on angiogenesis could indirectly affect hematopoiesis, but its relevance to MDS anemia is uncertain.",0.625,2.625
3,First-line anemia in lower-risk MDS,none,no_kg,llama3.1:405b,1,8,B,5,0.2,0,0,1,1,,kg,conflicting,2.0,"While the knowledge graph suggests a link, pharmacological knowledge indicates Drug-7's mechanism may not directly address anemia in MDS.",0.625,2.75
3,Generalized myasthenia gravis,none,no_kg,llama3.1:405b,0,8,H,8,0.125,0,0,0,1,,prior,insufficient,1.0,Drug-8 lacks evidence and does not show clear mechanistic relevance to myasthenia gravis based on prior pharmacological principles.,0.25,2.125
3,Generalized myasthenia gravis,none,no_kg,llama3.1:405b,1,8,G,7,0.14285714285714285,0,0,0,1,,prior,insufficient,1.0,"Drug-8's target and mechanism of action are unclear, making it difficult to assess its plausibility for the disease.",0.375,2.375
3,Acquired hypothalamic obesity,none,no_kg,llama3.1:405b,0,8,H,8,0.125,0,0,0,1,,prior,insufficient,1.0,"Due to a lack of evidence and unclear mechanisms, Drug-7's potential for treating hypothalamic obesity cannot be confidently assessed.",0.625,2.75
3,Acquired hypothalamic obesity,none,no_kg,llama3.1:405b,1,8,E,6,0.16666666666666666,0,0,0,1,,prior,insufficient,2.0,"Without specific evidence, Drug-7's potential effects on metabolism are speculative but could be worth exploring further.",0.625,2.5
3,HR+/HER2- node-positive high-risk early breast cancer,none,no_kg,llama3.1:405b,0,8,E,8,0.125,0,0,0,1,,kg,conflicting,1.0,"Despite some links in the knowledge graph, Drug-8's known effects are more aligned with treatment of other conditions and may be counterproductive for HR+/HER2- breast cancer.",0.625,2.5
3,HR+/HER2- node-positive high-risk early breast cancer,none,no_kg,llama3.1:405b,1,8,D,8,0.125,0,0,0,1,,kg,conflicting,1.0,"The knowledge graph evidence for Drug-8 is weak and conflicting, making it the least plausible candidate.",0.625,2.25
3,EGPA,none,no_kg,llama3.1:405b,0,8,H,8,0.125,0,0,0,1,,prior,conflicting,1.0,Drug-1's known pharmacology does not align well with the treatment of EGPA and lacks any supportive evidence from the knowledge graph.,0.625,3.0
3,EGPA,none,no_kg,llama3.1:405b,1,8,B,1,1.0,1,1,1,1,,kg,consistent,4.0,"Drug-1 has a clear mechanistic link to EGPA via the knowledge graph, with no conflicting information.",0.5,2.5
3,BRAF+ thyroid cancer,none,no_kg,llama3.1:405b,0,8,E,5,0.2,0,0,1,1,,kg,consistent,2.0,"The knowledge graph shows a weak association between Drug-6 and a protein related to thyroid cancer, but the evidence is sparse and lacks mechanistic detail.",0.5,2.125
3,BRAF+ thyroid cancer,none,no_kg,llama3.1:405b,1,8,G,7,0.14285714285714285,0,0,0,1,,prior,insufficient,1.0,"Drug-6 has been studied as an anti-cancer agent, but its specific mechanism of action is unclear and may not be directly relevant to BRAF+ thyroid cancer.",0.5,2.25
3,Giant cell arteritis,none,no_kg,llama3.1:405b,0,8,F,6,0.16666666666666666,0,0,0,1,,prior,insufficient,1.0,"Drug-8's mechanism of action is not clearly related to Giant cell arteritis, and its effectiveness is highly uncertain.",0.375,2.25
3,Giant cell arteritis,none,no_kg,llama3.1:405b,1,8,D,5,0.2,0,0,1,1,,prior,insufficient,2.0,"Drug-8 has immunomodulatory effects, but there is no clear connection to Giant cell arteritis pathophysiology.",0.5,2.375
3,dMMR/MSI-H primary advanced endometrial cancer,none,no_kg,llama3.1:405b,0,8,A,1,1.0,1,1,1,1,,both,consistent,5.0,"Drug-8 has strong knowledge graph evidence linking it to the disease via a well-established pathway, which aligns with my prior understanding of its pharmacological mechanism.",0.625,2.625
3,dMMR/MSI-H primary advanced endometrial cancer,none,no_kg,llama3.1:405b,1,8,C,2,0.5,0,1,1,1,,kg,consistent,3.0,"While the knowledge graph shows a mechanistic link, my pharmacological knowledge does not strongly support its efficacy for this specific disease.",0.625,1.875
3,Polymyalgia rheumatica,none,no_kg,llama3.1:405b,0,8,G,7,0.14285714285714285,0,0,0,1,,prior,insufficient,1.0,Drug-8 has no discernible connection to treating Polymyalgia rheumatica based on the provided evidence or pharmacological knowledge.,0.375,2.5
3,Polymyalgia rheumatica,none,no_kg,llama3.1:405b,1,8,F,6,0.16666666666666666,0,0,0,1,,prior,insufficient,2.0,"No direct evidence was provided for Drug-8, and its pharmacological profile does not clearly align with Polymyalgia rheumatica treatment.",0.5,2.5
3,Ph+ CML-CP frontline (EMA Feb 2026),none,no_kg,llama3.1:405b,0,8,B,5,0.2,0,0,1,1,,kg,insufficient,2.0,Sparse evidence in the knowledge graph and a lack of clear mechanistic links to key pathways involved in Ph+ CML-CP frontline treatment.,0.5,2.875
3,Ph+ CML-CP frontline (EMA Feb 2026),none,no_kg,llama3.1:405b,1,8,B,2,0.5,0,1,1,1,,kg,consistent,4.0,"The knowledge graph indicates Drug-8's action on a relevant pathway, but with less direct evidence than Drug-1.",0.625,2.375
3,Allergic fungal rhinosinusitis (AFRS) ≥6yr,none,no_kg,llama3.1:405b,0,8,B,5,0.2,0,0,1,1,,prior,insufficient,1.0,"Without evidence from the knowledge graph, my prior knowledge does not provide a strong rationale for Drug-8's efficacy in treating AFRS.",0.375,1.875
3,Allergic fungal rhinosinusitis (AFRS) ≥6yr,none,no_kg,llama3.1:405b,1,8,B,7,0.14285714285714285,0,0,0,1,,prior,insufficient,1.0,"Without any evidence from the knowledge graph, it is difficult to assess Drug-8's potential for treating AFRS, and its known side effects raise concerns.",0.625,1.75
3,RET-fusion NSCLC (expanded),none,no_kg,llama3.1:405b,0,8,F,6,0.16666666666666666,0,0,0,1,,prior,insufficient,2.0,No direct evidence from the knowledge graph; my prior knowledge suggests a less clear mechanistic rationale for use in RET-fusion NSCLC.,0.625,3.0
3,RET-fusion NSCLC (expanded),none,no_kg,llama3.1:405b,1,8,G,4,0.25,0,0,1,1,,kg,conflicting,2.0,"The knowledge graph suggests a link, but with inconsistencies; my prior knowledge does not strongly support Drug-8's efficacy for RET-fusion NSCLC.",0.375,2.25
3,"Crohn's disease (moderate-severe, refractory)",none,no_kg,llama3.1:405b,0,8,E,5,0.2,0,0,1,1,,kg,consistent,2.0,"Drug-7 has been associated with the modulation of the NF-kB pathway, which is relevant to Crohn's disease, but its efficacy and safety profile are not well established.",0.625,2.25
3,"Crohn's disease (moderate-severe, refractory)",none,no_kg,llama3.1:405b,1,8,B,5,0.2,0,0,1,1,,both,conflicting,2.0,"While the knowledge graph suggests that Drug-7 targets a relevant pathway (JAK/STAT), my prior knowledge indicates potential off-target effects, which may limit its efficacy in Crohn's disease.",0.625,2.5
3,Follicular lymphoma,none,no_kg,llama3.1:405b,0,8,B,6,0.16666666666666666,0,0,0,1,,prior,insufficient,2.0,"Drug-8 lacks direct evidence in the knowledge graph for treating follicular lymphoma, and its pharmacological profile does not strongly suggest a therapeutic effect on key pathways involved in this disease.",0.625,2.5
3,Follicular lymphoma,none,no_kg,llama3.1:405b,1,8,E,5,0.2,0,0,1,1,,prior,insufficient,2.0,"Drug-8 lacks clear evidence in the knowledge graph, but based on pharmacological principles, it might have some potential against follicular lymphoma.",0.625,2.125
3,Atopic dermatitis,none,no_kg,llama3.1:405b,0,8,B,2,0.5,0,1,1,1,,kg,consistent,3.0,"The knowledge graph reports Drug-7's association with the JAK/STAT pathway, which is implicated in atopic dermatitis.",0.625,2.625
3,Atopic dermatitis,none,no_kg,llama3.1:405b,1,8,B,6,0.16666666666666666,0,0,0,1,,kg,conflicting,2.0,"The knowledge graph associates Drug-7 with a pathway linked to atopic dermatitis, but prior knowledge indicates this association may be indirect or weak.",0.5,2.375
3,1L biliary tract cancer (+gemcitabine+cisplatin),none,no_kg,llama3.1:405b,0,8,H,8,0.125,0,0,0,1,,prior,insufficient,1.0,"There is limited information available on Drug-7's mechanism and potential anti-cancer effects, making it difficult to assess its plausibility for biliary tract cancer.",0.375,2.625
3,1L biliary tract cancer (+gemcitabine+cisplatin),none,no_kg,llama3.1:405b,1,8,F,6,0.16666666666666666,0,0,0,1,,kg,consistent,2.0,"The knowledge graph shows a weak association between Drug-7 and the disease, which reduces my confidence in its potential efficacy.",0.5,2.375
3,IV formulation for rheumatic diseases (EMA),none,no_kg,llama3.1:405b,0,8,C,2,0.5,0,1,1,1,,kg,consistent,4.0,"The knowledge graph shows a clear mechanistic link between Drug-5 and the target disease, with multiple pathways involved in inflammation and immune response.",0.5,2.375
3,IV formulation for rheumatic diseases (EMA),none,no_kg,llama3.1:405b,1,8,H,8,0.125,0,0,0,1,,prior,insufficient,1.0,"Drug-5 has no prior evidence and no supporting knowledge graph data, making its ranking highly uncertain.",0.5,2.625
3,BRAF+ thyroid cancer,none,no_kg,llama3.1:405b,0,8,E,3,0.3333333333333333,0,1,1,1,,prior,insufficient,3.0,"Although no direct evidence is provided, Drug-8 has been used to treat other cancers with similar molecular profiles, suggesting potential efficacy in BRAF+ thyroid cancer.",0.625,2.375
3,BRAF+ thyroid cancer,none,no_kg,llama3.1:405b,1,8,B,4,0.25,0,0,1,1,,kg,conflicting,2.0,"Drug-8's connection to a cell cycle pathway could be relevant, but the evidence is somewhat contradictory.",0.5,2.0
3,EGPA (expanded),none,no_kg,llama3.1:405b,0,8,A,1,1.0,1,1,1,1,,both,consistent,4.0,"Drug-7 has a well-documented link to the relevant pathway, supported by both the knowledge graph and established pharmacological mechanisms.",0.625,2.25
3,EGPA (expanded),none,no_kg,llama3.1:405b,1,8,B,4,0.25,0,0,1,1,,prior,insufficient,2.0,"Drug-7 has no clear mechanistic link to EGPA, but its pharmacological properties suggest it could be a potential candidate.",0.375,2.25
3,Pheochromocytoma/paraganglioma,none,no_kg,llama3.1:405b,0,8,G,8,0.125,0,0,0,1,,prior,insufficient,1.0,Drug-8 lacks any clear rationale for its potential efficacy against pheochromocytoma/paraganglioma.,0.5,2.375
3,Pheochromocytoma/paraganglioma,none,no_kg,llama3.1:405b,1,8,C,2,0.5,0,1,1,1,,kg,consistent,4.0,"Knowledge graph shows a clear association with the disease pathway, although pharmacological rationale is somewhat generic.",0.625,2.5
3,Pediatric atopic dermatitis,none,no_kg,llama3.1:405b,0,8,C,2,0.5,0,1,1,1,,both,consistent,4.0,"Drug-8 has been shown to inhibit the JAK/STAT pathway, which is involved in atopic dermatitis pathogenesis.",0.5,2.25
3,Pediatric atopic dermatitis,none,no_kg,llama3.1:405b,1,8,G,7,0.14285714285714285,0,0,0,1,,kg,insufficient,1.0,"Drug-8 has very limited mechanistic evidence and no prior support for its use in atopic dermatitis, making it difficult to assess its potential.",0.625,2.25
3,MSI-H/dMMR solid tumors (full approval conversion),none,no_kg,llama3.1:405b,0,8,H,8,0.125,0,0,0,1,,kg,conflicting,1.0,"The knowledge graph evidence for Drug-6 conflicts with established pharmacological knowledge, significantly reducing confidence in its potential efficacy.",0.625,2.375
3,MSI-H/dMMR solid tumors (full approval conversion),none,no_kg,llama3.1:405b,1,8,H,8,0.125,0,0,0,1,,prior,insufficient,1.0,"Drug-6 lacks a clear mechanistic rationale for treating MSI-H/dMMR solid tumors, with no supporting evidence in the knowledge graph.",0.625,2.5
3,Psoriasis in children 6-11 (cream),none,no_kg,llama3.1:405b,0,8,C,2,0.5,0,1,1,1,,both,consistent,4.0,"Drug-5 targets the IL-23 receptor, a key player in psoriasis pathogenesis, and has demonstrated efficacy in adult patients.",0.75,2.625
3,Psoriasis in children 6-11 (cream),none,no_kg,llama3.1:405b,1,8,F,6,0.16666666666666666,0,0,0,1,,prior,insufficient,1.0,"The mechanism of Drug-5 is unclear, and its relevance to psoriasis treatment is uncertain.",0.625,2.125
3,Pancreatic NET,none,no_kg,llama3.1:405b,0,8,B,3,0.3333333333333333,0,1,1,1,,prior,insufficient,3.0,"Although no direct evidence is available, Drug-5's pharmacological properties suggest potential efficacy against Pancreatic NET.",0.5,2.375
3,Pancreatic NET,none,no_kg,llama3.1:405b,1,8,B,5,0.2,0,0,1,1,,kg,conflicting,2.0,"The knowledge graph indicates that Drug-5 targets a protein in the NF-κB pathway, but pharmacological knowledge suggests this might not be as directly relevant to Pancreatic NET.",0.625,2.5
3,Ulcerative colitis,none,no_kg,llama3.1:405b,0,8,G,7,0.14285714285714285,0,0,0,1,,both,conflicting,1.0,"The knowledge graph suggests Drug-8 targets a relevant pathway, but prior knowledge indicates it may worsen symptoms due to its mechanism of action.",0.625,2.5
3,Ulcerative colitis,none,no_kg,llama3.1:405b,1,8,H,8,0.125,0,0,0,1,,prior,insufficient,1.0,Insufficient evidence from both the knowledge graph and prior knowledge makes it difficult to assess its potential efficacy for ulcerative colitis.,0.625,3.0
3,Gastric/GEJ adenocarcinoma (1L +chemo),none,no_kg,llama3.1:405b,0,8,F,7,0.14285714285714285,0,0,0,1,,kg,conflicting,1.0,"The knowledge graph evidence for Drug-8 is conflicting and does not strongly support its efficacy for gastric/GEJ adenocarcinoma, raising doubts about its potential.",0.625,2.25
3,Gastric/GEJ adenocarcinoma (1L +chemo),none,no_kg,llama3.1:405b,1,8,F,7,0.14285714285714285,0,0,0,1,,kg,conflicting,1.0,"Drug-8 has weak and conflicting evidence from the knowledge graph, raising significant doubts about its mechanistic plausibility.",0.625,2.5
3,Hidradenitis suppurativa,none,no_kg,llama3.1:405b,0,8,D,4,0.25,0,0,1,1,,kg,conflicting,1.0,"The knowledge graph suggests that Drug-7 targets a pathway not directly related to Hidradenitis suppurativa, and its efficacy is uncertain.",0.5,1.875
3,Hidradenitis suppurativa,none,no_kg,llama3.1:405b,1,8,E,3,0.3333333333333333,0,1,1,1,,prior,insufficient,3.0,"Although no evidence is provided, Drug-7 has a known anti-inflammatory effect that could be beneficial in treating Hidradenitis suppurativa.",0.5,2.25
3,Biliary tract cancer,none,no_kg,llama3.1:405b,0,8,H,6,0.16666666666666666,0,0,0,1,,prior,insufficient,2.0,"No knowledge graph evidence is provided for Drug-6, and its pharmacological properties are not clearly relevant to Biliary tract cancer.",0.625,2.875
3,Biliary tract cancer,none,no_kg,llama3.1:405b,1,8,H,8,0.125,0,0,0,1,,prior,insufficient,1.0,"Drug-6's mechanism of action does not suggest any clear benefit for treating biliary tract cancer, and no evidence was provided to support its use.",0.375,2.5
3,Antibody-mediated rejection in organ transplantation,none,no_kg,llama3.1:405b,0,8,H,8,0.125,0,0,0,1,,prior,insufficient,1.0,"Drug-1 has no evidence in the knowledge graph, and its mechanism is highly uncertain based on my prior knowledge.",0.375,2.375
3,Antibody-mediated rejection in organ transplantation,none,no_kg,llama3.1:405b,1,8,F,3,0.3333333333333333,0,1,1,1,,prior,insufficient,2.0,"Although no direct evidence is provided, Drug-1's mechanism of action suggests potential immunomodulatory effects relevant to antibody-mediated rejection.",0.625,2.0
3,Neoadj+adj HNSCC,none,no_kg,llama3.1:405b,0,8,G,4,0.25,0,0,1,1,,kg,conflicting,3.0,"The knowledge graph suggests a link between Drug-3's target and HNSCC, but prior knowledge indicates potential off-target effects that may reduce efficacy.",0.5,2.625
3,Neoadj+adj HNSCC,none,no_kg,llama3.1:405b,1,8,H,8,0.125,0,0,0,1,,prior,insufficient,1.0,"There is no clear evidence or prior knowledge supporting the use of Drug-3 for HNSCC, making it an uncertain candidate.",0.625,2.5
3,Ulcerative colitis,none,no_kg,llama3.1:405b,0,8,E,3,0.3333333333333333,0,1,1,1,,prior,insufficient,3.0,"Although no direct evidence is provided, Drug-7's known anti-inflammatory and antioxidant properties make it a plausible candidate for treating ulcerative colitis.",0.375,2.375
3,Ulcerative colitis,none,no_kg,llama3.1:405b,1,8,F,3,0.3333333333333333,0,1,1,1,,kg,consistent,3.0,"Drug-7's link to the TNF-alpha pathway has some relevance, but its impact on ulcerative colitis is less direct than other candidates.",0.375,2.5
3,dMMR/MSI-H primary advanced endometrial cancer (+chemo),none,no_kg,llama3.1:405b,0,8,B,2,0.5,0,1,1,1,,both,consistent,4.0,Drug-8 shows promising connections through relevant targets but slightly less direct evidence than Drug-2.,0.625,2.625
3,dMMR/MSI-H primary advanced endometrial cancer (+chemo),none,no_kg,llama3.1:405b,1,8,G,7,0.14285714285714285,0,0,0,1,,prior,insufficient,2.0,"Without substantial knowledge graph evidence, Drug-8's assessment leans on general pharmacological principles, which are less persuasive for this specific disease context.",0.625,2.625
3,GVHD + pediatric,none,no_kg,llama3.1:405b,0,8,H,8,0.125,0,0,0,1,,prior,insufficient,1.0,"I have no prior knowledge of Drug-5's mechanism or efficacy in GVHD, and the knowledge graph provides no evidence.",0.625,2.0
3,GVHD + pediatric,none,no_kg,llama3.1:405b,1,8,G,7,0.14285714285714285,0,0,0,1,,kg,conflicting,2.0,"The knowledge graph suggests an association between Drug-5 and a relevant target (IL6), but prior knowledge indicates potential side effects that may worsen GVHD symptoms.",0.625,2.625
3,Gastric/GEJ adenocarcinoma,none,no_kg,llama3.1:405b,0,8,F,6,0.16666666666666666,0,0,0,1,,kg,consistent,3.0,"The knowledge graph provides a plausible link, but its significance in the context of gastric adenocarcinoma treatment is uncertain.",0.625,2.25
3,Gastric/GEJ adenocarcinoma,none,no_kg,llama3.1:405b,1,8,C,3,0.3333333333333333,0,1,1,1,,both,consistent,3.0,"Although evidence for Drug-8 is less direct, its known pharmacological effects on related pathways support its potential efficacy.",0.625,2.625
3,COPD (EMA 2025),none,no_kg,llama3.1:405b,0,8,B,2,0.5,0,1,1,1,,kg,consistent,3.0,"Drug-6 shows clear associations in the knowledge graph, aligning with COPD treatment mechanisms.",0.625,2.0
3,COPD (EMA 2025),none,no_kg,llama3.1:405b,1,8,D,8,0.125,0,0,0,1,,prior,insufficient,1.0,"With no direct evidence and limited prior knowledge of its COPD relevance, Drug-6's potential is uncertain.",0.625,2.5
3,RAS wild-type HER2+ metastatic colorectal cancer,none,no_kg,llama3.1:405b,0,8,E,4,0.25,0,0,1,1,,both,conflicting,2.0,"The knowledge graph links Drug-8 to a relevant target, but my prior knowledge suggests that its activity may be limited by resistance mechanisms.",0.625,2.375
3,RAS wild-type HER2+ metastatic colorectal cancer,none,no_kg,llama3.1:405b,1,8,C,2,0.5,0,1,1,1,,kg,consistent,4.0,"The knowledge graph reports a clear association between Drug-8 and the PI3K/AKT pathway, which is relevant to HER2+ colorectal cancer.",0.5,2.25
3,Primary immunodeficiency pediatric (EMA),none,no_kg,llama3.1:405b,0,8,B,2,0.5,0,1,1,1,,kg,consistent,4.0,"The knowledge graph provides strong evidence for Drug-1's action on a key pathway involved in immunodeficiency, aligning with its potential therapeutic effect.",0.625,2.625
3,Primary immunodeficiency pediatric (EMA),none,no_kg,llama3.1:405b,1,8,F,4,0.25,0,0,1,1,,prior,insufficient,3.0,"Although no direct evidence is provided for Drug-1, my pharmacological knowledge suggests it may have a relevant mechanism of action.",0.625,2.25
3,BRAF V600E metastatic NSCLC,none,no_kg,llama3.1:405b,0,8,F,8,0.125,0,0,0,1,,prior,insufficient,1.0,"Drug-7 is a known inhibitor of mTOR, which is not directly related to BRAF V600E NSCLC.",0.375,2.375
3,BRAF V600E metastatic NSCLC,none,no_kg,llama3.1:405b,1,8,B,2,0.5,0,1,1,1,,kg,consistent,3.0,The knowledge graph indicates that Drug-7 targets a downstream pathway involved in NSCLC progression.,0.5,1.875
3,CRSwNP (eosinophilic chronic rhinosinusitis with nasal polyps),none,no_kg,llama3.1:405b,0,8,B,8,0.125,0,0,0,1,,prior,insufficient,1.0,"I have no knowledge about Drug-8's mechanism, and there is no clear link to CRSwNP.",0.625,2.25
3,CRSwNP (eosinophilic chronic rhinosinusitis with nasal polyps),none,no_kg,llama3.1:405b,1,8,H,8,0.125,0,0,0,1,,prior,insufficient,1.0,There is no clear rationale based on the knowledge graph or my prior pharmacological knowledge that would suggest Drug-8 as a strong candidate for treating CRSwNP.,0.5,2.5
3,Pediatric glioma (EMA),none,no_kg,llama3.1:405b,0,8,B,4,0.25,0,0,1,1,,prior,insufficient,2.0,"Drug-7 lacks evidence, and based on pharmacological knowledge, it's less likely to be effective.",0.375,2.25
3,Pediatric glioma (EMA),none,no_kg,llama3.1:405b,1,8,C,5,0.2,0,0,1,1,,kg,conflicting,2.0,"Drug-7 has a reported link to the NF-kB pathway, but its role in glioma is complex and could have both pro- and anti-tumorigenic effects.",0.375,2.25
3,Primary humoral immunodeficiency pediatric 2-11yr,none,no_kg,llama3.1:405b,0,8,C,3,0.3333333333333333,0,1,1,1,,both,conflicting,2.0,"Though the graph shows some relevant targets, these are not clearly linked to disease mechanisms; prior knowledge indicates potential side effects could outweigh benefits.",0.5,2.25
3,Primary humoral immunodeficiency pediatric 2-11yr,none,no_kg,llama3.1:405b,1,8,C,2,0.5,0,1,1,1,,both,consistent,4.0,"Drug-1's mechanism, supported by both the knowledge graph and prior pharmacological knowledge, suggests a plausible therapeutic effect on primary humoral immunodeficiency through modulation of immune pathways.",0.5,2.375
3,"ALK+ solid tumors (tissue-agnostic, world-first)",none,no_kg,llama3.1:405b,0,8,E,3,0.3333333333333333,0,1,1,1,,kg,conflicting,3.0,"The knowledge graph suggests a link from Drug-7 to ALK+ solid tumors, but prior knowledge indicates potential off-target effects.",0.625,2.75
3,"ALK+ solid tumors (tissue-agnostic, world-first)",none,no_kg,llama3.1:405b,1,8,B,2,0.5,0,1,1,1,,kg,consistent,4.0,"The knowledge graph indicates Drug-7 targets a relevant pathway for ALK+ solid tumors, aligning with expected treatment mechanisms.",0.625,2.625
3,Primary mediastinal large B-cell lymphoma,none,no_kg,llama3.1:405b,0,8,H,8,0.125,0,0,0,1,,kg,insufficient,1.0,"The knowledge graph offers too little evidence to support Drug-5's use, and pharmacological knowledge does not fill this gap.",0.625,2.375
3,Primary mediastinal large B-cell lymphoma,none,no_kg,llama3.1:405b,1,8,A,1,1.0,1,1,1,1,,prior,insufficient,4.0,"Drug-5 has no provided evidence, but its known anti-proliferative effects may be beneficial in treating cancer.",0.375,2.875
3,HR+/HER2- metastatic breast cancer,none,no_kg,llama3.1:405b,0,8,F,6,0.16666666666666666,0,0,0,1,,kg,consistent,3.0,"The knowledge graph provides some evidence for Drug-7's inhibition of the MAPK pathway, but prior knowledge suggests this may not be a key regulator in HR+/HER2- breast cancer.",0.5,2.75
3,HR+/HER2- metastatic breast cancer,none,no_kg,llama3.1:405b,1,8,D,4,0.25,0,0,1,1,,both,conflicting,3.0,"Drug-7 has knowledge-graph evidence suggesting its involvement in relevant pathways, but pharmacological knowledge indicates potential off-target effects that may limit efficacy.",0.625,2.25
3,HER2+ early-stage BC (neoadjuvant + adjuvant),none,no_kg,llama3.1:405b,0,8,C,5,0.2,0,0,1,1,,prior,insufficient,3.0,"Drug-8 has no direct evidence from the knowledge graph, but it may have some indirect effects on HER2+ breast cancer based on its pharmacological properties.",0.625,3.0
3,HER2+ early-stage BC (neoadjuvant + adjuvant),none,no_kg,llama3.1:405b,1,8,A,1,1.0,1,1,1,1,,both,consistent,4.0,"Drug-8 has strong mechanistic links to HER2+ early-stage BC through its target and pathway, consistent with my prior knowledge.",0.625,2.625
3,"Pediatric low-grade glioma (+dabrafenib, BRAF V600E)",none,no_kg,llama3.1:405b,0,8,D,4,0.25,0,0,1,1,,prior,insufficient,2.0,"No evidence is provided, and Drug-6's mechanism is unknown, making it harder to assess.",0.5,2.0
3,"Pediatric low-grade glioma (+dabrafenib, BRAF V600E)",none,no_kg,llama3.1:405b,1,8,G,6,0.16666666666666666,0,0,0,1,,kg,conflicting,1.0,"The knowledge graph indicates that Drug-6 targets the Notch pathway, but its role in glioma is still unclear.",0.5,1.875
3,mHSPC + ADT,none,no_kg,llama3.1:405b,0,8,A,1,1.0,1,1,1,1,,both,consistent,4.0,Drug-8 has strong evidence from the knowledge graph and is consistent with prior knowledge of its mechanism of action.,0.625,2.0
3,mHSPC + ADT,none,no_kg,llama3.1:405b,1,8,H,8,0.125,0,0,0,1,,prior,insufficient,1.0,No discernible relevance to mHSPC + ADT based on pharmacological knowledge and no supporting evidence.,0.5,2.5
3,Pediatric BRAF V600E low-grade glioma,none,no_kg,llama3.1:405b,0,8,H,8,0.125,0,0,0,1,,prior,insufficient,1.0,Drug-6 lacks clear mechanistic links to the disease and its treatment pathways based on available information.,0.375,3.125
3,Pediatric BRAF V600E low-grade glioma,none,no_kg,llama3.1:405b,1,8,E,3,0.3333333333333333,0,1,1,1,,prior,insufficient,3.0,"Although no evidence is provided, I know that Drug-6 has been used to treat other cancers with BRAF mutations, making it a plausible candidate.",0.625,2.25
3,HER2-mutant NSCLC (EMA),none,no_kg,llama3.1:405b,0,8,A,2,0.5,0,1,1,1,,kg,consistent,4.0,"The knowledge graph evidence suggests that Drug-8 targets a key pathway involved in HER2-mutant NSCLC, making it a plausible candidate.",0.625,2.5
3,HER2-mutant NSCLC (EMA),none,no_kg,llama3.1:405b,1,8,D,4,0.25,0,0,1,1,,kg,conflicting,1.0,"The knowledge graph suggests that Drug-8 targets a protein involved in the disease pathway, but prior knowledge indicates it may also have off-target effects.",0.625,2.125
3,Ph+ CML-CP after 2+ TKIs,none,no_kg,llama3.1:405b,0,8,F,6,0.16666666666666666,0,0,0,1,,both,consistent,5.0,"Strong evidence in the knowledge graph aligns with prior pharmacological understanding, indicating high mechanistic plausibility.",0.5,2.75
3,Ph+ CML-CP after 2+ TKIs,none,no_kg,llama3.1:405b,1,8,H,7,0.14285714285714285,0,0,0,1,,kg,insufficient,1.0,"The knowledge graph provides limited evidence for Drug-7, making it difficult to assess its mechanistic plausibility.",0.625,2.5
3,HR+/HER2- metastatic breast cancer,none,no_kg,llama3.1:405b,0,8,A,1,1.0,1,1,1,1,,both,consistent,4.0,"Drug-7 has evidence of targeting the PI3K/AKT pathway, which is frequently altered in HR+/HER2- breast cancer.",0.5,2.5
3,HR+/HER2- metastatic breast cancer,none,no_kg,llama3.1:405b,1,8,C,5,0.2,0,0,1,1,,prior,insufficient,2.0,"No clear mechanism for Drug-7 in HR+/HER2- breast cancer, but may have some non-specific effects.",0.375,2.25
3,HER2-mutant NSCLC (PMDA),none,no_kg,llama3.1:405b,0,8,C,8,0.125,0,0,0,1,,kg,conflicting,1.0,"Drug-8 is linked to HER2-mutant NSCLC through its inhibition of the PI3K/AKT pathway, but prior knowledge strongly suggests a conflicting mechanism of action and potential ineffectiveness.",0.625,2.25
3,HER2-mutant NSCLC (PMDA),none,no_kg,llama3.1:405b,1,8,E,3,0.3333333333333333,0,1,1,1,,both,consistent,4.0,"Drug-8's known activity against related targets and pathways, plus supporting knowledge-graph evidence, make it a strong candidate.",0.625,2.875
3,Follicular lymphoma (+obinutuzumab),none,no_kg,llama3.1:405b,0,8,D,4,0.25,0,0,1,1,,both,conflicting,2.0,"While the knowledge graph suggests that Drug-8 targets a relevant pathway, prior knowledge indicates potential off-target effects that may limit its efficacy for Follicular lymphoma.",0.625,2.25
3,Follicular lymphoma (+obinutuzumab),none,no_kg,llama3.1:405b,1,8,D,5,0.2,0,0,1,1,,prior,insufficient,2.0,"No evidence was provided for Drug-8, and its mechanism of action is not well understood in the context of follicular lymphoma.",0.5,2.375
3,Platinum-resistant ovarian carcinoma (PD-L1+ CPS≥1),none,no_kg,llama3.1:405b,0,8,E,3,0.3333333333333333,0,1,1,1,,prior,insufficient,3.0,"Although no direct evidence is provided, Drug-6 has been used in the treatment of similar cancers and may have some efficacy against platinum-resistant ovarian carcinoma.",0.375,2.375
3,Platinum-resistant ovarian carcinoma (PD-L1+ CPS≥1),none,no_kg,llama3.1:405b,1,8,H,8,0.125,0,0,0,1,,prior,insufficient,1.0,"There is limited information on Drug-6's mechanism or efficacy in ovarian cancer, making it the least plausible candidate.",0.5,2.75
3,Resectable gastric/GEJ adenocarcinoma (neoadj+adj +FLOT),none,no_kg,llama3.1:405b,0,8,A,1,1.0,1,1,1,1,,both,consistent,4.0,"Drug-7 has strong evidence from the knowledge graph, showing a clear mechanistic link to the disease pathway, and its pharmacological properties are consistent with treating gastric adenocarcinoma.",0.5,2.375
3,Resectable gastric/GEJ adenocarcinoma (neoadj+adj +FLOT),none,no_kg,llama3.1:405b,1,8,H,8,0.125,0,0,0,1,,kg,conflicting,1.0,"The knowledge graph's evidence for Drug-7 conflicts significantly with prior pharmacological knowledge, making it the least plausible candidate.",0.625,2.625
3,Advanced RCC after PD-1/PD-L1 + VEGF-TKI,none,no_kg,llama3.1:405b,0,8,B,5,0.2,0,0,1,1,,kg,consistent,2.0,"The knowledge graph evidence suggests that Drug-8 targets a protein involved in RCC, but its pathway is less relevant to cancer treatment compared to other candidates.",0.5,2.5
3,Advanced RCC after PD-1/PD-L1 + VEGF-TKI,none,no_kg,llama3.1:405b,1,8,F,7,0.14285714285714285,0,0,0,1,,kg,conflicting,1.0,"The knowledge graph reports conflicting associations between Drug-8 and the disease pathway, which reduces confidence in its potential efficacy.",0.625,2.25
3,HER2+ solid tumors (tumor-agnostic),none,no_kg,llama3.1:405b,0,8,B,2,0.5,0,1,1,1,,kg,consistent,4.0,"The knowledge graph suggests that Drug-8 targets a pathway involved in HER2 signaling, but its efficacy is uncertain without further evidence.",0.75,2.875
3,HER2+ solid tumors (tumor-agnostic),none,no_kg,llama3.1:405b,1,8,E,5,0.2,0,0,1,1,,prior,insufficient,2.0,"Drug-8's reported anti-proliferative effects may be beneficial, but its specific mechanism in HER2+ tumors is unclear.",0.625,2.5
3,HR+/HER2- early breast cancer (adjuvant),none,no_kg,llama3.1:405b,0,8,F,6,0.16666666666666666,0,0,0,1,,kg,conflicting,2.0,"The knowledge graph provides conflicting evidence for Drug-5's mechanistic link to the disease, and my prior knowledge does not clarify the situation.",0.5,2.5
3,HR+/HER2- early breast cancer (adjuvant),none,no_kg,llama3.1:405b,1,8,E,5,0.2,0,0,1,1,,kg,consistent,3.0,"The knowledge graph indicates a mechanistic link for Drug-5, but the evidence is not as strong as that for higher-ranked drugs.",0.625,2.75
3,Chronic lymphocytic leukemia,none,no_kg,llama3.1:405b,0,8,A,1,1.0,1,1,1,1,,both,consistent,4.0,"Drug-8 has strong evidence in the knowledge graph linking it to a key pathway involved in CLL, and its mechanism is consistent with established treatments.",0.625,1.875
3,Chronic lymphocytic leukemia,none,no_kg,llama3.1:405b,1,8,D,5,0.2,0,0,1,1,,kg,consistent,2.0,Drug-8 targets a related but less directly implicated pathway in CLL; its efficacy is plausible but less clear compared to top-ranked candidates.,0.625,2.25
3,Unresectable thymic carcinoma (PMDA),none,no_kg,llama3.1:405b,0,8,E,5,0.2,0,0,1,1,,kg,consistent,2.0,"Drug-7 has some supporting evidence from the knowledge graph, but its clinical relevance is uncertain.",0.625,2.25
3,Unresectable thymic carcinoma (PMDA),none,no_kg,llama3.1:405b,1,8,E,3,0.3333333333333333,0,1,1,1,,kg,consistent,3.0,"Drug-7 has some evidence in the knowledge graph, suggesting a potential link to thymic carcinoma treatment, but its mechanism is less clear-cut than top-ranked candidates.",0.625,2.25
3,IDH1-mutated relapsed/refractory MDS,none,no_kg,llama3.1:405b,0,8,H,8,0.125,0,0,0,1,,prior,insufficient,1.0,No clear evidence or pharmacological rationale exists to support its efficacy for this disease.,0.375,2.5
3,IDH1-mutated relapsed/refractory MDS,none,no_kg,llama3.1:405b,1,8,F,6,0.16666666666666666,0,0,0,1,,prior,insufficient,1.0,"Drug-8 has a novel mechanism of action, but its potential efficacy in IDH1-mutated relapsed/refractory MDS is uncertain.",0.5,2.0
3,Metastatic colorectal cancer,none,no_kg,llama3.1:405b,0,8,A,1,1.0,1,1,1,1,,both,consistent,4.0,"Drug-1 shows strong mechanistic links to colorectal cancer through the knowledge graph, and its pharmacological profile supports anti-cancer activity.",0.5,2.375
3,Metastatic colorectal cancer,none,no_kg,llama3.1:405b,1,8,C,2,0.5,0,1,1,1,,kg,consistent,4.0,"Drug-1 is linked to a target that influences cell proliferation, and while the evidence specifically for colorectal cancer is less direct than Drug-2, its impact on relevant pathways supports its potential efficacy.",0.625,3.0
3,Agitation associated with Alzheimer's dementia,primekg,kg,llama3.1:405b,0,8,C,2,0.5,0,1,1,1,,both,consistent,4.0,"Drug-8 targets ADRA1B, HTR1A, and DRD2, which are receptors involved in regulating mood, cognition, and agitation, making it a plausible candidate for treating agitation associated with Alzheimer's dementia.",0.375,2.875
3,Agitation associated with Alzheimer's dementia,primekg,kg,llama3.1:405b,1,8,D,1,1.0,1,1,1,1,,both,consistent,4.0,"Drug-8 targets HTR1A and HTR2A, which are serotonin receptors that have been implicated in agitation associated with Alzheimer's dementia.",0.875,2.625
3,LDL-C elevation in statin-intolerant dyslipidemia,primekg,kg,llama3.1:405b,0,8,A,7,0.14285714285714285,0,0,0,1,,prior,insufficient,1.0,"There is no knowledge graph evidence for Drug-8, and its targets are unknown.",0.5,2.0
3,LDL-C elevation in statin-intolerant dyslipidemia,primekg,kg,llama3.1:405b,1,8,D,7,0.14285714285714285,0,0,0,1,,prior,insufficient,1.0,"No information is provided on Drug-8, making it impossible to assess its mechanistic plausibility.",0.625,2.25
3,First-line anemia in lower-risk MDS,primekg,kg,llama3.1:405b,0,8,H,8,0.125,0,0,0,1,,prior,insufficient,1.0,"There is no information provided about Drug-8, making it impossible to assess its mechanistic plausibility for treating anemia or MDS.",0.75,2.0
3,First-line anemia in lower-risk MDS,primekg,kg,llama3.1:405b,1,8,G,7,0.14285714285714285,0,0,0,1,,prior,insufficient,1.0,"No information was provided about Drug-8, making it impossible to assess its mechanistic plausibility.",0.25,1.5
3,Palmoplantar pustulosis (PMDA),primekg,kg,llama3.1:405b,0,8,A,1,1.0,1,1,1,1,,both,consistent,4.0,"Drug-8 targets IL23A, closely related to IL23R associated with PMDA.",0.125,1.5
3,Palmoplantar pustulosis (PMDA),primekg,kg,llama3.1:405b,1,8,H,1,1.0,1,1,1,1,,both,consistent,4.0,"Drug-8 targets IL23A, which is closely related to the disease-associated gene IL23R, making it a plausible candidate.",0.125,2.0
3,Acute HCV pediatric,primekg,kg,llama3.1:405b,0,8,A,2,0.5,0,1,1,1,,both,consistent,4.0,"Drug-8 targets various CYP enzymes and transporters, including ABCB1, which is involved in HCV treatment.",0.5,2.5
3,Acute HCV pediatric,primekg,kg,llama3.1:405b,1,8,B,1,1.0,1,1,1,1,,both,consistent,4.0,"Drug-8 targets multiple genes (CYP3A43, SLCO1B3, UGT1A1) involved in liver metabolism and transport, which could plausibly impact Acute HCV pediatric.",0.625,2.5
3,Oral tablet formulation for weight management,primekg,kg,llama3.1:405b,0,8,C,1,1.0,1,1,1,1,,both,consistent,4.0,"Drug-8 targets GLP1R, a receptor involved in glucose metabolism and weight regulation, aligning with the disease profile.",0.5,2.5
3,Oral tablet formulation for weight management,primekg,kg,llama3.1:405b,1,8,G,1,1.0,1,1,1,1,,both,consistent,4.0,"Drug-8 targets GLP1R, DPP4, and LPL, which are involved in glucose and lipid metabolism, making it a plausible candidate for weight management.",0.5,2.0
3,Nephrotic syndrome,primekg,kg,llama3.1:405b,0,8,E,6,0.16666666666666666,0,0,0,1,,prior,insufficient,1.0,"The target of Drug-1, MS4A1, has no known connection to nephrotic syndrome.",0.5,2.0
3,Nephrotic syndrome,primekg,kg,llama3.1:405b,1,8,E,7,0.14285714285714285,0,0,0,1,,prior,insufficient,1.0,"Drug-1 targets MS4A1, which is not obviously related to nephrotic syndrome.",0.5,2.125
3,KRAS G12C+ mCRC,primekg,kg,llama3.1:405b,0,8,H,1,1.0,1,1,1,1,,both,consistent,5.0,"Drug-8 directly targets KRAS, a key driver of the disease.",0.125,2.0
3,KRAS G12C+ mCRC,primekg,kg,llama3.1:405b,1,8,G,1,1.0,1,1,1,1,,both,consistent,5.0,"Directly targets KRAS, which is mutated in KRAS G12C+ mCRC.",0.125,2.25
3,Retinal vein occlusion,primekg,kg,llama3.1:405b,0,8,B,1,1.0,1,1,1,1,,both,consistent,5.0,"Drug-8 targets VEGFA, a gene directly associated with Retinal vein occlusion, suggesting a strong mechanistic link.",0.125,2.125
3,Retinal vein occlusion,primekg,kg,llama3.1:405b,1,8,G,1,1.0,1,1,1,1,,both,consistent,5.0,"Drug-8 directly targets VEGFA, a gene associated with Retinal vein occlusion, making it a highly plausible candidate.",0.125,2.0
3,TRD monotherapy,primekg,kg,llama3.1:405b,0,8,A,1,1.0,1,1,1,1,,both,consistent,4.0,"Drug-8 targets GRIN and BDNF, which are involved in neurotransmission and synaptic plasticity, making it a plausible candidate for TRD monotherapy.",0.625,2.125
3,TRD monotherapy,primekg,kg,llama3.1:405b,1,8,A,1,1.0,1,1,1,1,,both,consistent,4.0,"Drug-8 targets multiple genes involved in neural transmission, including NMDA receptors and BDNF, which are associated with depression and anxiety disorders.",0.125,1.875
3,Reduce MACE in CVD + obesity/overweight,primekg,kg,llama3.1:405b,0,8,B,1,1.0,1,1,1,1,,both,consistent,4.0,"Drug-8 targets GLP1R, which is involved in glucose metabolism and has been linked to cardiovascular disease, making it a plausible candidate.",0.375,2.25
3,Reduce MACE in CVD + obesity/overweight,primekg,kg,llama3.1:405b,1,8,E,1,1.0,1,1,1,1,,both,consistent,4.0,"Drug-8 targets GLP1R and DPP4, which are involved in glucose metabolism and have been shown to reduce cardiovascular risk.",0.5,2.0
3,Indolent systemic mastocytosis (EMA),primekg,kg,llama3.1:405b,0,8,E,1,1.0,1,1,1,1,,both,consistent,4.0,"Drug-8 targets KIT, which is associated with Indolent systemic mastocytosis.",0.125,1.875
3,Indolent systemic mastocytosis (EMA),primekg,kg,llama3.1:405b,1,8,E,1,1.0,1,1,1,1,,both,consistent,4.0,"Drug-8 targets KIT, a gene strongly associated with indolent systemic mastocytosis.",0.5,2.0
3,IgG4-related disease,primekg,kg,llama3.1:405b,0,8,B,1,1.0,1,1,1,1,,kg,consistent,4.0,"Drug-8 targets CD19, which is relevant to the immune system and IgG4-related disease.",0.625,2.125
3,IgG4-related disease,primekg,kg,llama3.1:405b,1,8,C,1,1.0,1,1,1,1,,both,consistent,4.0,"Drug-8 targets CD19, which is relevant in treating autoimmune diseases with abnormal B-cell function.",0.125,1.75
3,COVID-19 (expanded population),primekg,kg,llama3.1:405b,0,8,B,6,0.16666666666666666,0,0,0,1,,kg,insufficient,1.0,"Drug-8 targets various transporters and enzymes, but their connection to COVID-19 is unclear, and the knowledge graph evidence is sparse.",0.75,2.25
3,COVID-19 (expanded population),primekg,kg,llama3.1:405b,1,8,F,4,0.25,0,0,1,1,,prior,insufficient,2.0,"Transporter targets (SLC10A1, ABCC4) could theoretically influence drug disposition during COVID-19 treatment, but direct relevance is uncertain.",0.125,2.125
3,Obstructive sleep apnea with obesity,primekg,kg,llama3.1:405b,0,8,D,7,0.14285714285714285,0,0,0,1,,prior,insufficient,1.0,"No information is provided for Drug-8, making it impossible to assess its plausibility based on the knowledge graph or pharmacological relevance.",0.75,1.625
3,Obstructive sleep apnea with obesity,primekg,kg,llama3.1:405b,1,8,C,8,0.125,0,0,0,1,,prior,insufficient,1.0,"No information is provided for Drug-8, making it impossible to assess its mechanistic plausibility.",0.25,2.375
3,Biliary tract cancer 1L,primekg,kg,llama3.1:405b,0,8,E,1,1.0,1,1,1,1,,kg,consistent,4.0,"Drug-8 targets CD274, which is involved in the PD-L1/PD-1 pathway that has been implicated in various cancers, including biliary tract cancer.",0.25,1.75
3,Biliary tract cancer 1L,primekg,kg,llama3.1:405b,1,8,F,1,1.0,1,1,1,1,,kg,consistent,4.0,"Drug-8 targets CD274, which is a relevant immune checkpoint in cancer treatment.",0.5,2.375
3,Retinal vein occlusion,primekg,kg,llama3.1:405b,0,8,A,1,1.0,1,1,1,1,,both,consistent,4.0,"Drug-8 targets VEGFA, which is directly associated with Retinal vein occlusion.",0.25,2.125
3,Retinal vein occlusion,primekg,kg,llama3.1:405b,1,8,D,1,1.0,1,1,1,1,,both,consistent,5.0,"Drug-8 targets VEGFA, a gene directly associated with Retinal vein occlusion.",0.125,2.0
3,Chorea associated with Huntington's disease,primekg,kg,llama3.1:405b,0,8,C,5,0.2,0,0,1,1,,both,consistent,3.0,"Drug-6 targets CYP enzymes, which are relevant to various diseases but lack a direct link to Chorea associated with Huntington's disease.",0.75,2.5
3,Chorea associated with Huntington's disease,primekg,kg,llama3.1:405b,1,8,E,6,0.16666666666666666,0,0,0,1,,both,consistent,2.0,"Drug-6 targets CYP3A5 and CYP2D6, which are not directly related to the disease.",0.625,2.25
3,High LDL-C with increased CV risk (expanded),primekg,kg,llama3.1:405b,0,8,E,1,1.0,1,1,1,1,,both,consistent,5.0,"Drug-8 targets PCSK9, a well-established regulator of LDL-C levels, aligning both knowledge graph and prior pharmacological evidence.",0.25,2.25
3,High LDL-C with increased CV risk (expanded),primekg,kg,llama3.1:405b,1,8,E,1,1.0,1,1,1,1,,both,consistent,5.0,"Drug-8 targets PCSK9, a well-established target for LDL-C regulation, making it a highly plausible candidate.",0.25,2.125
3,Polycythaemia vera and essential thrombocytopenia,primekg,kg,llama3.1:405b,0,8,G,2,0.5,0,1,1,1,,both,consistent,4.0,"Drug-1 targets IFNAR1 and IFNAR2, which are involved in the regulation of interferons that play a role in myeloproliferative neoplasms.",0.25,2.0
3,Polycythaemia vera and essential thrombocytopenia,primekg,kg,llama3.1:405b,1,8,C,2,0.5,0,1,1,1,,kg,consistent,4.0,"Drug-1 targets IFNAR1 and IFNAR2, which are associated with the disease through the gene IFNA2, suggesting a potential therapeutic effect.",0.25,2.375
3,Schnitzler syndrome (Japan),primekg,kg,llama3.1:405b,0,8,G,1,1.0,1,1,1,1,,both,consistent,5.0,"Drug-6 targets IL1B, a cytokine closely related to IL1RN, which is associated with Schnitzler syndrome (Japan).",0.625,2.75
3,Schnitzler syndrome (Japan),primekg,kg,llama3.1:405b,1,8,E,1,1.0,1,1,1,1,,both,consistent,5.0,"Drug-6 targets IL1B, which is closely related to IL1RN associated with Schnitzler syndrome.",0.125,2.375
3,COVID-19 updated strain,primekg,kg,llama3.1:405b,0,8,E,2,0.5,0,1,1,1,,prior,insufficient,2.0,"No evidence is provided for Drug-8, making it difficult to assess its plausibility.",0.5,2.75
3,COVID-19 updated strain,primekg,kg,llama3.1:405b,1,8,D,6,0.16666666666666666,0,0,0,1,,prior,insufficient,1.0,No information is available for Drug-7's targets in relation to COVID-19 updated strain.,0.5,1.5
3,Delay T1D onset in children ≥1yr,primekg,kg,llama3.1:405b,0,8,E,4,0.25,0,0,1,1,,prior,insufficient,1.0,"No information was provided about Drug-5's targets, making it difficult to assess its potential for delaying T1D onset.",0.625,1.875
3,Delay T1D onset in children ≥1yr,primekg,kg,llama3.1:405b,1,8,F,4,0.25,0,0,1,1,,prior,insufficient,1.0,No information provided; impossible to assess potential mechanism for delaying T1D onset.,0.375,3.0
3,"mCRC BRAF V600E (traditional approval, was accelerated)",primekg,kg,llama3.1:405b,0,8,G,1,1.0,1,1,1,1,,both,consistent,4.0,"Drug-5 targets BRAF, a key protein in the MAPK pathway, which is frequently mutated in mCRC BRAF V600E.",0.5,2.5
3,"mCRC BRAF V600E (traditional approval, was accelerated)",primekg,kg,llama3.1:405b,1,8,D,1,1.0,1,1,1,1,,both,consistent,4.0,"Drug-5 targets BRAF, a key mutation in mCRC BRAF V600E, indicating strong mechanistic plausibility.",0.125,2.0
3,Diabetic retinopathy/DME (EMA Mar+May 2026),primekg,kg,llama3.1:405b,0,8,B,1,1.0,1,1,1,1,,both,consistent,4.0,"Drug-8 targets ANGPT2 and VEGFA, which are both involved in angiogenesis and have been implicated in diabetic retinopathy.",0.25,1.875
3,Diabetic retinopathy/DME (EMA Mar+May 2026),primekg,kg,llama3.1:405b,1,8,G,1,1.0,1,1,1,1,,both,consistent,4.0,"Drug-8 targets ANGPT2 and VEGFA, which are key regulators of angiogenesis and vascular permeability, making it a plausible candidate for treating Diabetic retinopathy/DME.",0.625,2.25
3,Cerebral folate transport deficiency,primekg,kg,llama3.1:405b,0,8,G,4,0.25,0,0,1,1,,both,consistent,3.0,"Drug-1 targets several solute carrier family members (SLC16A2, SLC16A10), which could impact folate transport; however, the evidence is not strongly linked to cerebral folate transport deficiency.",0.375,2.5
3,Cerebral folate transport deficiency,primekg,kg,llama3.1:405b,1,8,E,1,1.0,1,1,1,1,,both,consistent,4.0,"Drug-1 targets SLC16A2, a folate transporter, which is directly related to the disease's pathophysiology.",0.625,2.125
3,Heart failure (broadened),primekg,kg,llama3.1:405b,0,8,D,4,0.25,0,0,1,1,,kg,insufficient,2.0,"Drug-4 targets several UGT and CYP enzymes, but the connection to heart failure is unclear.",0.875,2.25
3,Heart failure (broadened),primekg,kg,llama3.1:405b,1,8,A,6,0.16666666666666666,0,0,0,1,,kg,consistent,1.0,"Drug-4 targets multiple UGT and CYP enzymes, but its mechanistic link to heart failure treatment is weak.",0.875,2.125
3,Acquired hypofibrinogenemia in cardiovascular surgery,primekg,kg,llama3.1:405b,0,8,G,6,0.16666666666666666,0,0,0,1,,prior,insufficient,1.0,"No evidence is provided for Drug-7, making it impossible to assess its mechanistic plausibility.",0.875,2.0
3,Acquired hypofibrinogenemia in cardiovascular surgery,primekg,kg,llama3.1:405b,1,8,B,8,0.125,0,0,0,1,,prior,insufficient,1.0,"No information was provided for Drug-7, making it impossible to assess its mechanistic plausibility for acquired hypofibrinogenemia.",0.125,2.25
3,COPD,primekg,kg,llama3.1:405b,0,8,A,5,0.2,0,0,1,1,,prior,insufficient,2.0,"IL4R is involved in immune response pathways, but its direct relevance to COPD treatment is unclear.",0.25,2.375
3,COPD,primekg,kg,llama3.1:405b,1,8,H,6,0.16666666666666666,0,0,0,1,,kg,conflicting,2.0,"IL4R is involved in allergic responses, but its role in COPD treatment is unclear and potentially conflicting with other pathways.",0.5,2.25
3,Chronic hepatitis B (pediatric),primekg,kg,llama3.1:405b,0,8,E,5,0.2,0,0,1,1,,prior,insufficient,1.0,"Drug-6 targets various enzymes, but there is no clear connection between these targets and Chronic hepatitis B (pediatric).",0.125,1.5
3,Chronic hepatitis B (pediatric),primekg,kg,llama3.1:405b,1,8,A,1,1.0,1,1,1,1,,prior,insufficient,2.0,"Drug-6 targets various enzymes and transporters, some of which could potentially influence the metabolism or availability of drugs used to treat hepatitis B, but direct relevance is unclear without more specific evidence.",0.0,1.625
3,HoFH pediatric (EMA),primekg,kg,llama3.1:405b,0,8,G,2,0.5,0,1,1,1,,prior,insufficient,2.0,"No evidence was provided for Drug-8, making it uncertain and relying solely on prior knowledge.",0.5,2.5
3,HoFH pediatric (EMA),primekg,kg,llama3.1:405b,1,8,D,8,0.125,0,0,0,1,,prior,insufficient,1.0,"No information is provided for Drug-8, making it impossible to assess its mechanistic plausibility.",0.25,2.375
3,HR+/HER2- breast cancer,primekg,kg,llama3.1:405b,0,8,H,8,0.125,0,0,0,1,,prior,insufficient,1.0,Drug-8 targets proteins with no clear connection to HR+ breast cancer based on the knowledge graph or prior knowledge.,0.5,2.5
3,HR+/HER2- breast cancer,primekg,kg,llama3.1:405b,1,8,F,1,1.0,1,1,1,1,,both,consistent,4.0,"Drug-8 targets TACSTD2 and TOP1, which are relevant to cancer cell proliferation and survival, aligning with HR+/HER2- breast cancer treatment goals.",0.25,2.75
3,Retinopathy of prematurity,primekg,kg,llama3.1:405b,0,8,H,1,1.0,1,1,1,1,,both,consistent,4.0,"Drug-7 targets VEGFA, which is involved in angiogenesis and relevant to retinopathy of prematurity.",0.125,2.0
3,Retinopathy of prematurity,primekg,kg,llama3.1:405b,1,8,C,1,1.0,1,1,1,1,,both,consistent,5.0,"Drug-7 directly targets VEGFA and related factors, which are crucial for angiogenesis relevant to retinopathy of prematurity.",0.125,1.875
3,Agitation associated with Alzheimer's dementia,primekg,kg,llama3.1:405b,0,8,B,5,0.2,0,0,1,1,,kg,conflicting,2.0,"Drug-3 targets UGT2B17, which is involved in glucuronidation, but the relevance to Alzheimer's dementia is unclear and conflicts with prior knowledge.",0.5,2.25
3,Agitation associated with Alzheimer's dementia,primekg,kg,llama3.1:405b,1,8,C,4,0.25,0,0,1,1,,prior,insufficient,2.0,"Although Drug-3 targets various enzymes and receptors, its direct relevance to Alzheimer's dementia-related agitation is unclear without more specific connections in the knowledge graph.",0.375,2.25
3,Heterozygous familial hypercholesterolemia,primekg,kg,llama3.1:405b,0,8,A,1,1.0,1,1,1,1,,both,consistent,5.0,"Drug-5 targets PCSK9, a gene directly associated with heterozygous familial hypercholesterolemia.",0.125,2.125
3,Heterozygous familial hypercholesterolemia,primekg,kg,llama3.1:405b,1,8,D,1,1.0,1,1,1,1,,both,consistent,5.0,"Drug-5 targets PCSK9, a gene associated with heterozygous familial hypercholesterolemia, making it a strong candidate.",0.375,2.0
3,Indolent systemic mastocytosis,primekg,kg,llama3.1:405b,0,8,C,1,1.0,1,1,1,1,,both,consistent,5.0,"Drug-8 targets KIT, a gene associated with indolent systemic mastocytosis, making it a highly plausible candidate.",0.125,1.75
3,Indolent systemic mastocytosis,primekg,kg,llama3.1:405b,1,8,H,1,1.0,1,1,1,1,,both,consistent,4.0,"Drug-8 targets KIT, a gene directly associated with Indolent systemic mastocytosis.",0.125,1.625
3,Juvenile idiopathic arthritis (EMA Feb 2026),primekg,kg,llama3.1:405b,0,8,H,2,0.5,0,1,1,1,,both,consistent,4.0,"Drug-6 targets JAK3 and JAK1, which are involved in immune responses and have been implicated in autoimmune diseases like juvenile idiopathic arthritis.",0.375,2.375
3,Juvenile idiopathic arthritis (EMA Feb 2026),primekg,kg,llama3.1:405b,1,8,G,1,1.0,1,1,1,1,,both,consistent,4.0,"Drug-6 targets JAK3 and JAK1, which are involved in the immune response and have been implicated in juvenile idiopathic arthritis.",0.375,2.125
3,Invasive fungal infections pediatric ≥2yr,primekg,kg,llama3.1:405b,0,8,D,5,0.2,0,0,1,1,,prior,insufficient,1.0,"Drug-5's targets ABCB1 and CYP3A4 are more related to drug metabolism than direct antifungal action, making its plausibility lower.",0.0,1.625
3,Invasive fungal infections pediatric ≥2yr,primekg,kg,llama3.1:405b,1,8,B,5,0.2,0,0,1,1,,prior,insufficient,1.0,"Drug-5 targets ABCB1 and CYP3A4, but neither is directly related to fungal infections; its potential efficacy is uncertain.",0.0,1.125
3,PKU expanded to ≥12yr,primekg,kg,llama3.1:405b,0,8,F,2,0.5,0,1,1,1,,prior,insufficient,1.0,"Without any provided targets or associations, Drug-7's potential efficacy for PKU cannot be assessed.",0.0,1.875
3,PKU expanded to ≥12yr,primekg,kg,llama3.1:405b,1,8,G,1,1.0,1,1,1,1,,prior,insufficient,2.0,"No information is provided for Drug-G, making it impossible to assess its plausibility based on the knowledge graph or its targets.",0.75,2.375
3,HR+/HER2-low breast cancer,primekg,kg,llama3.1:405b,0,8,H,2,0.5,0,1,1,1,,kg,insufficient,2.0,"Drug-8 targets several genes, including SLCO1B3 and ABCC1, but there is no direct evidence linking these targets to HR+/HER2-low breast cancer.",0.25,1.25
3,HR+/HER2-low breast cancer,primekg,kg,llama3.1:405b,1,8,C,6,0.16666666666666666,0,0,0,1,,kg,insufficient,1.0,"Drug-8 targets transporters and enzymes, but these are not directly linked to HR+/HER2-low breast cancer in the evidence.",0.75,1.25
3,Spinal muscular atrophy (pediatric expansion),primekg,kg,llama3.1:405b,0,8,H,8,0.125,0,0,0,1,,prior,insufficient,1.0,"Drug-1 lacks any information in the knowledge graph, making its assessment impossible.",0.375,1.875
3,Spinal muscular atrophy (pediatric expansion),primekg,kg,llama3.1:405b,1,8,C,6,0.16666666666666666,0,0,0,1,,kg,conflicting,2.0,"Drug-8 targets various CYP enzymes, but there is no clear connection between these targets and spinal muscular atrophy.",0.375,1.75
3,Chronic kidney disease,primekg,kg,llama3.1:405b,0,8,A,1,1.0,1,1,1,1,,both,consistent,4.0,"Drug-5 targets several transporters (SLC5A2, SLCO1B3, SLC22A8) relevant to kidney function and associated with chronic kidney disease.",0.75,2.5
3,Chronic kidney disease,primekg,kg,llama3.1:405b,1,8,C,3,0.3333333333333333,0,1,1,1,,kg,consistent,3.0,"Drug-5 targets several proteins (SLC22A8, SLCO1B3) that are associated with kidney function and disease-related pathways.",0.375,2.0
3,IgE-mediated food allergy,primekg,kg,llama3.1:405b,0,8,B,1,1.0,1,1,1,1,,both,consistent,5.0,"Drug-1 targets MS4A2 and FCER1A, which are both involved in the IgE-mediated signaling pathway, making it a strong candidate for treating IgE-mediated food allergy.",0.75,2.25
3,IgE-mediated food allergy,primekg,kg,llama3.1:405b,1,8,A,1,1.0,1,1,1,1,,both,consistent,5.0,"Drug-1 targets MS4A2 and FCER1A, key receptors involved in IgE-mediated allergic responses.",0.5,2.125
3,Measles prophylaxis post-exposure,primekg,kg,llama3.1:405b,0,8,H,1,1.0,1,1,1,1,,both,consistent,4.0,"Drug-1's targets, including complement components and Fc receptors, suggest a plausible immunomodulatory mechanism for measles prophylaxis post-exposure.",0.625,2.0
3,Measles prophylaxis post-exposure,primekg,kg,llama3.1:405b,1,8,G,7,0.14285714285714285,0,0,0,1,,both,consistent,5.0,"Drug-1 targets FCGR1B, FCGR3A, and other Fc gamma receptors, which are crucial for immune response modulation relevant to measles prophylaxis post-exposure.",0.125,2.375
3,CKD in T2D,primekg,kg,llama3.1:405b,0,8,F,1,1.0,1,1,1,1,,both,consistent,4.0,"Drug-8 targets GLP1R and DPP4, which are involved in glucose metabolism and have been implicated in treating T2D, making it a plausible candidate for CKD in T2D.",0.625,2.125
3,CKD in T2D,primekg,kg,llama3.1:405b,1,8,A,1,1.0,1,1,1,1,,both,consistent,4.0,"Drug-8 targets GLP1R and DPP4, which are involved in glucose metabolism and have been implicated in T2D treatment.",0.5,2.375
3,dMMR recurrent/advanced endometrial cancer,primekg,kg,llama3.1:405b,0,8,F,1,1.0,1,1,1,1,,both,consistent,4.0,"Drug-8 targets PDCD1, potentially leveraging the immune system against dMMR recurrent/advanced endometrial cancer.",0.5,1.875
3,dMMR recurrent/advanced endometrial cancer,primekg,kg,llama3.1:405b,1,8,F,1,1.0,1,1,1,1,,prior,insufficient,3.0,"Drug-8 targets PDCD1, which is involved in immune checkpoint regulation and may have a role in cancer therapy.",0.25,2.5
3,ILD-associated pulmonary hypertension,primekg,kg,llama3.1:405b,0,8,G,1,1.0,1,1,1,1,,both,consistent,4.0,"Drug-3 targets PTGIR, which is related to prostaglandin signaling, and PPARD, which is involved in vascular remodeling, both of which are relevant to pulmonary hypertension.",0.75,2.25
3,ILD-associated pulmonary hypertension,primekg,kg,llama3.1:405b,1,8,G,2,0.5,0,1,1,1,,both,consistent,4.0,"Drug-3 targets PTGIR and PPARD, which are involved in the prostaglandin pathway and have been linked to pulmonary hypertension.",0.25,2.25
3,Crohn's disease,primekg,kg,llama3.1:405b,0,8,H,1,1.0,1,1,1,1,,both,consistent,4.0,"Drug-8 targets JAK1, which is involved in immune system regulation and has been implicated in IBD treatment.",0.625,2.5
3,Crohn's disease,primekg,kg,llama3.1:405b,1,8,H,2,0.5,0,1,1,1,,kg,consistent,3.0,"Drug-8 targets JAK1, which is involved in the JAK/STAT signaling pathway relevant to inflammation and immune response, potentially linking to Crohn's disease.",0.375,2.25
3,COVID-19 in severe renal impairment/dialysis,primekg,kg,llama3.1:405b,0,8,E,2,0.5,0,1,1,1,,both,consistent,4.0,"Drug-8 targets various solute carriers and enzymes involved in drug metabolism, which could influence the progression of COVID-19 in patients with severe renal impairment.",0.75,2.875
3,COVID-19 in severe renal impairment/dialysis,primekg,kg,llama3.1:405b,1,8,B,2,0.5,0,1,1,1,,both,consistent,3.0,"The drug's targets include transporters relevant to renal function and drug disposition, which could be beneficial in managing COVID-19 patients with severe renal impairment.",0.625,2.0
3,MASH with fibrosis,primekg,kg,llama3.1:405b,0,8,H,8,0.125,0,0,0,1,,kg,conflicting,1.0,"Drug-8 targets several enzymes and receptors, including DPP4 and GLP1R, which may be more relevant to diabetes or metabolic disorders rather than MASH with fibrosis.",0.625,2.375
3,MASH with fibrosis,primekg,kg,llama3.1:405b,1,8,H,1,1.0,1,1,1,1,,both,consistent,4.0,"Drug-8 targets GLP1R and DPP4, which are involved in glucose metabolism and have implications for fatty liver disease.",0.375,2.25
3,Urothelial carcinoma (expanded population),primekg,kg,llama3.1:405b,0,8,H,5,0.2,0,0,1,1,,kg,consistent,4.0,"Drug-8 targets NECTIN4, which is involved in cell-cell adhesion and could impact cancer progression, along with ABCB1 and CYP3A4, suggesting potential for affecting Urothelial carcinoma pathways.",0.75,3.0
3,Urothelial carcinoma (expanded population),primekg,kg,llama3.1:405b,1,8,F,4,0.25,0,0,1,1,,kg,consistent,3.0,"Drug-8 targets NECTIN4, which is a cell adhesion molecule that could be involved in cancer progression.",0.875,2.25
3,Chronic thromboembolic pulmonary hypertension,primekg,kg,llama3.1:405b,0,8,D,2,0.5,0,1,1,1,,prior,insufficient,3.0,"Drug-7 targets F10, a coagulation factor, which might be relevant to the thromboembolic aspect of chronic thromboembolic pulmonary hypertension.",0.25,1.875
3,Chronic thromboembolic pulmonary hypertension,primekg,kg,llama3.1:405b,1,8,A,1,1.0,1,1,1,1,,both,insufficient,2.0,"Drug-7 targets F10, which may have a role in coagulation, but its relevance to Chronic thromboembolic pulmonary hypertension is unclear.",0.25,1.5
3,Crohn's disease,primekg,kg,llama3.1:405b,0,8,H,1,1.0,1,1,1,1,,kg,consistent,4.0,"Drug-8 targets IL23A, which is associated with Crohn's disease through the IL23R gene.",0.25,1.875
3,Crohn's disease,primekg,kg,llama3.1:405b,1,8,H,1,1.0,1,1,1,1,,both,consistent,4.0,"Directly targets IL23A, a cytokine involved in Crohn's disease pathogenesis.",0.125,2.0
3,HoFH in children,primekg,kg,llama3.1:405b,0,8,A,6,0.16666666666666666,0,0,0,1,,prior,insufficient,1.0,"Without any provided information or clear connections to lipid metabolism, Drug-8's potential for treating HoFH in children is uncertain and less likely compared to others.",0.0,1.5
3,HoFH in children,primekg,kg,llama3.1:405b,1,8,B,6,0.16666666666666666,0,0,0,1,,prior,insufficient,1.0,"No information is available for Drug-8, making it difficult to assess its potential.",0.0,1.375
3,First-line anemia in lower-risk MDS,primekg,kg,llama3.1:405b,0,8,D,5,0.2,0,0,1,1,,prior,insufficient,1.0,"No information is available for Drug-7, making it difficult to assess its mechanistic plausibility.",0.25,1.875
3,First-line anemia in lower-risk MDS,primekg,kg,llama3.1:405b,1,8,C,7,0.14285714285714285,0,0,0,1,,prior,insufficient,1.0,"No information was provided about Drug-7, making it difficult to assess its plausibility.",0.75,2.125
3,Generalized myasthenia gravis,primekg,kg,llama3.1:405b,0,8,F,7,0.14285714285714285,0,0,0,1,,prior,insufficient,1.0,"Drug-8 targets CD19, which is primarily involved in B-cell development and not directly linked to the pathophysiology of generalized myasthenia gravis.",0.25,1.875
3,Generalized myasthenia gravis,primekg,kg,llama3.1:405b,1,8,H,8,0.125,0,0,0,1,,prior,insufficient,1.0,"While the knowledge graph does not provide a direct connection, Drug-8's target CD19 may be involved in immune responses, but the relevance to Generalized myasthenia gravis is unclear.",0.25,2.0
3,Acquired hypothalamic obesity,primekg,kg,llama3.1:405b,0,8,D,1,1.0,1,1,1,1,,kg,consistent,4.0,"Drug-7 targets MC4R, a receptor known for its role in energy homeostasis and body weight regulation, aligning well with treating acquired hypothalamic obesity.",0.5,2.5
3,Acquired hypothalamic obesity,primekg,kg,llama3.1:405b,1,8,A,1,1.0,1,1,1,1,,both,consistent,4.0,"Drug-7 targets MC4R, which is involved in energy homeostasis and is a plausible target for treating acquired hypothalamic obesity.",0.75,2.25
3,HR+/HER2- node-positive high-risk early breast cancer,primekg,kg,llama3.1:405b,0,8,H,2,0.5,0,1,1,1,,both,consistent,4.0,"Drug-8 targets CDK6, which is involved in cell cycle regulation and is a potential target for breast cancer treatment.",0.75,2.625
3,HR+/HER2- node-positive high-risk early breast cancer,primekg,kg,llama3.1:405b,1,8,C,1,1.0,1,1,1,1,,both,consistent,4.0,"Drug-8 targets CDK6, which is involved in cell cycle regulation and has been implicated in breast cancer.",0.25,1.875
3,EGPA,primekg,kg,llama3.1:405b,0,8,B,1,1.0,1,1,1,1,,prior,insufficient,3.0,"Drug-1 targets MS4A2 and FCER1A, which are involved in immune responses and could potentially be related to EGPA, an autoimmune disease.",0.0,1.75
3,EGPA,primekg,kg,llama3.1:405b,1,8,A,1,1.0,1,1,1,1,,both,insufficient,2.0,"Although Drug-1 targets MS4A2 and FCER1A, there is no clear link to EGPA-related genes or pathways.",0.375,2.375
3,BRAF+ thyroid cancer,primekg,kg,llama3.1:405b,0,8,G,2,0.5,0,1,1,1,,kg,consistent,4.0,"Drug-6 targets MAP3K1, which is involved in the MAPK pathway that includes BRAF, suggesting a plausible mechanistic link.",0.25,2.375
3,BRAF+ thyroid cancer,primekg,kg,llama3.1:405b,1,8,B,1,1.0,1,1,1,1,,both,consistent,4.0,"Drug-6 targets MAP3K1 and MAP2K2, which are involved in the MAPK/ERK pathway, a key signaling pathway in BRAF+ thyroid cancer.",0.375,2.125
3,Giant cell arteritis,primekg,kg,llama3.1:405b,0,8,A,1,1.0,1,1,1,1,,both,consistent,4.0,"Drug-8 targets JAK1, which is involved in the immune response and may be relevant to giant cell arteritis.",0.5,2.125
3,Giant cell arteritis,primekg,kg,llama3.1:405b,1,8,A,1,1.0,1,1,1,1,,both,consistent,4.0,"Drug-8 targets JAK1, which is a relevant target for treating giant cell arteritis due to its role in inflammation.",0.625,2.25
3,dMMR/MSI-H primary advanced endometrial cancer,primekg,kg,llama3.1:405b,0,8,C,1,1.0,1,1,1,1,,kg,consistent,4.0,"Drug-8 targets PDCD1, a protein involved in immune regulation, which is consistent with the disease's association with gene MIR200C and its relation to uterine cancer.",0.25,2.125
3,dMMR/MSI-H primary advanced endometrial cancer,primekg,kg,llama3.1:405b,1,8,E,1,1.0,1,1,1,1,,both,consistent,4.0,"Drug-8 targets PDCD1, which is a checkpoint protein involved in cancer immunity, making it a plausible candidate for dMMR/MSI-H primary advanced endometrial cancer.",0.25,2.25
3,Polymyalgia rheumatica,primekg,kg,llama3.1:405b,0,8,E,1,1.0,1,1,1,1,,both,consistent,4.0,"Drug-8 targets IL6R, which is a relevant target for rheumatologic disorders, and its profile aligns with the disease's associations.",0.375,2.0
3,Polymyalgia rheumatica,primekg,kg,llama3.1:405b,1,8,D,1,1.0,1,1,1,1,,both,consistent,4.0,"Drug-8 targets IL6R, which is involved in inflammatory responses and might be relevant to polymyalgia rheumatica.",0.625,2.125
3,Ph+ CML-CP frontline (EMA Feb 2026),primekg,kg,llama3.1:405b,0,8,C,7,0.14285714285714285,0,0,0,1,,prior,insufficient,1.0,"No information is provided for Drug-8, making it impossible to assess its potential efficacy.",0.625,1.875
3,Ph+ CML-CP frontline (EMA Feb 2026),primekg,kg,llama3.1:405b,1,8,A,7,0.14285714285714285,0,0,0,1,,prior,insufficient,1.0,"There is no evidence provided for Drug-8, making it impossible to assess its mechanistic plausibility.",0.375,2.0
3,Allergic fungal rhinosinusitis (AFRS) ≥6yr,primekg,kg,llama3.1:405b,0,8,B,1,1.0,1,1,1,1,,kg,consistent,4.0,"Drug-8 targets IL4R, which is involved in the allergic response and has a mechanistic link to AFRS.",0.5,2.0
3,Allergic fungal rhinosinusitis (AFRS) ≥6yr,primekg,kg,llama3.1:405b,1,8,C,1,1.0,1,1,1,1,,both,consistent,4.0,"Drug-8 targets IL4R, which is a key receptor involved in allergic responses, making it a plausible candidate for treating AFRS.",0.875,2.125
3,RET-fusion NSCLC (expanded),primekg,kg,llama3.1:405b,0,8,H,1,1.0,1,1,1,1,,both,consistent,5.0,"Drug-8 targets RET, which is directly related to the disease.",0.625,2.125
3,RET-fusion NSCLC (expanded),primekg,kg,llama3.1:405b,1,8,H,1,1.0,1,1,1,1,,both,consistent,5.0,"Drug-8 targets RET, a key component in the disease's name and likely pathophysiology, directly linking it to RET-fusion NSCLC.",0.125,1.5
3,"Crohn's disease (moderate-severe, refractory)",primekg,kg,llama3.1:405b,0,8,G,1,1.0,1,1,1,1,,both,consistent,5.0,"Drug-7 targets IL23A, which is directly related to the disease-associated gene IL23R.",0.125,2.125
3,"Crohn's disease (moderate-severe, refractory)",primekg,kg,llama3.1:405b,1,8,B,1,1.0,1,1,1,1,,both,consistent,4.0,"Drug-7 targets IL23A, a subunit of the IL-23 cytokine, which is associated with Crohn's disease.",0.125,1.875
3,Follicular lymphoma,primekg,kg,llama3.1:405b,0,8,B,1,1.0,1,1,1,1,,kg,consistent,4.0,"Drug-8 targets CD19, which is a common target for B-cell malignancies, including follicular lymphoma.",0.375,2.0
3,Follicular lymphoma,primekg,kg,llama3.1:405b,1,8,B,1,1.0,1,1,1,1,,both,consistent,4.0,"Drug-8 targets CD19, which is directly relevant to B-cell lymphomas like follicular lymphoma.",0.125,2.0
3,Atopic dermatitis,primekg,kg,llama3.1:405b,0,8,G,1,1.0,1,1,1,1,,both,consistent,4.0,"Drug-7 targets JAK3 and JAK1, which are relevant to atopic dermatitis treatment.",0.875,2.25
3,Atopic dermatitis,primekg,kg,llama3.1:405b,1,8,B,1,1.0,1,1,1,1,,both,consistent,4.0,"Drug-7 targets JAK3 and JAK1, which are involved in the immune response and may be relevant to atopic dermatitis.",0.75,2.125
3,1L biliary tract cancer (+gemcitabine+cisplatin),primekg,kg,llama3.1:405b,0,8,B,6,0.16666666666666666,0,0,0,1,,kg,conflicting,2.0,"Drug-7 targets PDCD1, which may have some relevance to cancer treatment, but the connection is unclear and conflicts with prior knowledge.",0.5,2.875
3,1L biliary tract cancer (+gemcitabine+cisplatin),primekg,kg,llama3.1:405b,1,8,B,1,1.0,1,1,1,1,,both,consistent,4.0,"Drug-7 targets PDCD1, which is involved in immune checkpoint regulation and may enhance anti-tumor immune response.",0.75,2.0
3,IV formulation for rheumatic diseases (EMA),primekg,kg,llama3.1:405b,0,8,A,1,1.0,1,1,1,1,,both,consistent,4.0,"Drug-5 targets IL17A, a cytokine involved in inflammatory responses and autoimmunity, making it a plausible candidate for treating rheumatic diseases.",0.375,1.875
3,IV formulation for rheumatic diseases (EMA),primekg,kg,llama3.1:405b,1,8,E,1,1.0,1,1,1,1,,both,consistent,4.0,"Drug-5 targets IL17A, which is a well-established target in the treatment of rheumatic diseases, including psoriasis and rheumatoid arthritis.",0.625,2.125
3,BRAF+ thyroid cancer,primekg,kg,llama3.1:405b,0,8,A,1,1.0,1,1,1,1,,both,consistent,5.0,"Drug-8 targets BRAF, a key gene associated with BRAF+ thyroid cancer, making it a highly plausible candidate.",0.375,2.375
3,BRAF+ thyroid cancer,primekg,kg,llama3.1:405b,1,8,C,1,1.0,1,1,1,1,,both,consistent,5.0,"Drug-8 directly targets BRAF, a key mutation in the target disease, suggesting high mechanistic plausibility.",0.75,2.25
3,EGPA (expanded),primekg,kg,llama3.1:405b,0,8,F,1,1.0,1,1,1,1,,both,consistent,4.0,"Drug-7 targets IL5RA and FCGR3A, which are relevant to immune system disease and EGPA's association with gene FCGR3B.",0.75,1.875
3,EGPA (expanded),primekg,kg,llama3.1:405b,1,8,E,1,1.0,1,1,1,1,,both,consistent,4.0,"Drug-7 targets IL5RA, which is associated with eosinophilic disorders, and FCGR3A, a gene related to immune system disease.",0.125,1.875
3,Pheochromocytoma/paraganglioma,primekg,kg,llama3.1:405b,0,8,A,3,0.3333333333333333,0,1,1,1,,kg,insufficient,2.0,"Although Drug-8 targets EPAS1, there is limited evidence linking this to Pheochromocytoma/paraganglioma.",0.375,2.125
3,Pheochromocytoma/paraganglioma,primekg,kg,llama3.1:405b,1,8,E,3,0.3333333333333333,0,1,1,1,,kg,consistent,4.0,"Drug-8 targets EPAS1, which is involved in the hypoxia-inducible factor pathway, potentially relevant to pheochromocytoma/paraganglioma.",0.25,2.5
3,Pediatric atopic dermatitis,primekg,kg,llama3.1:405b,0,8,G,1,1.0,1,1,1,1,,both,consistent,4.0,"Drug-8 targets JAK1, which is involved in immune response and inflammation pathways relevant to atopic dermatitis.",0.375,2.25
3,Pediatric atopic dermatitis,primekg,kg,llama3.1:405b,1,8,A,1,1.0,1,1,1,1,,both,consistent,4.0,Drug-8's targeting of JAK1 is promising given the role of Janus kinases in inflammatory pathways relevant to atopic dermatitis.,0.25,2.125
3,MSI-H/dMMR solid tumors (full approval conversion),primekg,kg,llama3.1:405b,0,8,E,8,0.125,0,0,0,1,,prior,insufficient,1.0,"The target of Drug-4, ADRA1A and ADRA2A, does not have a clear connection to MSI-H/dMMR solid tumors based on the provided information.",0.75,2.125
3,MSI-H/dMMR solid tumors (full approval conversion),primekg,kg,llama3.1:405b,1,8,A,1,1.0,1,1,1,1,,both,consistent,5.0,"Drug-6 targets PDCD1, a checkpoint protein that plays a crucial role in cancer treatment, particularly for MSI-H/dMMR solid tumors.",0.125,2.0
3,Psoriasis in children 6-11 (cream),primekg,kg,llama3.1:405b,0,8,F,1,1.0,1,1,1,1,,both,consistent,4.0,"Drug-5 targets PDE4, which is involved in the regulation of inflammatory responses and has been implicated in the pathogenesis of psoriasis.",0.25,1.875
3,Psoriasis in children 6-11 (cream),primekg,kg,llama3.1:405b,1,8,G,1,1.0,1,1,1,1,,both,consistent,4.0,"Drug-5 targets PDE4 enzymes, which are involved in inflammatory responses and immune regulation.",0.5,2.25
3,Pancreatic NET,primekg,kg,llama3.1:405b,0,8,B,1,1.0,1,1,1,1,,both,consistent,4.0,"Drug-5 targets RET and KDR, both of which are involved in tumor growth and angiogenesis, making it a plausible candidate for treating Pancreatic NET.",0.375,2.125
3,Pancreatic NET,primekg,kg,llama3.1:405b,1,8,F,1,1.0,1,1,1,1,,both,consistent,4.0,"Drug-5 targets RET, which is implicated in certain types of neuroendocrine tumors (NETs), suggesting potential relevance to Pancreatic NET.",0.5,2.125
3,Ulcerative colitis,primekg,kg,llama3.1:405b,0,8,B,1,1.0,1,1,1,1,,both,consistent,4.0,"Drug-8 targets IL23A and IL12B, which are involved in the inflammatory response, a key aspect of Ulcerative colitis.",0.25,2.0
3,Ulcerative colitis,primekg,kg,llama3.1:405b,1,8,E,1,1.0,1,1,1,1,,both,consistent,4.0,"Drug-8 targets IL23A and IL12B, which are involved in the inflammatory response and associated with ulcerative colitis.",0.25,2.0
3,Gastric/GEJ adenocarcinoma (1L +chemo),primekg,kg,llama3.1:405b,0,8,H,2,0.5,0,1,1,1,,both,consistent,4.0,"Drug-8 targets CD274 (PD-L1), which is overexpressed in gastric cancer and plays a role in immune evasion.",0.75,2.125
3,Gastric/GEJ adenocarcinoma (1L +chemo),primekg,kg,llama3.1:405b,1,8,G,1,1.0,1,1,1,1,,kg,consistent,4.0,"Drug-8 targets CD274, which is a protein that plays a crucial role in the regulation of immune responses and has been implicated in various types of cancer, including gastric cancer.",0.375,1.875
3,Hidradenitis suppurativa,primekg,kg,llama3.1:405b,0,8,D,1,1.0,1,1,1,1,,both,consistent,4.0,"Drug-7 targets IL17A, which is a cytokine involved in inflammatory responses and has been implicated in the pathogenesis of Hidradenitis suppurativa.",0.625,2.125
3,Hidradenitis suppurativa,primekg,kg,llama3.1:405b,1,8,E,1,1.0,1,1,1,1,,both,consistent,4.0,"Drug-7 targets IL17A, which is involved in inflammatory responses and could be relevant to Hidradenitis suppurativa's pathophysiology.",0.5,1.875
3,Biliary tract cancer,primekg,kg,llama3.1:405b,0,8,G,2,0.5,0,1,1,1,,both,consistent,4.0,"Drug-6 targets PDCD1, a checkpoint protein involved in cancer immunotherapy, presenting a plausible mechanism against Biliary tract cancer through enhancing immune response.",0.125,1.75
3,Biliary tract cancer,primekg,kg,llama3.1:405b,1,8,F,1,1.0,1,1,1,1,,both,consistent,4.0,"Drug-6 targets PDCD1, which is involved in the regulation of immune responses and potentially cancer.",0.5,2.625
3,Antibody-mediated rejection in organ transplantation,primekg,kg,llama3.1:405b,0,8,H,3,0.3333333333333333,0,1,1,1,,prior,insufficient,3.0,"Drug-1 targets MS4A1, a receptor involved in immune cell signaling, which may be relevant to antibody-mediated rejection.",0.125,2.25
3,Antibody-mediated rejection in organ transplantation,primekg,kg,llama3.1:405b,1,8,C,2,0.5,0,1,1,1,,prior,insufficient,3.0,"Although no evidence is provided for Drug-1, MS4A1 is a potential target in immune-related diseases, making it a plausible candidate.",0.25,2.0
3,Neoadj+adj HNSCC,primekg,kg,llama3.1:405b,0,8,C,1,1.0,1,1,1,1,,prior,insufficient,4.0,"Drug-3 targets PDCD1, which is involved in immune checkpoint regulation and may be relevant to cancer treatment.",0.0,2.375
3,Neoadj+adj HNSCC,primekg,kg,llama3.1:405b,1,8,E,1,1.0,1,1,1,1,,both,consistent,4.0,"Drug-3 targets PDCD1, which is involved in the regulation of immune responses and may be relevant to cancer treatment.",0.75,2.625
3,Ulcerative colitis,primekg,kg,llama3.1:405b,0,8,A,1,1.0,1,1,1,1,,both,consistent,4.0,"Drug-7 targets IL23A, which is closely related to IL23R, a gene associated with Ulcerative colitis.",0.125,2.0
3,Ulcerative colitis,primekg,kg,llama3.1:405b,1,8,B,1,1.0,1,1,1,1,,both,consistent,5.0,"Drug-7 targets IL23A, directly implicating it in the ulcerative colitis pathway through IL23R association.",0.125,1.875
3,dMMR/MSI-H primary advanced endometrial cancer (+chemo),primekg,kg,llama3.1:405b,0,8,F,1,1.0,1,1,1,1,,both,consistent,4.0,"Drug-8 targets PDCD1, which is involved in immune checkpoint regulation and may have a role in cancer treatment.",0.625,2.5
3,dMMR/MSI-H primary advanced endometrial cancer (+chemo),primekg,kg,llama3.1:405b,1,8,E,2,0.5,0,1,1,1,,kg,consistent,3.0,"Drug-8 targets PDCD1, which is involved in immune response regulation; its relation to cancer is well-established, though direct evidence for endometrial cancer is lacking.",0.5,2.0
3,GVHD + pediatric,primekg,kg,llama3.1:405b,0,8,H,2,0.5,0,1,1,1,,both,consistent,4.0,"Drug-5's targets, including JAK1 and JAK2, are consistent with known GVHD pathways and may help regulate immune responses.",0.25,2.25
3,GVHD + pediatric,primekg,kg,llama3.1:405b,1,8,C,2,0.5,0,1,1,1,,both,consistent,4.0,"Drug-5 targets JAK1 and JAK2, which are involved in cytokine signaling pathways relevant to GVHD.",0.625,2.375
3,Gastric/GEJ adenocarcinoma,primekg,kg,llama3.1:405b,0,8,A,1,1.0,1,1,1,1,,prior,insufficient,2.0,"Drug-8 targets CD274, but there is no clear connection to Gastric/GEJ adenocarcinoma in the provided evidence.",0.625,2.375
3,Gastric/GEJ adenocarcinoma,primekg,kg,llama3.1:405b,1,8,G,1,1.0,1,1,1,1,,kg,consistent,4.0,"Drug-8 targets CD274, which is a common target in cancer immunotherapy, suggesting potential effectiveness against Gastric/GEJ adenocarcinoma.",0.375,2.375
3,COPD (EMA 2025),primekg,kg,llama3.1:405b,0,8,A,1,1.0,1,1,1,1,,prior,insufficient,3.0,"IL4R is involved in inflammatory responses, which are relevant to COPD, but the direct connection to COPD is unclear.",0.375,1.875
3,COPD (EMA 2025),primekg,kg,llama3.1:405b,1,8,H,1,1.0,1,1,1,1,,both,consistent,4.0,"Drug-6 targets IL4R, which is involved in inflammatory responses and has relevance to airway diseases like COPD.",0.25,1.875
3,RAS wild-type HER2+ metastatic colorectal cancer,primekg,kg,llama3.1:405b,0,8,D,1,1.0,1,1,1,1,,both,consistent,4.0,"Drug-8 targets ERBB3, which is related to HER2 signaling pathway implicated in the disease.",0.125,1.875
3,RAS wild-type HER2+ metastatic colorectal cancer,primekg,kg,llama3.1:405b,1,8,F,1,1.0,1,1,1,1,,both,consistent,4.0,"Drug-8 targets ERBB3, which is related to the HER2 pathway, making it a plausible candidate for RAS wild-type HER2+ metastatic colorectal cancer.",0.375,1.75
3,Primary immunodeficiency pediatric (EMA),primekg,kg,llama3.1:405b,0,8,A,1,1.0,1,1,1,1,,both,consistent,4.0,"Drug-1 targets FCGR3A, a gene associated with primary immunodeficiency pediatric (EMA), indicating strong mechanistic plausibility.",0.125,1.75
3,Primary immunodeficiency pediatric (EMA),primekg,kg,llama3.1:405b,1,8,B,1,1.0,1,1,1,1,,both,consistent,5.0,"Drug-1 targets FCGR3A, directly associated with the disease, making it a strong candidate based on both knowledge graph evidence and prior understanding of immunodeficiency diseases.",0.125,2.0
3,BRAF V600E metastatic NSCLC,primekg,kg,llama3.1:405b,0,8,F,1,1.0,1,1,1,1,,both,consistent,4.0,"Drug-7 targets BRAF, a key gene in the disease profile, making it a plausible candidate.",0.125,1.875
3,BRAF V600E metastatic NSCLC,primekg,kg,llama3.1:405b,1,8,G,1,1.0,1,1,1,1,,both,consistent,5.0,"Drug-7 targets BRAF, which is directly implicated in the disease.",0.25,2.125
3,CRSwNP (eosinophilic chronic rhinosinusitis with nasal polyps),primekg,kg,llama3.1:405b,0,8,C,7,0.14285714285714285,0,0,0,1,,prior,insufficient,1.0,"No information is provided for Drug-8, making it impossible to assess its plausibility.",0.375,2.125
3,CRSwNP (eosinophilic chronic rhinosinusitis with nasal polyps),primekg,kg,llama3.1:405b,1,8,B,5,0.2,0,0,1,1,,prior,insufficient,2.0,"There is no evidence provided for Drug-8, but based on its unknown mechanism, it is ranked lower than the other candidates.",0.75,2.5
3,Pediatric glioma (EMA),primekg,kg,llama3.1:405b,0,8,F,2,0.5,0,1,1,1,,both,consistent,3.0,"Drug-7 targets LIMK1, which is involved in cell migration and invasion, relevant to glioma; however, its primary targets (NEK11, SIK1) are not directly related to glioma.",0.875,1.75
3,Pediatric glioma (EMA),primekg,kg,llama3.1:405b,1,8,A,6,0.16666666666666666,0,0,0,1,,prior,insufficient,1.0,"Drug-7 targets several proteins including kinases and transporters, but lacks clear connections to glioma.",0.125,2.0
3,Primary humoral immunodeficiency pediatric 2-11yr,primekg,kg,llama3.1:405b,0,8,F,1,1.0,1,1,1,1,,both,consistent,5.0,"Drug-1 targets FCGR3A, a gene associated with primary humoral immunodeficiency pediatric 2-11yr.",0.125,1.75
3,Primary humoral immunodeficiency pediatric 2-11yr,primekg,kg,llama3.1:405b,1,8,C,1,1.0,1,1,1,1,,both,consistent,5.0,"Drug-1 targets FCGR3A, which is directly associated with the disease.",0.125,2.25
3,"ALK+ solid tumors (tissue-agnostic, world-first)",primekg,kg,llama3.1:405b,0,8,E,1,1.0,1,1,1,1,,both,consistent,5.0,"Drug-7 targets ALK, which is directly related to the disease.",0.5,2.0
3,"ALK+ solid tumors (tissue-agnostic, world-first)",primekg,kg,llama3.1:405b,1,8,E,1,1.0,1,1,1,1,,both,consistent,5.0,"Drug-7 targets ALK, a key driver of ALK+ solid tumors, making it the most mechanistically plausible candidate.",0.125,1.5
3,Primary mediastinal large B-cell lymphoma,primekg,kg,llama3.1:405b,0,8,B,1,1.0,1,1,1,1,,both,consistent,4.0,"Drug-5 targets PDCD1, a protein involved in immune checkpoint regulation relevant to cancer treatment.",0.125,1.75
3,Primary mediastinal large B-cell lymphoma,primekg,kg,llama3.1:405b,1,8,A,1,1.0,1,1,1,1,,both,consistent,4.0,"Drug-5 targets PDCD1, a checkpoint protein that has been implicated in various cancers, including lymphomas, making it a plausible candidate for treating Primary mediastinal large B-cell lymphoma.",0.125,2.375
3,HR+/HER2- metastatic breast cancer,primekg,kg,llama3.1:405b,0,8,D,4,0.25,0,0,1,1,,prior,insufficient,2.0,"TOP1 is a target for some cancer therapies, but its relation to HR+/HER2- breast cancer is unclear.",0.125,1.875
3,HR+/HER2- metastatic breast cancer,primekg,kg,llama3.1:405b,1,8,F,4,0.25,0,0,1,1,,kg,insufficient,2.0,"Drug-7 targets genes that are not directly associated with HR+/HER2- metastatic breast cancer in the knowledge graph, leading to uncertainty about its potential efficacy.",0.875,2.0
3,HER2+ early-stage BC (neoadjuvant + adjuvant),primekg,kg,llama3.1:405b,0,8,H,7,0.14285714285714285,0,0,0,1,,kg,insufficient,1.0,"Drug-8 targets multiple genes, but there is no clear link to HER2+ early-stage BC.",0.625,2.125
3,HER2+ early-stage BC (neoadjuvant + adjuvant),primekg,kg,llama3.1:405b,1,8,E,2,0.5,0,1,1,1,,both,consistent,3.0,"Drug-8 targets FCGR1A, involved in immune response and potentially influencing cancer cell elimination.",0.25,1.875
3,"Pediatric low-grade glioma (+dabrafenib, BRAF V600E)",primekg,kg,llama3.1:405b,0,8,F,3,0.3333333333333333,0,1,1,1,,both,consistent,4.0,"Drug-6 targets MAP2K2, which is part of the MAPK pathway involved in BRAF V600E-related gliomas.",0.25,1.75
3,"Pediatric low-grade glioma (+dabrafenib, BRAF V600E)",primekg,kg,llama3.1:405b,1,8,C,1,1.0,1,1,1,1,,both,consistent,4.0,"Drug-6 targets MAP2K2, which is involved in the MAPK signaling pathway that is often dysregulated in gliomas.",0.125,1.875
3,mHSPC + ADT,primekg,kg,llama3.1:405b,0,8,C,6,0.16666666666666666,0,0,0,1,,both,conflicting,2.0,"Drug-8 targets UGT1A9 and SLCO1B3, but its other targets have conflicting information or unclear connections to mHSPC + ADT.",0.5,2.125
3,mHSPC + ADT,primekg,kg,llama3.1:405b,1,8,C,5,0.2,0,0,1,1,,kg,conflicting,3.0,The targets of Drug-8 do not show a clear connection to the disease.,0.75,2.5
3,Pediatric BRAF V600E low-grade glioma,primekg,kg,llama3.1:405b,0,8,B,4,0.25,0,0,1,1,,kg,insufficient,2.0,"Drug-B targets multiple proteins, but none have a clear connection to Pediatric BRAF V600E low-grade glioma.",0.75,2.0
3,Pediatric BRAF V600E low-grade glioma,primekg,kg,llama3.1:405b,1,8,D,1,1.0,1,1,1,1,,both,consistent,4.0,"Drug-6's broad target profile, including kinases and transporters, increases its likelihood of affecting glioma-related pathways.",0.75,2.125
3,HER2-mutant NSCLC (EMA),primekg,kg,llama3.1:405b,0,8,H,6,0.16666666666666666,0,0,0,1,,prior,insufficient,1.0,"Drug-8 targets various proteins including transporters and enzymes, but none directly linked to HER2-mutant NSCLC pathways.",0.0,1.875
3,HER2-mutant NSCLC (EMA),primekg,kg,llama3.1:405b,1,8,B,1,1.0,1,1,1,1,,prior,insufficient,3.0,"Drug-8 has a broad range of targets, including transporters and enzymes involved in drug metabolism, which might indirectly affect cancer treatment outcomes but lacks direct evidence linking to HER2-mutant NSCLC pathways.",0.125,1.875
3,Ph+ CML-CP after 2+ TKIs,primekg,kg,llama3.1:405b,0,8,C,7,0.14285714285714285,0,0,0,1,,prior,insufficient,1.0,"No information is available for Drug-7, making it difficult to assess its mechanistic plausibility.",0.5,1.875
3,Ph+ CML-CP after 2+ TKIs,primekg,kg,llama3.1:405b,1,8,H,8,0.125,0,0,0,1,,prior,insufficient,1.0,No information is available on Drug-7's targets or mechanisms related to Ph+ CML-CP after 2+ TKIs.,0.125,1.625
3,HR+/HER2- metastatic breast cancer,primekg,kg,llama3.1:405b,0,8,C,1,1.0,1,1,1,1,,both,consistent,4.0,"Drug-7 targets PARP1 and PARP2, enzymes involved in DNA repair pathways relevant to cancer treatment, including breast cancer.",0.125,2.25
3,HR+/HER2- metastatic breast cancer,primekg,kg,llama3.1:405b,1,8,B,1,1.0,1,1,1,1,,both,consistent,3.0,"Drug-7 targets PARP1 and PARP2, which could be relevant to HR+/HER2- metastatic breast cancer based on the role of PARP inhibitors in treating certain types of breast cancer.",0.25,1.375
3,HER2-mutant NSCLC (PMDA),primekg,kg,llama3.1:405b,0,8,E,7,0.14285714285714285,0,0,0,1,,prior,insufficient,1.0,"Drug-8 targets various proteins, including some related to immune responses, but the mechanistic link to HER2-mutant NSCLC is not apparent.",0.375,2.125
3,HER2-mutant NSCLC (PMDA),primekg,kg,llama3.1:405b,1,8,F,6,0.16666666666666666,0,0,0,1,,prior,insufficient,2.0,"Drug-8 targets several proteins including SLCs and enzymes; while these could affect drug metabolism or cellular functions, the connection to HER2-mutant NSCLC (PMDA) is indirect and speculative.",0.375,2.5
3,Follicular lymphoma (+obinutuzumab),primekg,kg,llama3.1:405b,0,8,E,1,1.0,1,1,1,1,,both,consistent,4.0,"Drug-8 targets several tyrosine kinases, including TEC and TXK, which are involved in B-cell receptor signaling pathways relevant to follicular lymphoma.",0.25,2.125
3,Follicular lymphoma (+obinutuzumab),primekg,kg,llama3.1:405b,1,8,F,2,0.5,0,1,1,1,,both,consistent,3.0,"Drug-8 targets TEC and TXK, which are involved in B-cell signaling pathways relevant to follicular lymphoma.",0.75,1.75
3,Platinum-resistant ovarian carcinoma (PD-L1+ CPS≥1),primekg,kg,llama3.1:405b,0,8,B,1,1.0,1,1,1,1,,kg,consistent,4.0,"Drug-6 targets PDCD1, which is a key protein involved in the PD-L1 pathway, making it a plausible candidate for treating platinum-resistant ovarian carcinoma (PD-L1+ CPS≥1).",0.125,2.0
3,Platinum-resistant ovarian carcinoma (PD-L1+ CPS≥1),primekg,kg,llama3.1:405b,1,8,C,1,1.0,1,1,1,1,,both,consistent,4.0,"Drug-6 targets PDCD1, which is involved in the PD-1/PD-L1 pathway, a key immunotherapeutic target for cancer treatment.",0.625,2.125
3,Resectable gastric/GEJ adenocarcinoma (neoadj+adj +FLOT),primekg,kg,llama3.1:405b,0,8,H,1,1.0,1,1,1,1,,prior,insufficient,3.0,"Drug-7 targets CD274, which may have immunomodulatory effects relevant to cancer treatment.",0.25,2.5
3,Resectable gastric/GEJ adenocarcinoma (neoadj+adj +FLOT),primekg,kg,llama3.1:405b,1,8,E,1,1.0,1,1,1,1,,kg,consistent,4.0,"Drug-7 targets CD274, which is involved in immune checkpoint regulation, a relevant mechanism for cancer treatment.",0.375,2.25
3,Advanced RCC after PD-1/PD-L1 + VEGF-TKI,primekg,kg,llama3.1:405b,0,8,G,2,0.5,0,1,1,1,,both,consistent,4.0,"Targets EPAS1, which is involved in angiogenesis and could be relevant to RCC treatment, aligning with both prior knowledge and the provided disease associations.",0.125,2.0
3,Advanced RCC after PD-1/PD-L1 + VEGF-TKI,primekg,kg,llama3.1:405b,1,8,B,1,1.0,1,1,1,1,,kg,consistent,4.0,"Drug-8 targets EPAS1, which is involved in angiogenesis and might be relevant to cancer progression, especially in the context of VEGF-TKI resistance.",0.875,2.125
3,HER2+ solid tumors (tumor-agnostic),primekg,kg,llama3.1:405b,0,8,D,4,0.25,0,0,1,1,,prior,insufficient,2.0,"SLC47A2 and ABCC1 are transporters with potential roles in cancer, but their connection to HER2+ solid tumors is unclear.",0.125,2.125
3,HER2+ solid tumors (tumor-agnostic),primekg,kg,llama3.1:405b,1,8,G,7,0.14285714285714285,0,0,0,1,,kg,conflicting,1.0,"Targets transporters and enzymes not directly linked to HER2+ pathways, making it less plausible mechanistically.",0.75,1.25
3,HR+/HER2- early breast cancer (adjuvant),primekg,kg,llama3.1:405b,0,8,F,1,1.0,1,1,1,1,,both,consistent,4.0,"Drug-5 targets CDK4 and CDK6, which are involved in cell cycle regulation, a key pathway in cancer progression.",0.125,1.875
3,HR+/HER2- early breast cancer (adjuvant),primekg,kg,llama3.1:405b,1,8,B,1,1.0,1,1,1,1,,both,consistent,4.0,"Drug-5 targets CDK4 and CDK6, which are involved in cell cycle regulation, a critical aspect of cancer progression, including HR+/HER2- early breast cancer.",0.125,2.0
3,Chronic lymphocytic leukemia,primekg,kg,llama3.1:405b,0,8,A,1,1.0,1,1,1,1,,kg,consistent,4.0,"Drug-8 targets multiple kinases, including TEC and ITK, which are involved in signaling pathways relevant to leukemia.",0.625,2.25
3,Chronic lymphocytic leukemia,primekg,kg,llama3.1:405b,1,8,H,1,1.0,1,1,1,1,,both,consistent,4.0,"Drug-8 targets several kinases involved in immune cell signaling, such as TEC and ITK, which could be relevant to CLL.",0.125,1.875
3,Unresectable thymic carcinoma (PMDA),primekg,kg,llama3.1:405b,0,8,B,5,0.2,0,0,1,1,,kg,consistent,3.0,"The knowledge graph suggests that Drug-7 targets several genes, including FLT4, but my prior knowledge does not suggest a strong link between these targets and Unresectable thymic carcinoma (PMDA).",0.75,2.75
3,Unresectable thymic carcinoma (PMDA),primekg,kg,llama3.1:405b,1,8,F,4,0.25,0,0,1,1,,prior,insufficient,1.0,"The targets of Drug-7 (AOX1, SLC22A2, etc.) do not have an apparent connection to thymic carcinoma.",0.0,1.375
3,IDH1-mutated relapsed/refractory MDS,primekg,kg,llama3.1:405b,0,8,H,1,1.0,1,1,1,1,,both,consistent,5.0,"Drug-8 targets IDH1, a key gene associated with the disease, making it a highly plausible candidate.",0.125,2.25
3,IDH1-mutated relapsed/refractory MDS,primekg,kg,llama3.1:405b,1,8,H,1,1.0,1,1,1,1,,both,consistent,5.0,"Drug-8 targets IDH1, a gene directly associated with the disease.",0.5,2.0
3,Metastatic colorectal cancer,primekg,kg,llama3.1:405b,0,8,G,8,0.125,0,0,0,1,,kg,insufficient,3.0,"Drug-1 targets nucleoside transporters and enzymes involved in nucleotide metabolism, but the connection to metastatic colorectal cancer is not clearly established through the knowledge graph.",0.5,2.5
3,Metastatic colorectal cancer,primekg,kg,llama3.1:405b,1,8,H,4,0.25,0,0,1,1,,prior,insufficient,2.0,Drug-1's targets (like nucleoside transporters) are relevant to cancer treatment but not specifically linked here.,0.125,2.0
3,Agitation associated with Alzheimer's dementia,drkg,kg,llama3.1:405b,0,8,E,1,1.0,1,1,1,1,,both,consistent,4.0,"Drug-8's activation of HTR1A and DRD2, inhibition of HTR2A, and targeting of ADRA1B and ADRA2C suggest a plausible mechanism for treating agitation in Alzheimer's dementia.",0.75,2.25
3,Agitation associated with Alzheimer's dementia,drkg,kg,llama3.1:405b,1,8,B,1,1.0,1,1,1,1,,both,consistent,4.0,"Drug-8's activation of HTR1A and DRD2, inhibition of HTR2A, and targeting of ADRA1B suggest a plausible mechanism for modulating neurotransmitter systems relevant to agitation in Alzheimer's dementia.",0.625,2.375
3,LDL-C elevation in statin-intolerant dyslipidemia,drkg,kg,llama3.1:405b,0,8,H,1,1.0,1,1,1,1,,both,consistent,4.0,"Drug-8 targets PPARA, a key regulator of lipid metabolism, making it a plausible candidate for treating LDL-C elevation.",0.625,2.0
3,LDL-C elevation in statin-intolerant dyslipidemia,drkg,kg,llama3.1:405b,1,8,E,1,1.0,1,1,1,1,,kg,consistent,4.0,"Drug-8 targets PPARA, which is involved in lipid metabolism and can influence LDL-C levels.",0.625,1.875
3,First-line anemia in lower-risk MDS,drkg,kg,llama3.1:405b,0,8,B,6,0.16666666666666666,0,0,0,1,,prior,insufficient,1.0,"No information is provided for Drug-8, making it impossible to assess its plausibility.",0.625,1.875
3,First-line anemia in lower-risk MDS,drkg,kg,llama3.1:405b,1,8,F,8,0.125,0,0,0,1,,prior,insufficient,1.0,"No information was provided for Drug-8, making it impossible to assess its mechanistic plausibility.",0.625,2.0
3,Palmoplantar pustulosis (PMDA),drkg,kg,llama3.1:405b,0,8,A,1,1.0,1,1,1,1,,both,consistent,4.0,"Drug-8 targets IL23A, which is involved in the inflammatory response and has been implicated in psoriatic diseases, including PMDA.",0.75,2.25
3,Palmoplantar pustulosis (PMDA),drkg,kg,llama3.1:405b,1,8,H,1,1.0,1,1,1,1,,both,consistent,4.0,"Drug-8 targets IL23A, which is involved in the pathogenesis of PMDA, making it a plausible candidate.",0.625,2.25
3,Acute HCV pediatric,drkg,kg,llama3.1:405b,0,8,A,2,0.5,0,1,1,1,,both,consistent,3.0,"Drug-8 targets SLCO1B1 and SLCO1B3, which are involved in the transport of bile acids and could be relevant to HCV treatment.",0.25,1.75
3,Acute HCV pediatric,drkg,kg,llama3.1:405b,1,8,F,6,0.16666666666666666,0,0,0,1,,prior,insufficient,1.0,"Drug-8's targets, such as SLCO1B3 and ABCG2, are related to transport or metabolism, but their relevance to HCV is unclear.",0.25,1.75
3,Oral tablet formulation for weight management,drkg,kg,llama3.1:405b,0,8,A,1,1.0,1,1,1,1,,both,consistent,4.0,"Drug-8 activates GCG and targets GLP1R, which are involved in glucose metabolism and appetite regulation.",0.625,2.25
3,Oral tablet formulation for weight management,drkg,kg,llama3.1:405b,1,8,C,1,1.0,1,1,1,1,,both,consistent,4.0,"Drug-8 activates GCG and targets GLP1R, which are involved in glucose metabolism and appetite regulation, making it a plausible candidate for weight management.",0.375,2.875
3,Nephrotic syndrome,drkg,kg,llama3.1:405b,0,8,E,4,0.25,0,0,1,1,,prior,insufficient,3.0,"Drug-1 has no clear mechanism of action relevant to Nephrotic syndrome based on the provided evidence, but may have some effects on apoptosis and cell survival.",0.625,2.5
3,Nephrotic syndrome,drkg,kg,llama3.1:405b,1,8,B,5,0.2,0,0,1,1,,prior,conflicting,2.0,"Drug-1's targeting of XIAP and TP53 may be relevant to cancer treatment, but its connection to Nephrotic syndrome is unclear and potentially conflicting.",0.5,2.125
3,KRAS G12C+ mCRC,drkg,kg,llama3.1:405b,0,8,D,1,1.0,1,1,1,1,,both,consistent,5.0,"Directly targets KRAS, a key driver of the disease.",0.875,2.125
3,KRAS G12C+ mCRC,drkg,kg,llama3.1:405b,1,8,B,1,1.0,1,1,1,1,,kg,consistent,5.0,"Drug-8 directly targets KRAS, making it a highly plausible candidate for treating KRAS G12C+ mCRC.",0.25,2.25
3,Retinal vein occlusion,drkg,kg,llama3.1:405b,0,8,A,6,0.16666666666666666,0,0,0,1,,prior,insufficient,1.0,"No evidence is provided, and prior knowledge does not suggest a clear connection between Drug-8 and Retinal vein occlusion.",0.5,1.875
3,Retinal vein occlusion,drkg,kg,llama3.1:405b,1,8,H,8,0.125,0,0,0,1,,prior,insufficient,1.0,"No information was provided for Drug-8, making it impossible to assess its plausibility.",0.75,2.125
3,TRD monotherapy,drkg,kg,llama3.1:405b,0,8,H,2,0.5,0,1,1,1,,kg,consistent,4.0,"Drug-8 targets several NMDA receptor subunits, which are involved in synaptic plasticity and have been implicated in depression.",0.625,2.375
3,TRD monotherapy,drkg,kg,llama3.1:405b,1,8,F,1,1.0,1,1,1,1,,both,consistent,4.0,"Drug-8 targets various glutamate receptors (GRIN2A, GRIN2B, etc.), which are involved in neurotransmitter systems implicated in depression and TRD.",0.875,2.0
3,Reduce MACE in CVD + obesity/overweight,drkg,kg,llama3.1:405b,0,8,D,1,1.0,1,1,1,1,,both,consistent,4.0,"Drug-8 activates GCG and targets GLP1R, which is consistent with its potential role in reducing MACE in CVD + obesity/overweight.",0.75,1.875
3,Reduce MACE in CVD + obesity/overweight,drkg,kg,llama3.1:405b,1,8,H,2,0.5,0,1,1,1,,kg,consistent,4.0,Drug-8's activation of GCG and targeting of GLP1R may improve glucose homeostasis and reduce cardiovascular risk.,0.375,2.375
3,Indolent systemic mastocytosis (EMA),drkg,kg,llama3.1:405b,0,8,A,8,0.125,0,0,0,1,,prior,insufficient,1.0,"Drug-8 lacks provided evidence, making it difficult to assess its potential for ISM treatment.",0.75,2.0
3,Indolent systemic mastocytosis (EMA),drkg,kg,llama3.1:405b,1,8,E,3,0.3333333333333333,0,1,1,1,,prior,insufficient,2.0,"Ranked third, again due to a lack of negative evidence and potential benefits based on prior pharmacological knowledge, though direct connections are not provided.",0.625,2.5
3,IgG4-related disease,drkg,kg,llama3.1:405b,0,8,A,7,0.14285714285714285,0,0,0,1,,prior,insufficient,1.0,"Lacking specific evidence, Drug-8's mechanistic plausibility for IgG4-related disease cannot be evaluated with any degree of confidence.",0.75,2.125
3,IgG4-related disease,drkg,kg,llama3.1:405b,1,8,B,7,0.14285714285714285,0,0,0,1,,prior,insufficient,1.0,"Without provided evidence, assessing Drug-8's plausibility for treating IgG4-related disease is challenging.",0.75,2.125
3,COVID-19 (expanded population),drkg,kg,llama3.1:405b,0,8,H,8,0.125,0,0,0,1,,prior,insufficient,1.0,"There is no information available for Drug-8, making it impossible to assess its plausibility.",0.75,2.5
3,COVID-19 (expanded population),drkg,kg,llama3.1:405b,1,8,G,7,0.14285714285714285,0,0,0,1,,prior,insufficient,1.0,"No information is available about Drug-8, making it impossible to assess its potential for COVID-19 treatment.",0.5,1.875
3,Obstructive sleep apnea with obesity,drkg,kg,llama3.1:405b,0,8,G,7,0.14285714285714285,0,0,0,1,,prior,insufficient,1.0,"There is no information available for Drug-8, making it difficult to assess its mechanistic plausibility.",0.5,2.25
3,Obstructive sleep apnea with obesity,drkg,kg,llama3.1:405b,1,8,B,7,0.14285714285714285,0,0,0,1,,prior,insufficient,1.0,"No evidence is provided for Drug-8, and its potential efficacy for obstructive sleep apnea with obesity cannot be assessed.",0.625,2.25
3,Biliary tract cancer 1L,drkg,kg,llama3.1:405b,0,8,A,8,0.125,0,0,0,1,,prior,insufficient,1.0,"Drug-8's targets, CD274 and CD80, suggest potential immunomodulatory effects, but the relevance to Biliary tract cancer 1L is uncertain without more specific evidence or a clear mechanism of action.",0.25,2.375
3,Biliary tract cancer 1L,drkg,kg,llama3.1:405b,1,8,H,4,0.25,0,0,1,1,,kg,conflicting,2.0,"Drug-8 targets CD274 and CD80, but the knowledge graph evidence conflicts with prior knowledge, making its effectiveness uncertain.",0.75,1.875
3,Retinal vein occlusion,drkg,kg,llama3.1:405b,0,8,B,7,0.14285714285714285,0,0,0,1,,prior,insufficient,1.0,"No evidence was provided for Drug-8, making it impossible to assess its mechanistic plausibility.",0.25,1.875
3,Retinal vein occlusion,drkg,kg,llama3.1:405b,1,8,H,8,0.125,0,0,0,1,,prior,insufficient,1.0,"No evidence was provided for Drug-8, making it impossible to assess its potential for treating retinal vein occlusion.",0.25,1.875
3,Chorea associated with Huntington's disease,drkg,kg,llama3.1:405b,0,8,H,8,0.125,0,0,0,1,,kg,conflicting,1.0,Drug-6's inhibition of SLC18A2 and targets like CYP3A5 do not appear to be relevant to Huntington's disease.,0.5,1.75
3,Chorea associated with Huntington's disease,drkg,kg,llama3.1:405b,1,8,F,3,0.3333333333333333,0,1,1,1,,both,consistent,3.0,"Drug-6's inhibition of SLC18A2 may be relevant to Huntington's disease, as this transporter is involved in dopamine release and regulation.",0.5,2.125
3,High LDL-C with increased CV risk (expanded),drkg,kg,llama3.1:405b,0,8,H,8,0.125,0,0,0,1,,prior,insufficient,1.0,"No information is available for Drug-8, making it impossible to assess its mechanistic plausibility.",0.25,1.875
3,High LDL-C with increased CV risk (expanded),drkg,kg,llama3.1:405b,1,8,H,8,0.125,0,0,0,1,,prior,insufficient,1.0,No evidence is provided for Drug-8.,0.5,1.875
3,Polycythaemia vera and essential thrombocytopenia,drkg,kg,llama3.1:405b,0,8,F,2,0.5,0,1,1,1,,both,consistent,4.0,"Drug-1 activates IFNAR2, which is associated with the disease, but its role in treatment is uncertain.",0.25,2.625
3,Polycythaemia vera and essential thrombocytopenia,drkg,kg,llama3.1:405b,1,8,C,1,1.0,1,1,1,1,,both,consistent,4.0,"Drug-1 activates IFNAR2 and IFNAR1, which are related to interferon signaling pathways potentially implicated in myeloproliferative neoplasms like polycythaemia vera and essential thrombocytopenia.",0.75,2.375
3,Schnitzler syndrome (Japan),drkg,kg,llama3.1:405b,0,8,F,1,1.0,1,1,1,1,,both,consistent,5.0,"Direct inhibition of IL1B, a gene associated with Schnitzler syndrome (Japan), provides strong mechanistic plausibility.",0.125,1.75
3,Schnitzler syndrome (Japan),drkg,kg,llama3.1:405b,1,8,D,1,1.0,1,1,1,1,,kg,consistent,5.0,"Directly inhibits IL1B, strongly associated with Schnitzler syndrome.",0.125,1.875
3,COVID-19 updated strain,drkg,kg,llama3.1:405b,0,8,G,7,0.14285714285714285,0,0,0,1,,prior,insufficient,1.0,No information provided for Drug-8; cannot assess mechanistic plausibility.,0.75,1.875
3,COVID-19 updated strain,drkg,kg,llama3.1:405b,1,8,D,8,0.125,0,0,0,1,,prior,insufficient,1.0,"No information is available for Drug-8, making it impossible to assess its potential efficacy.",0.5,1.875
3,Delay T1D onset in children ≥1yr,drkg,kg,llama3.1:405b,0,8,B,6,0.16666666666666666,0,0,0,1,,prior,insufficient,2.0,"No evidence is available for Drug-7, and its potential relevance to T1D cannot be assessed.",0.625,2.875
3,Delay T1D onset in children ≥1yr,drkg,kg,llama3.1:405b,1,8,F,6,0.16666666666666666,0,0,0,1,,prior,insufficient,1.0,"There is no information available about Drug-6's mechanism of action, making it difficult to assess its mechanistic plausibility.",0.625,2.0
3,"mCRC BRAF V600E (traditional approval, was accelerated)",drkg,kg,llama3.1:405b,0,8,B,1,1.0,1,1,1,1,,both,consistent,5.0,"Drug-5 directly inhibits BRAF, a key driver mutation in mCRC BRAF V600E, and targets other relevant proteins such as KRAS and EGFR.",0.875,2.125
3,"mCRC BRAF V600E (traditional approval, was accelerated)",drkg,kg,llama3.1:405b,1,8,G,1,1.0,1,1,1,1,,both,consistent,5.0,"Drug-5 directly inhibits BRAF, making it a highly plausible candidate for treating mCRC BRAF V600E.",1.0,2.375
3,Diabetic retinopathy/DME (EMA Mar+May 2026),drkg,kg,llama3.1:405b,0,8,E,7,0.14285714285714285,0,0,0,1,,prior,insufficient,1.0,"No evidence was provided for Drug-8, so its confidence is very low.",0.375,1.875
3,Diabetic retinopathy/DME (EMA Mar+May 2026),drkg,kg,llama3.1:405b,1,8,C,4,0.25,0,0,1,1,,prior,insufficient,2.0,"No evidence was provided for Drug-8, making its assessment challenging.",0.5,3.0
3,Cerebral folate transport deficiency,drkg,kg,llama3.1:405b,0,8,G,1,1.0,1,1,1,1,,prior,insufficient,4.0,"Drug-1's activation of GALR1 and GALR2, involved in various cellular processes, might indirectly influence folate transport or metabolism.",0.625,2.25
3,Cerebral folate transport deficiency,drkg,kg,llama3.1:405b,1,8,B,2,0.5,0,1,1,1,,kg,insufficient,3.0,"Although Drug-1 binds several proteins, there is no clear connection to cerebral folate transport deficiency or FOLR1 in the provided evidence.",0.625,2.25
3,Heart failure (broadened),drkg,kg,llama3.1:405b,0,8,B,3,0.3333333333333333,0,1,1,1,,kg,insufficient,3.0,"Although Drug-4's profile shows several bindings and inhibitions, the evidence is insufficient to establish a clear mechanistic link to heart failure treatment.",0.875,2.5
3,Heart failure (broadened),drkg,kg,llama3.1:405b,1,8,H,4,0.25,0,0,1,1,,kg,insufficient,2.0,Drug-4's inhibition of SLC5A2 and binding to UGT enzymes lack clear mechanistic links to heart failure.,0.625,2.25
3,Acquired hypofibrinogenemia in cardiovascular surgery,drkg,kg,llama3.1:405b,0,8,D,5,0.2,0,0,1,1,,prior,insufficient,1.0,"No information is provided about Drug-7's relevance to the disease, making it uncertain.",0.625,1.125
3,Acquired hypofibrinogenemia in cardiovascular surgery,drkg,kg,llama3.1:405b,1,8,B,8,0.125,0,0,0,1,,prior,insufficient,1.0,"No information is available for Drug-7, and prior knowledge does not suggest a clear mechanistic link to the disease.",0.625,2.375
3,COPD,drkg,kg,llama3.1:405b,0,8,G,5,0.2,0,0,1,1,,kg,insufficient,1.0,"The knowledge graph only provides evidence for Drug-8 targeting IL4R, which is not directly related to COPD pathology.",0.5,1.875
3,COPD,drkg,kg,llama3.1:405b,1,8,H,8,0.125,0,0,0,1,,prior,insufficient,1.0,The evidence for Drug-8 is too limited to assess its plausibility for treating COPD.,0.5,2.25
3,Chronic hepatitis B (pediatric),drkg,kg,llama3.1:405b,0,8,B,2,0.5,0,1,1,1,,kg,insufficient,2.0,"Drug-6 targets multiple proteins, but the relevance of these targets to chronic hepatitis B is unclear.",0.625,1.625
3,Chronic hepatitis B (pediatric),drkg,kg,llama3.1:405b,1,8,D,7,0.14285714285714285,0,0,0,1,,kg,conflicting,1.0,"Drug-6 has multiple targets, but their relevance to chronic hepatitis B is unclear and may be conflicting.",0.75,2.125
3,HoFH pediatric (EMA),drkg,kg,llama3.1:405b,0,8,C,3,0.3333333333333333,0,1,1,1,,prior,insufficient,1.0,"No evidence was provided for Drug-8, making it impossible to assess its mechanistic plausibility.",0.875,2.125
3,HoFH pediatric (EMA),drkg,kg,llama3.1:405b,1,8,B,6,0.16666666666666666,0,0,0,1,,prior,insufficient,1.0,"Without any information on Drug-8's targets or effects, its potential for treating HoFH is completely uncertain.",0.75,1.875
3,HR+/HER2- breast cancer,drkg,kg,llama3.1:405b,0,8,B,7,0.14285714285714285,0,0,0,1,,prior,insufficient,1.0,"No information is available for Drug-8, making it impossible to assess its plausibility.",0.75,2.125
3,HR+/HER2- breast cancer,drkg,kg,llama3.1:405b,1,8,H,8,0.125,0,0,0,1,,prior,insufficient,1.0,"Without any provided evidence or clear connection to breast cancer biology, Drug-8's potential is uncertain and ranked lowest.",0.5,2.25
3,Retinopathy of prematurity,drkg,kg,llama3.1:405b,0,8,H,1,1.0,1,1,1,1,,both,consistent,4.0,"Drug-7's inhibition of VEGFA and KDR, key factors in angiogenesis, aligns with its potential application in treating Retinopathy of prematurity, a disease characterized by abnormal blood vessel growth.",0.125,1.875
3,Retinopathy of prematurity,drkg,kg,llama3.1:405b,1,8,C,1,1.0,1,1,1,1,,both,consistent,4.0,"Drug-7 inhibits VEGFA, a key player in angiogenesis, which is involved in the pathogenesis of Retinopathy of prematurity.",0.14285714285714285,1.8571428571428572
3,Agitation associated with Alzheimer's dementia,drkg,kg,llama3.1:405b,0,8,C,6,0.16666666666666666,0,0,0,1,,prior,insufficient,1.0,Drug-3 has limited evidence and no clear connection to Alzheimer's dementia or agitation.,0.375,2.25
3,Agitation associated with Alzheimer's dementia,drkg,kg,llama3.1:405b,1,8,B,5,0.2,0,0,1,1,,prior,insufficient,1.0,The knowledge graph lacks clear evidence for Drug-3's relevance to Alzheimer's agitation.,0.5,1.75
3,Heterozygous familial hypercholesterolemia,drkg,kg,llama3.1:405b,0,8,B,1,1.0,1,1,1,1,,both,consistent,5.0,"Drug-5 inhibits PCSK9, a key enzyme involved in LDL cholesterol metabolism.",0.75,2.375
3,Heterozygous familial hypercholesterolemia,drkg,kg,llama3.1:405b,1,8,E,1,1.0,1,1,1,1,,both,consistent,5.0,"Drug-5 inhibits PCSK9, a known target for treating hypercholesterolemia.",0.625,2.125
3,Indolent systemic mastocytosis,drkg,kg,llama3.1:405b,0,8,C,8,0.125,0,0,0,1,,prior,insufficient,1.0,No evidence or pharmacological rationale is provided for Drug-8's potential in treating mastocytosis.,0.375,1.75
3,Indolent systemic mastocytosis,drkg,kg,llama3.1:405b,1,8,E,7,0.14285714285714285,0,0,0,1,,prior,insufficient,1.0,"No evidence was provided for Drug-8, making it impossible to assess its potential.",0.625,2.25
3,Juvenile idiopathic arthritis (EMA Feb 2026),drkg,kg,llama3.1:405b,0,8,G,2,0.5,0,1,1,1,,both,consistent,4.0,"Drug-6 inhibits JAK1 and JAK2, which are involved in the signaling pathways of several cytokines implicated in juvenile idiopathic arthritis.",0.375,2.25
3,Juvenile idiopathic arthritis (EMA Feb 2026),drkg,kg,llama3.1:405b,1,8,B,2,0.5,0,1,1,1,,both,consistent,4.0,"Drug-6's inhibition of JAK1 and JAK2, which are involved in cytokine signaling pathways relevant to Juvenile idiopathic arthritis, supports its potential efficacy.",0.5,2.5
3,Invasive fungal infections pediatric ≥2yr,drkg,kg,llama3.1:405b,0,8,A,4,0.25,0,0,1,1,,kg,insufficient,2.0,"Drug-5 has limited evidence supporting its use in treating fungal infections, with unclear relevance to the disease.",0.75,2.25
3,Invasive fungal infections pediatric ≥2yr,drkg,kg,llama3.1:405b,1,8,C,7,0.14285714285714285,0,0,0,1,,kg,conflicting,2.0,Drug-5's inhibition of CYP3A4 and targeting of SMO could imply some metabolic effects but does not clearly indicate efficacy against fungal infections.,0.5,2.125
3,PKU expanded to ≥12yr,drkg,kg,llama3.1:405b,0,8,F,6,0.16666666666666666,0,0,0,1,,prior,insufficient,1.0,"No information is provided for Drug-F, making it impossible to assess its plausibility.",0.5,2.5
3,PKU expanded to ≥12yr,drkg,kg,llama3.1:405b,1,8,H,7,0.14285714285714285,0,0,0,1,,prior,insufficient,1.0,"No information is available for Drug-7, making it impossible to assess its mechanistic plausibility.",0.875,1.875
3,HR+/HER2-low breast cancer,drkg,kg,llama3.1:405b,0,8,E,8,0.125,0,0,0,1,,kg,conflicting,1.0,"Drug-8 targets FCGR1A, but its relevance to HR+/HER2-low breast cancer is unclear and lacks supporting evidence.",0.625,2.625
3,HR+/HER2-low breast cancer,drkg,kg,llama3.1:405b,1,8,E,7,0.14285714285714285,0,0,0,1,,prior,insufficient,1.0,"Drug-8 has only two targets, FCGR1A and TOP1, which are not clearly related to HR+/HER2-low breast cancer.",0.625,2.25
3,Spinal muscular atrophy (pediatric expansion),drkg,kg,llama3.1:405b,0,8,A,8,0.125,0,0,0,1,,prior,insufficient,1.0,"Without knowledge graph evidence, it's impossible to assess Drug-8's mechanistic plausibility for treating spinal muscular atrophy.",0.625,2.25
3,Spinal muscular atrophy (pediatric expansion),drkg,kg,llama3.1:405b,1,8,H,8,0.125,0,0,0,1,,prior,insufficient,1.0,"Without any provided evidence or strong prior knowledge connections to SMA, Drug-8's potential is uncertain and ranked lowest.",0.625,2.125
3,Chronic kidney disease,drkg,kg,llama3.1:405b,0,8,C,2,0.5,0,1,1,1,,both,consistent,4.0,"Drug-5 binds DPP4, a target implicated in chronic kidney disease pathophysiology.",0.5,2.625
3,Chronic kidney disease,drkg,kg,llama3.1:405b,1,8,E,2,0.5,0,1,1,1,,both,consistent,4.0,"Drug-5 targets INS, which is related to chronic kidney disease, and inhibits SLC5A2 and SLC5A1, which are involved in glucose transport.",0.5,2.75
3,IgE-mediated food allergy,drkg,kg,llama3.1:405b,0,8,A,1,1.0,1,1,1,1,,both,consistent,5.0,"Drug-1 inhibits IGHE, a key gene associated with IgE-mediated food allergy, and targets MS4A2 and FCER1A, which are relevant to the disease's pathophysiology.",0.25,2.25
3,IgE-mediated food allergy,drkg,kg,llama3.1:405b,1,8,B,1,1.0,1,1,1,1,,both,consistent,5.0,"Drug-1 directly inhibits IGHE, a gene associated with IgE-mediated food allergy, making it the most plausible candidate.",0.125,1.875
3,Measles prophylaxis post-exposure,drkg,kg,llama3.1:405b,0,8,A,1,1.0,1,1,1,1,,kg,consistent,4.0,"Drug-1 targets multiple Fc gamma receptors, which play a crucial role in immune responses and may contribute to measles prophylaxis.",0.75,2.75
3,Measles prophylaxis post-exposure,drkg,kg,llama3.1:405b,1,8,A,1,1.0,1,1,1,1,,kg,consistent,4.0,"Drug-1 targets multiple FCGR genes, which are involved in immune responses and may play a role in measles prophylaxis.",0.75,2.375
3,CKD in T2D,drkg,kg,llama3.1:405b,0,8,A,1,1.0,1,1,1,1,,both,consistent,4.0,"Drug-8 activates GCG and targets GLP1R, which are involved in glucose metabolism and have potential therapeutic benefits for CKD in T2D.",0.75,2.5
3,CKD in T2D,drkg,kg,llama3.1:405b,1,8,B,1,1.0,1,1,1,1,,both,consistent,4.0,"Drug-8 activates GCG and targets GLP1R, which is consistent with known mechanisms for treating T2D.",0.75,2.5
3,dMMR recurrent/advanced endometrial cancer,drkg,kg,llama3.1:405b,0,8,C,8,0.125,0,0,0,1,,prior,insufficient,1.0,"No evidence is provided for Drug-8, making it impossible to assess its mechanistic plausibility.",0.625,2.125
3,dMMR recurrent/advanced endometrial cancer,drkg,kg,llama3.1:405b,1,8,H,8,0.125,0,0,0,1,,prior,insufficient,1.0,No provided evidence to assess its potential efficacy in treating dMMR recurrent/advanced endometrial cancer.,0.75,2.125
3,ILD-associated pulmonary hypertension,drkg,kg,llama3.1:405b,0,8,E,1,1.0,1,1,1,1,,both,consistent,4.0,"Drug-3 activates PTGER2 and other prostaglandin receptors, which may help alleviate pulmonary hypertension symptoms.",0.375,2.25
3,ILD-associated pulmonary hypertension,drkg,kg,llama3.1:405b,1,8,C,2,0.5,0,1,1,1,,both,consistent,4.0,"Drug-3's activation of PTGER2 and other prostaglandin receptors suggests a potential therapeutic effect on pulmonary hypertension, consistent with the knowledge-graph evidence.",0.5,2.75
3,Crohn's disease,drkg,kg,llama3.1:405b,0,8,B,1,1.0,1,1,1,1,,kg,consistent,4.0,"Drug-8's inhibition of JAK1 and targeting of TYK2, JAK3, and JAK2 are plausible mechanisms given the role of Janus kinases in inflammatory responses relevant to Crohn's disease.",0.625,1.875
3,Crohn's disease,drkg,kg,llama3.1:405b,1,8,D,1,1.0,1,1,1,1,,both,consistent,4.0,"Drug-8's inhibition of JAK1 and targeting of TYK2, JAK3, and JAK2 are relevant to Crohn's disease treatment due to the role of these kinases in inflammation.",0.75,2.375
3,COVID-19 in severe renal impairment/dialysis,drkg,kg,llama3.1:405b,0,8,C,7,0.14285714285714285,0,0,0,1,,prior,insufficient,1.0,"No evidence was provided for Drug-8, making it difficult to assess its potential benefits.",0.625,2.5
3,COVID-19 in severe renal impairment/dialysis,drkg,kg,llama3.1:405b,1,8,F,7,0.14285714285714285,0,0,0,1,,prior,insufficient,1.0,"No evidence was provided for Drug-8's potential effects on COVID-19 in severe renal impairment/dialysis, and its pharmacological properties are unclear.",0.625,1.875
3,MASH with fibrosis,drkg,kg,llama3.1:405b,0,8,E,7,0.14285714285714285,0,0,0,1,,prior,insufficient,1.0,"Drug-8 has limited information and its target GLP1R is not directly related to fibrosis, making it the least promising candidate.",0.75,2.5
3,MASH with fibrosis,drkg,kg,llama3.1:405b,1,8,C,6,0.16666666666666666,0,0,0,1,,kg,insufficient,1.0,"Drug-8 activates GCG, but the relationship between this interaction and MASH with fibrosis is unknown.",0.875,2.0
3,Urothelial carcinoma (expanded population),drkg,kg,llama3.1:405b,0,8,E,1,1.0,1,1,1,1,,kg,consistent,4.0,"Drug-8 targets NECTIN4, which is a relevant target for urothelial carcinoma treatment.",0.75,2.25
3,Urothelial carcinoma (expanded population),drkg,kg,llama3.1:405b,1,8,A,1,1.0,1,1,1,1,,kg,consistent,4.0,"NECTIN4 is a known target in urothelial carcinoma, making Drug-8 a plausible candidate.",0.75,3.125
3,Chronic thromboembolic pulmonary hypertension,drkg,kg,llama3.1:405b,0,8,H,2,0.5,0,1,1,1,,both,consistent,4.0,"Drug-7 inhibits F10 and F2, which are involved in coagulation, a critical process in thromboembolic events.",0.375,2.125
3,Chronic thromboembolic pulmonary hypertension,drkg,kg,llama3.1:405b,1,8,E,1,1.0,1,1,1,1,,both,consistent,4.0,"Drug-7's inhibition of F10 and F2, involved in coagulation, aligns with the disease's thromboembolic nature.",0.75,2.0
3,Crohn's disease,drkg,kg,llama3.1:405b,0,8,F,1,1.0,1,1,1,1,,kg,consistent,4.0,"Drug-8 targets IL23A, a cytokine involved in inflammatory processes and potentially relevant to Crohn's disease pathophysiology.",0.625,2.125
3,Crohn's disease,drkg,kg,llama3.1:405b,1,8,C,1,1.0,1,1,1,1,,both,consistent,4.0,"Drug-8 targets IL23A, which is associated with Crohn's disease through the IL23/IL17 axis.",0.5,2.125
3,HoFH in children,drkg,kg,llama3.1:405b,0,8,B,5,0.2,0,0,1,1,,prior,insufficient,1.0,"No information is provided for Drug-8, making it difficult to assess its plausibility.",0.375,1.75
3,HoFH in children,drkg,kg,llama3.1:405b,1,8,A,4,0.25,0,0,1,1,,prior,insufficient,2.0,"Without specific knowledge graph evidence or clear mechanism, it ranks lower.",0.5,2.75
3,First-line anemia in lower-risk MDS,drkg,kg,llama3.1:405b,0,8,B,8,0.125,0,0,0,1,,prior,insufficient,1.0,"No information is provided for Drug-7, making its assessment impossible and thus ranking it the lowest.",0.625,2.625
3,First-line anemia in lower-risk MDS,drkg,kg,llama3.1:405b,1,8,C,7,0.14285714285714285,0,0,0,1,,prior,insufficient,1.0,"No evidence is provided for Drug-7, making it impossible to assess its mechanistic plausibility.",0.375,1.875
3,Generalized myasthenia gravis,drkg,kg,llama3.1:405b,0,8,D,4,0.25,0,0,1,1,,prior,insufficient,1.0,"No evidence is provided for Drug-8, making it impossible to assess its mechanistic plausibility.",0.625,2.125
3,Generalized myasthenia gravis,drkg,kg,llama3.1:405b,1,8,B,8,0.125,0,0,0,1,,prior,insufficient,1.0,No information provided; assessment is impossible without data or knowledge of Drug-8's pharmacological profile.,0.125,1.5
3,Acquired hypothalamic obesity,drkg,kg,llama3.1:405b,0,8,H,8,0.125,0,0,0,1,,prior,insufficient,1.0,No information provided; impossible to assess mechanistic plausibility.,0.25,2.125
3,Acquired hypothalamic obesity,drkg,kg,llama3.1:405b,1,8,C,1,1.0,1,1,1,1,,both,consistent,4.0,"Drug-7 activates MC4R, which is associated with Acquired hypothalamic obesity, providing a plausible mechanistic link.",0.25,1.875
3,HR+/HER2- node-positive high-risk early breast cancer,drkg,kg,llama3.1:405b,0,8,C,1,1.0,1,1,1,1,,both,consistent,4.0,"Drug-8 inhibits CDK4 and CDK6, which are key regulators of cell cycle progression and are often overexpressed in breast cancer.",0.625,1.875
3,HR+/HER2- node-positive high-risk early breast cancer,drkg,kg,llama3.1:405b,1,8,B,1,1.0,1,1,1,1,,both,consistent,5.0,"Drug-8 inhibits CDK4 and CDK6, which are key regulators of cell cycle progression in HR+/HER2- breast cancer.",0.125,2.0
3,EGPA,drkg,kg,llama3.1:405b,0,8,A,1,1.0,1,1,1,1,,kg,consistent,4.0,"Drug-1 targets MS4A2 and FCER1A, which are involved in immune responses, making it a plausible candidate for EGPA treatment.",0.375,2.375
3,EGPA,drkg,kg,llama3.1:405b,1,8,B,1,1.0,1,1,1,1,,both,consistent,4.0,"Drug-1 inhibits IGHE and targets MS4A2 and FCER1A, which are related to immune responses, aligning with EGPA's associations with IL5, FAS, IL10, and HMGB1.",0.75,2.0
3,BRAF+ thyroid cancer,drkg,kg,llama3.1:405b,0,8,A,1,1.0,1,1,1,1,,both,consistent,4.0,"Drug-6 inhibits MAP2K1 and MAP2K2, which are part of the BRAF signaling pathway, making it a plausible candidate for treating BRAF+ thyroid cancer.",0.75,1.875
3,BRAF+ thyroid cancer,drkg,kg,llama3.1:405b,1,8,G,1,1.0,1,1,1,1,,both,consistent,4.0,"Drug-6 is ranked first due to its inhibition of MAP2K1 and MAP2K2, which are key components in the MAPK/ERK pathway that is often dysregulated in BRAF+ thyroid cancer.",0.75,2.0
3,Giant cell arteritis,drkg,kg,llama3.1:405b,0,8,D,1,1.0,1,1,1,1,,both,consistent,4.0,"Drug-8 inhibits JAK1, which is involved in the inflammatory response and has been implicated in Giant cell arteritis.",0.5,2.0
3,Giant cell arteritis,drkg,kg,llama3.1:405b,1,8,B,1,1.0,1,1,1,1,,kg,consistent,4.0,"Drug-8 inhibits JAK1, TYK2, JAK3, and JAK2, which are involved in the immune response and may be relevant to Giant cell arteritis.",0.375,2.125
3,dMMR/MSI-H primary advanced endometrial cancer,drkg,kg,llama3.1:405b,0,8,H,8,0.125,0,0,0,1,,prior,insufficient,1.0,"No information was provided for Drug-8, making it impossible to assess its potential.",0.875,2.375
3,dMMR/MSI-H primary advanced endometrial cancer,drkg,kg,llama3.1:405b,1,8,A,8,0.125,0,0,0,1,,prior,insufficient,1.0,"No information was provided for Drug-8, making it impossible to assess its mechanistic plausibility.",0.75,2.375
3,Polymyalgia rheumatica,drkg,kg,llama3.1:405b,0,8,F,1,1.0,1,1,1,1,,both,consistent,4.0,"Drug-8 targets IL6R, which is involved in the inflammatory response and could be relevant to Polymyalgia rheumatica.",0.625,2.5
3,Polymyalgia rheumatica,drkg,kg,llama3.1:405b,1,8,B,1,1.0,1,1,1,1,,both,consistent,4.0,"Drug-8 targets IL6R, which is associated with inflammation and immune response, making it a plausible candidate for treating Polymyalgia rheumatica.",0.375,2.0
3,Ph+ CML-CP frontline (EMA Feb 2026),drkg,kg,llama3.1:405b,0,8,F,1,1.0,1,1,1,1,,both,consistent,5.0,"Drug-8 targets ABL1, a crucial kinase in CML pathogenesis, making it highly plausible for Ph+ CML-CP frontline treatment.",0.375,1.875
3,Ph+ CML-CP frontline (EMA Feb 2026),drkg,kg,llama3.1:405b,1,8,D,1,1.0,1,1,1,1,,both,consistent,5.0,"Drug-8 directly targets ABL1, a critical kinase involved in the pathogenesis of CML, making it highly plausible for treating Ph+ CML-CP frontline.",0.875,2.25
3,Allergic fungal rhinosinusitis (AFRS) ≥6yr,drkg,kg,llama3.1:405b,0,8,E,1,1.0,1,1,1,1,,both,consistent,5.0,"Drug-8 targets IL4R, which is a key receptor involved in the allergic response, making it a strong candidate for treating AFRS.",0.625,2.5
3,Allergic fungal rhinosinusitis (AFRS) ≥6yr,drkg,kg,llama3.1:405b,1,8,H,1,1.0,1,1,1,1,,kg,consistent,4.0,"Drug-8 targets IL4R, which is involved in the allergic response and a plausible target for AFRS treatment.",0.875,1.875
3,RET-fusion NSCLC (expanded),drkg,kg,llama3.1:405b,0,8,A,5,0.2,0,0,1,1,,prior,insufficient,1.0,"Without specific evidence or known targets, Drug-8's potential efficacy against RET-fusion NSCLC is highly uncertain.",0.375,2.25
3,RET-fusion NSCLC (expanded),drkg,kg,llama3.1:405b,1,8,E,5,0.2,0,0,1,1,,prior,insufficient,1.0,"No information was provided for Drug-8, making it impossible to assess its effectiveness.",0.125,1.5
3,"Crohn's disease (moderate-severe, refractory)",drkg,kg,llama3.1:405b,0,8,D,1,1.0,1,1,1,1,,kg,consistent,4.0,"Drug-7 targets IL23A, a cytokine involved in the pathogenesis of Crohn's disease.",0.75,2.0
3,"Crohn's disease (moderate-severe, refractory)",drkg,kg,llama3.1:405b,1,8,B,1,1.0,1,1,1,1,,both,consistent,5.0,"Drug-7 targets IL23A, a cytokine known to be involved in the pathogenesis of Crohn's disease through its role in inflammation.",0.75,2.75
3,Follicular lymphoma,drkg,kg,llama3.1:405b,0,8,B,4,0.25,0,0,1,1,,prior,insufficient,1.0,"Without knowledge graph evidence, it's difficult to assess Drug-8's potential efficacy for follicular lymphoma based solely on prior pharmacological knowledge.",0.75,2.0
3,Follicular lymphoma,drkg,kg,llama3.1:405b,1,8,F,8,0.125,0,0,0,1,,prior,insufficient,1.0,"No evidence was provided for Drug-8, making it difficult to assess its potential.",0.625,2.25
3,Atopic dermatitis,drkg,kg,llama3.1:405b,0,8,E,1,1.0,1,1,1,1,,kg,consistent,4.0,"Drug-7 inhibits JAK1 and JAK2, which are involved in the signaling pathways that contribute to atopic dermatitis.",0.5,2.0
3,Atopic dermatitis,drkg,kg,llama3.1:405b,1,8,A,1,1.0,1,1,1,1,,both,consistent,4.0,"Drug-7 inhibits JAK1 and JAK2, which are involved in inflammatory signaling pathways relevant to atopic dermatitis.",0.5,2.0
3,1L biliary tract cancer (+gemcitabine+cisplatin),drkg,kg,llama3.1:405b,0,8,D,4,0.25,0,0,1,1,,prior,insufficient,3.0,"No knowledge graph evidence was provided for Drug-7, but its inhibition of PDCD1 and targeting of MSH2 and MLH1 suggest potential anti-cancer activity.",0.375,2.75
3,1L biliary tract cancer (+gemcitabine+cisplatin),drkg,kg,llama3.1:405b,1,8,F,1,1.0,1,1,1,1,,both,consistent,4.0,"Drug-7 inhibits PDCD1, which is a checkpoint protein that can promote tumor growth and survival, making it a promising target for cancer treatment.",0.625,2.375
3,IV formulation for rheumatic diseases (EMA),drkg,kg,llama3.1:405b,0,8,A,1,1.0,1,1,1,1,,kg,consistent,4.0,"Drug-5 inhibits IL17A, which is not directly associated with the disease in the provided evidence, but IL17A is known to play a role in inflammatory and autoimmune diseases.",0.5,2.375
3,IV formulation for rheumatic diseases (EMA),drkg,kg,llama3.1:405b,1,8,E,1,1.0,1,1,1,1,,both,consistent,4.0,"Drug-5 inhibits IL17A, which is a key cytokine in rheumatic diseases, and this mechanism aligns with current treatment strategies for these conditions.",0.625,2.125
3,BRAF+ thyroid cancer,drkg,kg,llama3.1:405b,0,8,D,1,1.0,1,1,1,1,,both,consistent,5.0,"Directly inhibits BRAF, ARAF, and RAF1, key targets in BRAF+ thyroid cancer.",0.125,2.25
3,BRAF+ thyroid cancer,drkg,kg,llama3.1:405b,1,8,B,1,1.0,1,1,1,1,,both,consistent,4.0,"Drug-8 inhibits BRAF, ARAF, and RAF1, making it a promising candidate for BRAF+ thyroid cancer treatment.",0.375,1.875
3,EGPA (expanded),drkg,kg,llama3.1:405b,0,8,A,1,1.0,1,1,1,1,,kg,consistent,4.0,"Drug-7 targets IL5RA, which is associated with the IL5 gene linked to EGPA.",0.375,2.125
3,EGPA (expanded),drkg,kg,llama3.1:405b,1,8,B,1,1.0,1,1,1,1,,kg,consistent,4.0,"Drug-7 targets IL5RA, which is closely related to IL5, a gene associated with EGPA (expanded).",0.25,1.875
3,Pheochromocytoma/paraganglioma,drkg,kg,llama3.1:405b,0,8,E,5,0.2,0,0,1,1,,prior,insufficient,1.0,"EPAS1 is not directly associated with Pheochromocytoma/paraganglioma, making Drug-8 a less promising candidate.",0.375,1.75
3,Pheochromocytoma/paraganglioma,drkg,kg,llama3.1:405b,1,8,H,8,0.125,0,0,0,1,,kg,conflicting,1.0,"Drug-8 targets EPAS1, but the connection to pheochromocytoma/paraganglioma is unclear and lacks supporting evidence.",0.5,1.875
3,Pediatric atopic dermatitis,drkg,kg,llama3.1:405b,0,8,A,1,1.0,1,1,1,1,,both,consistent,4.0,"Drug-8's inhibition of JAK1, TYK2, JAK3, and JAK2 aligns with the known pathophysiology of pediatric atopic dermatitis.",0.375,1.875
3,Pediatric atopic dermatitis,drkg,kg,llama3.1:405b,1,8,C,1,1.0,1,1,1,1,,both,consistent,4.0,"Drug-8 inhibits JAK1 and targets TYK2, JAK3, and JAK2, which are involved in the immune response and inflammation pathways relevant to pediatric atopic dermatitis.",0.375,1.875
3,MSI-H/dMMR solid tumors (full approval conversion),drkg,kg,llama3.1:405b,0,8,F,1,1.0,1,1,1,1,,both,consistent,5.0,"Drug-6 targets several proteins involved in DNA mismatch repair, including MSH2, MSH3, and MLH1, making it a strong candidate for treating MSI-H/dMMR solid tumors.",0.375,2.375
3,MSI-H/dMMR solid tumors (full approval conversion),drkg,kg,llama3.1:405b,1,8,B,1,1.0,1,1,1,1,,both,consistent,5.0,"Drug-6 inhibits PDCD1 and targets several genes involved in the mismatch repair pathway, which is consistent with its potential use in treating MSI-H/dMMR solid tumors.",0.625,2.125
3,Psoriasis in children 6-11 (cream),drkg,kg,llama3.1:405b,0,8,F,1,1.0,1,1,1,1,,both,consistent,4.0,"Drug-5 inhibits TNF, a key cytokine involved in psoriasis pathogenesis, and targets VEGFA, which is also implicated in the disease.",0.5,1.875
3,Psoriasis in children 6-11 (cream),drkg,kg,llama3.1:405b,1,8,B,1,1.0,1,1,1,1,,kg,consistent,4.0,"Drug-5 inhibits TNF, a key cytokine involved in psoriasis pathogenesis, and targets VEGFA, which is also implicated in the disease.",0.375,1.875
3,Pancreatic NET,drkg,kg,llama3.1:405b,0,8,B,2,0.5,0,1,1,1,,both,consistent,4.0,"Drug-5 inhibits multiple kinases involved in tumor growth and angiogenesis (AXL, FLT3, RET, MET, KDR, KIT) but annotations lack specificity.",0.75,2.0
3,Pancreatic NET,drkg,kg,llama3.1:405b,1,8,C,1,1.0,1,1,1,1,,kg,consistent,4.0,"Drug-5 inhibits multiple targets, including AXL, FLT3, and RET, which are relevant to cancer cell growth and survival, making it a promising candidate for Pancreatic NET.",0.625,1.875
3,Ulcerative colitis,drkg,kg,llama3.1:405b,0,8,A,1,1.0,1,1,1,1,,kg,consistent,4.0,"Drug-8 targets IL12B, which is a cytokine involved in the pathogenesis of ulcerative colitis.",0.625,2.25
3,Ulcerative colitis,drkg,kg,llama3.1:405b,1,8,F,1,1.0,1,1,1,1,,kg,consistent,4.0,"Drug-8 targets IL12B, which is involved in the inflammatory response and has been implicated in ulcerative colitis.",0.625,2.125
3,Gastric/GEJ adenocarcinoma (1L +chemo),drkg,kg,llama3.1:405b,0,8,C,3,0.3333333333333333,0,1,1,1,,both,consistent,3.0,"Drug-8 targets CD274 (PD-L1), which is a checkpoint protein involved in immune evasion, making it a potential candidate for immunotherapy.",0.5,2.125
3,Gastric/GEJ adenocarcinoma (1L +chemo),drkg,kg,llama3.1:405b,1,8,E,2,0.5,0,1,1,1,,kg,consistent,4.0,"Drug-8 targets CD274 and CD80, which are involved in immune checkpoint regulation, making it a potential candidate for treating Gastric/GEJ adenocarcinoma.",0.875,2.0
3,Hidradenitis suppurativa,drkg,kg,llama3.1:405b,0,8,G,1,1.0,1,1,1,1,,kg,consistent,5.0,"Drug-7 inhibits IL17A, which is involved in inflammatory responses and could be beneficial for treating Hidradenitis suppurativa.",0.25,2.75
3,Hidradenitis suppurativa,drkg,kg,llama3.1:405b,1,8,B,2,0.5,0,1,1,1,,prior,insufficient,3.0,"IL17A inhibition could potentially modulate the inflammatory response in Hidradenitis suppurativa, but there is no direct evidence.",0.875,2.125
3,Biliary tract cancer,drkg,kg,llama3.1:405b,0,8,A,6,0.16666666666666666,0,0,0,1,,prior,insufficient,1.0,"The knowledge graph does not provide any evidence linking Drug-6 to Biliary tract cancer, and I could not identify a plausible mechanism based on its profile.",0.25,2.25
3,Biliary tract cancer,drkg,kg,llama3.1:405b,1,8,A,2,0.5,0,1,1,1,,kg,insufficient,3.0,"Although Drug-6 targets several genes, there is no clear connection to biliary tract cancer in the provided evidence.",0.625,2.375
3,Antibody-mediated rejection in organ transplantation,drkg,kg,llama3.1:405b,0,8,F,1,1.0,1,1,1,1,,both,consistent,4.0,"Drug-1 inhibits MS4A1, which is involved in B-cell activation and proliferation, making it a plausible candidate for treating antibody-mediated rejection.",0.5,2.25
3,Antibody-mediated rejection in organ transplantation,drkg,kg,llama3.1:405b,1,8,H,1,1.0,1,1,1,1,,both,consistent,4.0,"Drug-1 inhibits MS4A1, a key player in B-cell activation and antibody production, making it mechanistically plausible for treating antibody-mediated rejection.",0.75,2.375
3,Neoadj+adj HNSCC,drkg,kg,llama3.1:405b,0,8,H,2,0.5,0,1,1,1,,both,consistent,4.0,"Drug-3 inhibits PDCD1, which is involved in immune checkpoint regulation, and targets CD274, which is often overexpressed in HNSCC.",0.5,2.5
3,Neoadj+adj HNSCC,drkg,kg,llama3.1:405b,1,8,D,2,0.5,0,1,1,1,,both,consistent,4.0,"Drug-3 inhibits PDCD1, which is a checkpoint protein involved in immune evasion and may be relevant to HNSCC treatment.",0.75,2.5
3,Ulcerative colitis,drkg,kg,llama3.1:405b,0,8,B,1,1.0,1,1,1,1,,kg,consistent,4.0,"Drug-7 targets IL23A, a cytokine involved in the pathogenesis of ulcerative colitis.",0.5,2.5
3,Ulcerative colitis,drkg,kg,llama3.1:405b,1,8,A,1,1.0,1,1,1,1,,both,consistent,4.0,"Drug-7 targets IL23A, a cytokine involved in the pathogenesis of ulcerative colitis.",0.25,2.5
3,dMMR/MSI-H primary advanced endometrial cancer (+chemo),drkg,kg,llama3.1:405b,0,8,A,4,0.25,0,0,1,1,,prior,insufficient,2.0,"There is no evidence provided for Drug-8, but based on prior knowledge, it may still be a potential candidate for cancer treatment.",0.875,2.375
3,dMMR/MSI-H primary advanced endometrial cancer (+chemo),drkg,kg,llama3.1:405b,1,8,H,8,0.125,0,0,0,1,,prior,insufficient,1.0,"No evidence was provided for Drug-8, making it impossible to assess its mechanistic plausibility for treating this disease.",0.5,1.875
3,GVHD + pediatric,drkg,kg,llama3.1:405b,0,8,D,3,0.3333333333333333,0,1,1,1,,both,consistent,4.0,"Drug-5 inhibits JAK1/2/3 and TYK2, which are involved in immune responses and inflammation, making it a plausible candidate for treating GVHD + pediatric.",0.5,2.5
3,GVHD + pediatric,drkg,kg,llama3.1:405b,1,8,A,1,1.0,1,1,1,1,,both,consistent,4.0,"Drug-5 inhibits JAK1, JAK2, and JAK3, which are involved in immune responses, making it a plausible candidate for treating GVHD + pediatric.",0.625,2.0
3,Gastric/GEJ adenocarcinoma,drkg,kg,llama3.1:405b,0,8,B,3,0.3333333333333333,0,1,1,1,,kg,consistent,2.0,"Drug-8's targeting of CD274 and CD80 may be relevant to cancer immunotherapy, but the knowledge graph evidence is limited.",0.75,1.625
3,Gastric/GEJ adenocarcinoma,drkg,kg,llama3.1:405b,1,8,F,1,1.0,1,1,1,1,,kg,consistent,4.0,"Drug-8 targets CD274 and CD80, which are involved in immune checkpoint regulation, a relevant mechanism for cancer treatment.",0.875,2.25
3,COPD (EMA 2025),drkg,kg,llama3.1:405b,0,8,B,1,1.0,1,1,1,1,,kg,consistent,4.0,"Drug-6 targets IL4R, which is involved in the inflammatory response and has been implicated in COPD pathogenesis.",0.375,1.875
3,COPD (EMA 2025),drkg,kg,llama3.1:405b,1,8,F,1,1.0,1,1,1,1,,kg,consistent,4.0,"Drug-6 targets IL4R, which is involved in inflammation pathways relevant to COPD.",0.375,2.125
3,RAS wild-type HER2+ metastatic colorectal cancer,drkg,kg,llama3.1:405b,0,8,D,1,1.0,1,1,1,1,,both,consistent,5.0,"Drug-8 targets ERBB2, which is directly relevant to the disease's HER2+ status.",0.75,2.0
3,RAS wild-type HER2+ metastatic colorectal cancer,drkg,kg,llama3.1:405b,1,8,B,1,1.0,1,1,1,1,,both,consistent,4.0,"Drug-8 targets ERBB2, which is overexpressed in HER2+ colorectal cancer.",0.375,1.75
3,Primary immunodeficiency pediatric (EMA),drkg,kg,llama3.1:405b,0,8,C,1,1.0,1,1,1,1,,both,consistent,4.0,"Drug-1 targets various FCGRs and C4B, which are directly related to immune system function, indicating potential therapeutic benefits for primary immunodeficiency pediatric disease.",0.375,2.375
3,Primary immunodeficiency pediatric (EMA),drkg,kg,llama3.1:405b,1,8,G,3,0.3333333333333333,0,1,1,1,,both,consistent,4.0,"Drug-1's targeting of FCGR2A, FCGR3A, and other immune-related targets suggests direct interaction with the immune system.",0.875,2.875
3,BRAF V600E metastatic NSCLC,drkg,kg,llama3.1:405b,0,8,D,1,1.0,1,1,1,1,,both,consistent,4.0,"Drug-7 inhibits BRAF, a key player in the MAPK pathway, which is often dysregulated in NSCLC.",0.375,1.875
3,BRAF V600E metastatic NSCLC,drkg,kg,llama3.1:405b,1,8,A,1,1.0,1,1,1,1,,both,consistent,5.0,"Drug-7 inhibits BRAF, a key target in treating BRAF V600E metastatic NSCLC, and also targets MAP2K1, CCND1, PTEN, KRAS, EGFR, and TP53, which are involved in relevant pathways.",0.625,2.125
3,CRSwNP (eosinophilic chronic rhinosinusitis with nasal polyps),drkg,kg,llama3.1:405b,0,8,E,2,0.5,0,1,1,1,,prior,insufficient,2.0,"Similar to Drug F, no evidence is given, but potential anti-inflammatory effects could be beneficial.",0.75,2.75
3,CRSwNP (eosinophilic chronic rhinosinusitis with nasal polyps),drkg,kg,llama3.1:405b,1,8,A,7,0.14285714285714285,0,0,0,1,,prior,insufficient,1.0,"No evidence was provided for Drug-8, making it impossible to assess its mechanistic plausibility for CRSwNP treatment.",0.875,2.25
3,Pediatric glioma (EMA),drkg,kg,llama3.1:405b,0,8,D,1,1.0,1,1,1,1,,both,consistent,4.0,"Drug-7 inhibits BRAF and RAF1, key components of the MAPK/ERK pathway, which is implicated in glioma development and progression.",0.5,1.625
3,Pediatric glioma (EMA),drkg,kg,llama3.1:405b,1,8,D,1,1.0,1,1,1,1,,both,consistent,4.0,"Drug-7 targets multiple kinases involved in cancer signaling pathways, including BRAF and RAF1, which are commonly mutated in gliomas.",1.0,4.0
3,Primary humoral immunodeficiency pediatric 2-11yr,drkg,kg,llama3.1:405b,0,8,E,1,1.0,1,1,1,1,,both,consistent,4.0,"Drug-1 targets multiple FCGR genes, which are involved in immune responses and may be relevant to treating immunodeficiency disorders.",0.75,2.0
3,Primary humoral immunodeficiency pediatric 2-11yr,drkg,kg,llama3.1:405b,1,8,H,1,1.0,1,1,1,1,,both,consistent,4.0,"Drug-1 targets multiple FCGR genes, which are involved in immune responses and could potentially be related to primary humoral immunodeficiency.",0.875,2.375
3,"ALK+ solid tumors (tissue-agnostic, world-first)",drkg,kg,llama3.1:405b,0,8,B,1,1.0,1,1,1,1,,both,consistent,5.0,Directly inhibits ALK as per the knowledge graph evidence.,0.875,1.75
3,"ALK+ solid tumors (tissue-agnostic, world-first)",drkg,kg,llama3.1:405b,1,8,G,1,1.0,1,1,1,1,,both,consistent,5.0,"Drug-7 directly inhibits ALK, a key target in ALK+ solid tumors, and also targets other relevant proteins such as MET and RET.",0.5,2.0
3,Primary mediastinal large B-cell lymphoma,drkg,kg,llama3.1:405b,0,8,A,1,1.0,1,1,1,1,,both,consistent,4.0,"Drug-5 targets multiple proteins involved in DNA repair and cell cycle regulation, which are relevant to cancer treatment.",0.875,1.875
3,Primary mediastinal large B-cell lymphoma,drkg,kg,llama3.1:405b,1,8,F,1,1.0,1,1,1,1,,both,consistent,4.0,"Drug-5 inhibits PDCD1, a checkpoint protein involved in cancer immune evasion, and targets ALK, which is often dysregulated in lymphomas.",0.625,1.875
3,HR+/HER2- metastatic breast cancer,drkg,kg,llama3.1:405b,0,8,E,5,0.2,0,0,1,1,,prior,insufficient,2.0,"No information was provided for Drug-7, making it difficult to assess its mechanistic plausibility.",0.75,2.375
3,HR+/HER2- metastatic breast cancer,drkg,kg,llama3.1:405b,1,8,A,8,0.125,0,0,0,1,,prior,insufficient,1.0,"No information is available for Drug-7, making it impossible to assess its potential efficacy.",0.625,2.125
3,HER2+ early-stage BC (neoadjuvant + adjuvant),drkg,kg,llama3.1:405b,0,8,G,3,0.3333333333333333,0,1,1,1,,kg,consistent,3.0,"Drug-8 targets TOP1, which is involved in DNA replication and repair, making it a potential candidate for cancer treatment.",0.5,2.25
3,HER2+ early-stage BC (neoadjuvant + adjuvant),drkg,kg,llama3.1:405b,1,8,C,2,0.5,0,1,1,1,,kg,consistent,3.0,"Drug-8 targets TOP1, which is involved in DNA replication and repair, a relevant pathway for cancer treatment.",0.75,1.75
3,"Pediatric low-grade glioma (+dabrafenib, BRAF V600E)",drkg,kg,llama3.1:405b,0,8,F,1,1.0,1,1,1,1,,both,consistent,4.0,"Drug-6's inhibition of MAP2K proteins, which are part of the MAPK/ERK pathway also involving BRAF, presents a plausible mechanistic link to treating pediatric low-grade glioma with BRAF V600E mutation.",0.875,2.0
3,"Pediatric low-grade glioma (+dabrafenib, BRAF V600E)",drkg,kg,llama3.1:405b,1,8,F,1,1.0,1,1,1,1,,both,consistent,4.0,"Drug-6 inhibits multiple MAP2K proteins, which are involved in the RAS/MAPK pathway, a key pathway implicated in BRAF V600E-driven cancers.",0.75,1.875
3,mHSPC + ADT,drkg,kg,llama3.1:405b,0,8,B,1,1.0,1,1,1,1,,both,consistent,4.0,"Drug-8 targets AR, which is a key player in the androgen receptor signaling pathway that is often dysregulated in prostate cancer.",0.75,2.0
3,mHSPC + ADT,drkg,kg,llama3.1:405b,1,8,D,1,1.0,1,1,1,1,,kg,consistent,4.0,"Drug-8 targets PGR and AR, which are relevant to the disease profile, suggesting a plausible mechanism of action.",0.5,2.125
3,Pediatric BRAF V600E low-grade glioma,drkg,kg,llama3.1:405b,0,8,C,1,1.0,1,1,1,1,,both,consistent,4.0,"Drug-6 inhibits BRAF, a key target in pediatric BRAF V600E low-grade glioma, and has multiple connections to MAPK pathway components.",0.25,2.0
3,Pediatric BRAF V600E low-grade glioma,drkg,kg,llama3.1:405b,1,8,F,1,1.0,1,1,1,1,,both,consistent,5.0,"Drug-6 inhibits BRAF, a key target in the treatment of Pediatric BRAF V600E low-grade glioma.",0.5,2.0
3,HER2-mutant NSCLC (EMA),drkg,kg,llama3.1:405b,0,8,E,3,0.3333333333333333,0,1,1,1,,prior,insufficient,3.0,"Drug-8 targets FCGR1A and TOP1, which may have some relevance to cancer treatment, but the connection to HER2-mutant NSCLC (EMA) is unclear.",0.5,2.5
3,HER2-mutant NSCLC (EMA),drkg,kg,llama3.1:405b,1,8,C,4,0.25,0,0,1,1,,prior,insufficient,1.0,"Drug-8 targets FCGR1A, which is involved in immune response, but its relevance to NSCLC is unclear.",0.125,1.75
3,Ph+ CML-CP after 2+ TKIs,drkg,kg,llama3.1:405b,0,8,A,1,1.0,1,1,1,1,,kg,consistent,5.0,"Drug-7 targets ABL1, a key protein involved in the BCR-ABL pathway that is commonly mutated in CML.",0.375,2.5
3,Ph+ CML-CP after 2+ TKIs,drkg,kg,llama3.1:405b,1,8,D,1,1.0,1,1,1,1,,kg,consistent,4.0,"Drug-7 targets ABL1, a key protein involved in the pathogenesis of CML, making it a highly plausible candidate.",0.875,2.125
3,HR+/HER2- metastatic breast cancer,drkg,kg,llama3.1:405b,0,8,B,1,1.0,1,1,1,1,,both,consistent,4.0,"Drug-7 targets multiple proteins involved in DNA repair and cell cycle regulation, including BRCA1, BRCA2, and PARP1, which are relevant to breast cancer.",0.875,2.0
3,HR+/HER2- metastatic breast cancer,drkg,kg,llama3.1:405b,1,8,E,1,1.0,1,1,1,1,,both,consistent,4.0,"Drug-7 targets BRCA1 and BRCA2, which are known to be involved in breast cancer, and its inhibition of PARP1 and PARP2 is consistent with a potential therapeutic effect.",0.5,1.875
3,HER2-mutant NSCLC (PMDA),drkg,kg,llama3.1:405b,0,8,C,8,0.125,0,0,0,1,,prior,insufficient,1.0,"The knowledge graph provides limited information, and my pharmacological knowledge does not suggest a clear connection between Drug-8's targeting of FCGR1A and TOP1 and HER2-mutant NSCLC.",0.375,2.125
3,HER2-mutant NSCLC (PMDA),drkg,kg,llama3.1:405b,1,8,A,8,0.125,0,0,0,1,,kg,insufficient,1.0,"Drug-8's targets, FCGR1A and TOP1, do not show direct connections to HER2-mutant NSCLC in the knowledge graph, making its assessment uncertain.",0.75,1.875
3,Follicular lymphoma (+obinutuzumab),drkg,kg,llama3.1:405b,0,8,F,3,0.3333333333333333,0,1,1,1,,kg,consistent,3.0,"Drug-8 targets multiple tyrosine kinases, including BMX and TEC, which may be relevant to follicular lymphoma, but the evidence is limited.",0.75,2.375
3,Follicular lymphoma (+obinutuzumab),drkg,kg,llama3.1:405b,1,8,C,1,1.0,1,1,1,1,,both,consistent,4.0,"Drug-8 targets multiple kinases (BMX, TEC, TXK) which are plausible in modulating lymphoma cell signaling.",0.875,2.125
3,Platinum-resistant ovarian carcinoma (PD-L1+ CPS≥1),drkg,kg,llama3.1:405b,0,8,F,1,1.0,1,1,1,1,,both,consistent,4.0,"Drug-6 inhibits PDCD1 and targets CD274 (PD-L1), directly linking it to the PD-L1+ CPS≥1 ovarian carcinoma disease context.",0.875,2.25
3,Platinum-resistant ovarian carcinoma (PD-L1+ CPS≥1),drkg,kg,llama3.1:405b,1,8,H,1,1.0,1,1,1,1,,both,consistent,5.0,"Drug-6 inhibits PDCD1, a key target in the PD-L1 pathway, making it a highly plausible candidate for treating platinum-resistant ovarian carcinoma.",0.75,2.875
3,Resectable gastric/GEJ adenocarcinoma (neoadj+adj +FLOT),drkg,kg,llama3.1:405b,0,8,G,3,0.3333333333333333,0,1,1,1,,kg,consistent,3.0,"Drug-7 targets CD274 and CD80, which are involved in immune regulation, making it a plausible candidate for immunotherapy-based cancer treatment.",0.625,2.25
3,Resectable gastric/GEJ adenocarcinoma (neoadj+adj +FLOT),drkg,kg,llama3.1:405b,1,8,D,1,1.0,1,1,1,1,,both,consistent,4.0,"Drug-7 targets CD274 and CD80, which are involved in immune checkpoint regulation, a relevant mechanism for cancer treatment.",0.75,2.75
3,Advanced RCC after PD-1/PD-L1 + VEGF-TKI,drkg,kg,llama3.1:405b,0,8,H,4,0.25,0,0,1,1,,kg,consistent,3.0,"Drug-8 targets EPAS1, which is involved in hypoxia signaling and may be relevant to RCC.",0.75,2.25
3,Advanced RCC after PD-1/PD-L1 + VEGF-TKI,drkg,kg,llama3.1:405b,1,8,H,8,0.125,0,0,0,1,,prior,insufficient,1.0,There is no sufficient evidence in the knowledge graph to support Drug-8's association with the disease.,0.875,2.625
3,HER2+ solid tumors (tumor-agnostic),drkg,kg,llama3.1:405b,0,8,G,2,0.5,0,1,1,1,,both,consistent,4.0,"Drug-8 targets TOP1, which is involved in DNA replication and repair, making it a plausible candidate.",0.75,2.25
3,HER2+ solid tumors (tumor-agnostic),drkg,kg,llama3.1:405b,1,8,D,2,0.5,0,1,1,1,,both,consistent,4.0,"Drug-8's targeting of FCGR1A and TOP1 indicates possible immunomodulatory and anti-proliferative effects, respectively.",1.0,2.5
3,HR+/HER2- early breast cancer (adjuvant),drkg,kg,llama3.1:405b,0,8,G,1,1.0,1,1,1,1,,both,consistent,5.0,"Drug-5 inhibits CDK4 and CDK6, which are key regulators of the cell cycle, making it a strong candidate for treating HR+/HER2- early breast cancer.",0.75,2.125
3,HR+/HER2- early breast cancer (adjuvant),drkg,kg,llama3.1:405b,1,8,E,1,1.0,1,1,1,1,,both,consistent,5.0,"Drug-5 inhibits CDK4 and CDK6, which are key regulators of the cell cycle and are often overexpressed in breast cancer.",0.75,2.5
3,Chronic lymphocytic leukemia,drkg,kg,llama3.1:405b,0,8,D,2,0.5,0,1,1,1,,both,consistent,4.0,"Drug-8 targets several tyrosine kinases, including BMX and TEC, which are involved in B-cell signaling pathways relevant to CLL.",0.875,2.125
3,Chronic lymphocytic leukemia,drkg,kg,llama3.1:405b,1,8,B,2,0.5,0,1,1,1,,kg,consistent,4.0,"Drug-8 targets BMX, TEC, TXK, FRK, BLK, ITK, PTK6, and FGR, which are involved in B-cell receptor signaling pathways relevant to CLL.",0.5,2.375
3,Unresectable thymic carcinoma (PMDA),drkg,kg,llama3.1:405b,0,8,F,3,0.3333333333333333,0,1,1,1,,kg,consistent,2.0,"Drug-7 inhibits several kinases that could be involved in tumor growth and angiogenesis, making it a plausible candidate despite no direct links to Unresectable thymic carcinoma genes.",0.625,1.5
3,Unresectable thymic carcinoma (PMDA),drkg,kg,llama3.1:405b,1,8,A,3,0.3333333333333333,0,1,1,1,,kg,consistent,3.0,"Drug-7 inhibits FLT1, KDR, and FLT4, which are involved in angiogenesis, a process crucial for tumor growth.",0.375,2.125
3,IDH1-mutated relapsed/refractory MDS,drkg,kg,llama3.1:405b,0,8,H,1,1.0,1,1,1,1,,kg,consistent,5.0,"Directly targets IDH1, a key mutation in the disease.",1.0,2.875
3,IDH1-mutated relapsed/refractory MDS,drkg,kg,llama3.1:405b,1,8,H,1,1.0,1,1,1,1,,kg,consistent,5.0,"Drug-8 targets IDH1, which is directly associated with the disease.",0.375,2.75
3,Metastatic colorectal cancer,drkg,kg,llama3.1:405b,0,8,C,2,0.5,0,1,1,1,,both,consistent,4.0,"Drug-1 targets TP53, a tumor suppressor protein often mutated in colorectal cancer, and also downregulates cell cycle-related proteins such as CCNB1.",0.75,2.5
3,Metastatic colorectal cancer,drkg,kg,llama3.1:405b,1,8,G,2,0.5,0,1,1,1,,both,consistent,3.0,"Drug-1 targets TP53 and downregulates CCNB1, showing potential in affecting cancer cell cycle regulation.",0.75,2.0
3,Agitation associated with Alzheimer's dementia,biokg,kg,llama3.1:405b,0,8,G,1,1.0,1,1,1,1,,both,consistent,4.0,"Drug-8 targets ADA2C, ADA1B, and DRD2, which are involved in neurotransmitter signaling pathways relevant to Alzheimer's disease.",0.25,2.25
3,Agitation associated with Alzheimer's dementia,biokg,kg,llama3.1:405b,1,8,C,2,0.5,0,1,1,1,,kg,consistent,3.0,"Drug-8 targets ADA2C and DRD2, which are associated with neurotransmitter regulation, but the direct link to agitation is unclear.",0.25,2.0
3,LDL-C elevation in statin-intolerant dyslipidemia,biokg,kg,llama3.1:405b,0,8,D,7,0.14285714285714285,0,0,0,1,,prior,insufficient,1.0,"No information is available on Drug-8's targets or mechanisms, making it difficult to assess its potential for treating LDL-C elevation.",0.625,2.25
3,LDL-C elevation in statin-intolerant dyslipidemia,biokg,kg,llama3.1:405b,1,8,B,6,0.16666666666666666,0,0,0,1,,prior,insufficient,1.0,"No information is available for Drug-8, making it difficult to assess its mechanistic plausibility.",0.5,1.75
3,First-line anemia in lower-risk MDS,biokg,kg,llama3.1:405b,0,8,B,1,1.0,1,1,1,1,,prior,insufficient,2.0,"No information is available for Drug-8, making it uncertain and ranking it based solely on lack of negative evidence.",0.875,1.875
3,First-line anemia in lower-risk MDS,biokg,kg,llama3.1:405b,1,8,E,4,0.25,0,0,1,1,,prior,insufficient,2.0,"No evidence is provided for Drug-8, making it difficult to assess its potential for treating anemia.",0.75,2.625
3,Palmoplantar pustulosis (PMDA),biokg,kg,llama3.1:405b,0,8,D,1,1.0,1,1,1,1,,both,consistent,4.0,"IL23A's role in autoimmune diseases like psoriasis, which shares similarities with Palmoplantar pustulosis, makes Drug-8 a plausible candidate.",1.0,2.25
3,Palmoplantar pustulosis (PMDA),biokg,kg,llama3.1:405b,1,8,B,1,1.0,1,1,1,1,,both,consistent,4.0,"Drug-8 targets IL23A, which is a cytokine involved in the pathogenesis of PMDA, suggesting a plausible therapeutic mechanism.",0.875,2.25
3,Acute HCV pediatric,biokg,kg,llama3.1:405b,0,8,F,3,0.3333333333333333,0,1,1,1,,kg,consistent,3.0,"Drug-8 targets proteins like ABCG2 and MDR1, similar to Drug-6, suggesting potential relevance for HCV treatment.",0.75,2.125
3,Acute HCV pediatric,biokg,kg,llama3.1:405b,1,8,E,2,0.5,0,1,1,1,,both,consistent,3.0,"Drug-8 targets proteins involved in drug metabolism and transport, which could be beneficial for treating HCV infection, but the direct connection to Acute HCV pediatric is less clear.",0.5,1.875
3,Oral tablet formulation for weight management,biokg,kg,llama3.1:405b,0,8,F,1,1.0,1,1,1,1,,kg,consistent,4.0,"Drug-8 targets GLP1R, which is involved in the regulation of appetite and glucose metabolism, making it a plausible candidate for weight management.",0.5,2.5
3,Oral tablet formulation for weight management,biokg,kg,llama3.1:405b,1,8,D,1,1.0,1,1,1,1,,kg,consistent,3.0,"Drug-8 targets GLP1R, which is involved in the regulation of appetite and glucose metabolism.",0.125,1.5
3,Nephrotic syndrome,biokg,kg,llama3.1:405b,0,8,D,7,0.14285714285714285,0,0,0,1,,prior,insufficient,1.0,"Drug-1 targets CD20, which is not directly related to Nephrotic syndrome; its effects on the immune system may be beneficial, but more evidence is needed.",0.625,2.0
3,Nephrotic syndrome,biokg,kg,llama3.1:405b,1,8,D,7,0.14285714285714285,0,0,0,1,,prior,insufficient,1.0,"Drug-1's target, CD20, does not appear to be related to Nephrotic syndrome.",0.5,2.625
3,KRAS G12C+ mCRC,biokg,kg,llama3.1:405b,0,8,D,1,1.0,1,1,1,1,,kg,consistent,4.0,"Drug-8 targets RASK, which is directly related to the KRAS signaling pathway.",0.875,2.0
3,KRAS G12C+ mCRC,biokg,kg,llama3.1:405b,1,8,H,2,0.5,0,1,1,1,,kg,consistent,4.0,"Drug-8 targets RASK, which could imply some relation to the MAPK/ERK pathway involved in KRAS signaling, making it a plausible candidate.",0.125,2.0
3,Retinal vein occlusion,biokg,kg,llama3.1:405b,0,8,H,8,0.125,0,0,0,1,,prior,insufficient,1.0,"No evidence is provided for Drug-8, making it impossible to assess its plausibility.",0.75,1.5
3,Retinal vein occlusion,biokg,kg,llama3.1:405b,1,8,C,8,0.125,0,0,0,1,,prior,insufficient,1.0,"No evidence was provided for Drug-8, making it impossible to assess its plausibility for treating RVO.",0.25,1.5
3,TRD monotherapy,biokg,kg,llama3.1:405b,0,8,G,1,1.0,1,1,1,1,,both,consistent,4.0,"Drug-8 modulates the NMDA receptor pathway, which is involved in synaptic plasticity and has been implicated in depression; its targets also include BDNF, a protein critical for neuronal survival and growth.",0.625,2.25
3,TRD monotherapy,biokg,kg,llama3.1:405b,1,8,D,1,1.0,1,1,1,1,,both,consistent,4.0,"Drug-8 modulates the N-Metyl-D-aspartic acid receptor antagonists pathway, which is relevant to depression treatment, and targets several proteins involved in neuronal function.",0.375,2.0
3,Reduce MACE in CVD + obesity/overweight,biokg,kg,llama3.1:405b,0,8,A,1,1.0,1,1,1,1,,both,consistent,4.0,"Drug-8 targets GLP1R, which is involved in glucose metabolism and weight regulation, making it a plausible candidate for reducing MACE in CVD + obesity/overweight.",0.375,1.875
3,Reduce MACE in CVD + obesity/overweight,biokg,kg,llama3.1:405b,1,8,H,1,1.0,1,1,1,1,,both,consistent,4.0,"Drug-8 targets GLP1R, which is involved in glucose and lipid metabolism, and NEP, which has a role in cardiovascular health.",0.125,1.875
3,Indolent systemic mastocytosis (EMA),biokg,kg,llama3.1:405b,0,8,B,1,1.0,1,1,1,1,,both,consistent,4.0,"Drug-8 targets KIT, which is a known key player in mast cell development and proliferation, making it a promising candidate for treating Indolent systemic mastocytosis.",0.25,1.75
3,Indolent systemic mastocytosis (EMA),biokg,kg,llama3.1:405b,1,8,D,1,1.0,1,1,1,1,,both,consistent,4.0,"Drug-8 targets KIT, a receptor tyrosine kinase crucial for mast cell growth and survival.",0.625,2.25
3,IgG4-related disease,biokg,kg,llama3.1:405b,0,8,G,7,0.14285714285714285,0,0,0,1,,prior,insufficient,1.0,"Drug-8 targets CD19, but the relation to IgG4-related disease is unclear without further context.",0.75,1.875
3,IgG4-related disease,biokg,kg,llama3.1:405b,1,8,A,1,1.0,1,1,1,1,,both,consistent,4.0,"Drug-8 targets CD19, a B-cell antigen, which is relevant to IgG4-related disease given its autoimmune nature.",1.0,2.0
3,COVID-19 (expanded population),biokg,kg,llama3.1:405b,0,8,E,6,0.16666666666666666,0,0,0,1,,kg,insufficient,2.0,"Drug-8 targets proteins (MRP4, NTCP, ABCBB, SO1B3, SO1B1, CP2C8, CP2D6, MDR1) with less clear connections to COVID-19 pathology.",0.875,2.5
3,COVID-19 (expanded population),biokg,kg,llama3.1:405b,1,8,B,3,0.3333333333333333,0,1,1,1,,both,consistent,3.0,"Drug-8 targets multiple proteins involved in drug metabolism and transport, such as MRP4 and NTCP, which may be relevant for COVID-19 treatment.",0.625,2.25
3,Obstructive sleep apnea with obesity,biokg,kg,llama3.1:405b,0,8,H,8,0.125,0,0,0,1,,prior,insufficient,1.0,"No evidence was provided, and without further information, it is difficult to assess Drug-8's mechanistic plausibility.",0.625,2.25
3,Obstructive sleep apnea with obesity,biokg,kg,llama3.1:405b,1,8,F,6,0.16666666666666666,0,0,0,1,,prior,insufficient,1.0,"No information is provided for Drug-8, making it impossible to evaluate its mechanistic plausibility.",0.5,2.25
3,Biliary tract cancer 1L,biokg,kg,llama3.1:405b,0,8,G,2,0.5,0,1,1,1,,both,consistent,4.0,"Drug-8 targets PD1L1 and CD80, which are involved in immune response and cancer treatment, making it a plausible candidate.",0.375,2.75
3,Biliary tract cancer 1L,biokg,kg,llama3.1:405b,1,8,D,1,1.0,1,1,1,1,,both,consistent,4.0,"Drug-8 targets PD1L1 and CD80, which are relevant to cancer treatment through immune system modulation.",0.625,2.125
3,Retinal vein occlusion,biokg,kg,llama3.1:405b,0,8,F,7,0.14285714285714285,0,0,0,1,,prior,insufficient,1.0,"Without any evidence from the knowledge graph, it is unclear whether Drug-8 has any mechanistic plausibility for retinal vein occlusion.",0.375,1.875
3,Retinal vein occlusion,biokg,kg,llama3.1:405b,1,8,C,6,0.16666666666666666,0,0,0,1,,prior,insufficient,1.0,"There is no provided evidence for Drug-8, and without additional information, its effectiveness in treating RVO cannot be assessed.",0.375,1.875
3,Chorea associated with Huntington's disease,biokg,kg,llama3.1:405b,0,8,E,4,0.25,0,0,1,1,,prior,insufficient,2.0,"Drug-6 targets several enzymes, but their connection to Chorea associated with Huntington's disease is unclear.",0.25,1.625
3,Chorea associated with Huntington's disease,biokg,kg,llama3.1:405b,1,8,H,8,0.125,0,0,0,1,,prior,insufficient,1.0,Drug-6 targets CYP enzymes without clear relevance to Chorea associated with Huntington's disease pathways.,0.25,1.125
3,High LDL-C with increased CV risk (expanded),biokg,kg,llama3.1:405b,0,8,G,4,0.25,0,0,1,1,,prior,insufficient,2.0,"No evidence is provided for Drug-7, and its relevance to High LDL-C with increased CV risk is unclear.",0.125,2.25
3,High LDL-C with increased CV risk (expanded),biokg,kg,llama3.1:405b,1,8,C,6,0.16666666666666666,0,0,0,1,,prior,insufficient,1.0,"No evidence is provided for Drug-8's efficacy in treating High LDL-C with increased CV risk, and its mechanism of action is unknown.",0.5,1.875
3,Polycythaemia vera and essential thrombocytopenia,biokg,kg,llama3.1:405b,0,8,A,2,0.5,0,1,1,1,,prior,insufficient,3.0,"Although there is no direct evidence linking Drug-1 to the disease, its targets INAR2 and INAR1 might have some indirect effects.",0.125,2.25
3,Polycythaemia vera and essential thrombocytopenia,biokg,kg,llama3.1:405b,1,8,F,4,0.25,0,0,1,1,,prior,insufficient,2.0,"Drug-1's targets INAR2 and INAR1 may have some effects on cell growth, but the connection to Polycythaemia vera and essential thrombocytopenia is unclear.",0.5,1.875
3,Schnitzler syndrome (Japan),biokg,kg,llama3.1:405b,0,8,H,1,1.0,1,1,1,1,,both,consistent,4.0,"Drug-6 targets IL1B, which is a key cytokine involved in the inflammatory response and closely related to IL1RA, making it a plausible candidate.",0.25,2.25
3,Schnitzler syndrome (Japan),biokg,kg,llama3.1:405b,1,8,E,1,1.0,1,1,1,1,,kg,consistent,4.0,"Drug-6 targets IL1B, which is closely related to the IL1RA gene associated with Schnitzler syndrome (Japan), indicating a plausible mechanistic link.",0.125,2.0
3,COVID-19 updated strain,biokg,kg,llama3.1:405b,0,8,F,6,0.16666666666666666,0,0,0,1,,prior,insufficient,1.0,"No information is available on Drug-8, making it difficult to assess its potential for treating COVID-19.",0.75,1.875
3,COVID-19 updated strain,biokg,kg,llama3.1:405b,1,8,E,5,0.2,0,0,1,1,,prior,insufficient,1.0,"No evidence was provided, making it challenging to evaluate its suitability for COVID-19 treatment.",0.25,2.0
3,Delay T1D onset in children ≥1yr,biokg,kg,llama3.1:405b,0,8,G,7,0.14285714285714285,0,0,0,1,,prior,insufficient,1.0,"No information is provided for Drug-7, making assessment impossible.",0.625,2.5
3,Delay T1D onset in children ≥1yr,biokg,kg,llama3.1:405b,1,8,B,2,0.5,0,1,1,1,,prior,insufficient,1.0,"No information is provided on Drug-7, and my prior knowledge does not suggest any connection to the disease.",0.0,1.75
3,"mCRC BRAF V600E (traditional approval, was accelerated)",biokg,kg,llama3.1:405b,0,8,D,1,1.0,1,1,1,1,,both,consistent,5.0,"Drug-5 targets BRAF, a key protein involved in the pathogenesis of mCRC BRAF V600E.",0.875,2.625
3,"mCRC BRAF V600E (traditional approval, was accelerated)",biokg,kg,llama3.1:405b,1,8,B,1,1.0,1,1,1,1,,both,consistent,5.0,"Drug-5 targets BRAF, which is directly implicated in the disease.",0.125,2.125
3,Diabetic retinopathy/DME (EMA Mar+May 2026),biokg,kg,llama3.1:405b,0,8,A,6,0.16666666666666666,0,0,0,1,,prior,insufficient,1.0,No evidence or clear connection to Diabetic retinopathy/DME pathways is provided for Drug-8.,0.375,1.75
3,Diabetic retinopathy/DME (EMA Mar+May 2026),biokg,kg,llama3.1:405b,1,8,D,6,0.16666666666666666,0,0,0,1,,prior,insufficient,1.0,"No information is provided for Drug-8, making it impossible to assess its mechanistic plausibility for Diabetic retinopathy/DME.",0.25,1.375
3,Cerebral folate transport deficiency,biokg,kg,llama3.1:405b,0,8,C,8,0.125,0,0,0,1,,prior,insufficient,1.0,"The numerous pathways Drug-1 modulates do not clearly intersect with the disease's known mechanisms, making it the least likely candidate.",0.375,2.375
3,Cerebral folate transport deficiency,biokg,kg,llama3.1:405b,1,8,H,8,0.125,0,0,0,1,,kg,conflicting,3.0,"Drug-1's modulation of various antibiotic action pathways and its targets (e.g., SYLM, TYW4) have no clear connection to cerebral folate transport deficiency.",0.625,2.75
3,Heart failure (broadened),biokg,kg,llama3.1:405b,0,8,G,3,0.3333333333333333,0,1,1,1,,prior,insufficient,2.0,"No direct evidence is provided, but Drug-7 targets EGFR, which may have some indirect relevance to heart failure treatment.",0.625,1.875
3,Heart failure (broadened),biokg,kg,llama3.1:405b,1,8,D,5,0.2,0,0,1,1,,kg,consistent,3.0,"Drug-4 modulates antidiabetic pathways, which could be beneficial for heart failure patients with diabetes comorbidities.",0.625,2.125
3,Acquired hypofibrinogenemia in cardiovascular surgery,biokg,kg,llama3.1:405b,0,8,F,6,0.16666666666666666,0,0,0,1,,prior,insufficient,1.0,"No information is provided for Drug-7, making it impossible to assess its mechanistic plausibility.",0.0,1.75
3,Acquired hypofibrinogenemia in cardiovascular surgery,biokg,kg,llama3.1:405b,1,8,F,7,0.14285714285714285,0,0,0,1,,prior,insufficient,1.0,"No evidence was provided for Drug-4's relevance to the disease; its targets (NR1I3, HRH1, CP2D6, etc.) appear unrelated to acquired hypofibrinogenemia.",0.5,1.5
3,COPD,biokg,kg,llama3.1:405b,0,8,E,4,0.25,0,0,1,1,,kg,consistent,3.0,"Drug-8 targets IL4RA, which may be involved in inflammatory responses relevant to COPD, but the evidence is limited.",0.375,2.5
3,COPD,biokg,kg,llama3.1:405b,1,8,F,2,0.5,0,1,1,1,,prior,insufficient,3.0,"Drug-8 targets IL4RA, which is involved in inflammation and may be relevant to COPD.",0.125,2.25
3,Chronic hepatitis B (pediatric),biokg,kg,llama3.1:405b,0,8,E,4,0.25,0,0,1,1,,kg,insufficient,2.0,"Drug-6 targets various enzymes, but none of them are directly linked to Chronic hepatitis B (pediatric), and the relevance of its targets to the disease is unclear.",0.625,1.875
3,Chronic hepatitis B (pediatric),biokg,kg,llama3.1:405b,1,8,C,8,0.125,0,0,0,1,,kg,consistent,5.0,"Although Drug-6 has multiple targets, none of them appear to be directly related to Chronic hepatitis B (pediatric), making it an unlikely candidate.",0.5,2.75
3,HoFH pediatric (EMA),biokg,kg,llama3.1:405b,0,8,E,5,0.2,0,0,1,1,,prior,insufficient,2.0,No information provided for Drug-8; its relevance to HoFH pediatric cannot be assessed.,0.375,2.75
3,HoFH pediatric (EMA),biokg,kg,llama3.1:405b,1,8,B,7,0.14285714285714285,0,0,0,1,,prior,insufficient,1.0,"Without knowledge-graph evidence or a clear understanding of Drug-8's pharmacological properties, its mechanistic plausibility for HoFH pediatric cannot be confidently assessed.",0.875,1.75
3,HR+/HER2- breast cancer,biokg,kg,llama3.1:405b,0,8,H,8,0.125,0,0,0,1,,kg,insufficient,1.0,"Drug-8 targets multiple proteins, but the relevance to HR+ breast cancer is unclear and requires further investigation.",1.0,2.125
3,HR+/HER2- breast cancer,biokg,kg,llama3.1:405b,1,8,C,6,0.16666666666666666,0,0,0,1,,kg,insufficient,1.0,"Drug-8 targets several proteins, but the provided evidence lacks clear connections to breast cancer or related pathways.",1.0,2.375
3,Retinopathy of prematurity,biokg,kg,llama3.1:405b,0,8,E,1,1.0,1,1,1,1,,both,consistent,4.0,"Drug-7 targets VEGFA and VEGFB, which are involved in angiogenesis and thus relevant to retinopathy of prematurity.",0.125,2.125
3,Retinopathy of prematurity,biokg,kg,llama3.1:405b,1,8,E,1,1.0,1,1,1,1,,both,consistent,4.0,"Drug-7 targets PLGF, VEGFB, and VEGFA, which are involved in angiogenesis, a key factor in Retinopathy of prematurity.",0.25,1.875
3,Agitation associated with Alzheimer's dementia,biokg,kg,llama3.1:405b,0,8,G,2,0.5,0,1,1,1,,both,consistent,4.0,"Drug-3 modulates the N-Metyl-D-aspartic acid receptor antagonists pathway, which is involved in neuroprotection and may be relevant to Alzheimer's disease.",0.625,2.25
3,Agitation associated with Alzheimer's dementia,biokg,kg,llama3.1:405b,1,8,C,5,0.2,0,0,1,1,,prior,insufficient,2.0,"While NMDA receptor antagonists like Drug-3 may have some effect on agitation, the evidence is not as strong as for other candidates.",0.5,2.5
3,Heterozygous familial hypercholesterolemia,biokg,kg,llama3.1:405b,0,8,C,1,1.0,1,1,1,1,,both,consistent,5.0,"Drug-5 targets PCSK9, a protein involved in cholesterol regulation, making it a strong candidate for treating heterozygous familial hypercholesterolemia.",0.75,2.375
3,Heterozygous familial hypercholesterolemia,biokg,kg,llama3.1:405b,1,8,C,1,1.0,1,1,1,1,,both,consistent,4.0,"Drug-5 targets PCSK9, a protein involved in cholesterol regulation, making it a plausible candidate for treating heterozygous familial hypercholesterolemia.",0.375,1.875
3,Indolent systemic mastocytosis,biokg,kg,llama3.1:405b,0,8,A,1,1.0,1,1,1,1,,kg,consistent,4.0,"Drug-8 targets KIT, a receptor tyrosine kinase involved in mast cell growth and survival, making it a plausible candidate for treating indolent systemic mastocytosis.",0.625,1.875
3,Indolent systemic mastocytosis,biokg,kg,llama3.1:405b,1,8,B,1,1.0,1,1,1,1,,both,consistent,4.0,"Drug-8 targets KIT, a receptor tyrosine kinase implicated in mastocytosis, and other relevant targets like ABCG2 and MDR1, which could influence disease progression.",0.75,2.0
3,Juvenile idiopathic arthritis (EMA Feb 2026),biokg,kg,llama3.1:405b,0,8,H,2,0.5,0,1,1,1,,kg,consistent,3.0,"Drug-6's targeting of JAK1 and JAK3, involved in inflammation and immune response, provides a plausible mechanistic link to Juvenile idiopathic arthritis.",0.875,2.0
3,Juvenile idiopathic arthritis (EMA Feb 2026),biokg,kg,llama3.1:405b,1,8,A,1,1.0,1,1,1,1,,both,consistent,4.0,"Drug-6 targets JAK3 and JAK1, which are involved in the inflammatory response and have been implicated in juvenile idiopathic arthritis.",0.375,2.25
3,Invasive fungal infections pediatric ≥2yr,biokg,kg,llama3.1:405b,0,8,F,1,1.0,1,1,1,1,,both,consistent,4.0,"Drug-5 modulates the Antifungal agents pathway and targets MDR1 and CP3A4, which are relevant to fungal infections.",0.25,1.75
3,Invasive fungal infections pediatric ≥2yr,biokg,kg,llama3.1:405b,1,8,G,1,1.0,1,1,1,1,,both,consistent,4.0,"Drug-5 modulates the Antifungal agents pathway and targets MDR1 and CP3A4, which is consistent with its potential use in treating invasive fungal infections.",0.5,1.875
3,PKU expanded to ≥12yr,biokg,kg,llama3.1:405b,0,8,G,7,0.14285714285714285,0,0,0,1,,prior,insufficient,1.0,"No information is provided for Drug-7, making it impossible to assess its mechanistic plausibility.",0.125,1.5
3,PKU expanded to ≥12yr,biokg,kg,llama3.1:405b,1,8,B,8,0.125,0,0,0,1,,prior,insufficient,1.0,"No information is provided for Drug-7, making it impossible to assess its mechanistic plausibility.",0.625,2.25
3,HR+/HER2-low breast cancer,biokg,kg,llama3.1:405b,0,8,A,2,0.5,0,1,1,1,,both,consistent,4.0,"Drug-8 targets TOP1 and MRP1, which are involved in DNA replication and multidrug resistance, respectively.",0.75,2.25
3,HR+/HER2-low breast cancer,biokg,kg,llama3.1:405b,1,8,C,2,0.5,0,1,1,1,,kg,consistent,4.0,"Drug-8 targets TOP1, CATB, and S47A2, which are involved in cell proliferation and apoptosis, relevant to breast cancer.",0.625,2.625
3,Spinal muscular atrophy (pediatric expansion),biokg,kg,llama3.1:405b,0,8,G,3,0.3333333333333333,0,1,1,1,,prior,insufficient,2.0,"No evidence was provided for Drug-8, and prior knowledge does not suggest a clear mechanism for treating SMA.",0.625,2.75
3,Spinal muscular atrophy (pediatric expansion),biokg,kg,llama3.1:405b,1,8,F,8,0.125,0,0,0,1,,prior,insufficient,1.0,"No information was provided for Drug-8, making it difficult to assess its potential.",0.625,2.25
3,Chronic kidney disease,biokg,kg,llama3.1:405b,0,8,B,1,1.0,1,1,1,1,,both,insufficient,3.0,"Although Drug-5's targets, such as SC5A2 and UD18, are not directly linked to CKD in the knowledge graph, some of its targets may be involved in related pathways.",0.625,2.375
3,Chronic kidney disease,biokg,kg,llama3.1:405b,1,8,E,2,0.5,0,1,1,1,,both,consistent,3.0,"Drug-5 targets SC5A2 and S22A8, which may be involved in chronic kidney disease pathways, but the evidence is limited.",0.625,2.0
3,IgE-mediated food allergy,biokg,kg,llama3.1:405b,0,8,E,1,1.0,1,1,1,1,,kg,consistent,4.0,"Drug-1 targets FCERB and FCERA, which are directly related to IgE-mediated responses.",0.125,1.875
3,IgE-mediated food allergy,biokg,kg,llama3.1:405b,1,8,C,1,1.0,1,1,1,1,,both,consistent,4.0,"Drug-1 targets FCERB and FCERA, which are relevant to IgE-mediated responses.",0.375,2.0
3,Measles prophylaxis post-exposure,biokg,kg,llama3.1:405b,0,8,A,3,0.3333333333333333,0,1,1,1,,prior,insufficient,1.0,There is no information on how Drug-1's targets relate to measles prophylaxis.,0.125,1.375
3,Measles prophylaxis post-exposure,biokg,kg,llama3.1:405b,1,8,A,3,0.3333333333333333,0,1,1,1,,prior,insufficient,2.0,"Although there is no direct evidence linking Drug-1 to measles prophylaxis post-exposure, its targets (FCGRB, FCG2C, etc.) might be involved in immune system regulation.",0.25,1.875
3,CKD in T2D,biokg,kg,llama3.1:405b,0,8,E,1,1.0,1,1,1,1,,both,consistent,4.0,"Drug-8 targets GLP1R, which is a relevant target for T2D treatment and has potential implications for CKD.",0.25,2.125
3,CKD in T2D,biokg,kg,llama3.1:405b,1,8,D,1,1.0,1,1,1,1,,both,consistent,4.0,"Drug-8 targets GLP1R and DPP4, which are relevant to T2D treatment, and has a plausible link to CKD through its effects on glucose metabolism.",0.625,1.75
3,dMMR recurrent/advanced endometrial cancer,biokg,kg,llama3.1:405b,0,8,B,7,0.14285714285714285,0,0,0,1,,prior,insufficient,1.0,"No knowledge graph evidence is available, and my prior knowledge does not suggest a strong connection to the disease.",0.75,2.25
3,dMMR recurrent/advanced endometrial cancer,biokg,kg,llama3.1:405b,1,8,A,7,0.14285714285714285,0,0,0,1,,prior,insufficient,1.0,"No evidence is provided for Drug-8, and its mechanism of action is unknown.",0.5,2.125
3,ILD-associated pulmonary hypertension,biokg,kg,llama3.1:405b,0,8,H,8,0.125,0,0,0,1,,prior,insufficient,2.0,No evidence was provided for Drug-3 that directly links it to ILD-associated pulmonary hypertension.,0.125,2.25
3,ILD-associated pulmonary hypertension,biokg,kg,llama3.1:405b,1,8,D,2,0.5,0,1,1,1,,prior,insufficient,3.0,"Drug-3 targets P2Y12, which is involved in platelet aggregation and may be relevant to pulmonary hypertension.",0.375,1.75
3,Crohn's disease,biokg,kg,llama3.1:405b,0,8,D,1,1.0,1,1,1,1,,both,consistent,4.0,"Drug-8 targets JAK1, which is involved in the JAK-STAT signaling pathway associated with Crohn's disease.",0.125,2.0
3,Crohn's disease,biokg,kg,llama3.1:405b,1,8,B,1,1.0,1,1,1,1,,both,consistent,4.0,"Drug-8 targets JAK1, which is involved in the JAK-STAT signaling pathway associated with Crohn's disease.",0.375,2.25
3,COVID-19 in severe renal impairment/dialysis,biokg,kg,llama3.1:405b,0,8,G,4,0.25,0,0,1,1,,kg,consistent,2.0,"Drug-8's targeting of MRP4, NTCP, and other transporters may have implications for COVID-19 treatment, although the exact mechanisms are unclear.",1.0,2.125
3,COVID-19 in severe renal impairment/dialysis,biokg,kg,llama3.1:405b,1,8,E,6,0.16666666666666666,0,0,0,1,,kg,insufficient,1.0,"Drug-8's targeting of various transporters and enzymes may have some implications for COVID-19 treatment, but the evidence is limited and inconclusive.",1.0,1.875
3,MASH with fibrosis,biokg,kg,llama3.1:405b,0,8,B,6,0.16666666666666666,0,0,0,1,,prior,insufficient,1.0,"Drug-8's targets (AMY1, GLP1R, NEP, etc.) seem unrelated to MASH with fibrosis based on prior knowledge.",0.375,1.875
3,MASH with fibrosis,biokg,kg,llama3.1:405b,1,8,C,3,0.3333333333333333,0,1,1,1,,kg,conflicting,2.0,"Drug-8 targets GLP1R, which is involved in glucose metabolism and may have an indirect effect on fibrosis, but the relationship is unclear.",0.625,1.875
3,Urothelial carcinoma (expanded population),biokg,kg,llama3.1:405b,0,8,C,5,0.2,0,0,1,1,,kg,insufficient,2.0,"Drug-8 targets NECT4, MDR1, and CP3A4, but lacks clear mechanistic links to urothelial carcinoma pathways.",0.75,2.5
3,Urothelial carcinoma (expanded population),biokg,kg,llama3.1:405b,1,8,E,4,0.25,0,0,1,1,,kg,insufficient,2.0,"Drug-8 targets NECT4, which has some implications for cancer cell adhesion and migration, but the evidence is limited.",0.875,2.0
3,Chronic thromboembolic pulmonary hypertension,biokg,kg,llama3.1:405b,0,8,G,1,1.0,1,1,1,1,,both,consistent,4.0,"Drug-7 modulates the antithrombosis pathway and targets FA10, which is relevant to thromboembolic diseases.",0.25,1.875
3,Chronic thromboembolic pulmonary hypertension,biokg,kg,llama3.1:405b,1,8,F,1,1.0,1,1,1,1,,both,consistent,4.0,"Drug-7 modulates the Antithrombosis agents pathway, which is relevant to treating thromboembolic diseases, and targets FA10, a protein involved in blood coagulation.",0.25,2.0
3,Crohn's disease,biokg,kg,llama3.1:405b,0,8,E,1,1.0,1,1,1,1,,both,consistent,4.0,"Drug-8 targets IL23A, which is involved in the inflammatory response and has been associated with Crohn's disease treatment.",0.125,1.875
3,Crohn's disease,biokg,kg,llama3.1:405b,1,8,G,1,1.0,1,1,1,1,,kg,consistent,4.0,"Drug-8 targets IL23A, which is involved in the inflammatory response and has been implicated in Crohn's disease.",0.125,1.875
3,HoFH in children,biokg,kg,llama3.1:405b,0,8,F,7,0.14285714285714285,0,0,0,1,,prior,insufficient,1.0,"There is no knowledge graph evidence for Drug-8, making it difficult to assess its mechanistic plausibility.",0.5,2.0
3,HoFH in children,biokg,kg,llama3.1:405b,1,8,D,4,0.25,0,0,1,1,,prior,insufficient,1.0,"No information is provided for Drug-8, making it impossible to assess its mechanistic plausibility.",0.625,1.625
3,First-line anemia in lower-risk MDS,biokg,kg,llama3.1:405b,0,8,C,3,0.3333333333333333,0,1,1,1,,prior,insufficient,1.0,"No information is provided for Drug-7, making it impossible to assess its plausibility.",0.375,2.25
3,First-line anemia in lower-risk MDS,biokg,kg,llama3.1:405b,1,8,G,7,0.14285714285714285,0,0,0,1,,prior,insufficient,1.0,"No information is provided for Drug-7, making it impossible to assess its mechanistic plausibility.",0.0,1.875
3,Generalized myasthenia gravis,biokg,kg,llama3.1:405b,0,8,H,7,0.14285714285714285,0,0,0,1,,prior,insufficient,1.0,CD19 target is not directly linked to myasthenia gravis.,0.25,1.875
3,Generalized myasthenia gravis,biokg,kg,llama3.1:405b,1,8,G,7,0.14285714285714285,0,0,0,1,,prior,insufficient,1.0,"There is no clear connection between Drug-8's target, CD19, and generalized myasthenia gravis.",0.375,2.0
3,Acquired hypothalamic obesity,biokg,kg,llama3.1:405b,0,8,B,6,0.16666666666666666,0,0,0,1,,prior,insufficient,1.0,No information is available to assess Drug-7's relevance to acquired hypothalamic obesity.,0.375,2.5
3,Acquired hypothalamic obesity,biokg,kg,llama3.1:405b,1,8,C,7,0.14285714285714285,0,0,0,1,,prior,insufficient,1.0,"No evidence is provided for Drug-7, and without knowledge graph information or clear prior pharmacological rationale, its potential efficacy cannot be assessed.",0.5,1.875
3,HR+/HER2- node-positive high-risk early breast cancer,biokg,kg,llama3.1:405b,0,8,D,1,1.0,1,1,1,1,,both,consistent,4.0,"Drug-8 targets CDK6 and CDK4, key regulators of the cell cycle that are often dysregulated in cancer.",0.875,1.875
3,HR+/HER2- node-positive high-risk early breast cancer,biokg,kg,llama3.1:405b,1,8,G,1,1.0,1,1,1,1,,both,consistent,4.0,"Drug-8 targets CDK4 and CDK6, which are involved in cell cycle progression and potentially relevant to cancer; its other targets also suggest a plausible mechanistic link.",0.875,2.125
3,EGPA,biokg,kg,llama3.1:405b,0,8,A,3,0.3333333333333333,0,1,1,1,,prior,insufficient,2.0,"Drug-1 targets FCERB and FCERA, which may be related to allergic responses, but the connection to EGPA is unclear.",0.625,2.0
3,EGPA,biokg,kg,llama3.1:405b,1,8,D,2,0.5,0,1,1,1,,kg,consistent,3.0,"Drug-1 targets FCERB and FCERA, which are associated with immune responses and may be relevant to EGPA.",0.25,2.0
3,BRAF+ thyroid cancer,biokg,kg,llama3.1:405b,0,8,D,1,1.0,1,1,1,1,,both,consistent,4.0,"Drug-6 targets M3K1 and MP2K2, which are involved in the MAPK/ERK pathway, a key signaling cascade in BRAF+ thyroid cancer.",0.875,2.0
3,BRAF+ thyroid cancer,biokg,kg,llama3.1:405b,1,8,H,3,0.3333333333333333,0,1,1,1,,kg,consistent,3.0,"Drug-6 targets IL1B and TNFA, which are involved in inflammation and could indirectly affect the microenvironment of thyroid cancer cells.",0.875,2.125
3,Giant cell arteritis,biokg,kg,llama3.1:405b,0,8,A,1,1.0,1,1,1,1,,both,insufficient,3.0,"Drug-8 has multiple targets, but none are directly linked to Giant cell arteritis; however, JAK1 is involved in immune responses and could be relevant.",0.75,2.0
3,Giant cell arteritis,biokg,kg,llama3.1:405b,1,8,D,1,1.0,1,1,1,1,,both,consistent,4.0,"Drug-8 targets JAK1, which is relevant to immune system regulation and potentially connects to the disease's genetic associations.",0.625,2.0
3,dMMR/MSI-H primary advanced endometrial cancer,biokg,kg,llama3.1:405b,0,8,B,7,0.14285714285714285,0,0,0,1,,prior,insufficient,1.0,"No information is available for Drug-8, making it impossible to assess its plausibility.",0.25,2.25
3,dMMR/MSI-H primary advanced endometrial cancer,biokg,kg,llama3.1:405b,1,8,C,3,0.3333333333333333,0,1,1,1,,prior,insufficient,2.0,"No evidence is provided for Drug-8, making it difficult to assess its mechanistic plausibility.",0.875,2.375
3,Polymyalgia rheumatica,biokg,kg,llama3.1:405b,0,8,H,2,0.5,0,1,1,1,,kg,consistent,3.0,"Drug-8 targets IL6RA, which is a key player in the inflammatory response and has been implicated in Polymyalgia rheumatica.",0.375,1.875
3,Polymyalgia rheumatica,biokg,kg,llama3.1:405b,1,8,C,1,1.0,1,1,1,1,,kg,consistent,4.0,"Drug-8 targets IL6RA, which is a key player in the inflammatory response and likely relevant to polymyalgia rheumatica.",0.625,2.0
3,Ph+ CML-CP frontline (EMA Feb 2026),biokg,kg,llama3.1:405b,0,8,H,8,0.125,0,0,0,1,,prior,insufficient,1.0,"No evidence is provided for Drug-8, making it impossible to assess its potential against CML.",0.25,1.75
3,Ph+ CML-CP frontline (EMA Feb 2026),biokg,kg,llama3.1:405b,1,8,B,6,0.16666666666666666,0,0,0,1,,prior,insufficient,1.0,There is no provided evidence for Drug-8's relevance to Ph+ CML-CP frontline.,0.125,1.875
3,Allergic fungal rhinosinusitis (AFRS) ≥6yr,biokg,kg,llama3.1:405b,0,8,H,1,1.0,1,1,1,1,,prior,insufficient,3.0,"Ranked first due to the absence of information, which makes it impossible to evaluate its potential effectiveness against AFRS.",0.75,2.25
3,Allergic fungal rhinosinusitis (AFRS) ≥6yr,biokg,kg,llama3.1:405b,1,8,F,1,1.0,1,1,1,1,,kg,consistent,4.0,"Drug-8 targets IL4RA, which is involved in the allergic response and could be relevant to treating AFRS.",0.75,2.25
3,RET-fusion NSCLC (expanded),biokg,kg,llama3.1:405b,0,8,G,1,1.0,1,1,1,1,,both,consistent,5.0,"Drug-8 targets RET, which is directly implicated in the disease, and also targets other relevant kinases such as VGFR3 and FGFR1.",0.5,2.0
3,RET-fusion NSCLC (expanded),biokg,kg,llama3.1:405b,1,8,B,1,1.0,1,1,1,1,,both,consistent,5.0,"Drug-8 targets RET, which is a key gene involved in RET-fusion NSCLC, making it a strong candidate.",0.625,2.125
3,"Crohn's disease (moderate-severe, refractory)",biokg,kg,llama3.1:405b,0,8,B,1,1.0,1,1,1,1,,both,consistent,4.0,"Drug-7 targets IL23A, a cytokine involved in the inflammatory response and associated with Crohn's disease.",0.5,1.875
3,"Crohn's disease (moderate-severe, refractory)",biokg,kg,llama3.1:405b,1,8,G,1,1.0,1,1,1,1,,kg,consistent,4.0,"Drug-7 targets IL23A, a cytokine involved in inflammatory bowel disease (IBD), making it a plausible candidate for Crohn's disease treatment.",0.25,2.125
3,Follicular lymphoma,biokg,kg,llama3.1:405b,0,8,B,7,0.14285714285714285,0,0,0,1,,prior,insufficient,1.0,"No information was provided for Drug-8, making it impossible to assess its mechanistic plausibility.",0.75,2.375
3,Follicular lymphoma,biokg,kg,llama3.1:405b,1,8,G,7,0.14285714285714285,0,0,0,1,,prior,insufficient,1.0,"No information is provided for Drug-8, making it impossible to assess its mechanistic plausibility.",0.625,2.125
3,Atopic dermatitis,biokg,kg,llama3.1:405b,0,8,H,3,0.3333333333333333,0,1,1,1,,kg,insufficient,2.0,"Drug-7 targets several proteins, including JAK1 and JAK3, which could be relevant to atopic dermatitis due to their roles in immune responses, but the connection is indirect.",0.875,2.0
3,Atopic dermatitis,biokg,kg,llama3.1:405b,1,8,B,2,0.5,0,1,1,1,,kg,consistent,3.0,"Drug-7 targets JAK1 and JAK3, which are involved in inflammation processes relevant to atopic dermatitis.",0.25,1.875
3,1L biliary tract cancer (+gemcitabine+cisplatin),biokg,kg,llama3.1:405b,0,8,A,1,1.0,1,1,1,1,,kg,insufficient,2.0,"Drug-7 targets PDCD1, but there is no clear connection to the disease.",0.875,1.875
3,1L biliary tract cancer (+gemcitabine+cisplatin),biokg,kg,llama3.1:405b,1,8,E,1,1.0,1,1,1,1,,both,consistent,4.0,"Drug-7 targets PDCD1, which is involved in immune checkpoint regulation and may have a synergistic effect with gemcitabine+cisplatin.",0.75,2.25
3,IV formulation for rheumatic diseases (EMA),biokg,kg,llama3.1:405b,0,8,H,1,1.0,1,1,1,1,,both,consistent,5.0,"Drug-5 directly modulates the Antirheumatics - DMARDs and biological agents pathway and targets IL17, which is a crucial cytokine involved in inflammation and autoimmune diseases.",0.875,2.25
3,IV formulation for rheumatic diseases (EMA),biokg,kg,llama3.1:405b,1,8,H,1,1.0,1,1,1,1,,prior,insufficient,2.0,"No evidence was provided for Drug-3, making it impossible to assess its mechanistic plausibility with confidence.",0.75,2.5
3,BRAF+ thyroid cancer,biokg,kg,llama3.1:405b,0,8,D,1,1.0,1,1,1,1,,both,consistent,5.0,"Drug-8 targets BRAF directly, as well as other relevant proteins like CCND1, making it a highly plausible candidate based on both the knowledge graph and prior pharmacological understanding.",1.0,2.0
3,BRAF+ thyroid cancer,biokg,kg,llama3.1:405b,1,8,C,1,1.0,1,1,1,1,,both,consistent,5.0,"Directly targets BRAF and CCND1, which are crucial in cancer cell proliferation and survival.",0.125,2.375
3,EGPA (expanded),biokg,kg,llama3.1:405b,0,8,H,1,1.0,1,1,1,1,,both,consistent,4.0,"Drug-7 targets IL5RA, which is a relevant target for EGPA (expanded), and its mechanism of action aligns with the disease's profile.",0.375,1.875
3,EGPA (expanded),biokg,kg,llama3.1:405b,1,8,H,1,1.0,1,1,1,1,,both,consistent,4.0,"Drug-7 targets IL5RA, which is relevant to EGPA's eosinophilic granulomatosis with polyangiitis.",0.125,2.125
3,Pheochromocytoma/paraganglioma,biokg,kg,llama3.1:405b,0,8,F,1,1.0,1,1,1,1,,kg,consistent,4.0,"Drug-8 targets EPAS1, which is not directly linked to the disease in the provided graph, but EPAS1 is known to be involved in hypoxia response and tumorigenesis, making it a plausible target for cancer therapy.",0.375,2.0
3,Pheochromocytoma/paraganglioma,biokg,kg,llama3.1:405b,1,8,A,1,1.0,1,1,1,1,,prior,insufficient,2.0,"EPAS1 is involved in hypoxia signaling, but its direct connection to Pheochromocytoma/paraganglioma is unclear.",0.875,3.25
3,Pediatric atopic dermatitis,biokg,kg,llama3.1:405b,0,8,B,3,0.3333333333333333,0,1,1,1,,prior,insufficient,3.0,"Despite multiple targets, none directly relate to known pathways for pediatric atopic dermatitis based on the provided evidence.",0.125,2.375
3,Pediatric atopic dermatitis,biokg,kg,llama3.1:405b,1,8,H,1,1.0,1,1,1,1,,both,consistent,4.0,"Drug-8 targets JAK1, a protein involved in immune responses and potentially relevant to atopic dermatitis.",0.375,2.0
3,MSI-H/dMMR solid tumors (full approval conversion),biokg,kg,llama3.1:405b,0,8,B,1,1.0,1,1,1,1,,both,consistent,5.0,"Drug-6 targets PDCD1, a well-established target for cancer immunotherapy, particularly in MSI-H/dMMR tumors.",0.5,2.0
3,MSI-H/dMMR solid tumors (full approval conversion),biokg,kg,llama3.1:405b,1,8,B,1,1.0,1,1,1,1,,both,consistent,4.0,"Drug-6 targets PDCD1, which is a checkpoint protein involved in cancer immune evasion, making it a plausible candidate for treating MSI-H/dMMR solid tumors.",0.625,2.0
3,Psoriasis in children 6-11 (cream),biokg,kg,llama3.1:405b,0,8,C,1,1.0,1,1,1,1,,both,consistent,4.0,"Drug-5 targets PDE4 enzymes, which are involved in inflammation and have been associated with psoriasis treatment.",0.375,1.75
3,Psoriasis in children 6-11 (cream),biokg,kg,llama3.1:405b,1,8,H,1,1.0,1,1,1,1,,kg,consistent,4.0,"Drug-5 targets PDE4A, PDE4B, PDE4C, and PDE4D, which are known to be involved in inflammatory pathways relevant to psoriasis.",0.75,2.25
3,Pancreatic NET,biokg,kg,llama3.1:405b,0,8,D,1,1.0,1,1,1,1,,both,consistent,4.0,"Drug-5 targets VGFR2, MET, and RET, which are involved in tumor growth and angiogenesis pathways relevant to cancer treatment.",0.875,2.0
3,Pancreatic NET,biokg,kg,llama3.1:405b,1,8,A,1,1.0,1,1,1,1,,both,consistent,4.0,"Drug-5 targets multiple kinases (RET, VGFR2, MET) that are commonly involved in tumor growth and angiogenesis, relevant for Pancreatic NET.",0.875,2.0
3,Ulcerative colitis,biokg,kg,llama3.1:405b,0,8,A,1,1.0,1,1,1,1,,both,consistent,4.0,"Drug-8 targets IL23A and IL12B, which are key cytokines involved in the inflammatory process of ulcerative colitis.",0.125,2.0
3,Ulcerative colitis,biokg,kg,llama3.1:405b,1,8,C,1,1.0,1,1,1,1,,both,consistent,4.0,"Drug-8 targets IL23A and IL12B, which are involved in the JAK-STAT signaling pathway associated with ulcerative colitis.",0.125,1.75
3,Gastric/GEJ adenocarcinoma (1L +chemo),biokg,kg,llama3.1:405b,0,8,C,1,1.0,1,1,1,1,,both,consistent,4.0,"Drug-8 targets PD1L1 and CD80, relevant to cancer immunotherapy and potentially gastric/GEJ adenocarcinoma.",0.625,1.875
3,Gastric/GEJ adenocarcinoma (1L +chemo),biokg,kg,llama3.1:405b,1,8,B,1,1.0,1,1,1,1,,both,consistent,5.0,"Drug-8 targets PD1L1, a well-established target in cancer immunotherapy, making it a highly plausible candidate for treating Gastric/GEJ adenocarcinoma.",0.5,2.75
3,Hidradenitis suppurativa,biokg,kg,llama3.1:405b,0,8,E,1,1.0,1,1,1,1,,kg,consistent,4.0,"Drug-7 modulates the Antirheumatics - DMARDs and biological agents pathway, which includes targets such as IL17 that are relevant to Hidradenitis suppurativa.",0.75,2.25
3,Hidradenitis suppurativa,biokg,kg,llama3.1:405b,1,8,F,1,1.0,1,1,1,1,,both,consistent,4.0,Drug-7's modulation of Antirheumatics - DMARDs and biological agents and targeting IL17 could have anti-inflammatory effects relevant to Hidradenitis suppurativa.,0.375,2.125
3,Biliary tract cancer,biokg,kg,llama3.1:405b,0,8,C,1,1.0,1,1,1,1,,both,consistent,4.0,"Drug-6 targets PDCD1, which is involved in cancer immune response, making it a plausible candidate for Biliary tract cancer treatment.",0.5,2.375
3,Biliary tract cancer,biokg,kg,llama3.1:405b,1,8,B,2,0.5,0,1,1,1,,kg,consistent,3.0,"Drug-6 targets PDCD1, which is involved in immune regulation, and may have a role in cancer treatment.",0.875,2.375
3,Antibody-mediated rejection in organ transplantation,biokg,kg,llama3.1:405b,0,8,G,1,1.0,1,1,1,1,,both,consistent,4.0,"Drug-1 targets CD20, a protein involved in B-cell regulation, which is relevant to antibody-mediated rejection.",0.5,2.25
3,Antibody-mediated rejection in organ transplantation,biokg,kg,llama3.1:405b,1,8,G,1,1.0,1,1,1,1,,kg,consistent,4.0,"Drug-1 targets CD20, a protein expressed on B cells, which is consistent with addressing antibody-mediated rejection.",0.375,2.25
3,Neoadj+adj HNSCC,biokg,kg,llama3.1:405b,0,8,E,2,0.5,0,1,1,1,,prior,insufficient,3.0,"Drug-3 targets PDCD1, which is a protein involved in programmed cell death and could potentially be relevant to cancer treatment.",0.125,2.0
3,Neoadj+adj HNSCC,biokg,kg,llama3.1:405b,1,8,D,3,0.3333333333333333,0,1,1,1,,prior,insufficient,2.0,"Drug-3 targets PDCD1, which has been implicated in cancer; however, its relevance to HNSCC is uncertain.",0.125,2.0
3,Ulcerative colitis,biokg,kg,llama3.1:405b,0,8,G,1,1.0,1,1,1,1,,kg,consistent,4.0,"Drug-7 targets IL23A, which is involved in the inflammatory response and has been implicated in ulcerative colitis.",0.375,2.125
3,Ulcerative colitis,biokg,kg,llama3.1:405b,1,8,A,1,1.0,1,1,1,1,,kg,consistent,4.0,"Drug-7 targets IL23A, which is involved in the inflammatory bowel disease pathway associated with ulcerative colitis.",0.75,2.25
3,dMMR/MSI-H primary advanced endometrial cancer (+chemo),biokg,kg,llama3.1:405b,0,8,D,8,0.125,0,0,0,1,,prior,insufficient,1.0,"No evidence was provided for Drug-8, making it impossible to assess its plausibility.",0.625,2.625
3,dMMR/MSI-H primary advanced endometrial cancer (+chemo),biokg,kg,llama3.1:405b,1,8,F,8,0.125,0,0,0,1,,prior,insufficient,1.0,"With no evidence provided for Drug-8, it is impossible to assess its potential efficacy or relevance to dMMR/MSI-H endometrial cancer.",0.625,1.875
3,GVHD + pediatric,biokg,kg,llama3.1:405b,0,8,D,1,1.0,1,1,1,1,,both,consistent,4.0,Drug-5's modulation of the Antineoplastics - protein kinases inhibitors pathway and targeting of JAK1 and JAK2 suggest potential in treating GVHD + pediatric.,0.125,1.875
3,GVHD + pediatric,biokg,kg,llama3.1:405b,1,8,D,1,1.0,1,1,1,1,,both,consistent,4.0,"Drug-5 modulates the Antineoplastics - protein kinases inhibitors pathway and targets JAK1 and JAK2, which are relevant to GVHD treatment.",0.875,2.25
3,Gastric/GEJ adenocarcinoma,biokg,kg,llama3.1:405b,0,8,D,1,1.0,1,1,1,1,,both,consistent,4.0,"Drug-8's targeting of PD1L1 and CD80, key components in the checkpoint inhibitor pathway relevant to cancer immunotherapy, aligns with known effective treatments for various cancers.",0.875,2.0
3,Gastric/GEJ adenocarcinoma,biokg,kg,llama3.1:405b,1,8,C,6,0.16666666666666666,0,0,0,1,,kg,consistent,4.0,"Drug-8 targets PD1L1 and CD80, which are relevant in cancer immunotherapy, suggesting a plausible mechanism for treating Gastric/GEJ adenocarcinoma.",0.375,2.25
3,COPD (EMA 2025),biokg,kg,llama3.1:405b,0,8,D,9,0.1111111111111111,0,0,0,1,,,,,,0.0,1.5714285714285714
3,COPD (EMA 2025),biokg,kg,llama3.1:405b,1,8,A,8,0.125,0,0,0,1,,kg,consistent,5.0,"Drug-6 targets IL4RA, which is involved in allergic inflammation; however, its direct link to COPD pathophysiology isn't strongly supported by the graph or general pharmacological principles regarding COPD.",0.5,2.75
3,RAS wild-type HER2+ metastatic colorectal cancer,biokg,kg,llama3.1:405b,0,8,C,1,1.0,1,1,1,1,,both,consistent,4.0,"Drug-8 targets ERBB2 and ERBB3, which are part of the HER2 pathway, making it a plausible candidate for this disease.",0.625,2.0
3,RAS wild-type HER2+ metastatic colorectal cancer,biokg,kg,llama3.1:405b,1,8,B,1,1.0,1,1,1,1,,both,consistent,4.0,"Drug-8 targets ERBB2 (HER2) and ERBB3, which are key players in the HER2 pathway, making it a promising candidate for RAS wild-type HER2+ metastatic colorectal cancer.",0.625,2.0
3,Primary immunodeficiency pediatric (EMA),biokg,kg,llama3.1:405b,0,8,B,1,1.0,1,1,1,1,,kg,consistent,4.0,"Drug-1 targets multiple components of the complement system, which is often impaired in primary immunodeficiency diseases.",0.5,2.125
3,Primary immunodeficiency pediatric (EMA),biokg,kg,llama3.1:405b,1,8,B,1,1.0,1,1,1,1,,both,consistent,4.0,"Drug-1 targets multiple FCG receptors, which are crucial for antibody-dependent cellular cytotoxicity and immunological response.",0.625,2.25
3,BRAF V600E metastatic NSCLC,biokg,kg,llama3.1:405b,0,8,D,1,1.0,1,1,1,1,,both,consistent,4.0,"Drug-7 targets BRAF, a key gene associated with the disease, and also modulates relevant pathways.",0.75,2.125
3,BRAF V600E metastatic NSCLC,biokg,kg,llama3.1:405b,1,8,B,1,1.0,1,1,1,1,,both,consistent,4.0,"Drug-7 targets BRAF, a key protein in the MAPK pathway, which is often dysregulated in NSCLC.",0.75,2.0
3,CRSwNP (eosinophilic chronic rhinosinusitis with nasal polyps),biokg,kg,llama3.1:405b,0,8,D,7,0.14285714285714285,0,0,0,1,,prior,insufficient,1.0,"No information was provided about Drug-D, making it impossible to assess its plausibility for treating CRSwNP.",0.625,2.375
3,CRSwNP (eosinophilic chronic rhinosinusitis with nasal polyps),biokg,kg,llama3.1:405b,1,8,D,8,0.125,0,0,0,1,,prior,insufficient,1.0,"Without any evidence from the knowledge graph, Drug-8's potential for treating CRSwNP cannot be adequately assessed.",0.625,2.25
3,Pediatric glioma (EMA),biokg,kg,llama3.1:405b,0,8,D,1,1.0,1,1,1,1,,kg,consistent,2.0,"Though Drug-7's targets like BRAF and RAF1 suggest potential in treating cancers, including pediatric glioma, confidence is moderate due to indirect evidence.",0.125,1.75
3,Pediatric glioma (EMA),biokg,kg,llama3.1:405b,1,8,G,1,1.0,1,1,1,1,,both,consistent,4.0,"Drug-7 targets multiple kinases, including BRAF and RAF1, which are involved in cell proliferation pathways relevant to glioma.",0.625,1.875
3,Primary humoral immunodeficiency pediatric 2-11yr,biokg,kg,llama3.1:405b,0,8,C,1,1.0,1,1,1,1,,both,consistent,4.0,"Drug-1 targets multiple Fc gamma receptors, which are involved in the regulation of immune responses and may have a role in primary humoral immunodeficiency.",0.75,2.5
3,Primary humoral immunodeficiency pediatric 2-11yr,biokg,kg,llama3.1:405b,1,8,G,1,1.0,1,1,1,1,,both,consistent,4.0,"Drug-1 targets FCGRB, FCG2C, FCG3B, FCG2B, CO4A, CO4B, and CO5, which are all involved in the immune response.",0.875,2.125
3,"ALK+ solid tumors (tissue-agnostic, world-first)",biokg,kg,llama3.1:405b,0,8,E,1,1.0,1,1,1,1,,both,consistent,5.0,"Drug-7 targets ALK, a key driver of ALK+ solid tumors.",0.625,2.25
3,"ALK+ solid tumors (tissue-agnostic, world-first)",biokg,kg,llama3.1:405b,1,8,H,1,1.0,1,1,1,1,,both,consistent,5.0,"Drug-7 targets ALK, a key driver mutation in ALK+ solid tumors, making it a highly plausible candidate.",0.625,2.0
3,Primary mediastinal large B-cell lymphoma,biokg,kg,llama3.1:405b,0,8,E,2,0.5,0,1,1,1,,kg,consistent,3.0,"Drug-5's targeting of PDCD1, a protein involved in immune regulation, suggests potential for treating cancer, but the evidence is limited.",0.75,1.875
3,Primary mediastinal large B-cell lymphoma,biokg,kg,llama3.1:405b,1,8,D,1,1.0,1,1,1,1,,both,consistent,4.0,"Drug-5 targets PDCD1, a checkpoint protein involved in cancer immune evasion, making it a plausible candidate for PMBCL treatment.",0.75,2.375
3,HR+/HER2- metastatic breast cancer,biokg,kg,llama3.1:405b,0,8,F,3,0.3333333333333333,0,1,1,1,,kg,consistent,2.0,"Drug-7 targets TOP1, which is involved in DNA replication and repair, but its relevance to HR+/HER2- breast cancer is less clear.",0.375,1.75
3,HR+/HER2- metastatic breast cancer,biokg,kg,llama3.1:405b,1,8,D,3,0.3333333333333333,0,1,1,1,,kg,consistent,3.0,"Drug-7 targets several proteins, but the link to HR+/HER2- breast cancer is not as direct as for top-ranked candidates.",0.75,2.25
3,HER2+ early-stage BC (neoadjuvant + adjuvant),biokg,kg,llama3.1:405b,0,8,F,1,1.0,1,1,1,1,,both,consistent,4.0,"Drug-8 targets TOP1, which is involved in DNA replication and repair, making it a plausible candidate for treating HER2+ BC.",0.75,2.5
3,HER2+ early-stage BC (neoadjuvant + adjuvant),biokg,kg,llama3.1:405b,1,8,D,2,0.5,0,1,1,1,,both,consistent,3.0,"Drug-8 targets TOP1, which is involved in DNA replication and repair, potentially relevant to rapidly dividing cancer cells; however, other targets' relevance to HER2+ BC is unclear.",0.375,1.75
3,"Pediatric low-grade glioma (+dabrafenib, BRAF V600E)",biokg,kg,llama3.1:405b,0,8,B,6,0.16666666666666666,0,0,0,1,,kg,conflicting,2.0,"Drug-6's targets, such as MP2K1 and CP3A5, appear to be involved in unrelated pathways.",0.75,2.25
3,"Pediatric low-grade glioma (+dabrafenib, BRAF V600E)",biokg,kg,llama3.1:405b,1,8,G,3,0.3333333333333333,0,1,1,1,,kg,consistent,3.0,"Drug-6 targets MP2K1 and MP2K2, which are involved in MAPK signaling, a pathway relevant to BRAF V600E mutation.",0.875,2.25
3,mHSPC + ADT,biokg,kg,llama3.1:405b,0,8,H,8,0.125,0,0,0,1,,kg,insufficient,1.0,"Drug-8 targets several genes, but no clear connection to mHSPC + ADT is provided.",1.0,2.25
3,mHSPC + ADT,biokg,kg,llama3.1:405b,1,8,E,3,0.3333333333333333,0,1,1,1,,kg,consistent,2.0,"Drug-8 targets PRGR, which is not directly linked to mHSPC + ADT pathways; however, it also targets ABCG2, a transporter involved in cancer treatment resistance.",0.5,1.75
3,Pediatric BRAF V600E low-grade glioma,biokg,kg,llama3.1:405b,0,8,D,1,1.0,1,1,1,1,,both,consistent,5.0,"Drug-6 targets BRAF, which is directly implicated in the disease.",0.375,2.0
3,Pediatric BRAF V600E low-grade glioma,biokg,kg,llama3.1:405b,1,8,E,1,1.0,1,1,1,1,,both,consistent,5.0,"Drug-6 targets BRAF, a key player in the disease pathology.",0.625,2.0
3,HER2-mutant NSCLC (EMA),biokg,kg,llama3.1:405b,0,8,A,2,0.5,0,1,1,1,,kg,consistent,3.0,"Drug-8 targets multiple proteins, including TOP1, which is involved in DNA replication and may be relevant to cancer treatment.",0.75,1.875
3,HER2-mutant NSCLC (EMA),biokg,kg,llama3.1:405b,1,8,F,5,0.2,0,0,1,1,,prior,insufficient,2.0,"Drug-8 targets several proteins that are not directly linked to HER2-mutant NSCLC in the provided evidence, but could potentially affect disease pathways indirectly.",0.125,2.125
3,Ph+ CML-CP after 2+ TKIs,biokg,kg,llama3.1:405b,0,8,H,8,0.125,0,0,0,1,,prior,insufficient,1.0,"No evidence is provided for Drug-7, and without additional information, its mechanistic plausibility for treating Ph+ CML-CP cannot be assessed.",0.875,1.875
3,Ph+ CML-CP after 2+ TKIs,biokg,kg,llama3.1:405b,1,8,A,8,0.125,0,0,0,1,,prior,insufficient,1.0,No information is provided for Drug-7; its relevance cannot be assessed.,0.75,2.25
3,HR+/HER2- metastatic breast cancer,biokg,kg,llama3.1:405b,0,8,F,1,1.0,1,1,1,1,,both,consistent,4.0,"Drug-7 targets PARP1 and PARP2, which are involved in DNA repair pathways that are often dysregulated in breast cancer.",0.375,1.875
3,HR+/HER2- metastatic breast cancer,biokg,kg,llama3.1:405b,1,8,F,2,0.5,0,1,1,1,,both,consistent,4.0,"Drug-7 targets PARP1 and PARP2, which are involved in DNA repair pathways relevant to cancer treatment, as well as ABCG2 and MDR1, which may contribute to chemotherapy resistance.",0.625,2.5
3,HER2-mutant NSCLC (PMDA),biokg,kg,llama3.1:405b,0,8,F,1,1.0,1,1,1,1,,both,consistent,3.0,"Drug-8's targets, such as TOP1 and MRP1, suggest potential relevance to cancer pathways, aligning with prior knowledge of similar drugs affecting cell proliferation and survival.",0.125,1.625
3,HER2-mutant NSCLC (PMDA),biokg,kg,llama3.1:405b,1,8,H,3,0.3333333333333333,0,1,1,1,,kg,consistent,3.0,"Drug-8 targets multiple proteins, including TOP1, which may be related to cancer pathways.",0.375,2.125
3,Follicular lymphoma (+obinutuzumab),biokg,kg,llama3.1:405b,0,8,E,1,1.0,1,1,1,1,,kg,consistent,4.0,"Drug-8 targets multiple kinases, including BMX, FRK, and TEC, which are involved in cell signaling pathways relevant to follicular lymphoma.",0.625,2.125
3,Follicular lymphoma (+obinutuzumab),biokg,kg,llama3.1:405b,1,8,F,1,1.0,1,1,1,1,,prior,insufficient,3.0,"Drug-8 targets various kinases, including BMX and ITK, which are involved in B-cell signaling pathways relevant to lymphoma treatment.",0.375,2.0
3,Platinum-resistant ovarian carcinoma (PD-L1+ CPS≥1),biokg,kg,llama3.1:405b,0,8,E,1,1.0,1,1,1,1,,both,consistent,5.0,"Drug-6 targets PDCD1, which is closely related to PD-L1, indicating a strong mechanistic link to the disease.",0.625,2.25
3,Platinum-resistant ovarian carcinoma (PD-L1+ CPS≥1),biokg,kg,llama3.1:405b,1,8,H,1,1.0,1,1,1,1,,both,consistent,5.0,"Drug-6 targets PDCD1, which is a key protein involved in the PD-1/PD-L1 pathway, making it a highly plausible candidate for treating platinum-resistant ovarian carcinoma (PD-L1+ CPS≥1).",0.75,2.125
3,Resectable gastric/GEJ adenocarcinoma (neoadj+adj +FLOT),biokg,kg,llama3.1:405b,0,8,G,1,1.0,1,1,1,1,,both,consistent,4.0,"Drug-7 targets PD1L1 and CD80, which are involved in immune checkpoint regulation, a relevant mechanism for cancer treatment.",1.0,2.0
3,Resectable gastric/GEJ adenocarcinoma (neoadj+adj +FLOT),biokg,kg,llama3.1:405b,1,8,F,1,1.0,1,1,1,1,,kg,consistent,4.0,"Drug-7 targets PD1L1 and CD80, which are involved in immune checkpoint regulation, a relevant mechanism for cancer treatment.",0.625,2.375
3,Advanced RCC after PD-1/PD-L1 + VEGF-TKI,biokg,kg,llama3.1:405b,0,8,A,1,1.0,1,1,1,1,,kg,consistent,4.0,"Drug-8 targets EPAS1, which is involved in the HIF pathway, a key player in RCC.",0.625,1.875
3,Advanced RCC after PD-1/PD-L1 + VEGF-TKI,biokg,kg,llama3.1:405b,1,8,H,2,0.5,0,1,1,1,,kg,consistent,4.0,"Drug-8 targets EPAS1, which is involved in the regulation of angiogenesis and may be relevant to VEGF-TKI resistant RCC.",0.75,2.625
3,HER2+ solid tumors (tumor-agnostic),biokg,kg,llama3.1:405b,0,8,A,4,0.25,0,0,1,1,,kg,conflicting,2.0,"Although Drug-8 targets multiple proteins, none are directly linked to HER2; CATL1 and CATB may even have opposing effects on tumor growth.",0.875,2.25
3,HER2+ solid tumors (tumor-agnostic),biokg,kg,llama3.1:405b,1,8,A,1,1.0,1,1,1,1,,both,consistent,4.0,"Drug-8 targets multiple enzymes, including TOP1, which is involved in DNA replication and may be relevant to rapidly proliferating cancer cells.",0.75,2.0
3,HR+/HER2- early breast cancer (adjuvant),biokg,kg,llama3.1:405b,0,8,H,1,1.0,1,1,1,1,,both,consistent,5.0,"Drug-5 targets CDK4 and CDK6, which are crucial for cell cycle regulation, directly implicating it in cancer progression.",0.75,2.0
3,HR+/HER2- early breast cancer (adjuvant),biokg,kg,llama3.1:405b,1,8,C,1,1.0,1,1,1,1,,both,consistent,4.0,"Drug-5 targets CDK6 and CDK4, which are known to play a role in breast cancer cell proliferation.",0.5,2.0
3,Chronic lymphocytic leukemia,biokg,kg,llama3.1:405b,0,8,A,1,1.0,1,1,1,1,,both,consistent,3.0,"Drug-8 targets multiple kinases that could plausibly be involved in the signaling pathways relevant to Chronic lymphocytic leukemia, aligning with general pharmacological principles.",0.375,1.75
3,Chronic lymphocytic leukemia,biokg,kg,llama3.1:405b,1,8,G,1,1.0,1,1,1,1,,both,consistent,4.0,"Drug-8 targets several kinases, including TEC and ITK, which are relevant in lymphocyte signaling pathways potentially associated with CLL.",0.625,2.375
3,Unresectable thymic carcinoma (PMDA),biokg,kg,llama3.1:405b,0,8,B,1,1.0,1,1,1,1,,prior,insufficient,3.0,"Drug-7 targets multiple receptor tyrosine kinases (VGFR, FGFR), which are commonly involved in cancer cell growth and proliferation, making it a plausible candidate for Unresectable thymic carcinoma.",0.25,1.875
3,Unresectable thymic carcinoma (PMDA),biokg,kg,llama3.1:405b,1,8,A,1,1.0,1,1,1,1,,both,consistent,3.0,"Drug-7 targets multiple receptors (VGFR, FGFR), which could potentially inhibit tumor growth in unresectable thymic carcinoma.",0.875,1.875
3,IDH1-mutated relapsed/refractory MDS,biokg,kg,llama3.1:405b,0,8,H,1,1.0,1,1,1,1,,both,consistent,4.0,"Drug-8 targets IDHC, closely related to mutated IDH1 in the disease, suggesting a potential therapeutic effect.",0.125,2.5
3,IDH1-mutated relapsed/refractory MDS,biokg,kg,llama3.1:405b,1,8,E,1,1.0,1,1,1,1,,kg,consistent,4.0,"Drug-8 targets IDHC, which is closely related to the mutated gene IDH1 in the disease.",0.875,2.375
3,Metastatic colorectal cancer,biokg,kg,llama3.1:405b,0,8,C,7,0.14285714285714285,0,0,0,1,,kg,conflicting,1.0,Drug-1's targets and modulated pathways seem largely unrelated to colorectal cancer treatment.,0.625,1.875
3,Metastatic colorectal cancer,biokg,kg,llama3.1:405b,1,8,B,2,0.5,0,1,1,1,,prior,insufficient,3.0,Drug-1's targets are not directly linked to colorectal cancer pathways.,0.125,1.75
