seed,disease,kg,condition,model,shuffle,pool_size,positive_letter,rank,reciprocal_rank,hit@1,hit@3,hit@5,parsed,error,pos_basis,pos_agreement,pos_confidence,pos_rationale,frac_basis_kg,mean_confidence
2,Chorea associated with Huntington's disease,none,no_kg,llama3.1:405b,0,8,E,9,0.1111111111111111,0,0,0,0,500 Server Error: Internal Server Error for url: http://localhost:11434/api/generate,,,,,,
2,Chorea associated with Huntington's disease,none,no_kg,llama3.1:405b,1,8,B,9,0.1111111111111111,0,0,0,0,500 Server Error: Internal Server Error for url: http://localhost:11434/api/generate,,,,,,
2,Chronic thromboembolic pulmonary hypertension,none,no_kg,llama3.1:405b,0,8,C,9,0.1111111111111111,0,0,0,0,500 Server Error: Internal Server Error for url: http://localhost:11434/api/generate,,,,,,
2,Chronic thromboembolic pulmonary hypertension,none,no_kg,llama3.1:405b,1,8,C,9,0.1111111111111111,0,0,0,0,500 Server Error: Internal Server Error for url: http://localhost:11434/api/generate,,,,,,
2,Indolent systemic mastocytosis,none,no_kg,llama3.1:405b,0,8,C,4,0.25,0,0,1,1,,kg,conflicting,2.0,Drug-8's mechanistic links to mastocytosis are unclear due to conflicting evidence in the knowledge graph and pharmacological knowledge.,0.5,2.0
2,Indolent systemic mastocytosis,none,no_kg,llama3.1:405b,1,8,E,4,0.25,0,0,1,1,,kg,consistent,3.0,"The knowledge graph associates Drug-8 with the JAK/STAT pathway, which plays a role in mast cell signaling and cytokine production.",0.625,2.5
2,EGPA (expanded),none,no_kg,llama3.1:405b,0,8,D,4,0.25,0,0,1,1,,both,conflicting,3.0,"Drug-8's pathway involvement is suggested by the graph but contradicts some established pharmacological principles, making its potential efficacy less clear.",0.625,2.25
2,EGPA (expanded),none,no_kg,llama3.1:405b,1,8,D,7,0.14285714285714285,0,0,0,1,,kg,conflicting,1.0,"The knowledge graph indicates a mechanistic link, but pharmacological knowledge strongly suggests that Drug-8 is unlikely to be effective for EGPA.",0.5,2.375
2,Invasive fungal infections pediatric ≥2yr,none,no_kg,llama3.1:405b,0,8,A,1,1.0,1,1,1,1,,both,consistent,4.0,"Drug-4 shows strong antifungal activity against common invasive fungal pathogens, supported by both knowledge graph associations and prior pharmacological understanding.",0.625,2.25
2,Invasive fungal infections pediatric ≥2yr,none,no_kg,llama3.1:405b,1,8,D,4,0.25,0,0,1,1,,prior,insufficient,2.0,"Although the knowledge graph lacks evidence for Drug-4, its known antifungal activity in other contexts suggests potential efficacy.",0.625,2.375
2,PKU expanded to ≥12yr,none,no_kg,llama3.1:405b,0,8,C,3,0.3333333333333333,0,1,1,1,,prior,insufficient,2.0,"Despite lacking direct evidence from the knowledge graph, Drug-8's known mechanism of action on related metabolic pathways suggests potential applicability.",0.625,2.25
2,PKU expanded to ≥12yr,none,no_kg,llama3.1:405b,1,8,D,4,0.25,0,0,1,1,,prior,insufficient,2.0,"No evidence is provided for Drug-8, but its pharmacological profile suggests some potential for PKU relevance.",0.25,2.125
2,Nephrotic syndrome,none,no_kg,llama3.1:405b,0,8,A,1,1.0,1,1,1,1,,both,consistent,4.0,"Drug-1 has been shown to target a protein involved in the renin-angiotensin system, which is implicated in Nephrotic syndrome.",0.5,2.375
2,Nephrotic syndrome,none,no_kg,llama3.1:405b,1,8,B,1,1.0,1,1,1,1,,both,consistent,4.0,"Drug-1 has been shown to target a protein involved in the regulation of podocyte function, which is disrupted in nephrotic syndrome.",0.375,1.875
2,HR+/HER2- node-positive high-risk early breast cancer,none,no_kg,llama3.1:405b,0,8,C,2,0.5,0,1,1,1,,kg,consistent,4.0,"The knowledge graph shows a clear link between Drug-7 and the estrogen receptor pathway, which is critical in HR+ breast cancer.",0.625,2.5
2,HR+/HER2- node-positive high-risk early breast cancer,none,no_kg,llama3.1:405b,1,8,H,8,0.125,0,0,0,1,,kg,conflicting,1.0,"The knowledge graph suggests that Drug-7 targets a pathway that is not typically associated with HR+/HER2- breast cancer, and its reported effects are inconsistent with its proposed mechanism of action.",0.625,2.5
2,Retinopathy of prematurity,none,no_kg,llama3.1:405b,0,8,F,3,0.3333333333333333,0,1,1,1,,prior,insufficient,3.0,"As an anti-inflammatory agent, Drug-7 may have some benefit in treating retinopathy of prematurity, but there is no evidence in the knowledge graph.",0.5,2.25
2,Retinopathy of prematurity,none,no_kg,llama3.1:405b,1,8,C,6,0.16666666666666666,0,0,0,1,,kg,insufficient,1.0,"The knowledge graph provides limited evidence for Drug-7, and its relevance to retinopathy of prematurity is unclear.",0.625,2.25
2,Agitation associated with Alzheimer's dementia,none,no_kg,llama3.1:405b,0,8,G,7,0.14285714285714285,0,0,0,1,,prior,insufficient,1.0,Drug-6 has no direct evidence and its pharmacology does not strongly suggest benefits for Alzheimer's agitation.,0.375,2.125
2,Agitation associated with Alzheimer's dementia,none,no_kg,llama3.1:405b,1,8,B,5,0.2,0,0,1,1,,kg,conflicting,2.0,"The knowledge graph indicates a link between Drug-6 and the disease, but this conflicts with my understanding of its pharmacological effects.",0.625,2.5
2,LDL-C elevation in statin-intolerant dyslipidemia,none,no_kg,llama3.1:405b,0,8,A,1,1.0,1,1,1,1,,both,consistent,4.0,"Drug-8 has a strong mechanistic link to the disease via its target and pathway, consistent with both the knowledge graph and prior pharmacological knowledge.",0.625,2.125
2,LDL-C elevation in statin-intolerant dyslipidemia,none,no_kg,llama3.1:405b,1,8,D,6,0.16666666666666666,0,0,0,1,,prior,insufficient,2.0,"Without specific evidence, Drug-8's potential effects on LDL-C elevation are speculative based on its known mechanisms.",0.5,3.0
2,First-line anemia in lower-risk MDS,none,no_kg,llama3.1:405b,0,8,F,8,0.125,0,0,0,1,,kg,conflicting,1.0,"Drug-8's inclusion is likely a knowledge graph error, given its pathway involvement seems unrelated to anemia.",0.5,2.25
2,First-line anemia in lower-risk MDS,none,no_kg,llama3.1:405b,1,8,C,8,0.125,0,0,0,1,,prior,insufficient,1.0,"Drug-8 lacks any clear connection to the condition, either from the knowledge graph or known pharmacological effects.",0.375,2.5
2,"Crohn's disease (moderate-severe, refractory)",none,no_kg,llama3.1:405b,0,8,E,5,0.2,0,0,1,1,,kg,consistent,3.0,"The knowledge graph provides some evidence that Drug-7 targets proteins involved in Crohn's disease, but the clinical significance is uncertain.",0.625,2.5
2,"Crohn's disease (moderate-severe, refractory)",none,no_kg,llama3.1:405b,1,8,D,7,0.14285714285714285,0,0,0,1,,prior,insufficient,1.0,"Lacking graph evidence, I'm uncertain about Drug-7's potential in Crohn's disease due to its unclear mechanism of action.",0.625,2.25
2,COVID-19 in severe renal impairment/dialysis,none,no_kg,llama3.1:405b,0,8,B,4,0.25,0,0,1,1,,both,conflicting,3.0,"While the knowledge graph suggests that Drug-8 has antiviral activity, my prior knowledge indicates potential toxicity concerns in patients with renal impairment, which may limit its use.",0.625,2.75
2,COVID-19 in severe renal impairment/dialysis,none,no_kg,llama3.1:405b,1,8,A,1,1.0,1,1,1,1,,both,consistent,4.0,"Drug-8 has a strong mechanistic link to the disease through its target and pathway, supported by both the knowledge graph and prior pharmacological knowledge.",0.625,2.625
2,MASH with fibrosis,none,no_kg,llama3.1:405b,0,8,H,8,0.125,0,0,0,1,,prior,insufficient,1.0,The absence of relevant evidence and lack of a clear mechanism make Drug-8 the least plausible candidate for treating MASH with fibrosis.,0.625,2.75
2,MASH with fibrosis,none,no_kg,llama3.1:405b,1,8,G,4,0.25,0,0,1,1,,kg,conflicting,1.0,"The knowledge graph suggests that Drug-8 targets a protein involved in fibrosis, but this conflicts with prior knowledge of its mechanism.",0.375,1.75
2,Pancreatic NET,none,no_kg,llama3.1:405b,0,8,D,4,0.25,0,0,1,1,,kg,conflicting,3.0,"Drug-8's action on its target seems counterintuitive for treating NETs based on my knowledge, despite the KG suggesting a plausible pathway.",0.625,2.5
2,Pancreatic NET,none,no_kg,llama3.1:405b,1,8,H,8,0.125,0,0,0,1,,prior,insufficient,1.0,"There is limited prior knowledge about Drug-8, and the knowledge graph provides no evidence to support its use in Pancreatic NET.",0.625,2.625
2,Retinal vein occlusion,none,no_kg,llama3.1:405b,0,8,G,7,0.14285714285714285,0,0,0,1,,prior,insufficient,1.0,"Without any evidence or a clear mechanistic link to retinal vein occlusion, I rank Drug-8 as uncertain based on my prior knowledge alone.",0.375,2.375
2,Retinal vein occlusion,none,no_kg,llama3.1:405b,1,8,D,6,0.16666666666666666,0,0,0,1,,prior,insufficient,1.0,"No evidence was provided for Drug-8, and its pharmacological profile does not suggest a clear link to retinal vein occlusion treatment.",0.5,2.125
2,Cerebral folate transport deficiency,none,no_kg,llama3.1:405b,0,8,H,8,0.125,0,0,0,1,,prior,insufficient,1.0,Drug-1's known effects do not align with the pathophysiology of cerebral folate transport deficiency.,0.375,1.875
2,Cerebral folate transport deficiency,none,no_kg,llama3.1:405b,1,8,E,3,0.3333333333333333,0,1,1,1,,prior,insufficient,3.0,"Although there is no evidence in the knowledge graph, my prior knowledge suggests that Drug-1 may have some activity against cerebral folate transport deficiency due to its known effects on related biological processes.",0.625,2.25
2,ILD-associated pulmonary hypertension,none,no_kg,llama3.1:405b,0,8,C,4,0.25,0,0,1,1,,prior,insufficient,2.0,"While there is no direct evidence, Drug-3's mechanism as a phosphodiesterase inhibitor may have beneficial effects on pulmonary vasculature.",0.625,2.375
2,ILD-associated pulmonary hypertension,none,no_kg,llama3.1:405b,1,8,F,6,0.16666666666666666,0,0,0,1,,both,conflicting,1.0,"Despite the graph showing a link for Drug-3, my pharmacological knowledge does not support its efficacy for ILD-associated pulmonary hypertension.",0.5,2.0
2,Indolent systemic mastocytosis (EMA),none,no_kg,llama3.1:405b,0,8,A,1,1.0,1,1,1,1,,both,consistent,4.0,"Drug-8 has been linked to the PI3K/AKT pathway, which is relevant for mast cell proliferation and survival.",0.5,2.375
2,Indolent systemic mastocytosis (EMA),none,no_kg,llama3.1:405b,1,8,C,2,0.5,0,1,1,1,,kg,consistent,3.0,"The knowledge graph suggests Drug-8 acts on the PI3K/AKT pathway, relevant to mast cell survival and proliferation.",0.625,2.0
2,CRSwNP (eosinophilic chronic rhinosinusitis with nasal polyps),none,no_kg,llama3.1:405b,0,8,C,2,0.5,0,1,1,1,,prior,insufficient,3.0,"Pharmacological properties suggest possible benefits, but lack of knowledge-graph evidence limits confidence.",0.625,2.625
2,CRSwNP (eosinophilic chronic rhinosinusitis with nasal polyps),none,no_kg,llama3.1:405b,1,8,F,6,0.16666666666666666,0,0,0,1,,kg,consistent,2.0,"Drug-8 has some graph evidence supporting its potential in treating CRSwNP, but the links are indirect and less compelling compared to higher-ranked options.",0.625,2.625
2,Chronic hepatitis B (pediatric),none,no_kg,llama3.1:405b,0,8,G,5,0.2,0,0,1,1,,kg,consistent,2.0,"The knowledge graph indicates that Drug-8 targets a protein involved in the hepatitis B pathway, but its efficacy is uncertain due to limited evidence.",0.5,2.375
2,Chronic hepatitis B (pediatric),none,no_kg,llama3.1:405b,1,8,D,6,0.16666666666666666,0,0,0,1,,prior,insufficient,1.0,"Similarly, there is no clear evidence or prior knowledge supporting a strong mechanistic link between Drug-8 and hepatitis B.",0.5,1.875
2,HoFH in children,none,no_kg,llama3.1:405b,0,8,F,6,0.16666666666666666,0,0,0,1,,kg,consistent,2.0,"The knowledge graph provides some evidence for Drug-8, but it is not convincing, and my prior knowledge does not support it.",0.5,2.0
2,HoFH in children,none,no_kg,llama3.1:405b,1,8,D,4,0.25,0,0,1,1,,prior,insufficient,3.0,"Drug-8 has no clear mechanistic link to HoFH in children based on my prior knowledge, but it may have some indirect effects.",0.375,2.125
2,Biliary tract cancer 1L,none,no_kg,llama3.1:405b,0,8,B,5,0.2,0,0,1,1,,kg,conflicting,2.0,"The knowledge graph suggests a link between Drug-8 and Biliary tract cancer 1L, but this conflicts with prior knowledge of its limited anti-cancer efficacy.",0.5,2.75
2,Biliary tract cancer 1L,none,no_kg,llama3.1:405b,1,8,G,7,0.14285714285714285,0,0,0,1,,kg,insufficient,1.0,"The knowledge graph provides no evidence for Drug-8's relevance to Biliary tract cancer, and I am not aware of any prior information supporting its use.",0.5,2.25
2,Diabetic retinopathy/DME (EMA Mar+May 2026),none,no_kg,llama3.1:405b,0,8,D,8,0.125,0,0,0,1,,kg,conflicting,1.0,Conflicting evidence in the knowledge graph and lack of strong prior support make Drug-8's plausibility for Diabetic retinopathy/DME questionable.,0.625,2.125
2,Diabetic retinopathy/DME (EMA Mar+May 2026),none,no_kg,llama3.1:405b,1,8,H,8,0.125,0,0,0,1,,prior,insufficient,1.0,No clear evidence or rationale supports the use of this drug for Diabetic retinopathy/DME.,0.625,3.0
2,Spinal muscular atrophy (pediatric expansion),none,no_kg,llama3.1:405b,0,8,G,7,0.14285714285714285,0,0,0,1,,prior,insufficient,1.0,Drug-8 has no known connection to spinal muscular atrophy or its therapeutic targets.,0.5,2.5
2,Spinal muscular atrophy (pediatric expansion),none,no_kg,llama3.1:405b,1,8,D,8,0.125,0,0,0,1,,prior,insufficient,1.0,"There is no information on Drug-8's potential benefits for spinal muscular atrophy, making it the lowest-confidence candidate.",0.375,2.25
2,High LDL-C with increased CV risk (expanded),none,no_kg,llama3.1:405b,0,8,F,6,0.16666666666666666,0,0,0,1,,prior,insufficient,2.0,"Drug-8 has been used to treat a different condition, and its effect on LDL-C levels or CV risk is unknown.",0.5,2.75
2,High LDL-C with increased CV risk (expanded),none,no_kg,llama3.1:405b,1,8,H,8,0.125,0,0,0,1,,prior,insufficient,1.0,"Without any direct evidence or clear pharmacological rationale, Drug-8's potential for treating high LDL-C is uncertain.",0.625,2.375
2,Polycythaemia vera and essential thrombocytopenia,none,no_kg,llama3.1:405b,0,8,H,7,0.14285714285714285,0,0,0,1,,prior,insufficient,1.0,There is no clear rationale or evidence supporting the use of Drug-1 for Polycythaemia vera and essential thrombocytopenia.,0.625,2.125
2,Polycythaemia vera and essential thrombocytopenia,none,no_kg,llama3.1:405b,1,8,C,2,0.5,0,1,1,1,,kg,consistent,3.0,Drug-1's graph evidence is weaker but still suggests a possible link to TPO signaling.,0.375,2.125
2,Hidradenitis suppurativa,none,no_kg,llama3.1:405b,0,8,E,4,0.25,0,0,1,1,,prior,insufficient,2.0,"Although no knowledge-graph evidence was provided, prior knowledge suggests Drug-6 may have some anti-inflammatory effects.",0.625,2.25
2,Hidradenitis suppurativa,none,no_kg,llama3.1:405b,1,8,B,8,0.125,0,0,0,1,,kg,conflicting,1.0,"The knowledge graph suggests a link, but it conflicts with prior knowledge indicating that Drug-6 could potentially worsen symptoms of Hidradenitis suppurativa.",0.625,2.375
2,Acute HCV pediatric,none,no_kg,llama3.1:405b,0,8,C,2,0.5,0,1,1,1,,kg,consistent,4.0,"The knowledge graph shows that Drug-8 targets a protein crucial for HCV entry, and its mechanism is consistent with established antiviral strategies.",0.625,2.375
2,Acute HCV pediatric,none,no_kg,llama3.1:405b,1,8,D,6,0.16666666666666666,0,0,0,1,,prior,insufficient,1.0,"Without knowledge graph evidence, Drug-8's potential efficacy is uncertain and relies on speculative application of its known pharmacological properties.",0.5,1.875
2,CKD in T2D,none,no_kg,llama3.1:405b,0,8,D,4,0.25,0,0,1,1,,kg,consistent,3.0,"Drug-8 targets a relevant pathway, but its efficacy might be limited by the complexity of CKD in T2D pathophysiology.",0.625,2.25
2,CKD in T2D,none,no_kg,llama3.1:405b,1,8,A,1,1.0,1,1,1,1,,both,consistent,4.0,"Drug-8 has a strong mechanistic link to the disease, targeting a key pathway involved in CKD progression.",0.625,2.5
2,BRAF V600E metastatic NSCLC,none,no_kg,llama3.1:405b,0,8,G,6,0.16666666666666666,0,0,0,1,,prior,insufficient,1.0,"With no provided evidence and limited prior knowledge of Drug-7's mechanisms, its effectiveness against NSCLC remains uncertain.",0.625,2.0
2,BRAF V600E metastatic NSCLC,none,no_kg,llama3.1:405b,1,8,H,8,0.125,0,0,0,1,,prior,insufficient,1.0,"There is little information available about Drug-7, making it difficult to assess its potential for treating BRAF V600E metastatic NSCLC.",0.375,3.0
2,Retinal vein occlusion,none,no_kg,llama3.1:405b,0,8,D,6,0.16666666666666666,0,0,0,1,,prior,insufficient,2.0,"Drug-8 has limited information available, and its mechanism of action is unclear; further investigation is needed to determine its potential efficacy for retinal vein occlusion.",0.375,2.5
2,Retinal vein occlusion,none,no_kg,llama3.1:405b,1,8,A,1,1.0,1,1,1,1,,kg,consistent,4.0,"Drug-8 has a clear mechanistic link to the disease through its target and pathway, making it a strong candidate.",0.625,2.5
2,Agitation associated with Alzheimer's dementia,none,no_kg,llama3.1:405b,0,8,F,6,0.16666666666666666,0,0,0,1,,kg,insufficient,2.0,"Drug-3 is connected to a pathway that might influence Alzheimer's dementia symptoms, but the evidence provided does not strongly support its application specifically for agitation.",0.625,2.25
2,Agitation associated with Alzheimer's dementia,none,no_kg,llama3.1:405b,1,8,D,4,0.25,0,0,1,1,,prior,conflicting,3.0,"Drug-3 has a potential mechanistic link to the target disease through its action on acetylcholine receptors, but this is conflicting with the knowledge graph evidence and requires further evaluation.",0.375,2.625
2,Heterozygous familial hypercholesterolemia,none,no_kg,llama3.1:405b,0,8,H,8,0.125,0,0,0,1,,prior,insufficient,1.0,"Prior pharmacological knowledge does not suggest a clear mechanistic link between Drug-7 and the disease, and the lack of evidence in the knowledge graph makes it difficult to assess its plausibility.",0.625,2.125
2,Heterozygous familial hypercholesterolemia,none,no_kg,llama3.1:405b,1,8,H,8,0.125,0,0,0,1,,prior,insufficient,1.0,I have insufficient knowledge to assess the potential efficacy of Drug-7 for this disease.,0.625,2.625
2,Acquired hypofibrinogenemia in cardiovascular surgery,none,no_kg,llama3.1:405b,0,8,D,5,0.2,0,0,1,1,,prior,insufficient,2.0,"There is no direct evidence for Drug-6, and its mechanism of action does not suggest a clear link to acquired hypofibrinogenemia.",0.375,2.25
2,Acquired hypofibrinogenemia in cardiovascular surgery,none,no_kg,llama3.1:405b,1,8,B,5,0.2,0,0,1,1,,kg,consistent,2.0,"The knowledge graph indicates that Drug-6 affects platelet aggregation, which may have some indirect benefits for hypofibrinogenemia.",0.625,2.0
2,Crohn's disease,none,no_kg,llama3.1:405b,0,8,H,7,0.14285714285714285,0,0,0,1,,prior,insufficient,1.0,"There is no evidence from the knowledge graph, and Drug-8's mechanism of action is not well understood in the context of Crohn's disease.",0.5,2.5
2,Crohn's disease,none,no_kg,llama3.1:405b,1,8,F,6,0.16666666666666666,0,0,0,1,,kg,consistent,2.0,"The knowledge graph reports a weak association between Drug-8 and Crohn's disease, consistent with prior knowledge of its limited efficacy.",0.5,2.25
2,COVID-19 updated strain,none,no_kg,llama3.1:405b,0,8,H,8,0.125,0,0,0,1,,prior,insufficient,1.0,"I have no prior knowledge about Drug-8, and no evidence is provided to support its effectiveness against COVID-19.",0.5,1.875
2,COVID-19 updated strain,none,no_kg,llama3.1:405b,1,8,H,8,0.125,0,0,0,1,,prior,insufficient,1.0,"With no provided evidence and no known antiviral properties, Drug-8 is the least promising candidate.",0.5,2.0
2,HoFH pediatric (EMA),none,no_kg,llama3.1:405b,0,8,C,2,0.5,0,1,1,1,,kg,consistent,3.0,"Drug-8 is linked to a relevant pathway in the knowledge graph, but its direct pharmacological action is less clear.",0.5,1.875
2,HoFH pediatric (EMA),none,no_kg,llama3.1:405b,1,8,B,1,1.0,1,1,1,1,,both,consistent,4.0,Drug-8 has a plausible mechanistic link to HoFH pediatric via the knowledge graph and aligns with my understanding of lipid-lowering therapies.,0.5,2.625
2,Primary mediastinal large B-cell lymphoma,none,no_kg,llama3.1:405b,0,8,F,6,0.16666666666666666,0,0,0,1,,prior,insufficient,2.0,Drug-7's mechanism doesn't clearly align with known pathways involved in B-cell lymphoma.,0.375,2.875
2,Primary mediastinal large B-cell lymphoma,none,no_kg,llama3.1:405b,1,8,F,8,0.125,0,0,0,1,,prior,insufficient,1.0,"Drug-7 lacks clear connections to lymphoma treatment mechanisms, making it the least plausible option based on available information.",0.5,1.875
2,TRD monotherapy,none,no_kg,llama3.1:405b,0,8,H,8,0.125,0,0,0,1,,prior,insufficient,1.0,"No clear mechanistic plausibility based on prior pharmacological knowledge, and no supporting evidence in the knowledge graph.",0.625,2.625
2,TRD monotherapy,none,no_kg,llama3.1:405b,1,8,A,1,1.0,1,1,1,1,,prior,insufficient,3.0,"Although no evidence is provided, Drug-5 has shown promise in similar disease areas.",0.375,2.5
2,Reduce MACE in CVD + obesity/overweight,none,no_kg,llama3.1:405b,0,8,E,3,0.3333333333333333,0,1,1,1,,prior,insufficient,2.0,"Although there is no direct evidence, Drug-7 has a similar mechanism of action to other drugs that have shown efficacy in reducing MACE.",0.625,1.875
2,Reduce MACE in CVD + obesity/overweight,none,no_kg,llama3.1:405b,1,8,F,6,0.16666666666666666,0,0,0,1,,prior,insufficient,1.0,"Drug-7's mechanism of action is unclear, making it difficult to assess its plausibility.",0.25,2.25
2,Allergic fungal rhinosinusitis (AFRS) ≥6yr,none,no_kg,llama3.1:405b,0,8,H,8,0.125,0,0,0,1,,prior,insufficient,1.0,"My pharmacological knowledge does not support Drug-8's potential for treating AFRS, and the lack of evidence from the knowledge graph makes it difficult to assess its mechanistic plausibility.",0.625,2.75
2,Allergic fungal rhinosinusitis (AFRS) ≥6yr,none,no_kg,llama3.1:405b,1,8,B,1,1.0,1,1,1,1,,both,consistent,4.0,"Drug-8 has a plausible mechanism of action against AFRS, supported by both the knowledge graph and prior knowledge of antifungal properties.",0.5,2.25
2,Measles prophylaxis post-exposure,none,no_kg,llama3.1:405b,0,8,E,3,0.3333333333333333,0,1,1,1,,prior,insufficient,3.0,"Although no direct evidence is provided, Drug-1 has been used in treating viral infections and may have some prophylactic effects against measles.",0.5,2.25
2,Measles prophylaxis post-exposure,none,no_kg,llama3.1:405b,1,8,A,1,1.0,1,1,1,1,,both,consistent,4.0,"Drug-1 has been shown to target a pathway involved in measles virus replication, and its antiviral properties are well-established.",0.375,2.25
2,Obstructive sleep apnea with obesity,none,no_kg,llama3.1:405b,0,8,G,7,0.14285714285714285,0,0,0,1,,prior,insufficient,2.0,"There is limited prior knowledge about Drug-8's potential for treating obstructive sleep apnea with obesity, and no direct evidence from the knowledge graph.",0.5,2.625
2,Obstructive sleep apnea with obesity,none,no_kg,llama3.1:405b,1,8,A,1,1.0,1,1,1,1,,both,consistent,4.0,"Drug-8 has been linked to targets involved in sleep regulation and obesity, with supporting evidence from the knowledge graph.",0.625,2.25
2,HER2+ solid tumors (tumor-agnostic),none,no_kg,llama3.1:405b,0,8,F,6,0.16666666666666666,0,0,0,1,,prior,insufficient,2.0,Drug-8 has no evidence from the knowledge graph and its pharmacological profile does not strongly suggest effectiveness for HER2+ tumors.,0.375,2.625
2,HER2+ solid tumors (tumor-agnostic),none,no_kg,llama3.1:405b,1,8,F,6,0.16666666666666666,0,0,0,1,,prior,insufficient,2.0,"Drug-8 has anti-proliferative effects, but I am uncertain about its mechanism in HER2+ tumors.",0.625,2.5
2,Heart failure (broadened),none,no_kg,llama3.1:405b,0,8,A,3,0.3333333333333333,0,1,1,1,,prior,insufficient,3.0,"Drug-8 has vasodilatory properties, which may be beneficial in heart failure, but lacks direct mechanistic evidence.",0.625,2.625
2,Heart failure (broadened),none,no_kg,llama3.1:405b,1,8,G,7,0.14285714285714285,0,0,0,1,,prior,insufficient,1.0,"No direct evidence available; prior knowledge does not suggest a clear mechanism for heart failure treatment, making it an uncertain candidate.",0.5,2.375
2,GVHD + pediatric,none,no_kg,llama3.1:405b,0,8,H,8,0.125,0,0,0,1,,prior,insufficient,1.0,"Lacking both knowledge graph evidence and strong prior knowledge, Drug-6's candidacy for GVHD + pediatric is uncertain.",0.5,2.5
2,GVHD + pediatric,none,no_kg,llama3.1:405b,1,8,F,4,0.25,0,0,1,1,,kg,consistent,3.0,"Drug-6 is linked to a pathway involved in inflammation, but the evidence is sparse and requires further investigation.",0.375,2.5
2,COVID-19 (expanded population),none,no_kg,llama3.1:405b,0,8,G,7,0.14285714285714285,0,0,0,1,,kg,consistent,2.0,"The knowledge graph indicates Drug-8 targets a protein involved in viral replication, but the evidence is sparse and not strongly supported by prior knowledge.",0.625,2.625
2,COVID-19 (expanded population),none,no_kg,llama3.1:405b,1,8,F,5,0.2,0,0,1,1,,kg,conflicting,2.0,"The knowledge-graph evidence for Drug-8 is conflicting, with some links suggesting potential efficacy and others indicating potential harm.",0.625,2.375
2,Delay T1D onset in children ≥1yr,none,no_kg,llama3.1:405b,0,8,B,4,0.25,0,0,1,1,,prior,insufficient,2.0,"I have some knowledge of Drug-6's pharmacology, but there is no clear connection to T1D delay.",0.625,2.375
2,Delay T1D onset in children ≥1yr,none,no_kg,llama3.1:405b,1,8,H,7,0.14285714285714285,0,0,0,1,,prior,insufficient,1.0,"Without evidence, Drug-6's effects on T1D prevention are uncertain, and its pharmacological properties do not suggest clear relevance.",0.625,2.0
2,BRAF+ thyroid cancer,none,no_kg,llama3.1:405b,0,8,F,6,0.16666666666666666,0,0,0,1,,prior,insufficient,1.0,"Drug-8 has no clear relation to BRAF or thyroid cancer, and its mechanism is not well understood in this context.",0.5,2.375
2,BRAF+ thyroid cancer,none,no_kg,llama3.1:405b,1,8,C,7,0.14285714285714285,0,0,0,1,,kg,insufficient,2.0,"Drug-8 has limited evidence supporting its use in BRAF+ thyroid cancer, and its mechanism of action is not directly linked to the disease.",0.625,3.0
2,Chronic kidney disease,none,no_kg,llama3.1:405b,0,8,B,4,0.25,0,0,1,1,,kg,conflicting,1.0,"The knowledge graph indicates Drug-6 interacting with a protein involved in kidney disease, but its mechanism of action raises concerns about potential nephrotoxicity.",0.625,2.0
2,Chronic kidney disease,none,no_kg,llama3.1:405b,1,8,D,4,0.25,0,0,1,1,,both,conflicting,3.0,"Although the knowledge graph suggests that Drug-6 targets a relevant pathway, its effect on blood pressure may worsen CKD.",0.625,2.75
2,IgG4-related disease,none,no_kg,llama3.1:405b,0,8,F,6,0.16666666666666666,0,0,0,1,,kg,insufficient,2.0,"The knowledge graph reports a weak link between Drug-8 and IgG4-related disease, but the evidence is sparse and inconclusive.",0.625,2.25
2,IgG4-related disease,none,no_kg,llama3.1:405b,1,8,F,6,0.16666666666666666,0,0,0,1,,prior,insufficient,1.0,No direct evidence or clear mechanistic link to IgG4-related disease is available for Drug-8.,0.625,2.0
2,Oral tablet formulation for weight management,none,no_kg,llama3.1:405b,0,8,A,1,1.0,1,1,1,1,,both,consistent,4.0,"Drug-8 shows strong mechanistic links to weight management via the knowledge graph, consistent with its known pharmacological effects on appetite regulation.",0.625,2.25
2,Oral tablet formulation for weight management,none,no_kg,llama3.1:405b,1,8,C,3,0.3333333333333333,0,1,1,1,,prior,insufficient,2.0,"Although no evidence is provided for Drug-8, my prior knowledge suggests it may have some effect on weight due to its structural similarity to known weight management drugs.",0.5,1.875
2,Follicular lymphoma,none,no_kg,llama3.1:405b,0,8,F,6,0.16666666666666666,0,0,0,1,,prior,insufficient,1.0,"With no evidence in the knowledge graph and limited prior knowledge, Drug-8's potential for treating follicular lymphoma is highly uncertain.",0.625,2.25
2,Follicular lymphoma,none,no_kg,llama3.1:405b,1,8,C,6,0.16666666666666666,0,0,0,1,,prior,insufficient,2.0,"Similar to Drug-1, Drug-8 lacks sufficient evidence in the graph, and its pharmacological profile does not strongly suggest a benefit for follicular lymphoma based on known mechanisms.",0.375,2.625
2,Palmoplantar pustulosis (PMDA),none,no_kg,llama3.1:405b,0,8,H,8,0.125,0,0,0,1,,prior,insufficient,1.0,There is no clear rationale for Drug-8's use in PMDA based on the information provided or prior knowledge.,0.625,2.625
2,Palmoplantar pustulosis (PMDA),none,no_kg,llama3.1:405b,1,8,A,1,1.0,1,1,1,1,,both,consistent,4.0,"Drug-8 has been linked to IL17A inhibition, a key cytokine in the pathogenesis of PMDA.",0.625,2.625
2,Acquired hypothalamic obesity,none,no_kg,llama3.1:405b,0,8,G,6,0.16666666666666666,0,0,0,1,,prior,insufficient,2.0,Drug-6's pharmacological profile does not suggest a clear link to obesity treatment.,0.375,2.25
2,Acquired hypothalamic obesity,none,no_kg,llama3.1:405b,1,8,G,7,0.14285714285714285,0,0,0,1,,both,conflicting,2.0,"Drug-6's action on serotonin receptors could influence appetite and weight; however, conflicting evidence raises questions about its efficacy in this specific condition.",0.625,2.25
2,Pheochromocytoma/paraganglioma,none,no_kg,llama3.1:405b,0,8,A,1,1.0,1,1,1,1,,both,consistent,4.0,Strong mechanistic link through the knowledge graph supported by known pharmacological action on related pathways.,0.5,2.375
2,Pheochromocytoma/paraganglioma,none,no_kg,llama3.1:405b,1,8,H,8,0.125,0,0,0,1,,prior,insufficient,1.0,"There is no direct evidence from the knowledge graph, and prior pharmacological knowledge does not suggest any potential activity for Drug-8 against Pheochromocytoma/paraganglioma.",0.625,2.625
2,IgE-mediated food allergy,none,no_kg,llama3.1:405b,0,8,A,1,1.0,1,1,1,1,,kg,consistent,3.0,"The knowledge graph indicates a plausible link from Drug-1 to the FcεR1 signaling pathway, which is involved in IgE-mediated responses.",0.375,2.375
2,IgE-mediated food allergy,none,no_kg,llama3.1:405b,1,8,A,1,1.0,1,1,1,1,,both,consistent,5.0,Strong evidence in the knowledge graph and established pharmacological mechanism against IgE-mediated food allergy.,0.625,2.625
2,Advanced RCC after PD-1/PD-L1 + VEGF-TKI,none,no_kg,llama3.1:405b,0,8,F,6,0.16666666666666666,0,0,0,1,,prior,insufficient,1.0,"Without specific evidence or clear pharmacological rationale, Drug-8's potential benefit for RCC is uncertain.",0.625,2.25
2,Advanced RCC after PD-1/PD-L1 + VEGF-TKI,none,no_kg,llama3.1:405b,1,8,A,1,1.0,1,1,1,1,,kg,consistent,4.0,"Drug-8 has strong mechanistic links to the disease via the knowledge graph, targeting relevant pathways.",0.625,2.25
2,COPD,none,no_kg,llama3.1:405b,0,8,F,5,0.2,0,0,1,1,,prior,insufficient,2.0,"Drug-8 has been studied for other respiratory diseases, but its relevance to COPD is uncertain.",0.375,2.125
2,COPD,none,no_kg,llama3.1:405b,1,8,C,2,0.5,0,1,1,1,,kg,consistent,4.0,The knowledge graph reports a clear association between Drug-8 and a key pathway involved in COPD progression.,0.375,2.375
2,mHSPC + ADT,none,no_kg,llama3.1:405b,0,8,E,5,0.2,0,0,1,1,,prior,insufficient,1.0,"There is no evidence in the knowledge graph for Drug-8, and prior knowledge does not strongly support its relevance to the disease pathway.",0.625,2.125
2,mHSPC + ADT,none,no_kg,llama3.1:405b,1,8,C,2,0.5,0,1,1,1,,kg,consistent,3.0,"The knowledge graph evidence supports Drug-8's potential efficacy via a specific target and pathway, although my prior knowledge of its pharmacology is limited.",0.625,1.875
2,COPD (EMA 2025),none,no_kg,llama3.1:405b,0,8,B,2,0.5,0,1,1,1,,kg,consistent,3.0,"The knowledge graph suggests a mechanistic link between Drug-8 and COPD, but the evidence is limited, and its pharmacological relevance is uncertain.",0.625,2.5
2,COPD (EMA 2025),none,no_kg,llama3.1:405b,1,8,G,5,0.2,0,0,1,1,,prior,insufficient,2.0,"Without explicit evidence, Drug-8 (G) was ranked based on limited pharmacological similarity to known COPD treatments, suggesting uncertain potential.",0.5,2.375
2,dMMR/MSI-H primary advanced endometrial cancer,none,no_kg,llama3.1:405b,0,8,C,6,0.16666666666666666,0,0,0,1,,kg,conflicting,2.0,"The knowledge graph suggests a link between Drug-8 and the MAPK pathway, but this conflicts with my prior knowledge of its mechanism of action.",0.375,2.5
2,dMMR/MSI-H primary advanced endometrial cancer,none,no_kg,llama3.1:405b,1,8,F,4,0.25,0,0,1,1,,kg,conflicting,3.0,"Drug-8 has some mechanistic links to the disease, but they conflict with prior knowledge of its pharmacological effects.",0.5,2.5
2,Generalized myasthenia gravis,none,no_kg,llama3.1:405b,0,8,C,2,0.5,0,1,1,1,,kg,consistent,4.0,"The knowledge graph reports a mechanistic link between Drug-8 and the disease pathway, although prior knowledge does not provide additional support.",0.625,2.5
2,Generalized myasthenia gravis,none,no_kg,llama3.1:405b,1,8,A,1,1.0,1,1,1,1,,both,consistent,4.0,"Drug-8 has a mechanistic link to the disease through its target, which is involved in the neuromuscular transmission pathway.",0.375,1.875
2,Urothelial carcinoma (expanded population),none,no_kg,llama3.1:405b,0,8,B,7,0.14285714285714285,0,0,0,1,,kg,conflicting,1.0,"The knowledge graph suggests a link between Drug-8 and urothelial carcinoma, but the evidence is weak and conflicting.",0.5,2.375
2,Urothelial carcinoma (expanded population),none,no_kg,llama3.1:405b,1,8,A,1,1.0,1,1,1,1,,both,consistent,4.0,Strong mechanistic link through known oncogenic pathways and Drug-8's inhibitory action on a key protein target.,0.625,2.625
2,Crohn's disease,none,no_kg,llama3.1:405b,0,8,D,8,0.125,0,0,0,1,,prior,insufficient,1.0,"There is limited information available on Drug-8, making it difficult to assess its mechanistic plausibility for treating Crohn's disease.",0.5,2.875
2,Crohn's disease,none,no_kg,llama3.1:405b,1,8,H,8,0.125,0,0,0,1,,prior,insufficient,1.0,No direct evidence in the knowledge graph and limited prior pharmacological rationale for its application to Crohn's disease.,0.375,2.375
2,RAS wild-type HER2+ metastatic colorectal cancer,none,no_kg,llama3.1:405b,0,8,F,6,0.16666666666666666,0,0,0,1,,kg,insufficient,1.0,The knowledge graph provides limited evidence for Drug-7's relevance to this cancer type.,0.5,1.875
2,RAS wild-type HER2+ metastatic colorectal cancer,none,no_kg,llama3.1:405b,1,8,F,6,0.16666666666666666,0,0,0,1,,kg,conflicting,1.0,"The knowledge graph suggests a mechanistic link between Drug-7 and RAS wild-type HER2+ metastatic colorectal cancer, but my prior knowledge indicates that this target is not well-established in this disease context and may even be contraindicated.",0.5,2.25
2,Atopic dermatitis,none,no_kg,llama3.1:405b,0,8,D,2,0.5,0,1,1,1,,both,consistent,4.0,"Drug-7 has knowledge-graph evidence linking it to atopic dermatitis via the IL-4 pathway, consistent with its known anti-inflammatory effects.",0.375,2.25
2,Atopic dermatitis,none,no_kg,llama3.1:405b,1,8,C,4,0.25,0,0,1,1,,kg,conflicting,2.0,"The knowledge graph links Drug-7 to the TNF-alpha pathway, which has a complex role in atopic dermatitis; however, this association is not strongly supported by prior knowledge.",0.625,1.875
2,dMMR recurrent/advanced endometrial cancer,none,no_kg,llama3.1:405b,0,8,B,1,1.0,1,1,1,1,,prior,insufficient,4.0,"Drug-8 has shown promise in preclinical studies for endometrial cancer, but its mechanism is unclear.",0.375,2.875
2,dMMR recurrent/advanced endometrial cancer,none,no_kg,llama3.1:405b,1,8,F,6,0.16666666666666666,0,0,0,1,,kg,consistent,3.0,"The knowledge graph reports that Drug-8 targets the VEGF pathway, which is involved in angiogenesis and has been implicated in endometrial cancer.",0.5,2.5
2,Polymyalgia rheumatica,none,no_kg,llama3.1:405b,0,8,F,7,0.14285714285714285,0,0,0,1,,prior,insufficient,1.0,Drug-8 has unclear pharmacological effects in relation to Polymyalgia rheumatica.,0.375,1.875
2,Polymyalgia rheumatica,none,no_kg,llama3.1:405b,1,8,E,5,0.2,0,0,1,1,,kg,conflicting,2.0,"Drug-8 has conflicting evidence in the knowledge graph regarding its target and pathway's relevance to the disease, making its potential efficacy uncertain.",0.5,2.25
2,Metastatic colorectal cancer,none,no_kg,llama3.1:405b,0,8,A,4,0.25,0,0,1,1,,prior,insufficient,2.0,"Although no evidence is provided, Drug-3 has been investigated as a potential anti-cancer agent in other contexts, suggesting some potential for efficacy.",0.5,2.25
2,Metastatic colorectal cancer,none,no_kg,llama3.1:405b,1,8,H,8,0.125,0,0,0,1,,prior,insufficient,1.0,"Lacking substantial evidence from the knowledge graph, Drug-3's potential efficacy against metastatic colorectal cancer is uncertain and relies on speculative extrapolation from general pharmacological properties.",0.625,2.625
2,Ulcerative colitis,none,no_kg,llama3.1:405b,0,8,B,6,0.16666666666666666,0,0,0,1,,prior,insufficient,2.0,"Similarly, Drug-8 lacks specific evidence and its known properties do not clearly align with ulcerative colitis treatment strategies.",0.375,2.25
2,Ulcerative colitis,none,no_kg,llama3.1:405b,1,8,C,2,0.5,0,1,1,1,,kg,consistent,4.0,"The knowledge graph indicates that Drug-8 targets the IL-1β pathway, which is known to contribute to ulcerative colitis pathogenesis.",0.625,2.25
2,MSI-H/dMMR solid tumors (full approval conversion),none,no_kg,llama3.1:405b,0,8,B,8,0.125,0,0,0,1,,both,conflicting,1.0,"The knowledge graph and prior research present conflicting evidence on the efficacy of Drug-4 in treating MSI-H/dMMR solid tumors, making it a less promising candidate.",0.625,2.25
2,MSI-H/dMMR solid tumors (full approval conversion),none,no_kg,llama3.1:405b,1,8,E,5,0.2,0,0,1,1,,both,consistent,3.0,"Drug-4 has been shown to target a pathway involved in MSI-H/dMMR solid tumors, but the evidence is not as strong as it is for other candidates, and its mechanism is only partially consistent with my prior knowledge.",0.625,2.5
2,Schnitzler syndrome (Japan),none,no_kg,llama3.1:405b,0,8,H,8,0.125,0,0,0,1,,prior,insufficient,1.0,"Drug-7's mechanism is unknown, and its chemical structure does not suggest an obvious connection to Schnitzler syndrome.",0.375,2.125
2,Schnitzler syndrome (Japan),none,no_kg,llama3.1:405b,1,8,F,6,0.16666666666666666,0,0,0,1,,kg,insufficient,2.0,"Drug-7's link to the MAPK pathway is reported, but the evidence is sparse and its relevance to Schnitzler syndrome is uncertain.",0.375,2.25
2,HR+/HER2- metastatic breast cancer,none,no_kg,llama3.1:405b,0,8,A,1,1.0,1,1,1,1,,both,consistent,4.0,"Drug-7 has strong mechanistic links to the disease via estrogen receptor signaling, supported by both knowledge-graph evidence and prior pharmacological knowledge.",0.625,2.375
2,HR+/HER2- metastatic breast cancer,none,no_kg,llama3.1:405b,1,8,G,6,0.16666666666666666,0,0,0,1,,prior,insufficient,1.0,Drug-7 has no clear connection to HR+/HER2- breast cancer or related pathways.,0.625,2.125
2,Giant cell arteritis,none,no_kg,llama3.1:405b,0,8,H,8,0.125,0,0,0,1,,prior,insufficient,1.0,There is no evidence or prior knowledge to support Drug-8 as a candidate for Giant cell arteritis.,0.375,2.25
2,Giant cell arteritis,none,no_kg,llama3.1:405b,1,8,H,8,0.125,0,0,0,1,,prior,insufficient,1.0,"Lacking any direct evidence or plausible pharmacological mechanism, this candidate is the least likely to be effective for Giant cell arteritis.",0.625,2.75
2,Neoadj+adj HNSCC,none,no_kg,llama3.1:405b,0,8,F,3,0.3333333333333333,0,1,1,1,,both,consistent,4.0,"Drug-5 has evidence in the knowledge graph supporting its potential efficacy, which is also supported by general pharmacological principles regarding its mechanism of action.",0.5,2.75
2,Neoadj+adj HNSCC,none,no_kg,llama3.1:405b,1,8,B,6,0.16666666666666666,0,0,0,1,,kg,conflicting,1.0,The knowledge graph evidence is conflicting and does not provide a clear mechanism for Drug-5's efficacy against HNSCC.,0.5,1.875
2,Psoriasis in children 6-11 (cream),none,no_kg,llama3.1:405b,0,8,G,7,0.14285714285714285,0,0,0,1,,kg,conflicting,2.0,"The knowledge graph suggests a mechanism, but it contradicts established pharmacological understanding.",0.625,3.0
2,Psoriasis in children 6-11 (cream),none,no_kg,llama3.1:405b,1,8,H,8,0.125,0,0,0,1,,prior,insufficient,1.0,"No clear mechanism for treating psoriasis, with potential risks based on known side effect profiles.",0.625,2.25
2,dMMR/MSI-H primary advanced endometrial cancer (+chemo),none,no_kg,llama3.1:405b,0,8,E,5,0.2,0,0,1,1,,prior,insufficient,3.0,Drug-8's mechanism suggests potential utility in treating endometrial cancer but lacks direct evidence.,0.5,3.0
2,dMMR/MSI-H primary advanced endometrial cancer (+chemo),none,no_kg,llama3.1:405b,1,8,C,5,0.2,0,0,1,1,,kg,consistent,3.0,Evidence suggests a plausible link to dMMR/MSI-H primary advanced endometrial cancer through its target and pathway.,0.75,2.75
2,Primary immunodeficiency pediatric (EMA),none,no_kg,llama3.1:405b,0,8,C,2,0.5,0,1,1,1,,both,consistent,4.0,Drug-1 has clear connections to relevant pathways and is known for its immunoenhancing properties.,0.5,2.5
2,Primary immunodeficiency pediatric (EMA),none,no_kg,llama3.1:405b,1,8,D,5,0.2,0,0,1,1,,prior,insufficient,1.0,"Without direct evidence, Drug-1's general anti-inflammatory properties make it a less specific candidate for primary immunodeficiency pediatric compared to others.",0.5,1.875
2,HR+/HER2- breast cancer,none,no_kg,llama3.1:405b,0,8,F,6,0.16666666666666666,0,0,0,1,,prior,insufficient,2.0,"Drug-8 has limited prior evidence, and the knowledge graph provides no supporting associations for its use in HR+/HER2- breast cancer.",0.625,2.875
2,HR+/HER2- breast cancer,none,no_kg,llama3.1:405b,1,8,F,6,0.16666666666666666,0,0,0,1,,kg,insufficient,1.0,"The knowledge graph provides limited information on Drug-8's mechanism, making it difficult to assess its plausibility.",0.5,2.25
2,Ulcerative colitis,none,no_kg,llama3.1:405b,0,8,F,6,0.16666666666666666,0,0,0,1,,kg,conflicting,2.0,"The knowledge graph evidence suggests a potential link, but prior knowledge indicates that Drug-6's mechanism may not be directly applicable to ulcerative colitis.",0.5,2.875
2,Ulcerative colitis,none,no_kg,llama3.1:405b,1,8,F,3,0.3333333333333333,0,1,1,1,,kg,consistent,3.0,"Although Drug-6 has limited prior evidence, the knowledge graph suggests a mechanistic link to a relevant pathway, making it a plausible candidate.",0.625,2.625
2,HER2-mutant NSCLC (PMDA),none,no_kg,llama3.1:405b,0,8,F,6,0.16666666666666666,0,0,0,1,,prior,insufficient,2.0,"No evidence is provided for Drug-8, and prior knowledge does not suggest a clear mechanism of action in NSCLC.",0.625,2.75
2,HER2-mutant NSCLC (PMDA),none,no_kg,llama3.1:405b,1,8,D,6,0.16666666666666666,0,0,0,1,,kg,consistent,1.0,"The knowledge graph shows a link, but it is weak and lacks additional supporting evidence or a strong pharmacological rationale.",0.5,1.875
2,Pediatric atopic dermatitis,none,no_kg,llama3.1:405b,0,8,F,6,0.16666666666666666,0,0,0,1,,prior,insufficient,2.0,"No evidence was provided, and prior knowledge does not strongly support the use of Drug-8 for atopic dermatitis.",0.625,2.625
2,Pediatric atopic dermatitis,none,no_kg,llama3.1:405b,1,8,B,8,0.125,0,0,0,1,,kg,conflicting,1.0,"The knowledge graph's evidence for Drug-8's interaction with the IL-13 pathway is contradictory and lacks clarity, making it the least plausible candidate.",0.625,2.375
2,HER2-mutant NSCLC (EMA),none,no_kg,llama3.1:405b,0,8,B,6,0.16666666666666666,0,0,0,1,,prior,insufficient,1.0,Drug-8 has no clear mechanism of action in NSCLC and no supporting evidence from the knowledge graph.,0.375,2.25
2,HER2-mutant NSCLC (EMA),none,no_kg,llama3.1:405b,1,8,D,6,0.16666666666666666,0,0,0,1,,kg,insufficient,1.0,The knowledge graph lacks sufficient information to assess Drug-8's efficacy for HER2-mutant NSCLC.,0.5,2.25
2,IV formulation for rheumatic diseases (EMA),none,no_kg,llama3.1:405b,0,8,H,8,0.125,0,0,0,1,,prior,insufficient,1.0,"No information is available on Drug-7's mechanism of action or potential relevance to rheumatic diseases, making it difficult to assess its plausibility.",0.5,2.5
2,IV formulation for rheumatic diseases (EMA),none,no_kg,llama3.1:405b,1,8,B,6,0.16666666666666666,0,0,0,1,,kg,conflicting,2.0,"The knowledge graph suggests a mechanistic link for Drug-7, but prior knowledge raises concerns about its specificity and potential off-target effects.",0.5,2.375
2,Resectable gastric/GEJ adenocarcinoma (neoadj+adj +FLOT),none,no_kg,llama3.1:405b,0,8,A,1,1.0,1,1,1,1,,both,consistent,4.0,"Drug-7 has strong evidence from the knowledge graph, targeting a key pathway in gastric adenocarcinoma, and its mechanism is consistent with prior knowledge of effective treatments.",0.5,2.75
2,Resectable gastric/GEJ adenocarcinoma (neoadj+adj +FLOT),none,no_kg,llama3.1:405b,1,8,B,2,0.5,0,1,1,1,,both,consistent,4.0,"Drug-7 has similar mechanistic links to Drug-6, with both graph evidence and prior knowledge supporting its potential efficacy.",0.5,2.5
2,Antibody-mediated rejection in organ transplantation,none,no_kg,llama3.1:405b,0,8,D,4,0.25,0,0,1,1,,both,conflicting,3.0,"While Drug-1 has been shown to inhibit a relevant pathway, its effects on the immune system are complex and may not be entirely beneficial in this context.",0.625,2.25
2,Antibody-mediated rejection in organ transplantation,none,no_kg,llama3.1:405b,1,8,H,8,0.125,0,0,0,1,,prior,insufficient,1.0,"Drug-1 has no discernible mechanistic rationale for treating this disease, either from prior knowledge or the provided evidence.",0.375,1.875
2,RET-fusion NSCLC (expanded),none,no_kg,llama3.1:405b,0,8,B,2,0.5,0,1,1,1,,kg,consistent,3.0,"The knowledge graph reports Drug-8's association with a related pathway, but its pharmacological relevance is less clear without additional context.",0.625,2.25
2,RET-fusion NSCLC (expanded),none,no_kg,llama3.1:405b,1,8,F,7,0.14285714285714285,0,0,0,1,,kg,insufficient,2.0,"The provided evidence for Drug-8 does not clearly support its efficacy in RET-fusion NSCLC, and additional information is needed.",0.625,2.875
2,EGPA,none,no_kg,llama3.1:405b,0,8,H,6,0.16666666666666666,0,0,0,1,,prior,insufficient,1.0,"Similar to Drug-4, I have limited knowledge about Drug-1's effects on EGPA, and the knowledge graph provides no evidence, making its potential efficacy uncertain.",0.5,1.875
2,EGPA,none,no_kg,llama3.1:405b,1,8,H,8,0.125,0,0,0,1,,prior,insufficient,1.0,"Drug-1 has no provided evidence and limited pharmacological knowledge, making its plausibility uncertain.",0.5,2.0
2,HR+/HER2- metastatic breast cancer,none,no_kg,llama3.1:405b,0,8,C,3,0.3333333333333333,0,1,1,1,,kg,consistent,3.0,"Drug-8 has some evidence for inhibiting the PI3K/AKT/mTOR pathway, although the exact mechanism is unclear.",0.375,2.25
2,HR+/HER2- metastatic breast cancer,none,no_kg,llama3.1:405b,1,8,B,4,0.25,0,0,1,1,,kg,conflicting,3.0,"The knowledge graph indicates a link (Drug-8 -> HER2 -> HER2 signaling pathway), but this conflicts with my understanding that HER2-targeting therapies are less effective in HR+/HER2- breast cancer.",0.5,3.0
2,Primary humoral immunodeficiency pediatric 2-11yr,none,no_kg,llama3.1:405b,0,8,G,7,0.14285714285714285,0,0,0,1,,prior,insufficient,1.0,"Without knowledge graph evidence, Drug-1's properties do not clearly suggest a mechanistic connection to primary humoral immunodeficiency.",0.5,1.875
2,Primary humoral immunodeficiency pediatric 2-11yr,none,no_kg,llama3.1:405b,1,8,H,8,0.125,0,0,0,1,,prior,insufficient,1.0,"Drug-1 shows the weakest rationale, with neither knowledge graph support nor known mechanisms suggesting efficacy against primary humoral immunodeficiency.",0.375,2.25
2,Pediatric glioma (EMA),none,no_kg,llama3.1:405b,0,8,E,3,0.3333333333333333,0,1,1,1,,prior,insufficient,2.0,"Based on my pharmacological knowledge, Drug-3 has some properties that may be relevant to pediatric glioma, but there is no direct evidence.",0.625,1.875
2,Pediatric glioma (EMA),none,no_kg,llama3.1:405b,1,8,B,5,0.2,0,0,1,1,,kg,consistent,2.0,"The knowledge graph reports a weak link between Drug-3 and pediatric glioma, which aligns with my limited understanding of its pharmacological action.",0.625,2.25
2,Juvenile idiopathic arthritis (EMA Feb 2026),none,no_kg,llama3.1:405b,0,8,A,1,1.0,1,1,1,1,,both,consistent,4.0,"Drug-8 has a strong mechanistic link to JIA via inhibition of IL-6 signaling, supported by both knowledge-graph evidence and prior pharmacological knowledge.",0.5,2.375
2,Juvenile idiopathic arthritis (EMA Feb 2026),none,no_kg,llama3.1:405b,1,8,B,2,0.5,0,1,1,1,,kg,consistent,4.0,"The knowledge graph shows a clear mechanistic link between Drug-8 and the disease, involving well-established targets and pathways.",0.625,2.75
2,Ph+ CML-CP after 2+ TKIs,none,no_kg,llama3.1:405b,0,8,B,2,0.5,0,1,1,1,,kg,consistent,3.0,"The knowledge graph indicates that Drug-8 targets a protein involved in the BCR-ABL signaling pathway, which is critical in Ph+ CML-CP.",0.625,2.5
2,Ph+ CML-CP after 2+ TKIs,none,no_kg,llama3.1:405b,1,8,D,4,0.25,0,0,1,1,,prior,insufficient,3.0,"Prior knowledge of Drug-8's mechanism suggests some potential for treating Ph+ CML-CP, but the lack of evidence in the knowledge graph reduces confidence.",0.625,2.625
2,KRAS G12C+ mCRC,none,no_kg,llama3.1:405b,0,8,A,1,1.0,1,1,1,1,,both,consistent,4.0,"Drug-8 has a direct mechanistic link to KRAS G12C+ mCRC through its inhibition of the MEK pathway, which is consistent with my knowledge of its pharmacological action.",0.625,2.375
2,KRAS G12C+ mCRC,none,no_kg,llama3.1:405b,1,8,F,6,0.16666666666666666,0,0,0,1,,prior,insufficient,1.0,"I have limited prior knowledge about Drug-8, and there is no evidence in the knowledge graph to support its use for KRAS G12C+ mCRC.",0.625,2.125
2,HR+/HER2- early breast cancer (adjuvant),none,no_kg,llama3.1:405b,0,8,B,4,0.25,0,0,1,1,,both,conflicting,3.0,"Drug-6's evidence in the knowledge graph is somewhat conflicting with my prior understanding of its mechanism, raising questions about its efficacy for this specific disease.",0.5,2.625
2,HR+/HER2- early breast cancer (adjuvant),none,no_kg,llama3.1:405b,1,8,E,6,0.16666666666666666,0,0,0,1,,kg,consistent,2.0,"The knowledge graph indicates that Drug-6 targets a relevant pathway, but the evidence is limited and more research is needed to confirm its potential.",0.5,2.5
2,First-line anemia in lower-risk MDS,none,no_kg,llama3.1:405b,0,8,A,2,0.5,0,1,1,1,,kg,consistent,4.0,"Drug-7 is linked to a key target in the disease pathway, although the connection is less direct than with Drug-1.",0.625,2.75
2,First-line anemia in lower-risk MDS,none,no_kg,llama3.1:405b,1,8,C,3,0.3333333333333333,0,1,1,1,,prior,insufficient,2.0,"Drug-7 has been used to treat other forms of anemia, but its mechanism is not well understood and may not be directly applicable to MDS.",0.5,2.0
2,Follicular lymphoma (+obinutuzumab),none,no_kg,llama3.1:405b,0,8,B,2,0.5,0,1,1,1,,prior,insufficient,3.0,"Drug-8 has a mechanism of action that could potentially be effective against follicular lymphoma, but more research is needed.",0.125,2.125
2,Follicular lymphoma (+obinutuzumab),none,no_kg,llama3.1:405b,1,8,A,1,1.0,1,1,1,1,,both,consistent,4.0,"Drug-8 has strong evidence in the knowledge graph, targeting a relevant pathway for follicular lymphoma, and my prior knowledge confirms its potential efficacy.",0.375,2.375
2,1L biliary tract cancer (+gemcitabine+cisplatin),none,no_kg,llama3.1:405b,0,8,D,4,0.25,0,0,1,1,,prior,insufficient,3.0,"While the knowledge graph does not provide evidence for Drug-6, my prior knowledge suggests it may have some mechanistic relevance to the disease, albeit with lower confidence.",0.75,2.5
2,1L biliary tract cancer (+gemcitabine+cisplatin),none,no_kg,llama3.1:405b,1,8,G,6,0.16666666666666666,0,0,0,1,,kg,insufficient,1.0,Drug-6 has limited evidence in the knowledge graph and lacks substantial prior support for its efficacy in this context.,0.625,2.125
2,"ALK+ solid tumors (tissue-agnostic, world-first)",none,no_kg,llama3.1:405b,0,8,F,6,0.16666666666666666,0,0,0,1,,kg,insufficient,1.0,The knowledge graph does not provide sufficient evidence to assess Drug-8's mechanistic plausibility for ALK+ tumors.,0.5,1.875
2,"ALK+ solid tumors (tissue-agnostic, world-first)",none,no_kg,llama3.1:405b,1,8,F,6,0.16666666666666666,0,0,0,1,,prior,insufficient,1.0,There is limited information on Drug-8's effectiveness in treating ALK+ solid tumors.,0.375,1.875
2,Pediatric BRAF V600E low-grade glioma,none,no_kg,llama3.1:405b,0,8,D,6,0.16666666666666666,0,0,0,1,,prior,insufficient,2.0,"Drug-5 has some evidence of anti-tumor activity in other cancers, but its mechanism is unclear and may not be directly relevant to this disease.",0.375,2.375
2,Pediatric BRAF V600E low-grade glioma,none,no_kg,llama3.1:405b,1,8,G,4,0.25,0,0,1,1,,kg,consistent,3.0,"While the knowledge graph indicates a pathway connection, its relevance to BRAF V600E glioma is less clear.",0.75,3.0
2,Platinum-resistant ovarian carcinoma (PD-L1+ CPS≥1),none,no_kg,llama3.1:405b,0,8,D,5,0.2,0,0,1,1,,prior,insufficient,3.0,Drug-8 has shown some promise in preclinical studies for ovarian cancer but lacks clear evidence linking it to PD-L1+ CPS≥1.,0.5,3.0
2,Platinum-resistant ovarian carcinoma (PD-L1+ CPS≥1),none,no_kg,llama3.1:405b,1,8,A,1,1.0,1,1,1,1,,both,consistent,4.0,"Drug-8 has strong evidence from the knowledge graph, targeting a pathway associated with PD-L1 expression and ovarian carcinoma, consistent with prior knowledge of immunotherapy effectiveness in this setting.",0.625,2.25
2,Ph+ CML-CP frontline (EMA Feb 2026),none,no_kg,llama3.1:405b,0,8,E,7,0.14285714285714285,0,0,0,1,,prior,insufficient,1.0,No clear mechanism of action relevant to CML-CP.,0.625,2.25
2,Ph+ CML-CP frontline (EMA Feb 2026),none,no_kg,llama3.1:405b,1,8,D,5,0.2,0,0,1,1,,prior,insufficient,2.0,"For Drug-8, there's limited direct mechanistic evidence from the graph or known pharmacology making its assessment somewhat speculative.",0.375,2.625
2,Gastric/GEJ adenocarcinoma,none,no_kg,llama3.1:405b,0,8,B,5,0.2,0,0,1,1,,prior,insufficient,2.0,"Drug-8 has been shown to have anti-inflammatory effects, but its relevance to gastric/GEJ adenocarcinoma is uncertain.",0.375,2.5
2,Gastric/GEJ adenocarcinoma,none,no_kg,llama3.1:405b,1,8,E,6,0.16666666666666666,0,0,0,1,,kg,insufficient,1.0,There is limited evidence linking Drug-8 to Gastric/GEJ adenocarcinoma.,0.625,2.25
2,Chronic lymphocytic leukemia,none,no_kg,llama3.1:405b,0,8,E,3,0.3333333333333333,0,1,1,1,,prior,insufficient,4.0,"Although the knowledge graph lacks evidence for Drug-8 in CLL, my pharmacological knowledge suggests it could plausibly affect relevant pathways.",0.5,3.0
2,Chronic lymphocytic leukemia,none,no_kg,llama3.1:405b,1,8,B,1,1.0,1,1,1,1,,both,consistent,4.0,Drug-8 has some evidence from the knowledge graph and is consistent with my prior knowledge of its mechanism.,0.5,2.75
2,HER2+ early-stage BC (neoadjuvant + adjuvant),none,no_kg,llama3.1:405b,0,8,C,3,0.3333333333333333,0,1,1,1,,prior,insufficient,3.0,"Drug-8 has some prior evidence of anti-cancer activity, but its mechanism is unclear and not directly related to HER2+ breast cancer.",0.625,2.875
2,HER2+ early-stage BC (neoadjuvant + adjuvant),none,no_kg,llama3.1:405b,1,8,H,8,0.125,0,0,0,1,,prior,insufficient,1.0,"With no graph evidence and limited prior knowledge of Drug-8's mechanism in this context, its plausibility is uncertain.",0.625,2.75
2,HR+/HER2-low breast cancer,none,no_kg,llama3.1:405b,0,8,C,3,0.3333333333333333,0,1,1,1,,prior,insufficient,3.0,"Drug-8 has been shown to have anti-proliferative effects in breast cancer cell lines, but the knowledge graph does not provide any evidence for its mechanistic link to HR+/HER2-low breast cancer.",0.625,2.25
2,HR+/HER2-low breast cancer,none,no_kg,llama3.1:405b,1,8,F,4,0.25,0,0,1,1,,kg,conflicting,1.0,"The knowledge graph reports a mechanistic link between Drug-8 and HR+/HER2-low breast cancer through the MAPK pathway, but this conflicts with my prior knowledge of the disease biology, making it less plausible.",0.375,1.75
2,"Pediatric low-grade glioma (+dabrafenib, BRAF V600E)",none,no_kg,llama3.1:405b,0,8,G,7,0.14285714285714285,0,0,0,1,,prior,insufficient,1.0,"No knowledge graph evidence was provided for Drug-7, and its pharmacological properties do not suggest a clear connection to the target disease.",0.625,1.875
2,"Pediatric low-grade glioma (+dabrafenib, BRAF V600E)",none,no_kg,llama3.1:405b,1,8,A,1,1.0,1,1,1,1,,both,consistent,4.0,"Drug-7 shows promising alignment with known pathways for glioma treatment, specifically targeting BRAF V600E.",0.5,2.375
2,Unresectable thymic carcinoma (PMDA),none,no_kg,llama3.1:405b,0,8,E,3,0.3333333333333333,0,1,1,1,,both,consistent,3.0,"Drug-7's anti-proliferative effects on cancer cells, combined with its link to the MAPK pathway, make it a reasonable candidate.",0.375,2.125
2,Unresectable thymic carcinoma (PMDA),none,no_kg,llama3.1:405b,1,8,A,1,1.0,1,1,1,1,,both,consistent,5.0,"Strong mechanistic link through the PI3K/AKT pathway, known to be involved in thymic carcinoma.",0.5,2.375
2,BRAF+ thyroid cancer,none,no_kg,llama3.1:405b,0,8,H,7,0.14285714285714285,0,0,0,1,,prior,insufficient,1.0,"No evidence was provided, and prior knowledge does not suggest a clear mechanism for Drug-7 in treating BRAF+ thyroid cancer.",0.625,2.375
2,BRAF+ thyroid cancer,none,no_kg,llama3.1:405b,1,8,F,7,0.14285714285714285,0,0,0,1,,prior,insufficient,2.0,"Drug-7 has been studied in other contexts, but its mechanism of action and efficacy in BRAF+ thyroid cancer are unclear.",0.625,2.625
2,IDH1-mutated relapsed/refractory MDS,none,no_kg,llama3.1:405b,0,8,G,6,0.16666666666666666,0,0,0,1,,kg,conflicting,2.0,"Drug-8 has been linked to the treatment of MDS, but the evidence is conflicting and its mechanism of action is unclear.",0.5,2.5
2,IDH1-mutated relapsed/refractory MDS,none,no_kg,llama3.1:405b,1,8,C,2,0.5,0,1,1,1,,kg,consistent,3.0,"The knowledge graph indicates that Drug-8 targets a protein involved in the IDH1 pathway, suggesting potential efficacy.",0.375,1.875
2,Biliary tract cancer,none,no_kg,llama3.1:405b,0,8,D,5,0.2,0,0,1,1,,kg,consistent,2.0,"While the knowledge graph supports a mechanistic link between Drug-8 and biliary tract cancer, its therapeutic relevance is uncertain due to limited prior evidence.",0.625,2.375
2,Biliary tract cancer,none,no_kg,llama3.1:405b,1,8,B,2,0.5,0,1,1,1,,kg,consistent,4.0,"Drug-8 is associated with inhibition of EGFR, a known target in Biliary tract cancer.",0.25,2.625
2,"mCRC BRAF V600E (traditional approval, was accelerated)",none,no_kg,llama3.1:405b,0,8,D,6,0.16666666666666666,0,0,0,1,,prior,insufficient,2.0,"There is no evidence in the knowledge graph, and my prior knowledge does not suggest a strong link between Drug-7 and mCRC BRAF V600E.",0.625,2.375
2,"mCRC BRAF V600E (traditional approval, was accelerated)",none,no_kg,llama3.1:405b,1,8,H,8,0.125,0,0,0,1,,prior,insufficient,1.0,No information is available on Drug-7's mechanism of action or potential efficacy in mCRC BRAF V600E.,0.5,2.25
2,Gastric/GEJ adenocarcinoma (1L +chemo),none,no_kg,llama3.1:405b,0,8,A,1,1.0,1,1,1,1,,both,consistent,4.0,"Drug-6 has strong evidence from the knowledge graph, targeting a key pathway in gastric adenocarcinoma, and is consistent with prior knowledge of its pharmacological action.",0.625,2.5
2,Gastric/GEJ adenocarcinoma (1L +chemo),none,no_kg,llama3.1:405b,1,8,F,6,0.16666666666666666,0,0,0,1,,prior,insufficient,2.0,"Mechanism suggests potential off-target effects, making it less favorable without direct evidence for this disease.",0.5,2.5
2,Chorea associated with Huntington's disease,primekg,kg,llama3.1:405b,0,8,E,7,0.14285714285714285,0,0,0,1,,kg,insufficient,1.0,"Drug-8 targets CYP3A5, CYP2D6, and CYP3A4, but the relationships between these targets and chorea are unclear.",0.875,1.875
2,Chorea associated with Huntington's disease,primekg,kg,llama3.1:405b,1,8,B,6,0.16666666666666666,0,0,0,1,,prior,insufficient,1.0,"Drug-8 targets CYP enzymes, but there is no clear link to the treatment of chorea associated with Huntington's disease.",0.25,2.25
2,Chronic thromboembolic pulmonary hypertension,primekg,kg,llama3.1:405b,0,8,C,2,0.5,0,1,1,1,,kg,consistent,2.0,"Drug-7 targets F10, which is associated with coagulation and thrombosis, potentially relevant to chronic thromboembolic pulmonary hypertension.",0.5,1.5
2,Chronic thromboembolic pulmonary hypertension,primekg,kg,llama3.1:405b,1,8,C,1,1.0,1,1,1,1,,prior,insufficient,4.0,"Drug-7 targets F10, which is involved in coagulation and thrombosis, making it a plausible candidate for Chronic thromboembolic pulmonary hypertension treatment.",0.0,2.25
2,Indolent systemic mastocytosis,primekg,kg,llama3.1:405b,0,8,C,1,1.0,1,1,1,1,,both,consistent,4.0,"Drug-8 targets KIT, a gene associated with indolent systemic mastocytosis.",0.25,1.875
2,Indolent systemic mastocytosis,primekg,kg,llama3.1:405b,1,8,E,1,1.0,1,1,1,1,,both,consistent,4.0,"Drug-8 targets KIT, a gene associated with indolent systemic mastocytosis.",0.25,2.25
2,EGPA (expanded),primekg,kg,llama3.1:405b,0,8,D,1,1.0,1,1,1,1,,both,consistent,4.0,"Drug-8 targets IL5RA and FCGR3A, which are relevant to immune system regulation and potentially to EGPA's autoimmune aspects.",0.125,2.375
2,EGPA (expanded),primekg,kg,llama3.1:405b,1,8,D,1,1.0,1,1,1,1,,both,consistent,4.0,"Drug-8 targets IL5RA, which is related to immune system disease and could be relevant for EGPA treatment.",0.625,1.875
2,Invasive fungal infections pediatric ≥2yr,primekg,kg,llama3.1:405b,0,8,A,1,1.0,1,1,1,1,,prior,insufficient,2.0,"Drug-4 targets ABCB1 and CYP3A4, which are not directly related to fungal infections, but may have some indirect effects.",0.25,1.75
2,Invasive fungal infections pediatric ≥2yr,primekg,kg,llama3.1:405b,1,8,D,1,1.0,1,1,1,1,,prior,insufficient,2.0,"Drug-4 is ranked highest due to its targeting of ABCB1, which may have implications for antifungal resistance and drug interactions, but the confidence is low due to limited direct evidence.",0.25,1.5
2,PKU expanded to ≥12yr,primekg,kg,llama3.1:405b,0,8,C,2,0.5,0,1,1,1,,prior,insufficient,2.0,"No information is provided for Drug-8, making it uncertain but potentially better than those with clear mismatches.",0.75,1.75
2,PKU expanded to ≥12yr,primekg,kg,llama3.1:405b,1,8,D,3,0.3333333333333333,0,1,1,1,,prior,insufficient,1.0,"No information was provided about Drug-8, making it impossible to assess its mechanistic plausibility for treating PKU.",0.625,2.125
2,Nephrotic syndrome,primekg,kg,llama3.1:405b,0,8,A,8,0.125,0,0,0,1,,prior,insufficient,1.0,"Drug-1 targets MS4A1, but there is no clear connection between this target and Nephrotic syndrome.",0.75,2.25
2,Nephrotic syndrome,primekg,kg,llama3.1:405b,1,8,B,7,0.14285714285714285,0,0,0,1,,kg,insufficient,1.0,"Drug-1 targets MS4A1, but without clear relevance to kidney function or nephrotic syndrome.",0.875,1.875
2,HR+/HER2- node-positive high-risk early breast cancer,primekg,kg,llama3.1:405b,0,8,C,1,1.0,1,1,1,1,,both,consistent,4.0,"Drug-7's multiple targets, including CDK6, which is involved in cell cycle regulation and often implicated in cancer, make it a plausible candidate for treating HR+/HER2- node-positive high-risk early breast cancer.",0.625,2.125
2,HR+/HER2- node-positive high-risk early breast cancer,primekg,kg,llama3.1:405b,1,8,H,1,1.0,1,1,1,1,,both,consistent,4.0,"Drug-7 targets CDK6, which is involved in cell cycle regulation and has been implicated in breast cancer.",0.125,1.75
2,Retinopathy of prematurity,primekg,kg,llama3.1:405b,0,8,F,1,1.0,1,1,1,1,,both,consistent,4.0,"Drug-7 targets VEGFA, which is involved in angiogenesis and relevant to retinal diseases, including Retinopathy of prematurity.",0.5,1.875
2,Retinopathy of prematurity,primekg,kg,llama3.1:405b,1,8,C,1,1.0,1,1,1,1,,prior,insufficient,4.0,"Drug-7 targets VEGFA, which is a key player in angiogenesis and has been implicated in retinal diseases, including Retinopathy of prematurity.",0.0,2.25
2,Agitation associated with Alzheimer's dementia,primekg,kg,llama3.1:405b,0,8,G,2,0.5,0,1,1,1,,both,consistent,4.0,"Drug-6 targets adrenergic, serotonin, and dopamine receptors, which play roles in mood regulation and may affect agitation.",0.25,2.0
2,Agitation associated with Alzheimer's dementia,primekg,kg,llama3.1:405b,1,8,B,1,1.0,1,1,1,1,,both,consistent,4.0,"Drug-6 targets multiple receptors (ADRA1B, HTR1A, ADRA2C, HTR2A, DRD2) that could plausibly influence agitation in Alzheimer's dementia through modulation of neurotransmitter systems.",0.25,2.875
2,LDL-C elevation in statin-intolerant dyslipidemia,primekg,kg,llama3.1:405b,0,8,A,7,0.14285714285714285,0,0,0,1,,prior,insufficient,1.0,"No information is available for Drug-8, making it impossible to assess its mechanistic plausibility.",0.5,2.5
2,LDL-C elevation in statin-intolerant dyslipidemia,primekg,kg,llama3.1:405b,1,8,D,1,1.0,1,1,1,1,,prior,insufficient,2.0,"No information provided in the knowledge graph, making it impossible to assess its relevance without additional context.",0.5,2.625
2,First-line anemia in lower-risk MDS,primekg,kg,llama3.1:405b,0,8,F,7,0.14285714285714285,0,0,0,1,,prior,insufficient,1.0,"No information is provided for Drug-8, making it impossible to assess its plausibility.",0.125,1.5
2,First-line anemia in lower-risk MDS,primekg,kg,llama3.1:405b,1,8,C,8,0.125,0,0,0,1,,prior,insufficient,1.0,"No information was provided for Drug-8, making it impossible to assess its mechanistic plausibility.",0.0,1.375
2,"Crohn's disease (moderate-severe, refractory)",primekg,kg,llama3.1:405b,0,8,E,1,1.0,1,1,1,1,,both,consistent,4.0,"Drug-7 targets IL23A, which is closely related to IL23R, a gene associated with Crohn's disease.",0.25,2.0
2,"Crohn's disease (moderate-severe, refractory)",primekg,kg,llama3.1:405b,1,8,D,1,1.0,1,1,1,1,,kg,consistent,4.0,"Drug-7 targets IL23A, which is associated with Crohn's disease, making it a plausible candidate.",0.25,2.0
2,COVID-19 in severe renal impairment/dialysis,primekg,kg,llama3.1:405b,0,8,B,4,0.25,0,0,1,1,,prior,insufficient,2.0,"Drug-8 targets transporters (SLC10A1, ABCC4) that could potentially affect antiviral drug pharmacokinetics but lacks clear mechanistic links to COVID-19.",0.25,2.125
2,COVID-19 in severe renal impairment/dialysis,primekg,kg,llama3.1:405b,1,8,A,4,0.25,0,0,1,1,,kg,insufficient,2.0,"Drug-8 targets several transporters, but the knowledge graph lacks direct connections to COVID-19 or SARS-CoV-2 mechanisms.",1.0,1.875
2,MASH with fibrosis,primekg,kg,llama3.1:405b,0,8,H,1,1.0,1,1,1,1,,both,consistent,4.0,"Drug-8 targets GLP1R, which is relevant to fatty liver disease and potentially impacts fibrosis.",0.75,2.875
2,MASH with fibrosis,primekg,kg,llama3.1:405b,1,8,G,1,1.0,1,1,1,1,,both,consistent,4.0,"Drug-8 targets GLP1R and DPP4, which are relevant to metabolic conditions associated with MASH and fibrosis.",0.375,2.25
2,Pancreatic NET,primekg,kg,llama3.1:405b,0,8,D,1,1.0,1,1,1,1,,both,consistent,4.0,"Drug-8 targets RET, a receptor tyrosine kinase implicated in neuroendocrine tumors, suggesting potential efficacy against Pancreatic NET.",0.375,2.125
2,Pancreatic NET,primekg,kg,llama3.1:405b,1,8,H,1,1.0,1,1,1,1,,both,consistent,4.0,"Drug-8 targets RET, which is a known oncogene in pancreatic cancer, and also targets KDR, involved in angiogenesis.",0.75,2.125
2,Retinal vein occlusion,primekg,kg,llama3.1:405b,0,8,G,1,1.0,1,1,1,1,,both,consistent,5.0,"Directly targets VEGFA, which is associated with Retinal vein occlusion.",0.125,2.0
2,Retinal vein occlusion,primekg,kg,llama3.1:405b,1,8,D,1,1.0,1,1,1,1,,both,consistent,5.0,"Drug-8 targets VEGFA, a gene associated with retinal vein occlusion, making it a strong candidate.",0.125,2.0
2,Cerebral folate transport deficiency,primekg,kg,llama3.1:405b,0,8,H,6,0.16666666666666666,0,0,0,1,,kg,consistent,3.0,"Drug-1 targets LARS1, SLC16A10, and other genes related to amino acid metabolism, which may be tangentially relevant to cerebral folate transport deficiency.",0.625,2.875
2,Cerebral folate transport deficiency,primekg,kg,llama3.1:405b,1,8,E,1,1.0,1,1,1,1,,both,consistent,4.0,"Drug-6 targets GPX1, an enzyme involved in oxidative stress reduction, which might indirectly benefit conditions related to neurodegenerative disorders.",0.75,2.125
2,ILD-associated pulmonary hypertension,primekg,kg,llama3.1:405b,0,8,C,1,1.0,1,1,1,1,,both,consistent,3.0,"Drug-3's target PTGIR is related to prostacyclin signaling, which has a potential role in pulmonary hypertension.",0.5,1.5
2,ILD-associated pulmonary hypertension,primekg,kg,llama3.1:405b,1,8,F,1,1.0,1,1,1,1,,both,consistent,4.0,"Drug-3 targets PTGIR, which is involved in the prostacyclin pathway that plays a role in pulmonary hypertension.",0.375,2.0
2,Indolent systemic mastocytosis (EMA),primekg,kg,llama3.1:405b,0,8,A,1,1.0,1,1,1,1,,both,consistent,4.0,"Drug-8 targets KIT, a gene associated with indolent systemic mastocytosis.",0.125,1.375
2,Indolent systemic mastocytosis (EMA),primekg,kg,llama3.1:405b,1,8,C,1,1.0,1,1,1,1,,both,consistent,4.0,"Drug-8 targets KIT, a gene associated with the disease, suggesting a direct mechanistic link.",0.125,2.375
2,CRSwNP (eosinophilic chronic rhinosinusitis with nasal polyps),primekg,kg,llama3.1:405b,0,8,C,7,0.14285714285714285,0,0,0,1,,prior,insufficient,1.0,"No information was provided about Drug-8, making it difficult to assess its mechanistic plausibility.",0.5,2.0
2,CRSwNP (eosinophilic chronic rhinosinusitis with nasal polyps),primekg,kg,llama3.1:405b,1,8,F,7,0.14285714285714285,0,0,0,1,,prior,insufficient,1.0,"No information was provided about Drug-8, making it impossible to assess its potential for treating CRSwNP.",0.125,1.875
2,Chronic hepatitis B (pediatric),primekg,kg,llama3.1:405b,0,8,G,8,0.125,0,0,0,1,,kg,insufficient,2.0,"Drug-8 targets several genes, including CES1 and SLCO1B3, but their connection to chronic hepatitis B is unclear.",0.625,1.875
2,Chronic hepatitis B (pediatric),primekg,kg,llama3.1:405b,1,8,D,6,0.16666666666666666,0,0,0,1,,kg,conflicting,2.0,"Drug-8 targets CES1, SLCO1B3, and other enzymes involved in drug metabolism, but their relevance to hepatitis B treatment is unclear.",0.375,2.0
2,HoFH in children,primekg,kg,llama3.1:405b,0,8,F,7,0.14285714285714285,0,0,0,1,,prior,insufficient,1.0,"No information is available for Drug-8, making its assessment uncertain.",0.25,2.0
2,HoFH in children,primekg,kg,llama3.1:405b,1,8,D,7,0.14285714285714285,0,0,0,1,,prior,insufficient,1.0,"No evidence was provided for Drug-8, making it impossible to assess its potential.",0.375,2.25
2,Biliary tract cancer 1L,primekg,kg,llama3.1:405b,0,8,B,1,1.0,1,1,1,1,,kg,consistent,3.0,"Drug-8 targets CD274, which is not directly associated with Biliary tract cancer 1L in the provided evidence, but its involvement in immune regulation suggests potential utility in cancer treatment.",0.125,2.125
2,Biliary tract cancer 1L,primekg,kg,llama3.1:405b,1,8,G,1,1.0,1,1,1,1,,kg,consistent,4.0,"Drug-8 targets CD274, which is a relevant immune checkpoint molecule in cancer treatment, and its association with Biliary tract cancer 1L is plausible.",0.5,2.0
2,Diabetic retinopathy/DME (EMA Mar+May 2026),primekg,kg,llama3.1:405b,0,8,D,1,1.0,1,1,1,1,,both,consistent,5.0,"Drug-8 targets ANGPT2 and VEGFA, which are directly involved in angiogenesis and vascular permeability, key processes in diabetic retinopathy/DME.",0.25,2.5
2,Diabetic retinopathy/DME (EMA Mar+May 2026),primekg,kg,llama3.1:405b,1,8,H,1,1.0,1,1,1,1,,both,consistent,4.0,"Drug-8 targets ANGPT2 and VEGFA, both of which are involved in angiogenesis and vascular permeability, making it a plausible candidate for treating Diabetic retinopathy/DME.",0.25,1.875
2,Spinal muscular atrophy (pediatric expansion),primekg,kg,llama3.1:405b,0,8,G,5,0.2,0,0,1,1,,prior,insufficient,1.0,Drug-8 targets several CYP enzymes and transporters but lacks clear relevance to SMA.,0.0,1.125
2,Spinal muscular atrophy (pediatric expansion),primekg,kg,llama3.1:405b,1,8,D,6,0.16666666666666666,0,0,0,1,,prior,insufficient,1.0,"Drug-8's targets, primarily related to metabolism and transport, do not provide a clear link to spinal muscular atrophy.",0.25,2.125
2,High LDL-C with increased CV risk (expanded),primekg,kg,llama3.1:405b,0,8,F,1,1.0,1,1,1,1,,both,consistent,5.0,"Drug-8 directly targets PCSK9, a key gene in lipid metabolism and cardiovascular risk.",0.125,2.375
2,High LDL-C with increased CV risk (expanded),primekg,kg,llama3.1:405b,1,8,H,1,1.0,1,1,1,1,,kg,consistent,5.0,"Directly targets PCSK9, a key regulator of LDL-C levels.",0.125,1.875
2,Polycythaemia vera and essential thrombocytopenia,primekg,kg,llama3.1:405b,0,8,H,1,1.0,1,1,1,1,,both,consistent,4.0,"Drug-1 targets IFNAR1 and IFNAR2, which are related to interferon signaling, a pathway potentially relevant to Polycythaemia vera and essential thrombocytopenia given the disease's association with IFNA2.",0.625,2.125
2,Polycythaemia vera and essential thrombocytopenia,primekg,kg,llama3.1:405b,1,8,C,1,1.0,1,1,1,1,,kg,consistent,4.0,"Drug-1 targets IFNAR1 and IFNAR2, which are related to interferon signaling, a pathway potentially relevant to Polycythaemia vera and essential thrombocytopenia.",0.25,2.125
2,Hidradenitis suppurativa,primekg,kg,llama3.1:405b,0,8,E,1,1.0,1,1,1,1,,both,consistent,4.0,"Drug-6 targets IL17A, which is a key cytokine involved in inflammatory and autoimmune diseases, consistent with Hidradenitis suppurativa's disease profile.",0.125,2.25
2,Hidradenitis suppurativa,primekg,kg,llama3.1:405b,1,8,B,1,1.0,1,1,1,1,,prior,insufficient,4.0,"Drug-6 targets IL17A, which is involved in inflammatory responses and may be relevant to Hidradenitis suppurativa.",0.0,2.125
2,Acute HCV pediatric,primekg,kg,llama3.1:405b,0,8,C,2,0.5,0,1,1,1,,both,consistent,4.0,"Drug-8 targets multiple genes (CYP3A43, SLCO1B3, UGT1A1, SLCO1B1, CYP3A7, ABCG2, CYP3A5, ABCB1) that are relevant to liver function and detoxification, which is consistent with treating Acute HCV pediatric.",0.625,2.5
2,Acute HCV pediatric,primekg,kg,llama3.1:405b,1,8,D,3,0.3333333333333333,0,1,1,1,,prior,insufficient,2.0,"No evidence was provided for Drug-8's relevance to Acute HCV pediatric, but its targets suggest potential interactions with liver function.",0.5,1.875
2,CKD in T2D,primekg,kg,llama3.1:405b,0,8,D,3,0.3333333333333333,0,1,1,1,,kg,consistent,4.0,"Drug-8 targets enzymes involved in glucose metabolism (DPP4, GLP1R) and lipid metabolism (LPL), which are relevant to T2D and CKD.",0.875,2.875
2,CKD in T2D,primekg,kg,llama3.1:405b,1,8,A,1,1.0,1,1,1,1,,both,consistent,4.0,"Drug-8 targets GLP1R and DPP4, which are involved in glucose metabolism and have been implicated in treating T2D and CKD.",0.375,2.625
2,BRAF V600E metastatic NSCLC,primekg,kg,llama3.1:405b,0,8,G,1,1.0,1,1,1,1,,both,consistent,4.0,"Drug-7 targets BRAF, which is a key gene in the MAPK/ERK pathway and directly implicated in BRAF V600E metastatic NSCLC.",0.125,2.125
2,BRAF V600E metastatic NSCLC,primekg,kg,llama3.1:405b,1,8,H,1,1.0,1,1,1,1,,both,consistent,5.0,"Drug-7 targets BRAF, which is directly implicated in BRAF V600E metastatic NSCLC.",0.125,1.5
2,Retinal vein occlusion,primekg,kg,llama3.1:405b,0,8,D,1,1.0,1,1,1,1,,both,consistent,5.0,"Drug-8 targets VEGFA, a gene associated with Retinal vein occlusion, making it a strong candidate.",0.25,1.875
2,Retinal vein occlusion,primekg,kg,llama3.1:405b,1,8,A,1,1.0,1,1,1,1,,both,consistent,4.0,"Drug-8 targets VEGFA, a gene associated with Retinal vein occlusion, and ANGPT2, which is involved in angiogenesis.",0.125,1.75
2,Agitation associated with Alzheimer's dementia,primekg,kg,llama3.1:405b,0,8,F,4,0.25,0,0,1,1,,kg,conflicting,2.0,"Drug-3 targets UGT enzymes, which are involved in drug metabolism, but its relevance to agitation in Alzheimer's is unclear and the knowledge graph evidence conflicts with prior knowledge.",0.625,1.875
2,Agitation associated with Alzheimer's dementia,primekg,kg,llama3.1:405b,1,8,D,2,0.5,0,1,1,1,,prior,insufficient,3.0,"Drug-3 targets various genes, including some involved in neurotransmitter systems, but the knowledge graph does not provide direct links to agitation associated with Alzheimer's dementia.",0.75,2.25
2,Heterozygous familial hypercholesterolemia,primekg,kg,llama3.1:405b,0,8,H,1,1.0,1,1,1,1,,kg,consistent,5.0,"Drug-7 targets PCSK9, a gene directly associated with Heterozygous familial hypercholesterolemia.",0.25,1.625
2,Heterozygous familial hypercholesterolemia,primekg,kg,llama3.1:405b,1,8,H,1,1.0,1,1,1,1,,kg,consistent,5.0,"Drug-7 targets PCSK9, a gene associated with heterozygous familial hypercholesterolemia, making it a strong candidate.",0.125,2.0
2,Acquired hypofibrinogenemia in cardiovascular surgery,primekg,kg,llama3.1:405b,0,8,D,2,0.5,0,1,1,1,,prior,insufficient,3.0,"No direct evidence is provided, but Drug-6 might interact with pathways related to coagulation indirectly; more information is needed for a definitive assessment.",0.75,2.0
2,Acquired hypofibrinogenemia in cardiovascular surgery,primekg,kg,llama3.1:405b,1,8,B,8,0.125,0,0,0,1,,prior,insufficient,1.0,"No information is provided for Drug-6, making it impossible to assess its mechanistic plausibility.",0.0,1.75
2,Crohn's disease,primekg,kg,llama3.1:405b,0,8,H,2,0.5,0,1,1,1,,both,consistent,4.0,"Drug-8 targets JAK1, which is involved in the inflammatory response, and also targets ABCG2 and ABCB1, making it a plausible candidate for treating Crohn's disease.",0.75,2.75
2,Crohn's disease,primekg,kg,llama3.1:405b,1,8,F,2,0.5,0,1,1,1,,both,consistent,3.0,"Drug-8 targets JAK1, which is part of the Janus kinase/signal transducers and activators of transcription (JAK/STAT) pathway involved in inflammation and potentially relevant to Crohn's disease.",0.25,1.875
2,COVID-19 updated strain,primekg,kg,llama3.1:405b,0,8,H,8,0.125,0,0,0,1,,prior,insufficient,1.0,"Without any provided evidence, its potential effectiveness against COVID-19 cannot be reasonably assessed.",0.5,2.125
2,COVID-19 updated strain,primekg,kg,llama3.1:405b,1,8,H,7,0.14285714285714285,0,0,0,1,,prior,insufficient,1.0,"No evidence is provided, and without further information, it is difficult to assess its plausibility.",0.5,2.125
2,HoFH pediatric (EMA),primekg,kg,llama3.1:405b,0,8,C,6,0.16666666666666666,0,0,0,1,,prior,insufficient,1.0,No information is available to assess Drug-8's potential for treating HoFH pediatric.,0.25,1.5
2,HoFH pediatric (EMA),primekg,kg,llama3.1:405b,1,8,B,6,0.16666666666666666,0,0,0,1,,prior,insufficient,1.0,"No information is provided for Drug-8, making assessment difficult.",0.375,1.5
2,Primary mediastinal large B-cell lymphoma,primekg,kg,llama3.1:405b,0,8,F,1,1.0,1,1,1,1,,kg,consistent,4.0,"Drug-7 targets PDCD1, which is related to the immune checkpoint pathway and could be relevant for cancer treatment.",0.75,2.25
2,Primary mediastinal large B-cell lymphoma,primekg,kg,llama3.1:405b,1,8,F,1,1.0,1,1,1,1,,both,consistent,4.0,"Drug-7 targets PDCD1, which is closely related to CD274 (PD-L1), a gene associated with primary mediastinal large B-cell lymphoma.",0.125,2.0
2,TRD monotherapy,primekg,kg,llama3.1:405b,0,8,H,1,1.0,1,1,1,1,,both,consistent,4.0,"Drug-5 targets several genes involved in neurotransmission, including GRIN and BDNF, which are relevant to depression.",0.25,2.375
2,TRD monotherapy,primekg,kg,llama3.1:405b,1,8,A,2,0.5,0,1,1,1,,both,consistent,3.0,"Drug-5 targets NMDA receptors (GRIN1, GRIN2A-D, GRIN3A-B) and BDNF, which are involved in synaptic plasticity and neurotransmission.",0.25,1.75
2,Reduce MACE in CVD + obesity/overweight,primekg,kg,llama3.1:405b,0,8,E,1,1.0,1,1,1,1,,both,consistent,4.0,"Drug-7 targets GLP1R, DPP4, and LPL, which are involved in glucose and lipid metabolism, consistent with its potential to reduce MACE in CVD + obesity/overweight.",0.875,2.25
2,Reduce MACE in CVD + obesity/overweight,primekg,kg,llama3.1:405b,1,8,F,4,0.25,0,0,1,1,,prior,insufficient,2.0,"Similar to Drug-2, no evidence is provided, making it difficult to assess its plausibility without additional context.",0.75,1.875
2,Allergic fungal rhinosinusitis (AFRS) ≥6yr,primekg,kg,llama3.1:405b,0,8,H,1,1.0,1,1,1,1,,both,consistent,4.0,"Drug-8 targets IL4R, which is involved in the allergic response pathway, making it a plausible candidate for treating AFRS.",0.875,2.0
2,Allergic fungal rhinosinusitis (AFRS) ≥6yr,primekg,kg,llama3.1:405b,1,8,B,1,1.0,1,1,1,1,,both,consistent,4.0,"Drug-8 targets IL4R, which is involved in the regulation of allergic responses and could be beneficial for treating AFRS.",0.625,2.125
2,Measles prophylaxis post-exposure,primekg,kg,llama3.1:405b,0,8,E,1,1.0,1,1,1,1,,both,consistent,4.0,"Drug-1's targets in the immune system, such as FCGR1B and C4A, provide a plausible link to modulating the body's response to measles virus.",0.375,1.875
2,Measles prophylaxis post-exposure,primekg,kg,llama3.1:405b,1,8,A,3,0.3333333333333333,0,1,1,1,,kg,consistent,3.0,"Drug-1 targets several FCGR proteins, which are involved in antibody-dependent cellular cytotoxicity; this mechanism might be tangentially related to immune responses relevant for measles prophylaxis post-exposure.",0.75,2.375
2,Obstructive sleep apnea with obesity,primekg,kg,llama3.1:405b,0,8,G,7,0.14285714285714285,0,0,0,1,,prior,insufficient,1.0,"No information is provided for Drug-8, making it impossible to assess its mechanistic plausibility.",0.125,2.125
2,Obstructive sleep apnea with obesity,primekg,kg,llama3.1:405b,1,8,A,8,0.125,0,0,0,1,,prior,insufficient,1.0,"Without specific information on Drug-8's targets, its assessment relies heavily on general pharmacological knowledge, making it the least confidently ranked.",0.0,1.5
2,HER2+ solid tumors (tumor-agnostic),primekg,kg,llama3.1:405b,0,8,F,2,0.5,0,1,1,1,,prior,insufficient,3.0,"Despite the lack of provided targets for Drug-8, knowledge about its pharmacological properties might offer insights into its potential effectiveness against HER2+ solid tumors.",0.375,2.375
2,HER2+ solid tumors (tumor-agnostic),primekg,kg,llama3.1:405b,1,8,F,2,0.5,0,1,1,1,,both,consistent,3.0,"Drug-8 targets SLC47A2 and SLCO1B3, which are involved in the transport of various compounds, including cancer therapies.",0.625,2.125
2,Heart failure (broadened),primekg,kg,llama3.1:405b,0,8,A,4,0.25,0,0,1,1,,kg,insufficient,2.0,"Drug-8 targets various enzymes, but the connection to heart failure is unclear.",0.75,2.375
2,Heart failure (broadened),primekg,kg,llama3.1:405b,1,8,G,4,0.25,0,0,1,1,,kg,consistent,3.0,"Drug-8 targets UGT2B4 and UGT1A9, which are involved in cardiac metabolism and may contribute to heart failure.",0.5,2.5
2,GVHD + pediatric,primekg,kg,llama3.1:405b,0,8,H,2,0.5,0,1,1,1,,both,consistent,4.0,"Drug-6 targets JAK1 and JAK2, which are involved in the immune response and may be relevant to GVHD + pediatric treatment.",0.625,2.625
2,GVHD + pediatric,primekg,kg,llama3.1:405b,1,8,F,1,1.0,1,1,1,1,,both,consistent,4.0,"Drug-6 targets JAK1 and JAK2, which are involved in the regulation of immune responses and may play a role in GVHD.",0.375,2.125
2,COVID-19 (expanded population),primekg,kg,llama3.1:405b,0,8,G,2,0.5,0,1,1,1,,prior,insufficient,2.0,"Drug-8 targets various transporters and enzymes involved in drug metabolism, with potential implications for COVID-19 treatment, but evidence is lacking.",0.125,1.75
2,COVID-19 (expanded population),primekg,kg,llama3.1:405b,1,8,F,4,0.25,0,0,1,1,,kg,consistent,2.0,"Drug-8 targets multiple solute carriers and cytochrome P450 enzymes, which may be involved in COVID-19-related transport and metabolism.",0.875,1.875
2,Delay T1D onset in children ≥1yr,primekg,kg,llama3.1:405b,0,8,B,8,0.125,0,0,0,1,,prior,insufficient,1.0,"No information is available for Drug-6, making it impossible to evaluate its potential efficacy.",0.625,1.75
2,Delay T1D onset in children ≥1yr,primekg,kg,llama3.1:405b,1,8,H,8,0.125,0,0,0,1,,prior,insufficient,1.0,No evidence or plausible mechanism is apparent for Drug-6 in relation to T1D onset.,0.375,2.375
2,BRAF+ thyroid cancer,primekg,kg,llama3.1:405b,0,8,F,7,0.14285714285714285,0,0,0,1,,kg,consistent,5.0,"Drug-8 targets MAP3K1 and other kinases, potentially influencing signaling pathways involved in BRAF+ thyroid cancer.",0.625,2.75
2,BRAF+ thyroid cancer,primekg,kg,llama3.1:405b,1,8,C,6,0.16666666666666666,0,0,0,1,,kg,conflicting,2.0,"Drug-8 targets several genes, including some involved in inflammation, but their connection to BRAF+ thyroid cancer is unclear.",0.75,2.25
2,Chronic kidney disease,primekg,kg,llama3.1:405b,0,8,B,2,0.5,0,1,1,1,,kg,consistent,4.0,"Drug-6 targets multiple genes (UGT1A8, UGT1A3, SLC5A2, etc.) that could be involved in the metabolism and transport processes affected by chronic kidney disease.",0.75,3.0
2,Chronic kidney disease,primekg,kg,llama3.1:405b,1,8,D,1,1.0,1,1,1,1,,both,consistent,4.0,"Drug-6 targets multiple genes (SLC5A2, SLC22A8) associated with renal function and kidney disease.",0.5,3.125
2,IgG4-related disease,primekg,kg,llama3.1:405b,0,8,F,1,1.0,1,1,1,1,,kg,consistent,4.0,"Drug-8 targets CD19, which is a relevant target for IgG4-related disease, given its connection to B-cell biology.",0.625,2.25
2,IgG4-related disease,primekg,kg,llama3.1:405b,1,8,F,1,1.0,1,1,1,1,,kg,consistent,4.0,"Drug-8 targets CD19, which is involved in B-cell activation and could be related to IgG4-related disease.",0.5,2.25
2,Oral tablet formulation for weight management,primekg,kg,llama3.1:405b,0,8,A,1,1.0,1,1,1,1,,both,consistent,5.0,"Targets GLP1R and DPP4, key proteins in glucose metabolism and weight regulation.",0.125,1.875
2,Oral tablet formulation for weight management,primekg,kg,llama3.1:405b,1,8,C,1,1.0,1,1,1,1,,both,consistent,4.0,"Drug-8 targets GLP1R, a receptor involved in glucose metabolism and weight regulation, making it a plausible candidate for weight management.",0.375,1.875
2,Follicular lymphoma,primekg,kg,llama3.1:405b,0,8,F,1,1.0,1,1,1,1,,both,consistent,4.0,"Drug-8 targets CD19, which is commonly targeted in B-cell malignancies like follicular lymphoma.",0.25,2.125
2,Follicular lymphoma,primekg,kg,llama3.1:405b,1,8,C,1,1.0,1,1,1,1,,kg,consistent,4.0,"Drug-8 targets CD19, which is a relevant target for follicular lymphoma, as it is a B-cell malignancy.",0.125,1.875
2,Palmoplantar pustulosis (PMDA),primekg,kg,llama3.1:405b,0,8,H,1,1.0,1,1,1,1,,both,consistent,4.0,"Drug-8 targets IL23A, directly linked to the disease's associated gene IL23R, suggesting a plausible mechanism in modulating immune response in Palmoplantar pustulosis.",0.125,2.0
2,Palmoplantar pustulosis (PMDA),primekg,kg,llama3.1:405b,1,8,A,1,1.0,1,1,1,1,,both,consistent,4.0,"Drug-8 targets IL23A, which is closely related to IL23R associated with PMDA, suggesting a mechanistic link.",0.125,1.875
2,Acquired hypothalamic obesity,primekg,kg,llama3.1:405b,0,8,G,1,1.0,1,1,1,1,,both,consistent,4.0,"Drug-6 targets MC4R, a receptor known for its role in regulating energy balance and food intake, aligning well with addressing acquired hypothalamic obesity.",0.875,2.25
2,Acquired hypothalamic obesity,primekg,kg,llama3.1:405b,1,8,G,1,1.0,1,1,1,1,,both,consistent,5.0,"Drug-6 targets MC4R, a key receptor involved in energy homeostasis and obesity, making it a strong candidate for Acquired hypothalamic obesity.",0.625,2.0
2,Pheochromocytoma/paraganglioma,primekg,kg,llama3.1:405b,0,8,A,7,0.14285714285714285,0,0,0,1,,prior,insufficient,1.0,"The relationship between EPAS1 and pheochromocytoma/paraganglioma is unclear, making Drug-8's mechanistic plausibility uncertain.",0.25,1.875
2,Pheochromocytoma/paraganglioma,primekg,kg,llama3.1:405b,1,8,H,8,0.125,0,0,0,1,,prior,insufficient,1.0,There is no clear connection between Drug-8's target (EPAS1) and the disease-associated genes.,0.25,1.75
2,IgE-mediated food allergy,primekg,kg,llama3.1:405b,0,8,A,1,1.0,1,1,1,1,,both,consistent,4.0,"Drug-1 targets MS4A2 and FCER1A, both of which are involved in IgE-mediated responses.",0.5,1.5
2,IgE-mediated food allergy,primekg,kg,llama3.1:405b,1,8,A,1,1.0,1,1,1,1,,both,consistent,4.0,"Drug-1 targets MS4A2 and FCER1A, both of which are involved in the allergic response, making it a strong candidate for treating IgE-mediated food allergy.",0.375,1.875
2,Advanced RCC after PD-1/PD-L1 + VEGF-TKI,primekg,kg,llama3.1:405b,0,8,F,1,1.0,1,1,1,1,,kg,consistent,5.0,"Drug-8 targets EPAS1, which is involved in hypoxia and angiogenesis pathways critical for RCC progression.",0.75,3.0
2,Advanced RCC after PD-1/PD-L1 + VEGF-TKI,primekg,kg,llama3.1:405b,1,8,A,7,0.14285714285714285,0,0,0,1,,prior,insufficient,1.0,There is limited knowledge about Drug-8's target EPAS1 and its relation to Advanced RCC after PD-1/PD-L1 + VEGF-TKI.,0.75,2.25
2,COPD,primekg,kg,llama3.1:405b,0,8,F,1,1.0,1,1,1,1,,both,consistent,4.0,"Drug-8 targets IL4R, which is involved in inflammatory processes relevant to COPD, making it a plausible candidate.",0.625,2.0
2,COPD,primekg,kg,llama3.1:405b,1,8,C,6,0.16666666666666666,0,0,0,1,,both,consistent,4.0,"Drug-8 targets IL4R, which could be involved in the inflammatory processes relevant to COPD, suggesting a mechanistic link.",0.375,1.75
2,mHSPC + ADT,primekg,kg,llama3.1:405b,0,8,E,4,0.25,0,0,1,1,,both,consistent,3.0,"Drug-8 targets several genes, including ABCB1 and CYP3A4, relevant to drug metabolism but not directly implicated in mHSPC + ADT pathways based on the knowledge graph.",0.5,2.5
2,mHSPC + ADT,primekg,kg,llama3.1:405b,1,8,C,1,1.0,1,1,1,1,,both,consistent,4.0,"Drug-8 targets multiple genes involved in drug metabolism and transport, such as CYP3A4, UGT1A9, and ABCG2, which may influence the treatment outcome of mHSPC + ADT.",0.375,2.25
2,COPD (EMA 2025),primekg,kg,llama3.1:405b,0,8,B,4,0.25,0,0,1,1,,prior,insufficient,2.0,"Drug-8 targets IL4R, which may be involved in allergic responses, but its connection to COPD is uncertain without further information.",0.5,1.875
2,COPD (EMA 2025),primekg,kg,llama3.1:405b,1,8,G,5,0.2,0,0,1,1,,kg,insufficient,2.0,"Drug-8 targets IL4R, which might be related to inflammatory processes but lacks direct connection to COPD in the provided evidence.",0.75,2.0
2,dMMR/MSI-H primary advanced endometrial cancer,primekg,kg,llama3.1:405b,0,8,C,4,0.25,0,0,1,1,,prior,insufficient,2.0,"Drug-8 targets PDCD1, which may have immunomodulatory effects relevant to cancer treatment.",0.75,2.0
2,dMMR/MSI-H primary advanced endometrial cancer,primekg,kg,llama3.1:405b,1,8,F,2,0.5,0,1,1,1,,prior,insufficient,3.0,"Drug-8 targets PDCD1, which is involved in immune regulation, but its connection to the disease is unclear.",0.5,1.875
2,Generalized myasthenia gravis,primekg,kg,llama3.1:405b,0,8,C,4,0.25,0,0,1,1,,prior,insufficient,2.0,"CD19 is a B-cell marker, and while B-cells play a role in autoimmune diseases, the connection to generalized myasthenia gravis is unclear.",0.625,2.125
2,Generalized myasthenia gravis,primekg,kg,llama3.1:405b,1,8,A,2,0.5,0,1,1,1,,prior,insufficient,3.0,"While Drug-8's target CD19 is involved in immune response, there's no direct connection provided in the knowledge graph to Generalized myasthenia gravis.",0.125,2.0
2,Urothelial carcinoma (expanded population),primekg,kg,llama3.1:405b,0,8,B,1,1.0,1,1,1,1,,both,consistent,3.0,"Drug-8 targets NECTIN4, which is related to cell adhesion and potentially cancer progression, offering a plausible mechanistic link to urothelial carcinoma.",0.375,1.75
2,Urothelial carcinoma (expanded population),primekg,kg,llama3.1:405b,1,8,A,2,0.5,0,1,1,1,,both,consistent,3.0,"Drug-8 targets NECTIN4 and ABCB1, suggesting potential anti-cancer activity, but its relevance to Urothelial carcinoma is less clear.",0.25,1.75
2,Crohn's disease,primekg,kg,llama3.1:405b,0,8,D,1,1.0,1,1,1,1,,kg,consistent,4.0,"Drug-8 targets IL23A, a cytokine involved in the pathogenesis of Crohn's disease.",0.125,2.0
2,Crohn's disease,primekg,kg,llama3.1:405b,1,8,H,1,1.0,1,1,1,1,,both,consistent,5.0,"Drug-8 targets IL23A, which is closely related to IL23R, a gene strongly associated with Crohn's disease.",0.25,2.75
2,RAS wild-type HER2+ metastatic colorectal cancer,primekg,kg,llama3.1:405b,0,8,F,1,1.0,1,1,1,1,,both,consistent,4.0,"Drug-7 targets ERBB3, a member of the HER2 family, suggesting potential relevance to HER2+ colorectal cancer.",0.375,1.875
2,RAS wild-type HER2+ metastatic colorectal cancer,primekg,kg,llama3.1:405b,1,8,F,1,1.0,1,1,1,1,,both,consistent,4.0,"Drug-7 targets ERBB3, closely related to the HER2 pathway, which is directly implicated in HER2+ cancers.",0.25,2.25
2,Atopic dermatitis,primekg,kg,llama3.1:405b,0,8,D,1,1.0,1,1,1,1,,both,consistent,4.0,"Drug-7 targets JAK3 and JAK1, which are involved in inflammation and immune response, making it a plausible candidate for atopic dermatitis.",0.125,1.875
2,Atopic dermatitis,primekg,kg,llama3.1:405b,1,8,C,2,0.5,0,1,1,1,,kg,consistent,4.0,"JAK1 and JAK3 are involved in the immune response, which is relevant to atopic dermatitis.",0.25,1.875
2,dMMR recurrent/advanced endometrial cancer,primekg,kg,llama3.1:405b,0,8,B,1,1.0,1,1,1,1,,both,consistent,4.0,"Drug-8 targets PDCD1, which is involved in immune checkpoint regulation and may be relevant to cancer treatment.",0.375,1.875
2,dMMR recurrent/advanced endometrial cancer,primekg,kg,llama3.1:405b,1,8,F,3,0.3333333333333333,0,1,1,1,,kg,consistent,4.0,"Drug-8 targets PDCD1, which is involved in immune response regulation, and may have implications for cancer treatment.",0.875,2.75
2,Polymyalgia rheumatica,primekg,kg,llama3.1:405b,0,8,F,1,1.0,1,1,1,1,,both,consistent,4.0,"Drug-8 targets IL6R, which is involved in the inflammatory response and could be beneficial for treating Polymyalgia rheumatica.",0.75,2.375
2,Polymyalgia rheumatica,primekg,kg,llama3.1:405b,1,8,E,1,1.0,1,1,1,1,,both,consistent,4.0,"Drug-8 targets IL6R, which is involved in inflammation and could be relevant to treating Polymyalgia rheumatica given its association with inflammatory conditions.",0.625,2.125
2,Metastatic colorectal cancer,primekg,kg,llama3.1:405b,0,8,A,1,1.0,1,1,1,1,,both,consistent,4.0,"Drug-3 targets multiple genes, including TYMP and TK1, which are involved in nucleotide metabolism and cell proliferation, making it a plausible candidate for treating metastatic colorectal cancer.",0.5,2.125
2,Metastatic colorectal cancer,primekg,kg,llama3.1:405b,1,8,H,1,1.0,1,1,1,1,,both,consistent,4.0,"Drug-3 targets SLC28A1, SLC29A2, and TYMP, which are involved in nucleoside transport and metabolism, making it a plausible candidate for treating metastatic colorectal cancer.",0.125,1.875
2,Ulcerative colitis,primekg,kg,llama3.1:405b,0,8,B,1,1.0,1,1,1,1,,both,consistent,4.0,"Drug-8 targets IL23A, which is closely related to the disease-associated gene IL23R.",0.25,1.75
2,Ulcerative colitis,primekg,kg,llama3.1:405b,1,8,C,1,1.0,1,1,1,1,,both,consistent,4.0,"Drug-8 targets IL23A and IL12B, which are associated with the IL23R gene linked to ulcerative colitis.",0.125,2.0
2,MSI-H/dMMR solid tumors (full approval conversion),primekg,kg,llama3.1:405b,0,8,B,1,1.0,1,1,1,1,,both,consistent,4.0,"Drug-4 targets PDCD1, which is a well-established target for cancer immunotherapy, particularly in MSI-H/dMMR tumors.",0.625,2.0
2,MSI-H/dMMR solid tumors (full approval conversion),primekg,kg,llama3.1:405b,1,8,E,5,0.2,0,0,1,1,,prior,insufficient,2.0,No information about Drug-4's relevance to MSI-H/dMMR solid tumors is available beyond its target.,0.25,2.375
2,Schnitzler syndrome (Japan),primekg,kg,llama3.1:405b,0,8,H,1,1.0,1,1,1,1,,both,consistent,5.0,"Directly targets IL1B, closely related to the disease-associated gene IL1RN.",0.25,2.0
2,Schnitzler syndrome (Japan),primekg,kg,llama3.1:405b,1,8,F,1,1.0,1,1,1,1,,both,consistent,5.0,"Drug-7 targets IL1B, which is closely related to IL1RN, a gene associated with Schnitzler syndrome.",0.25,2.25
2,HR+/HER2- metastatic breast cancer,primekg,kg,llama3.1:405b,0,8,A,1,1.0,1,1,1,1,,both,consistent,5.0,"Drug-7 targets PARP1 and PARP2, enzymes crucial in DNA repair pathways relevant to breast cancer.",0.375,2.125
2,HR+/HER2- metastatic breast cancer,primekg,kg,llama3.1:405b,1,8,G,1,1.0,1,1,1,1,,kg,consistent,4.0,"Drug-7 targets PARP1 and PARP2, which are involved in DNA repair pathways that may be altered in HR+/HER2- metastatic breast cancer.",0.5,2.5
2,Giant cell arteritis,primekg,kg,llama3.1:405b,0,8,H,5,0.2,0,0,1,1,,kg,consistent,4.0,"Drug-8 targets JAK1, which is involved in inflammation and may be relevant to Giant cell arteritis.",0.375,2.25
2,Giant cell arteritis,primekg,kg,llama3.1:405b,1,8,H,1,1.0,1,1,1,1,,insufficient,insufficient,1.0,"There is no provided evidence for Drug-7, making it impossible to assess its plausibility.",0.625,2.125
2,Neoadj+adj HNSCC,primekg,kg,llama3.1:405b,0,8,F,1,1.0,1,1,1,1,,kg,consistent,4.0,"Drug-5 targets PDCD1, a protein involved in immune regulation, which is relevant to cancer treatment.",0.75,2.25
2,Neoadj+adj HNSCC,primekg,kg,llama3.1:405b,1,8,B,1,1.0,1,1,1,1,,kg,consistent,4.0,"Drug-5 targets PDCD1, a checkpoint protein that has been implicated in various cancers, including HNSCC, suggesting potential for therapeutic efficacy.",0.75,1.875
2,Psoriasis in children 6-11 (cream),primekg,kg,llama3.1:405b,0,8,G,1,1.0,1,1,1,1,,both,consistent,4.0,"Drug-2 targets PDE4 enzymes, which are known to be involved in inflammatory processes relevant to psoriasis.",0.125,2.125
2,Psoriasis in children 6-11 (cream),primekg,kg,llama3.1:405b,1,8,H,1,1.0,1,1,1,1,,both,consistent,4.0,"Drug-2 targets PDE4 enzymes, which are involved in inflammatory processes and have been implicated in psoriasis; its profile is consistent with potential efficacy.",0.125,1.875
2,dMMR/MSI-H primary advanced endometrial cancer (+chemo),primekg,kg,llama3.1:405b,0,8,E,1,1.0,1,1,1,1,,kg,consistent,4.0,"Drug-8 targets PDCD1, which is involved in the regulation of immune responses and could be relevant for treating dMMR/MSI-H primary advanced endometrial cancer (+chemo).",0.5,2.625
2,dMMR/MSI-H primary advanced endometrial cancer (+chemo),primekg,kg,llama3.1:405b,1,8,C,1,1.0,1,1,1,1,,both,consistent,4.0,"Drug-8 targets PDCD1, which is involved in immune checkpoint regulation and may have anti-tumor effects.",0.625,1.875
2,Primary immunodeficiency pediatric (EMA),primekg,kg,llama3.1:405b,0,8,C,1,1.0,1,1,1,1,,both,consistent,5.0,"Drug-1 targets FCGR3A, a gene associated with Primary immunodeficiency pediatric (EMA), making it a strong candidate.",0.125,1.5
2,Primary immunodeficiency pediatric (EMA),primekg,kg,llama3.1:405b,1,8,D,1,1.0,1,1,1,1,,both,consistent,5.0,"Drug-1 directly targets FCGR3A, a gene associated with primary immunodeficiency pediatric.",0.125,1.625
2,HR+/HER2- breast cancer,primekg,kg,llama3.1:405b,0,8,F,4,0.25,0,0,1,1,,kg,conflicting,2.0,"Drug-8 targets genes that are not directly associated with HR+/HER2- breast cancer in the knowledge graph, and its relevance is uncertain.",0.625,2.0
2,HR+/HER2- breast cancer,primekg,kg,llama3.1:405b,1,8,F,4,0.25,0,0,1,1,,kg,conflicting,2.0,"Drug-8 targets TACSTD2, which may be involved in cancer, but the knowledge graph lacks clear connections to HR+/HER2- breast cancer.",0.625,1.875
2,Ulcerative colitis,primekg,kg,llama3.1:405b,0,8,F,1,1.0,1,1,1,1,,both,consistent,5.0,"Drug-6 targets IL23A, which is associated with the IL23R gene implicated in ulcerative colitis.",0.14285714285714285,2.0
2,Ulcerative colitis,primekg,kg,llama3.1:405b,1,8,F,1,1.0,1,1,1,1,,kg,consistent,5.0,"Drug-6 targets IL23A, which is closely related to IL23R, a gene associated with ulcerative colitis.",0.25,2.25
2,HER2-mutant NSCLC (PMDA),primekg,kg,llama3.1:405b,0,8,F,2,0.5,0,1,1,1,,prior,insufficient,2.0,"No information was provided for Drug-6, making it impossible to assess its mechanistic plausibility.",0.375,2.625
2,HER2-mutant NSCLC (PMDA),primekg,kg,llama3.1:405b,1,8,D,5,0.2,0,0,1,1,,prior,insufficient,3.0,"Drug-8's targets (SLC47A2, SLCO1B3, FCGR1A, and various cathepsins) are involved in transport and immune responses but lack a clear connection to HER2-mutant NSCLC (PMDA).",0.0,2.625
2,Pediatric atopic dermatitis,primekg,kg,llama3.1:405b,0,8,F,1,1.0,1,1,1,1,,kg,consistent,4.0,"Drug-8 targets JAK1, which is involved in the inflammatory response and has been implicated in atopic dermatitis.",0.5,2.375
2,Pediatric atopic dermatitis,primekg,kg,llama3.1:405b,1,8,B,1,1.0,1,1,1,1,,both,consistent,4.0,"Drug-8 targets JAK1, which is involved in the atopic dermatitis pathway.",0.75,1.875
2,HER2-mutant NSCLC (EMA),primekg,kg,llama3.1:405b,0,8,B,2,0.5,0,1,1,1,,kg,consistent,3.0,"Drug-8 targets multiple genes, including SLCO1B1 and ABCC1, which may have implications for cancer treatment, but the direct connection to HER2-mutant NSCLC is lacking.",0.5,2.375
2,HER2-mutant NSCLC (EMA),primekg,kg,llama3.1:405b,1,8,D,7,0.14285714285714285,0,0,0,1,,prior,insufficient,1.0,Targets primarily involved in drug transport and metabolism lack direct connection to HER2-mutant NSCLC mechanisms.,0.5,2.125
2,IV formulation for rheumatic diseases (EMA),primekg,kg,llama3.1:405b,0,8,H,1,1.0,1,1,1,1,,both,consistent,4.0,"Drug-7 targets IL17A, which is a key cytokine involved in the pathogenesis of rheumatic diseases, making it a plausible candidate for treatment.",0.625,2.125
2,IV formulation for rheumatic diseases (EMA),primekg,kg,llama3.1:405b,1,8,B,1,1.0,1,1,1,1,,both,consistent,4.0,"Drug-7 targets IL17A, a cytokine involved in inflammatory responses and rheumatic diseases.",0.25,2.125
2,Resectable gastric/GEJ adenocarcinoma (neoadj+adj +FLOT),primekg,kg,llama3.1:405b,0,8,A,7,0.14285714285714285,0,0,0,1,,kg,consistent,4.0,"Drug-1 targets MTOR, which is a well-known target in cancer treatment and could be relevant to resectable gastric/GEJ adenocarcinoma.",0.375,2.625
2,Resectable gastric/GEJ adenocarcinoma (neoadj+adj +FLOT),primekg,kg,llama3.1:405b,1,8,B,6,0.16666666666666666,0,0,0,1,,kg,insufficient,1.0,"Drug-7 targets CD274, but the direct connection to Resectable gastric/GEJ adenocarcinoma is not well-established.",0.75,1.875
2,Antibody-mediated rejection in organ transplantation,primekg,kg,llama3.1:405b,0,8,D,1,1.0,1,1,1,1,,both,consistent,4.0,"Drug-1 targets MS4A1, potentially influencing B-cell activity relevant in antibody-mediated rejection.",0.5,2.625
2,Antibody-mediated rejection in organ transplantation,primekg,kg,llama3.1:405b,1,8,H,2,0.5,0,1,1,1,,both,consistent,4.0,"Drug-1 targets MS4A1, which is involved in B-cell activation and may contribute to antibody-mediated rejection.",0.75,2.5
2,RET-fusion NSCLC (expanded),primekg,kg,llama3.1:405b,0,8,B,1,1.0,1,1,1,1,,both,consistent,5.0,"Drug-8 targets RET, a key gene associated with RET-fusion NSCLC.",0.125,1.5
2,RET-fusion NSCLC (expanded),primekg,kg,llama3.1:405b,1,8,F,1,1.0,1,1,1,1,,both,consistent,4.0,"Drug-8 targets RET, a key gene in RET-fusion NSCLC, and other relevant kinases like FLT1 and FLT4.",0.125,1.875
2,EGPA,primekg,kg,llama3.1:405b,0,8,H,1,1.0,1,1,1,1,,both,consistent,4.0,"Drug-1 targets MS4A2 and FCER1A, which are relevant to immune system function and potentially associated with EGPA.",0.5,1.875
2,EGPA,primekg,kg,llama3.1:405b,1,8,H,1,1.0,1,1,1,1,,both,consistent,4.0,"Drug-1 targets MS4A2 and FCER1A, which are involved in immune responses, aligning with EGPA's autoimmune characteristics.",0.75,2.375
2,HR+/HER2- metastatic breast cancer,primekg,kg,llama3.1:405b,0,8,C,3,0.3333333333333333,0,1,1,1,,kg,consistent,4.0,"Drug-8 targets TACSTD2, UGT1A1, FUBP1, and TOP1, which are associated with cancer-related pathways, but the specific connection to HR+/HER2- metastatic breast cancer is tenuous.",0.5,2.375
2,HR+/HER2- metastatic breast cancer,primekg,kg,llama3.1:405b,1,8,B,1,1.0,1,1,1,1,,both,insufficient,3.0,"Drug-8 targets TOP1, which is involved in DNA replication and transcription, potentially affecting rapidly dividing cancer cells.",0.25,2.125
2,Primary humoral immunodeficiency pediatric 2-11yr,primekg,kg,llama3.1:405b,0,8,G,1,1.0,1,1,1,1,,both,consistent,5.0,"Drug-1 targets FCGR3A, directly associated with primary humoral immunodeficiency pediatric 2-11yr.",0.125,1.875
2,Primary humoral immunodeficiency pediatric 2-11yr,primekg,kg,llama3.1:405b,1,8,H,1,1.0,1,1,1,1,,both,consistent,5.0,"Drug-1 targets FCGR3A, which is associated with the disease, making it a strong candidate.",0.125,2.0
2,Pediatric glioma (EMA),primekg,kg,llama3.1:405b,0,8,E,4,0.25,0,0,1,1,,both,conflicting,2.0,"Although Drug-3 targets some genes related to cancer, such as NEK11 and LIMK1, its other targets seem less relevant, making its overall connection unclear.",0.625,2.0
2,Pediatric glioma (EMA),primekg,kg,llama3.1:405b,1,8,B,2,0.5,0,1,1,1,,both,insufficient,3.0,"Drug-3 targets several kinases and enzymes, including NEK11, which might be relevant to cancer; however, no clear connection to glioma is provided.",0.5,2.625
2,Juvenile idiopathic arthritis (EMA Feb 2026),primekg,kg,llama3.1:405b,0,8,A,1,1.0,1,1,1,1,,both,consistent,4.0,"Drug-8 targets JAK3 and JAK1, which are involved in immune responses and have been implicated in autoimmune diseases like juvenile idiopathic arthritis.",0.375,1.875
2,Juvenile idiopathic arthritis (EMA Feb 2026),primekg,kg,llama3.1:405b,1,8,B,1,1.0,1,1,1,1,,both,consistent,4.0,"Drug-8 targets JAK3 and JAK1, which are involved in the immune response pathway, making it a plausible candidate for treating juvenile idiopathic arthritis.",0.625,2.0
2,Ph+ CML-CP after 2+ TKIs,primekg,kg,llama3.1:405b,0,8,B,1,1.0,1,1,1,1,,prior,insufficient,2.0,"Without specific targets mentioned, assessing mechanistic plausibility is challenging.",0.75,2.875
2,Ph+ CML-CP after 2+ TKIs,primekg,kg,llama3.1:405b,1,8,D,1,1.0,1,1,1,1,,prior,insufficient,2.0,"No evidence is provided for Drug-8, but its ranking is higher than others with conflicting or no evidence.",0.75,2.25
2,KRAS G12C+ mCRC,primekg,kg,llama3.1:405b,0,8,A,1,1.0,1,1,1,1,,both,consistent,5.0,"Drug-8 targets KRAS, a key driver mutation in KRAS G12C+ mCRC.",0.25,2.375
2,KRAS G12C+ mCRC,primekg,kg,llama3.1:405b,1,8,F,1,1.0,1,1,1,1,,both,consistent,5.0,"Drug-8 targets KRAS directly, which is a key driver mutation in KRAS G12C+ mCRC.",0.25,2.625
2,HR+/HER2- early breast cancer (adjuvant),primekg,kg,llama3.1:405b,0,8,B,2,0.5,0,1,1,1,,both,consistent,4.0,"Drug-6 targets CDK4 and CDK6, which are involved in cell cycle regulation and have been implicated in breast cancer.",0.25,1.875
2,HR+/HER2- early breast cancer (adjuvant),primekg,kg,llama3.1:405b,1,8,E,2,0.5,0,1,1,1,,both,consistent,4.0,"Drug-6 targets CDK4 and CDK6, which are involved in cell cycle regulation and relevant to cancer treatment.",0.25,2.0
2,First-line anemia in lower-risk MDS,primekg,kg,llama3.1:405b,0,8,A,7,0.14285714285714285,0,0,0,1,,prior,insufficient,2.0,"Without information on Drug-7's targets, it's challenging to assess its plausibility for treating anemia in MDS beyond a low-confidence assumption based on the general drug category.",0.5,2.625
2,First-line anemia in lower-risk MDS,primekg,kg,llama3.1:405b,1,8,C,8,0.125,0,0,0,1,,prior,insufficient,1.0,"No information was provided for Drug-7, making its assessment impossible.",0.25,1.875
2,Follicular lymphoma (+obinutuzumab),primekg,kg,llama3.1:405b,0,8,B,1,1.0,1,1,1,1,,both,consistent,4.0,"Drug-8 targets multiple kinases, including TEC and ITK, which are involved in B-cell signaling pathways, making it a plausible candidate for treating follicular lymphoma (+obinutuzumab).",0.75,2.25
2,Follicular lymphoma (+obinutuzumab),primekg,kg,llama3.1:405b,1,8,A,1,1.0,1,1,1,1,,prior,insufficient,4.0,"Drug-8 targets multiple kinases, including TEC and ITK, which are involved in B-cell signaling pathways relevant to follicular lymphoma.",0.0,2.5
2,1L biliary tract cancer (+gemcitabine+cisplatin),primekg,kg,llama3.1:405b,0,8,D,2,0.5,0,1,1,1,,kg,consistent,3.0,"Drug-6 targets PDCD1, an immune checkpoint protein that may be involved in cancer treatment, but its direct relevance to biliary tract cancer is unclear.",0.375,2.375
2,1L biliary tract cancer (+gemcitabine+cisplatin),primekg,kg,llama3.1:405b,1,8,G,1,1.0,1,1,1,1,,kg,consistent,4.0,"Drug-6 targets PDCD1, which is involved in immune checkpoint regulation, and immunotherapy has shown promise in treating various types of cancer.",0.625,2.125
2,"ALK+ solid tumors (tissue-agnostic, world-first)",primekg,kg,llama3.1:405b,0,8,F,1,1.0,1,1,1,1,,both,consistent,5.0,"Drug-8 targets ALK, which is directly related to the disease.",0.5,2.5
2,"ALK+ solid tumors (tissue-agnostic, world-first)",primekg,kg,llama3.1:405b,1,8,F,1,1.0,1,1,1,1,,both,consistent,5.0,"Drug-8 targets ALK, making it a highly plausible candidate for treating ALK+ solid tumors.",0.125,2.0
2,Pediatric BRAF V600E low-grade glioma,primekg,kg,llama3.1:405b,0,8,D,4,0.25,0,0,1,1,,kg,insufficient,1.0,"Drug-5 targets multiple proteins, including NEK11 and SIK1, but lacks clear relevance to BRAF V600E glioma.",0.5,1.75
2,Pediatric BRAF V600E low-grade glioma,primekg,kg,llama3.1:405b,1,8,G,3,0.3333333333333333,0,1,1,1,,prior,insufficient,2.0,"AHR (aryl hydrocarbon receptor) modulation may have some anti-tumor effects, but the connection to Pediatric BRAF V600E low-grade glioma is unclear.",0.75,1.75
2,Platinum-resistant ovarian carcinoma (PD-L1+ CPS≥1),primekg,kg,llama3.1:405b,0,8,D,1,1.0,1,1,1,1,,both,consistent,4.0,"Drug-8 targets PDCD1, which is associated with the PD-1/PD-L1 pathway, a known target for cancer immunotherapy.",0.125,2.0
2,Platinum-resistant ovarian carcinoma (PD-L1+ CPS≥1),primekg,kg,llama3.1:405b,1,8,A,1,1.0,1,1,1,1,,both,consistent,4.0,"Drug-8 targets PDCD1, which is a checkpoint protein involved in immune response and has been implicated in various cancers, including ovarian carcinoma.",0.5,2.25
2,Ph+ CML-CP frontline (EMA Feb 2026),primekg,kg,llama3.1:405b,0,8,E,8,0.125,0,0,0,1,,prior,insufficient,1.0,"No information is available for Drug-3's targets in relation to Ph+ CML-CP frontline, making it impossible to assess its mechanistic plausibility.",0.375,2.125
2,Ph+ CML-CP frontline (EMA Feb 2026),primekg,kg,llama3.1:405b,1,8,D,4,0.25,0,0,1,1,,prior,insufficient,1.0,No evidence was provided for Drug-8; its efficacy is uncertain.,0.625,1.875
2,Gastric/GEJ adenocarcinoma,primekg,kg,llama3.1:405b,0,8,B,1,1.0,1,1,1,1,,kg,consistent,4.0,"Drug-8 targets CD274, which is involved in the PD-1/PD-L1 pathway, a known therapeutic target in various cancers, including gastric cancer.",0.625,1.875
2,Gastric/GEJ adenocarcinoma,primekg,kg,llama3.1:405b,1,8,E,2,0.5,0,1,1,1,,prior,insufficient,2.0,"No evidence was provided for Drug-8, but targeting CD274 could have implications in cancer treatment, as seen with other checkpoint inhibitors.",0.75,2.875
2,Chronic lymphocytic leukemia,primekg,kg,llama3.1:405b,0,8,E,1,1.0,1,1,1,1,,both,consistent,4.0,"Drug-8 targets several tyrosine kinases, including TEC and ITK, which are involved in signaling pathways relevant to leukemia.",0.5,1.875
2,Chronic lymphocytic leukemia,primekg,kg,llama3.1:405b,1,8,B,1,1.0,1,1,1,1,,both,consistent,4.0,"Drug-8 targets multiple kinases (TEC, TXK, ITK) that can modulate signaling pathways potentially affecting CLL cell proliferation and survival.",0.25,2.0
2,HER2+ early-stage BC (neoadjuvant + adjuvant),primekg,kg,llama3.1:405b,0,8,C,8,0.125,0,0,0,1,,kg,consistent,3.0,"Drug-8 targets various solute carriers, Fc gamma receptors, and cathepsins, which are involved in immune response and cellular processes, but not directly related to HER2+ early-stage BC.",0.75,2.5
2,HER2+ early-stage BC (neoadjuvant + adjuvant),primekg,kg,llama3.1:405b,1,8,H,8,0.125,0,0,0,1,,kg,consistent,4.0,"Drug-H targets SLCO1B3, FCGR1A, and several other proteins involved in immune response and cancer cell biology.",0.875,3.125
2,HR+/HER2-low breast cancer,primekg,kg,llama3.1:405b,0,8,C,5,0.2,0,0,1,1,,prior,insufficient,1.0,"Drug-8's targets, such as SLCO1B3 and ABCC1, are not directly associated with HR+/HER2-low breast cancer pathways.",0.125,1.875
2,HR+/HER2-low breast cancer,primekg,kg,llama3.1:405b,1,8,F,1,1.0,1,1,1,1,,prior,insufficient,3.0,"Drug-8 targets various proteins involved in cellular processes that could indirectly affect cancer cells, but direct relevance to HR+/HER2-low breast cancer is unclear.",0.0,1.875
2,"Pediatric low-grade glioma (+dabrafenib, BRAF V600E)",primekg,kg,llama3.1:405b,0,8,G,2,0.5,0,1,1,1,,kg,consistent,3.0,"Drug-7 targets MAP2K2, which is involved in the BRAF/MEK pathway, relevant to BRAF V600E mutations.",0.75,2.0
2,"Pediatric low-grade glioma (+dabrafenib, BRAF V600E)",primekg,kg,llama3.1:405b,1,8,A,1,1.0,1,1,1,1,,both,consistent,4.0,"Drug-7 targets MAP2K2, which is a downstream effector of BRAF and may be relevant to treating pediatric low-grade glioma with BRAF V600E mutation.",0.375,2.25
2,Unresectable thymic carcinoma (PMDA),primekg,kg,llama3.1:405b,0,8,E,2,0.5,0,1,1,1,,kg,consistent,3.0,"Drug-7 targets FLT4, which is involved in angiogenesis and may be relevant to cancer progression, but the direct link to thymic carcinoma is uncertain.",0.875,2.125
2,Unresectable thymic carcinoma (PMDA),primekg,kg,llama3.1:405b,1,8,A,3,0.3333333333333333,0,1,1,1,,kg,insufficient,2.0,"Drug-7 targets multiple genes, but none are directly associated with unresectable thymic carcinoma in the provided KG evidence.",0.625,2.0
2,BRAF+ thyroid cancer,primekg,kg,llama3.1:405b,0,8,H,1,1.0,1,1,1,1,,both,consistent,5.0,"Directly targets BRAF, a key mutation in BRAF+ thyroid cancer.",0.125,2.25
2,BRAF+ thyroid cancer,primekg,kg,llama3.1:405b,1,8,F,1,1.0,1,1,1,1,,both,consistent,4.0,"Drug-7 targets BRAF, which is a key gene in the MAPK pathway implicated in thyroid cancer.",0.125,2.0
2,IDH1-mutated relapsed/refractory MDS,primekg,kg,llama3.1:405b,0,8,G,1,1.0,1,1,1,1,,both,consistent,4.0,"Drug-8 targets IDH1, a key gene associated with the target disease, making it a promising candidate.",0.125,1.875
2,IDH1-mutated relapsed/refractory MDS,primekg,kg,llama3.1:405b,1,8,C,1,1.0,1,1,1,1,,both,consistent,4.0,"Drug-8 targets IDH1, a key gene in the disease pathology, and also interacts with other relevant genes such as ABCB1.",0.5,1.875
2,Biliary tract cancer,primekg,kg,llama3.1:405b,0,8,D,1,1.0,1,1,1,1,,both,consistent,4.0,"Drug-8 targets PDCD1, a protein involved in programmed cell death, which is relevant to cancer treatment.",0.375,2.625
2,Biliary tract cancer,primekg,kg,llama3.1:405b,1,8,B,1,1.0,1,1,1,1,,both,consistent,4.0,"Drug-8 targets PDCD1, a protein involved in programmed cell death, which is a relevant pathway for cancer treatment.",0.5,2.25
2,"mCRC BRAF V600E (traditional approval, was accelerated)",primekg,kg,llama3.1:405b,0,8,D,1,1.0,1,1,1,1,,both,consistent,5.0,"Drug-7 targets BRAF, which is directly associated with the disease.",0.25,2.0
2,"mCRC BRAF V600E (traditional approval, was accelerated)",primekg,kg,llama3.1:405b,1,8,H,8,0.125,0,0,0,1,,kg,consistent,3.0,"Drug-8 targets FLT3, which is not directly implicated in mCRC BRAF V600E but could have relevance through broader cancer-related pathways.",0.25,1.625
2,Gastric/GEJ adenocarcinoma (1L +chemo),primekg,kg,llama3.1:405b,0,8,A,4,0.25,0,0,1,1,,kg,conflicting,3.0,"Drug-6 targets CD274, but its association with Gastric/GEJ adenocarcinoma is unclear.",0.625,3.0
2,Gastric/GEJ adenocarcinoma (1L +chemo),primekg,kg,llama3.1:405b,1,8,F,1,1.0,1,1,1,1,,prior,insufficient,4.0,"Drug-6 targets CD274, a protein involved in immune checkpoint regulation, which is a relevant pathway for cancer treatment.",0.125,1.875
2,Chorea associated with Huntington's disease,drkg,kg,llama3.1:405b,0,8,G,6,0.16666666666666666,0,0,0,1,,prior,insufficient,1.0,"Drug-8 targets several enzymes, but none of them have a clear connection to Huntington's disease pathology.",0.375,2.25
2,Chorea associated with Huntington's disease,drkg,kg,llama3.1:405b,1,8,D,5,0.2,0,0,1,1,,prior,insufficient,1.0,Drug-8's inhibition of SLC18A2 and interaction with CYP enzymes does not provide a clear mechanistic link to the disease.,0.25,1.625
2,Chronic thromboembolic pulmonary hypertension,drkg,kg,llama3.1:405b,0,8,F,1,1.0,1,1,1,1,,both,consistent,4.0,"Drug-7's inhibition of F10 and F2, involved in coagulation, aligns with the disease's thromboembolic nature.",0.25,1.875
2,Chronic thromboembolic pulmonary hypertension,drkg,kg,llama3.1:405b,1,8,E,2,0.5,0,1,1,1,,kg,consistent,3.0,"Drug-7 inhibits F10 and F2, which are involved in coagulation, a relevant process for thromboembolic diseases.",0.75,1.875
2,Indolent systemic mastocytosis,drkg,kg,llama3.1:405b,0,8,D,8,0.125,0,0,0,1,,prior,insufficient,1.0,"Similarly, without data, Drug-8's potential for treating mastocytosis cannot be evaluated.",0.625,2.125
2,Indolent systemic mastocytosis,drkg,kg,llama3.1:405b,1,8,A,8,0.125,0,0,0,1,,prior,insufficient,1.0,"No evidence was provided for Drug-8's mechanism, and without further information, its plausibility cannot be assessed.",0.625,2.0
2,EGPA (expanded),drkg,kg,llama3.1:405b,0,8,C,1,1.0,1,1,1,1,,kg,consistent,4.0,"Drug-8 targets IL5RA, which is associated with EGPA through the IL5 gene.",0.25,2.5
2,EGPA (expanded),drkg,kg,llama3.1:405b,1,8,C,1,1.0,1,1,1,1,,both,consistent,5.0,"Directly targets IL5RA, a key receptor associated with EGPA.",0.25,2.125
2,Invasive fungal infections pediatric ≥2yr,drkg,kg,llama3.1:405b,0,8,D,3,0.3333333333333333,0,1,1,1,,prior,insufficient,2.0,"Although the knowledge graph does not provide direct evidence, Drug-4's inhibition of CYP3A4 may have implications for fungal metabolism and warrants further investigation.",0.625,2.125
2,Invasive fungal infections pediatric ≥2yr,drkg,kg,llama3.1:405b,1,8,H,7,0.14285714285714285,0,0,0,1,,prior,insufficient,2.0,"Drug-4's targets are mostly related to drug metabolism and transport, lacking clear connections to fungal infection biology.",0.625,2.625
2,PKU expanded to ≥12yr,drkg,kg,llama3.1:405b,0,8,B,8,0.125,0,0,0,1,,prior,insufficient,1.0,"Without any provided evidence, it's impossible to assess Drug-8's potential for treating PKU expanded to ≥12yr.",0.625,2.125
2,PKU expanded to ≥12yr,drkg,kg,llama3.1:405b,1,8,H,8,0.125,0,0,0,1,,prior,insufficient,1.0,"No information is available for Drug-8, making it impossible to assess its mechanistic plausibility.",0.375,2.0
2,Nephrotic syndrome,drkg,kg,llama3.1:405b,0,8,E,4,0.25,0,0,1,1,,prior,insufficient,2.0,"Drug-1 targets XIAP, which is involved in apoptosis regulation, but the relevance to Nephrotic syndrome is unclear.",0.75,2.125
2,Nephrotic syndrome,drkg,kg,llama3.1:405b,1,8,H,8,0.125,0,0,0,1,,prior,insufficient,1.0,"Drug-1 targets XIAP and TP53, but their direct relation to Nephrotic syndrome is unclear, and the evidence is sparse.",0.75,2.375
2,HR+/HER2- node-positive high-risk early breast cancer,drkg,kg,llama3.1:405b,0,8,A,1,1.0,1,1,1,1,,both,consistent,5.0,"Drug-7 targets multiple proteins involved in cell cycle regulation (CDK4, CDK6, CCND1, CCND2, CCND3), which is a key pathway in breast cancer.",0.75,2.25
2,HR+/HER2- node-positive high-risk early breast cancer,drkg,kg,llama3.1:405b,1,8,A,1,1.0,1,1,1,1,,both,consistent,5.0,"Drug-7 targets CCND2, CCND3, and CDKN2A, which are involved in cell cycle regulation and are relevant to breast cancer.",0.5,3.0
2,Retinopathy of prematurity,drkg,kg,llama3.1:405b,0,8,A,1,1.0,1,1,1,1,,both,consistent,4.0,"Drug-7 inhibits VEGFA, a key player in angiogenesis, which is consistent with its potential use in treating retinopathy of prematurity.",0.125,1.5
2,Retinopathy of prematurity,drkg,kg,llama3.1:405b,1,8,A,1,1.0,1,1,1,1,,both,consistent,5.0,"Drug-7's inhibition of VEGFA, a key angiogenic factor, makes it a strong candidate for treating retinopathy of prematurity.",0.125,1.875
2,Agitation associated with Alzheimer's dementia,drkg,kg,llama3.1:405b,0,8,G,3,0.3333333333333333,0,1,1,1,,both,consistent,4.0,Drug-6's activation of HTR1A and inhibition of HTR2A suggests a potential role in modulating serotonin pathways relevant to mood regulation.,0.75,2.625
2,Agitation associated with Alzheimer's dementia,drkg,kg,llama3.1:405b,1,8,D,1,1.0,1,1,1,1,,both,consistent,4.0,"Drug-6 targets HTR7, which is involved in mood regulation and could be relevant to agitation in Alzheimer's dementia.",0.75,2.125
2,LDL-C elevation in statin-intolerant dyslipidemia,drkg,kg,llama3.1:405b,0,8,C,1,1.0,1,1,1,1,,both,consistent,4.0,"Drug-8 targets PPARA, a key regulator of lipid metabolism, which is consistent with its potential to treat LDL-C elevation.",0.625,2.125
2,LDL-C elevation in statin-intolerant dyslipidemia,drkg,kg,llama3.1:405b,1,8,B,1,1.0,1,1,1,1,,both,consistent,5.0,"Drug-8 targets PPARA, a key nuclear receptor regulating lipid metabolism and transport, making it a strong candidate for addressing LDL-C elevation.",0.625,2.875
2,First-line anemia in lower-risk MDS,drkg,kg,llama3.1:405b,0,8,A,8,0.125,0,0,0,1,,prior,insufficient,1.0,"No information is available for Drug-8, making it impossible to assess its mechanistic plausibility.",0.625,2.375
2,First-line anemia in lower-risk MDS,drkg,kg,llama3.1:405b,1,8,E,5,0.2,0,0,1,1,,prior,insufficient,1.0,"No evidence was provided for Drug-7, making it uncertain to assess its mechanistic plausibility.",0.75,1.75
2,"Crohn's disease (moderate-severe, refractory)",drkg,kg,llama3.1:405b,0,8,C,1,1.0,1,1,1,1,,kg,consistent,4.0,"Drug-7 targets IL23A, a cytokine involved in the pathogenesis of Crohn's disease, making it a plausible candidate for treatment.",0.375,2.875
2,"Crohn's disease (moderate-severe, refractory)",drkg,kg,llama3.1:405b,1,8,F,1,1.0,1,1,1,1,,both,consistent,5.0,"Drug-7 targets IL23A, a cytokine involved in the inflammatory response and a known target for Crohn's disease treatment.",0.625,2.5
2,COVID-19 in severe renal impairment/dialysis,drkg,kg,llama3.1:405b,0,8,H,8,0.125,0,0,0,1,,prior,insufficient,1.0,"No evidence was provided for Drug-8, making it impossible to assess its plausibility.",0.75,2.25
2,COVID-19 in severe renal impairment/dialysis,drkg,kg,llama3.1:405b,1,8,F,6,0.16666666666666666,0,0,0,1,,prior,insufficient,1.0,"No evidence was provided for Drug-8, making it impossible to assess its mechanistic plausibility.",0.875,1.75
2,MASH with fibrosis,drkg,kg,llama3.1:405b,0,8,B,6,0.16666666666666666,0,0,0,1,,kg,conflicting,2.0,"Drug-8's activation of GCG may have pro-fibrotic effects, which conflicts with its potential anti-fibrotic effects through targeting GLP1R.",0.75,2.25
2,MASH with fibrosis,drkg,kg,llama3.1:405b,1,8,G,3,0.3333333333333333,0,1,1,1,,kg,consistent,3.0,"Drug-8's activation of GCG and targeting of GLP1R might have beneficial effects on glucose metabolism, which could indirectly impact fibrosis.",0.625,2.25
2,Pancreatic NET,drkg,kg,llama3.1:405b,0,8,H,1,1.0,1,1,1,1,,both,consistent,4.0,"Drug-8 has a strong inhibitory profile against multiple kinases involved in tumor growth and angiogenesis, making it a plausible candidate for Pancreatic NET treatment.",0.875,2.125
2,Pancreatic NET,drkg,kg,llama3.1:405b,1,8,B,1,1.0,1,1,1,1,,both,consistent,4.0,"Drug-8 inhibits multiple targets involved in tumor growth and angiogenesis, including VEGFA, MET, and KIT, which is consistent with its potential efficacy in treating Pancreatic NET.",0.625,1.875
2,Retinal vein occlusion,drkg,kg,llama3.1:405b,0,8,C,7,0.14285714285714285,0,0,0,1,,prior,insufficient,1.0,No provided evidence for Drug-8; its potential effects on retinal vein occlusion are unknown.,0.625,1.875
2,Retinal vein occlusion,drkg,kg,llama3.1:405b,1,8,E,6,0.16666666666666666,0,0,0,1,,prior,insufficient,1.0,"No information is provided for Drug-8, making its assessment uncertain.",0.5,2.125
2,Cerebral folate transport deficiency,drkg,kg,llama3.1:405b,0,8,A,2,0.5,0,1,1,1,,prior,insufficient,3.0,"While Drug-1's profile doesn't directly relate to folate metabolism or transport, its broad range of targets suggests potential off-target effects that could be beneficial.",0.25,1.875
2,Cerebral folate transport deficiency,drkg,kg,llama3.1:405b,1,8,G,2,0.5,0,1,1,1,,prior,insufficient,3.0,"Although no knowledge-graph evidence is provided for Drug-1, its activation of GALR1 and GALR2 receptors suggests a potential link to folate transport regulation.",0.625,2.0
2,ILD-associated pulmonary hypertension,drkg,kg,llama3.1:405b,0,8,G,7,0.14285714285714285,0,0,0,1,,kg,insufficient,1.0,Drug-3 has limited evidence and no clear mechanistic link to the disease.,0.75,1.875
2,ILD-associated pulmonary hypertension,drkg,kg,llama3.1:405b,1,8,A,6,0.16666666666666666,0,0,0,1,,prior,insufficient,1.0,Drug-3 has no clear mechanistic link to pulmonary hypertension based on the provided evidence.,0.625,1.875
2,Indolent systemic mastocytosis (EMA),drkg,kg,llama3.1:405b,0,8,E,1,1.0,1,1,1,1,,prior,insufficient,2.0,"No evidence is provided, but Drug-8's empty profile makes it slightly less promising than the unprofiled Drug-E.",0.75,2.75
2,Indolent systemic mastocytosis (EMA),drkg,kg,llama3.1:405b,1,8,G,8,0.125,0,0,0,1,,prior,insufficient,1.0,"Drug-2's inhibition of TOP2A and TOP2B, while relevant in cancer treatment, has unclear relevance to indolent systemic mastocytosis.",0.5,1.875
2,CRSwNP (eosinophilic chronic rhinosinusitis with nasal polyps),drkg,kg,llama3.1:405b,0,8,C,8,0.125,0,0,0,1,,prior,insufficient,1.0,"Lacking any provided evidence, Drug-8's assessment for CRSwNP treatment relies entirely on prior knowledge and is therefore uncertain.",0.75,2.375
2,CRSwNP (eosinophilic chronic rhinosinusitis with nasal polyps),drkg,kg,llama3.1:405b,1,8,A,8,0.125,0,0,0,1,,prior,insufficient,1.0,"No evidence is provided for Drug-8, making it difficult to assess its mechanistic plausibility.",0.75,2.875
2,Chronic hepatitis B (pediatric),drkg,kg,llama3.1:405b,0,8,E,8,0.125,0,0,0,1,,prior,insufficient,1.0,Drug-8 has no clear mechanistic links to hepatitis B treatment based on the knowledge graph or prior pharmacological knowledge.,0.75,2.125
2,Chronic hepatitis B (pediatric),drkg,kg,llama3.1:405b,1,8,C,8,0.125,0,0,0,1,,kg,insufficient,1.0,The knowledge graph provides no clear evidence for Drug-8's mechanistic plausibility in treating Chronic hepatitis B (pediatric).,0.25,2.0
2,HoFH in children,drkg,kg,llama3.1:405b,0,8,D,4,0.25,0,0,1,1,,prior,insufficient,1.0,"Similar to Drug-7, the lack of evidence for Drug-8 makes it difficult to evaluate its potential relevance to HoFH in children beyond nonspecific pharmacological considerations.",0.5,1.75
2,HoFH in children,drkg,kg,llama3.1:405b,1,8,B,4,0.25,0,0,1,1,,prior,insufficient,1.0,"No evidence is provided for Drug-8, making it impossible to assess its mechanistic plausibility.",0.625,1.75
2,Biliary tract cancer 1L,drkg,kg,llama3.1:405b,0,8,H,8,0.125,0,0,0,1,,kg,insufficient,1.0,"Drug-8 targets CD274 and CD80, which are involved in immune regulation but lack direct evidence linking them to Biliary tract cancer 1L treatment.",0.75,2.0
2,Biliary tract cancer 1L,drkg,kg,llama3.1:405b,1,8,F,4,0.25,0,0,1,1,,prior,insufficient,2.0,"No clear links to Biliary tract cancer 1L were found in the knowledge graph, but Drug-8's targeting of CD274 and CD80 could potentially affect immune response.",0.625,2.375
2,Diabetic retinopathy/DME (EMA Mar+May 2026),drkg,kg,llama3.1:405b,0,8,F,7,0.14285714285714285,0,0,0,1,,prior,insufficient,1.0,No evidence or clear rationale supports Drug-8's use for Diabetic retinopathy/DME.,0.375,1.875
2,Diabetic retinopathy/DME (EMA Mar+May 2026),drkg,kg,llama3.1:405b,1,8,G,7,0.14285714285714285,0,0,0,1,,prior,insufficient,1.0,"No knowledge-graph evidence is provided, and prior pharmacological knowledge does not suggest a clear connection to Diabetic retinopathy/DME.",0.5,2.25
2,Spinal muscular atrophy (pediatric expansion),drkg,kg,llama3.1:405b,0,8,C,5,0.2,0,0,1,1,,prior,insufficient,1.0,"No information is provided on Drug-8, making it impossible to assess its potential.",0.75,1.75
2,Spinal muscular atrophy (pediatric expansion),drkg,kg,llama3.1:405b,1,8,E,8,0.125,0,0,0,1,,prior,insufficient,1.0,"No information is available for Drug-1, except that it upregulates H2BC12, which has no clear connection to spinal muscular atrophy.",0.75,2.25
2,High LDL-C with increased CV risk (expanded),drkg,kg,llama3.1:405b,0,8,G,7,0.14285714285714285,0,0,0,1,,prior,insufficient,1.0,"No evidence was provided for Drug-8, and its mechanism of action is unknown.",0.625,2.25
2,High LDL-C with increased CV risk (expanded),drkg,kg,llama3.1:405b,1,8,C,6,0.16666666666666666,0,0,0,1,,prior,insufficient,1.0,"Without knowledge graph evidence or clear pharmacological mechanisms, I have low confidence in Drug-8's potential to treat High LDL-C with increased CV risk.",0.5,2.375
2,Polycythaemia vera and essential thrombocytopenia,drkg,kg,llama3.1:405b,0,8,E,1,1.0,1,1,1,1,,kg,consistent,4.0,"Drug-1 activates IFNAR2 and IFNAR1, which is consistent with the disease's association with IFNA2.",0.375,2.0
2,Polycythaemia vera and essential thrombocytopenia,drkg,kg,llama3.1:405b,1,8,H,1,1.0,1,1,1,1,,both,consistent,4.0,"Drug-1 activates IFNAR2 and IFNAR1, which is consistent with the disease's association with IFNA2.",0.5,2.0
2,Hidradenitis suppurativa,drkg,kg,llama3.1:405b,0,8,D,1,1.0,1,1,1,1,,kg,consistent,4.0,"Drug-6 inhibits IL17A, a cytokine involved in inflammatory responses, which is consistent with its potential use in treating an inflammatory disease like Hidradenitis suppurativa.",0.75,1.875
2,Hidradenitis suppurativa,drkg,kg,llama3.1:405b,1,8,A,6,0.16666666666666666,0,0,0,1,,kg,conflicting,1.0,"Drug-6's inhibition of IL17A might exacerbate Hidradenitis suppurativa, as IL17A has anti-inflammatory effects in some contexts.",0.75,1.875
2,Acute HCV pediatric,drkg,kg,llama3.1:405b,0,8,A,5,0.2,0,0,1,1,,kg,consistent,2.0,"Drug-8 targets several transporters and enzymes involved in drug metabolism, which might indirectly affect HCV replication or the host's response to infection.",0.75,2.375
2,Acute HCV pediatric,drkg,kg,llama3.1:405b,1,8,B,3,0.3333333333333333,0,1,1,1,,kg,insufficient,3.0,"Drug-8 targets several transporters and enzymes, but the knowledge graph does not provide sufficient evidence to establish a clear link to Acute HCV pediatric treatment.",0.5,2.25
2,CKD in T2D,drkg,kg,llama3.1:405b,0,8,A,1,1.0,1,1,1,1,,both,consistent,4.0,"Drug-8 activates GCG, which is involved in glucose regulation, making it a plausible candidate for treating CKD in T2D.",0.5,2.625
2,CKD in T2D,drkg,kg,llama3.1:405b,1,8,B,1,1.0,1,1,1,1,,kg,consistent,4.0,"Drug-8 activates GCG, which is involved in glucose metabolism and may have a beneficial effect on CKD in T2D.",0.75,1.875
2,BRAF V600E metastatic NSCLC,drkg,kg,llama3.1:405b,0,8,D,1,1.0,1,1,1,1,,both,consistent,5.0,"Drug-7 inhibits BRAF, a key driver mutation in NSCLC, and targets MAP2K1, CCND1, PTEN, KRAS, EGFR, and TP53, all of which are involved in cancer cell proliferation and survival.",0.625,2.0
2,BRAF V600E metastatic NSCLC,drkg,kg,llama3.1:405b,1,8,B,1,1.0,1,1,1,1,,both,consistent,5.0,"Drug-7 directly inhibits BRAF, a key player in the MAPK/ERK pathway, which is constitutively active in BRAF V600E NSCLC.",0.875,2.125
2,Retinal vein occlusion,drkg,kg,llama3.1:405b,0,8,D,7,0.14285714285714285,0,0,0,1,,prior,insufficient,1.0,"No information was provided for Drug-8, making its assessment impossible.",0.375,2.0
2,Retinal vein occlusion,drkg,kg,llama3.1:405b,1,8,A,5,0.2,0,0,1,1,,prior,insufficient,1.0,There is no information about Drug-8's mechanism of action or potential benefits in Retinal vein occlusion.,0.0,1.75
2,Agitation associated with Alzheimer's dementia,drkg,kg,llama3.1:405b,0,8,B,2,0.5,0,1,1,1,,both,consistent,4.0,"Drug-3 has a diverse profile, including activation of SIGMAR1 and inhibition of GRIN2C, which could impact agitation through modulation of neurotransmitter systems.",0.875,2.5
2,Agitation associated with Alzheimer's dementia,drkg,kg,llama3.1:405b,1,8,C,1,1.0,1,1,1,1,,both,consistent,4.0,"Drug-3 has a plausible mechanistic profile, targeting SIGMAR1 and inhibiting GRIN2C, which are relevant to Alzheimer's disease pathology.",0.625,2.5
2,Heterozygous familial hypercholesterolemia,drkg,kg,llama3.1:405b,0,8,C,1,1.0,1,1,1,1,,both,consistent,5.0,"Drug-7 inhibits PCSK9, a protein that plays a critical role in lipid metabolism and is associated with heterozygous familial hypercholesterolemia.",0.25,2.0
2,Heterozygous familial hypercholesterolemia,drkg,kg,llama3.1:405b,1,8,C,1,1.0,1,1,1,1,,both,consistent,5.0,"Drug-7 inhibits PCSK9, a well-established target for reducing LDL cholesterol levels in patients with heterozygous familial hypercholesterolemia.",0.42857142857142855,2.0
2,Acquired hypofibrinogenemia in cardiovascular surgery,drkg,kg,llama3.1:405b,0,8,C,6,0.16666666666666666,0,0,0,1,,prior,insufficient,1.0,"No evidence was provided for Drug-6, making it impossible to assess its mechanistic plausibility.",0.5,2.25
2,Acquired hypofibrinogenemia in cardiovascular surgery,drkg,kg,llama3.1:405b,1,8,C,7,0.14285714285714285,0,0,0,1,,prior,insufficient,1.0,"No information is available for Drug-6, making it impossible to assess its mechanistic plausibility.",0.375,2.0
2,Crohn's disease,drkg,kg,llama3.1:405b,0,8,C,1,1.0,1,1,1,1,,both,consistent,4.0,"Drug-8 inhibits JAK1 and targets TYK2, which are involved in the immune response and have been implicated in Crohn's disease.",0.75,2.375
2,Crohn's disease,drkg,kg,llama3.1:405b,1,8,B,1,1.0,1,1,1,1,,both,consistent,4.0,"Drug-8's inhibition of JAK1 and targeting of TYK2, JAK3, and JAK2 align with its potential to modulate immune responses relevant to Crohn's disease.",0.375,2.125
2,COVID-19 updated strain,drkg,kg,llama3.1:405b,0,8,E,5,0.2,0,0,1,1,,prior,insufficient,2.0,"No evidence is provided for Drug-8, making it difficult to assess its mechanistic plausibility.",0.625,2.625
2,COVID-19 updated strain,drkg,kg,llama3.1:405b,1,8,C,9,0.1111111111111111,0,0,0,1,,,,,,1.0,4.0
2,HoFH pediatric (EMA),drkg,kg,llama3.1:405b,0,8,E,7,0.14285714285714285,0,0,0,1,,prior,insufficient,1.0,"Similarly, no information was provided for Drug-7 beyond targeting G6PD, which does not clearly relate to HoFH pediatric (EMA).",0.5,2.125
2,HoFH pediatric (EMA),drkg,kg,llama3.1:405b,1,8,B,7,0.14285714285714285,0,0,0,1,,prior,insufficient,1.0,"No evidence is provided, and based on prior knowledge, the relation to HoFH pediatric is uncertain.",0.75,2.125
2,Primary mediastinal large B-cell lymphoma,drkg,kg,llama3.1:405b,0,8,C,3,0.3333333333333333,0,1,1,1,,kg,consistent,2.0,"Drug-7 targets several genes, including PDCD1 and CD274, which are relevant to immune regulation in cancer; however, the direct connection to PMBCL is sparse.",0.25,1.5
2,Primary mediastinal large B-cell lymphoma,drkg,kg,llama3.1:405b,1,8,A,1,1.0,1,1,1,1,,both,consistent,4.0,"Drug-7 targets multiple proteins that could be relevant to cancer, including ALK and PDCD1, which are known to play roles in various cancers, suggesting potential efficacy against PMBCL.",0.5,2.0
2,TRD monotherapy,drkg,kg,llama3.1:405b,0,8,E,1,1.0,1,1,1,1,,both,consistent,4.0,"Drug-5 targets multiple genes involved in neurotransmission, such as GRIN3B and NTRK2, which are plausible for treating TRD monotherapy.",0.5,2.0
2,TRD monotherapy,drkg,kg,llama3.1:405b,1,8,C,3,0.3333333333333333,0,1,1,1,,kg,consistent,4.0,"Drug-5 targets GRIN2A and GRIN2B, which are related to NMDA receptor function, potentially linking it to TRD monotherapy.",0.75,3.0
2,Reduce MACE in CVD + obesity/overweight,drkg,kg,llama3.1:405b,0,8,F,1,1.0,1,1,1,1,,both,consistent,4.0,"Drug-7's activation of GCG, involved in glucose regulation, and targeting of GLP1R, a key receptor for glucose homeostasis, presents a plausible mechanism for addressing CVD + obesity/overweight.",0.5,2.0
2,Reduce MACE in CVD + obesity/overweight,drkg,kg,llama3.1:405b,1,8,G,1,1.0,1,1,1,1,,kg,consistent,4.0,"Drug-7 activates GCG, which is involved in glucose metabolism and may have a beneficial effect on reducing MACE in CVD + obesity/overweight.",0.25,1.875
2,Allergic fungal rhinosinusitis (AFRS) ≥6yr,drkg,kg,llama3.1:405b,0,8,G,1,1.0,1,1,1,1,,kg,consistent,4.0,"Drug-8 targets IL4R, which is a key receptor involved in allergic responses, making it a plausible candidate for treating AFRS.",0.875,2.375
2,Allergic fungal rhinosinusitis (AFRS) ≥6yr,drkg,kg,llama3.1:405b,1,8,A,1,1.0,1,1,1,1,,both,consistent,4.0,"Drug-8 targets IL4R, which is a key receptor involved in the allergic response, making it a plausible candidate for treating AFRS.",0.625,2.25
2,Measles prophylaxis post-exposure,drkg,kg,llama3.1:405b,0,8,C,1,1.0,1,1,1,1,,both,consistent,4.0,"Drug-1 targets multiple FCGR genes, which are involved in immune responses and may contribute to measles prophylaxis.",0.625,2.625
2,Measles prophylaxis post-exposure,drkg,kg,llama3.1:405b,1,8,D,4,0.25,0,0,1,1,,kg,consistent,3.0,"Drug-1's targeting of FCGR2A and other Fc receptors may have some relevance to immune responses, but its direct connection to measles prophylaxis is unclear.",0.5,2.25
2,Obstructive sleep apnea with obesity,drkg,kg,llama3.1:405b,0,8,E,8,0.125,0,0,0,1,,prior,insufficient,1.0,"No information was provided for Drug-8, making it impossible to assess its mechanistic plausibility.",0.5,1.875
2,Obstructive sleep apnea with obesity,drkg,kg,llama3.1:405b,1,8,D,7,0.14285714285714285,0,0,0,1,,prior,insufficient,1.0,"No information is provided for Drug-8, making its potential efficacy uncertain and the lowest in ranking.",0.75,2.25
2,HER2+ solid tumors (tumor-agnostic),drkg,kg,llama3.1:405b,0,8,C,2,0.5,0,1,1,1,,both,consistent,3.0,"Drug-8 targets FCGR1A, which may be involved in immune responses against tumors, and TOP1, a topoisomerase that can contribute to cancer cell proliferation.",0.75,2.0
2,HER2+ solid tumors (tumor-agnostic),drkg,kg,llama3.1:405b,1,8,A,2,0.5,0,1,1,1,,kg,consistent,3.0,"Drug-8 targets FCGR1A, which may influence immune responses against tumor cells, but the direct connection to HER2 signaling is unclear.",0.875,2.125
2,Heart failure (broadened),drkg,kg,llama3.1:405b,0,8,H,8,0.125,0,0,0,1,,prior,insufficient,1.0,Drug-8's profile shows interactions with various transporters and enzymes but does not provide a clear rationale for its use in treating heart failure.,0.5,2.25
2,Heart failure (broadened),drkg,kg,llama3.1:405b,1,8,H,8,0.125,0,0,0,1,,kg,insufficient,1.0,The knowledge graph does not provide sufficient evidence to support a mechanistic link between Drug-8 and heart failure.,0.75,2.125
2,GVHD + pediatric,drkg,kg,llama3.1:405b,0,8,E,1,1.0,1,1,1,1,,prior,insufficient,2.0,"No knowledge-graph evidence was provided for Drug-6 has a plausible immunomodulatory mechanism via JAK inhibition, which is relevant to GVHD treatment.",0.375,1.75
2,GVHD + pediatric,drkg,kg,llama3.1:405b,1,8,A,1,1.0,1,1,1,1,,both,consistent,4.0,"Drug-6 inhibits JAK1, JAK2, and JAK3, which are involved in the immune response and may contribute to GVHD; it also targets SH2B3, which is associated with immune regulation.",0.625,2.25
2,COVID-19 (expanded population),drkg,kg,llama3.1:405b,0,8,G,8,0.125,0,0,0,1,,prior,insufficient,1.0,"No evidence is provided for Drug-8's mechanistic plausibility, making it uncertain.",0.5,1.875
2,COVID-19 (expanded population),drkg,kg,llama3.1:405b,1,8,A,7,0.14285714285714285,0,0,0,1,,prior,insufficient,1.0,"Without any provided evidence, Drug-8's potential for COVID-19 treatment is highly uncertain and speculative.",0.625,2.5
2,Delay T1D onset in children ≥1yr,drkg,kg,llama3.1:405b,0,8,C,7,0.14285714285714285,0,0,0,1,,prior,insufficient,1.0,"No evidence was provided, and prior knowledge does not suggest a clear mechanistic link to T1D.",0.625,2.125
2,Delay T1D onset in children ≥1yr,drkg,kg,llama3.1:405b,1,8,B,6,0.16666666666666666,0,0,0,1,,prior,insufficient,1.0,"No information was provided for Drug-6, making it impossible to assess its therapeutic potential.",0.5,1.875
2,BRAF+ thyroid cancer,drkg,kg,llama3.1:405b,0,8,H,1,1.0,1,1,1,1,,both,consistent,4.0,"Drug-8 inhibits MAP2K1 and MAP2K2, which are downstream targets of BRAF, suggesting a plausible mechanism for treating BRAF+ thyroid cancer.",0.5,1.875
2,BRAF+ thyroid cancer,drkg,kg,llama3.1:405b,1,8,B,1,1.0,1,1,1,1,,both,consistent,4.0,"Drug-8 inhibits MAP2K1 and MAP2K2, which are downstream targets of BRAF, making it a plausible candidate for treating BRAF+ thyroid cancer.",0.75,1.875
2,Chronic kidney disease,drkg,kg,llama3.1:405b,0,8,E,1,1.0,1,1,1,1,,both,consistent,4.0,"Drug-6 inhibits SLC5A2 and SLC5A1, which could help regulate glucose reabsorption in the kidneys, a key aspect of CKD management.",0.25,2.125
2,Chronic kidney disease,drkg,kg,llama3.1:405b,1,8,H,8,0.125,0,0,0,1,,prior,insufficient,1.0,"The available evidence does not support Drug-3's effectiveness for chronic kidney disease, and its multiple targets may not be relevant.",0.25,2.25
2,IgG4-related disease,drkg,kg,llama3.1:405b,0,8,C,6,0.16666666666666666,0,0,0,1,,prior,insufficient,1.0,"No information is available for Drug-8, making it impossible to assess its mechanistic plausibility for IgG4-related disease.",0.75,1.875
2,IgG4-related disease,drkg,kg,llama3.1:405b,1,8,G,8,0.125,0,0,0,1,,kg,insufficient,1.0,"The evidence for Drug-7's mechanism of action is limited, and its pharmacological profile does not suggest a clear mechanism for IgG4-related disease.",0.75,2.125
2,Oral tablet formulation for weight management,drkg,kg,llama3.1:405b,0,8,B,1,1.0,1,1,1,1,,both,consistent,4.0,"Drug-8 activates GCG, which is a key player in glucose and energy metabolism, making it a plausible candidate for weight management.",0.5,2.375
2,Oral tablet formulation for weight management,drkg,kg,llama3.1:405b,1,8,A,1,1.0,1,1,1,1,,both,consistent,4.0,"Drug-8 activates GCG, which is involved in glucose metabolism and potentially relevant to weight management.",0.5,2.0
2,Follicular lymphoma,drkg,kg,llama3.1:405b,0,8,A,7,0.14285714285714285,0,0,0,1,,prior,insufficient,1.0,"There is no provided evidence for Drug-8, making it difficult to assess its plausibility.",0.5,2.125
2,Follicular lymphoma,drkg,kg,llama3.1:405b,1,8,H,6,0.16666666666666666,0,0,0,1,,prior,insufficient,1.0,"Drug-8 lacks any provided evidence, making its assessment entirely speculative.",0.625,1.875
2,Palmoplantar pustulosis (PMDA),drkg,kg,llama3.1:405b,0,8,H,1,1.0,1,1,1,1,,both,consistent,4.0,"Drug-8 targets IL23A, a cytokine involved in inflammatory and autoimmune responses, consistent with the disease's inflammatory nature.",0.875,2.125
2,Palmoplantar pustulosis (PMDA),drkg,kg,llama3.1:405b,1,8,D,1,1.0,1,1,1,1,,kg,consistent,4.0,"Drug-8 targets IL23A, which is involved in the pathogenesis of PMDA, making it a plausible candidate.",0.625,2.25
2,Acquired hypothalamic obesity,drkg,kg,llama3.1:405b,0,8,D,1,1.0,1,1,1,1,,both,consistent,4.0,"Drug-6 activates MC4R, a gene associated with acquired hypothalamic obesity, making it a plausible candidate.",0.5,2.0
2,Acquired hypothalamic obesity,drkg,kg,llama3.1:405b,1,8,C,1,1.0,1,1,1,1,,both,consistent,5.0,Direct activation of MC4R strongly suggests a therapeutic effect for Acquired hypothalamic obesity.,0.125,1.625
2,Pheochromocytoma/paraganglioma,drkg,kg,llama3.1:405b,0,8,H,8,0.125,0,0,0,1,,prior,insufficient,1.0,There is no clear link between EPAS1 targeting by Drug-8 and Pheochromocytoma/paraganglioma.,0.75,2.25
2,Pheochromocytoma/paraganglioma,drkg,kg,llama3.1:405b,1,8,E,6,0.16666666666666666,0,0,0,1,,kg,insufficient,1.0,The provided evidence for Drug-8 is too sparse to assess its relevance.,0.875,2.125
2,IgE-mediated food allergy,drkg,kg,llama3.1:405b,0,8,F,1,1.0,1,1,1,1,,both,consistent,5.0,"Drug-1 directly inhibits IGHE, a key player in IgE-mediated food allergy.",0.375,2.25
2,IgE-mediated food allergy,drkg,kg,llama3.1:405b,1,8,B,1,1.0,1,1,1,1,,both,consistent,5.0,"Drug-1 inhibits IGHE, directly targeting a key component in IgE-mediated food allergy.",0.5,2.0
2,Advanced RCC after PD-1/PD-L1 + VEGF-TKI,drkg,kg,llama3.1:405b,0,8,H,8,0.125,0,0,0,1,,kg,insufficient,1.0,"Drug-8's profile is very sparse, with only one target (EPAS1) that lacks clear connections to the disease.",0.5,2.25
2,Advanced RCC after PD-1/PD-L1 + VEGF-TKI,drkg,kg,llama3.1:405b,1,8,F,3,0.3333333333333333,0,1,1,1,,kg,insufficient,2.0,"Although Drug-8 targets EPAS1, which is involved in angiogenesis, the evidence is limited, making it a less confident choice.",0.5,2.0
2,COPD,drkg,kg,llama3.1:405b,0,8,G,3,0.3333333333333333,0,1,1,1,,both,consistent,3.0,"Drug-8 targets IL4R, which is involved in Th2 inflammation and could potentially alleviate COPD symptoms.",0.375,2.375
2,COPD,drkg,kg,llama3.1:405b,1,8,B,2,0.5,0,1,1,1,,kg,consistent,3.0,"Drug-8's targeting of IL4R may help reduce inflammation in COPD, but the evidence is limited to a single association.",0.375,2.0
2,mHSPC + ADT,drkg,kg,llama3.1:405b,0,8,D,1,1.0,1,1,1,1,,both,consistent,5.0,"Drug-8 targets PGR and AR, which are relevant to the disease profile of mHSPC + ADT.",0.75,2.375
2,mHSPC + ADT,drkg,kg,llama3.1:405b,1,8,E,1,1.0,1,1,1,1,,both,consistent,4.0,"Drug-8 targets PGR and AR, which are relevant to prostate cancer and hormone regulation, making it a plausible candidate for treating mHSPC + ADT.",0.75,1.875
2,COPD (EMA 2025),drkg,kg,llama3.1:405b,0,8,A,2,0.5,0,1,1,1,,kg,consistent,3.0,"Drug-8 targets IL4R, which is involved in the regulation of immune responses and may be relevant to COPD.",0.75,2.125
2,COPD (EMA 2025),drkg,kg,llama3.1:405b,1,8,B,2,0.5,0,1,1,1,,kg,consistent,3.0,"Drug-8 targets IL4R, which is involved in inflammation and could be relevant to COPD.",0.75,2.125
2,dMMR/MSI-H primary advanced endometrial cancer,drkg,kg,llama3.1:405b,0,8,D,8,0.125,0,0,0,1,,prior,insufficient,1.0,"Since no information is available for Drug-8, its utility in the context of endometrial cancer treatment cannot be assessed.",0.75,2.25
2,dMMR/MSI-H primary advanced endometrial cancer,drkg,kg,llama3.1:405b,1,8,C,8,0.125,0,0,0,1,,prior,insufficient,1.0,"No information is provided for Drug-8, making it impossible to assess its potential efficacy or mechanism in the context of this disease.",0.5,1.875
2,Generalized myasthenia gravis,drkg,kg,llama3.1:405b,0,8,G,8,0.125,0,0,0,1,,prior,insufficient,1.0,"No information was provided for Drug-8, making it impossible to assess its potential relevance.",0.25,1.5
2,Generalized myasthenia gravis,drkg,kg,llama3.1:405b,1,8,G,8,0.125,0,0,0,1,,prior,insufficient,1.0,"No information is available for Drug-8, making it impossible to assess its relevance to generalized myasthenia gravis.",0.375,1.875
2,Urothelial carcinoma (expanded population),drkg,kg,llama3.1:405b,0,8,E,1,1.0,1,1,1,1,,kg,consistent,4.0,"Drug-8 targets NECTIN4, which is a relevant target for urothelial carcinoma treatment.",0.875,2.25
2,Urothelial carcinoma (expanded population),drkg,kg,llama3.1:405b,1,8,D,1,1.0,1,1,1,1,,kg,consistent,4.0,"Drug-8 targets NECTIN4, which is a cell adhesion molecule that has been implicated in the progression of urothelial carcinoma.",0.75,1.75
2,Crohn's disease,drkg,kg,llama3.1:405b,0,8,C,1,1.0,1,1,1,1,,kg,consistent,4.0,"Drug-8 targets IL23A, which is a well-established target for Crohn's disease treatment.",0.375,2.5
2,Crohn's disease,drkg,kg,llama3.1:405b,1,8,C,1,1.0,1,1,1,1,,kg,consistent,5.0,"Drug-8 targets IL23A, which is a key cytokine involved in the pathogenesis of Crohn's disease.",0.375,2.25
2,RAS wild-type HER2+ metastatic colorectal cancer,drkg,kg,llama3.1:405b,0,8,G,1,1.0,1,1,1,1,,kg,consistent,5.0,"Directly targets ERBB2, a key protein in HER2+ metastatic colorectal cancer.",0.2857142857142857,2.142857142857143
2,RAS wild-type HER2+ metastatic colorectal cancer,drkg,kg,llama3.1:405b,1,8,B,1,1.0,1,1,1,1,,kg,consistent,4.0,"Drug-7 targets ERBB2, directly related to HER2+ colorectal cancer.",0.5,2.5
2,Atopic dermatitis,drkg,kg,llama3.1:405b,0,8,B,1,1.0,1,1,1,1,,both,consistent,4.0,"Drug-7 inhibits JAK1 and JAK2, which are involved in the immune response and inflammation pathways relevant to atopic dermatitis.",0.25,2.0
2,Atopic dermatitis,drkg,kg,llama3.1:405b,1,8,E,1,1.0,1,1,1,1,,both,consistent,4.0,"Drug-7's inhibition of JAK1 and JAK2 is a well-established mechanism for treating atopic dermatitis, and its targeting of SLC47A2 and other transporters may also contribute to its efficacy.",0.375,2.0
2,dMMR recurrent/advanced endometrial cancer,drkg,kg,llama3.1:405b,0,8,G,6,0.16666666666666666,0,0,0,1,,prior,insufficient,1.0,"No evidence is provided for Drug-8, and its mechanism of action is unknown.",0.375,2.375
2,dMMR recurrent/advanced endometrial cancer,drkg,kg,llama3.1:405b,1,8,F,7,0.14285714285714285,0,0,0,1,,prior,insufficient,1.0,"No evidence was provided for Drug-8, making it difficult to assess its mechanistic plausibility.",0.625,2.125
2,Polymyalgia rheumatica,drkg,kg,llama3.1:405b,0,8,C,1,1.0,1,1,1,1,,kg,consistent,4.0,"Drug-8 targets IL6R, which is involved in inflammation and immune response regulation, making it a plausible candidate for treating Polymyalgia rheumatica.",0.5,2.375
2,Polymyalgia rheumatica,drkg,kg,llama3.1:405b,1,8,C,2,0.5,0,1,1,1,,kg,consistent,3.0,"Drug-8 targets IL6R, which is involved in inflammation and could be relevant to Polymyalgia rheumatica, though the connection is indirect.",0.375,1.75
2,Metastatic colorectal cancer,drkg,kg,llama3.1:405b,0,8,H,7,0.14285714285714285,0,0,0,1,,both,consistent,5.0,"Binding to TYMP and downregulating PSRC1, among others, suggests a strong mechanistic link to inhibiting cancer cell proliferation.",0.75,3.375
2,Metastatic colorectal cancer,drkg,kg,llama3.1:405b,1,8,E,1,1.0,1,1,1,1,,both,consistent,4.0,"Drug-3 has a plausible profile, targeting TP53 and downregulating CCNB1, which are relevant to cancer cell cycle regulation.",0.5,1.875
2,Ulcerative colitis,drkg,kg,llama3.1:405b,0,8,B,1,1.0,1,1,1,1,,kg,consistent,4.0,"Drug-8 targets IL12B, which is a cytokine involved in the inflammatory response and has been implicated in ulcerative colitis.",0.375,2.25
2,Ulcerative colitis,drkg,kg,llama3.1:405b,1,8,A,2,0.5,0,1,1,1,,kg,consistent,3.0,"Drug-8 targets IL12B, a cytokine involved in the inflammatory response and implicated in ulcerative colitis.",0.625,2.0
2,MSI-H/dMMR solid tumors (full approval conversion),drkg,kg,llama3.1:405b,0,8,F,1,1.0,1,1,1,1,,both,consistent,5.0,"Drug-4 targets multiple mismatch repair genes (PMS2, MSH3, MSH6, MSH2, and MLH1) and inhibits PDCD1, making it a strong candidate for treating MSI-H/dMMR solid tumors.",0.5,2.375
2,MSI-H/dMMR solid tumors (full approval conversion),drkg,kg,llama3.1:405b,1,8,H,1,1.0,1,1,1,1,,both,consistent,4.0,"Drug-4 targets several proteins involved in DNA mismatch repair, which is relevant to MSI-H/dMMR solid tumors.",0.875,2.125
2,Schnitzler syndrome (Japan),drkg,kg,llama3.1:405b,0,8,B,1,1.0,1,1,1,1,,kg,consistent,4.0,"Drug-7 inhibits IL1B, which is associated with Schnitzler syndrome (Japan).",0.25,2.0
2,Schnitzler syndrome (Japan),drkg,kg,llama3.1:405b,1,8,F,1,1.0,1,1,1,1,,both,consistent,5.0,"Directly inhibits IL1B, a key gene associated with Schnitzler syndrome.",0.125,2.125
2,HR+/HER2- metastatic breast cancer,drkg,kg,llama3.1:405b,0,8,C,1,1.0,1,1,1,1,,both,consistent,5.0,"Drug-7 targets BRCA1 and BRCA2, which are crucial genes in breast cancer, and inhibits PARP1 and PARP2, making it a strong candidate for HR+/HER2- metastatic breast cancer.",0.5,2.625
2,HR+/HER2- metastatic breast cancer,drkg,kg,llama3.1:405b,1,8,D,1,1.0,1,1,1,1,,both,consistent,4.0,"Drug-7 targets multiple proteins (PARP1, PARP2, BRCA1, and BRCA2) involved in DNA repair pathways that are often dysregulated in breast cancer.",0.25,1.875
2,Giant cell arteritis,drkg,kg,llama3.1:405b,0,8,A,1,1.0,1,1,1,1,,both,consistent,4.0,"Drug-8's inhibition of JAK1, TYK2, JAK3, and JAK2 could modulate the immune response in Giant cell arteritis.",0.75,2.5
2,Giant cell arteritis,drkg,kg,llama3.1:405b,1,8,D,1,1.0,1,1,1,1,,both,consistent,4.0,"Drug-8's inhibition of JAK1, TYK2, JAK3, and JAK2 provides a strong rationale for treating Giant cell arteritis, given the disease's association with IL10 and IL1B.",0.625,1.875
2,Neoadj+adj HNSCC,drkg,kg,llama3.1:405b,0,8,H,3,0.3333333333333333,0,1,1,1,,both,consistent,3.0,"Drug-5's inhibition of PDCD1 and targeting of CD274 suggests potential for cancer treatment, particularly in immunotherapy.",0.625,2.25
2,Neoadj+adj HNSCC,drkg,kg,llama3.1:405b,1,8,H,4,0.25,0,0,1,1,,kg,consistent,3.0,"Drug-5 inhibits PDCD1, a checkpoint protein involved in cancer immune evasion.",0.75,2.625
2,Psoriasis in children 6-11 (cream),drkg,kg,llama3.1:405b,0,8,D,1,1.0,1,1,1,1,,both,consistent,4.0,"Drug-2 inhibits TNF, a key cytokine involved in psoriasis pathogenesis, and its inhibition of PDE4 enzymes is consistent with anti-inflammatory effects.",0.875,2.0
2,Psoriasis in children 6-11 (cream),drkg,kg,llama3.1:405b,1,8,C,1,1.0,1,1,1,1,,both,consistent,4.0,"Drug-2 inhibits TNF, a key cytokine involved in psoriasis, and targets VEGFA, which is associated with skin inflammation.",0.625,2.0
2,dMMR/MSI-H primary advanced endometrial cancer (+chemo),drkg,kg,llama3.1:405b,0,8,H,8,0.125,0,0,0,1,,prior,insufficient,1.0,"No information was provided for Drug-8, making it impossible to assess its mechanistic plausibility.",0.875,2.125
2,dMMR/MSI-H primary advanced endometrial cancer (+chemo),drkg,kg,llama3.1:405b,1,8,H,8,0.125,0,0,0,1,,prior,insufficient,1.0,"There is no knowledge graph evidence for Drug-8, and its potential mechanisms are unknown.",0.75,2.25
2,Primary immunodeficiency pediatric (EMA),drkg,kg,llama3.1:405b,0,8,E,1,1.0,1,1,1,1,,both,consistent,4.0,"Drug-1 targets several receptors related to immune function, making it a plausible candidate for treating primary immunodeficiency pediatric.",0.875,2.25
2,Primary immunodeficiency pediatric (EMA),drkg,kg,llama3.1:405b,1,8,D,1,1.0,1,1,1,1,,kg,consistent,4.0,"Drug-1 targets multiple FCGR genes, which are crucial for immune cell function and antibody-mediated responses, making it a plausible candidate.",0.5,2.625
2,HR+/HER2- breast cancer,drkg,kg,llama3.1:405b,0,8,D,8,0.125,0,0,0,1,,prior,insufficient,1.0,"No information is provided for Drug-8, making it impossible to assess its potential mechanistic link to the disease.",0.5,2.125
2,HR+/HER2- breast cancer,drkg,kg,llama3.1:405b,1,8,D,8,0.125,0,0,0,1,,prior,insufficient,1.0,"No information is provided for Drug-8, making it impossible to assess its potential.",0.5,2.25
2,Ulcerative colitis,drkg,kg,llama3.1:405b,0,8,C,1,1.0,1,1,1,1,,both,consistent,4.0,"Drug-6 targets IL23A, a cytokine involved in the pathogenesis of ulcerative colitis.",0.25,1.875
2,Ulcerative colitis,drkg,kg,llama3.1:405b,1,8,B,1,1.0,1,1,1,1,,both,consistent,4.0,"Drug-6 targets IL23A, which is involved in the pathogenesis of ulcerative colitis.",0.25,1.875
2,HER2-mutant NSCLC (PMDA),drkg,kg,llama3.1:405b,0,8,D,7,0.14285714285714285,0,0,0,1,,kg,consistent,2.0,"Drug-8 targets FCGR1A and TOP1, but its relevance to HER2-mutant NSCLC (PMDA) treatment is uncertain.",0.625,2.625
2,HER2-mutant NSCLC (PMDA),drkg,kg,llama3.1:405b,1,8,F,6,0.16666666666666666,0,0,0,1,,prior,insufficient,1.0,"Drug-8's targets, including TOP1, could be relevant to cancer but lack specific connection to HER2-mutant NSCLC.",0.125,1.5
2,Pediatric atopic dermatitis,drkg,kg,llama3.1:405b,0,8,H,2,0.5,0,1,1,1,,both,consistent,4.0,"Drug-8 inhibits JAK1, which is involved in the signaling pathway of several cytokines implicated in atopic dermatitis, including IL-4 and IL-13.",0.5,2.375
2,Pediatric atopic dermatitis,drkg,kg,llama3.1:405b,1,8,G,1,1.0,1,1,1,1,,both,consistent,5.0,"Drug-8 inhibits JAK1 and targets TYK2, JAK3, and JAK2, which are involved in inflammatory signaling pathways relevant to atopic dermatitis.",0.625,3.0
2,HER2-mutant NSCLC (EMA),drkg,kg,llama3.1:405b,0,8,G,6,0.16666666666666666,0,0,0,1,,prior,insufficient,1.0,Drug-8 has a unclear mechanism of action and no clear connection to NSCLC.,0.375,2.25
2,HER2-mutant NSCLC (EMA),drkg,kg,llama3.1:405b,1,8,C,8,0.125,0,0,0,1,,prior,insufficient,1.0,"Drug-8's targets, FCGR1A and TOP1, do not provide a clear rationale for treating HER2-mutant NSCLC.",0.125,1.875
2,IV formulation for rheumatic diseases (EMA),drkg,kg,llama3.1:405b,0,8,H,9,0.1111111111111111,0,0,0,1,,,,,,0.42857142857142855,2.142857142857143
2,IV formulation for rheumatic diseases (EMA),drkg,kg,llama3.1:405b,1,8,B,3,0.3333333333333333,0,1,1,1,,kg,consistent,3.0,"Drug-7 inhibits IL17A, which is a relevant target for rheumatic diseases, but the knowledge graph evidence is limited, and prior pharmacological knowledge does not provide additional support.",0.375,2.375
2,Resectable gastric/GEJ adenocarcinoma (neoadj+adj +FLOT),drkg,kg,llama3.1:405b,0,8,C,6,0.16666666666666666,0,0,0,1,,both,insufficient,2.0,"Drug-7 targets CD274 and CD80, which may be relevant for cancer treatment, but the evidence is limited and the targets may not be directly related to gastric adenocarcinoma.",0.625,2.5
2,Resectable gastric/GEJ adenocarcinoma (neoadj+adj +FLOT),drkg,kg,llama3.1:405b,1,8,A,5,0.2,0,0,1,1,,kg,insufficient,2.0,"Drug-7 targets CD274 and CD80, but the relevance to gastric adenocarcinoma is unclear.",1.0,2.7142857142857144
2,Antibody-mediated rejection in organ transplantation,drkg,kg,llama3.1:405b,0,8,A,8,0.125,0,0,0,1,,kg,conflicting,1.0,"Drug-1 inhibits MS4A1, but its effects on antibody-mediated rejection are unclear and may be conflicting.",0.625,2.5
2,Antibody-mediated rejection in organ transplantation,drkg,kg,llama3.1:405b,1,8,D,1,1.0,1,1,1,1,,both,consistent,4.0,"Drug-1 inhibits MS4A1, which is involved in B-cell activation and proliferation, making it a plausible candidate for treating antibody-mediated rejection.",0.75,3.0
2,RET-fusion NSCLC (expanded),drkg,kg,llama3.1:405b,0,8,D,8,0.125,0,0,0,1,,prior,insufficient,1.0,No information is available for Drug-8; prior knowledge does not suggest a clear connection to RET-fusion NSCLC.,0.125,2.0
2,RET-fusion NSCLC (expanded),drkg,kg,llama3.1:405b,1,8,F,7,0.14285714285714285,0,0,0,1,,prior,insufficient,1.0,No information is available on Drug-8's mechanism of action or potential effects on RET-fusion NSCLC.,0.25,1.625
2,EGPA,drkg,kg,llama3.1:405b,0,8,E,1,1.0,1,1,1,1,,both,consistent,4.0,"Drug-1 targets MS4A2 and FCER1A, which are involved in IgE-mediated responses, a key aspect of EGPA pathophysiology.",0.5,2.0
2,EGPA,drkg,kg,llama3.1:405b,1,8,A,1,1.0,1,1,1,1,,kg,consistent,4.0,"Drug-1 targets MS4A2 and FCER1A, which are involved in the allergic response, consistent with EGPA's association with IL5.",0.5,2.25
2,HR+/HER2- metastatic breast cancer,drkg,kg,llama3.1:405b,0,8,E,7,0.14285714285714285,0,0,0,1,,prior,insufficient,1.0,"No evidence is provided for Drug-6, and there is no clear prior knowledge suggesting its relevance to HR+/HER2- metastatic breast cancer.",0.5,2.375
2,HR+/HER2- metastatic breast cancer,drkg,kg,llama3.1:405b,1,8,C,8,0.125,0,0,0,1,,prior,insufficient,1.0,"No evidence is provided for Drug-8, making it impossible to evaluate its potential efficacy in breast cancer.",0.5,2.25
2,Primary humoral immunodeficiency pediatric 2-11yr,drkg,kg,llama3.1:405b,0,8,B,1,1.0,1,1,1,1,,kg,consistent,4.0,"Drug-1 targets multiple FCGR genes, which are involved in the regulation of immune responses, making it a plausible candidate for treating primary humoral immunodeficiency.",0.625,2.375
2,Primary humoral immunodeficiency pediatric 2-11yr,drkg,kg,llama3.1:405b,1,8,G,1,1.0,1,1,1,1,,both,consistent,4.0,"Drug-1 targets multiple FCGR genes, which are involved in the immune response, making it a plausible candidate for treating Primary humoral immunodeficiency pediatric 2-11yr.",0.75,2.5
2,Pediatric glioma (EMA),drkg,kg,llama3.1:405b,0,8,B,1,1.0,1,1,1,1,,both,consistent,4.0,"Inhibits MAPK1, BRAF, and RAF1, which are involved in cancer signaling pathways.",0.5,2.125
2,Pediatric glioma (EMA),drkg,kg,llama3.1:405b,1,8,F,3,0.3333333333333333,0,1,1,1,,both,consistent,4.0,"Drug-3 targets multiple kinases that could be relevant to pediatric glioma, including BRAF and RAF1.",0.75,2.375
2,Juvenile idiopathic arthritis (EMA Feb 2026),drkg,kg,llama3.1:405b,0,8,D,1,1.0,1,1,1,1,,kg,consistent,4.0,"Drug-8 inhibits JAK1 and JAK2, which are involved in the signaling pathways of several cytokines implicated in juvenile idiopathic arthritis.",0.25,2.0
2,Juvenile idiopathic arthritis (EMA Feb 2026),drkg,kg,llama3.1:405b,1,8,F,1,1.0,1,1,1,1,,kg,consistent,4.0,"Drug-8 inhibits JAK1 and JAK2, which are involved in cytokine signaling relevant to juvenile idiopathic arthritis.",0.25,1.875
2,Ph+ CML-CP after 2+ TKIs,drkg,kg,llama3.1:405b,0,8,G,1,1.0,1,1,1,1,,kg,consistent,5.0,"Drug-8 targets ABL1, a tyrosine kinase directly implicated in the pathogenesis of Ph+ CML-CP.",0.75,3.125
2,Ph+ CML-CP after 2+ TKIs,drkg,kg,llama3.1:405b,1,8,D,1,1.0,1,1,1,1,,both,consistent,5.0,"Drug-8 targets ABL1, which is directly involved in the pathogenesis of Ph+ CML-CP.",0.75,2.0
2,KRAS G12C+ mCRC,drkg,kg,llama3.1:405b,0,8,D,1,1.0,1,1,1,1,,kg,consistent,5.0,"Directly targets KRAS, a key driver in KRAS G12C+ mCRC.",0.75,2.375
2,KRAS G12C+ mCRC,drkg,kg,llama3.1:405b,1,8,A,1,1.0,1,1,1,1,,kg,consistent,5.0,"Directly targets KRAS, a key driver in KRAS G12C+ mCRC.",0.5,2.375
2,HR+/HER2- early breast cancer (adjuvant),drkg,kg,llama3.1:405b,0,8,F,1,1.0,1,1,1,1,,both,consistent,5.0,"Drug-6 targets CCND2, CCND3, and PGR, which are all relevant to HR+/HER2- early breast cancer.",0.75,2.25
2,HR+/HER2- early breast cancer (adjuvant),drkg,kg,llama3.1:405b,1,8,G,2,0.5,0,1,1,1,,both,consistent,4.0,"Drug-6 inhibits CDK4 and CDK6, which are key regulators of cell cycle progression, making it a plausible candidate for HR+/HER2- early breast cancer.",0.25,2.25
2,First-line anemia in lower-risk MDS,drkg,kg,llama3.1:405b,0,8,A,8,0.125,0,0,0,1,,prior,insufficient,1.0,"No evidence was provided for Drug-7, and its potential mechanisms are unknown.",0.625,2.125
2,First-line anemia in lower-risk MDS,drkg,kg,llama3.1:405b,1,8,E,1,1.0,1,1,1,1,,prior,insufficient,2.0,"No information is provided for Drug-5, so it cannot be evaluated beyond general pharmacological knowledge which does not indicate a direct connection to treating anemia in MDS.",0.75,2.5
2,Follicular lymphoma (+obinutuzumab),drkg,kg,llama3.1:405b,0,8,D,2,0.5,0,1,1,1,,kg,consistent,3.0,"Drug-8 targets multiple kinases, including BMX and TEC, which are involved in B-cell signaling pathways relevant to follicular lymphoma.",0.75,1.875
2,Follicular lymphoma (+obinutuzumab),drkg,kg,llama3.1:405b,1,8,E,1,1.0,1,1,1,1,,both,consistent,4.0,"Drug-8 targets multiple kinases, including BMX and TEC, which are involved in B-cell signaling pathways relevant to follicular lymphoma.",0.5,2.25
2,1L biliary tract cancer (+gemcitabine+cisplatin),drkg,kg,llama3.1:405b,0,8,H,6,0.16666666666666666,0,0,0,1,,prior,insufficient,1.0,"No evidence is provided for Drug-7, making it difficult to assess its mechanistic plausibility.",0.5,1.875
2,1L biliary tract cancer (+gemcitabine+cisplatin),drkg,kg,llama3.1:405b,1,8,E,3,0.3333333333333333,0,1,1,1,,kg,consistent,3.0,"Drug-6 inhibits PDCD1, which has a role in cancer, but the connection to the target disease is indirect and requires further investigation.",0.5,2.25
2,"ALK+ solid tumors (tissue-agnostic, world-first)",drkg,kg,llama3.1:405b,0,8,G,1,1.0,1,1,1,1,,kg,consistent,5.0,"Direct inhibition of ALK, a key driver in ALK+ solid tumors.",0.625,2.125
2,"ALK+ solid tumors (tissue-agnostic, world-first)",drkg,kg,llama3.1:405b,1,8,G,1,1.0,1,1,1,1,,both,consistent,5.0,Drug-8 directly inhibits ALK and has multiple targets related to cancer.,0.375,2.875
2,Pediatric BRAF V600E low-grade glioma,drkg,kg,llama3.1:405b,0,8,H,1,1.0,1,1,1,1,,prior,insufficient,2.0,"No evidence was provided for Drug-6 or Drug-H, making it uncertain to rank; however, since no negative information is available, a low-confidence prior-based ranking seems warranted.",0.625,2.75
2,Pediatric BRAF V600E low-grade glioma,drkg,kg,llama3.1:405b,1,8,F,1,1.0,1,1,1,1,,both,consistent,5.0,"Drug-5 directly inhibits BRAF, RAF1, and MAPK1, key components of the BRAF V600E signaling pathway.",0.75,2.125
2,Platinum-resistant ovarian carcinoma (PD-L1+ CPS≥1),drkg,kg,llama3.1:405b,0,8,A,1,1.0,1,1,1,1,,both,consistent,4.0,"Drug-8 inhibits PDCD1, which is a crucial target for PD-L1 positive cancers.",0.125,2.25
2,Platinum-resistant ovarian carcinoma (PD-L1+ CPS≥1),drkg,kg,llama3.1:405b,1,8,G,1,1.0,1,1,1,1,,both,consistent,4.0,"Drug-8 targets CD274 (PD-L1), which is directly related to the disease, and also inhibits PDCD1, a relevant immune checkpoint.",0.5,2.125
2,Ph+ CML-CP frontline (EMA Feb 2026),drkg,kg,llama3.1:405b,0,8,E,1,1.0,1,1,1,1,,both,consistent,5.0,"Drug-8 directly targets ABL1, which is a key component of the BCR-ABL1 fusion protein central to Ph+ CML-CP pathophysiology.",0.75,2.25
2,Ph+ CML-CP frontline (EMA Feb 2026),drkg,kg,llama3.1:405b,1,8,E,1,1.0,1,1,1,1,,both,consistent,5.0,"Drug-8 targets ABL1, directly addressing the BCR-ABL fusion protein central to Ph+ CML-CP.",0.5,2.125
2,Gastric/GEJ adenocarcinoma,drkg,kg,llama3.1:405b,0,8,D,1,1.0,1,1,1,1,,both,consistent,4.0,"Drug-8 targets CD274 (PD-L1) and CD80, which are relevant to cancer immunotherapy and may be effective in treating Gastric/GEJ adenocarcinoma.",0.75,2.25
2,Gastric/GEJ adenocarcinoma,drkg,kg,llama3.1:405b,1,8,C,1,1.0,1,1,1,1,,both,consistent,4.0,"Drug-8 targets CD274 and CD80, both of which are involved in immune response and may be relevant to cancer treatment.",0.75,2.25
2,Chronic lymphocytic leukemia,drkg,kg,llama3.1:405b,0,8,E,1,1.0,1,1,1,1,,both,consistent,4.0,"Drug-8 targets multiple kinases involved in B-cell signaling, including BMX, TEC, and ITK, which are relevant to CLL.",0.5,1.875
2,Chronic lymphocytic leukemia,drkg,kg,llama3.1:405b,1,8,H,1,1.0,1,1,1,1,,both,consistent,4.0,"Drug-8 targets several tyrosine kinases (BMX, TEC, TXK, FRK, BLK, ITK, PTK6, FGR) that are involved in signaling pathways relevant to CLL.",0.5,2.125
2,HER2+ early-stage BC (neoadjuvant + adjuvant),drkg,kg,llama3.1:405b,0,8,F,2,0.5,0,1,1,1,,kg,consistent,3.0,"Drug-8 targets FCGR1A, which may be involved in immune response to HER2+ breast cancer cells.",0.375,2.125
2,HER2+ early-stage BC (neoadjuvant + adjuvant),drkg,kg,llama3.1:405b,1,8,G,7,0.14285714285714285,0,0,0,1,,prior,insufficient,1.0,"Although Drug-8 targets TOP1, the relevance to HER2+ BC is unclear.",0.125,1.5
2,HR+/HER2-low breast cancer,drkg,kg,llama3.1:405b,0,8,G,4,0.25,0,0,1,1,,prior,insufficient,2.0,"Drug-8 targets FCGR1A and TOP1, which may be relevant to breast cancer, but the knowledge graph provides no direct evidence for its mechanism of action.",0.625,2.125
2,HR+/HER2-low breast cancer,drkg,kg,llama3.1:405b,1,8,F,3,0.3333333333333333,0,1,1,1,,kg,consistent,3.0,"Drug-8 targets TOP1, which is involved in DNA replication and repair, making it a potential target for cancer treatment, including HR+/HER2-low breast cancer.",0.875,2.25
2,"Pediatric low-grade glioma (+dabrafenib, BRAF V600E)",drkg,kg,llama3.1:405b,0,8,C,2,0.5,0,1,1,1,,both,consistent,4.0,"Drug-7 inhibits MAP2K5, MAP2K4, and KRAS, which are all part of the MAPK/ERK pathway that is often dysregulated in gliomas.",0.25,2.0
2,"Pediatric low-grade glioma (+dabrafenib, BRAF V600E)",drkg,kg,llama3.1:405b,1,8,C,3,0.3333333333333333,0,1,1,1,,kg,consistent,4.0,"Inhibits MAP2K and KRAS, key components of the MAPK pathway involved in BRAF V600E gliomas.",0.75,2.625
2,Unresectable thymic carcinoma (PMDA),drkg,kg,llama3.1:405b,0,8,D,2,0.5,0,1,1,1,,both,consistent,4.0,"Drug-7's inhibition of multiple receptor tyrosine kinases (RTKs), including FLT1 and KDR, is consistent with targeting angiogenesis in cancer.",0.375,2.0
2,Unresectable thymic carcinoma (PMDA),drkg,kg,llama3.1:405b,1,8,D,2,0.5,0,1,1,1,,both,consistent,4.0,"Drug-7 inhibits FLT1, KDR, and FLT4, which are involved in angiogenesis and may contribute to thymic carcinoma growth.",0.625,2.25
2,BRAF+ thyroid cancer,drkg,kg,llama3.1:405b,0,8,H,1,1.0,1,1,1,1,,both,consistent,5.0,"Drug-7 directly inhibits BRAF, a key player in the disease's pathway, making it a highly plausible candidate.",0.625,2.5
2,BRAF+ thyroid cancer,drkg,kg,llama3.1:405b,1,8,E,1,1.0,1,1,1,1,,both,consistent,5.0,"Drug-7 inhibits BRAF, a key target in BRAF+ thyroid cancer, and also targets MAP2K1, CCND1, PTEN, KRAS, EGFR, and TP53, which are all involved in the disease's pathogenesis.",0.75,2.0
2,IDH1-mutated relapsed/refractory MDS,drkg,kg,llama3.1:405b,0,8,F,1,1.0,1,1,1,1,,both,consistent,5.0,"Directly targets IDH1, a key mutation in the disease.",0.125,2.375
2,IDH1-mutated relapsed/refractory MDS,drkg,kg,llama3.1:405b,1,8,G,1,1.0,1,1,1,1,,kg,consistent,5.0,"Drug-8 targets IDH1, which is directly associated with the disease.",0.125,2.5
2,Biliary tract cancer,drkg,kg,llama3.1:405b,0,8,C,4,0.25,0,0,1,1,,kg,consistent,2.0,"Drug-8 inhibits PDCD1, which is involved in cancer development, but lacks direct links to Biliary tract cancer pathways.",0.625,2.125
2,Biliary tract cancer,drkg,kg,llama3.1:405b,1,8,D,1,1.0,1,1,1,1,,both,consistent,4.0,"Drug-8 targets several genes involved in DNA repair and cell cycle regulation, which is consistent with its potential anti-cancer activity.",0.625,2.5
2,"mCRC BRAF V600E (traditional approval, was accelerated)",drkg,kg,llama3.1:405b,0,8,D,1,1.0,1,1,1,1,,both,consistent,5.0,"Drug-7 directly inhibits BRAF, which is a key player in the mCRC BRAF V600E pathway.",0.375,2.375
2,"mCRC BRAF V600E (traditional approval, was accelerated)",drkg,kg,llama3.1:405b,1,8,F,1,1.0,1,1,1,1,,both,consistent,5.0,"Drug-7 is a strong candidate due to its inhibition of BRAF and targeting of MAP2K1, which is consistent with the known biology of mCRC BRAF V600E.",0.25,2.125
2,Gastric/GEJ adenocarcinoma (1L +chemo),drkg,kg,llama3.1:405b,0,8,B,2,0.5,0,1,1,1,,kg,consistent,4.0,"Drug-6 targets CD274 and CD80, which are involved in immune checkpoint pathways that can be relevant to cancer treatment.",0.75,2.5
2,Gastric/GEJ adenocarcinoma (1L +chemo),drkg,kg,llama3.1:405b,1,8,A,2,0.5,0,1,1,1,,kg,consistent,3.0,"Drug-6 targets CD274 (PD-L1) and CD80, which are involved in immune checkpoint regulation, providing a mechanistic rationale for enhancing anti-tumor immunity in gastric adenocarcinoma.",0.625,2.125
2,Chorea associated with Huntington's disease,biokg,kg,llama3.1:405b,0,8,C,8,0.125,0,0,0,1,,prior,insufficient,1.0,"Drug-8 targets cytochrome P450 enzymes, which might influence drug metabolism but lacks direct relevance to Chorea associated with Huntington's disease.",0.375,1.75
2,Chorea associated with Huntington's disease,biokg,kg,llama3.1:405b,1,8,H,8,0.125,0,0,0,1,,kg,insufficient,1.0,"Drug-8 targets metabolic enzymes, which could have systemic effects but lacks direct evidence linking these to the pathology of Huntington's disease.",0.625,1.5
2,Chronic thromboembolic pulmonary hypertension,biokg,kg,llama3.1:405b,0,8,G,1,1.0,1,1,1,1,,both,consistent,4.0,Drug-7's modulation of Antithrombosis agents pathway makes it a plausible candidate for treating Chronic thromboembolic pulmonary hypertension.,0.625,2.0
2,Chronic thromboembolic pulmonary hypertension,biokg,kg,llama3.1:405b,1,8,B,1,1.0,1,1,1,1,,both,consistent,4.0,"Drug-7 modulates the Antithrombosis agents pathway, directly addressing a key aspect of Chronic thromboembolic pulmonary hypertension.",0.25,2.125
2,Indolent systemic mastocytosis,biokg,kg,llama3.1:405b,0,8,C,1,1.0,1,1,1,1,,both,consistent,4.0,"Drug-8 targets KIT, a receptor tyrosine kinase critical in mast cell development and proliferation, directly implicating it in the pathology of indolent systemic mastocytosis.",0.875,2.375
2,Indolent systemic mastocytosis,biokg,kg,llama3.1:405b,1,8,E,1,1.0,1,1,1,1,,both,consistent,4.0,"Drug-8 targets KIT, a key receptor in mast cell development and function, making it a plausible candidate.",0.375,1.75
2,EGPA (expanded),biokg,kg,llama3.1:405b,0,8,D,1,1.0,1,1,1,1,,both,consistent,4.0,"Drug-8 targets IL5RA, which could be relevant to EGPA given its association with immune responses and inflammation.",0.75,2.0
2,EGPA (expanded),biokg,kg,llama3.1:405b,1,8,C,1,1.0,1,1,1,1,,prior,insufficient,3.0,"Drug-8 targets IL5RA, which is involved in the interleukin-5 pathway, potentially relevant to EGPA (expanded), but the knowledge graph does not provide direct evidence.",0.0,2.0
2,Invasive fungal infections pediatric ≥2yr,biokg,kg,llama3.1:405b,0,8,C,1,1.0,1,1,1,1,,both,consistent,4.0,"Drug-4 modulates the Antifungal agents pathway and targets MDR1 and CP3A4, which are relevant to fungal infections.",0.625,1.875
2,Invasive fungal infections pediatric ≥2yr,biokg,kg,llama3.1:405b,1,8,H,1,1.0,1,1,1,1,,both,consistent,5.0,"Drug-4 directly modulates the antifungal agents pathway and targets MDR1 and CP3A4, which are relevant for fungal infections.",1.0,2.25
2,PKU expanded to ≥12yr,biokg,kg,llama3.1:405b,0,8,D,5,0.2,0,0,1,1,,prior,insufficient,2.0,"No information is provided for Drug-8, making it difficult to assess its mechanistic plausibility.",0.5,1.875
2,PKU expanded to ≥12yr,biokg,kg,llama3.1:405b,1,8,E,6,0.16666666666666666,0,0,0,1,,prior,insufficient,1.0,"No relevant evidence was found, and no pharmacological knowledge supports its use for PKU.",0.625,2.125
2,Nephrotic syndrome,biokg,kg,llama3.1:405b,0,8,H,1,1.0,1,1,1,1,,kg,consistent,4.0,"Drug-1 targets CD20, which is associated with Nephrotic syndrome through the gene CD2.",0.5,2.125
2,Nephrotic syndrome,biokg,kg,llama3.1:405b,1,8,D,5,0.2,0,0,1,1,,prior,insufficient,1.0,There is no clear connection between Drug-1's target (CD20) and Nephrotic syndrome.,0.25,1.875
2,HR+/HER2- node-positive high-risk early breast cancer,biokg,kg,llama3.1:405b,0,8,B,1,1.0,1,1,1,1,,both,consistent,4.0,"Drug-7 targets CDK6 and CDK4, which are involved in cell cycle regulation, a key aspect of cancer progression.",0.5,1.75
2,HR+/HER2- node-positive high-risk early breast cancer,biokg,kg,llama3.1:405b,1,8,A,1,1.0,1,1,1,1,,both,consistent,4.0,"Drug-7 targets CDK4 and CDK6, which are involved in cell cycle regulation, a critical aspect of cancer progression, especially in hormone receptor-positive breast cancers.",0.75,2.0
2,Retinopathy of prematurity,biokg,kg,llama3.1:405b,0,8,H,1,1.0,1,1,1,1,,both,consistent,4.0,"Drug-7 targets VEGFA, which is involved in angiogenesis and has been implicated in Retinopathy of prematurity.",0.25,1.875
2,Retinopathy of prematurity,biokg,kg,llama3.1:405b,1,8,F,1,1.0,1,1,1,1,,kg,consistent,5.0,"Drug-7 targets VEGFA, a well-established factor in angiogenesis and vascular permeability, which is directly related to Retinopathy of prematurity.",0.375,2.0
2,Agitation associated with Alzheimer's dementia,biokg,kg,llama3.1:405b,0,8,B,1,1.0,1,1,1,1,,both,consistent,4.0,"Drug-6 targets serotonin receptors (5HT2A, 5HT1A), which are known to be involved in mood regulation and potentially relevant to agitation.",0.5,2.125
2,Agitation associated with Alzheimer's dementia,biokg,kg,llama3.1:405b,1,8,H,1,1.0,1,1,1,1,,both,consistent,4.0,"Drug-6 targets 5HT2A and DRD2, which are relevant to psychiatric symptoms associated with Alzheimer's dementia.",0.5,2.75
2,LDL-C elevation in statin-intolerant dyslipidemia,biokg,kg,llama3.1:405b,0,8,A,8,0.125,0,0,0,1,,prior,insufficient,1.0,"No information is provided about Drug-8, making it impossible to assess its mechanistic plausibility.",0.25,2.125
2,LDL-C elevation in statin-intolerant dyslipidemia,biokg,kg,llama3.1:405b,1,8,H,8,0.125,0,0,0,1,,prior,insufficient,1.0,"No information is available for Drug-8, making it impossible to assess its mechanistic plausibility.",0.5,2.25
2,First-line anemia in lower-risk MDS,biokg,kg,llama3.1:405b,0,8,F,8,0.125,0,0,0,1,,prior,insufficient,1.0,"No information is provided for Drug-8, making it impossible to assess its mechanistic plausibility.",0.125,2.25
2,First-line anemia in lower-risk MDS,biokg,kg,llama3.1:405b,1,8,E,5,0.2,0,0,1,1,,prior,insufficient,1.0,"No information provided for Drug-8, making it impossible to assess its potential efficacy.",0.375,2.375
2,"Crohn's disease (moderate-severe, refractory)",biokg,kg,llama3.1:405b,0,8,A,1,1.0,1,1,1,1,,kg,consistent,4.0,"Drug-7 targets IL23A, which is involved in the inflammatory response and has been implicated in Crohn's disease.",0.375,1.875
2,"Crohn's disease (moderate-severe, refractory)",biokg,kg,llama3.1:405b,1,8,G,1,1.0,1,1,1,1,,both,consistent,4.0,"Drug-7 targets IL23A, a cytokine involved in inflammatory bowel disease, consistent with its association with Crohn's disease.",0.375,1.875
2,COVID-19 in severe renal impairment/dialysis,biokg,kg,llama3.1:405b,0,8,D,1,1.0,1,1,1,1,,both,consistent,4.0,"Drug-8 targets multiple transporters and enzymes involved in drug metabolism, which may help mitigate potential renal impairment-related issues.",0.875,2.5
2,COVID-19 in severe renal impairment/dialysis,biokg,kg,llama3.1:405b,1,8,F,4,0.25,0,0,1,1,,both,consistent,3.0,"Drug-8 has a range of targets, including MRP4 and NTCP, which may be relevant to COVID-19 treatment, but its overall impact is uncertain.",0.625,2.5
2,MASH with fibrosis,biokg,kg,llama3.1:405b,0,8,B,1,1.0,1,1,1,1,,both,consistent,4.0,"Drug-8's targets, including GLP1R and DPP4, are involved in glucose and lipid metabolism, which could be beneficial for treating MASH with fibrosis.",0.625,2.25
2,MASH with fibrosis,biokg,kg,llama3.1:405b,1,8,D,5,0.2,0,0,1,1,,kg,insufficient,2.0,"Drug-8 targets multiple enzymes and receptors, but the connection to MASH with fibrosis is unclear.",0.75,2.0
2,Pancreatic NET,biokg,kg,llama3.1:405b,0,8,A,1,1.0,1,1,1,1,,both,consistent,4.0,"Drug-8 targets multiple receptors, including RET, which is a known oncogene in pancreatic NET.",0.625,2.0
2,Pancreatic NET,biokg,kg,llama3.1:405b,1,8,E,1,1.0,1,1,1,1,,both,consistent,4.0,"Drug-8 targets multiple kinases, including RET and MET, which are involved in tumor growth and angiogenesis, making it a plausible candidate for Pancreatic NET treatment.",0.875,2.125
2,Retinal vein occlusion,biokg,kg,llama3.1:405b,0,8,F,6,0.16666666666666666,0,0,0,1,,prior,insufficient,1.0,"No information is provided for Drug-8, making it impossible to assess its potential efficacy for retinal vein occlusion.",0.75,2.0
2,Retinal vein occlusion,biokg,kg,llama3.1:405b,1,8,C,7,0.14285714285714285,0,0,0,1,,prior,insufficient,1.0,"No evidence is provided for Drug-8, making it impossible to assess its plausibility.",0.625,2.0
2,Cerebral folate transport deficiency,biokg,kg,llama3.1:405b,0,8,G,6,0.16666666666666666,0,0,0,1,,kg,conflicting,3.0,"Drug-1 modulates several antibiotic action pathways, but its relation to cerebral folate transport deficiency is unclear.",0.75,2.875
2,Cerebral folate transport deficiency,biokg,kg,llama3.1:405b,1,8,A,6,0.16666666666666666,0,0,0,1,,kg,conflicting,3.0,"Drug-1 modulates antibiotic action pathways and targets genes not directly related to folate transport, making its relevance uncertain.",0.75,2.875
2,ILD-associated pulmonary hypertension,biokg,kg,llama3.1:405b,0,8,C,3,0.3333333333333333,0,1,1,1,,prior,insufficient,2.0,"Drug-3 targets P2Y12, which is involved in platelet aggregation and may have a role in pulmonary hypertension, but the evidence is limited.",0.75,1.875
2,ILD-associated pulmonary hypertension,biokg,kg,llama3.1:405b,1,8,D,8,0.125,0,0,0,1,,kg,consistent,4.0,"Drug-3 targets PI2R and P2Y12, which are involved in platelet activation; however, its direct link to ILD-associated pulmonary hypertension is unclear.",0.75,2.625
2,Indolent systemic mastocytosis (EMA),biokg,kg,llama3.1:405b,0,8,G,1,1.0,1,1,1,1,,both,consistent,5.0,"Drug-8 targets KIT, a primary driver in mastocytosis, and has a well-established role in treating this disease.",0.625,2.25
2,Indolent systemic mastocytosis (EMA),biokg,kg,llama3.1:405b,1,8,C,1,1.0,1,1,1,1,,both,consistent,4.0,"Drug-8 targets KIT, a receptor tyrosine kinase crucial for mast cell development and survival, making it a plausible candidate.",0.75,2.125
2,CRSwNP (eosinophilic chronic rhinosinusitis with nasal polyps),biokg,kg,llama3.1:405b,0,8,E,7,0.14285714285714285,0,0,0,1,,prior,insufficient,1.0,"Similar to Drug-6, no information is available to assess its potential efficacy in treating CRSwNP.",0.625,2.5
2,CRSwNP (eosinophilic chronic rhinosinusitis with nasal polyps),biokg,kg,llama3.1:405b,1,8,E,3,0.3333333333333333,0,1,1,1,,prior,insufficient,2.0,"No information provided in the knowledge graph; based on prior knowledge, its effectiveness is uncertain but potentially better than drugs with conflicting or weak evidence.",0.625,2.625
2,Chronic hepatitis B (pediatric),biokg,kg,llama3.1:405b,0,8,G,1,1.0,1,1,1,1,,prior,insufficient,2.0,"Although no clear connections are shown, Drug-8 targets several genes that could potentially be involved in cellular processes related to hepatitis B.",0.75,1.5
2,Chronic hepatitis B (pediatric),biokg,kg,llama3.1:405b,1,8,H,1,1.0,1,1,1,1,,prior,insufficient,2.0,"Drug-8 has no clear connection to Chronic hepatitis B (pediatric), but its targets suggest potential biological activity.",0.0,1.125
2,HoFH in children,biokg,kg,llama3.1:405b,0,8,D,6,0.16666666666666666,0,0,0,1,,prior,insufficient,1.0,"No evidence was provided for Drug-8, and without further information, its potential efficacy for HoFH cannot be assessed.",0.25,1.875
2,HoFH in children,biokg,kg,llama3.1:405b,1,8,F,8,0.125,0,0,0,1,,prior,insufficient,1.0,"No information is available for Drug-8, making it impossible to assess its mechanistic plausibility.",0.125,1.5
2,Biliary tract cancer 1L,biokg,kg,llama3.1:405b,0,8,F,1,1.0,1,1,1,1,,both,consistent,4.0,"Drug-8 targets PD1L1, which is a known checkpoint protein involved in cancer immunotherapy, and CD80, which plays a role in immune activation.",0.5,2.25
2,Biliary tract cancer 1L,biokg,kg,llama3.1:405b,1,8,F,1,1.0,1,1,1,1,,prior,insufficient,3.0,"Drug-8 targets PD1L1, a known immune checkpoint protein involved in various cancers, making it a plausible candidate for Biliary tract cancer 1L treatment.",0.125,1.5
2,Diabetic retinopathy/DME (EMA Mar+May 2026),biokg,kg,llama3.1:405b,0,8,A,8,0.125,0,0,0,1,,prior,insufficient,1.0,"There is no information about Drug-8, making it difficult to assess its potential effectiveness.",0.375,2.25
2,Diabetic retinopathy/DME (EMA Mar+May 2026),biokg,kg,llama3.1:405b,1,8,D,8,0.125,0,0,0,1,,prior,insufficient,1.0,"No information was provided for Drug-8, and its mechanistic plausibility is uncertain.",0.25,1.75
2,Spinal muscular atrophy (pediatric expansion),biokg,kg,llama3.1:405b,0,8,C,7,0.14285714285714285,0,0,0,1,,prior,insufficient,1.0,"No evidence was provided for Drug-8, and without any additional information, it's difficult to assess its viability.",0.625,2.125
2,Spinal muscular atrophy (pediatric expansion),biokg,kg,llama3.1:405b,1,8,H,9,0.1111111111111111,0,0,0,1,,,,,,1.0,4.0
2,High LDL-C with increased CV risk (expanded),biokg,kg,llama3.1:405b,0,8,D,7,0.14285714285714285,0,0,0,1,,prior,insufficient,1.0,"No information is provided for Drug-8, making it impossible to assess its mechanistic plausibility.",0.375,1.875
2,High LDL-C with increased CV risk (expanded),biokg,kg,llama3.1:405b,1,8,H,7,0.14285714285714285,0,0,0,1,,prior,insufficient,1.0,"No information was provided for Drug-8, making it difficult to assess its plausibility.",0.75,2.5
2,Polycythaemia vera and essential thrombocytopenia,biokg,kg,llama3.1:405b,0,8,E,1,1.0,1,1,1,1,,prior,insufficient,1.0,"Without direct evidence or a clear mechanistic link to the disease's associated genes, Drug-1 is considered less plausible but still ranked due to its presence in the candidate list.",0.0,1.0
2,Polycythaemia vera and essential thrombocytopenia,biokg,kg,llama3.1:405b,1,8,H,1,1.0,1,1,1,1,,prior,insufficient,2.0,"Although no direct evidence is provided, targeting INAR2 and INAR1 may have some relevance to treating myeloproliferative neoplasms like Polycythaemia vera.",0.25,1.375
2,Hidradenitis suppurativa,biokg,kg,llama3.1:405b,0,8,D,1,1.0,1,1,1,1,,kg,consistent,4.0,"Drug-6 modulates Antirheumatics - DMARDs and biological agents, targeting IL17, which aligns with the disease's association with inflammatory pathways.",0.25,1.875
2,Hidradenitis suppurativa,biokg,kg,llama3.1:405b,1,8,F,1,1.0,1,1,1,1,,both,consistent,4.0,"Drug-6 modulates Antirheumatics - DMARDs and biological agents pathway and targets IL17, which is relevant for treating inflammatory diseases like Hidradenitis suppurativa.",0.375,2.0
2,Acute HCV pediatric,biokg,kg,llama3.1:405b,0,8,C,2,0.5,0,1,1,1,,kg,consistent,3.0,"Drug-8 targets proteins involved in drug metabolism, including CP3A7 and MDR1, which may be relevant to HCV treatment.",0.625,2.125
2,Acute HCV pediatric,biokg,kg,llama3.1:405b,1,8,H,3,0.3333333333333333,0,1,1,1,,kg,consistent,3.0,"Drug-8 targets proteins involved in drug metabolism and transport, which might be relevant to HCV treatment, but the connection is indirect.",0.5,2.125
2,CKD in T2D,biokg,kg,llama3.1:405b,0,8,A,1,1.0,1,1,1,1,,both,consistent,4.0,"Drug-8 targets multiple relevant proteins, including DPP4 and GLP1R, which are involved in glucose regulation.",0.75,2.0
2,CKD in T2D,biokg,kg,llama3.1:405b,1,8,B,1,1.0,1,1,1,1,,kg,consistent,4.0,"Drug-8 targets GLP1R, which is involved in glucose metabolism and has been implicated in T2D treatment.",0.75,2.125
2,BRAF V600E metastatic NSCLC,biokg,kg,llama3.1:405b,0,8,E,1,1.0,1,1,1,1,,both,consistent,4.0,"Drug-7 targets BRAF, a key gene associated with the disease, making it a strong candidate.",0.625,1.875
2,BRAF V600E metastatic NSCLC,biokg,kg,llama3.1:405b,1,8,H,1,1.0,1,1,1,1,,both,consistent,4.0,"Drug-7 targets BRAF, a key protein involved in the MAPK pathway, which is often constitutively active in NSCLC due to the V600E mutation.",0.75,2.0
2,Retinal vein occlusion,biokg,kg,llama3.1:405b,0,8,B,7,0.14285714285714285,0,0,0,1,,prior,insufficient,1.0,"Without any information on Drug-8, it's impossible to assess its potential for treating RVO.",0.625,2.25
2,Retinal vein occlusion,biokg,kg,llama3.1:405b,1,8,A,7,0.14285714285714285,0,0,0,1,,prior,insufficient,1.0,"No information is available for Drug-8, making it impossible to evaluate its potential relevance.",0.625,2.0
2,Agitation associated with Alzheimer's dementia,biokg,kg,llama3.1:405b,0,8,F,2,0.5,0,1,1,1,,both,consistent,4.0,Drug-3's modulation of the N-Metyl-D-aspartic acid receptor antagonists pathway and targeting of various glutamate receptors suggests potential efficacy in treating agitation associated with Alzheimer's dementia.,0.25,1.875
2,Agitation associated with Alzheimer's dementia,biokg,kg,llama3.1:405b,1,8,E,1,1.0,1,1,1,1,,both,consistent,4.0,"Drug-3's modulation of N-Metyl-D-aspartic acid receptor antagonists suggests relevance to neurodegenerative diseases, aligning with its potential for treating agitation in Alzheimer's dementia.",0.75,2.75
2,Heterozygous familial hypercholesterolemia,biokg,kg,llama3.1:405b,0,8,D,1,1.0,1,1,1,1,,both,consistent,5.0,"Drug-7 targets PCSK9, a key protein in cholesterol metabolism, making it a strong candidate for treating heterozygous familial hypercholesterolemia.",0.625,1.875
2,Heterozygous familial hypercholesterolemia,biokg,kg,llama3.1:405b,1,8,E,1,1.0,1,1,1,1,,both,consistent,5.0,"Drug-7 targets PCSK9, a well-established target for treating hypercholesterolemia, and the knowledge graph evidence supports this association.",0.375,2.125
2,Acquired hypofibrinogenemia in cardiovascular surgery,biokg,kg,llama3.1:405b,0,8,A,8,0.125,0,0,0,1,,prior,insufficient,1.0,"No information is available for Drug-6, making it impossible to assess its mechanistic plausibility.",0.125,1.875
2,Acquired hypofibrinogenemia in cardiovascular surgery,biokg,kg,llama3.1:405b,1,8,H,8,0.125,0,0,0,1,,prior,insufficient,1.0,"No information is provided, making it impossible to assess the candidate's mechanistic plausibility.",0.75,2.125
2,Crohn's disease,biokg,kg,llama3.1:405b,0,8,H,1,1.0,1,1,1,1,,both,consistent,4.0,"Drug-8 targets JAK1, which is involved in the JAK-STAT signaling pathway associated with Crohn's disease.",0.375,2.0
2,Crohn's disease,biokg,kg,llama3.1:405b,1,8,C,1,1.0,1,1,1,1,,both,consistent,4.0,"Drug-8 targets JAK1, which is involved in the JAK-STAT signaling pathway associated with Crohn's disease.",0.375,1.875
2,COVID-19 updated strain,biokg,kg,llama3.1:405b,0,8,C,7,0.14285714285714285,0,0,0,1,,prior,insufficient,1.0,No evidence or information is provided for Drug-8 to evaluate its potential for COVID-19 treatment.,0.625,1.875
2,COVID-19 updated strain,biokg,kg,llama3.1:405b,1,8,D,5,0.2,0,0,1,1,,prior,insufficient,2.0,"No evidence is provided for Drug-8, making it difficult to assess its mechanistic plausibility.",0.5714285714285714,2.5714285714285716
2,HoFH pediatric (EMA),biokg,kg,llama3.1:405b,0,8,D,4,0.25,0,0,1,1,,prior,insufficient,1.0,"No information is available for Drug-8, making it impossible to assess its mechanistic plausibility.",0.75,1.75
2,HoFH pediatric (EMA),biokg,kg,llama3.1:405b,1,8,H,8,0.125,0,0,0,1,,prior,insufficient,1.0,"No information was provided for Drug-8, making it difficult to assess its plausibility.",0.5,1.875
2,Primary mediastinal large B-cell lymphoma,biokg,kg,llama3.1:405b,0,8,E,1,1.0,1,1,1,1,,kg,consistent,4.0,"Drug-7 targets PDCD1, a known checkpoint protein involved in cancer immunotherapy, making it a plausible candidate for primary mediastinal large B-cell lymphoma.",0.875,2.125
2,Primary mediastinal large B-cell lymphoma,biokg,kg,llama3.1:405b,1,8,G,1,1.0,1,1,1,1,,kg,consistent,4.0,"Drug-7 targets PDCD1, which is a checkpoint protein involved in immune regulation and has been implicated in various cancers, including lymphoma.",0.5,1.875
2,TRD monotherapy,biokg,kg,llama3.1:405b,0,8,G,2,0.5,0,1,1,1,,both,consistent,4.0,"Drug-5 targets NMDA receptors, which are involved in synaptic plasticity and have been implicated in depression.",0.75,2.375
2,TRD monotherapy,biokg,kg,llama3.1:405b,1,8,D,2,0.5,0,1,1,1,,kg,consistent,3.0,"NMDA receptor antagonism has been explored for depression treatment, making Drug-5 a plausible candidate despite less direct evidence.",0.625,2.0
2,Reduce MACE in CVD + obesity/overweight,biokg,kg,llama3.1:405b,0,8,B,2,0.5,0,1,1,1,,prior,insufficient,3.0,"Drug-7 targets GLP1R and DPP4, relevant in metabolic diseases like obesity, but the direct link to MACE reduction is less clear.",0.125,1.875
2,Reduce MACE in CVD + obesity/overweight,biokg,kg,llama3.1:405b,1,8,H,3,0.3333333333333333,0,1,1,1,,kg,insufficient,2.0,"Drug-7 targets several proteins, but the relevance to the disease is uncertain and requires further investigation.",0.375,1.875
2,Allergic fungal rhinosinusitis (AFRS) ≥6yr,biokg,kg,llama3.1:405b,0,8,F,1,1.0,1,1,1,1,,both,consistent,4.0,"Drug-8 targets IL4RA, a receptor involved in the allergic response and a potential target for AFRS treatment.",0.5,1.875
2,Allergic fungal rhinosinusitis (AFRS) ≥6yr,biokg,kg,llama3.1:405b,1,8,C,1,1.0,1,1,1,1,,both,consistent,4.0,"Drug-8 targets IL4RA, which is involved in the allergic response and fungal infections, making it a plausible candidate for AFRS treatment.",0.375,2.25
2,Measles prophylaxis post-exposure,biokg,kg,llama3.1:405b,0,8,C,2,0.5,0,1,1,1,,prior,insufficient,2.0,"Targets FCGRB, FCG2C, FCG3B, FCG2B, CO4A, CO4B, CO5, and FCG3A, which are not directly related to Measles prophylaxis post-exposure.",0.25,2.0
2,Measles prophylaxis post-exposure,biokg,kg,llama3.1:405b,1,8,E,3,0.3333333333333333,0,1,1,1,,kg,consistent,3.0,"Drug-1 targets FCGRB and other immune-related genes, which may have some relevance to measles prophylaxis post-exposure.",0.875,2.75
2,Obstructive sleep apnea with obesity,biokg,kg,llama3.1:405b,0,8,B,6,0.16666666666666666,0,0,0,1,,prior,insufficient,1.0,"No information is provided on Drug-8, making it difficult to assess its mechanistic plausibility.",0.375,1.875
2,Obstructive sleep apnea with obesity,biokg,kg,llama3.1:405b,1,8,C,7,0.14285714285714285,0,0,0,1,,prior,insufficient,1.0,"No information is available for Drug-8, making it difficult to assess its potential.",0.5,1.875
2,HER2+ solid tumors (tumor-agnostic),biokg,kg,llama3.1:405b,0,8,F,2,0.5,0,1,1,1,,kg,consistent,3.0,"Drug-8 targets TOP1, which is involved in DNA replication and may be relevant to rapidly dividing cancer cells.",0.375,1.75
2,HER2+ solid tumors (tumor-agnostic),biokg,kg,llama3.1:405b,1,8,A,3,0.3333333333333333,0,1,1,1,,kg,consistent,2.0,"Drug-8 targets multiple proteins including TOP1 and MRP1, which are involved in DNA replication and drug resistance respectively; this broad targeting might imply potential anti-tumor activity but lacks specificity to HER2+ solid tumors.",0.75,2.25
2,Heart failure (broadened),biokg,kg,llama3.1:405b,0,8,F,3,0.3333333333333333,0,1,1,1,,both,consistent,3.0,"Drug-8 modulates the Antidiabetics pathway, which may have some indirect relevance to heart failure via metabolic syndrome.",0.75,2.125
2,Heart failure (broadened),biokg,kg,llama3.1:405b,1,8,G,4,0.25,0,0,1,1,,kg,insufficient,3.0,"While modulating antidiabetics could indirectly affect heart failure, evidence for direct mechanisms is lacking.",0.625,2.75
2,GVHD + pediatric,biokg,kg,llama3.1:405b,0,8,C,1,1.0,1,1,1,1,,both,consistent,3.0,"Drug-6 targets JAK1 and JAK2, which could modulate the immune response relevant to GVHD + pediatric.",0.375,1.5
2,GVHD + pediatric,biokg,kg,llama3.1:405b,1,8,A,1,1.0,1,1,1,1,,both,consistent,4.0,"Drug-6 modulates pathways relevant to immune system regulation, such as Antineoplastics - protein kinases inhibitors.",0.25,2.0
2,COVID-19 (expanded population),biokg,kg,llama3.1:405b,0,8,H,3,0.3333333333333333,0,1,1,1,,both,consistent,3.0,"Drug-8's targets, including NTCP and several CYP enzymes, could influence COVID-19 by affecting viral entry and replication.",0.875,2.25
2,COVID-19 (expanded population),biokg,kg,llama3.1:405b,1,8,D,7,0.14285714285714285,0,0,0,1,,kg,insufficient,1.0,Drug-8's targets are related to drug transport and metabolism but lack direct relevance to COVID-19.,0.625,2.125
2,Delay T1D onset in children ≥1yr,biokg,kg,llama3.1:405b,0,8,B,2,0.5,0,1,1,1,,prior,insufficient,1.0,"No evidence is provided for Drug-6, making it impossible to assess its mechanistic plausibility.",0.625,2.5
2,Delay T1D onset in children ≥1yr,biokg,kg,llama3.1:405b,1,8,G,1,1.0,1,1,1,1,,prior,insufficient,2.0,"No information was provided for Drug-G, making it impossible to assess its mechanistic plausibility based on the given evidence.",0.75,2.0
2,BRAF+ thyroid cancer,biokg,kg,llama3.1:405b,0,8,F,1,1.0,1,1,1,1,,both,consistent,4.0,"Drug-8 targets IL1B, IL6, and TNFA, which are involved in inflammation and could be relevant to cancer treatment, aligning with potential therapeutic strategies for BRAF+ thyroid cancer.",0.875,2.0
2,BRAF+ thyroid cancer,biokg,kg,llama3.1:405b,1,8,C,1,1.0,1,1,1,1,,both,consistent,4.0,"Drug-8 targets multiple proteins involved in inflammation and cell signaling, including IL1B, IL6, and TNFA, which are relevant to cancer progression.",0.75,2.0
2,Chronic kidney disease,biokg,kg,llama3.1:405b,0,8,F,5,0.2,0,0,1,1,,prior,insufficient,2.0,"Drug-6 targets multiple proteins, including SC5A2 and various transporters, but without explicit connections to chronic kidney disease, its plausibility is uncertain.",0.125,2.0
2,Chronic kidney disease,biokg,kg,llama3.1:405b,1,8,B,7,0.14285714285714285,0,0,0,1,,kg,conflicting,1.0,"Drug-6 targets SC5A2, which is not directly related to kidney function.",0.75,2.0
2,IgG4-related disease,biokg,kg,llama3.1:405b,0,8,F,2,0.5,0,1,1,1,,kg,consistent,3.0,"Drug-8 targets CD19, a protein involved in B-cell activation, which is relevant to IgG4-related disease.",0.375,2.0
2,IgG4-related disease,biokg,kg,llama3.1:405b,1,8,A,1,1.0,1,1,1,1,,kg,consistent,4.0,"CD19 is a relevant target in immune system modulation, making Drug-8 a plausible candidate.",0.875,3.125
2,Oral tablet formulation for weight management,biokg,kg,llama3.1:405b,0,8,D,4,0.25,0,0,1,1,,kg,consistent,3.0,"Drug-8 targets GLP1R, which is involved in glucose metabolism and weight regulation.",0.25,2.375
2,Oral tablet formulation for weight management,biokg,kg,llama3.1:405b,1,8,C,1,1.0,1,1,1,1,,both,consistent,4.0,"Drug-8 targets GLP1R, which is involved in the regulation of appetite and glucose metabolism, making it a plausible candidate for weight management.",0.5,2.25
2,Follicular lymphoma,biokg,kg,llama3.1:405b,0,8,F,8,0.125,0,0,0,1,,prior,insufficient,1.0,No information is available about Drug-8's targets or mechanisms related to follicular lymphoma.,0.0,1.375
2,Follicular lymphoma,biokg,kg,llama3.1:405b,1,8,A,6,0.16666666666666666,0,0,0,1,,prior,insufficient,1.0,No information provided for Drug-8.,0.0,1.625
2,Palmoplantar pustulosis (PMDA),biokg,kg,llama3.1:405b,0,8,D,1,1.0,1,1,1,1,,both,consistent,4.0,"Drug-8 targets IL23A, a key cytokine in inflammatory skin diseases, making it a plausible candidate.",0.75,2.25
2,Palmoplantar pustulosis (PMDA),biokg,kg,llama3.1:405b,1,8,F,1,1.0,1,1,1,1,,kg,consistent,4.0,"Drug-8 targets IL23A, which is a cytokine involved in the pathogenesis of psoriasis and potentially PMDA.",0.625,2.5
2,Acquired hypothalamic obesity,biokg,kg,llama3.1:405b,0,8,C,7,0.14285714285714285,0,0,0,1,,prior,insufficient,1.0,"No information is provided about Drug-6, making it impossible to assess its relevance to hypothalamic obesity.",0.75,2.25
2,Acquired hypothalamic obesity,biokg,kg,llama3.1:405b,1,8,H,8,0.125,0,0,0,1,,prior,insufficient,1.0,"There is no evidence provided for Drug-6, and its relevance to acquired hypothalamic obesity is unclear.",0.75,2.125
2,Pheochromocytoma/paraganglioma,biokg,kg,llama3.1:405b,0,8,G,2,0.5,0,1,1,1,,both,consistent,3.0,"Drug-8 targets EPAS1, which is involved in the regulation of cell growth and angiogenesis, making it a potential candidate for treating Pheochromocytoma/paraganglioma.",1.0,1.875
2,Pheochromocytoma/paraganglioma,biokg,kg,llama3.1:405b,1,8,H,2,0.5,0,1,1,1,,kg,consistent,4.0,"Drug-8 targets EPAS1, a gene related to hypoxia signaling, which is relevant for cancer development.",0.75,2.625
2,IgE-mediated food allergy,biokg,kg,llama3.1:405b,0,8,F,1,1.0,1,1,1,1,,both,consistent,4.0,"Drug-1 targets FCERB and FCERA, which are related to IgE-mediated responses, making it a plausible candidate for treating IgE-mediated food allergy.",0.5,2.0
2,IgE-mediated food allergy,biokg,kg,llama3.1:405b,1,8,C,1,1.0,1,1,1,1,,both,consistent,4.0,"Drug-1 targets FCERB and FCERA, which are likely involved in IgE-mediated responses.",0.25,1.875
2,Advanced RCC after PD-1/PD-L1 + VEGF-TKI,biokg,kg,llama3.1:405b,0,8,E,2,0.5,0,1,1,1,,kg,consistent,3.0,"Drug-8 targets EPAS1, which is involved in the hypoxia-inducible factor pathway relevant to RCC.",1.0,2.625
2,Advanced RCC after PD-1/PD-L1 + VEGF-TKI,biokg,kg,llama3.1:405b,1,8,G,3,0.3333333333333333,0,1,1,1,,kg,consistent,3.0,"Drug-8 targets EPAS1, which is involved in hypoxia signaling and could be relevant for RCC.",0.875,2.875
2,COPD,biokg,kg,llama3.1:405b,0,8,A,3,0.3333333333333333,0,1,1,1,,prior,insufficient,2.0,"IL4RA is not directly associated with COPD, but may be involved in related inflammatory pathways.",0.25,2.0
2,COPD,biokg,kg,llama3.1:405b,1,8,C,2,0.5,0,1,1,1,,kg,consistent,3.0,"Drug-8 targets IL4RA, which could be beneficial in COPD by modulating the immune response and potentially reducing inflammation.",0.5,2.0
2,mHSPC + ADT,biokg,kg,llama3.1:405b,0,8,E,1,1.0,1,1,1,1,,both,consistent,4.0,"Drug-8 targets androgen receptor (ANDR), which is relevant to mHSPC + ADT treatment, consistent with prior knowledge of prostate cancer biology.",0.75,2.0
2,mHSPC + ADT,biokg,kg,llama3.1:405b,1,8,F,1,1.0,1,1,1,1,,both,consistent,4.0,"Drug-8 targets PRGR, which is a receptor involved in steroid hormone signaling, and UD19, a protein that interacts with genes associated with mHSPC + ADT.",0.75,2.0
2,COPD (EMA 2025),biokg,kg,llama3.1:405b,0,8,C,5,0.2,0,0,1,1,,kg,conflicting,1.0,"Drug-8 targets IL4RA, but its role in COPD is conflicting and requires further investigation.",0.625,1.875
2,COPD (EMA 2025),biokg,kg,llama3.1:405b,1,8,C,4,0.25,0,0,1,1,,prior,insufficient,1.0,"No relevant information about Drug-8 was found in the knowledge graph, and its target IL4RA is not directly linked to COPD.",0.625,2.0
2,dMMR/MSI-H primary advanced endometrial cancer,biokg,kg,llama3.1:405b,0,8,E,7,0.14285714285714285,0,0,0,1,,prior,insufficient,1.0,"No evidence is provided for Drug-8, and its potential for treating dMMR/MSI-H primary advanced endometrial cancer is unknown.",0.75,2.375
2,dMMR/MSI-H primary advanced endometrial cancer,biokg,kg,llama3.1:405b,1,8,A,8,0.125,0,0,0,1,,prior,insufficient,1.0,"No information is provided for Drug-8, making it difficult to assess its plausibility.",0.875,2.0
2,Generalized myasthenia gravis,biokg,kg,llama3.1:405b,0,8,G,7,0.14285714285714285,0,0,0,1,,kg,consistent,1.0,"Drug-8 targets CD19, which is a marker for B cells and not directly related to myasthenia gravis.",0.875,2.125
2,Generalized myasthenia gravis,biokg,kg,llama3.1:405b,1,8,A,8,0.125,0,0,0,1,,prior,insufficient,1.0,"Drug-8 targets CD19, but there is no clear connection to the disease.",0.625,1.875
2,Urothelial carcinoma (expanded population),biokg,kg,llama3.1:405b,0,8,F,1,1.0,1,1,1,1,,both,consistent,4.0,"Drug-8 targets NECT4, which may play a role in cancer cell adhesion and migration, making it a plausible candidate for urothelial carcinoma treatment.",0.625,2.125
2,Urothelial carcinoma (expanded population),biokg,kg,llama3.1:405b,1,8,C,8,0.125,0,0,0,1,,kg,consistent,5.0,"Drug-8 targets NECT4, MDR1, and CP3A4, which could be relevant to cancer treatment, but direct links to urothelial carcinoma are not provided.",0.5,2.875
2,Crohn's disease,biokg,kg,llama3.1:405b,0,8,G,1,1.0,1,1,1,1,,kg,consistent,5.0,"Drug-8 targets IL23A, which is involved in the inflammatory response and has been implicated in Crohn's disease.",0.125,2.0
2,Crohn's disease,biokg,kg,llama3.1:405b,1,8,A,1,1.0,1,1,1,1,,both,consistent,4.0,"Drug-8 targets IL23A, which is involved in the inflammatory process and associated with Crohn's disease through the JAK-STAT signaling pathway.",0.5,1.875
2,RAS wild-type HER2+ metastatic colorectal cancer,biokg,kg,llama3.1:405b,0,8,F,1,1.0,1,1,1,1,,both,consistent,4.0,"Drug-7 targets ERBB2, a key protein in the HER2 signaling pathway, and also targets ABCG2, which may contribute to its potential efficacy in colorectal cancer.",0.75,1.875
2,RAS wild-type HER2+ metastatic colorectal cancer,biokg,kg,llama3.1:405b,1,8,D,1,1.0,1,1,1,1,,both,consistent,4.0,"Drug-7 targets ERBB2 and ERBB3, which are key components of the HER2 pathway, making it a promising candidate.",0.25,2.0
2,Atopic dermatitis,biokg,kg,llama3.1:405b,0,8,D,1,1.0,1,1,1,1,,prior,insufficient,3.0,"Although no evidence is provided, JAK inhibitors are known to be effective in treating atopic dermatitis.",0.5,2.375
2,Atopic dermatitis,biokg,kg,llama3.1:405b,1,8,F,2,0.5,0,1,1,1,,kg,consistent,4.0,"Drug-7 targets JAK1 and JAK3, which are involved in immune responses and inflammation, making it a plausible candidate for atopic dermatitis.",0.25,2.125
2,dMMR recurrent/advanced endometrial cancer,biokg,kg,llama3.1:405b,0,8,C,9,0.1111111111111111,0,0,0,1,,,,,,1.0,4.0
2,dMMR recurrent/advanced endometrial cancer,biokg,kg,llama3.1:405b,1,8,A,7,0.14285714285714285,0,0,0,1,,prior,insufficient,1.0,"There is no evidence provided for Drug-8, and based on my prior knowledge, it does not seem particularly promising as a cancer treatment.",0.625,2.375
2,Polymyalgia rheumatica,biokg,kg,llama3.1:405b,0,8,H,1,1.0,1,1,1,1,,both,consistent,5.0,"Drug-8's targeting of IL6RA aligns with the known role of IL-6 in inflammatory diseases, including polymyalgia rheumatica.",0.5,2.375
2,Polymyalgia rheumatica,biokg,kg,llama3.1:405b,1,8,E,1,1.0,1,1,1,1,,both,consistent,4.0,"Drug-8 targets IL6RA, which is consistent with addressing the inflammatory nature of Polymyalgia rheumatica.",0.5,1.875
2,Metastatic colorectal cancer,biokg,kg,llama3.1:405b,0,8,C,3,0.3333333333333333,0,1,1,1,,kg,consistent,3.0,"Drug-3 modulates the antiviral pathway and targets several proteins, which might have implications for cancer treatment by potentially affecting cell growth or immune response.",0.875,2.5
2,Metastatic colorectal cancer,biokg,kg,llama3.1:405b,1,8,C,2,0.5,0,1,1,1,,kg,consistent,3.0,"Drug-3 targets multiple proteins, including S22A6, which may be involved in cancer cell signaling and metabolism.",0.625,1.875
2,Ulcerative colitis,biokg,kg,llama3.1:405b,0,8,C,1,1.0,1,1,1,1,,both,consistent,4.0,"Drug-8 is ranked high due to its targeting of IL23A and IL12B, which are directly implicated in ulcerative colitis inflammation.",0.125,1.875
2,Ulcerative colitis,biokg,kg,llama3.1:405b,1,8,E,1,1.0,1,1,1,1,,both,consistent,4.0,"Drug-8 targets IL23A and IL12B, which are involved in the inflammatory response and JAK-STAT signaling pathway, making it a plausible candidate for treating ulcerative colitis.",0.25,2.25
2,MSI-H/dMMR solid tumors (full approval conversion),biokg,kg,llama3.1:405b,0,8,D,1,1.0,1,1,1,1,,both,consistent,4.0,"Drug-4 targets PDCD1 (PD-1), a well-established immune checkpoint protein that plays a critical role in cancer immunotherapy.",0.75,2.25
2,MSI-H/dMMR solid tumors (full approval conversion),biokg,kg,llama3.1:405b,1,8,G,1,1.0,1,1,1,1,,prior,insufficient,4.0,"As no evidence is provided, it's uncertain how Drug-6 affects MSI-H/dMMR solid tumors; however, without conflicting information, I won't dismiss its potential.",0.625,2.75
2,Schnitzler syndrome (Japan),biokg,kg,llama3.1:405b,0,8,A,1,1.0,1,1,1,1,,kg,consistent,4.0,"Drug-7 targets IL1B, closely related to IL1RA associated with Schnitzler syndrome.",0.25,2.0
2,Schnitzler syndrome (Japan),biokg,kg,llama3.1:405b,1,8,C,1,1.0,1,1,1,1,,kg,consistent,4.0,"Drug-7 targets IL1B, which is closely related to the IL1RA gene associated with Schnitzler syndrome.",0.25,1.875
2,HR+/HER2- metastatic breast cancer,biokg,kg,llama3.1:405b,0,8,B,1,1.0,1,1,1,1,,both,consistent,4.0,"Drug-7 targets PARP1 and PARP2, which are involved in DNA repair pathways relevant to breast cancer.",0.625,2.25
2,HR+/HER2- metastatic breast cancer,biokg,kg,llama3.1:405b,1,8,F,1,1.0,1,1,1,1,,both,consistent,4.0,"Drug-7 targets PARP1 and PARP2, which are involved in DNA repair pathways that can be exploited in cancer treatment, particularly in HR+/HER2- breast cancer.",0.75,1.875
2,Giant cell arteritis,biokg,kg,llama3.1:405b,0,8,D,1,1.0,1,1,1,1,,both,consistent,4.0,"Drug-8 targets JAK1, which is involved in the immune response and may contribute to the treatment of Giant cell arteritis.",0.25,1.75
2,Giant cell arteritis,biokg,kg,llama3.1:405b,1,8,D,1,1.0,1,1,1,1,,both,consistent,4.0,"Drug-8 targets JAK1, which is involved in immune responses and could be relevant to treating Giant cell arteritis.",0.5,2.0
2,Neoadj+adj HNSCC,biokg,kg,llama3.1:405b,0,8,F,5,0.2,0,0,1,1,,kg,insufficient,2.0,"Drug-5 targets PDCD1, which may have some immunomodulatory effects, but the relevance to Neoadj+adj HNSCC is unclear.",0.75,1.875
2,Neoadj+adj HNSCC,biokg,kg,llama3.1:405b,1,8,G,4,0.25,0,0,1,1,,kg,consistent,2.0,"Drug-5 targets PDCD1, which is involved in programmed cell death, making it a potential candidate for Neoadj+adj HNSCC.",0.875,2.25
2,Psoriasis in children 6-11 (cream),biokg,kg,llama3.1:405b,0,8,F,1,1.0,1,1,1,1,,prior,insufficient,2.0,"No evidence was provided for Drug-2's targets or pathways related to psoriasis, but phosphodiesterase inhibitors like PDE4 have some association with anti-inflammatory effects.",0.625,2.5
2,Psoriasis in children 6-11 (cream),biokg,kg,llama3.1:405b,1,8,F,1,1.0,1,1,1,1,,both,consistent,4.0,"Drug-2 targets PDE4, which is involved in the regulation of inflammation and immune responses, making it a plausible candidate for treating psoriasis.",0.625,2.0
2,dMMR/MSI-H primary advanced endometrial cancer (+chemo),biokg,kg,llama3.1:405b,0,8,C,2,0.5,0,1,1,1,,prior,insufficient,2.0,"Similar to Drug-E, no evidence was provided for Drug-C, limiting the assessment of its mechanistic plausibility.",0.625,2.375
2,dMMR/MSI-H primary advanced endometrial cancer (+chemo),biokg,kg,llama3.1:405b,1,8,G,7,0.14285714285714285,0,0,0,1,,prior,insufficient,1.0,"No information is available for Drug-8, making its mechanistic plausibility impossible to assess.",0.75,2.125
2,Primary immunodeficiency pediatric (EMA),biokg,kg,llama3.1:405b,0,8,E,1,1.0,1,1,1,1,,both,consistent,4.0,"Drug-1 targets several Fc receptors and complement components, which are crucial for immune function, making it a plausible candidate.",0.875,2.25
2,Primary immunodeficiency pediatric (EMA),biokg,kg,llama3.1:405b,1,8,D,1,1.0,1,1,1,1,,both,consistent,4.0,"Drug-1 targets multiple components of the immune system, including FCGRB, FCG2C, and CO4A, making it a plausible candidate for primary immunodeficiency pediatric.",0.625,2.125
2,HR+/HER2- breast cancer,biokg,kg,llama3.1:405b,0,8,H,8,0.125,0,0,0,1,,prior,insufficient,1.0,"The targets of Drug-8, such as TACD2 and TOP1, are not clearly linked to HR+/HER2- breast cancer treatment.",0.25,2.125
2,HR+/HER2- breast cancer,biokg,kg,llama3.1:405b,1,8,B,4,0.25,0,0,1,1,,prior,insufficient,2.0,"While the targets of Drug-8 (TACD2, FUBP1, TOP1, UD11) do not appear directly related to HR+/HER2- breast cancer, some may have indirect relevance through DNA replication or repair processes.",0.375,2.125
2,Ulcerative colitis,biokg,kg,llama3.1:405b,0,8,B,1,1.0,1,1,1,1,,both,consistent,5.0,"Drug-6 targets IL23A, which is involved in the JAK-STAT signaling pathway associated with ulcerative colitis.",0.875,2.375
2,Ulcerative colitis,biokg,kg,llama3.1:405b,1,8,D,1,1.0,1,1,1,1,,both,consistent,5.0,"Drug-6 targets IL23A, which is directly involved in the inflammatory process characteristic of ulcerative colitis.",0.375,2.5
2,HER2-mutant NSCLC (PMDA),biokg,kg,llama3.1:405b,0,8,B,1,1.0,1,1,1,1,,both,consistent,3.0,"Drug-8 targets several proteins that could be related to cancer pathways, including TOP1 and MRP1, making it the most plausible candidate despite limited direct evidence linking it to HER2-mutant NSCLC.",0.25,1.375
2,HER2-mutant NSCLC (PMDA),biokg,kg,llama3.1:405b,1,8,H,1,1.0,1,1,1,1,,both,consistent,4.0,"Drug-8 targets TOP1, which is a key enzyme in DNA replication and transcription, making it a plausible candidate for treating cancer.",0.5,1.875
2,Pediatric atopic dermatitis,biokg,kg,llama3.1:405b,0,8,D,6,0.16666666666666666,0,0,0,1,,kg,conflicting,3.0,"Drug-8 targets multiple genes (SO1B1, JAK1, ABCG2, CP2D6, MDR1, and CP3A4), but none are directly linked to pediatric atopic dermatitis or FILA.",0.75,2.625
2,Pediatric atopic dermatitis,biokg,kg,llama3.1:405b,1,8,G,4,0.25,0,0,1,1,,kg,insufficient,2.0,"Drug-8 targets several proteins, but its relevance to pediatric atopic dermatitis is uncertain without additional pathway context.",0.75,1.875
2,HER2-mutant NSCLC (EMA),biokg,kg,llama3.1:405b,0,8,C,6,0.16666666666666666,0,0,0,1,,prior,insufficient,1.0,"Drug-8's targets, such as LYAG and CATL1, are not directly associated with HER2-mutant NSCLC (EMA), and its potential effects on the disease are unclear.",0.25,2.0
2,HER2-mutant NSCLC (EMA),biokg,kg,llama3.1:405b,1,8,A,4,0.25,0,0,1,1,,kg,insufficient,2.0,"Drug-8 targets various genes, but there is limited evidence linking these directly to HER2-mutant NSCLC.",1.0,2.125
2,IV formulation for rheumatic diseases (EMA),biokg,kg,llama3.1:405b,0,8,F,1,1.0,1,1,1,1,,both,consistent,5.0,"Drug-7 targets IL17, a cytokine involved in rheumatic diseases, and modulates the Antirheumatics - DMARDs and biological agents pathway.",0.5,2.375
2,IV formulation for rheumatic diseases (EMA),biokg,kg,llama3.1:405b,1,8,C,1,1.0,1,1,1,1,,both,consistent,5.0,"Drug-7 modulates the Antirheumatics - DMARDs and biological agents pathway, which is directly related to treating rheumatic diseases.",0.875,2.625
2,Resectable gastric/GEJ adenocarcinoma (neoadj+adj +FLOT),biokg,kg,llama3.1:405b,0,8,E,1,1.0,1,1,1,1,,both,consistent,4.0,"Drug-7 targets PD1L1 and CD80, which are involved in immune checkpoint regulation, a relevant mechanism for cancer treatment.",0.625,2.25
2,Resectable gastric/GEJ adenocarcinoma (neoadj+adj +FLOT),biokg,kg,llama3.1:405b,1,8,D,3,0.3333333333333333,0,1,1,1,,kg,consistent,3.0,"Drug-7 targets PD1L1 and CD80, which are involved in immune checkpoint regulation, a relevant mechanism for cancer treatment.",0.625,2.0
2,Antibody-mediated rejection in organ transplantation,biokg,kg,llama3.1:405b,0,8,H,3,0.3333333333333333,0,1,1,1,,kg,consistent,3.0,"Drug-1 targets CD20, which is involved in immune response and may have implications for antibody-mediated rejection.",0.625,2.25
2,Antibody-mediated rejection in organ transplantation,biokg,kg,llama3.1:405b,1,8,F,1,1.0,1,1,1,1,,both,consistent,5.0,"Drug-1 targets CD20, a well-established target for treating antibody-mediated rejection in organ transplantation.",0.875,2.375
2,RET-fusion NSCLC (expanded),biokg,kg,llama3.1:405b,0,8,A,1,1.0,1,1,1,1,,both,consistent,4.0,"Drug-8 targets RET, a gene associated with the disease, and has a relatively high confidence score due to its multi-targeted approach.",0.25,1.875
2,RET-fusion NSCLC (expanded),biokg,kg,llama3.1:405b,1,8,D,1,1.0,1,1,1,1,,both,consistent,4.0,"Drug-8 targets RET, which is a known driver of RET-fusion NSCLC, making it a strong candidate.",0.375,1.875
2,EGPA,biokg,kg,llama3.1:405b,0,8,G,1,1.0,1,1,1,1,,kg,consistent,4.0,"Drug-1 targets FCERB and FCERA, which are involved in the allergic response pathway, a relevant mechanism for EGPA.",0.75,2.25
2,EGPA,biokg,kg,llama3.1:405b,1,8,C,1,1.0,1,1,1,1,,both,consistent,4.0,"Drug-1 targets FCERB and FCERA, which are related to immune responses, a relevant aspect of EGPA.",0.375,1.875
2,HR+/HER2- metastatic breast cancer,biokg,kg,llama3.1:405b,0,8,C,3,0.3333333333333333,0,1,1,1,,prior,insufficient,3.0,"No evidence was provided for Drug-8, but it targets TOP1, which is involved in DNA replication and repair, making it a potential candidate for HR+/HER2- metastatic breast cancer.",0.75,2.5
2,HR+/HER2- metastatic breast cancer,biokg,kg,llama3.1:405b,1,8,B,1,1.0,1,1,1,1,,both,consistent,4.0,"Drug-8 targets TOP1, which is involved in DNA replication and repair, making it a plausible candidate for treating HR+/HER2- metastatic breast cancer.",0.375,2.25
2,Primary humoral immunodeficiency pediatric 2-11yr,biokg,kg,llama3.1:405b,0,8,H,1,1.0,1,1,1,1,,kg,consistent,4.0,"Drug-1 targets FCGRB, FCG2C, FCG3B, FCG2B, CO4A, CO4B, CO5, and FCG3A, suggesting a strong connection to immune system modulation.",1.0,2.125
2,Primary humoral immunodeficiency pediatric 2-11yr,biokg,kg,llama3.1:405b,1,8,G,1,1.0,1,1,1,1,,both,consistent,4.0,"Drug-1 targets FCGRB, FCG2C, and other immune-related genes, making it a plausible candidate for immunodeficiency treatment.",0.75,2.25
2,Pediatric glioma (EMA),biokg,kg,llama3.1:405b,0,8,G,2,0.5,0,1,1,1,,both,consistent,4.0,"Drug-3 targets BRAF and RAF1, which are involved in the MAPK pathway, a known signaling pathway implicated in glioma.",0.375,2.125
2,Pediatric glioma (EMA),biokg,kg,llama3.1:405b,1,8,H,8,0.125,0,0,0,1,,kg,consistent,5.0,"Drug-3 targets several kinases involved in cell signaling and proliferation, including BRAF and RAF1, which are commonly implicated in glioma.",0.625,3.125
2,Juvenile idiopathic arthritis (EMA Feb 2026),biokg,kg,llama3.1:405b,0,8,C,1,1.0,1,1,1,1,,both,consistent,4.0,"Drug-8 targets JAK3 and other relevant proteins, aligning with its potential anti-inflammatory effects in treating juvenile idiopathic arthritis.",0.25,2.0
2,Juvenile idiopathic arthritis (EMA Feb 2026),biokg,kg,llama3.1:405b,1,8,D,1,1.0,1,1,1,1,,kg,consistent,4.0,"Drug-8 targets JAK3, which is a key player in the immune response and inflammation associated with juvenile idiopathic arthritis.",0.625,2.0
2,Ph+ CML-CP after 2+ TKIs,biokg,kg,llama3.1:405b,0,8,A,8,0.125,0,0,0,1,,prior,insufficient,1.0,"No information is provided for Drug-8, making it difficult to assess its relevance to CML treatment.",0.5,2.5
2,Ph+ CML-CP after 2+ TKIs,biokg,kg,llama3.1:405b,1,8,E,8,0.125,0,0,0,1,,prior,insufficient,1.0,"No evidence is provided for Drug-8, making it difficult to assess its plausibility.",0.5,1.75
2,KRAS G12C+ mCRC,biokg,kg,llama3.1:405b,0,8,G,6,0.16666666666666666,0,0,0,1,,prior,insufficient,1.0,"Drug-8 targets RASK, but without further information on how this relates to KRAS mutations or mCRC, it's difficult to assess its potential efficacy.",0.625,2.0
2,KRAS G12C+ mCRC,biokg,kg,llama3.1:405b,1,8,F,5,0.2,0,0,1,1,,prior,insufficient,1.0,"Drug-8 targets RASK, which is not a well-known target in cancer treatment, and lacks additional relevant information.",0.75,1.875
2,HR+/HER2- early breast cancer (adjuvant),biokg,kg,llama3.1:405b,0,8,G,2,0.5,0,1,1,1,,both,consistent,4.0,"Drug-6 targets CDK4 and CDK6, which are involved in cell cycle regulation and are relevant to cancer treatment.",0.375,2.25
2,HR+/HER2- early breast cancer (adjuvant),biokg,kg,llama3.1:405b,1,8,F,2,0.5,0,1,1,1,,both,consistent,4.0,"Targets CDK4 and CDK6, which are involved in cell cycle regulation, but lacks direct evidence for estrogen receptor modulation.",0.5,2.125
2,First-line anemia in lower-risk MDS,biokg,kg,llama3.1:405b,0,8,D,8,0.125,0,0,0,1,,prior,insufficient,1.0,"No information is available for Drug-7, making it impossible to assess its plausibility.",0.25,1.5
2,First-line anemia in lower-risk MDS,biokg,kg,llama3.1:405b,1,8,C,7,0.14285714285714285,0,0,0,1,,prior,insufficient,1.0,"No information is available on Drug-7, making it impossible to assess its mechanistic plausibility.",0.375,1.75
2,Follicular lymphoma (+obinutuzumab),biokg,kg,llama3.1:405b,0,8,D,1,1.0,1,1,1,1,,prior,insufficient,3.0,"Drug-8 targets several kinases, including BMX and ITK, which are involved in B-cell signaling pathways relevant to follicular lymphoma.",0.375,1.875
2,Follicular lymphoma (+obinutuzumab),biokg,kg,llama3.1:405b,1,8,G,1,1.0,1,1,1,1,,both,consistent,4.0,"Drug-8 targets several kinases, including BMX and ITK, which are involved in B-cell signaling pathways relevant to follicular lymphoma.",0.375,2.125
2,1L biliary tract cancer (+gemcitabine+cisplatin),biokg,kg,llama3.1:405b,0,8,H,7,0.14285714285714285,0,0,0,1,,kg,insufficient,1.0,"Although Drug-6 targets PDCD1, which is involved in immune regulation, the knowledge graph evidence does not provide sufficient information to assess its relevance to the disease.",0.875,2.125
2,1L biliary tract cancer (+gemcitabine+cisplatin),biokg,kg,llama3.1:405b,1,8,G,6,0.16666666666666666,0,0,0,1,,prior,insufficient,1.0,"The knowledge graph provides limited evidence, and Drug-6's targeting of PDCD1 is not directly related to the disease.",0.125,2.0
2,"ALK+ solid tumors (tissue-agnostic, world-first)",biokg,kg,llama3.1:405b,0,8,A,1,1.0,1,1,1,1,,kg,consistent,5.0,"Drug-8 targets ALK, a key driver of ALK+ solid tumors, making it a highly plausible candidate.",0.25,2.0
2,"ALK+ solid tumors (tissue-agnostic, world-first)",biokg,kg,llama3.1:405b,1,8,D,1,1.0,1,1,1,1,,kg,consistent,5.0,"Directly targets ALK, a key driver of ALK+ solid tumors.",0.375,2.0
2,Pediatric BRAF V600E low-grade glioma,biokg,kg,llama3.1:405b,0,8,E,1,1.0,1,1,1,1,,both,consistent,5.0,"Drug-5 targets BRAF, a known driver mutation in low-grade glioma.",0.625,2.125
2,Pediatric BRAF V600E low-grade glioma,biokg,kg,llama3.1:405b,1,8,H,1,1.0,1,1,1,1,,both,consistent,5.0,"Drug-5 targets BRAF, a key protein in the disease's pathway.",0.5,2.0
2,Platinum-resistant ovarian carcinoma (PD-L1+ CPS≥1),biokg,kg,llama3.1:405b,0,8,H,1,1.0,1,1,1,1,,both,consistent,5.0,"Drug-8 targets PDCD1, which is a key protein involved in the PD-1/PD-L1 pathway, making it a highly plausible candidate for treating PD-L1+ CPS≥1 ovarian carcinoma.",0.625,2.5
2,Platinum-resistant ovarian carcinoma (PD-L1+ CPS≥1),biokg,kg,llama3.1:405b,1,8,C,1,1.0,1,1,1,1,,both,consistent,4.0,"Drug-8 targets PDCD1, which is involved in the PD-1/PD-L1 pathway, a key target for immunotherapy in cancer.",0.625,2.0
2,Ph+ CML-CP frontline (EMA Feb 2026),biokg,kg,llama3.1:405b,0,8,E,8,0.125,0,0,0,1,,prior,insufficient,1.0,"No information is provided for Drug-8, making its assessment impossible with the given data.",0.25,1.5
2,Ph+ CML-CP frontline (EMA Feb 2026),biokg,kg,llama3.1:405b,1,8,F,7,0.14285714285714285,0,0,0,1,,prior,insufficient,1.0,"No information is given about Drug-8, making its assessment impossible.",0.75,1.875
2,Gastric/GEJ adenocarcinoma,biokg,kg,llama3.1:405b,0,8,H,2,0.5,0,1,1,1,,kg,consistent,4.0,"Drug-8 targets PD1L1 and CD80, which are involved in immune checkpoint regulation and cancer immunotherapy.",0.875,2.0
2,Gastric/GEJ adenocarcinoma,biokg,kg,llama3.1:405b,1,8,H,1,1.0,1,1,1,1,,both,consistent,5.0,"Drug-8 targets PD1L1 and CD80, which are relevant to cancer immunotherapy and may be effective in treating Gastric/GEJ adenocarcinoma.",0.625,2.625
2,Chronic lymphocytic leukemia,biokg,kg,llama3.1:405b,0,8,B,1,1.0,1,1,1,1,,both,consistent,4.0,"Drug-8 targets various kinases, including BMX and ITK, which are involved in B-cell signaling pathways relevant to CLL.",0.625,2.75
2,Chronic lymphocytic leukemia,biokg,kg,llama3.1:405b,1,8,C,1,1.0,1,1,1,1,,both,consistent,4.0,"Drug-8 targets several kinases, including BMX and ITK, which are relevant to lymphocyte signaling and Chronic lymphocytic leukemia.",0.375,1.875
2,HER2+ early-stage BC (neoadjuvant + adjuvant),biokg,kg,llama3.1:405b,0,8,D,2,0.5,0,1,1,1,,both,consistent,4.0,"Drug-8 targets LYAG, CATL1, TOP1, CATB, S47A2, FCGR1, MRP1, and SO1B3, which are involved in cell cycle regulation, apoptosis, and immune response.",0.375,2.5
2,HER2+ early-stage BC (neoadjuvant + adjuvant),biokg,kg,llama3.1:405b,1,8,G,1,1.0,1,1,1,1,,kg,consistent,4.0,"Drug-8 targets TOP1, a well-known target in cancer therapy, suggesting potential efficacy against HER2+ early-stage BC.",0.625,2.5
2,HR+/HER2-low breast cancer,biokg,kg,llama3.1:405b,0,8,A,2,0.5,0,1,1,1,,both,consistent,4.0,"Drug-8 targets TOP1 and MRP1, which may contribute to its potential efficacy in breast cancer.",0.625,2.25
2,HR+/HER2-low breast cancer,biokg,kg,llama3.1:405b,1,8,F,5,0.2,0,0,1,1,,kg,insufficient,2.0,"Drug-8 targets multiple proteins, but the relevance of these targets to HR+/HER2-low breast cancer is unclear.",0.75,2.375
2,"Pediatric low-grade glioma (+dabrafenib, BRAF V600E)",biokg,kg,llama3.1:405b,0,8,F,5,0.2,0,0,1,1,,prior,insufficient,2.0,"MP2K1 and MP2K2, targeted by Drug-7, are involved in MAPK signaling pathways, which may be relevant to cancer biology.",0.75,2.25
2,"Pediatric low-grade glioma (+dabrafenib, BRAF V600E)",biokg,kg,llama3.1:405b,1,8,A,1,1.0,1,1,1,1,,kg,consistent,4.0,"Drug-7 targets multiple kinases, including MP2K1 and MP2K2, which are involved in the MAPK pathway, a key signaling pathway in BRAF V600E-mutated gliomas.",0.5,2.25
2,Unresectable thymic carcinoma (PMDA),biokg,kg,llama3.1:405b,0,8,F,2,0.5,0,1,1,1,,prior,insufficient,3.0,"Drug-7 targets multiple receptor tyrosine kinases, including VGFR and FGFR, which are involved in tumor growth and angiogenesis.",0.375,2.125
2,Unresectable thymic carcinoma (PMDA),biokg,kg,llama3.1:405b,1,8,E,1,1.0,1,1,1,1,,prior,insufficient,4.0,"Drug-7 targets several receptor tyrosine kinases (VGFR, FGFR, RET), which are commonly involved in cancer cell proliferation and survival, making it a plausible candidate.",0.75,2.0
2,BRAF+ thyroid cancer,biokg,kg,llama3.1:405b,0,8,H,1,1.0,1,1,1,1,,both,consistent,4.0,"Drug-7 targets BRAF, a key protein in the MAPK/ERK pathway, which is commonly mutated in thyroid cancer.",0.125,1.875
2,BRAF+ thyroid cancer,biokg,kg,llama3.1:405b,1,8,D,1,1.0,1,1,1,1,,both,consistent,4.0,"Drug-7 targets BRAF directly, aligning with a known key driver of the disease.",0.625,2.0
2,IDH1-mutated relapsed/refractory MDS,biokg,kg,llama3.1:405b,0,8,B,1,1.0,1,1,1,1,,both,consistent,4.0,"Drug-8 targets IDHC, which is closely related to the mutated IDH1 gene associated with the disease.",0.75,1.875
2,IDH1-mutated relapsed/refractory MDS,biokg,kg,llama3.1:405b,1,8,H,1,1.0,1,1,1,1,,both,consistent,4.0,"Drug-8 targets IDHC, which is closely related to the mutated IDH1 gene in the disease.",0.375,2.125
2,Biliary tract cancer,biokg,kg,llama3.1:405b,0,8,A,3,0.3333333333333333,0,1,1,1,,kg,consistent,2.0,"Drug-8 targets PDCD1, which is involved in immune response and may be relevant to cancer treatment.",0.875,1.75
2,Biliary tract cancer,biokg,kg,llama3.1:405b,1,8,E,2,0.5,0,1,1,1,,both,consistent,3.0,"Drug-8 targets PDCD1 (PD-1), an immune checkpoint protein, and inhibiting PD-1 can enhance anti-tumor immune responses.",0.75,1.75
2,"mCRC BRAF V600E (traditional approval, was accelerated)",biokg,kg,llama3.1:405b,0,8,F,1,1.0,1,1,1,1,,both,consistent,5.0,"Drug-7 targets BRAF, which is a key driver of the disease, and also targets other relevant proteins such as CCND1.",0.75,2.375
2,"mCRC BRAF V600E (traditional approval, was accelerated)",biokg,kg,llama3.1:405b,1,8,E,2,0.5,0,1,1,1,,both,conflicting,3.0,"Drug-7 targets BRAF, a key protein in the disease pathway, but also interacts with other proteins that may not be directly relevant.",0.625,1.625
2,Gastric/GEJ adenocarcinoma (1L +chemo),biokg,kg,llama3.1:405b,0,8,G,1,1.0,1,1,1,1,,both,consistent,4.0,"Drug-6 targets PD1L1 and CD80, which are relevant to cancer immunotherapy and may have a role in treating Gastric/GEJ adenocarcinoma.",0.5,1.875
2,Gastric/GEJ adenocarcinoma (1L +chemo),biokg,kg,llama3.1:405b,1,8,C,1,1.0,1,1,1,1,,both,consistent,4.0,"Drug-6 targets PD1L1 and CD80, suggesting a plausible mechanism in cancer therapy.",0.375,2.0
