seed,disease,kg,condition,model,shuffle,pool_size,positive_letter,rank,reciprocal_rank,hit@1,hit@3,hit@5,parsed,error,pos_basis,pos_agreement,pos_confidence,pos_rationale,frac_basis_kg,mean_confidence
1,TRD monotherapy,none,no_kg,llama3.1:405b,0,8,B,9,0.1111111111111111,0,0,0,0,500 Server Error: Internal Server Error for url: http://localhost:11434/api/generate,,,,,,
1,TRD monotherapy,none,no_kg,llama3.1:405b,1,8,H,9,0.1111111111111111,0,0,0,0,500 Server Error: Internal Server Error for url: http://localhost:11434/api/generate,,,,,,
1,ILD-associated pulmonary hypertension,none,no_kg,llama3.1:405b,0,8,C,9,0.1111111111111111,0,0,0,0,500 Server Error: Internal Server Error for url: http://localhost:11434/api/generate,,,,,,
1,ILD-associated pulmonary hypertension,none,no_kg,llama3.1:405b,1,8,A,9,0.1111111111111111,0,0,0,0,500 Server Error: Internal Server Error for url: http://localhost:11434/api/generate,,,,,,
1,Indolent systemic mastocytosis (EMA),none,no_kg,llama3.1:405b,0,8,D,4,0.25,0,0,1,1,,both,conflicting,3.0,"Despite the knowledge graph indicating a mechanistic link, my pharmacological knowledge suggests Drug-8's side effects might outweigh its benefits for mastocytosis.",0.75,3.125
1,Indolent systemic mastocytosis (EMA),none,no_kg,llama3.1:405b,1,8,E,6,0.16666666666666666,0,0,0,1,,prior,insufficient,1.0,"Drug-8 has no clear relevance to mastocytosis based on prior knowledge, and lacks evidence in the graph.",0.625,1.875
1,Hidradenitis suppurativa,none,no_kg,llama3.1:405b,0,8,A,1,1.0,1,1,1,1,,both,consistent,4.0,Drug-7 has some knowledge graph evidence suggesting a link to inflammation and immune response pathways relevant to Hidradenitis suppurativa.,0.5,3.0
1,Hidradenitis suppurativa,none,no_kg,llama3.1:405b,1,8,G,7,0.14285714285714285,0,0,0,1,,prior,insufficient,1.0,"There is no provided evidence, and prior knowledge does not suggest a clear link between Drug-7 and Hidradenitis suppurativa treatment.",0.375,2.25
1,Chronic hepatitis B (pediatric),none,no_kg,llama3.1:405b,0,8,F,6,0.16666666666666666,0,0,0,1,,prior,insufficient,2.0,Drug-6 lacks sufficient evidence in the knowledge graph and prior knowledge does not suggest strong efficacy.,0.375,2.75
1,Chronic hepatitis B (pediatric),none,no_kg,llama3.1:405b,1,8,F,7,0.14285714285714285,0,0,0,1,,prior,insufficient,2.0,"Drug-6 lacks clear evidence linking it to the hepatitis B virus or its pathways, making it a less likely candidate based solely on prior knowledge.",0.375,2.875
1,HoFH pediatric (EMA),none,no_kg,llama3.1:405b,0,8,D,7,0.14285714285714285,0,0,0,1,,kg,insufficient,1.0,"The knowledge graph provides weak and indirect evidence for Drug-8's relevance to HoFH pediatric, making its potential benefits uncertain.",0.625,2.375
1,HoFH pediatric (EMA),none,no_kg,llama3.1:405b,1,8,D,4,0.25,0,0,1,1,,prior,insufficient,2.0,Limited confidence in this candidate due to lack of evidence and unclear mechanism of action related to HoFH pediatric.,0.25,2.25
1,Nephrotic syndrome,none,no_kg,llama3.1:405b,0,8,D,3,0.3333333333333333,0,1,1,1,,prior,insufficient,2.0,"Drug-1 has been used to treat related conditions, but there is limited evidence for its effectiveness in Nephrotic syndrome.",0.375,1.875
1,Nephrotic syndrome,none,no_kg,llama3.1:405b,1,8,H,8,0.125,0,0,0,1,,prior,insufficient,1.0,"Without any supporting evidence from the knowledge graph or my prior pharmacological understanding, Drug-1's potential for treating nephrotic syndrome is uncertain.",0.375,2.0
1,Follicular lymphoma,none,no_kg,llama3.1:405b,0,8,H,8,0.125,0,0,0,1,,prior,insufficient,1.0,"Without any provided evidence and no clear mechanistic link based on prior knowledge, Drug-8's potential for treating follicular lymphoma is uncertain.",0.625,2.25
1,Follicular lymphoma,none,no_kg,llama3.1:405b,1,8,H,8,0.125,0,0,0,1,,prior,insufficient,1.0,"Lacking any clear evidence from the knowledge graph, Drug-8's assessment is purely speculative based on very general pharmacological principles.",0.625,2.75
1,Retinal vein occlusion,none,no_kg,llama3.1:405b,0,8,B,5,0.2,0,0,1,1,,prior,insufficient,2.0,"Drug-8 has no clear link to the disease, but its known anti-inflammatory effects might be beneficial.",0.375,2.25
1,Retinal vein occlusion,none,no_kg,llama3.1:405b,1,8,H,8,0.125,0,0,0,1,,prior,insufficient,1.0,"Without any evidence, it is unclear how Drug-8 would affect retinal vein occlusion.",0.5,1.875
1,Agitation associated with Alzheimer's dementia,none,no_kg,llama3.1:405b,0,8,A,3,0.3333333333333333,0,1,1,1,,kg,consistent,3.0,"The knowledge graph suggests that Drug-2 may target a relevant pathway, but the evidence is not strong.",0.375,2.5
1,Agitation associated with Alzheimer's dementia,none,no_kg,llama3.1:405b,1,8,B,2,0.5,0,1,1,1,,kg,consistent,4.0,"The knowledge graph shows a direct connection between Drug-2 and the disease, suggesting a plausible mechanistic link.",0.625,2.625
1,High LDL-C with increased CV risk (expanded),none,no_kg,llama3.1:405b,0,8,D,8,0.125,0,0,0,1,,prior,insufficient,1.0,"With no knowledge graph evidence and limited prior knowledge, Drug-8's efficacy is speculative.",0.5,2.5
1,High LDL-C with increased CV risk (expanded),none,no_kg,llama3.1:405b,1,8,D,6,0.16666666666666666,0,0,0,1,,kg,conflicting,2.0,"The knowledge graph evidence suggests that Drug-8 targets a protein involved in the regulation of blood pressure, but its effect on LDL-C levels is unclear and may be conflicting.",0.5,3.0
1,Indolent systemic mastocytosis,none,no_kg,llama3.1:405b,0,8,H,8,0.125,0,0,0,1,,prior,insufficient,1.0,"Without evidence from the knowledge graph and limited prior pharmacological knowledge, Drug-8's effectiveness is uncertain.",0.625,2.75
1,Indolent systemic mastocytosis,none,no_kg,llama3.1:405b,1,8,F,7,0.14285714285714285,0,0,0,1,,kg,conflicting,1.0,"The knowledge graph evidence for Drug-8 (F) is conflicting, and prior knowledge suggests it may not be an effective treatment for indolent systemic mastocytosis due to its mechanism of action.",0.625,2.5
1,EGPA (expanded),none,no_kg,llama3.1:405b,0,8,E,4,0.25,0,0,1,1,,both,conflicting,2.0,"Some mechanistic links are promising, but others contradict established pharmacological effects.",0.625,1.875
1,EGPA (expanded),none,no_kg,llama3.1:405b,1,8,D,4,0.25,0,0,1,1,,kg,conflicting,2.0,"Drug-7 has conflicting evidence in the knowledge graph, with some links suggesting potential efficacy and others indicating possible harm.",0.625,2.125
1,COVID-19 (expanded population),none,no_kg,llama3.1:405b,0,8,E,5,0.2,0,0,1,1,,kg,consistent,2.0,"The knowledge graph reports a weak association between Drug-8 and COVID-19, but I have no prior knowledge to support this.",0.75,2.25
1,COVID-19 (expanded population),none,no_kg,llama3.1:405b,1,8,G,7,0.14285714285714285,0,0,0,1,,prior,insufficient,1.0,"No direct evidence was provided, and prior research does not suggest a clear mechanism of action for Drug-8 against COVID-19.",0.5,2.25
1,Obstructive sleep apnea with obesity,none,no_kg,llama3.1:405b,0,8,B,6,0.16666666666666666,0,0,0,1,,kg,insufficient,2.0,"The knowledge graph provides limited information on Drug-8's relevance, and prior knowledge does not offer strong support for its use in treating this disease.",0.5,2.375
1,Obstructive sleep apnea with obesity,none,no_kg,llama3.1:405b,1,8,G,7,0.14285714285714285,0,0,0,1,,prior,insufficient,2.0,"Without direct evidence, Drug-8's potential use in treating obstructive sleep apnea with obesity is uncertain, and its known effects on other conditions do not provide a clear rationale for its use.",0.5,2.5
1,KRAS G12C+ mCRC,none,no_kg,llama3.1:405b,0,8,D,4,0.25,0,0,1,1,,kg,conflicting,2.0,"The knowledge graph reports an association between Drug-8 and the PI3K pathway, which is involved in mCRC, but my prior knowledge suggests that this candidate may not be effective in KRAS G12C+ mCRC due to potential resistance mechanisms.",0.625,2.125
1,KRAS G12C+ mCRC,none,no_kg,llama3.1:405b,1,8,F,5,0.2,0,0,1,1,,kg,consistent,2.0,"The knowledge graph indicates Drug-8 acts on a target involved in cell cycle regulation, which could affect cancer proliferation but is less directly linked to KRAS G12C.",0.625,2.25
1,Diabetic retinopathy/DME (EMA Mar+May 2026),none,no_kg,llama3.1:405b,0,8,E,5,0.2,0,0,1,1,,prior,insufficient,1.0,"There is limited prior knowledge about Drug-8's mechanism, and no evidence was provided to support its use for diabetic retinopathy.",0.625,2.25
1,Diabetic retinopathy/DME (EMA Mar+May 2026),none,no_kg,llama3.1:405b,1,8,H,8,0.125,0,0,0,1,,prior,insufficient,1.0,There is no clear information available about Drug-8's potential effects on Diabetic retinopathy/DME.,0.625,2.25
1,Chorea associated with Huntington's disease,none,no_kg,llama3.1:405b,0,8,G,7,0.14285714285714285,0,0,0,1,,prior,insufficient,1.0,"Without any evidence or clear mechanistic link, Drug-8 is an uncertain candidate.",0.375,2.25
1,Chorea associated with Huntington's disease,none,no_kg,llama3.1:405b,1,8,D,7,0.14285714285714285,0,0,0,1,,kg,conflicting,1.0,"The knowledge graph suggests Drug-8 (D) targets a potentially relevant protein, but this conflicts with known pharmacological actions of the drug.",0.625,2.5
1,Heart failure (broadened),none,no_kg,llama3.1:405b,0,8,D,3,0.3333333333333333,0,1,1,1,,kg,conflicting,3.0,"Drug-8 has some mechanistic evidence in the knowledge graph, but it conflicts with my prior knowledge of its potential cardiac side effects.",0.375,2.5
1,Heart failure (broadened),none,no_kg,llama3.1:405b,1,8,G,7,0.14285714285714285,0,0,0,1,,prior,insufficient,1.0,"Similar to Drug-4, Drug-8 lacks sufficient evidence or mechanistic rationale for treating heart failure, placing it near the bottom of the ranking.",0.375,1.875
1,Acquired hypofibrinogenemia in cardiovascular surgery,none,no_kg,llama3.1:405b,0,8,B,5,0.2,0,0,1,1,,prior,insufficient,2.0,"Drug-6 has been used as an anticoagulant, which may worsen hypofibrinogenemia.",0.375,2.375
1,Acquired hypofibrinogenemia in cardiovascular surgery,none,no_kg,llama3.1:405b,1,8,H,8,0.125,0,0,0,1,,prior,insufficient,1.0,"Drug-6 lacks knowledge-graph evidence and its mechanism is unclear, making it the least plausible candidate.",0.375,2.5
1,Pediatric atopic dermatitis,none,no_kg,llama3.1:405b,0,8,B,2,0.5,0,1,1,1,,kg,consistent,4.0,"The knowledge graph indicates a clear pathway to disease treatment, although prior pharmacological action is less well-documented.",0.625,2.5
1,Pediatric atopic dermatitis,none,no_kg,llama3.1:405b,1,8,F,6,0.16666666666666666,0,0,0,1,,prior,insufficient,2.0,"Drug-8's mechanism of action is less clear in relation to atopic dermatitis, but it has shown some promise in similar conditions.",0.625,2.25
1,COVID-19 updated strain,none,no_kg,llama3.1:405b,0,8,G,6,0.16666666666666666,0,0,0,1,,prior,insufficient,2.0,"Drug-8 has shown some antiviral activity, but its efficacy against SARS-CoV-2 is uncertain and requires further investigation.",0.625,2.5
1,COVID-19 updated strain,none,no_kg,llama3.1:405b,1,8,H,8,0.125,0,0,0,1,,prior,insufficient,1.0,"Drug-8 lacks any known mechanistic links to COVID-19 or SARS-CoV-2, making it an unlikely candidate.",0.625,2.375
1,Delay T1D onset in children ≥1yr,none,no_kg,llama3.1:405b,0,8,F,1,1.0,1,1,1,1,,both,consistent,4.0,"Drug-7 has been linked to IL-2 signaling pathway, which is involved in the regulation of immune response and could delay T1D onset.",0.625,2.5
1,Delay T1D onset in children ≥1yr,none,no_kg,llama3.1:405b,1,8,G,7,0.14285714285714285,0,0,0,1,,prior,insufficient,1.0,"Drug-7 has an unclear mechanism of action and no supporting evidence from the knowledge graph, making its efficacy uncertain.",0.5,2.5
1,Unresectable thymic carcinoma (PMDA),none,no_kg,llama3.1:405b,0,8,E,5,0.2,0,0,1,1,,prior,insufficient,2.0,"Drug-6's mechanism suggests potential applicability, but specific data regarding its effects on unresectable thymic carcinoma are lacking.",0.5,2.125
1,Unresectable thymic carcinoma (PMDA),none,no_kg,llama3.1:405b,1,8,A,1,1.0,1,1,1,1,,both,consistent,4.0,Drug-6 has some knowledge graph evidence and targets a relevant cancer pathway.,0.375,2.25
1,Retinal vein occlusion,none,no_kg,llama3.1:405b,0,8,B,6,0.16666666666666666,0,0,0,1,,prior,insufficient,1.0,"Without graph evidence, my prior knowledge does not provide a clear rationale for Drug-8's efficacy in retinal vein occlusion.",0.625,2.25
1,Retinal vein occlusion,none,no_kg,llama3.1:405b,1,8,B,6,0.16666666666666666,0,0,0,1,,prior,insufficient,1.0,Drug-8 has unknown effects on retinal vein occlusion and there is no evidence to support its use.,0.375,2.0
1,Spinal muscular atrophy (pediatric expansion),none,no_kg,llama3.1:405b,0,8,H,8,0.125,0,0,0,1,,prior,insufficient,1.0,"Drug-8 has no clear mechanism of action related to spinal muscular atrophy, and there is no direct evidence to support its use.",0.625,2.5
1,Spinal muscular atrophy (pediatric expansion),none,no_kg,llama3.1:405b,1,8,E,5,0.2,0,0,1,1,,prior,insufficient,2.0,"There is no knowledge graph evidence, but Drug-8 has shown promise in preclinical studies for other neuromuscular diseases.",0.625,2.125
1,Chronic thromboembolic pulmonary hypertension,none,no_kg,llama3.1:405b,0,8,E,4,0.25,0,0,1,1,,prior,insufficient,2.0,"While there is no evidence in the knowledge graph, my prior knowledge suggests that Drug-7 may have some vasodilatory effects, but its relevance to this disease is uncertain.",0.5,2.25
1,Chronic thromboembolic pulmonary hypertension,none,no_kg,llama3.1:405b,1,8,C,6,0.16666666666666666,0,0,0,1,,prior,insufficient,1.0,"Without specific evidence for CTEPH, Drug-7's general properties as a tyrosine kinase inhibitor do not strongly suggest efficacy or risk in this context.",0.625,2.125
1,Polycythaemia vera and essential thrombocytopenia,none,no_kg,llama3.1:405b,0,8,C,2,0.5,0,1,1,1,,kg,consistent,4.0,"Drug-1 has robust evidence from the knowledge graph, indicating its potential to modulate a relevant pathway in Polycythaemia vera and essential thrombocytopenia.",0.5,2.5
1,Polycythaemia vera and essential thrombocytopenia,none,no_kg,llama3.1:405b,1,8,F,1,1.0,1,1,1,1,,both,consistent,4.0,"Strong mechanistic link through JAK2 inhibition, a known therapeutic target for myeloproliferative neoplasms.",0.5,2.0
1,Generalized myasthenia gravis,none,no_kg,llama3.1:405b,0,8,F,7,0.14285714285714285,0,0,0,1,,prior,insufficient,1.0,"Drug-8's mechanism of action is unrelated to the disease, and there is no clear rationale for its potential efficacy.",0.5,2.5
1,Generalized myasthenia gravis,none,no_kg,llama3.1:405b,1,8,A,1,1.0,1,1,1,1,,both,consistent,4.0,"Drug-8 shows strong mechanistic links to the disease through multiple pathways and targets, supported by both knowledge-graph evidence and prior pharmacological knowledge.",0.5,2.75
1,Invasive fungal infections pediatric ≥2yr,none,no_kg,llama3.1:405b,0,8,C,4,0.25,0,0,1,1,,kg,conflicting,2.0,"The knowledge graph reports a potential mechanistic link, but my prior knowledge suggests that Drug-5 may not be effective against invasive fungal infections in pediatric patients due to its mechanism of action.",0.625,2.125
1,Invasive fungal infections pediatric ≥2yr,none,no_kg,llama3.1:405b,1,8,G,7,0.14285714285714285,0,0,0,1,,both,conflicting,1.0,"The knowledge graph suggests a link between Drug-5 and the disease, but prior knowledge indicates significant side effects that may outweigh its benefits.",0.625,2.375
1,PKU expanded to ≥12yr,none,no_kg,llama3.1:405b,0,8,B,1,1.0,1,1,1,1,,both,consistent,5.0,"Drug-8 shows a strong mechanistic link through the knowledge graph, targeting a key enzyme in the phenylalanine metabolism pathway directly implicated in PKU.",0.625,3.0
1,PKU expanded to ≥12yr,none,no_kg,llama3.1:405b,1,8,F,7,0.14285714285714285,0,0,0,1,,prior,insufficient,1.0,No evidence or logical connection supports the use of Drug-8 for treating PKU based on prior knowledge.,0.375,1.875
1,IDH1-mutated relapsed/refractory MDS,none,no_kg,llama3.1:405b,0,8,F,6,0.16666666666666666,0,0,0,1,,kg,insufficient,1.0,The knowledge graph provides no clear link between Drug-8 and relevant MDS pathways.,0.5,2.25
1,IDH1-mutated relapsed/refractory MDS,none,no_kg,llama3.1:405b,1,8,C,2,0.5,0,1,1,1,,kg,consistent,4.0,"The knowledge graph indicates that Drug-8 targets a protein involved in the regulation of DNA methylation, which is disrupted in IDH1-mutated MDS.",0.625,2.375
1,Retinopathy of prematurity,none,no_kg,llama3.1:405b,0,8,F,4,0.25,0,0,1,1,,prior,insufficient,3.0,Drug-6 has some potential mechanistic relevance due to its anti-inflammatory properties.,0.375,2.5
1,Retinopathy of prematurity,none,no_kg,llama3.1:405b,1,8,F,6,0.16666666666666666,0,0,0,1,,kg,consistent,3.0,"Drug-6 has been linked to the angiopoietin pathway, which is involved in vascular development and stability.",0.625,2.25
1,Agitation associated with Alzheimer's dementia,none,no_kg,llama3.1:405b,0,8,H,6,0.16666666666666666,0,0,0,1,,kg,consistent,2.0,"The knowledge graph indicates that Drug-5 affects the histamine H1 receptor, which may contribute to sedation and reduced agitation, but its impact is likely limited.",0.5,2.625
1,Agitation associated with Alzheimer's dementia,none,no_kg,llama3.1:405b,1,8,C,3,0.3333333333333333,0,1,1,1,,prior,insufficient,2.0,"Although no evidence is provided, Drug-5 has a known anxiolytic effect that might be beneficial for agitation.",0.625,2.0
1,LDL-C elevation in statin-intolerant dyslipidemia,none,no_kg,llama3.1:405b,0,8,H,8,0.125,0,0,0,1,,prior,insufficient,1.0,"Without any supporting evidence or prior knowledge, Drug-8's mechanistic plausibility is uncertain.",0.5,2.375
1,LDL-C elevation in statin-intolerant dyslipidemia,none,no_kg,llama3.1:405b,1,8,F,5,0.2,0,0,1,1,,prior,insufficient,2.0,"Without direct evidence, it is uncertain whether Drug-8's mechanism of action would effectively reduce LDL-C levels in statin-intolerant patients.",0.5,2.375
1,First-line anemia in lower-risk MDS,none,no_kg,llama3.1:405b,0,8,A,3,0.3333333333333333,0,1,1,1,,kg,consistent,3.0,"Drug-7 shows promising KG evidence, but its pharmacological relevance is less clear compared to top candidates.",0.5,2.625
1,First-line anemia in lower-risk MDS,none,no_kg,llama3.1:405b,1,8,E,5,0.2,0,0,1,1,,prior,insufficient,1.0,"No evidence was provided, and Drug-7's mechanism of action is not well-understood in the context of anemia treatment.",0.625,1.875
1,Atopic dermatitis,none,no_kg,llama3.1:405b,0,8,C,4,0.25,0,0,1,1,,prior,insufficient,2.0,"Drug-7 might have potential due to its anti-inflammatory properties, but there's no direct evidence linking it to atopic dermatitis pathways.",0.375,2.0
1,Atopic dermatitis,none,no_kg,llama3.1:405b,1,8,A,1,1.0,1,1,1,1,,both,consistent,4.0,"Drug-7 has a plausible mechanism of action, targeting the IL-13 pathway, which is known to be involved in atopic dermatitis.",0.5,2.375
1,Acute HCV pediatric,none,no_kg,llama3.1:405b,0,8,B,5,0.2,0,0,1,1,,kg,conflicting,2.0,"The knowledge graph suggests a link between Drug-8 and HCV, but its mechanism of action seems unlikely to be effective in pediatric cases based on my prior knowledge.",0.5,2.625
1,Acute HCV pediatric,none,no_kg,llama3.1:405b,1,8,E,5,0.2,0,0,1,1,,prior,insufficient,2.0,"I am not aware of any direct antiviral activity of Drug-8 against HCV, but it may have some indirect effects.",0.625,2.25
1,HoFH in children,none,no_kg,llama3.1:405b,0,8,F,7,0.14285714285714285,0,0,0,1,,prior,insufficient,1.0,Drug-8 has no explicit knowledge graph evidence and limited prior knowledge support for its relevance to HoFH in children.,0.375,2.125
1,HoFH in children,none,no_kg,llama3.1:405b,1,8,F,6,0.16666666666666666,0,0,0,1,,prior,insufficient,1.0,"No clear information available, and prior knowledge does not suggest strong efficacy for HoFH in children.",0.625,2.375
1,dMMR/MSI-H primary advanced endometrial cancer (+chemo),none,no_kg,llama3.1:405b,0,8,C,4,0.25,0,0,1,1,,kg,consistent,3.0,"The knowledge graph provides some evidence for Drug-8, but its relevance to the target disease is uncertain.",0.375,2.5
1,dMMR/MSI-H primary advanced endometrial cancer (+chemo),none,no_kg,llama3.1:405b,1,8,E,3,0.3333333333333333,0,1,1,1,,prior,insufficient,3.0,"While the knowledge graph does not provide evidence for Drug-8, my prior knowledge suggests a possible mechanism of action against the target disease.",0.375,2.375
1,Cerebral folate transport deficiency,none,no_kg,llama3.1:405b,0,8,C,1,1.0,1,1,1,1,,both,consistent,4.0,Drug-1 has some evidence from the knowledge graph and aligns with my prior knowledge of folate receptor targeting.,0.375,1.875
1,Cerebral folate transport deficiency,none,no_kg,llama3.1:405b,1,8,A,1,1.0,1,1,1,1,,both,consistent,4.0,"Drug-1 has been linked to the SLC19A1 gene, which is associated with cerebral folate transport deficiency, and my knowledge of its pharmacological properties suggests it could be a plausible candidate.",0.5,2.375
1,Reduce MACE in CVD + obesity/overweight,none,no_kg,llama3.1:405b,0,8,G,7,0.14285714285714285,0,0,0,1,,prior,insufficient,1.0,"There is no evidence from the knowledge graph, and Drug-8's mechanism of action is unclear.",0.625,2.25
1,Reduce MACE in CVD + obesity/overweight,none,no_kg,llama3.1:405b,1,8,G,7,0.14285714285714285,0,0,0,1,,prior,insufficient,1.0,"My pharmacological knowledge does not suggest significant potential for Drug-8, and the lack of evidence from the knowledge graph does not alter this assessment.",0.375,2.25
1,Palmoplantar pustulosis (PMDA),none,no_kg,llama3.1:405b,0,8,A,5,0.2,0,0,1,1,,kg,insufficient,2.0,"Sparse evidence in the knowledge graph and lack of direct connections to PMDA pathways limit confidence, though it does not directly conflict with known pharmacology.",0.625,2.375
1,Palmoplantar pustulosis (PMDA),none,no_kg,llama3.1:405b,1,8,A,6,0.16666666666666666,0,0,0,1,,prior,conflicting,2.0,"Drug-7's known mechanisms do not strongly align with PMDA treatment, and limited graph evidence does not resolve this discrepancy.",0.375,2.5
1,Measles prophylaxis post-exposure,none,no_kg,llama3.1:405b,0,8,B,2,0.5,0,1,1,1,,kg,consistent,3.0,"The knowledge graph suggests that Drug-1 targets a protein involved in measles virus entry, but its clinical efficacy is uncertain.",0.5,1.875
1,Measles prophylaxis post-exposure,none,no_kg,llama3.1:405b,1,8,D,4,0.25,0,0,1,1,,kg,consistent,5.0,"Drug-1 has a clear mechanistic link through the knowledge graph, aligning with established antiviral strategies.",0.375,2.75
1,CKD in T2D,none,no_kg,llama3.1:405b,0,8,E,5,0.2,0,0,1,1,,kg,consistent,2.0,"Drug-8 has limited evidence from the knowledge graph, linking it to a less relevant target and pathway in CKD and T2D.",0.625,2.25
1,CKD in T2D,none,no_kg,llama3.1:405b,1,8,A,1,1.0,1,1,1,1,,both,consistent,4.0,"Drug-8 has strong mechanistic links to the disease via multiple pathways and targets, consistent with prior knowledge of its pharmacological effects.",0.625,2.75
1,HER2-mutant NSCLC (PMDA),none,no_kg,llama3.1:405b,0,8,B,4,0.25,0,0,1,1,,prior,insufficient,3.0,"Although no mechanistic link is provided, Drug-8's known pharmacological profile might impact relevant signaling pathways.",0.375,2.875
1,HER2-mutant NSCLC (PMDA),none,no_kg,llama3.1:405b,1,8,A,1,1.0,1,1,1,1,,both,consistent,5.0,"Drug-8 has strong evidence of targeting HER2, a key driver mutation in NSCLC.",0.5,2.375
1,Heterozygous familial hypercholesterolemia,none,no_kg,llama3.1:405b,0,8,G,7,0.14285714285714285,0,0,0,1,,both,conflicting,2.0,"The knowledge graph suggests a link, but my pharmacological knowledge indicates Drug-7's primary action may not significantly impact heterozygous familial hypercholesterolemia.",0.625,2.25
1,Heterozygous familial hypercholesterolemia,none,no_kg,llama3.1:405b,1,8,E,3,0.3333333333333333,0,1,1,1,,prior,insufficient,3.0,"Known effects on cholesterol levels, but no clear mechanistic link provided.",0.625,2.375
1,Crohn's disease,none,no_kg,llama3.1:405b,0,8,C,2,0.5,0,1,1,1,,kg,consistent,3.0,"The knowledge graph provides evidence for Drug-7's interaction with a relevant target, but pharmacological knowledge does not add significant support.",0.5,2.125
1,Crohn's disease,none,no_kg,llama3.1:405b,1,8,B,2,0.5,0,1,1,1,,kg,consistent,3.0,"The knowledge graph shows Drug-7 interacting with the IL-12/IL-23 pathway, which is a validated target for Crohn's disease.",0.625,2.0
1,COVID-19 in severe renal impairment/dialysis,none,no_kg,llama3.1:405b,0,8,B,5,0.2,0,0,1,1,,kg,insufficient,2.0,Drug-8 has limited mechanistic links to COVID-19 treatment and no evidence for effectiveness in severe renal impairment/dialysis.,0.625,2.25
1,COVID-19 in severe renal impairment/dialysis,none,no_kg,llama3.1:405b,1,8,D,6,0.16666666666666666,0,0,0,1,,prior,insufficient,2.0,"Drug-8 has been proposed as a potential treatment for COVID-19, but its mechanism of action and effectiveness in patients with severe renal impairment are unclear.",0.625,2.75
1,MASH with fibrosis,none,no_kg,llama3.1:405b,0,8,C,2,0.5,0,1,1,1,,kg,consistent,4.0,"Knowledge-graph evidence shows a clear mechanistic link to MASH with fibrosis, but prior knowledge is limited.",0.5,3.0
1,MASH with fibrosis,none,no_kg,llama3.1:405b,1,8,F,7,0.14285714285714285,0,0,0,1,,prior,insufficient,1.0,"There is no knowledge-graph evidence for Drug-8, and its pharmacological profile does not suggest a connection to MASH with fibrosis.",0.375,2.5
1,mHSPC + ADT,none,no_kg,llama3.1:405b,0,8,H,8,0.125,0,0,0,1,,kg,conflicting,1.0,"The knowledge graph suggests that Drug-8 targets a protein involved in a relevant pathway, but my prior knowledge indicates that this target is unlikely to be important for the disease.",0.625,2.25
1,mHSPC + ADT,none,no_kg,llama3.1:405b,1,8,F,4,0.25,0,0,1,1,,kg,conflicting,2.0,"Knowledge graph suggests an indirect link via a lesser-known pathway, but this conflicts with my understanding of the drug's primary mechanism.",0.5,2.375
1,Chronic kidney disease,none,no_kg,llama3.1:405b,0,8,G,7,0.14285714285714285,0,0,0,1,,kg,conflicting,1.0,"The knowledge graph indicates a link to the fibrosis pathway, but my prior knowledge suggests that this drug's antifibrotic effects may be offset by its potential nephrotoxicity.",0.625,2.75
1,Chronic kidney disease,none,no_kg,llama3.1:405b,1,8,H,8,0.125,0,0,0,1,,prior,insufficient,1.0,The lack of evidence and unclear mechanism of action make it challenging to evaluate Drug-8's potential for treating chronic kidney disease.,0.5,2.375
1,Allergic fungal rhinosinusitis (AFRS) ≥6yr,none,no_kg,llama3.1:405b,0,8,E,5,0.2,0,0,1,1,,prior,insufficient,2.0,"Drug-8 has no clear evidence of antifungal or anti-inflammatory activity, making it a less promising candidate.",0.375,2.125
1,Allergic fungal rhinosinusitis (AFRS) ≥6yr,none,no_kg,llama3.1:405b,1,8,D,8,0.125,0,0,0,1,,prior,insufficient,1.0,Drug-8 has no supporting evidence from the knowledge graph and limited prior evidence of antifungal activity.,0.5,1.875
1,Acquired hypothalamic obesity,none,no_kg,llama3.1:405b,0,8,C,6,0.16666666666666666,0,0,0,1,,kg,conflicting,2.0,"The knowledge graph reports a link between Drug-8 and a target that may actually exacerbate obesity, raising concerns about its suitability.",0.5,2.5
1,Acquired hypothalamic obesity,none,no_kg,llama3.1:405b,1,8,H,8,0.125,0,0,0,1,,prior,insufficient,1.0,There is no clear evidence or rationale for Drug-8's use in treating acquired hypothalamic obesity.,0.5,1.875
1,Pediatric glioma (EMA),none,no_kg,llama3.1:405b,0,8,B,4,0.25,0,0,1,1,,kg,conflicting,2.0,"The knowledge graph suggests Drug-6 may inhibit a relevant pathway, but prior research raises concerns about its efficacy.",0.625,2.375
1,Pediatric glioma (EMA),none,no_kg,llama3.1:405b,1,8,G,5,0.2,0,0,1,1,,kg,conflicting,2.0,"Drug-6 has conflicting evidence; while it targets relevant pathways, its effect on glioma is unclear.",0.625,2.625
1,IV formulation for rheumatic diseases (EMA),none,no_kg,llama3.1:405b,0,8,C,3,0.3333333333333333,0,1,1,1,,both,conflicting,3.0,"Despite the knowledge graph suggesting a potential pathway for Drug-6 in treating rheumatic diseases, existing pharmacological knowledge raises questions about its efficacy and safety profile.",0.625,2.75
1,IV formulation for rheumatic diseases (EMA),none,no_kg,llama3.1:405b,1,8,E,3,0.3333333333333333,0,1,1,1,,both,consistent,3.0,"Drug-6 has some mechanistic links to rheumatic disease pathways, and prior knowledge suggests it may have anti-inflammatory effects, although the evidence is not as strong as for Drug-3.",0.75,2.25
1,Oral tablet formulation for weight management,none,no_kg,llama3.1:405b,0,8,B,8,0.125,0,0,0,1,,prior,insufficient,1.0,No information is available to assess Drug-8's mechanistic plausibility for weight management.,0.625,2.375
1,Oral tablet formulation for weight management,none,no_kg,llama3.1:405b,1,8,E,5,0.2,0,0,1,1,,prior,insufficient,2.0,"No clear evidence is provided for Drug-8, but it may have some relevance based on its pharmacological class.",0.375,2.125
1,dMMR recurrent/advanced endometrial cancer,none,no_kg,llama3.1:405b,0,8,C,2,0.5,0,1,1,1,,kg,consistent,4.0,"The knowledge graph indicates that Drug-8 targets the mTOR pathway, which is downstream of PI3K/AKT and also frequently altered in dMMR endometrial cancer.",0.5,2.25
1,dMMR recurrent/advanced endometrial cancer,none,no_kg,llama3.1:405b,1,8,F,8,0.125,0,0,0,1,,kg,conflicting,1.0,"Despite the knowledge graph indicating a connection between Drug-8 and a relevant target, prior knowledge suggests this interaction is unlikely to be significant in dMMR endometrial cancer.",0.625,2.25
1,Primary humoral immunodeficiency pediatric 2-11yr,none,no_kg,llama3.1:405b,0,8,B,1,1.0,1,1,1,1,,both,consistent,4.0,"Drug-1 has a known immunomodulatory effect, and the knowledge graph links it to a relevant pathway.",0.5,2.25
1,Primary humoral immunodeficiency pediatric 2-11yr,none,no_kg,llama3.1:405b,1,8,B,2,0.5,0,1,1,1,,prior,insufficient,3.0,Known immunomodulatory effects suggest potential benefits despite lack of direct evidence in the knowledge graph.,0.5,2.25
1,Neoadj+adj HNSCC,none,no_kg,llama3.1:405b,0,8,B,7,0.14285714285714285,0,0,0,1,,prior,insufficient,1.0,"Drug-7 lacks both direct evidence and a compelling mechanistic link to HNSCC, making it a lower priority.",0.375,2.25
1,Neoadj+adj HNSCC,none,no_kg,llama3.1:405b,1,8,D,6,0.16666666666666666,0,0,0,1,,kg,consistent,2.0,"Weak association with HNSCC pathway in knowledge graph, and pharmacological properties are unconvincing.",0.625,3.0
1,Juvenile idiopathic arthritis (EMA Feb 2026),none,no_kg,llama3.1:405b,0,8,A,1,1.0,1,1,1,1,,both,consistent,4.0,Drug-7 has strong evidence linking it to the inhibition of inflammatory pathways relevant to juvenile idiopathic arthritis.,0.625,2.25
1,Juvenile idiopathic arthritis (EMA Feb 2026),none,no_kg,llama3.1:405b,1,8,F,6,0.16666666666666666,0,0,0,1,,prior,insufficient,2.0,"No direct evidence is provided for Drug-7, and its pharmacological profile does not clearly suggest efficacy in JIA.",0.625,2.625
1,"ALK+ solid tumors (tissue-agnostic, world-first)",none,no_kg,llama3.1:405b,0,8,C,2,0.5,0,1,1,1,,kg,consistent,4.0,"The knowledge graph provides strong evidence for Drug-8's activity against ALK, although its clinical efficacy in this indication is less clear.",0.375,2.5
1,"ALK+ solid tumors (tissue-agnostic, world-first)",none,no_kg,llama3.1:405b,1,8,A,1,1.0,1,1,1,1,,both,consistent,4.0,"Drug-8 has strong evidence of targeting ALK and inhibiting its downstream pathways, consistent with prior knowledge of effective treatments for ALK+ tumors.",0.5,2.375
1,Ulcerative colitis,none,no_kg,llama3.1:405b,0,8,H,8,0.125,0,0,0,1,,prior,insufficient,1.0,"There is no information available on Drug-8, making it impossible to assess its potential for treating ulcerative colitis.",0.375,2.875
1,Ulcerative colitis,none,no_kg,llama3.1:405b,1,8,D,7,0.14285714285714285,0,0,0,1,,prior,insufficient,1.0,"Without any direct evidence, Drug-8 (D) is difficult to assess for ulcerative colitis treatment potential.",0.375,2.5
1,Advanced RCC after PD-1/PD-L1 + VEGF-TKI,none,no_kg,llama3.1:405b,0,8,C,3,0.3333333333333333,0,1,1,1,,prior,insufficient,2.0,"Prior knowledge suggests potential for anti-angiogenic effects in RCC, but evidence is lacking.",0.625,2.25
1,Advanced RCC after PD-1/PD-L1 + VEGF-TKI,none,no_kg,llama3.1:405b,1,8,D,5,0.2,0,0,1,1,,prior,insufficient,2.0,"There's limited information on Drug-8, but its mechanism of action doesn't seem directly relevant to RCC treatment.",0.5,2.375
1,Ulcerative colitis,none,no_kg,llama3.1:405b,0,8,E,3,0.3333333333333333,0,1,1,1,,prior,insufficient,3.0,"Although there is no evidence in the knowledge graph, Drug-7 has been used to treat similar inflammatory conditions and may have potential for ulcerative colitis.",0.5,2.25
1,Ulcerative colitis,none,no_kg,llama3.1:405b,1,8,H,8,0.125,0,0,0,1,,kg,conflicting,1.0,"The knowledge graph reports a link between Drug-7 and Ulcerative colitis, but this conflicts with my prior knowledge that the reported pathway is not relevant to the disease.",0.625,2.375
1,BRAF V600E metastatic NSCLC,none,no_kg,llama3.1:405b,0,8,A,2,0.5,0,1,1,1,,kg,consistent,3.0,"Drug-8 is linked to BRAF inhibition via the MAPK/ERK pathway in the knowledge graph, suggesting potential efficacy against BRAF V600E metastatic NSCLC.",0.625,1.875
1,BRAF V600E metastatic NSCLC,none,no_kg,llama3.1:405b,1,8,D,6,0.16666666666666666,0,0,0,1,,prior,insufficient,1.0,Drug-8's mechanism and potential application to BRAF V600E metastatic NSCLC are not supported by provided evidence or prior knowledge.,0.25,2.125
1,Crohn's disease,none,no_kg,llama3.1:405b,0,8,A,1,1.0,1,1,1,1,,both,consistent,5.0,"Strong mechanistic link through TNF-alpha inhibition, a well-established therapeutic target for Crohn's disease.",0.625,3.0
1,Crohn's disease,none,no_kg,llama3.1:405b,1,8,G,7,0.14285714285714285,0,0,0,1,,prior,insufficient,1.0,Drug-8 has an unclear mechanism of action and no evidence in the knowledge graph to support its relevance to Crohn's disease.,0.5,2.75
1,dMMR/MSI-H primary advanced endometrial cancer,none,no_kg,llama3.1:405b,0,8,C,8,0.125,0,0,0,1,,kg,conflicting,1.0,"Drug-8's knowledge graph evidence is sparse and contradicts established pharmacological roles, making its efficacy uncertain.",0.625,2.375
1,dMMR/MSI-H primary advanced endometrial cancer,none,no_kg,llama3.1:405b,1,8,F,6,0.16666666666666666,0,0,0,1,,prior,insufficient,2.0,"Without direct graph evidence, Drug-8's potential is speculative and based solely on pharmacological analogies that may not hold in this disease context.",0.625,2.5
1,IgG4-related disease,none,no_kg,llama3.1:405b,0,8,B,6,0.16666666666666666,0,0,0,1,,prior,insufficient,2.0,"No direct evidence was provided for Drug-7, but its mechanism of action suggests potential applicability to IgG4-related disease; further study is needed.",0.5,2.375
1,IgG4-related disease,none,no_kg,llama3.1:405b,1,8,H,8,0.125,0,0,0,1,,prior,insufficient,1.0,"There is limited information available on Drug-7, making its assessment uncertain.",0.5,2.25
1,Ph+ CML-CP frontline (EMA Feb 2026),none,no_kg,llama3.1:405b,0,8,D,6,0.16666666666666666,0,0,0,1,,prior,insufficient,2.0,"Drug-8 has no clear mechanism of action relevant to Ph+ CML-CP, and its efficacy is uncertain.",0.375,2.75
1,Ph+ CML-CP frontline (EMA Feb 2026),none,no_kg,llama3.1:405b,1,8,C,2,0.5,0,1,1,1,,kg,consistent,4.0,"The knowledge graph reports robust associations between Drug-8 and key targets in the disease pathway, although my prior knowledge does not add significant insight.",0.5,2.875
1,EGPA,none,no_kg,llama3.1:405b,0,8,A,1,1.0,1,1,1,1,,both,consistent,4.0,"Drug-1 has a mechanistic link to EGPA via a relevant pathway, and its pharmacological profile is consistent with potential efficacy.",0.375,1.75
1,EGPA,none,no_kg,llama3.1:405b,1,8,B,2,0.5,0,1,1,1,,kg,consistent,3.0,Knowledge-graph evidence shows promising but indirect link to EGPA.,0.625,2.25
1,Biliary tract cancer,none,no_kg,llama3.1:405b,0,8,F,6,0.16666666666666666,0,0,0,1,,prior,insufficient,1.0,"There is no evidence in the knowledge graph, and prior knowledge does not suggest a clear link between Drug-8 and Biliary tract cancer.",0.625,2.25
1,Biliary tract cancer,none,no_kg,llama3.1:405b,1,8,C,5,0.2,0,0,1,1,,prior,insufficient,3.0,"Drug-8 has been investigated for other cancer types, but its potential efficacy in Biliary tract cancer is unknown.",0.375,2.875
1,COPD,none,no_kg,llama3.1:405b,0,8,C,2,0.5,0,1,1,1,,kg,consistent,4.0,"The knowledge graph provides robust evidence for Drug-8's association with a key COPD-related pathway, supporting its mechanistic plausibility.",0.625,2.875
1,COPD,none,no_kg,llama3.1:405b,1,8,E,3,0.3333333333333333,0,1,1,1,,both,consistent,4.0,"Drug-8 has a plausible mechanism for treating COPD, as its target is involved in the regulation of airway smooth muscle tone.",0.5,2.625
1,Primary mediastinal large B-cell lymphoma,none,no_kg,llama3.1:405b,0,8,G,7,0.14285714285714285,0,0,0,1,,prior,insufficient,1.0,Sparse information in the knowledge graph and lack of specific pharmacological mechanisms make Drug-7's potential impact uncertain.,0.5,2.625
1,Primary mediastinal large B-cell lymphoma,none,no_kg,llama3.1:405b,1,8,F,3,0.3333333333333333,0,1,1,1,,kg,consistent,3.0,"Shows mechanistic links to disease-relevant pathways, though evidence is less direct than top candidates.",0.5,2.5
1,CRSwNP (eosinophilic chronic rhinosinusitis with nasal polyps),none,no_kg,llama3.1:405b,0,8,F,6,0.16666666666666666,0,0,0,1,,prior,insufficient,2.0,"Drug-8 may affect polyp formation through anti-proliferative effects, but lacks direct evidence linking it to CRSwNP.",0.5,2.5
1,CRSwNP (eosinophilic chronic rhinosinusitis with nasal polyps),none,no_kg,llama3.1:405b,1,8,E,6,0.16666666666666666,0,0,0,1,,prior,insufficient,2.0,"Drug-8 has no clear connection to CRSwNP, but its pharmacological properties may warrant further exploration.",0.375,2.5
1,RAS wild-type HER2+ metastatic colorectal cancer,none,no_kg,llama3.1:405b,0,8,B,6,0.16666666666666666,0,0,0,1,,kg,conflicting,2.0,"The knowledge graph suggests that Drug-7 targets the WNT pathway, but this is not consistent with my prior knowledge of its mechanism of action and there is no clear link to RAS wild-type HER2+ metastatic colorectal cancer.",0.5,2.5
1,RAS wild-type HER2+ metastatic colorectal cancer,none,no_kg,llama3.1:405b,1,8,F,7,0.14285714285714285,0,0,0,1,,prior,insufficient,1.0,Drug-7 has limited theoretical basis for efficacy and no supporting evidence in this disease.,0.5,2.375
1,Schnitzler syndrome (Japan),none,no_kg,llama3.1:405b,0,8,G,7,0.14285714285714285,0,0,0,1,,kg,conflicting,1.0,"The knowledge graph suggests a link between Drug-8 and the disease, but prior knowledge indicates significant off-target effects that may worsen symptoms.",0.5,2.375
1,Schnitzler syndrome (Japan),none,no_kg,llama3.1:405b,1,8,D,6,0.16666666666666666,0,0,0,1,,kg,consistent,1.0,"The knowledge graph suggests a weak link between Drug-8 and Schnitzler syndrome, requiring more evidence to support its candidacy.",0.5,2.0
1,HR+/HER2- breast cancer,none,no_kg,llama3.1:405b,0,8,E,6,0.16666666666666666,0,0,0,1,,prior,insufficient,2.0,"Limited information available; potential anti-inflammatory effects may be relevant, but mechanistic link to HR+/HER2- breast cancer is unclear.",0.625,3.0
1,HR+/HER2- breast cancer,none,no_kg,llama3.1:405b,1,8,B,2,0.5,0,1,1,1,,kg,consistent,4.0,"The knowledge graph indicates that Drug-8 targets PI3K/AKT pathway, which is frequently dysregulated in HR+/HER2- breast cancer.",0.625,2.5
1,Psoriasis in children 6-11 (cream),none,no_kg,llama3.1:405b,0,8,B,3,0.3333333333333333,0,1,1,1,,prior,insufficient,2.0,"Drug-5 has been used off-label for similar skin conditions, but direct evidence for psoriasis in children is lacking.",0.625,2.25
1,Psoriasis in children 6-11 (cream),none,no_kg,llama3.1:405b,1,8,C,3,0.3333333333333333,0,1,1,1,,kg,insufficient,2.0,"Sparse evidence in the knowledge graph, with no clear mechanistic link to psoriasis; uncertain efficacy based on prior knowledge.",0.75,2.375
1,Resectable gastric/GEJ adenocarcinoma (neoadj+adj +FLOT),none,no_kg,llama3.1:405b,0,8,B,2,0.5,0,1,1,1,,kg,consistent,3.0,"Drug-6 has some evidence in the knowledge graph, linking it to a relevant target and pathway, but its pharmacological properties are not as well-established for this indication.",0.625,1.875
1,Resectable gastric/GEJ adenocarcinoma (neoadj+adj +FLOT),none,no_kg,llama3.1:405b,1,8,E,4,0.25,0,0,1,1,,kg,conflicting,2.0,"The knowledge graph indicates that Drug-6 targets a relevant target, but prior knowledge suggests this may not be effective in gastric adenocarcinoma.",0.5,1.875
1,COPD (EMA 2025),none,no_kg,llama3.1:405b,0,8,G,6,0.16666666666666666,0,0,0,1,,kg,conflicting,1.0,"Drug-7's knowledge-graph associations suggest a potential link to COPD, but this is contradicted by its known pharmacological effects.",0.5,2.25
1,COPD (EMA 2025),none,no_kg,llama3.1:405b,1,8,A,3,0.3333333333333333,0,1,1,1,,kg,consistent,3.0,"Drug-7 has some evidence in the knowledge graph suggesting a role in tissue repair, but prior pharmacological knowledge does not strongly support its use for COPD.",0.625,2.375
1,Ph+ CML-CP after 2+ TKIs,none,no_kg,llama3.1:405b,0,8,C,3,0.3333333333333333,0,1,1,1,,kg,consistent,2.0,"Drug-8's mechanistic link is reported, but the evidence is sparse and lacks conviction.",0.375,2.125
1,Ph+ CML-CP after 2+ TKIs,none,no_kg,llama3.1:405b,1,8,H,7,0.14285714285714285,0,0,0,1,,prior,insufficient,1.0,"With no direct evidence from the knowledge graph and limited support from my pharmacological knowledge, Drug-8's effectiveness is uncertain.",0.625,2.125
1,IgE-mediated food allergy,none,no_kg,llama3.1:405b,0,8,C,3,0.3333333333333333,0,1,1,1,,kg,consistent,4.0,The knowledge graph provides evidence for Drug-1's interaction with a key target in the allergy pathway.,0.375,3.0
1,IgE-mediated food allergy,none,no_kg,llama3.1:405b,1,8,C,2,0.5,0,1,1,1,,kg,consistent,3.0,"The knowledge graph reports a link between Drug-1 and the JAK/STAT pathway, which is relevant to IgE-mediated responses, but I lack additional context to boost my confidence.",0.625,2.0
1,BRAF+ thyroid cancer,none,no_kg,llama3.1:405b,0,8,B,5,0.2,0,0,1,1,,kg,consistent,2.0,"Drug-8 targets a downstream pathway, but its efficacy may be limited by upstream BRAF activation.",0.625,2.25
1,BRAF+ thyroid cancer,none,no_kg,llama3.1:405b,1,8,G,7,0.14285714285714285,0,0,0,1,,both,conflicting,1.0,"The knowledge graph suggests that Drug-8 targets a protein (STAT3) involved in a separate pathway, but prior knowledge indicates that this pathway may not be relevant to BRAF+ thyroid cancer.",0.625,1.875
1,Primary immunodeficiency pediatric (EMA),none,no_kg,llama3.1:405b,0,8,H,8,0.125,0,0,0,1,,prior,insufficient,1.0,"No evidence was provided, and Drug-1's known properties do not clearly align with primary immunodeficiency pediatric treatment.",0.5,2.25
1,Primary immunodeficiency pediatric (EMA),none,no_kg,llama3.1:405b,1,8,H,7,0.14285714285714285,0,0,0,1,,prior,insufficient,1.0,There is no clear evidence or strong pharmacological rationale to support Drug-1's use for this disease.,0.5,2.125
1,Biliary tract cancer 1L,none,no_kg,llama3.1:405b,0,8,C,3,0.3333333333333333,0,1,1,1,,kg,conflicting,3.0,"Drug-8 has some mechanistic links, but its pharmacological profile raises concerns about efficacy and safety in this disease context.",0.375,2.375
1,Biliary tract cancer 1L,none,no_kg,llama3.1:405b,1,8,A,8,0.125,0,0,0,1,,prior,insufficient,1.0,"With no provided evidence and limited pharmacological knowledge about Drug-8's potential anti-cancer properties, its plausibility is uncertain.",0.375,2.25
1,Polymyalgia rheumatica,none,no_kg,llama3.1:405b,0,8,C,4,0.25,0,0,1,1,,both,conflicting,2.0,"Despite a suggested pathway link, the drug's known side effects may exacerbate symptoms in some patients.",0.625,1.875
1,Polymyalgia rheumatica,none,no_kg,llama3.1:405b,1,8,F,4,0.25,0,0,1,1,,kg,conflicting,2.0,"The knowledge graph reports an association between Drug-8 and the IL-1 pathway, but this conflicts with my understanding of Polymyalgia rheumatica pathophysiology.",0.5,2.0
1,Chronic lymphocytic leukemia,none,no_kg,llama3.1:405b,0,8,A,1,1.0,1,1,1,1,,both,consistent,4.0,"Drug-8 has been shown to target BCL2, a key protein involved in CLL pathogenesis.",0.625,2.5
1,Chronic lymphocytic leukemia,none,no_kg,llama3.1:405b,1,8,A,1,1.0,1,1,1,1,,both,consistent,4.0,"Drug-8 has been shown to target the BCL2 pathway, which is a key regulator of apoptosis in CLL cells.",0.625,2.75
1,"Crohn's disease (moderate-severe, refractory)",none,no_kg,llama3.1:405b,0,8,B,3,0.3333333333333333,0,1,1,1,,kg,conflicting,3.0,Conflicting evidence regarding IL-12's role in Crohn's disease reduces confidence in Drug-6's efficacy.,0.25,2.375
1,"Crohn's disease (moderate-severe, refractory)",none,no_kg,llama3.1:405b,1,8,H,6,0.16666666666666666,0,0,0,1,,prior,insufficient,2.0,"Drug-6 has properties that could theoretically be beneficial for Crohn's disease, but without direct evidence or strong mechanistic rationale, its potential is uncertain.",0.625,2.25
1,HER2-mutant NSCLC (EMA),none,no_kg,llama3.1:405b,0,8,C,5,0.2,0,0,1,1,,prior,insufficient,2.0,"Drug-8 has been studied in other contexts, but its relevance to HER2-mutant NSCLC is unclear.",0.5,2.5
1,HER2-mutant NSCLC (EMA),none,no_kg,llama3.1:405b,1,8,E,4,0.25,0,0,1,1,,kg,conflicting,3.0,"The knowledge graph suggests a link, but it contradicts established pharmacological knowledge about Drug-8's mechanism.",0.5,2.5
1,Giant cell arteritis,none,no_kg,llama3.1:405b,0,8,G,7,0.14285714285714285,0,0,0,1,,prior,insufficient,1.0,"With no direct evidence and limited prior knowledge, it is difficult to assess Drug-8's potential efficacy for treating Giant cell arteritis.",0.5,2.375
1,Giant cell arteritis,none,no_kg,llama3.1:405b,1,8,C,3,0.3333333333333333,0,1,1,1,,kg,consistent,3.0,Drug-8 has been linked to a pathway that could modulate inflammation relevant to Giant cell arteritis according to the knowledge graph.,0.375,2.25
1,First-line anemia in lower-risk MDS,none,no_kg,llama3.1:405b,0,8,A,3,0.3333333333333333,0,1,1,1,,prior,insufficient,3.0,"Although no evidence was provided, Drug-8 has been used to treat anemia in other contexts, suggesting potential applicability to MDS.",0.375,2.375
1,First-line anemia in lower-risk MDS,none,no_kg,llama3.1:405b,1,8,B,6,0.16666666666666666,0,0,0,1,,kg,conflicting,1.0,"Drug-8 is linked to a pathway involving cell cycle regulation, but this evidence conflicts with prior knowledge suggesting it may not be effective in treating anemia.",0.5,1.875
1,GVHD + pediatric,none,no_kg,llama3.1:405b,0,8,H,7,0.14285714285714285,0,0,0,1,,prior,insufficient,1.0,"I have limited knowledge about Drug-6's mechanism and no evidence is provided, making it difficult to assess its plausibility.",0.5,2.25
1,GVHD + pediatric,none,no_kg,llama3.1:405b,1,8,A,1,1.0,1,1,1,1,,both,consistent,4.0,"Drug-6 has been linked to the JAK/STAT pathway, which is involved in GVHD pathogenesis, and its immunomodulatory effects are consistent with treating pediatric GVHD.",0.5,2.375
1,MSI-H/dMMR solid tumors (full approval conversion),none,no_kg,llama3.1:405b,0,8,E,3,0.3333333333333333,0,1,1,1,,prior,insufficient,2.0,"Prior knowledge suggests that Drug-7 may have some effect on MSI-H/dMMR solid tumors, but the lack of evidence in the knowledge graph reduces confidence.",0.625,1.875
1,MSI-H/dMMR solid tumors (full approval conversion),none,no_kg,llama3.1:405b,1,8,G,6,0.16666666666666666,0,0,0,1,,kg,insufficient,2.0,"Drug-7 has some mechanistic links suggested by the knowledge graph, but evidence is sparse and does not align well with prior pharmacological understanding.",0.625,2.625
1,Antibody-mediated rejection in organ transplantation,none,no_kg,llama3.1:405b,0,8,F,6,0.16666666666666666,0,0,0,1,,prior,insufficient,2.0,"Drug-1 has been used to treat other conditions, but its potential in treating antibody-mediated rejection is uncertain due to a lack of direct evidence.",0.5,2.375
1,Antibody-mediated rejection in organ transplantation,none,no_kg,llama3.1:405b,1,8,H,5,0.2,0,0,1,1,,prior,insufficient,2.0,"Without evidence from the knowledge graph, Drug-1's potential efficacy is uncertain and relies solely on prior knowledge of its pharmacological class.",0.5,2.375
1,Pancreatic NET,none,no_kg,llama3.1:405b,0,8,H,8,0.125,0,0,0,1,,prior,insufficient,1.0,Neither the knowledge graph nor pharmacological knowledge provides a compelling rationale for its use.,0.625,2.625
1,Pancreatic NET,none,no_kg,llama3.1:405b,1,8,A,1,1.0,1,1,1,1,,prior,insufficient,3.0,"No clear links to Pancreatic NET, but potential relevance based on pharmacological properties.",0.375,3.125
1,Follicular lymphoma (+obinutuzumab),none,no_kg,llama3.1:405b,0,8,G,7,0.14285714285714285,0,0,0,1,,prior,insufficient,1.0,"I have limited knowledge about Drug-8, and the knowledge graph does not provide any evidence for its use in Follicular lymphoma.",0.5,1.875
1,Follicular lymphoma (+obinutuzumab),none,no_kg,llama3.1:405b,1,8,D,8,0.125,0,0,0,1,,kg,conflicting,1.0,"The knowledge graph suggests Drug-8 targets a pathway that may actually promote lymphoma growth, conflicting with the goal of treating follicular lymphoma.",0.625,2.5
1,HR+/HER2- node-positive high-risk early breast cancer,none,no_kg,llama3.1:405b,0,8,D,6,0.16666666666666666,0,0,0,1,,both,conflicting,1.0,"Despite some evidence in the knowledge graph, Drug-8's known pharmacological profile raises concerns about its applicability and potential side effects in HR+/HER2- breast cancer patients.",0.625,2.25
1,HR+/HER2- node-positive high-risk early breast cancer,none,no_kg,llama3.1:405b,1,8,F,6,0.16666666666666666,0,0,0,1,,kg,insufficient,1.0,"The knowledge graph provides some limited evidence for Drug-8's activity against HR+/HER2- breast cancer, but it is unclear whether this translates to clinical efficacy.",0.5,2.25
1,BRAF+ thyroid cancer,none,no_kg,llama3.1:405b,0,8,E,5,0.2,0,0,1,1,,kg,consistent,3.0,"The knowledge graph reports a mechanistic link between Drug-6 and BRAF+ thyroid cancer via the PI3K pathway, which is plausible but not strongly supported by my prior knowledge.",0.5,2.625
1,BRAF+ thyroid cancer,none,no_kg,llama3.1:405b,1,8,A,1,1.0,1,1,1,1,,both,consistent,4.0,"Drug-6 targets BRAF, a key protein involved in the MAPK signaling pathway, which is frequently mutated in thyroid cancer.",0.5,2.375
1,HER2+ solid tumors (tumor-agnostic),none,no_kg,llama3.1:405b,0,8,B,2,0.5,0,1,1,1,,both,consistent,4.0,"Drug-8 shows promising mechanistic links via the knowledge graph to pathways associated with HER2+ tumors, supported by my understanding of its pharmacological class.",0.75,3.125
1,HER2+ solid tumors (tumor-agnostic),none,no_kg,llama3.1:405b,1,8,D,6,0.16666666666666666,0,0,0,1,,prior,insufficient,2.0,"There is limited information on Drug-8, making it difficult to assess its potential efficacy against HER2+ solid tumors.",0.375,2.5
1,"mCRC BRAF V600E (traditional approval, was accelerated)",none,no_kg,llama3.1:405b,0,8,C,2,0.5,0,1,1,1,,kg,consistent,4.0,"The knowledge graph shows a clear mechanistic link between Drug-7 and BRAF V600E, making it a promising candidate for mCRC.",0.625,2.75
1,"mCRC BRAF V600E (traditional approval, was accelerated)",none,no_kg,llama3.1:405b,1,8,G,7,0.14285714285714285,0,0,0,1,,kg,consistent,2.0,"Drug-7 targets pathways that could be relevant for mCRC treatment, but the evidence is not as strong as for higher-ranked candidates.",0.625,2.25
1,"Pediatric low-grade glioma (+dabrafenib, BRAF V600E)",none,no_kg,llama3.1:405b,0,8,H,8,0.125,0,0,0,1,,prior,insufficient,1.0,"Without any information on Drug-7's mechanism of action or potential targets, its mechanistic plausibility for pediatric low-grade glioma is highly uncertain.",0.375,3.0
1,"Pediatric low-grade glioma (+dabrafenib, BRAF V600E)",none,no_kg,llama3.1:405b,1,8,A,4,0.25,0,0,1,1,,prior,insufficient,1.0,"Drug-7 has no clear connection to pediatric low-grade glioma or BRAF V600E, and its mechanism is not well understood.",0.375,1.875
1,HR+/HER2- metastatic breast cancer,none,no_kg,llama3.1:405b,0,8,H,8,0.125,0,0,0,1,,prior,insufficient,1.0,Drug-8 has no available information on its mechanism of action or efficacy in HR+/HER2- breast cancer.,0.5,2.5
1,HR+/HER2- metastatic breast cancer,none,no_kg,llama3.1:405b,1,8,E,6,0.16666666666666666,0,0,0,1,,prior,insufficient,2.0,Limited understanding of the drug's mechanism in HR+/HER2- metastatic breast cancer.,0.625,2.875
1,1L biliary tract cancer (+gemcitabine+cisplatin),none,no_kg,llama3.1:405b,0,8,C,3,0.3333333333333333,0,1,1,1,,prior,insufficient,3.0,"Although no direct evidence is provided, Drug-5 has been used to treat similar cancers and its mechanism of action suggests potential efficacy in this context.",0.5,2.375
1,1L biliary tract cancer (+gemcitabine+cisplatin),none,no_kg,llama3.1:405b,1,8,B,4,0.25,0,0,1,1,,both,conflicting,2.0,"While the knowledge graph reports a mechanistic link, it conflicts with prior pharmacological knowledge, making Drug-5's efficacy uncertain.",0.5,2.375
1,RET-fusion NSCLC (expanded),none,no_kg,llama3.1:405b,0,8,H,8,0.125,0,0,0,1,,prior,insufficient,1.0,"Drug-8 lacks both knowledge graph evidence and strong prior rationale for its use in RET-fusion NSCLC, making it the least plausible candidate.",0.5,2.375
1,RET-fusion NSCLC (expanded),none,no_kg,llama3.1:405b,1,8,C,8,0.125,0,0,0,1,,kg,conflicting,1.0,Drug-8's knowledge graph evidence suggests an implausible mechanism of action for treating RET-fusion NSCLC.,0.5,2.625
1,HR+/HER2- metastatic breast cancer,none,no_kg,llama3.1:405b,0,8,C,3,0.3333333333333333,0,1,1,1,,kg,consistent,4.0,"The knowledge graph shows Drug-7 targeting CDK4/6, which is relevant to HR+/HER2- breast cancer.",0.375,2.875
1,HR+/HER2- metastatic breast cancer,none,no_kg,llama3.1:405b,1,8,C,3,0.3333333333333333,0,1,1,1,,prior,insufficient,3.0,"Drug-7 has been used to treat other types of breast cancer, but its efficacy in HR+/HER2- metastatic disease is uncertain.",0.625,2.75
1,Pheochromocytoma/paraganglioma,none,no_kg,llama3.1:405b,0,8,A,3,0.3333333333333333,0,1,1,1,,prior,insufficient,2.0,"No clear evidence for Drug-8, but its pharmacological profile suggests potential relevance.",0.25,1.875
1,Pheochromocytoma/paraganglioma,none,no_kg,llama3.1:405b,1,8,C,2,0.5,0,1,1,1,,kg,consistent,4.0,"The knowledge graph indicates Drug-8 targets a protein crucial in the disease's pathophysiology, supporting its potential efficacy.",0.375,2.625
1,Gastric/GEJ adenocarcinoma (1L +chemo),none,no_kg,llama3.1:405b,0,8,G,7,0.14285714285714285,0,0,0,1,,prior,insufficient,1.0,"With no clear evidence from the knowledge graph and limited prior knowledge supporting its use in gastric cancer, Drug-7's plausibility is weak.",0.5,2.5
1,Gastric/GEJ adenocarcinoma (1L +chemo),none,no_kg,llama3.1:405b,1,8,F,7,0.14285714285714285,0,0,0,1,,kg,conflicting,2.0,"Knowledge graph suggests a potential link, but this conflicts with prior knowledge indicating a different mechanism that may not be effective in gastric cancer.",0.625,3.0
1,Metastatic colorectal cancer,none,no_kg,llama3.1:405b,0,8,B,1,1.0,1,1,1,1,,both,consistent,5.0,"Drug-1 has strong evidence in the knowledge graph, targeting a known pathway for metastatic colorectal cancer, and is also supported by my prior knowledge of its pharmacological mechanism.",0.5,2.375
1,Metastatic colorectal cancer,none,no_kg,llama3.1:405b,1,8,D,3,0.3333333333333333,0,1,1,1,,prior,insufficient,2.0,"While no direct evidence is provided, Drug-1's known pharmacological properties suggest some potential for treating metastatic colorectal cancer, albeit with less confidence than the top-ranked candidates.",0.625,2.0
1,Gastric/GEJ adenocarcinoma,none,no_kg,llama3.1:405b,0,8,F,6,0.16666666666666666,0,0,0,1,,prior,insufficient,2.0,"Without specific evidence, Drug-7's ranking is based on general properties of its pharmacological class.",0.5,2.5
1,Gastric/GEJ adenocarcinoma,none,no_kg,llama3.1:405b,1,8,D,6,0.16666666666666666,0,0,0,1,,prior,insufficient,2.0,"Drug-7 has shown some promise in preclinical studies for other cancers, but its mechanism and relevance to gastric cancer are uncertain.",0.5,2.5
1,Urothelial carcinoma (expanded population),none,no_kg,llama3.1:405b,0,8,D,2,0.5,0,1,1,1,,both,consistent,4.0,"Plausible link to disease-related targets, with some supporting evidence from both sources.",0.625,3.0
1,Urothelial carcinoma (expanded population),none,no_kg,llama3.1:405b,1,8,E,4,0.25,0,0,1,1,,kg,conflicting,2.0,"The knowledge graph suggests that Drug-8 targets the MAPK pathway, but prior knowledge indicates that this pathway's role in urothelial carcinoma is more nuanced and potentially context-dependent.",0.5,1.875
1,HER2+ early-stage BC (neoadjuvant + adjuvant),none,no_kg,llama3.1:405b,0,8,F,7,0.14285714285714285,0,0,0,1,,kg,insufficient,1.0,"The knowledge graph provides limited evidence for Drug-8, and its mechanism of action is unclear, making it a low-confidence candidate.",0.625,2.5
1,HER2+ early-stage BC (neoadjuvant + adjuvant),none,no_kg,llama3.1:405b,1,8,H,8,0.125,0,0,0,1,,prior,insufficient,1.0,"No clear potential for relevance based on pharmacological properties, and no supporting knowledge graph evidence.",0.375,3.0
1,Pediatric BRAF V600E low-grade glioma,none,no_kg,llama3.1:405b,0,8,G,7,0.14285714285714285,0,0,0,1,,prior,insufficient,1.0,Drug-5's mechanism of action is unclear and lacks relevance to BRAF V600E low-grade glioma.,0.625,1.875
1,Pediatric BRAF V600E low-grade glioma,none,no_kg,llama3.1:405b,1,8,B,5,0.2,0,0,1,1,,prior,insufficient,2.0,"Without direct evidence, Drug-5's efficacy against BRAF V600E glioma is uncertain, although it has shown promise in other contexts.",0.5,2.375
1,HR+/HER2- early breast cancer (adjuvant),none,no_kg,llama3.1:405b,0,8,E,5,0.2,0,0,1,1,,prior,insufficient,2.0,"While Drug-6 has been shown to have some anti-cancer effects, its mechanism of action is not well understood, making it difficult to assess its potential efficacy in HR+/HER2- breast cancer.",0.5,2.5
1,HR+/HER2- early breast cancer (adjuvant),none,no_kg,llama3.1:405b,1,8,C,2,0.5,0,1,1,1,,kg,consistent,4.0,"The knowledge graph indicates that Drug-6 targets PI3K, which is involved in cell survival pathways often dysregulated in breast cancer; however, its specific role in HR+/HER2- early breast cancer is less clear.",0.5,2.5
1,HR+/HER2-low breast cancer,none,no_kg,llama3.1:405b,0,8,E,3,0.3333333333333333,0,1,1,1,,prior,insufficient,3.0,"While there is no evidence in the knowledge graph, my prior knowledge suggests that Drug-8 may have some activity against HR+/HER2-low breast cancer, although its mechanism is uncertain.",0.375,2.5
1,HR+/HER2-low breast cancer,none,no_kg,llama3.1:405b,1,8,A,1,1.0,1,1,1,1,,both,consistent,4.0,"Drug-8 has strong mechanistic links to the disease via its target, which is involved in a key pathway for HR+/HER2-low breast cancer.",0.5,2.875
1,Platinum-resistant ovarian carcinoma (PD-L1+ CPS≥1),none,no_kg,llama3.1:405b,0,8,C,2,0.5,0,1,1,1,,kg,consistent,4.0,"The knowledge graph shows Drug-6 acting on a target that influences PD-L1 expression, making it a plausible candidate.",0.5,2.75
1,Platinum-resistant ovarian carcinoma (PD-L1+ CPS≥1),none,no_kg,llama3.1:405b,1,8,G,7,0.14285714285714285,0,0,0,1,,prior,insufficient,1.0,"Drug-6 has a poorly understood mechanism of action, and its relevance to ovarian cancer is unclear.",0.25,2.5
1,TRD monotherapy,primekg,kg,llama3.1:405b,0,8,B,1,1.0,1,1,1,1,,prior,insufficient,4.0,"Drug-7 targets several glutamate receptors and BDNF, which are involved in depression and anxiety disorders, making it a plausible candidate for TRD monotherapy.",0.625,2.25
1,TRD monotherapy,primekg,kg,llama3.1:405b,1,8,C,1,1.0,1,1,1,1,,both,consistent,4.0,"Drug-7 targets multiple glutamate receptors (GRIN3B, GRIN2D, etc.) and BDNF, which are relevant to depression and neurological disorders.",0.625,2.0
1,ILD-associated pulmonary hypertension,primekg,kg,llama3.1:405b,0,8,H,3,0.3333333333333333,0,1,1,1,,both,conflicting,3.0,"Drug-1 targets PTGIR and PPARD, which could theoretically modulate vascular tone and remodeling in pulmonary hypertension, but the knowledge graph does not provide clear evidence linking these targets to ILD-associated pulmonary hypertension.",0.125,1.625
1,ILD-associated pulmonary hypertension,primekg,kg,llama3.1:405b,1,8,G,7,0.14285714285714285,0,0,0,1,,both,consistent,3.0,"PTGIR target may relate to vascular aspects of ILD-associated pulmonary hypertension, but evidence is indirect.",0.25,2.0
1,Indolent systemic mastocytosis (EMA),primekg,kg,llama3.1:405b,0,8,F,1,1.0,1,1,1,1,,both,consistent,4.0,"Drug-8 targets KIT, a gene associated with indolent systemic mastocytosis, making it a plausible candidate based on both the knowledge graph and prior pharmacological knowledge.",0.125,2.0
1,Indolent systemic mastocytosis (EMA),primekg,kg,llama3.1:405b,1,8,F,1,1.0,1,1,1,1,,both,consistent,4.0,"Drug-8 targets KIT, which is associated with the target disease, making it a strong candidate based on both knowledge graph evidence and prior pharmacological knowledge.",0.125,2.0
1,Hidradenitis suppurativa,primekg,kg,llama3.1:405b,0,8,D,1,1.0,1,1,1,1,,both,consistent,4.0,"Drug-7 targets IL17A, which is involved in inflammatory pathways relevant to Hidradenitis suppurativa.",0.125,2.125
1,Hidradenitis suppurativa,primekg,kg,llama3.1:405b,1,8,D,1,1.0,1,1,1,1,,both,consistent,4.0,"Drug-7 targets IL17A, a cytokine involved in inflammatory responses, which aligns with Hidradenitis suppurativa's pathophysiology.",0.375,2.125
1,Chronic hepatitis B (pediatric),primekg,kg,llama3.1:405b,0,8,C,5,0.2,0,0,1,1,,kg,insufficient,2.0,"Drug-6 targets various enzymes and transporters, which might influence drug metabolism but lacks clear hepatitis B connection.",0.625,2.375
1,Chronic hepatitis B (pediatric),primekg,kg,llama3.1:405b,1,8,D,5,0.2,0,0,1,1,,prior,insufficient,2.0,"I could not find any clear connections between the targets of Drug-6 and Chronic hepatitis B (pediatric), but some of its targets, such as SLCO1B3, may be relevant to liver function.",0.75,2.375
1,HoFH pediatric (EMA),primekg,kg,llama3.1:405b,0,8,E,5,0.2,0,0,1,1,,prior,insufficient,1.0,"No evidence is provided for Drug-8, making it difficult to assess its mechanistic plausibility.",0.125,1.875
1,HoFH pediatric (EMA),primekg,kg,llama3.1:405b,1,8,E,8,0.125,0,0,0,1,,prior,insufficient,1.0,"No information was provided about Drug-8, making it difficult to assess its mechanistic plausibility.",0.25,2.0
1,Nephrotic syndrome,primekg,kg,llama3.1:405b,0,8,D,7,0.14285714285714285,0,0,0,1,,prior,insufficient,1.0,"Drug-1 targets MS4A1, but there is no clear connection to Nephrotic syndrome without further evidence.",0.625,2.375
1,Nephrotic syndrome,primekg,kg,llama3.1:405b,1,8,G,7,0.14285714285714285,0,0,0,1,,prior,insufficient,1.0,"Drug-1's target, MS4A1, is associated with immune cells but lacks direct relevance to Nephrotic syndrome or kidney function.",0.375,2.125
1,Follicular lymphoma,primekg,kg,llama3.1:405b,0,8,D,1,1.0,1,1,1,1,,kg,consistent,4.0,"Drug-8 targets CD19, a relevant target for B-cell lymphomas like follicular lymphoma.",0.125,1.75
1,Follicular lymphoma,primekg,kg,llama3.1:405b,1,8,B,1,1.0,1,1,1,1,,both,consistent,4.0,"Drug-8 targets CD19, a common target for B-cell lymphoma treatments, including follicular lymphoma.",0.25,2.125
1,Retinal vein occlusion,primekg,kg,llama3.1:405b,0,8,E,1,1.0,1,1,1,1,,both,consistent,5.0,"Drug-8 targets ANGPT2 and VEGFA, both of which are involved in angiogenesis and vascular biology, making it a strong candidate for treating retinal vein occlusion.",0.125,2.25
1,Retinal vein occlusion,primekg,kg,llama3.1:405b,1,8,E,1,1.0,1,1,1,1,,both,consistent,5.0,"Drug-8 targets VEGFA, a gene associated with Retinal vein occlusion, making it a highly plausible candidate.",0.125,2.125
1,Agitation associated with Alzheimer's dementia,primekg,kg,llama3.1:405b,0,8,C,1,1.0,1,1,1,1,,both,consistent,4.0,"Drug-2 targets CHRNB4 and CHRNA2, which are involved in cholinergic neurotransmission relevant to Alzheimer's disease.",0.25,2.0
1,Agitation associated with Alzheimer's dementia,primekg,kg,llama3.1:405b,1,8,C,3,0.3333333333333333,0,1,1,1,,both,consistent,3.0,"Drug-2 targets several genes, including CHRNB4 and CHRNA2, which are involved in neurotransmission and may be related to agitation in Alzheimer's dementia.",0.375,2.25
1,High LDL-C with increased CV risk (expanded),primekg,kg,llama3.1:405b,0,8,A,1,1.0,1,1,1,1,,both,consistent,5.0,"Drug-8 targets PCSK9, a well-established target for lowering LDL-C and reducing cardiovascular risk.",0.25,2.375
1,High LDL-C with increased CV risk (expanded),primekg,kg,llama3.1:405b,1,8,E,1,1.0,1,1,1,1,,both,consistent,5.0,"Drug-8 targets PCSK9, a protein involved in lipid metabolism and a known target for lipid-lowering therapies.",0.625,2.0
1,Indolent systemic mastocytosis,primekg,kg,llama3.1:405b,0,8,F,1,1.0,1,1,1,1,,both,consistent,4.0,"Drug-8 targets KIT, a gene associated with indolent systemic mastocytosis, suggesting a plausible mechanism.",0.125,1.75
1,Indolent systemic mastocytosis,primekg,kg,llama3.1:405b,1,8,C,1,1.0,1,1,1,1,,both,consistent,4.0,"Drug-8 targets KIT, which is associated with Indolent systemic mastocytosis, suggesting a plausible mechanistic link.",0.125,1.75
1,EGPA (expanded),primekg,kg,llama3.1:405b,0,8,B,1,1.0,1,1,1,1,,both,consistent,4.0,"Drug-7 targets IL5RA, a relevant cytokine receptor for EGPA's eosinophilic component.",0.625,2.0
1,EGPA (expanded),primekg,kg,llama3.1:405b,1,8,D,1,1.0,1,1,1,1,,both,consistent,4.0,"Drug-7 targets IL5RA, which is involved in the regulation of eosinophils, a cell type implicated in EGPA.",0.125,2.25
1,COVID-19 (expanded population),primekg,kg,llama3.1:405b,0,8,C,5,0.2,0,0,1,1,,kg,consistent,2.0,"Drug-8 targets CES1, an enzyme involved in inflammation, which may be relevant to COVID-19.",0.375,2.0
1,COVID-19 (expanded population),primekg,kg,llama3.1:405b,1,8,B,5,0.2,0,0,1,1,,prior,insufficient,2.0,"Drug-8's targets (CES1, SLC10A1, etc.) are not directly linked to COVID-19 pathways.",0.5,2.625
1,Obstructive sleep apnea with obesity,primekg,kg,llama3.1:405b,0,8,E,5,0.2,0,0,1,1,,prior,insufficient,1.0,"No information is provided for Drug-8, making it impossible to assess its mechanistic plausibility.",0.125,2.0
1,Obstructive sleep apnea with obesity,primekg,kg,llama3.1:405b,1,8,H,8,0.125,0,0,0,1,,prior,insufficient,1.0,"No information is available for Drug-8, making it impossible to assess its mechanistic plausibility.",0.125,2.125
1,KRAS G12C+ mCRC,primekg,kg,llama3.1:405b,0,8,B,1,1.0,1,1,1,1,,kg,consistent,5.0,"Drug-8 directly targets KRAS, a key gene in the disease.",0.5,2.25
1,KRAS G12C+ mCRC,primekg,kg,llama3.1:405b,1,8,B,1,1.0,1,1,1,1,,both,consistent,5.0,"Drug-8 targets KRAS, which is directly associated with the target disease.",0.375,2.625
1,Diabetic retinopathy/DME (EMA Mar+May 2026),primekg,kg,llama3.1:405b,0,8,G,1,1.0,1,1,1,1,,both,consistent,5.0,"Drug-8 targets VEGFA, a key mediator of angiogenesis and vascular permeability relevant to diabetic macular edema.",0.125,2.5
1,Diabetic retinopathy/DME (EMA Mar+May 2026),primekg,kg,llama3.1:405b,1,8,D,1,1.0,1,1,1,1,,both,consistent,4.0,"Drug-8 targets ANGPT2 and VEGFA, which are involved in angiogenesis and vascular permeability, relevant to diabetic retinopathy/DME.",1.0,2.25
1,Chorea associated with Huntington's disease,primekg,kg,llama3.1:405b,0,8,E,6,0.16666666666666666,0,0,0,1,,prior,insufficient,1.0,"Drug-8 targets CYP enzymes, but there is no clear connection to Chorea associated with Huntington's disease.",0.75,2.0
1,Chorea associated with Huntington's disease,primekg,kg,llama3.1:405b,1,8,F,8,0.125,0,0,0,1,,prior,insufficient,1.0,"Drug-8 targets cytochrome P450 enzymes, which are involved in drug metabolism and lack direct relevance to chorea or Huntington's disease pathophysiology.",0.125,1.875
1,Heart failure (broadened),primekg,kg,llama3.1:405b,0,8,G,4,0.25,0,0,1,1,,prior,insufficient,2.0,"Drug-8 targets various enzymes and transporters, but without direct evidence linking these to heart failure treatment, its plausibility is uncertain.",0.25,2.25
1,Heart failure (broadened),primekg,kg,llama3.1:405b,1,8,H,8,0.125,0,0,0,1,,prior,insufficient,1.0,"Drug-8 targets UGT and CYP enzymes primarily involved in drug metabolism, with no direct relevance to heart failure.",0.625,2.125
1,Acquired hypofibrinogenemia in cardiovascular surgery,primekg,kg,llama3.1:405b,0,8,A,7,0.14285714285714285,0,0,0,1,,prior,insufficient,1.0,"No evidence is provided for Drug-6, making it impossible to assess its mechanistic plausibility for treating Acquired hypofibrinogenemia in cardiovascular surgery.",0.625,2.0
1,Acquired hypofibrinogenemia in cardiovascular surgery,primekg,kg,llama3.1:405b,1,8,G,7,0.14285714285714285,0,0,0,1,,prior,insufficient,1.0,"No information is provided about Drug-6, making it impossible to assess its plausibility.",0.125,1.875
1,Pediatric atopic dermatitis,primekg,kg,llama3.1:405b,0,8,H,2,0.5,0,1,1,1,,kg,consistent,4.0,"Drug-8 targets JAK1, which is involved in the immune response and could be relevant to atopic dermatitis.",0.5,2.0
1,Pediatric atopic dermatitis,primekg,kg,llama3.1:405b,1,8,A,1,1.0,1,1,1,1,,both,consistent,3.0,"Drug-8 targets JAK1, which is involved in inflammation pathways that could be relevant for treating atopic dermatitis.",0.5,1.625
1,COVID-19 updated strain,primekg,kg,llama3.1:405b,0,8,E,8,0.125,0,0,0,1,,prior,insufficient,1.0,The absence of explicit targets for Drug-8 in the knowledge graph limits assessment of its potential mechanistic links to COVID-19 treatment.,0.5,2.75
1,COVID-19 updated strain,primekg,kg,llama3.1:405b,1,8,H,8,0.125,0,0,0,1,,prior,insufficient,1.0,"Similarly, Drug-8 lacks any information on its targets or mechanisms, making it impossible to evaluate its potential relevance to COVID-19 treatment.",0.75,1.875
1,Delay T1D onset in children ≥1yr,primekg,kg,llama3.1:405b,0,8,F,2,0.5,0,1,1,1,,prior,insufficient,2.0,"No information is available for Drug-7, making it impossible to assess its plausibility.",0.5,2.5
1,Delay T1D onset in children ≥1yr,primekg,kg,llama3.1:405b,1,8,B,2,0.5,0,1,1,1,,prior,insufficient,2.0,"No information is provided about Drug-B, making it difficult to assess its mechanistic plausibility.",0.5,2.625
1,Unresectable thymic carcinoma (PMDA),primekg,kg,llama3.1:405b,0,8,E,7,0.14285714285714285,0,0,0,1,,kg,insufficient,1.0,"Drug-6 targets various enzymes and transporters, but its connection to cancer is not evident from the provided information.",1.0,1.75
1,Unresectable thymic carcinoma (PMDA),primekg,kg,llama3.1:405b,1,8,A,8,0.125,0,0,0,1,,prior,insufficient,1.0,"Drug-6's targets, including AOX1 and FLT4, lack clear relevance to thymic carcinoma treatment.",0.5,1.5
1,Retinal vein occlusion,primekg,kg,llama3.1:405b,0,8,F,1,1.0,1,1,1,1,,both,consistent,5.0,"Directly targets VEGFA, a gene associated with Retinal vein occlusion.",0.125,1.875
1,Retinal vein occlusion,primekg,kg,llama3.1:405b,1,8,A,1,1.0,1,1,1,1,,both,consistent,5.0,"Drug-8 targets VEGFA, a gene associated with retinal vein occlusion.",0.125,1.5
1,Spinal muscular atrophy (pediatric expansion),primekg,kg,llama3.1:405b,0,8,E,3,0.3333333333333333,0,1,1,1,,both,consistent,3.0,"Drug-8 targets SLC47A2, similar to Drug-6, but with less additional evidence supporting its relevance.",0.375,2.0
1,Spinal muscular atrophy (pediatric expansion),primekg,kg,llama3.1:405b,1,8,F,5,0.2,0,0,1,1,,kg,consistent,3.0,"Drug-8 targets SLC47A2, which is not directly related to the disease profile, but may have some effects on gene expression.",0.625,2.5
1,Chronic thromboembolic pulmonary hypertension,primekg,kg,llama3.1:405b,0,8,F,3,0.3333333333333333,0,1,1,1,,both,consistent,3.0,"Drug-7 targets F10, which is involved in coagulation and may help reduce thromboembolism.",0.75,2.25
1,Chronic thromboembolic pulmonary hypertension,primekg,kg,llama3.1:405b,1,8,F,1,1.0,1,1,1,1,,both,consistent,4.0,"Drug-7 targets F10, which is involved in coagulation, a process relevant to thromboembolic conditions.",0.5,1.875
1,Polycythaemia vera and essential thrombocytopenia,primekg,kg,llama3.1:405b,0,8,E,1,1.0,1,1,1,1,,both,consistent,4.0,"Drug-1 targets IFNAR1 and IFNAR2, which are related to IFNA2, a gene associated with the disease.",0.5,2.0
1,Polycythaemia vera and essential thrombocytopenia,primekg,kg,llama3.1:405b,1,8,A,1,1.0,1,1,1,1,,kg,consistent,4.0,"Drug-1 targets IFNAR1 and IFNAR2, which are closely related to IFNA2 associated with Polycythaemia vera and essential thrombocytopenia.",0.5,2.625
1,Generalized myasthenia gravis,primekg,kg,llama3.1:405b,0,8,H,2,0.5,0,1,1,1,,kg,insufficient,3.0,"Drug-H targets CD19, which is involved in immune responses, but there's no clear connection to generalized myasthenia gravis.",0.75,2.0
1,Generalized myasthenia gravis,primekg,kg,llama3.1:405b,1,8,E,1,1.0,1,1,1,1,,kg,consistent,4.0,"Drug-8 targets CD19, a receptor involved in immune responses, which is relevant to autoimmune diseases like myasthenia gravis.",0.875,2.125
1,Invasive fungal infections pediatric ≥2yr,primekg,kg,llama3.1:405b,0,8,D,1,1.0,1,1,1,1,,both,consistent,4.0,"Drug-5 targets ABCB1, which could be relevant for antifungal treatment, and CYP3A4, an important enzyme in drug metabolism.",0.75,2.25
1,Invasive fungal infections pediatric ≥2yr,primekg,kg,llama3.1:405b,1,8,E,3,0.3333333333333333,0,1,1,1,,both,conflicting,2.0,"Drug-E targets ABCB1 and CYP3A4, but there is no clear connection to invasive fungal infections in pediatric patients.",0.75,1.75
1,PKU expanded to ≥12yr,primekg,kg,llama3.1:405b,0,8,D,1,1.0,1,1,1,1,,prior,insufficient,2.0,"No information is provided, making it uncertain but potentially as viable as candidates with unrelated targets.",0.625,2.25
1,PKU expanded to ≥12yr,primekg,kg,llama3.1:405b,1,8,B,6,0.16666666666666666,0,0,0,1,,prior,insufficient,1.0,"No information is available for Drug-8, making it difficult to assess its plausibility.",0.0,1.625
1,IDH1-mutated relapsed/refractory MDS,primekg,kg,llama3.1:405b,0,8,C,1,1.0,1,1,1,1,,both,consistent,5.0,"Drug-8 directly targets IDH1, a key gene in the disease's pathology.",0.25,2.0
1,IDH1-mutated relapsed/refractory MDS,primekg,kg,llama3.1:405b,1,8,D,1,1.0,1,1,1,1,,both,consistent,5.0,"Drug-8 targets IDH1, a key mutation in the target disease, making it a strong candidate.",0.375,2.375
1,Retinopathy of prematurity,primekg,kg,llama3.1:405b,0,8,E,1,1.0,1,1,1,1,,prior,insufficient,3.0,"Drug-5 targets PTGS1 and PTGS2, which are involved in inflammation and could potentially be beneficial for retinopathy of prematurity due to its anti-inflammatory effects.",0.125,1.75
1,Retinopathy of prematurity,primekg,kg,llama3.1:405b,1,8,F,1,1.0,1,1,1,1,,both,consistent,4.0,"Drug-6 targets VEGFA, a key player in angiogenesis and vascular development, which is relevant to retinopathy of prematurity.",0.25,1.875
1,Agitation associated with Alzheimer's dementia,primekg,kg,llama3.1:405b,0,8,B,1,1.0,1,1,1,1,,both,consistent,4.0,"Drug-5 targets multiple receptors, including HTR1A and DRD2, which are implicated in the regulation of mood and cognitive function.",0.625,2.0
1,Agitation associated with Alzheimer's dementia,primekg,kg,llama3.1:405b,1,8,G,1,1.0,1,1,1,1,,both,consistent,4.0,"Drug-5 targets HTR1A and HTR2A, receptors involved in mood regulation and cognitive function, which could be beneficial for treating agitation in Alzheimer's dementia.",0.75,1.875
1,LDL-C elevation in statin-intolerant dyslipidemia,primekg,kg,llama3.1:405b,0,8,A,5,0.2,0,0,1,1,,prior,insufficient,2.0,"There is no direct evidence for Drug-8's mechanism, but it may still have potential as a candidate.",0.75,2.5
1,LDL-C elevation in statin-intolerant dyslipidemia,primekg,kg,llama3.1:405b,1,8,A,6,0.16666666666666666,0,0,0,1,,prior,insufficient,1.0,"No information was provided for Drug-8, making it impossible to assess its mechanistic plausibility.",0.75,2.25
1,First-line anemia in lower-risk MDS,primekg,kg,llama3.1:405b,0,8,H,8,0.125,0,0,0,1,,prior,insufficient,1.0,"No information is available for Drug-7, making it impossible to assess its mechanistic plausibility.",0.5,2.5
1,First-line anemia in lower-risk MDS,primekg,kg,llama3.1:405b,1,8,E,7,0.14285714285714285,0,0,0,1,,prior,insufficient,1.0,"No information is available for Drug-7, making it impossible to assess its mechanistic plausibility.",0.5,2.25
1,Atopic dermatitis,primekg,kg,llama3.1:405b,0,8,A,1,1.0,1,1,1,1,,both,consistent,4.0,"Drug-7 targets JAK3 and JAK1, which are involved in the immune response and could plausibly affect atopic dermatitis.",0.75,2.125
1,Atopic dermatitis,primekg,kg,llama3.1:405b,1,8,F,1,1.0,1,1,1,1,,both,consistent,4.0,"Drug-7 targets JAK3, which is involved in immune responses and potentially relevant to atopic dermatitis.",0.125,1.875
1,Acute HCV pediatric,primekg,kg,llama3.1:405b,0,8,A,1,1.0,1,1,1,1,,both,consistent,4.0,"Drug-8 targets several enzymes involved in liver metabolism, such as CYP3A43 and UGT1A1, which could be beneficial for treating a liver-related disease like Acute HCV pediatric.",0.375,2.125
1,Acute HCV pediatric,primekg,kg,llama3.1:405b,1,8,E,1,1.0,1,1,1,1,,both,consistent,4.0,"Drug-8 targets multiple enzymes involved in drug metabolism and transport, which could potentially affect HCV replication or treatment outcomes.",0.5,2.375
1,HoFH in children,primekg,kg,llama3.1:405b,0,8,E,6,0.16666666666666666,0,0,0,1,,prior,insufficient,1.0,"No information was provided for Drug-8, making it impossible to assess its potential relevance to HoFH in children.",0.375,2.125
1,HoFH in children,primekg,kg,llama3.1:405b,1,8,B,8,0.125,0,0,0,1,,prior,insufficient,1.0,"No information is provided on Drug-8, making it impossible to assess its relevance to HoFH in children.",0.25,1.875
1,dMMR/MSI-H primary advanced endometrial cancer (+chemo),primekg,kg,llama3.1:405b,0,8,G,1,1.0,1,1,1,1,,prior,insufficient,2.0,"No evidence was provided for Drug-8's targets being relevant to the disease, but PDCD1 is a known target in cancer treatment.",0.5,1.75
1,dMMR/MSI-H primary advanced endometrial cancer (+chemo),primekg,kg,llama3.1:405b,1,8,E,1,1.0,1,1,1,1,,both,consistent,4.0,"Drug-8 targets PDCD1, an immune checkpoint protein, making it a plausible candidate for treating dMMR/MSI-H primary advanced endometrial cancer due to the disease's high mutational burden and known responsiveness to immunotherapies.",0.5,2.0
1,Cerebral folate transport deficiency,primekg,kg,llama3.1:405b,0,8,G,2,0.5,0,1,1,1,,kg,consistent,3.0,"Drug-1 targets several proteins that might indirectly influence folate metabolism or transport, though the connection is less direct than for Drug-3.",0.25,2.0
1,Cerebral folate transport deficiency,primekg,kg,llama3.1:405b,1,8,E,1,1.0,1,1,1,1,,both,consistent,4.0,"Drug-1 targets SLC16A2 and other transporters, which could plausibly relate to folate transport mechanisms given the disease's profile.",0.25,1.875
1,Reduce MACE in CVD + obesity/overweight,primekg,kg,llama3.1:405b,0,8,H,1,1.0,1,1,1,1,,both,consistent,4.0,"Drug-8 targets GLP1R and DPP4, which are relevant to obesity/overweight and cardiovascular disease.",0.5,1.875
1,Reduce MACE in CVD + obesity/overweight,primekg,kg,llama3.1:405b,1,8,D,1,1.0,1,1,1,1,,both,consistent,4.0,"Drug-8 targets (e.g., GLP1R, DPP4) are directly related to glucose and lipid metabolism, aligning with treatment goals for obesity/overweight in CVD.",0.5,2.0
1,Palmoplantar pustulosis (PMDA),primekg,kg,llama3.1:405b,0,8,B,1,1.0,1,1,1,1,,kg,consistent,4.0,"Drug-7 targets IL23A, which is closely related to IL23R, a gene associated with PMDA, suggesting a plausible mechanistic link.",0.125,2.125
1,Palmoplantar pustulosis (PMDA),primekg,kg,llama3.1:405b,1,8,E,1,1.0,1,1,1,1,,both,consistent,4.0,"Drug-7 targets IL23A, which is closely related to the IL23R gene associated with PMDA.",0.125,1.875
1,Measles prophylaxis post-exposure,primekg,kg,llama3.1:405b,0,8,A,1,1.0,1,1,1,1,,kg,consistent,3.0,"Drug-1 targets multiple complement system components, which may help prevent measles virus infection by enhancing the innate immune response.",0.75,1.5
1,Measles prophylaxis post-exposure,primekg,kg,llama3.1:405b,1,8,B,1,1.0,1,1,1,1,,prior,insufficient,3.0,"Drug-1 targets multiple FCGRs, which are involved in immune responses and may play a role in viral infections like measles.",0.625,1.75
1,CKD in T2D,primekg,kg,llama3.1:405b,0,8,G,1,1.0,1,1,1,1,,both,consistent,4.0,"Drug-8 targets GLP1R and DPP4, which are involved in glucose metabolism and have potential connections to diabetic nephropathy.",0.5,2.125
1,CKD in T2D,primekg,kg,llama3.1:405b,1,8,A,1,1.0,1,1,1,1,,both,consistent,4.0,"Drug-8 targets GLP1R, which is related to glucose metabolism and has a plausible link to CKD in T2D.",0.625,2.25
1,HER2-mutant NSCLC (PMDA),primekg,kg,llama3.1:405b,0,8,B,5,0.2,0,0,1,1,,prior,insufficient,2.0,"Drug-8 targets SLC47A2, which is involved in drug transport, but its relevance to HER2-mutant NSCLC (PMDA) treatment is unclear.",0.125,2.125
1,HER2-mutant NSCLC (PMDA),primekg,kg,llama3.1:405b,1,8,G,8,0.125,0,0,0,1,,kg,insufficient,1.0,"Drug-8 targets SLC47A2, but the knowledge graph does not provide sufficient evidence to evaluate its relevance to HER2-mutant NSCLC.",0.625,1.375
1,Heterozygous familial hypercholesterolemia,primekg,kg,llama3.1:405b,0,8,F,1,1.0,1,1,1,1,,both,consistent,5.0,"Drug-7 directly targets PCSK9, a key gene in the disease profile.",0.5,2.5
1,Heterozygous familial hypercholesterolemia,primekg,kg,llama3.1:405b,1,8,E,1,1.0,1,1,1,1,,both,consistent,5.0,"Directly targets PCSK9, a gene associated with Heterozygous familial hypercholesterolemia.",0.125,1.5
1,Crohn's disease,primekg,kg,llama3.1:405b,0,8,E,1,1.0,1,1,1,1,,both,consistent,5.0,"Drug-7 targets IL23A, a cytokine involved in the inflammatory response and associated with Crohn's disease through the IL23R gene.",0.125,2.25
1,Crohn's disease,primekg,kg,llama3.1:405b,1,8,E,1,1.0,1,1,1,1,,both,consistent,4.0,"Drug-7 targets IL23A, which is associated with Crohn's disease through the IL23R gene.",0.5,2.125
1,COVID-19 in severe renal impairment/dialysis,primekg,kg,llama3.1:405b,0,8,C,7,0.14285714285714285,0,0,0,1,,kg,insufficient,1.0,"Although Drug-8 targets several transporters, the connection to COVID-19 in severe renal impairment/dialysis is unclear and requires more evidence.",0.75,2.125
1,COVID-19 in severe renal impairment/dialysis,primekg,kg,llama3.1:405b,1,8,E,2,0.5,0,1,1,1,,both,consistent,4.0,"Drug-8 targets ABCB11 and SLC47A1, which may influence the pharmacokinetics of antiviral agents or COVID-19-related treatments in patients with renal impairment.",0.75,2.75
1,MASH with fibrosis,primekg,kg,llama3.1:405b,0,8,B,1,1.0,1,1,1,1,,both,consistent,4.0,"Drug-8 has a diverse set of targets, including GLP1R and DPP4, which are relevant to metabolic disorders and may have a beneficial effect on fibrosis.",0.5,1.875
1,MASH with fibrosis,primekg,kg,llama3.1:405b,1,8,D,1,1.0,1,1,1,1,,both,consistent,4.0,"Drug-8 targets multiple enzymes involved in metabolic pathways (e.g., DPP4, LPL), aligning with MASH's connection to fatty liver disease and metabolic disorders.",0.5,2.125
1,mHSPC + ADT,primekg,kg,llama3.1:405b,0,8,A,1,1.0,1,1,1,1,,prior,insufficient,3.0,"Drug-8 targets multiple enzymes involved in drug metabolism, which may be relevant for treating mHSPC + ADT, but the connection is indirect and uncertain.",0.0,1.75
1,mHSPC + ADT,primekg,kg,llama3.1:405b,1,8,G,1,1.0,1,1,1,1,,both,consistent,4.0,"Drug-8 targets multiple genes, including SLCO1B3 and ABCG2, which are associated with prostate cancer treatment.",0.625,2.625
1,Chronic kidney disease,primekg,kg,llama3.1:405b,0,8,A,3,0.3333333333333333,0,1,1,1,,both,consistent,3.0,"Drug-8 targets SLC5A2 and SLCO1B3, which may be relevant to chronic kidney disease, but the evidence is less strong compared to Drug-5 and Drug-7.",0.375,2.25
1,Chronic kidney disease,primekg,kg,llama3.1:405b,1,8,C,1,1.0,1,1,1,1,,both,consistent,4.0,"Drug-8 targets SLC5A2, which is involved in glucose reabsorption in the kidney, and UGT1A9, which is associated with renal function.",0.375,2.5
1,Allergic fungal rhinosinusitis (AFRS) ≥6yr,primekg,kg,llama3.1:405b,0,8,B,1,1.0,1,1,1,1,,kg,consistent,4.0,"Drug-8 targets IL4R, which is involved in the allergic response and could be relevant to Allergic fungal rhinosinusitis (AFRS) ≥6yr.",0.5,2.25
1,Allergic fungal rhinosinusitis (AFRS) ≥6yr,primekg,kg,llama3.1:405b,1,8,F,1,1.0,1,1,1,1,,kg,consistent,4.0,"Drug-8 targets IL4R, which is involved in allergic responses and may play a role in AFRS.",0.125,2.0
1,Acquired hypothalamic obesity,primekg,kg,llama3.1:405b,0,8,A,1,1.0,1,1,1,1,,kg,consistent,4.0,"Drug-8 targets MC4R, which is involved in energy homeostasis and could be related to obesity.",0.75,2.0
1,Acquired hypothalamic obesity,primekg,kg,llama3.1:405b,1,8,B,1,1.0,1,1,1,1,,both,consistent,4.0,"Drug-8 targets MC4R, a key receptor involved in energy balance and hypothalamic function.",0.5,1.875
1,Pediatric glioma (EMA),primekg,kg,llama3.1:405b,0,8,G,2,0.5,0,1,1,1,,kg,consistent,3.0,"Drug-6 targets NEK11, which is involved in cell cycle regulation and may have a role in glioma development.",0.875,1.875
1,Pediatric glioma (EMA),primekg,kg,llama3.1:405b,1,8,H,8,0.125,0,0,0,1,,kg,conflicting,1.0,"Although some targets, like NEK11, may be involved in cancer, others have unclear or conflicting connections to glioma.",0.75,1.375
1,IV formulation for rheumatic diseases (EMA),primekg,kg,llama3.1:405b,0,8,F,1,1.0,1,1,1,1,,kg,consistent,4.0,"Drug-6 targets IL17A, which is involved in the inflammatory response and has been implicated in rheumatic diseases.",0.625,2.375
1,IV formulation for rheumatic diseases (EMA),primekg,kg,llama3.1:405b,1,8,E,1,1.0,1,1,1,1,,both,consistent,4.0,"Drug-6 targets IL17A, which is involved in autoimmune and inflammatory responses, making it a plausible candidate for rheumatic diseases.",0.625,2.125
1,Oral tablet formulation for weight management,primekg,kg,llama3.1:405b,0,8,D,1,1.0,1,1,1,1,,both,consistent,4.0,"Drug-8 targets GLP1R, which is involved in glucose metabolism and appetite regulation, making it a plausible candidate for weight management.",0.5,2.25
1,Oral tablet formulation for weight management,primekg,kg,llama3.1:405b,1,8,A,1,1.0,1,1,1,1,,both,consistent,4.0,"Drug-8 targets GLP1R, which is involved in glucose metabolism and weight regulation, making it a plausible candidate for weight management.",0.375,2.25
1,dMMR recurrent/advanced endometrial cancer,primekg,kg,llama3.1:405b,0,8,E,1,1.0,1,1,1,1,,kg,consistent,4.0,"Drug-8 targets PDCD1, a protein involved in immune response and cancer, making it a plausible candidate for dMMR recurrent/advanced endometrial cancer treatment.",0.75,2.25
1,dMMR recurrent/advanced endometrial cancer,primekg,kg,llama3.1:405b,1,8,C,1,1.0,1,1,1,1,,both,consistent,4.0,"Drug-8's target PDCD1 is a checkpoint protein that can be involved in cancer treatment, making it plausible for dMMR recurrent/advanced endometrial cancer.",0.125,2.125
1,Primary humoral immunodeficiency pediatric 2-11yr,primekg,kg,llama3.1:405b,0,8,A,1,1.0,1,1,1,1,,both,consistent,4.0,"Drug-1 targets FCGR3A, a gene associated with the disease.",0.75,1.625
1,Primary humoral immunodeficiency pediatric 2-11yr,primekg,kg,llama3.1:405b,1,8,C,1,1.0,1,1,1,1,,both,consistent,4.0,"Drug-1 targets FCGR3A, which is associated with primary humoral immunodeficiency pediatric 2-11yr.",0.125,1.625
1,Neoadj+adj HNSCC,primekg,kg,llama3.1:405b,0,8,H,8,0.125,0,0,0,1,,prior,insufficient,3.0,There is no clear association between Drug-7's target (PDCD1) and Neoadj+adj HNSCC.,0.625,3.625
1,Neoadj+adj HNSCC,primekg,kg,llama3.1:405b,1,8,B,1,1.0,1,1,1,1,,both,consistent,4.0,"Drug-7 targets PDCD1, which is a known checkpoint protein in cancer, including HNSCC.",0.75,2.25
1,Juvenile idiopathic arthritis (EMA Feb 2026),primekg,kg,llama3.1:405b,0,8,C,1,1.0,1,1,1,1,,both,consistent,4.0,"Drug-7 targets JAK3 and JAK1, which are involved in the regulation of immune responses, making it a plausible candidate for treating juvenile idiopathic arthritis.",0.125,2.0
1,Juvenile idiopathic arthritis (EMA Feb 2026),primekg,kg,llama3.1:405b,1,8,E,3,0.3333333333333333,0,1,1,1,,prior,insufficient,2.0,"Without specific knowledge-graph evidence, Drug-5's target GNRHR does not clearly relate to the disease mechanisms.",0.5,2.125
1,"ALK+ solid tumors (tissue-agnostic, world-first)",primekg,kg,llama3.1:405b,0,8,B,1,1.0,1,1,1,1,,both,consistent,5.0,"Drug-8 targets ALK, making it a strong candidate for treating ALK+ solid tumors.",0.125,2.0
1,"ALK+ solid tumors (tissue-agnostic, world-first)",primekg,kg,llama3.1:405b,1,8,G,1,1.0,1,1,1,1,,both,consistent,5.0,"Drug-8 targets ALK directly, which is strongly associated with the disease.",0.125,2.625
1,Ulcerative colitis,primekg,kg,llama3.1:405b,0,8,H,1,1.0,1,1,1,1,,both,consistent,5.0,"Drug-8 targets IL23A, closely related to the disease's associated gene IL23R, indicating high mechanistic plausibility.",0.125,2.5
1,Ulcerative colitis,primekg,kg,llama3.1:405b,1,8,B,1,1.0,1,1,1,1,,both,consistent,4.0,"Drug-8 targets IL23A and IL12B, both of which are associated with the IL-23/Th17 axis implicated in ulcerative colitis.",0.125,1.75
1,Advanced RCC after PD-1/PD-L1 + VEGF-TKI,primekg,kg,llama3.1:405b,0,8,B,1,1.0,1,1,1,1,,both,consistent,4.0,"Drug-8 targets EPAS1, which is involved in HIF signaling, a key pathway in renal cell carcinoma.",0.125,1.875
1,Advanced RCC after PD-1/PD-L1 + VEGF-TKI,primekg,kg,llama3.1:405b,1,8,G,1,1.0,1,1,1,1,,kg,consistent,4.0,"Drug-8 targets EPAS1, which is associated with hypoxia-inducible factor (HIF) signaling, a known pathway involved in RCC.",0.75,2.25
1,Ulcerative colitis,primekg,kg,llama3.1:405b,0,8,B,1,1.0,1,1,1,1,,both,consistent,4.0,"Drug-7 targets IL23A, a cytokine involved in the inflammatory response and associated with ulcerative colitis through the IL23R gene.",0.125,2.25
1,Ulcerative colitis,primekg,kg,llama3.1:405b,1,8,H,1,1.0,1,1,1,1,,both,consistent,5.0,"Drug-7 targets IL23A, which is closely related to IL23R, a gene associated with ulcerative colitis.",0.875,2.5
1,BRAF V600E metastatic NSCLC,primekg,kg,llama3.1:405b,0,8,A,1,1.0,1,1,1,1,,both,consistent,5.0,"Drug-8 targets BRAF, a key protein in the disease pathway.",0.125,1.875
1,BRAF V600E metastatic NSCLC,primekg,kg,llama3.1:405b,1,8,D,1,1.0,1,1,1,1,,both,consistent,4.0,"Drug-8 targets BRAF, which is directly related to the target disease, making it a plausible candidate.",0.125,2.125
1,Crohn's disease,primekg,kg,llama3.1:405b,0,8,C,1,1.0,1,1,1,1,,prior,insufficient,4.0,"Drug-8 targets JAK1, which is involved in the inflammatory response and could be relevant to treating Crohn's disease.",0.0,1.875
1,Crohn's disease,primekg,kg,llama3.1:405b,1,8,F,1,1.0,1,1,1,1,,both,consistent,4.0,"Drug-8 targets JAK1, which is involved in the inflammatory response and has been implicated in Crohn's disease pathogenesis.",0.25,2.25
1,dMMR/MSI-H primary advanced endometrial cancer,primekg,kg,llama3.1:405b,0,8,D,1,1.0,1,1,1,1,,both,consistent,4.0,"Drug-8's target, PDCD1, is involved in immune checkpoint regulation, potentially benefiting dMMR/MSI-H primary advanced endometrial cancer by enhancing immune response.",0.125,2.25
1,dMMR/MSI-H primary advanced endometrial cancer,primekg,kg,llama3.1:405b,1,8,G,1,1.0,1,1,1,1,,both,consistent,4.0,"Drug-8 targets PDCD1, which is associated with immune response and could be relevant to cancer treatment through immunotherapy approaches.",1.0,2.375
1,IgG4-related disease,primekg,kg,llama3.1:405b,0,8,E,1,1.0,1,1,1,1,,both,consistent,4.0,"Drug-7 targets CD19, a receptor involved in B-cell activation and proliferation, which is relevant to IgG4-related disease.",0.625,2.125
1,IgG4-related disease,primekg,kg,llama3.1:405b,1,8,D,1,1.0,1,1,1,1,,kg,consistent,4.0,"Drug-7 targets CD19, which is a relevant target for IgG4-related disease as it is involved in B-cell activation and proliferation.",0.5,2.25
1,Ph+ CML-CP frontline (EMA Feb 2026),primekg,kg,llama3.1:405b,0,8,A,5,0.2,0,0,1,1,,prior,insufficient,1.0,"No information is provided on Drug-8, making it impossible to assess its potential relevance.",0.0,1.5
1,Ph+ CML-CP frontline (EMA Feb 2026),primekg,kg,llama3.1:405b,1,8,H,9,0.1111111111111111,0,0,0,1,,,,,,1.0,4.0
1,EGPA,primekg,kg,llama3.1:405b,0,8,C,1,1.0,1,1,1,1,,both,consistent,4.0,"Drug-1 targets MS4A2 and FCER1A, which are involved in immune responses, consistent with EGPA's autoimmune nature.",0.375,2.125
1,EGPA,primekg,kg,llama3.1:405b,1,8,E,1,1.0,1,1,1,1,,both,consistent,4.0,"Drug-1 targets MS4A2 and FCER1A, which are involved in immune responses, consistent with EGPA's autoimmune nature.",0.75,2.25
1,Biliary tract cancer,primekg,kg,llama3.1:405b,0,8,D,1,1.0,1,1,1,1,,both,consistent,4.0,"Drug-8 targets PDCD1, which is involved in the regulation of immune responses and may be relevant to cancer treatment.",0.375,2.0
1,Biliary tract cancer,primekg,kg,llama3.1:405b,1,8,G,4,0.25,0,0,1,1,,prior,insufficient,2.0,"Drug-8 targets PDCD1, a protein involved in immune response and potentially relevant to cancer treatment, but the connection is indirect.",0.625,1.875
1,COPD,primekg,kg,llama3.1:405b,0,8,C,3,0.3333333333333333,0,1,1,1,,kg,consistent,3.0,"Drug-8 targets IL4R, which is involved in immune response pathways relevant to COPD.",0.375,2.625
1,COPD,primekg,kg,llama3.1:405b,1,8,G,7,0.14285714285714285,0,0,0,1,,prior,insufficient,1.0,"Drug-5 targets multiple HDACs, but the connection to COPD is unclear without additional information.",0.375,2.375
1,Primary mediastinal large B-cell lymphoma,primekg,kg,llama3.1:405b,0,8,F,1,1.0,1,1,1,1,,both,consistent,4.0,"Drug-7 targets PDCD1, which is closely related to CD274 (PD-L1), a gene associated with Primary mediastinal large B-cell lymphoma, indicating potential for immunotherapeutic intervention.",0.125,2.125
1,Primary mediastinal large B-cell lymphoma,primekg,kg,llama3.1:405b,1,8,H,1,1.0,1,1,1,1,,kg,consistent,4.0,"Drug-7 targets PDCD1, which is involved in the regulation of immune responses and has been implicated in various cancers.",0.625,2.375
1,CRSwNP (eosinophilic chronic rhinosinusitis with nasal polyps),primekg,kg,llama3.1:405b,0,8,B,7,0.14285714285714285,0,0,0,1,,prior,insufficient,1.0,"Without specific target information, Drug-8's potential mechanistic relevance to CRSwNP cannot be assessed.",0.25,2.125
1,CRSwNP (eosinophilic chronic rhinosinusitis with nasal polyps),primekg,kg,llama3.1:405b,1,8,C,5,0.2,0,0,1,1,,prior,insufficient,1.0,"No evidence was provided for Drug-8, making it difficult to assess its mechanistic plausibility for treating CRSwNP.",0.75,2.0
1,RAS wild-type HER2+ metastatic colorectal cancer,primekg,kg,llama3.1:405b,0,8,F,1,1.0,1,1,1,1,,both,consistent,4.0,"Drug-7 targets ERBB3, which is part of the HER2 pathway implicated in RAS wild-type HER2+ metastatic colorectal cancer.",0.75,2.25
1,RAS wild-type HER2+ metastatic colorectal cancer,primekg,kg,llama3.1:405b,1,8,H,1,1.0,1,1,1,1,,both,consistent,4.0,"Drug-7 targets ERBB3, which is part of the HER2 signaling pathway relevant to HER2+ cancers.",0.375,1.875
1,Schnitzler syndrome (Japan),primekg,kg,llama3.1:405b,0,8,G,1,1.0,1,1,1,1,,both,consistent,5.0,"Drug-8 targets IL1B, which is closely related to the disease-associated gene IL1RN.",0.625,2.125
1,Schnitzler syndrome (Japan),primekg,kg,llama3.1:405b,1,8,B,1,1.0,1,1,1,1,,kg,consistent,4.0,"Drug-8 targets IL1B, which is associated with Schnitzler syndrome.",0.125,2.0
1,HR+/HER2- breast cancer,primekg,kg,llama3.1:405b,0,8,F,1,1.0,1,1,1,1,,both,consistent,4.0,"Drug-8 targets TACSTD2, among others, which has some relevance to cancer cell lines, making it a plausible candidate for HR+/HER2- breast cancer treatment.",0.625,2.125
1,HR+/HER2- breast cancer,primekg,kg,llama3.1:405b,1,8,H,5,0.2,0,0,1,1,,kg,consistent,3.0,"Drug-8 targets TACSTD2, which is overexpressed in various cancers and involved in cell adhesion, and TOP1, an enzyme with roles in DNA replication.",0.625,2.875
1,Psoriasis in children 6-11 (cream),primekg,kg,llama3.1:405b,0,8,E,1,1.0,1,1,1,1,,both,consistent,4.0,"Drug-5 targets PDE4, which is involved in the regulation of inflammatory responses and has been implicated in the pathogenesis of psoriasis.",0.25,2.125
1,Psoriasis in children 6-11 (cream),primekg,kg,llama3.1:405b,1,8,G,1,1.0,1,1,1,1,,both,consistent,4.0,"Drug-5 targets multiple PDE4 isoforms, which are known to be involved in inflammatory processes relevant to psoriasis.",0.75,2.0
1,Resectable gastric/GEJ adenocarcinoma (neoadj+adj +FLOT),primekg,kg,llama3.1:405b,0,8,D,1,1.0,1,1,1,1,,prior,insufficient,3.0,"Drug-6 targets CD274, which could potentially modulate the immune response in cancer treatment.",0.5,1.75
1,Resectable gastric/GEJ adenocarcinoma (neoadj+adj +FLOT),primekg,kg,llama3.1:405b,1,8,F,1,1.0,1,1,1,1,,prior,insufficient,2.0,"Drug-6 targets CD274, which may have some relevance to cancer treatment, but the connection to Resectable gastric/GEJ adenocarcinoma is unclear.",0.125,1.625
1,COPD (EMA 2025),primekg,kg,llama3.1:405b,0,8,D,4,0.25,0,0,1,1,,prior,insufficient,2.0,"IL4R is involved in inflammation and immune response, but its direct relevance to COPD treatment is uncertain.",0.375,2.375
1,COPD (EMA 2025),primekg,kg,llama3.1:405b,1,8,B,7,0.14285714285714285,0,0,0,1,,prior,insufficient,1.0,"Drug-7 targets IL4R, which is more closely associated with allergic responses and asthma rather than COPD.",0.375,2.0
1,Ph+ CML-CP after 2+ TKIs,primekg,kg,llama3.1:405b,0,8,F,7,0.14285714285714285,0,0,0,1,,prior,insufficient,1.0,"No information was provided for Drug-8, making it impossible to assess its potential efficacy.",0.0,1.875
1,Ph+ CML-CP after 2+ TKIs,primekg,kg,llama3.1:405b,1,8,A,7,0.14285714285714285,0,0,0,1,,prior,insufficient,1.0,"No information is provided for Drug-8, making it challenging to assess its potential efficacy for treating Ph+ CML-CP after 2+ TKIs.",0.5,2.125
1,IgE-mediated food allergy,primekg,kg,llama3.1:405b,0,8,F,1,1.0,1,1,1,1,,both,consistent,5.0,"Drug-1 targets MS4A2 and FCER1A, key components in IgE-mediated signaling pathways directly relevant to the disease.",0.125,2.375
1,IgE-mediated food allergy,primekg,kg,llama3.1:405b,1,8,A,1,1.0,1,1,1,1,,both,consistent,5.0,"Drug-1 targets MS4A2 and FCER1A, directly implicated in IgE-mediated responses.",0.625,2.125
1,BRAF+ thyroid cancer,primekg,kg,llama3.1:405b,0,8,F,6,0.16666666666666666,0,0,0,1,,prior,insufficient,1.0,"Drug-8's targets, such as UGT1A1 and MAP3K1, do not have a clear connection to BRAF+ thyroid cancer.",0.0,1.125
1,BRAF+ thyroid cancer,primekg,kg,llama3.1:405b,1,8,G,1,1.0,1,1,1,1,,both,consistent,4.0,"Drug-8 targets MAP3K1, which is upstream of the BRAF pathway, suggesting a plausible mechanism against BRAF+ thyroid cancer.",0.125,1.75
1,Primary immunodeficiency pediatric (EMA),primekg,kg,llama3.1:405b,0,8,A,1,1.0,1,1,1,1,,both,consistent,5.0,"Drug-1 targets FCGR3A, a gene associated with primary immunodeficiency pediatric (EMA), making it a highly plausible candidate.",0.125,1.75
1,Primary immunodeficiency pediatric (EMA),primekg,kg,llama3.1:405b,1,8,D,1,1.0,1,1,1,1,,both,consistent,5.0,"Drug-1 targets FCGR3A, a gene directly associated with primary immunodeficiency pediatric (EMA), making it a highly plausible candidate.",0.125,2.0
1,Biliary tract cancer 1L,primekg,kg,llama3.1:405b,0,8,B,5,0.2,0,0,1,1,,prior,insufficient,1.0,"Drug-8 targets CD274, but without clear evidence linking this to Biliary tract cancer 1L mechanisms.",0.375,1.875
1,Biliary tract cancer 1L,primekg,kg,llama3.1:405b,1,8,B,1,1.0,1,1,1,1,,kg,consistent,4.0,"Drug-8 targets CD274, which is a relevant immune checkpoint in cancer treatment, including biliary tract cancer.",0.75,2.25
1,Polymyalgia rheumatica,primekg,kg,llama3.1:405b,0,8,A,1,1.0,1,1,1,1,,both,consistent,4.0,"Drug-8 targets IL6R, which is involved in the inflammatory response and could plausibly modulate disease activity.",0.75,1.875
1,Polymyalgia rheumatica,primekg,kg,llama3.1:405b,1,8,B,1,1.0,1,1,1,1,,both,consistent,4.0,"Drug-8 targets IL6R, which is involved in inflammation and immune response, aligning with the disease's rheumatologic disorder aspect.",0.25,2.0
1,Chronic lymphocytic leukemia,primekg,kg,llama3.1:405b,0,8,H,1,1.0,1,1,1,1,,both,consistent,4.0,"Drug-8 targets several tyrosine kinases, which are commonly involved in cancer cell proliferation and survival pathways.",0.125,1.75
1,Chronic lymphocytic leukemia,primekg,kg,llama3.1:405b,1,8,C,1,1.0,1,1,1,1,,both,consistent,4.0,"Drug-8 targets several kinases, including TEC and TXK, which are involved in signaling pathways relevant to lymphoid cells and leukemia.",0.375,1.875
1,"Crohn's disease (moderate-severe, refractory)",primekg,kg,llama3.1:405b,0,8,B,1,1.0,1,1,1,1,,both,consistent,5.0,"Drug-6 targets IL23A, a gene closely associated with Crohn's disease.",0.25,2.0
1,"Crohn's disease (moderate-severe, refractory)",primekg,kg,llama3.1:405b,1,8,D,1,1.0,1,1,1,1,,both,consistent,4.0,"Drug-6 targets IL23A, which is directly related to Crohn's disease through its association with the IL23R gene.",0.125,1.875
1,HER2-mutant NSCLC (EMA),primekg,kg,llama3.1:405b,0,8,C,8,0.125,0,0,0,1,,kg,conflicting,1.0,"Drug-8's diverse targets (including SLC47A2, SLCO1B3) could have complex effects on cancer cell biology, but the evidence does not clearly support its use in HER2-mutant NSCLC.",0.375,1.75
1,HER2-mutant NSCLC (EMA),primekg,kg,llama3.1:405b,1,8,E,4,0.25,0,0,1,1,,both,consistent,3.0,"Drug-8 targets several solute carriers and enzymes, including those involved in drug transport (SLCO1B1, SLCO1B3), which might affect chemotherapy efficacy but lacks direct links to HER2-mutant NSCLC mechanisms.",0.5,2.0
1,Giant cell arteritis,primekg,kg,llama3.1:405b,0,8,C,1,1.0,1,1,1,1,,both,consistent,4.0,"Drug-8 targets JAK1, which is a relevant target for treating inflammatory diseases like Giant cell arteritis.",0.25,2.375
1,Giant cell arteritis,primekg,kg,llama3.1:405b,1,8,D,1,1.0,1,1,1,1,,both,consistent,3.0,"Drug-8 targets JAK1, which could be relevant given the involvement of immune responses in Giant cell arteritis.",0.5,1.5
1,First-line anemia in lower-risk MDS,primekg,kg,llama3.1:405b,0,8,A,8,0.125,0,0,0,1,,prior,insufficient,1.0,"There is no direct evidence from the knowledge graph, and based on my prior knowledge, I could not find any strong connection between Drug-8 and anemia in lower-risk MDS.",0.375,2.125
1,First-line anemia in lower-risk MDS,primekg,kg,llama3.1:405b,1,8,D,3,0.3333333333333333,0,1,1,1,,prior,insufficient,2.0,"No drug profile was provided for Drug-8, making it impossible to assess its relevance to first-line anemia in lower-risk MDS.",0.625,3.0
1,GVHD + pediatric,primekg,kg,llama3.1:405b,0,8,B,1,1.0,1,1,1,1,,both,consistent,4.0,"Drug-6 targets JAK1 and JAK2, which are involved in the regulation of immune responses and inflammation.",0.75,1.875
1,GVHD + pediatric,primekg,kg,llama3.1:405b,1,8,H,2,0.5,0,1,1,1,,both,consistent,5.0,"Drug-6 targets JAK1 and JAK2, which are involved in cytokine signaling pathways (e.g., IL10, IFNG) relevant to GVHD + pediatric disease, aligning with both graph evidence and prior knowledge.",0.25,2.75
1,MSI-H/dMMR solid tumors (full approval conversion),primekg,kg,llama3.1:405b,0,8,E,1,1.0,1,1,1,1,,both,consistent,5.0,"Drug-7 targets PDCD1, a checkpoint protein involved in cancer treatment, making it a highly plausible candidate.",0.25,2.0
1,MSI-H/dMMR solid tumors (full approval conversion),primekg,kg,llama3.1:405b,1,8,B,1,1.0,1,1,1,1,,both,consistent,4.0,"Drug-7 targets PDCD1, a checkpoint protein involved in immune responses, which is relevant for treating MSI-H/dMMR solid tumors that are known to be responsive to immunotherapy.",0.875,1.875
1,Antibody-mediated rejection in organ transplantation,primekg,kg,llama3.1:405b,0,8,G,1,1.0,1,1,1,1,,both,consistent,4.0,"Drug-1 targets MS4A1, which is involved in B-cell activation and could potentially modulate antibody-mediated rejection.",0.125,1.75
1,Antibody-mediated rejection in organ transplantation,primekg,kg,llama3.1:405b,1,8,H,1,1.0,1,1,1,1,,both,consistent,4.0,"Drug-1 targets MS4A1, which is related to immune cell activation and may be involved in antibody-mediated rejection.",0.5,2.0
1,Pancreatic NET,primekg,kg,llama3.1:405b,0,8,A,1,1.0,1,1,1,1,,both,consistent,4.0,"Drug-7 targets RET, KDR, and MET, which are relevant to tumor growth and angiogenesis in pancreatic neoplasms.",0.5,1.875
1,Pancreatic NET,primekg,kg,llama3.1:405b,1,8,F,1,1.0,1,1,1,1,,prior,insufficient,3.0,"No information is provided for Drug-4, but it cannot be ruled out without further evidence.",0.625,2.125
1,Follicular lymphoma (+obinutuzumab),primekg,kg,llama3.1:405b,0,8,F,7,0.14285714285714285,0,0,0,1,,kg,conflicting,4.0,"Drug-8 targets several tyrosine kinases, which could be relevant to cancer cell signaling, but the specific connections to follicular lymphoma are unclear.",0.25,2.0
1,Follicular lymphoma (+obinutuzumab),primekg,kg,llama3.1:405b,1,8,H,8,0.125,0,0,0,1,,kg,conflicting,1.0,"Drug-8 targets various kinases, which may have some effects on cell signaling pathways, but its direct impact on follicular lymphoma is uncertain and potentially conflicting with the disease's associations.",0.375,2.125
1,HR+/HER2- node-positive high-risk early breast cancer,primekg,kg,llama3.1:405b,0,8,H,4,0.25,0,0,1,1,,both,consistent,3.0,"Drug-8 targets several genes including CDK6, which is involved in cell cycle regulation and potentially relevant to cancer treatment, though not specifically highlighted as a key target for HR+/HER2- breast cancer.",0.5,2.375
1,HR+/HER2- node-positive high-risk early breast cancer,primekg,kg,llama3.1:405b,1,8,H,2,0.5,0,1,1,1,,both,consistent,3.0,"Drug-8 targets CDK6, which is involved in cell cycle regulation and relevant to cancer treatment.",0.625,2.0
1,BRAF+ thyroid cancer,primekg,kg,llama3.1:405b,0,8,D,1,1.0,1,1,1,1,,both,consistent,5.0,"Drug-6 targets BRAF, a gene directly associated with the disease.",0.125,1.875
1,BRAF+ thyroid cancer,primekg,kg,llama3.1:405b,1,8,H,1,1.0,1,1,1,1,,both,consistent,5.0,"Drug-6 targets BRAF, a key gene associated with BRAF+ thyroid cancer.",0.125,2.0
1,HER2+ solid tumors (tumor-agnostic),primekg,kg,llama3.1:405b,0,8,E,2,0.5,0,1,1,1,,both,consistent,3.0,"Drug-8 targets SLC47A2 and SLCO1B1, which are involved in drug transport, potentially affecting the delivery of other drugs used to treat HER2+ solid tumors.",0.25,1.625
1,HER2+ solid tumors (tumor-agnostic),primekg,kg,llama3.1:405b,1,8,H,8,0.125,0,0,0,1,,both,insufficient,1.0,"Drug-7 and Drug-8 target various solute carriers and other enzymes, but these targets lack clear connections to HER2+ solid tumors in both the provided evidence and prior pharmacological knowledge.",0.75,1.875
1,"mCRC BRAF V600E (traditional approval, was accelerated)",primekg,kg,llama3.1:405b,0,8,C,1,1.0,1,1,1,1,,both,consistent,5.0,"Drug-7 directly targets BRAF, a key mutation in mCRC BRAF V600E, indicating strong mechanistic plausibility.",0.5,2.625
1,"mCRC BRAF V600E (traditional approval, was accelerated)",primekg,kg,llama3.1:405b,1,8,A,1,1.0,1,1,1,1,,both,consistent,5.0,"Drug-7 directly targets BRAF, a key mutation in mCRC BRAF V600E.",1.0,3.0
1,"Pediatric low-grade glioma (+dabrafenib, BRAF V600E)",primekg,kg,llama3.1:405b,0,8,B,1,1.0,1,1,1,1,,both,consistent,4.0,"Drug-7 targets MAP2K2, which is involved in the BRAF pathway, making it a plausible candidate for Pediatric low-grade glioma (+dabrafenib, BRAF V600E).",0.25,1.75
1,"Pediatric low-grade glioma (+dabrafenib, BRAF V600E)",primekg,kg,llama3.1:405b,1,8,E,1,1.0,1,1,1,1,,both,consistent,4.0,"Drug-7 targets MAP2K2, which is involved in the BRAF/MEK/ERK pathway, making it a plausible candidate for treating pediatric low-grade glioma (+dabrafenib, BRAF V600E).",0.125,1.875
1,HR+/HER2- metastatic breast cancer,primekg,kg,llama3.1:405b,0,8,F,1,1.0,1,1,1,1,,both,consistent,4.0,"Drug-8 targets TACSTD2, which is involved in cancer cell adhesion and migration, making it a plausible candidate for HR+/HER2- metastatic breast cancer.",0.375,2.125
1,HR+/HER2- metastatic breast cancer,primekg,kg,llama3.1:405b,1,8,F,3,0.3333333333333333,0,1,1,1,,both,consistent,3.0,"Drug-8 targets TOP1, a topoisomerase involved in DNA replication and potentially cancer cell proliferation.",0.25,2.125
1,1L biliary tract cancer (+gemcitabine+cisplatin),primekg,kg,llama3.1:405b,0,8,F,2,0.5,0,1,1,1,,prior,insufficient,3.0,"PDCD1 is an immune checkpoint protein, and its inhibition could potentially enhance anti-tumor immunity in biliary tract cancer.",0.625,2.125
1,1L biliary tract cancer (+gemcitabine+cisplatin),primekg,kg,llama3.1:405b,1,8,F,2,0.5,0,1,1,1,,prior,insufficient,3.0,"Drug-5 targets PDCD1, which is involved in immune checkpoint regulation and may be relevant to cancer treatment.",0.625,2.125
1,RET-fusion NSCLC (expanded),primekg,kg,llama3.1:405b,0,8,H,1,1.0,1,1,1,1,,both,consistent,5.0,"Drug-8 targets RET, a key gene in RET-fusion NSCLC, making it a highly plausible candidate.",0.125,2.25
1,RET-fusion NSCLC (expanded),primekg,kg,llama3.1:405b,1,8,C,1,1.0,1,1,1,1,,both,consistent,5.0,"Drug-8 targets RET, a key gene involved in RET-fusion NSCLC (expanded), making it a highly plausible candidate.",0.125,2.375
1,HR+/HER2- metastatic breast cancer,primekg,kg,llama3.1:405b,0,8,E,1,1.0,1,1,1,1,,both,consistent,4.0,"Drug-7 targets PARP1 and PARP2, which are involved in DNA repair pathways that can be dysregulated in breast cancer.",0.625,1.875
1,HR+/HER2- metastatic breast cancer,primekg,kg,llama3.1:405b,1,8,A,1,1.0,1,1,1,1,,kg,consistent,4.0,"Drug-7 targets PARP1 and PARP2, which are involved in DNA repair pathways relevant to breast cancer.",0.5,2.0
1,Pheochromocytoma/paraganglioma,primekg,kg,llama3.1:405b,0,8,F,6,0.16666666666666666,0,0,0,1,,prior,insufficient,1.0,"Drug-8 targets EPAS1, which lacks clear connection to disease pathways.",0.375,1.75
1,Pheochromocytoma/paraganglioma,primekg,kg,llama3.1:405b,1,8,D,3,0.3333333333333333,0,1,1,1,,kg,consistent,2.0,"Drug-8 targets EPAS1, a gene involved in hypoxia response and potentially relevant to tumor growth, but direct connection to pheochromocytoma/paraganglioma is unclear.",0.875,1.75
1,Gastric/GEJ adenocarcinoma (1L +chemo),primekg,kg,llama3.1:405b,0,8,G,8,0.125,0,0,0,1,,kg,consistent,3.0,"Drug-1 targets various genes, including PTGS1 and PPARG, but their roles in Gastric/GEJ adenocarcinoma are unclear.",0.5,2.5
1,Gastric/GEJ adenocarcinoma (1L +chemo),primekg,kg,llama3.1:405b,1,8,G,3,0.3333333333333333,0,1,1,1,,kg,consistent,4.0,"Drug-7 targets CD274, which is involved in immune checkpoint regulation, making it a plausible candidate for treating Gastric/GEJ adenocarcinoma.",0.5,2.0
1,Metastatic colorectal cancer,primekg,kg,llama3.1:405b,0,8,F,3,0.3333333333333333,0,1,1,1,,prior,insufficient,2.0,"Drug-1 targets transporters and enzymes involved in nucleoside metabolism, but the connection to metastatic colorectal cancer is not directly supported by the knowledge graph.",0.125,1.625
1,Metastatic colorectal cancer,primekg,kg,llama3.1:405b,1,8,H,1,1.0,1,1,1,1,,both,consistent,4.0,"Drug-1 targets SLC22A6, which is associated with metastatic colorectal cancer through the knowledge graph, and also targets TYMP, TK1, and TYMS, which are involved in nucleotide metabolism and cell proliferation.",0.625,2.0
1,Gastric/GEJ adenocarcinoma,primekg,kg,llama3.1:405b,0,8,H,8,0.125,0,0,0,1,,prior,insufficient,1.0,"Drug-8 targets CYP2D6, which is relevant for drug metabolism but does not directly link to Gastric/GEJ adenocarcinoma treatment.",0.125,2.125
1,Gastric/GEJ adenocarcinoma,primekg,kg,llama3.1:405b,1,8,D,1,1.0,1,1,1,1,,prior,insufficient,4.0,"Drug-7 targets CD274, which is involved in immune checkpoint regulation and may be relevant to cancer treatment.",0.375,2.25
1,Urothelial carcinoma (expanded population),primekg,kg,llama3.1:405b,0,8,B,1,1.0,1,1,1,1,,both,consistent,4.0,"NECTIN4 is involved in cell adhesion and has been implicated in various cancers, suggesting Drug-8 could have some impact on urothelial carcinoma through this target.",0.25,2.25
1,Urothelial carcinoma (expanded population),primekg,kg,llama3.1:405b,1,8,B,1,1.0,1,1,1,1,,prior,insufficient,4.0,"NECTIN4 is involved in cell-cell adhesion, potentially relevant to cancer progression.",0.375,1.75
1,HER2+ early-stage BC (neoadjuvant + adjuvant),primekg,kg,llama3.1:405b,0,8,H,8,0.125,0,0,0,1,,both,conflicting,2.0,"While targets include transporters and enzymes, their direct relevance to HER2+ early-stage BC treatment is unclear.",0.625,1.875
1,HER2+ early-stage BC (neoadjuvant + adjuvant),primekg,kg,llama3.1:405b,1,8,F,3,0.3333333333333333,0,1,1,1,,both,consistent,3.0,"Drug-8 targets several transporters (SLC47A2, SLCO1B3) and enzymes (GAA, CTSB, CTSL), which could influence the pharmacokinetics of HER2+ early-stage BC treatments.",0.375,2.125
1,Pediatric BRAF V600E low-grade glioma,primekg,kg,llama3.1:405b,0,8,H,8,0.125,0,0,0,1,,prior,insufficient,3.0,"Drug-5's targets, including NEK11 and various transporters/enzymes, lack a clear connection to the BRAF pathway or glioma based on the provided profile.",0.0,2.5
1,Pediatric BRAF V600E low-grade glioma,primekg,kg,llama3.1:405b,1,8,A,1,1.0,1,1,1,1,,both,insufficient,2.0,"Despite no direct link to BRAF or glioma pathways in the provided evidence, Drug-5's targets suggest potential indirect effects on cellular proliferation and metabolism.",0.625,1.5
1,HR+/HER2- early breast cancer (adjuvant),primekg,kg,llama3.1:405b,0,8,A,1,1.0,1,1,1,1,,both,consistent,4.0,"Drug-6 targets CDK6 and CDK4, which are involved in cell cycle regulation and have been implicated in breast cancer.",0.5,2.0
1,HR+/HER2- early breast cancer (adjuvant),primekg,kg,llama3.1:405b,1,8,B,1,1.0,1,1,1,1,,both,consistent,4.0,"Drug-6 targets CDK4 and CDK6, which are involved in cell cycle regulation, making it a plausible candidate for treating HR+/HER2- early breast cancer (adjuvant).",0.5,1.875
1,HR+/HER2-low breast cancer,primekg,kg,llama3.1:405b,0,8,B,2,0.5,0,1,1,1,,prior,insufficient,3.0,"Drug-8 targets various solute carriers and enzymes, but without direct evidence linking these to HR+/HER2-low breast cancer, its relevance remains speculative.",0.0,3.0
1,HR+/HER2-low breast cancer,primekg,kg,llama3.1:405b,1,8,C,3,0.3333333333333333,0,1,1,1,,kg,consistent,3.0,"Drug-8 targets SLC47A2, SLCO1B1/3, and ABCC1, which are involved in solute transport, but the relevance to breast cancer is less clear.",0.625,2.5
1,Platinum-resistant ovarian carcinoma (PD-L1+ CPS≥1),primekg,kg,llama3.1:405b,0,8,D,1,1.0,1,1,1,1,,both,consistent,4.0,"Drug-6 targets PDCD1, which is a key component in the PD-1/PD-L1 pathway that plays a crucial role in tumor immune evasion.",0.625,2.125
1,Platinum-resistant ovarian carcinoma (PD-L1+ CPS≥1),primekg,kg,llama3.1:405b,1,8,D,1,1.0,1,1,1,1,,both,consistent,4.0,"Drug-6 targets PDCD1, which is involved in the PD-L1 pathway relevant to Platinum-resistant ovarian carcinoma.",0.625,1.75
1,TRD monotherapy,drkg,kg,llama3.1:405b,0,8,D,1,1.0,1,1,1,1,,both,consistent,4.0,"Drug-7 targets various glutamate receptors (GRIN3B, GRIN3A, GRIN2C, GRIN2D, GRIN2A, GRIN2B) and a neurotrophic receptor (NTRK2), suggesting potential modulation of neurotransmitter systems involved in depression.",0.875,2.0
1,TRD monotherapy,drkg,kg,llama3.1:405b,1,8,C,1,1.0,1,1,1,1,,both,consistent,4.0,"Drug-7 targets multiple NMDA receptor subunits, which is consistent with the involvement of glutamate signaling in TRD monotherapy.",0.625,2.125
1,ILD-associated pulmonary hypertension,drkg,kg,llama3.1:405b,0,8,C,6,0.16666666666666666,0,0,0,1,,kg,insufficient,2.0,"Drug-1 activates various prostaglandin receptors, but their relevance to ILD-associated pulmonary hypertension is uncertain and requires further investigation.",0.875,2.625
1,ILD-associated pulmonary hypertension,drkg,kg,llama3.1:405b,1,8,F,3,0.3333333333333333,0,1,1,1,,both,conflicting,2.0,Drug-1's activation of PTGER receptors and downregulation of various genes presents mixed signals regarding its potential effect on ILD-associated pulmonary hypertension.,0.625,2.125
1,Indolent systemic mastocytosis (EMA),drkg,kg,llama3.1:405b,0,8,C,8,0.125,0,0,0,1,,prior,insufficient,1.0,"No evidence was provided for Drug-8, making it impossible to assess its mechanistic plausibility for treating indolent systemic mastocytosis.",0.875,2.125
1,Indolent systemic mastocytosis (EMA),drkg,kg,llama3.1:405b,1,8,B,7,0.14285714285714285,0,0,0,1,,prior,insufficient,1.0,"No evidence was provided for Drug-8's potential in treating mastocytosis, and prior knowledge does not suggest a clear mechanistic link.",0.75,2.25
1,Hidradenitis suppurativa,drkg,kg,llama3.1:405b,0,8,B,1,1.0,1,1,1,1,,kg,consistent,4.0,Inhibiting IL17A aligns with treating inflammatory conditions like Hidradenitis suppurativa.,0.375,2.125
1,Hidradenitis suppurativa,drkg,kg,llama3.1:405b,1,8,G,1,1.0,1,1,1,1,,kg,consistent,4.0,"Drug-7 inhibits IL17A, which is a cytokine involved in inflammatory responses, consistent with the disease's profile.",0.5,1.875
1,Chronic hepatitis B (pediatric),drkg,kg,llama3.1:405b,0,8,G,7,0.14285714285714285,0,0,0,1,,prior,insufficient,1.0,"There is limited information about Drug-6's targets and mechanisms, making it difficult to assess its plausibility for treating Chronic hepatitis B (pediatric).",0.75,2.25
1,Chronic hepatitis B (pediatric),drkg,kg,llama3.1:405b,1,8,F,7,0.14285714285714285,0,0,0,1,,prior,insufficient,1.0,Drug-6's targets are not clearly linked to any known biological pathways directly relevant to hepatitis B.,0.375,2.25
1,HoFH pediatric (EMA),drkg,kg,llama3.1:405b,0,8,D,6,0.16666666666666666,0,0,0,1,,prior,insufficient,1.0,"There is no information available for Drug-8, making it difficult to assess its potential effectiveness.",0.5,2.125
1,HoFH pediatric (EMA),drkg,kg,llama3.1:405b,1,8,D,8,0.125,0,0,0,1,,prior,insufficient,1.0,"Without any information on Drug-8's targets or mechanisms, its potential for treating HoFH pediatric cannot be assessed.",0.625,2.0
1,Nephrotic syndrome,drkg,kg,llama3.1:405b,0,8,B,3,0.3333333333333333,0,1,1,1,,prior,insufficient,2.0,"Drug-1's profile does not provide direct evidence for Nephrotic syndrome, but its inhibition of MS4A1 and targeting of XIAP could potentially impact immune responses relevant to the disease.",0.375,1.875
1,Nephrotic syndrome,drkg,kg,llama3.1:405b,1,8,F,7,0.14285714285714285,0,0,0,1,,prior,insufficient,1.0,"No relevant information is given for Drug-1's impact on Nephrotic syndrome, and its targets (XIAP, ABCB1, TP53) do not directly suggest a therapeutic effect.",0.5,1.875
1,Follicular lymphoma,drkg,kg,llama3.1:405b,0,8,A,8,0.125,0,0,0,1,,prior,insufficient,1.0,"No evidence was provided for Drug-8, and without further information, it is challenging to evaluate its potential as a treatment for follicular lymphoma.",0.625,2.5
1,Follicular lymphoma,drkg,kg,llama3.1:405b,1,8,E,8,0.125,0,0,0,1,,prior,insufficient,1.0,"Without any knowledge graph evidence, it's impossible to assess Drug-8's plausibility.",0.625,2.125
1,Retinal vein occlusion,drkg,kg,llama3.1:405b,0,8,D,1,1.0,1,1,1,1,,prior,insufficient,2.0,"No information is provided for Drug-8, making it impossible to assess its potential efficacy.",0.75,2.625
1,Retinal vein occlusion,drkg,kg,llama3.1:405b,1,8,B,1,1.0,1,1,1,1,,prior,insufficient,2.0,"No information is provided for Drug-8, making it difficult to assess its mechanistic plausibility.",0.875,2.625
1,Agitation associated with Alzheimer's dementia,drkg,kg,llama3.1:405b,0,8,H,8,0.125,0,0,0,1,,both,consistent,5.0,Drug-2's activation of SIGMAR1 and inhibition of GRIN2C among other targets suggests a complex but potentially effective impact on Alzheimer's agitation through neuroprotective mechanisms.,0.5,2.75
1,Agitation associated with Alzheimer's dementia,drkg,kg,llama3.1:405b,1,8,A,1,1.0,1,1,1,1,,both,consistent,4.0,"Drug-2's broad neurological activity, including effects on sigma receptors and nicotinic acetylcholine receptors, offers potential mechanistic links to cognitive and agitation aspects of Alzheimer's dementia.",0.125,1.875
1,High LDL-C with increased CV risk (expanded),drkg,kg,llama3.1:405b,0,8,H,8,0.125,0,0,0,1,,prior,insufficient,1.0,"No information is available for Drug-8, making it impossible to assess its mechanistic plausibility.",0.75,2.0
1,High LDL-C with increased CV risk (expanded),drkg,kg,llama3.1:405b,1,8,G,8,0.125,0,0,0,1,,prior,insufficient,1.0,"No information is provided for Drug-8, making its efficacy impossible to assess.",0.5,2.125
1,Indolent systemic mastocytosis,drkg,kg,llama3.1:405b,0,8,B,6,0.16666666666666666,0,0,0,1,,prior,insufficient,1.0,"No information is available for Drug-8, making it difficult to assess its plausibility.",0.625,2.5
1,Indolent systemic mastocytosis,drkg,kg,llama3.1:405b,1,8,B,6,0.16666666666666666,0,0,0,1,,prior,insufficient,1.0,"No evidence was provided for Drug-8, and its profile is unknown.",0.25,1.875
1,EGPA (expanded),drkg,kg,llama3.1:405b,0,8,C,1,1.0,1,1,1,1,,kg,consistent,4.0,"Drug-7 targets IL5RA, which is associated with the disease-related gene IL5.",0.125,1.875
1,EGPA (expanded),drkg,kg,llama3.1:405b,1,8,E,1,1.0,1,1,1,1,,both,consistent,4.0,"Drug-7 targets IL5RA, directly implicating it in the disease's associated pathway.",0.375,1.75
1,COVID-19 (expanded population),drkg,kg,llama3.1:405b,0,8,C,8,0.125,0,0,0,1,,prior,insufficient,1.0,"No evidence was provided for Drug-8, making it impossible to assess its potential for COVID-19 treatment.",0.5,2.125
1,COVID-19 (expanded population),drkg,kg,llama3.1:405b,1,8,D,7,0.14285714285714285,0,0,0,1,,prior,insufficient,1.0,No knowledge-graph evidence or prior pharmacological knowledge supports Drug-8's effectiveness for COVID-19 treatment.,0.375,2.0
1,Obstructive sleep apnea with obesity,drkg,kg,llama3.1:405b,0,8,F,7,0.14285714285714285,0,0,0,1,,prior,insufficient,1.0,"No information is available for Drug-8, making it impossible to assess its mechanistic plausibility.",0.625,2.25
1,Obstructive sleep apnea with obesity,drkg,kg,llama3.1:405b,1,8,E,5,0.2,0,0,1,1,,prior,insufficient,1.0,"No information was provided for Drug-7, making it impossible to assess its mechanistic plausibility.",0.625,2.5
1,KRAS G12C+ mCRC,drkg,kg,llama3.1:405b,0,8,H,1,1.0,1,1,1,1,,both,consistent,5.0,"Directly targets KRAS, offering a clear mechanistic rationale for treating KRAS G12C+ mCRC.",0.625,2.25
1,KRAS G12C+ mCRC,drkg,kg,llama3.1:405b,1,8,H,1,1.0,1,1,1,1,,both,consistent,5.0,"Directly targets KRAS, a key protein in the disease.",0.375,2.75
1,Diabetic retinopathy/DME (EMA Mar+May 2026),drkg,kg,llama3.1:405b,0,8,C,8,0.125,0,0,0,1,,prior,insufficient,1.0,"No evidence was provided for Drug-8, and its association with Diabetic retinopathy/DME is unknown.",0.75,1.875
1,Diabetic retinopathy/DME (EMA Mar+May 2026),drkg,kg,llama3.1:405b,1,8,F,8,0.125,0,0,0,1,,prior,insufficient,1.0,"No information is provided about Drug-8, making it impossible to assess its plausibility.",0.75,2.375
1,Chorea associated with Huntington's disease,drkg,kg,llama3.1:405b,0,8,G,7,0.14285714285714285,0,0,0,1,,prior,insufficient,1.0,"Drug-8 has limited information, and its targets are not directly linked to Chorea associated with Huntington's disease in the knowledge graph or my prior knowledge.",0.25,1.875
1,Chorea associated with Huntington's disease,drkg,kg,llama3.1:405b,1,8,C,5,0.2,0,0,1,1,,prior,insufficient,2.0,"Drug-8 has limited information, but its inhibition of SLC18A2 might be relevant to neurological disorders.",0.5,2.125
1,Heart failure (broadened),drkg,kg,llama3.1:405b,0,8,F,7,0.14285714285714285,0,0,0,1,,kg,insufficient,1.0,"Drug-8's binding to SLC5A11 and UGT enzymes lacks clear relevance to heart failure mechanisms, making its assessment uncertain.",0.875,2.25
1,Heart failure (broadened),drkg,kg,llama3.1:405b,1,8,F,7,0.14285714285714285,0,0,0,1,,kg,insufficient,1.0,"Drug-8's profile shows limited and indirect mechanistic links to heart failure pathways, making it a less promising candidate.",0.75,2.375
1,Acquired hypofibrinogenemia in cardiovascular surgery,drkg,kg,llama3.1:405b,0,8,F,6,0.16666666666666666,0,0,0,1,,prior,insufficient,1.0,"No information is available for Drug-6, and its relevance to acquired hypofibrinogenemia in cardiovascular surgery cannot be assessed.",0.75,2.75
1,Acquired hypofibrinogenemia in cardiovascular surgery,drkg,kg,llama3.1:405b,1,8,B,6,0.16666666666666666,0,0,0,1,,prior,insufficient,1.0,"No information is provided about Drug-6, making it impossible to assess its mechanistic plausibility.",0.5,1.75
1,Pediatric atopic dermatitis,drkg,kg,llama3.1:405b,0,8,D,1,1.0,1,1,1,1,,both,consistent,4.0,"Drug-8's inhibition of JAK1 and targeting of TYK2, JAK3, and JAK2 aligns with its potential to modulate the immune response in pediatric atopic dermatitis.",0.375,1.875
1,Pediatric atopic dermatitis,drkg,kg,llama3.1:405b,1,8,E,1,1.0,1,1,1,1,,both,consistent,4.0,"Drug-8 inhibits JAK1, which is a known target for treating atopic dermatitis.",0.625,2.0
1,COVID-19 updated strain,drkg,kg,llama3.1:405b,0,8,A,7,0.14285714285714285,0,0,0,1,,prior,insufficient,1.0,"Without any provided knowledge-graph evidence, Drug-8's potential for treating COVID-19 cannot be assessed beyond general pharmacological principles.",0.75,2.0
1,COVID-19 updated strain,drkg,kg,llama3.1:405b,1,8,C,8,0.125,0,0,0,1,,prior,insufficient,1.0,"No information was provided for Drug-8, making it impossible to assess its mechanistic plausibility.",0.625,2.625
1,Delay T1D onset in children ≥1yr,drkg,kg,llama3.1:405b,0,8,C,3,0.3333333333333333,0,1,1,1,,prior,insufficient,1.0,"No information is available for Drug-7, making it difficult to assess its mechanistic plausibility.",0.5,2.375
1,Delay T1D onset in children ≥1yr,drkg,kg,llama3.1:405b,1,8,A,7,0.14285714285714285,0,0,0,1,,prior,insufficient,2.0,"Without specific evidence, it's challenging to assess Drug-7's mechanistic plausibility for delaying T1D onset.",0.625,2.5
1,Unresectable thymic carcinoma (PMDA),drkg,kg,llama3.1:405b,0,8,G,1,1.0,1,1,1,1,,kg,consistent,4.0,"Drug-6 inhibits multiple kinases, including FLT1 and KDR, which are involved in angiogenesis, a critical process for tumor growth.",0.375,2.125
1,Unresectable thymic carcinoma (PMDA),drkg,kg,llama3.1:405b,1,8,A,2,0.5,0,1,1,1,,kg,consistent,4.0,"Drug-6's inhibition of FLT1, KDR, and FLT4 could impact angiogenesis in thymic carcinoma.",0.875,1.875
1,Retinal vein occlusion,drkg,kg,llama3.1:405b,0,8,G,7,0.14285714285714285,0,0,0,1,,prior,insufficient,1.0,"No information is available for Drug-8, making it impossible to assess its mechanistic plausibility.",0.5,2.25
1,Retinal vein occlusion,drkg,kg,llama3.1:405b,1,8,F,7,0.14285714285714285,0,0,0,1,,prior,insufficient,1.0,"No information is provided for Drug-8's relevance to Retinal vein occlusion, making it difficult to assess its potential.",0.5,1.75
1,Spinal muscular atrophy (pediatric expansion),drkg,kg,llama3.1:405b,0,8,A,5,0.2,0,0,1,1,,prior,insufficient,2.0,"No information was provided, and no clear link to SMA can be established without further data.",0.5,2.5
1,Spinal muscular atrophy (pediatric expansion),drkg,kg,llama3.1:405b,1,8,A,2,0.5,0,1,1,1,,prior,insufficient,1.0,"No information is provided for Drug-8, and without prior knowledge of its mechanisms, it cannot be assessed.",0.625,2.875
1,Chronic thromboembolic pulmonary hypertension,drkg,kg,llama3.1:405b,0,8,C,8,0.125,0,0,0,1,,kg,insufficient,1.0,Drug-5's inhibition of HDAC enzymes and other targets does not clearly align with known mechanisms of Chronic thromboembolic pulmonary hypertension.,0.625,2.0
1,Chronic thromboembolic pulmonary hypertension,drkg,kg,llama3.1:405b,1,8,C,1,1.0,1,1,1,1,,prior,insufficient,4.0,"Drug-7 inhibits F10 and F2, which are involved in coagulation, a relevant process for thromboembolic diseases.",0.5,2.375
1,Polycythaemia vera and essential thrombocytopenia,drkg,kg,llama3.1:405b,0,8,B,1,1.0,1,1,1,1,,kg,consistent,4.0,"Drug-1 activates IFNAR2 and IFNAR1, which are part of the interferon signaling pathway related to IFNA2, a gene associated with Polycythaemia vera and essential thrombocytopenia.",0.25,2.0
1,Polycythaemia vera and essential thrombocytopenia,drkg,kg,llama3.1:405b,1,8,F,1,1.0,1,1,1,1,,both,consistent,4.0,"Drug-1 activates IFNAR2 and IFNAR1, which are associated with the disease through gene IFNA2.",0.25,2.375
1,Generalized myasthenia gravis,drkg,kg,llama3.1:405b,0,8,G,6,0.16666666666666666,0,0,0,1,,prior,insufficient,1.0,"No information was provided for Drug-8, making it impossible to assess its potential efficacy.",0.8571428571428571,2.2857142857142856
1,Generalized myasthenia gravis,drkg,kg,llama3.1:405b,1,8,E,2,0.5,0,1,1,1,,prior,insufficient,3.0,"No evidence was provided for Drug-8, but based on prior knowledge, it may have some potential as a treatment for generalized myasthenia gravis.",0.75,2.125
1,Invasive fungal infections pediatric ≥2yr,drkg,kg,llama3.1:405b,0,8,E,4,0.25,0,0,1,1,,kg,consistent,2.0,"Drug-5's inhibition of CYP3A4 and binding to ABCB1 may affect fungal metabolism or drug transport, but the link to invasive fungal infections is tenuous.",0.875,2.125
1,Invasive fungal infections pediatric ≥2yr,drkg,kg,llama3.1:405b,1,8,C,5,0.2,0,0,1,1,,both,consistent,3.0,"Drug-5 inhibits CYP3A4, which could affect the metabolism of antifungal drugs; its targeting of SMO might also have some effects on fungal growth.",0.75,2.25
1,PKU expanded to ≥12yr,drkg,kg,llama3.1:405b,0,8,F,7,0.14285714285714285,0,0,0,1,,prior,insufficient,1.0,"Similarly, no information was provided for Drug-8, making its assessment impossible.",0.5,1.875
1,PKU expanded to ≥12yr,drkg,kg,llama3.1:405b,1,8,D,8,0.125,0,0,0,1,,prior,insufficient,1.0,"No evidence was provided for Drug-8, making it difficult to assess its mechanistic plausibility for PKU treatment.",0.75,2.125
1,IDH1-mutated relapsed/refractory MDS,drkg,kg,llama3.1:405b,0,8,A,1,1.0,1,1,1,1,,kg,consistent,5.0,"Directly targets IDH1, a key mutation in the disease.",0.875,2.25
1,IDH1-mutated relapsed/refractory MDS,drkg,kg,llama3.1:405b,1,8,G,1,1.0,1,1,1,1,,kg,consistent,5.0,"Drug-8 targets IDH1, which is directly associated with the disease.",0.875,2.875
1,Retinopathy of prematurity,drkg,kg,llama3.1:405b,0,8,B,1,1.0,1,1,1,1,,both,consistent,4.0,"Drug-6 inhibits VEGFA, a key angiogenic factor implicated in Retinopathy of prematurity.",0.25,1.875
1,Retinopathy of prematurity,drkg,kg,llama3.1:405b,1,8,C,1,1.0,1,1,1,1,,both,consistent,5.0,"Drug-6 targets VEGFA, a key player in angiogenesis, which is critical in Retinopathy of prematurity.",0.375,2.0
1,Agitation associated with Alzheimer's dementia,drkg,kg,llama3.1:405b,0,8,F,1,1.0,1,1,1,1,,both,consistent,4.0,"Drug-5 activates HTR1A and DRD2, which are relevant targets for treating agitation associated with Alzheimer's dementia.",0.5,2.375
1,Agitation associated with Alzheimer's dementia,drkg,kg,llama3.1:405b,1,8,C,1,1.0,1,1,1,1,,both,consistent,4.0,"Drug-5 activates HTR1A, which is known for its role in mood regulation and thus could directly influence agitation associated with Alzheimer's dementia.",0.75,2.125
1,LDL-C elevation in statin-intolerant dyslipidemia,drkg,kg,llama3.1:405b,0,8,C,1,1.0,1,1,1,1,,both,consistent,4.0,"Drug-8 targets PPARA, a nuclear receptor known to regulate lipid metabolism and LDL-C levels.",0.625,1.875
1,LDL-C elevation in statin-intolerant dyslipidemia,drkg,kg,llama3.1:405b,1,8,G,1,1.0,1,1,1,1,,both,consistent,4.0,"Drug-8 targets PPARA, which is a well-established target for treating dyslipidemia and has been shown to regulate LDL-C levels.",0.5,2.125
1,First-line anemia in lower-risk MDS,drkg,kg,llama3.1:405b,0,8,D,8,0.125,0,0,0,1,,prior,insufficient,1.0,There is no knowledge graph evidence or clear prior knowledge supporting Drug-7's efficacy in treating anemia.,0.625,2.5
1,First-line anemia in lower-risk MDS,drkg,kg,llama3.1:405b,1,8,G,7,0.14285714285714285,0,0,0,1,,prior,insufficient,1.0,"No evidence is provided for Drug-7, making it impossible to assess its plausibility.",0.25,2.25
1,Atopic dermatitis,drkg,kg,llama3.1:405b,0,8,E,2,0.5,0,1,1,1,,kg,consistent,4.0,"Drug-5's modulation of GUCY1A1 and related proteins suggests potential relevance to atopic dermatitis, though the link is less direct than Drug-7's.",0.625,2.75
1,Atopic dermatitis,drkg,kg,llama3.1:405b,1,8,D,1,1.0,1,1,1,1,,kg,consistent,4.0,"Drug-7 inhibits JAK1 and JAK2, which are involved in the immune response and inflammation pathways relevant to atopic dermatitis.",0.75,2.5
1,Acute HCV pediatric,drkg,kg,llama3.1:405b,0,8,A,2,0.5,0,1,1,1,,kg,consistent,3.0,"Drug-8 targets several proteins (e.g., SLCO1B3, ABCG2) that could be involved in the disease's pathology based on their roles in drug metabolism and transport.",1.0,2.125
1,Acute HCV pediatric,drkg,kg,llama3.1:405b,1,8,F,5,0.2,0,0,1,1,,kg,consistent,2.0,"Drug-8 targets drug transporters and metabolizing enzymes, potentially affecting pharmacokinetics but not directly suggesting efficacy against HCV.",0.42857142857142855,2.142857142857143
1,HoFH in children,drkg,kg,llama3.1:405b,0,8,D,8,0.125,0,0,0,1,,prior,insufficient,1.0,"No evidence was provided for Drug-8, and prior knowledge suggests limited relevance to HoFH in children.",0.5,2.125
1,HoFH in children,drkg,kg,llama3.1:405b,1,8,F,7,0.14285714285714285,0,0,0,1,,prior,insufficient,1.0,"No evidence was provided for Drug-8, making it impossible to assess its mechanistic plausibility.",0.75,2.0
1,dMMR/MSI-H primary advanced endometrial cancer (+chemo),drkg,kg,llama3.1:405b,0,8,D,7,0.14285714285714285,0,0,0,1,,prior,insufficient,1.0,"No evidence is provided for Drug-8, making it difficult to assess its plausibility.",0.375,2.25
1,dMMR/MSI-H primary advanced endometrial cancer (+chemo),drkg,kg,llama3.1:405b,1,8,D,8,0.125,0,0,0,1,,prior,insufficient,1.0,"No information is available for Drug-8, making it difficult to assess its mechanistic plausibility.",0.625,2.375
1,Cerebral folate transport deficiency,drkg,kg,llama3.1:405b,0,8,E,1,1.0,1,1,1,1,,both,consistent,3.0,"Drug-1 targets SLC7A5, which is involved in folate transport, and binds to several proteins that may be related to folate metabolism.",0.75,1.75
1,Cerebral folate transport deficiency,drkg,kg,llama3.1:405b,1,8,G,3,0.3333333333333333,0,1,1,1,,kg,consistent,2.0,"Drug-1's interactions with SLC16A10 and SLC7A5, involved in amino acid transport, may have some indirect relevance to folate transport, although the connection is weak.",0.625,1.5
1,Reduce MACE in CVD + obesity/overweight,drkg,kg,llama3.1:405b,0,8,E,1,1.0,1,1,1,1,,both,consistent,4.0,"Drug-8 activates GCG and targets GLP1R, which are involved in glucose metabolism and appetite regulation, consistent with prior knowledge of their roles in obesity and CVD management.",0.625,2.25
1,Reduce MACE in CVD + obesity/overweight,drkg,kg,llama3.1:405b,1,8,H,3,0.3333333333333333,0,1,1,1,,kg,consistent,3.0,"Drug-H activates GCG and targets GLP1R, which are associated with glucose metabolism and potentially relevant to obesity/overweight.",0.5,2.375
1,Palmoplantar pustulosis (PMDA),drkg,kg,llama3.1:405b,0,8,A,1,1.0,1,1,1,1,,kg,consistent,4.0,"Drug-7 targets IL23A, which is involved in inflammatory responses and could be relevant to PMDA.",0.25,2.25
1,Palmoplantar pustulosis (PMDA),drkg,kg,llama3.1:405b,1,8,A,1,1.0,1,1,1,1,,both,consistent,4.0,"Drug-7 targets IL23A, which is involved in the pathogenesis of psoriatic diseases, including PMDA.",0.875,1.875
1,Measles prophylaxis post-exposure,drkg,kg,llama3.1:405b,0,8,H,3,0.3333333333333333,0,1,1,1,,prior,insufficient,3.0,"Drug-1's targeting of FCGR2C and FCGR1B suggests potential immunomodulatory activity, but the evidence is limited.",0.875,2.25
1,Measles prophylaxis post-exposure,drkg,kg,llama3.1:405b,1,8,C,1,1.0,1,1,1,1,,both,consistent,4.0,"Drug-1 targets multiple FCGR genes, which are involved in the immune response and may play a role in measles prophylaxis.",0.625,2.375
1,CKD in T2D,drkg,kg,llama3.1:405b,0,8,H,4,0.25,0,0,1,1,,kg,consistent,3.0,"Drug-8 activates GCG and targets GLP1R, which are associated with glucose regulation, but the evidence is limited.",0.5,2.625
1,CKD in T2D,drkg,kg,llama3.1:405b,1,8,C,2,0.5,0,1,1,1,,kg,consistent,3.0,"Drug-8 targets GLP1R, which has been shown to have beneficial effects on kidney function and may slow CKD progression.",0.625,1.875
1,HER2-mutant NSCLC (PMDA),drkg,kg,llama3.1:405b,0,8,F,1,1.0,1,1,1,1,,kg,consistent,3.0,"Drug-8 targets FCGR1A and TOP1, which may have some relevance to HER2-mutant NSCLC through immune-related pathways.",0.875,2.375
1,HER2-mutant NSCLC (PMDA),drkg,kg,llama3.1:405b,1,8,D,1,1.0,1,1,1,1,,both,consistent,4.0,"Drug-8 targets FCGR1A and TOP1, which are relevant to cancer treatment, but the knowledge graph does not provide direct evidence for HER2-mutant NSCLC.",1.0,2.375
1,Heterozygous familial hypercholesterolemia,drkg,kg,llama3.1:405b,0,8,B,1,1.0,1,1,1,1,,both,consistent,4.0,"Drug-7 inhibits PCSK9, a well-established target for hypercholesterolemia treatment.",0.5,2.0
1,Heterozygous familial hypercholesterolemia,drkg,kg,llama3.1:405b,1,8,C,5,0.2,0,0,1,1,,prior,insufficient,2.0,"Inhibits PCSK9, similar to Drug-7, but with less direct evidence from the knowledge graph.",0.625,3.0
1,Crohn's disease,drkg,kg,llama3.1:405b,0,8,H,1,1.0,1,1,1,1,,kg,consistent,4.0,"Drug-7 targets IL23A, which is a well-established therapeutic target for Crohn's disease.",0.375,1.875
1,Crohn's disease,drkg,kg,llama3.1:405b,1,8,G,1,1.0,1,1,1,1,,both,consistent,5.0,"Drug-7 targets IL23A, a well-established therapeutic target in Crohn's disease, with strong evidence from both the knowledge graph and pharmacological understanding.",0.5,2.875
1,COVID-19 in severe renal impairment/dialysis,drkg,kg,llama3.1:405b,0,8,H,4,0.25,0,0,1,1,,prior,insufficient,2.0,"No evidence was provided for Drug-H, making it difficult to assess its mechanistic plausibility.",0.375,2.5
1,COVID-19 in severe renal impairment/dialysis,drkg,kg,llama3.1:405b,1,8,G,8,0.125,0,0,0,1,,prior,insufficient,1.0,"No evidence was provided for Drug-8, making it impossible to assess its mechanistic plausibility.",0.5,2.25
1,MASH with fibrosis,drkg,kg,llama3.1:405b,0,8,H,7,0.14285714285714285,0,0,0,1,,kg,consistent,1.0,"Drug-8's activation of GCG and targeting of GLP1R may have some metabolic benefits, but its direct relevance to treating fibrosis is the least clear among all candidates.",0.75,2.625
1,MASH with fibrosis,drkg,kg,llama3.1:405b,1,8,G,8,0.125,0,0,0,1,,prior,insufficient,1.0,Drug-8's activation of GCG and targeting of GLP1R do not show a clear connection to fibrosis treatment.,0.625,2.375
1,mHSPC + ADT,drkg,kg,llama3.1:405b,0,8,C,1,1.0,1,1,1,1,,kg,consistent,4.0,"Drug-8 targets PGR and AR, which are relevant to the disease profile of mHSPC + ADT.",0.375,2.125
1,mHSPC + ADT,drkg,kg,llama3.1:405b,1,8,C,1,1.0,1,1,1,1,,both,consistent,4.0,"Drug-8 targets AR, which is a key player in the androgen receptor signaling pathway relevant to mHSPC + ADT.",0.375,1.75
1,Chronic kidney disease,drkg,kg,llama3.1:405b,0,8,D,8,0.125,0,0,0,1,,prior,insufficient,1.0,"Although Drug-8 binds to DPP4, which is relevant to diabetes-related kidney disease, there is limited knowledge graph evidence and unclear mechanistic relevance to CKD.",0.625,2.375
1,Chronic kidney disease,drkg,kg,llama3.1:405b,1,8,F,1,1.0,1,1,1,1,,kg,consistent,4.0,"Drug-8 targets INS, which is related to glucose regulation and potentially beneficial for chronic kidney disease management.",0.375,2.625
1,Allergic fungal rhinosinusitis (AFRS) ≥6yr,drkg,kg,llama3.1:405b,0,8,B,1,1.0,1,1,1,1,,both,consistent,4.0,"Drug-8 targets IL4R, which is involved in the allergic response and fungal infections, making it a plausible candidate for treating AFRS.",0.5,1.875
1,Allergic fungal rhinosinusitis (AFRS) ≥6yr,drkg,kg,llama3.1:405b,1,8,D,1,1.0,1,1,1,1,,both,consistent,4.0,"Drug-8 targets IL4R, which is a key receptor involved in allergic responses and fungal infections.",0.5,2.25
1,Acquired hypothalamic obesity,drkg,kg,llama3.1:405b,0,8,F,1,1.0,1,1,1,1,,both,consistent,5.0,"Drug-8 activates MC4R, directly linked to acquired hypothalamic obesity.",0.375,2.375
1,Acquired hypothalamic obesity,drkg,kg,llama3.1:405b,1,8,A,1,1.0,1,1,1,1,,both,consistent,5.0,"Drug-8 activates MC4R, a gene directly associated with acquired hypothalamic obesity.",0.375,2.5
1,Pediatric glioma (EMA),drkg,kg,llama3.1:405b,0,8,D,1,1.0,1,1,1,1,,both,consistent,4.0,"Drug-6 shows a broad range of activities, including inhibition of BRAF and RAF1, which are part of the MAPK/ERK pathway often dysregulated in cancers, suggesting potential efficacy against pediatric glioma.",0.875,2.125
1,Pediatric glioma (EMA),drkg,kg,llama3.1:405b,1,8,A,1,1.0,1,1,1,1,,both,consistent,4.0,"Drug-6 targets multiple pathways potentially relevant to cancer, including BRAF and MAPK signaling, which are commonly implicated in gliomas.",1.0,1.75
1,IV formulation for rheumatic diseases (EMA),drkg,kg,llama3.1:405b,0,8,F,1,1.0,1,1,1,1,,both,consistent,4.0,"Drug-6 inhibits IL17A, which is a relevant target for rheumatic diseases.",0.25,2.25
1,IV formulation for rheumatic diseases (EMA),drkg,kg,llama3.1:405b,1,8,E,8,0.125,0,0,0,1,,kg,insufficient,1.0,"Drug-8's targets, including TNK2 and FRK, do not provide a clear connection to rheumatic diseases.",0.875,1.875
1,Oral tablet formulation for weight management,drkg,kg,llama3.1:405b,0,8,E,1,1.0,1,1,1,1,,both,consistent,4.0,Drug-8's activation of GCG and targeting of GLP1R aligns with known mechanisms for weight management.,0.625,2.25
1,Oral tablet formulation for weight management,drkg,kg,llama3.1:405b,1,8,B,1,1.0,1,1,1,1,,kg,consistent,4.0,"Drug-8 activates GCG and targets GLP1R, which are both involved in glucose metabolism and weight regulation.",0.75,2.25
1,dMMR recurrent/advanced endometrial cancer,drkg,kg,llama3.1:405b,0,8,G,8,0.125,0,0,0,1,,prior,insufficient,1.0,"Without evidence, Drug-8's potential relevance to dMMR endometrial cancer cannot be assessed with any confidence.",0.625,2.125
1,dMMR recurrent/advanced endometrial cancer,drkg,kg,llama3.1:405b,1,8,D,6,0.16666666666666666,0,0,0,1,,prior,insufficient,1.0,"No information is available for Drug-8, making it impossible to assess its mechanistic plausibility.",0.625,2.25
1,Primary humoral immunodeficiency pediatric 2-11yr,drkg,kg,llama3.1:405b,0,8,G,1,1.0,1,1,1,1,,kg,consistent,4.0,"Drug-1 targets FCGR genes, which are involved in immune responses and may modulate antibody production.",0.5,1.875
1,Primary humoral immunodeficiency pediatric 2-11yr,drkg,kg,llama3.1:405b,1,8,H,1,1.0,1,1,1,1,,both,consistent,4.0,"Drug-1 targets FCGR genes, which are involved in antibody-dependent immune responses, making it a plausible candidate for enhancing immune function.",0.25,1.875
1,Neoadj+adj HNSCC,drkg,kg,llama3.1:405b,0,8,H,2,0.5,0,1,1,1,,kg,consistent,4.0,"Drug-7 inhibits PDCD1, which may be relevant to the disease's association with immune-related genes like CXCR1 and CXCR2.",0.5,2.375
1,Neoadj+adj HNSCC,drkg,kg,llama3.1:405b,1,8,G,3,0.3333333333333333,0,1,1,1,,both,consistent,3.0,"Drug-7's inhibition of PDCD1 could be beneficial, but its relevance to Neoadj+adj HNSCC is uncertain without more direct evidence.",0.75,2.375
1,Juvenile idiopathic arthritis (EMA Feb 2026),drkg,kg,llama3.1:405b,0,8,B,1,1.0,1,1,1,1,,both,consistent,4.0,"Drug-7 inhibits JAK1 and JAK2, which are involved in the signaling pathways of several cytokines that contribute to inflammation in juvenile idiopathic arthritis.",0.25,2.0
1,Juvenile idiopathic arthritis (EMA Feb 2026),drkg,kg,llama3.1:405b,1,8,G,1,1.0,1,1,1,1,,both,consistent,4.0,"Drug-7 inhibits JAK1 and JAK2, which are involved in cytokine signaling pathways relevant to Juvenile idiopathic arthritis.",0.25,1.875
1,"ALK+ solid tumors (tissue-agnostic, world-first)",drkg,kg,llama3.1:405b,0,8,H,1,1.0,1,1,1,1,,both,consistent,5.0,"Drug-8 directly inhibits ALK, making it a strong candidate for treating ALK+ solid tumors.",0.875,2.5
1,"ALK+ solid tumors (tissue-agnostic, world-first)",drkg,kg,llama3.1:405b,1,8,D,1,1.0,1,1,1,1,,both,consistent,5.0,"Drug-8 directly inhibits ALK, a key driver of ALK+ solid tumors, and targets other relevant proteins such as MET and RET.",0.5,2.0
1,Ulcerative colitis,drkg,kg,llama3.1:405b,0,8,B,1,1.0,1,1,1,1,,kg,consistent,4.0,"Drug-8 targets IL12B, which is involved in the inflammatory response and has been implicated in ulcerative colitis.",0.375,2.375
1,Ulcerative colitis,drkg,kg,llama3.1:405b,1,8,C,1,1.0,1,1,1,1,,kg,consistent,4.0,"Drug-8 targets IL12B, which is a cytokine involved in the inflammatory response and has been implicated in ulcerative colitis.",0.75,2.375
1,Advanced RCC after PD-1/PD-L1 + VEGF-TKI,drkg,kg,llama3.1:405b,0,8,E,1,1.0,1,1,1,1,,kg,consistent,4.0,"Drug-8 targets EPAS1, which is a key player in the HIF pathway, often dysregulated in RCC.",0.875,2.5
1,Advanced RCC after PD-1/PD-L1 + VEGF-TKI,drkg,kg,llama3.1:405b,1,8,G,2,0.5,0,1,1,1,,kg,consistent,4.0,"Drug-8 targets EPAS1, a gene involved in hypoxia signaling and tumor progression, which is consistent with the disease profile.",0.625,2.0
1,Ulcerative colitis,drkg,kg,llama3.1:405b,0,8,H,1,1.0,1,1,1,1,,kg,consistent,5.0,"Drug-7 targets IL23A, which is a well-established therapeutic target for ulcerative colitis.",0.625,3.0
1,Ulcerative colitis,drkg,kg,llama3.1:405b,1,8,E,1,1.0,1,1,1,1,,kg,consistent,4.0,"Drug-7 targets IL23A, a cytokine involved in inflammatory responses and associated with ulcerative colitis.",0.75,2.5
1,BRAF V600E metastatic NSCLC,drkg,kg,llama3.1:405b,0,8,E,1,1.0,1,1,1,1,,both,consistent,5.0,"Drug-8 directly inhibits BRAF, a key driver mutation in the target disease.",0.625,2.0
1,BRAF V600E metastatic NSCLC,drkg,kg,llama3.1:405b,1,8,F,1,1.0,1,1,1,1,,both,consistent,5.0,"Drug-8 directly inhibits BRAF, a key mutation in the target disease, and targets MAP2K1, CCND1, PTEN, KRAS, EGFR, and TP53, all critical components in NSCLC pathways.",0.375,2.5
1,Crohn's disease,drkg,kg,llama3.1:405b,0,8,G,1,1.0,1,1,1,1,,both,consistent,4.0,"Drug-8 inhibits JAK1 and targets TYK2, JAK3, and JAK2, which are involved in inflammatory pathways relevant to Crohn's disease.",0.625,2.125
1,Crohn's disease,drkg,kg,llama3.1:405b,1,8,F,1,1.0,1,1,1,1,,both,consistent,4.0,"Drug-8 inhibits JAK1, which is a known target for treating inflammatory bowel diseases, including Crohn's disease.",0.875,2.0
1,dMMR/MSI-H primary advanced endometrial cancer,drkg,kg,llama3.1:405b,0,8,D,7,0.14285714285714285,0,0,0,1,,prior,insufficient,1.0,"No evidence was provided for Drug-8, and prior knowledge does not suggest a clear mechanism for treating dMMR/MSI-H primary advanced endometrial cancer.",0.625,2.25
1,dMMR/MSI-H primary advanced endometrial cancer,drkg,kg,llama3.1:405b,1,8,A,6,0.16666666666666666,0,0,0,1,,prior,insufficient,1.0,"No evidence was provided for Drug-8, and prior knowledge does not suggest a clear mechanistic link to cancer treatment.",0.875,2.125
1,IgG4-related disease,drkg,kg,llama3.1:405b,0,8,A,8,0.125,0,0,0,1,,prior,insufficient,1.0,"No information was provided for Drug-7, making it impossible to assess its mechanistic plausibility for IgG4-related disease.",0.875,2.25
1,IgG4-related disease,drkg,kg,llama3.1:405b,1,8,C,8,0.125,0,0,0,1,,prior,insufficient,1.0,"No information is provided on Drug-7, making it impossible to assess its mechanistic plausibility for IgG4-related disease.",0.75,2.375
1,Ph+ CML-CP frontline (EMA Feb 2026),drkg,kg,llama3.1:405b,0,8,D,1,1.0,1,1,1,1,,both,consistent,5.0,"Drug-8 targets ABL1, a well-established target for Ph+ CML-CP frontline treatment.",0.75,2.25
1,Ph+ CML-CP frontline (EMA Feb 2026),drkg,kg,llama3.1:405b,1,8,B,1,1.0,1,1,1,1,,kg,consistent,4.0,"Drug-8 targets ABL1, a key tyrosine kinase involved in CML.",0.625,2.25
1,EGPA,drkg,kg,llama3.1:405b,0,8,F,1,1.0,1,1,1,1,,both,consistent,4.0,"Drug-1 inhibits IGHE and targets MS4A2 and FCER1A, which are involved in the allergic response and potentially relevant to EGPA.",0.75,2.0
1,EGPA,drkg,kg,llama3.1:405b,1,8,B,1,1.0,1,1,1,1,,both,consistent,4.0,"Drug-1 inhibits IGHE and targets MS4A2 and FCER1A, which is consistent with EGPA's association with IL5 and FAS.",0.25,2.125
1,Biliary tract cancer,drkg,kg,llama3.1:405b,0,8,F,3,0.3333333333333333,0,1,1,1,,both,consistent,4.0,"Drug-8 inhibits PDCD1, a relevant target in cancer treatment.",0.5,2.625
1,Biliary tract cancer,drkg,kg,llama3.1:405b,1,8,F,3,0.3333333333333333,0,1,1,1,,kg,consistent,4.0,"Drug-8 inhibits PDCD1 and targets several genes involved in DNA repair, which may be beneficial for cancer treatment.",0.75,3.0
1,COPD,drkg,kg,llama3.1:405b,0,8,A,7,0.14285714285714285,0,0,0,1,,kg,insufficient,1.0,"Drug-8's targeting of IL4R has unclear implications for COPD treatment, as the connection to disease pathophysiology is not well-established in the knowledge-graph evidence.",0.875,2.125
1,COPD,drkg,kg,llama3.1:405b,1,8,C,2,0.5,0,1,1,1,,kg,consistent,3.0,"Drug-8 targets IL4R, which is involved in the regulation of inflammatory responses and could be beneficial for treating COPD.",0.625,2.0
1,Primary mediastinal large B-cell lymphoma,drkg,kg,llama3.1:405b,0,8,B,1,1.0,1,1,1,1,,both,consistent,4.0,"Drug-7's inhibition of PDCD1, a key target in cancer immunotherapy, makes it the most mechanistically plausible candidate for treating Primary mediastinal large B-cell lymphoma.",1.0,2.0
1,Primary mediastinal large B-cell lymphoma,drkg,kg,llama3.1:405b,1,8,F,2,0.5,0,1,1,1,,prior,insufficient,3.0,"While Drug-7's profile is more directly related to cancer, other drugs like Drug-6 lack clear connections in their provided evidence but might still affect relevant pathways indirectly.",0.125,2.125
1,CRSwNP (eosinophilic chronic rhinosinusitis with nasal polyps),drkg,kg,llama3.1:405b,0,8,D,7,0.14285714285714285,0,0,0,1,,prior,insufficient,1.0,"Without any knowledge-graph evidence or clear pharmacological relevance, Drug-8's mechanistic plausibility for CRSwNP is highly uncertain.",0.75,2.375
1,CRSwNP (eosinophilic chronic rhinosinusitis with nasal polyps),drkg,kg,llama3.1:405b,1,8,G,5,0.2,0,0,1,1,,prior,insufficient,1.0,"No evidence was provided for Drug-8's mechanistic plausibility, and prior knowledge does not suggest a clear rationale for its use in treating CRSwNP.",0.75,1.875
1,RAS wild-type HER2+ metastatic colorectal cancer,drkg,kg,llama3.1:405b,0,8,B,1,1.0,1,1,1,1,,both,consistent,5.0,"Directly targets ERBB2, a key pathway in HER2+ colorectal cancer.",0.75,2.125
1,RAS wild-type HER2+ metastatic colorectal cancer,drkg,kg,llama3.1:405b,1,8,B,1,1.0,1,1,1,1,,kg,consistent,5.0,"Drug-7 targets ERBB2, which is a key protein in the HER2 pathway, making it a highly plausible candidate.",0.5,1.875
1,Schnitzler syndrome (Japan),drkg,kg,llama3.1:405b,0,8,C,1,1.0,1,1,1,1,,both,consistent,5.0,"Drug-8 directly inhibits IL1B, a key gene associated with Schnitzler syndrome.",0.125,2.0
1,Schnitzler syndrome (Japan),drkg,kg,llama3.1:405b,1,8,E,1,1.0,1,1,1,1,,both,consistent,5.0,"Drug-8 inhibits IL1B, a gene associated with Schnitzler syndrome.",0.125,2.25
1,HR+/HER2- breast cancer,drkg,kg,llama3.1:405b,0,8,F,7,0.14285714285714285,0,0,0,1,,prior,insufficient,1.0,"Without any provided evidence, Drug-8's relevance to HR+/HER2- breast cancer cannot be confidently assessed.",0.625,1.875
1,HR+/HER2- breast cancer,drkg,kg,llama3.1:405b,1,8,C,8,0.125,0,0,0,1,,prior,insufficient,1.0,Drug-8 lacks both provided evidence and known pharmacological links to HR+/HER2- breast cancer mechanisms.,0.5,2.625
1,Psoriasis in children 6-11 (cream),drkg,kg,llama3.1:405b,0,8,D,1,1.0,1,1,1,1,,both,consistent,4.0,"Drug-5 inhibits TNF and PDE4 isoforms, which are relevant targets for psoriasis treatment.",0.125,2.375
1,Psoriasis in children 6-11 (cream),drkg,kg,llama3.1:405b,1,8,A,1,1.0,1,1,1,1,,both,consistent,5.0,"Drug-5 inhibits PDE4 and TNF, which are relevant targets for psoriasis treatment.",0.625,2.0
1,Resectable gastric/GEJ adenocarcinoma (neoadj+adj +FLOT),drkg,kg,llama3.1:405b,0,8,A,3,0.3333333333333333,0,1,1,1,,kg,consistent,3.0,"Drug-6 targets CD274 and CD80, which are involved in immune responses, making it a potential candidate for immunotherapy.",0.5,2.125
1,Resectable gastric/GEJ adenocarcinoma (neoadj+adj +FLOT),drkg,kg,llama3.1:405b,1,8,D,1,1.0,1,1,1,1,,both,consistent,4.0,"Drug-6 targets CD274 and CD80, which are involved in immune checkpoint regulation, making it a plausible candidate for cancer treatment.",0.75,2.25
1,COPD (EMA 2025),drkg,kg,llama3.1:405b,0,8,E,1,1.0,1,1,1,1,,both,consistent,4.0,"Drug-7 targets IL4R, which is involved in the inflammatory response, a key aspect of COPD pathophysiology.",0.5,1.875
1,COPD (EMA 2025),drkg,kg,llama3.1:405b,1,8,D,8,0.125,0,0,0,1,,prior,insufficient,1.0,"With only IL4R as a target, the knowledge graph lacks sufficient evidence to assess Drug-7's mechanistic plausibility for COPD.",0.625,2.375
1,Ph+ CML-CP after 2+ TKIs,drkg,kg,llama3.1:405b,0,8,D,1,1.0,1,1,1,1,,both,consistent,5.0,"Directly targets ABL1, a key kinase in CML-CP, making it highly plausible for treating Ph+ CML-CP after 2+ TKIs.",0.5,2.375
1,Ph+ CML-CP after 2+ TKIs,drkg,kg,llama3.1:405b,1,8,B,1,1.0,1,1,1,1,,both,consistent,5.0,"Drug-8 directly targets ABL1, a key driver in Ph+ CML-CP, making it the most mechanistically plausible candidate.",0.75,2.125
1,IgE-mediated food allergy,drkg,kg,llama3.1:405b,0,8,A,1,1.0,1,1,1,1,,both,consistent,5.0,"Drug-1 inhibits IGHE, a gene associated with IgE-mediated food allergy, and targets MS4A2 and FCER1A, which are involved in the allergic response.",0.625,2.125
1,IgE-mediated food allergy,drkg,kg,llama3.1:405b,1,8,B,1,1.0,1,1,1,1,,both,consistent,4.0,"Drug-1 inhibits IGHE, a gene associated with IgE-mediated food allergy, and targets MS4A2 and FCER1A, which are involved in the allergic response.",0.625,1.75
1,BRAF+ thyroid cancer,drkg,kg,llama3.1:405b,0,8,B,1,1.0,1,1,1,1,,both,consistent,5.0,"Drug-8 inhibits MAP2K1 and MAP2K2, which are crucial targets in the treatment of BRAF+ thyroid cancer due to their role in the MAPK/ERK pathway.",0.5,1.875
1,BRAF+ thyroid cancer,drkg,kg,llama3.1:405b,1,8,C,1,1.0,1,1,1,1,,both,consistent,4.0,Drug-8's inhibition of MAP2Ks could potentially impact the MAPK/ERK pathway relevant to BRAF+ thyroid cancer.,0.625,2.0
1,Primary immunodeficiency pediatric (EMA),drkg,kg,llama3.1:405b,0,8,D,1,1.0,1,1,1,1,,both,consistent,4.0,"Drug-1 targets multiple FCGR genes, which are involved in immune responses and may be relevant to primary immunodeficiency pediatric disease.",0.5,2.25
1,Primary immunodeficiency pediatric (EMA),drkg,kg,llama3.1:405b,1,8,H,2,0.5,0,1,1,1,,prior,insufficient,2.0,"No evidence was provided for Drug-1, but its targets suggest a possible immunomodulatory effect.",0.75,2.75
1,Biliary tract cancer 1L,drkg,kg,llama3.1:405b,0,8,E,1,1.0,1,1,1,1,,kg,consistent,4.0,"Drug-8 targets CD274 and CD80, which are involved in immune checkpoints, making it a plausible candidate for Biliary tract cancer 1L treatment.",0.375,2.625
1,Biliary tract cancer 1L,drkg,kg,llama3.1:405b,1,8,F,2,0.5,0,1,1,1,,prior,insufficient,3.0,"Drug-8 targets CD274 and CD80, which are involved in immune response and could be relevant to cancer treatment, but direct connections to Biliary tract cancer 1L are lacking.",0.125,2.25
1,Polymyalgia rheumatica,drkg,kg,llama3.1:405b,0,8,C,1,1.0,1,1,1,1,,kg,consistent,4.0,"Drug-8 targets IL6R, which is a relevant target for Polymyalgia rheumatica given its association with inflammatory pathways.",0.25,1.875
1,Polymyalgia rheumatica,drkg,kg,llama3.1:405b,1,8,B,1,1.0,1,1,1,1,,both,consistent,4.0,"Drug-8 targets IL6R, which is consistent with the knowledge that IL-6 is a key cytokine involved in the pathogenesis of Polymyalgia rheumatica.",0.25,2.125
1,Chronic lymphocytic leukemia,drkg,kg,llama3.1:405b,0,8,E,1,1.0,1,1,1,1,,both,consistent,4.0,"Drug-8 targets multiple kinases, including BMX and TEC, which are involved in B-cell signaling pathways relevant to Chronic lymphocytic leukemia.",0.375,2.25
1,Chronic lymphocytic leukemia,drkg,kg,llama3.1:405b,1,8,G,1,1.0,1,1,1,1,,both,consistent,4.0,"Drug-8 targets several kinases, including BMX, TEC, and ITK, which are involved in B-cell signaling pathways relevant to CLL.",0.375,2.25
1,"Crohn's disease (moderate-severe, refractory)",drkg,kg,llama3.1:405b,0,8,B,1,1.0,1,1,1,1,,kg,consistent,4.0,"Drug-6 targets IL23A, which is a key cytokine involved in the pathogenesis of Crohn's disease.",0.25,1.75
1,"Crohn's disease (moderate-severe, refractory)",drkg,kg,llama3.1:405b,1,8,E,6,0.16666666666666666,0,0,0,1,,prior,insufficient,1.0,"No evidence provided; based on prior knowledge, no clear connection to Crohn's disease treatment.",0.5,2.0
1,HER2-mutant NSCLC (EMA),drkg,kg,llama3.1:405b,0,8,B,6,0.16666666666666666,0,0,0,1,,prior,insufficient,1.0,"No direct evidence was found in the knowledge graph, and Drug-8's targets (e.g., FCGR1A) do not appear to be directly related to cancer treatment.",0.5,2.125
1,HER2-mutant NSCLC (EMA),drkg,kg,llama3.1:405b,1,8,A,4,0.25,0,0,1,1,,prior,insufficient,2.0,"Drug-8 targets FCGR1A and TOP1, which may be involved in immune response and DNA replication.",0.375,1.75
1,Giant cell arteritis,drkg,kg,llama3.1:405b,0,8,C,2,0.5,0,1,1,1,,both,consistent,4.0,"Drug-8 inhibits JAK1, a key kinase involved in cytokine signaling and relevant to Giant cell arteritis.",0.375,2.375
1,Giant cell arteritis,drkg,kg,llama3.1:405b,1,8,G,4,0.25,0,0,1,1,,prior,insufficient,2.0,No evidence or targets suggest Drug-8 is mechanistically plausible for Giant cell arteritis.,0.375,1.875
1,First-line anemia in lower-risk MDS,drkg,kg,llama3.1:405b,0,8,G,8,0.125,0,0,0,1,,prior,insufficient,1.0,No evidence is provided for Drug-5's relevance to first-line anemia in lower-risk MDS.,0.75,2.0
1,First-line anemia in lower-risk MDS,drkg,kg,llama3.1:405b,1,8,G,7,0.14285714285714285,0,0,0,1,,prior,insufficient,1.0,"No information is provided for Drug-8, making it impossible to assess its mechanistic plausibility.",0.5,2.25
1,GVHD + pediatric,drkg,kg,llama3.1:405b,0,8,G,7,0.14285714285714285,0,0,0,1,,prior,insufficient,1.0,"No evidence was provided for Drug-6, making it difficult to assess its mechanistic plausibility.",0.5,1.875
1,GVHD + pediatric,drkg,kg,llama3.1:405b,1,8,A,1,1.0,1,1,1,1,,both,consistent,4.0,"Drug-6 targets multiple kinases, including JAKs, which are involved in immune responses relevant to GVHD.",0.25,1.875
1,MSI-H/dMMR solid tumors (full approval conversion),drkg,kg,llama3.1:405b,0,8,C,1,1.0,1,1,1,1,,both,consistent,4.0,"Drug-7 has a strong mechanistic link to MSI-H/dMMR solid tumors through its inhibition of PDCD1 and targeting of MSH2, MSH3, MSH6, MLH1, and POLE, which are all involved in DNA mismatch repair.",0.375,1.875
1,MSI-H/dMMR solid tumors (full approval conversion),drkg,kg,llama3.1:405b,1,8,C,1,1.0,1,1,1,1,,both,consistent,5.0,"Drug-7 has multiple targets directly involved in DNA mismatch repair, a key pathway for MSI-H/dMMR solid tumors.",0.75,2.375
1,Antibody-mediated rejection in organ transplantation,drkg,kg,llama3.1:405b,0,8,C,1,1.0,1,1,1,1,,both,consistent,4.0,"Drug-1 inhibits MS4A1, which is involved in B-cell activation and proliferation, making it a plausible candidate for treating antibody-mediated rejection.",0.625,2.0
1,Antibody-mediated rejection in organ transplantation,drkg,kg,llama3.1:405b,1,8,C,1,1.0,1,1,1,1,,both,consistent,4.0,"Drug-1 targets XIAP, which is involved in the regulation of apoptosis and immune responses, making it a plausible candidate for treating antibody-mediated rejection.",0.5,2.375
1,Pancreatic NET,drkg,kg,llama3.1:405b,0,8,B,2,0.5,0,1,1,1,,both,consistent,4.0,"Drug-7 inhibits several receptor tyrosine kinases, including AXL and MET, which are involved in tumor growth and angiogenesis, making it a plausible candidate.",0.75,2.5
1,Pancreatic NET,drkg,kg,llama3.1:405b,1,8,G,1,1.0,1,1,1,1,,both,consistent,4.0,"Drug-7 inhibits multiple kinases, including KDR and MET, which are relevant to Pancreatic NET, suggesting strong mechanistic plausibility.",0.5,2.625
1,Follicular lymphoma (+obinutuzumab),drkg,kg,llama3.1:405b,0,8,G,1,1.0,1,1,1,1,,kg,consistent,4.0,"Drug-8 targets several tyrosine kinases, including BMX and TEC, which are involved in B-cell signaling pathways relevant to follicular lymphoma.",0.5,2.25
1,Follicular lymphoma (+obinutuzumab),drkg,kg,llama3.1:405b,1,8,H,8,0.125,0,0,0,1,,prior,insufficient,1.0,"No information was provided for Drug-8 that is directly relevant to follicular lymphoma, making it difficult to assess its mechanistic plausibility.",0.5,2.5
1,HR+/HER2- node-positive high-risk early breast cancer,drkg,kg,llama3.1:405b,0,8,A,1,1.0,1,1,1,1,,both,consistent,4.0,"Drug-8 targets multiple proteins involved in cell cycle regulation, including CDK4 and CDK6, which are relevant to breast cancer.",0.375,1.75
1,HR+/HER2- node-positive high-risk early breast cancer,drkg,kg,llama3.1:405b,1,8,H,1,1.0,1,1,1,1,,both,consistent,5.0,"Drug-8 inhibits CDK4 and CDK6, which are crucial for cell cycle progression, and targets CCND1, ERBB2, and ESR1, making it a strong candidate for HR+/HER2- breast cancer.",0.375,2.375
1,BRAF+ thyroid cancer,drkg,kg,llama3.1:405b,0,8,D,1,1.0,1,1,1,1,,both,consistent,5.0,"Directly inhibits BRAF, a key target in the treatment of BRAF+ thyroid cancer.",0.875,2.25
1,BRAF+ thyroid cancer,drkg,kg,llama3.1:405b,1,8,G,1,1.0,1,1,1,1,,both,consistent,5.0,"Drug-6 directly inhibits BRAF, ARAF, and RAF1, key targets in the treatment of BRAF+ thyroid cancer.",0.125,2.125
1,HER2+ solid tumors (tumor-agnostic),drkg,kg,llama3.1:405b,0,8,C,5,0.2,0,0,1,1,,prior,insufficient,2.0,"Drug-8 targets FCGR1A and TOP1, which might have some impact on immune response or DNA replication in tumors, but the relevance to HER2+ tumors is uncertain.",0.375,2.5
1,HER2+ solid tumors (tumor-agnostic),drkg,kg,llama3.1:405b,1,8,B,2,0.5,0,1,1,1,,kg,consistent,3.0,"Drug-8 targets FCGR1A and TOP1, which may be involved in immune response and DNA replication, respectively, but the evidence is limited.",0.625,2.125
1,"mCRC BRAF V600E (traditional approval, was accelerated)",drkg,kg,llama3.1:405b,0,8,B,6,0.16666666666666666,0,0,0,1,,kg,conflicting,2.0,"Downregulates genes involved in drug metabolism and transport, which might not directly impact mCRC BRAF V600E pathology.",0.75,2.375
1,"mCRC BRAF V600E (traditional approval, was accelerated)",drkg,kg,llama3.1:405b,1,8,C,1,1.0,1,1,1,1,,both,consistent,5.0,"Drug-7 directly inhibits BRAF, which is a key target in treating mCRC BRAF V600E.",0.375,2.0
1,"Pediatric low-grade glioma (+dabrafenib, BRAF V600E)",drkg,kg,llama3.1:405b,0,8,D,1,1.0,1,1,1,1,,both,consistent,4.0,"Drug-7 inhibits multiple MAP2K proteins and KRAS, which are key players in the MAPK/ERK pathway relevant to BRAF V600E mutation.",0.125,1.875
1,"Pediatric low-grade glioma (+dabrafenib, BRAF V600E)",drkg,kg,llama3.1:405b,1,8,G,1,1.0,1,1,1,1,,kg,consistent,4.0,"Drug-7 inhibits MAP2K5, MAP2K4, and KRAS, which are involved in the RAS/RAF/MAPK pathway that is constitutively activated by BRAF V600E mutation.",0.625,1.875
1,HR+/HER2- metastatic breast cancer,drkg,kg,llama3.1:405b,0,8,F,6,0.16666666666666666,0,0,0,1,,prior,insufficient,1.0,"No evidence was provided for Drug-8, and its relevance to breast cancer is highly uncertain.",0.625,2.25
1,HR+/HER2- metastatic breast cancer,drkg,kg,llama3.1:405b,1,8,H,8,0.125,0,0,0,1,,prior,insufficient,1.0,"Similarly, no evidence was provided for Drug-8, leaving its potential mechanisms unknown.",0.625,2.0
1,1L biliary tract cancer (+gemcitabine+cisplatin),drkg,kg,llama3.1:405b,0,8,B,2,0.5,0,1,1,1,,kg,conflicting,3.0,"Although Drug-5 inhibits PDCD1, its relevance to biliary tract cancer is unclear and may even be detrimental in certain cases.",0.625,2.875
1,1L biliary tract cancer (+gemcitabine+cisplatin),drkg,kg,llama3.1:405b,1,8,D,5,0.2,0,0,1,1,,kg,conflicting,2.0,"Drug-5 targets genes involved in DNA repair (e.g., MLH1, MSH2), which might have mixed implications for cancer treatment and needs further evaluation.",0.375,2.0
1,RET-fusion NSCLC (expanded),drkg,kg,llama3.1:405b,0,8,A,6,0.16666666666666666,0,0,0,1,,prior,insufficient,1.0,"No information is provided for Drug-8, making its assessment purely speculative and uncertain.",0.5,2.25
1,RET-fusion NSCLC (expanded),drkg,kg,llama3.1:405b,1,8,E,7,0.14285714285714285,0,0,0,1,,prior,insufficient,1.0,"Similarly, without any provided evidence or clear prior knowledge connections to RET-fusion NSCLC biology, Drug-8's potential is uncertain.",0.5,2.125
1,HR+/HER2- metastatic breast cancer,drkg,kg,llama3.1:405b,0,8,A,1,1.0,1,1,1,1,,both,consistent,4.0,"Drug-7 targets multiple proteins (PARP1, PARP2, BRCA1, and BRCA2) that are involved in DNA repair pathways crucial for cancer cell survival, particularly in HR+/HER2- breast cancers with potential defects in these pathways.",0.875,2.125
1,HR+/HER2- metastatic breast cancer,drkg,kg,llama3.1:405b,1,8,E,1,1.0,1,1,1,1,,both,consistent,4.0,"Drug-7 inhibits PARP1 and PARP2, which are involved in DNA repair pathways that can be targeted in HR+/HER2- breast cancer.",0.5,1.875
1,Pheochromocytoma/paraganglioma,drkg,kg,llama3.1:405b,0,8,B,6,0.16666666666666666,0,0,0,1,,prior,insufficient,1.0,"Drug-8 targets EPAS1, but there is no clear evidence linking it to Pheochromocytoma/paraganglioma.",0.5,1.875
1,Pheochromocytoma/paraganglioma,drkg,kg,llama3.1:405b,1,8,F,2,0.5,0,1,1,1,,kg,consistent,4.0,"Drug-8 targets EPAS1, a transcription factor involved in the regulation of genes related to cell growth and survival, which may be relevant for Pheochromocytoma/paraganglioma treatment.",0.625,2.25
1,Gastric/GEJ adenocarcinoma (1L +chemo),drkg,kg,llama3.1:405b,0,8,B,4,0.25,0,0,1,1,,prior,insufficient,2.0,"Drug-7 targets CD274 and CD80, which are involved in immune response pathways, but the relevance to Gastric/GEJ adenocarcinoma is uncertain.",0.5,2.25
1,Gastric/GEJ adenocarcinoma (1L +chemo),drkg,kg,llama3.1:405b,1,8,E,3,0.3333333333333333,0,1,1,1,,kg,consistent,3.0,"Drug-7 targets CD274 and CD80, which are involved in immune response pathways relevant to gastric cancer.",0.75,2.125
1,Metastatic colorectal cancer,drkg,kg,llama3.1:405b,0,8,D,1,1.0,1,1,1,1,,both,consistent,4.0,"Drug-1 targets TP53, a well-established tumor suppressor in colorectal cancer, and downregulates CCNB1, a key cell cycle regulator.",0.625,2.125
1,Metastatic colorectal cancer,drkg,kg,llama3.1:405b,1,8,D,2,0.5,0,1,1,1,,both,consistent,4.0,"Drug-1 targets TP53, a crucial tumor suppressor in colorectal cancer, and downregulates genes involved in cell cycle progression.",0.75,2.375
1,Gastric/GEJ adenocarcinoma,drkg,kg,llama3.1:405b,0,8,D,1,1.0,1,1,1,1,,kg,consistent,4.0,"Drug-7 targets CD274 and CD80, which are involved in the immune response and may be relevant to cancer treatment.",0.75,2.0
1,Gastric/GEJ adenocarcinoma,drkg,kg,llama3.1:405b,1,8,G,2,0.5,0,1,1,1,,kg,consistent,4.0,"Drug-7 targets CD274 (PD-L1), which is a key immune checkpoint molecule in cancer, including gastric/GEJ adenocarcinoma.",0.75,2.625
1,Urothelial carcinoma (expanded population),drkg,kg,llama3.1:405b,0,8,H,8,0.125,0,0,0,1,,kg,insufficient,1.0,The single target of NECTIN4 by Drug-8 lacks context and is insufficient to assess its relevance to urothelial carcinoma.,0.875,2.375
1,Urothelial carcinoma (expanded population),drkg,kg,llama3.1:405b,1,8,A,4,0.25,0,0,1,1,,kg,insufficient,3.0,"Drug-8 targets NECTIN4, which has been implicated in cancer progression, but the evidence is limited and requires further investigation.",0.625,2.625
1,HER2+ early-stage BC (neoadjuvant + adjuvant),drkg,kg,llama3.1:405b,0,8,F,2,0.5,0,1,1,1,,kg,consistent,3.0,"Drug-8 targets TOP1, which is involved in DNA replication and repair, making it a plausible candidate for cancer treatment.",0.375,2.125
1,HER2+ early-stage BC (neoadjuvant + adjuvant),drkg,kg,llama3.1:405b,1,8,B,4,0.25,0,0,1,1,,kg,insufficient,1.0,"Drug-8's targets, FCGR1A and TOP1, lack clear connections to HER2+ early-stage BC.",0.625,1.75
1,Pediatric BRAF V600E low-grade glioma,drkg,kg,llama3.1:405b,0,8,H,1,1.0,1,1,1,1,,both,consistent,5.0,"Drug-5 is the most promising candidate due to its inhibition of BRAF, a key target in treating Pediatric BRAF V600E low-grade glioma.",0.375,2.125
1,Pediatric BRAF V600E low-grade glioma,drkg,kg,llama3.1:405b,1,8,G,1,1.0,1,1,1,1,,both,consistent,5.0,"Drug-5 inhibits BRAF, RAF1, and MAPK1, which are key components of the BRAF pathway.",0.375,2.0
1,HR+/HER2- early breast cancer (adjuvant),drkg,kg,llama3.1:405b,0,8,B,1,1.0,1,1,1,1,,both,consistent,4.0,"Drug-6 inhibits CDK4 and CDK6, which are key regulators of the cell cycle and have been implicated in breast cancer progression.",0.5,2.0
1,HR+/HER2- early breast cancer (adjuvant),drkg,kg,llama3.1:405b,1,8,F,1,1.0,1,1,1,1,,both,consistent,5.0,"Drug-6 targets CCND2, CCND3, and CDKN2A, which are involved in cell cycle regulation, a key aspect of cancer progression.",0.375,3.0
1,HR+/HER2-low breast cancer,drkg,kg,llama3.1:405b,0,8,F,4,0.25,0,0,1,1,,kg,consistent,3.0,"Drug-8 targets FCGR1A and TOP1, which are involved in immune response and DNA replication, consistent with its potential anti-cancer activity.",0.75,2.75
1,HR+/HER2-low breast cancer,drkg,kg,llama3.1:405b,1,8,D,4,0.25,0,0,1,1,,kg,insufficient,2.0,"Drug-8 targets FCGR1A and TOP1, but the relevance of these targets to HR+/HER2-low breast cancer is unclear.",0.875,2.25
1,Platinum-resistant ovarian carcinoma (PD-L1+ CPS≥1),drkg,kg,llama3.1:405b,0,8,C,1,1.0,1,1,1,1,,both,consistent,4.0,"Drug-6 targets CD274 (PD-L1), which is a key protein in the PD-1/PD-L1 pathway, making it a plausible candidate for treating PD-L1+ CPS≥1 ovarian carcinoma.",0.75,2.0
1,Platinum-resistant ovarian carcinoma (PD-L1+ CPS≥1),drkg,kg,llama3.1:405b,1,8,H,1,1.0,1,1,1,1,,both,consistent,4.0,"Drug-6 targets CD274 (PD-L1), directly relevant to the PD-L1+ status of this disease, suggesting potential to modulate immune response.",0.625,2.0
1,TRD monotherapy,biokg,kg,llama3.1:405b,0,8,B,1,1.0,1,1,1,1,,both,consistent,4.0,"Drug-7 modulates NMDA receptor antagonists, which is a plausible mechanism for TRD treatment, and its targets include proteins involved in synaptic plasticity.",0.625,2.125
1,TRD monotherapy,biokg,kg,llama3.1:405b,1,8,H,6,0.16666666666666666,0,0,0,1,,both,consistent,3.0,"Drug-7's modulation of N-Metyl-D-aspartic acid receptor antagonists and targeting NMDE3, BDNF may have some neuroprotective effects.",0.75,2.75
1,ILD-associated pulmonary hypertension,biokg,kg,llama3.1:405b,0,8,C,3,0.3333333333333333,0,1,1,1,,prior,insufficient,3.0,"Drug-1 targets P2Y12, which is involved in platelet activation and aggregation, potentially relevant to pulmonary hypertension.",0.25,2.5
1,ILD-associated pulmonary hypertension,biokg,kg,llama3.1:405b,1,8,A,4,0.25,0,0,1,1,,prior,insufficient,2.0,"Drug-1 targets P2Y12 and CP2C9, relevant to platelet function and drug metabolism respectively; indirect benefits for ILD-PH patients are possible but speculative.",0.25,2.625
1,Indolent systemic mastocytosis (EMA),biokg,kg,llama3.1:405b,0,8,D,1,1.0,1,1,1,1,,both,consistent,4.0,"Drug-8 targets KIT, a receptor crucial for mast cell survival and proliferation, making it a strong candidate.",0.375,2.125
1,Indolent systemic mastocytosis (EMA),biokg,kg,llama3.1:405b,1,8,E,7,0.14285714285714285,0,0,0,1,,kg,insufficient,1.0,"Drug-2 targets MMP12, which lacks a clear connection to mast cell function or mastocytosis.",1.0,2.0
1,Hidradenitis suppurativa,biokg,kg,llama3.1:405b,0,8,A,1,1.0,1,1,1,1,,both,consistent,4.0,"Drug-7's modulation of antirheumatics and targeting of IL17 aligns with the disease's inflammatory profile, suggesting potential efficacy.",0.75,2.0
1,Hidradenitis suppurativa,biokg,kg,llama3.1:405b,1,8,G,1,1.0,1,1,1,1,,kg,consistent,4.0,"Drug-7 modulates the Antirheumatics - DMARDs and biological agents pathway, which is related to Hidradenitis suppurativa through its association with gene NOD2.",0.375,2.25
1,Chronic hepatitis B (pediatric),biokg,kg,llama3.1:405b,0,8,F,5,0.2,0,0,1,1,,kg,insufficient,1.0,Drug-6 targets several proteins but lacks clear associations with hepatitis B pathways or genes.,0.5,1.875
1,Chronic hepatitis B (pediatric),biokg,kg,llama3.1:405b,1,8,F,8,0.125,0,0,0,1,,kg,conflicting,1.0,"Drug-6 targets multiple proteins, but the knowledge graph evidence is conflicting and does not provide a clear connection to hepatitis B.",0.5,2.125
1,HoFH pediatric (EMA),biokg,kg,llama3.1:405b,0,8,D,8,0.125,0,0,0,1,,prior,insufficient,1.0,"There is no information on Drug-8's targets, and its relevance to HoFH pediatric is unclear.",0.5,2.125
1,HoFH pediatric (EMA),biokg,kg,llama3.1:405b,1,8,D,4,0.25,0,0,1,1,,prior,insufficient,1.0,No information provided; uncertain about its relevance to HoFH.,0.0,1.875
1,Nephrotic syndrome,biokg,kg,llama3.1:405b,0,8,D,4,0.25,0,0,1,1,,prior,insufficient,2.0,"Without knowledge-graph evidence, it is uncertain whether Drug-1's targeting of CD20 has any relevance to Nephrotic syndrome.",0.375,2.0
1,Nephrotic syndrome,biokg,kg,llama3.1:405b,1,8,H,3,0.3333333333333333,0,1,1,1,,prior,insufficient,2.0,"Drug-1 targets CD20, a gene associated with immune response, which may be tangentially related to Nephrotic syndrome.",0.625,2.125
1,Follicular lymphoma,biokg,kg,llama3.1:405b,0,8,H,8,0.125,0,0,0,1,,prior,insufficient,1.0,"No evidence is provided for Drug-8, making it impossible to assess its mechanistic plausibility.",0.5,2.25
1,Follicular lymphoma,biokg,kg,llama3.1:405b,1,8,H,8,0.125,0,0,0,1,,prior,insufficient,1.0,"No information is available for Drug-8, making it the least plausible candidate.",0.375,1.875
1,Retinal vein occlusion,biokg,kg,llama3.1:405b,0,8,B,8,0.125,0,0,0,1,,prior,insufficient,1.0,"No information is provided for Drug-8, making it impossible to assess its plausibility.",0.875,2.0
1,Retinal vein occlusion,biokg,kg,llama3.1:405b,1,8,H,8,0.125,0,0,0,1,,prior,insufficient,1.0,"No information is provided for Drug-8, making assessment impossible.",0.5,1.875
1,Agitation associated with Alzheimer's dementia,biokg,kg,llama3.1:405b,0,8,A,1,1.0,1,1,1,1,,prior,insufficient,3.0,"Drug-2's modulation of N-Metyl-D-aspartic acid receptor antagonists may have some relevance to Alzheimer's disease, but the connection is indirect and requires further investigation.",0.25,1.875
1,Agitation associated with Alzheimer's dementia,biokg,kg,llama3.1:405b,1,8,B,1,1.0,1,1,1,1,,both,consistent,4.0,"Drug-2 modulates a pathway relevant to neurodegenerative diseases, suggesting potential efficacy for Agitation associated with Alzheimer's dementia.",0.125,1.875
1,High LDL-C with increased CV risk (expanded),biokg,kg,llama3.1:405b,0,8,D,5,0.2,0,0,1,1,,prior,insufficient,1.0,"No information is available for Drug-8, making it impossible to assess its mechanistic plausibility.",0.5,2.0
1,High LDL-C with increased CV risk (expanded),biokg,kg,llama3.1:405b,1,8,D,8,0.125,0,0,0,1,,prior,insufficient,1.0,"No evidence was provided for Drug-8, making it impossible to assess its mechanistic plausibility.",0.625,2.0
1,Indolent systemic mastocytosis,biokg,kg,llama3.1:405b,0,8,H,1,1.0,1,1,1,1,,kg,consistent,4.0,"Drug-8 targets KIT, which is a key gene associated with Indolent systemic mastocytosis.",0.125,2.0
1,Indolent systemic mastocytosis,biokg,kg,llama3.1:405b,1,8,F,1,1.0,1,1,1,1,,kg,consistent,4.0,"Drug-8 targets KIT, a receptor tyrosine kinase involved in mast cell development and function.",0.75,1.875
1,EGPA (expanded),biokg,kg,llama3.1:405b,0,8,E,1,1.0,1,1,1,1,,both,consistent,4.0,"Drug-7 targets IL5RA, a relevant target for eosinophilic disorders such as EGPA.",0.125,1.875
1,EGPA (expanded),biokg,kg,llama3.1:405b,1,8,D,1,1.0,1,1,1,1,,both,consistent,3.0,"Drug-7 targets IL5RA, which is related to the immune response and may be relevant given EGPA's association with DRB4 and IL10.",0.375,1.875
1,COVID-19 (expanded population),biokg,kg,llama3.1:405b,0,8,E,6,0.16666666666666666,0,0,0,1,,prior,insufficient,2.0,"Drug-8 targets various transporters, but the knowledge graph provides no clear link to COVID-19 mechanisms.",0.5,2.625
1,COVID-19 (expanded population),biokg,kg,llama3.1:405b,1,8,G,1,1.0,1,1,1,1,,both,consistent,4.0,"Drug-8 targets multiple proteins involved in immune response and inflammation, relevant to COVID-19 pathophysiology.",0.625,2.375
1,Obstructive sleep apnea with obesity,biokg,kg,llama3.1:405b,0,8,B,5,0.2,0,0,1,1,,prior,insufficient,1.0,"No information is available for Drug-8, making it difficult to assess its plausibility.",0.375,2.125
1,Obstructive sleep apnea with obesity,biokg,kg,llama3.1:405b,1,8,G,4,0.25,0,0,1,1,,prior,insufficient,2.0,"No evidence is provided for Drug-7 targets PGH2, but it may have unknown effects on obesity-related conditions.",0.5,2.0
1,KRAS G12C+ mCRC,biokg,kg,llama3.1:405b,0,8,D,1,1.0,1,1,1,1,,prior,insufficient,2.0,"No evidence was provided, and without additional information, it's difficult to assess its plausibility.",0.625,2.5
1,KRAS G12C+ mCRC,biokg,kg,llama3.1:405b,1,8,F,1,1.0,1,1,1,1,,kg,consistent,4.0,"Drug-8 targets RASK, which is a potential downstream effector of KRAS and may inhibit cancer cell growth.",0.75,2.0
1,Diabetic retinopathy/DME (EMA Mar+May 2026),biokg,kg,llama3.1:405b,0,8,E,1,1.0,1,1,1,1,,prior,insufficient,2.0,"No evidence was provided for Drug-8, making it impossible to assess its mechanistic plausibility.",0.75,2.875
1,Diabetic retinopathy/DME (EMA Mar+May 2026),biokg,kg,llama3.1:405b,1,8,H,8,0.125,0,0,0,1,,prior,insufficient,1.0,"No information is provided for Drug-8, making it impossible to assess its plausibility.",0.0,2.0
1,Chorea associated with Huntington's disease,biokg,kg,llama3.1:405b,0,8,G,7,0.14285714285714285,0,0,0,1,,kg,insufficient,1.0,"The knowledge graph provides limited information on Drug-8, making its mechanistic plausibility uncertain.",0.625,1.875
1,Chorea associated with Huntington's disease,biokg,kg,llama3.1:405b,1,8,D,7,0.14285714285714285,0,0,0,1,,kg,insufficient,1.0,"Drug-8 targets cytochrome P450 enzymes, but lacks any direct evidence or mechanistic plausibility for treating Chorea associated with Huntington's disease.",0.625,1.875
1,Heart failure (broadened),biokg,kg,llama3.1:405b,0,8,D,5,0.2,0,0,1,1,,kg,insufficient,2.0,"Although Drug-8 modulates the Antidiabetics pathway, its relevance to heart failure is unclear without more specific evidence.",0.875,2.625
1,Heart failure (broadened),biokg,kg,llama3.1:405b,1,8,G,5,0.2,0,0,1,1,,kg,consistent,2.0,"Drug-8 targets various CYP enzymes and modulates antidiabetic pathways, which may indirectly affect heart failure.",1.0,2.125
1,Acquired hypofibrinogenemia in cardiovascular surgery,biokg,kg,llama3.1:405b,0,8,B,7,0.14285714285714285,0,0,0,1,,prior,insufficient,1.0,"No information is available for Drug-6, making it impossible to assess its mechanistic plausibility.",0.5,1.875
1,Acquired hypofibrinogenemia in cardiovascular surgery,biokg,kg,llama3.1:405b,1,8,H,8,0.125,0,0,0,1,,prior,insufficient,1.0,"No information is available for Drug-6, making it impossible to assess its plausibility.",0.5,1.625
1,Pediatric atopic dermatitis,biokg,kg,llama3.1:405b,0,8,B,3,0.3333333333333333,0,1,1,1,,kg,conflicting,2.0,"Drug-8 targets JAK1, which could be relevant to inflammation, but its multiple other targets (SO1B1, ABCG2, CP2D6, MDR1, CP3A4) make it difficult to assess its overall effect.",0.25,1.875
1,Pediatric atopic dermatitis,biokg,kg,llama3.1:405b,1,8,F,1,1.0,1,1,1,1,,both,consistent,4.0,"Drug-8 targets JAK1, which is involved in inflammatory responses and may be relevant to atopic dermatitis.",0.625,1.875
1,COVID-19 updated strain,biokg,kg,llama3.1:405b,0,8,G,7,0.14285714285714285,0,0,0,1,,prior,insufficient,1.0,"No evidence was provided for Drug-8, making it difficult to assess its mechanistic plausibility.",0.75,2.25
1,COVID-19 updated strain,biokg,kg,llama3.1:405b,1,8,H,8,0.125,0,0,0,1,,prior,insufficient,1.0,"Lacking any information on Drug-8's mechanisms related to COVID-19, it ranks lowest in plausibility.",0.375,1.875
1,Delay T1D onset in children ≥1yr,biokg,kg,llama3.1:405b,0,8,F,2,0.5,0,1,1,1,,prior,insufficient,2.0,"No information is provided for Drug F, making it difficult to assess its mechanistic plausibility.",0.375,2.375
1,Delay T1D onset in children ≥1yr,biokg,kg,llama3.1:405b,1,8,G,7,0.14285714285714285,0,0,0,1,,prior,insufficient,1.0,"No information is available for Drug-7, making it impossible to assess its potential relevance to T1D.",0.125,1.25
1,Unresectable thymic carcinoma (PMDA),biokg,kg,llama3.1:405b,0,8,E,6,0.16666666666666666,0,0,0,1,,prior,insufficient,2.0,"Drug-2 targets several solute carriers, but without clear connections to cancer pathways or mechanisms directly affecting Unresectable thymic carcinoma.",0.75,2.625
1,Unresectable thymic carcinoma (PMDA),biokg,kg,llama3.1:405b,1,8,A,1,1.0,1,1,1,1,,prior,insufficient,3.0,"Drug-6 targets multiple kinases, including FGFR and RET, which are commonly implicated in various cancers, but there is no direct evidence linking it to thymic carcinoma.",0.125,1.625
1,Retinal vein occlusion,biokg,kg,llama3.1:405b,0,8,B,8,0.125,0,0,0,1,,prior,insufficient,1.0,"No information is provided for Drug-8, and its name does not suggest a clear connection to retinal vein occlusion or related vascular diseases.",0.5,1.5
1,Retinal vein occlusion,biokg,kg,llama3.1:405b,1,8,B,7,0.14285714285714285,0,0,0,1,,prior,insufficient,1.0,"Without any information on Drug-8, it is impossible to evaluate its potential relevance.",0.5,2.0
1,Spinal muscular atrophy (pediatric expansion),biokg,kg,llama3.1:405b,0,8,H,8,0.125,0,0,0,1,,prior,insufficient,1.0,"No evidence was provided for Drug-8, making it impossible to assess its mechanistic plausibility for SMA treatment.",0.75,1.875
1,Spinal muscular atrophy (pediatric expansion),biokg,kg,llama3.1:405b,1,8,E,8,0.125,0,0,0,1,,prior,insufficient,1.0,"Without any provided evidence or clear pharmacological rationale linking Drug-8 to Spinal muscular atrophy, its potential is uncertain and ranked lowest.",0.5,2.25
1,Chronic thromboembolic pulmonary hypertension,biokg,kg,llama3.1:405b,0,8,E,1,1.0,1,1,1,1,,prior,insufficient,2.0,"No evidence was provided for Drug-E, making it difficult to assess its mechanistic plausibility.",0.75,3.5
1,Chronic thromboembolic pulmonary hypertension,biokg,kg,llama3.1:405b,1,8,C,1,1.0,1,1,1,1,,both,consistent,4.0,"Drug-7 modulates antithrombosis agents and targets FA10, which is relevant to treating thromboembolic diseases.",0.5,1.875
1,Polycythaemia vera and essential thrombocytopenia,biokg,kg,llama3.1:405b,0,8,C,6,0.16666666666666666,0,0,0,1,,prior,insufficient,2.0,"Drug-1 targets INAR2, INAR1, and CP1A2, but the relation to Polycythaemia vera and essential thrombocytopenia is unclear.",0.25,2.25
1,Polycythaemia vera and essential thrombocytopenia,biokg,kg,llama3.1:405b,1,8,F,3,0.3333333333333333,0,1,1,1,,prior,insufficient,2.0,"While INAR2 and INAR1 targets are not directly linked to Polycythaemia vera and essential thrombocytopenia, they may have some anti-inflammatory effects that could be beneficial.",0.5,1.875
1,Generalized myasthenia gravis,biokg,kg,llama3.1:405b,0,8,F,6,0.16666666666666666,0,0,0,1,,prior,insufficient,1.0,"CD19 inhibitors like Drug-8 are typically used for B-cell-related conditions, not autoimmune diseases like generalized myasthenia gravis.",0.125,2.0
1,Generalized myasthenia gravis,biokg,kg,llama3.1:405b,1,8,A,3,0.3333333333333333,0,1,1,1,,prior,insufficient,2.0,"Drug-8 targets CD19, which is involved in B-cell development and might be related to autoimmune diseases, but the connection is weak.",0.25,1.875
1,Invasive fungal infections pediatric ≥2yr,biokg,kg,llama3.1:405b,0,8,C,1,1.0,1,1,1,1,,both,consistent,4.0,"Drug-5 modulates the 'Antifungal agents' pathway and targets MDR1, directly implicating it in antifungal activity.",0.125,2.375
1,Invasive fungal infections pediatric ≥2yr,biokg,kg,llama3.1:405b,1,8,G,1,1.0,1,1,1,1,,both,consistent,5.0,"Drug-5 targets MDR1 and CP3A4, which are relevant to antifungal resistance and metabolism, making it a plausible candidate.",0.75,2.125
1,PKU expanded to ≥12yr,biokg,kg,llama3.1:405b,0,8,B,1,1.0,1,1,1,1,,prior,insufficient,2.0,"No evidence was provided for Drug-8, making it uncertain and ranking it based on lack of negative evidence.",0.75,2.5
1,PKU expanded to ≥12yr,biokg,kg,llama3.1:405b,1,8,F,6,0.16666666666666666,0,0,0,1,,prior,insufficient,1.0,"No information is provided for Drug-8, making it impossible to assess its mechanistic plausibility.",0.0,1.125
1,IDH1-mutated relapsed/refractory MDS,biokg,kg,llama3.1:405b,0,8,F,1,1.0,1,1,1,1,,both,consistent,4.0,"Drug-8 targets IDHC, which is closely related to the mutated IDH1 gene in the target disease.",0.25,2.375
1,IDH1-mutated relapsed/refractory MDS,biokg,kg,llama3.1:405b,1,8,C,2,0.5,0,1,1,1,,kg,consistent,3.0,"Drug-8's targeting of IDHC and multiple CYP enzymes (e.g., CP2B6, CP2C9) suggests potential relevance to the disease.",0.5,2.0
1,Retinopathy of prematurity,biokg,kg,llama3.1:405b,0,8,F,1,1.0,1,1,1,1,,kg,consistent,4.0,"Drug-6 targets VEGFA, a key player in angiogenesis, which is relevant to Retinopathy of prematurity.",0.375,2.0
1,Retinopathy of prematurity,biokg,kg,llama3.1:405b,1,8,F,1,1.0,1,1,1,1,,both,consistent,5.0,"Drug-6 targets VEGFA, a key player in angiogenesis and vascular permeability, which is consistent with its potential role in treating Retinopathy of prematurity.",0.625,2.25
1,Agitation associated with Alzheimer's dementia,biokg,kg,llama3.1:405b,0,8,H,1,1.0,1,1,1,1,,prior,insufficient,3.0,"Drug-5 is ranked highest based on its targeting of receptors such as DRD2 and serotonin receptors (5HT2A, 5HT1A), which are commonly implicated in psychiatric symptoms including agitation.",0.0,1.5
1,Agitation associated with Alzheimer's dementia,biokg,kg,llama3.1:405b,1,8,C,2,0.5,0,1,1,1,,both,consistent,4.0,"Drug-5 targets serotonin receptors (5HT2A, 5HT1A), which are relevant to mood regulation and potentially agitation in Alzheimer's dementia.",0.125,2.25
1,LDL-C elevation in statin-intolerant dyslipidemia,biokg,kg,llama3.1:405b,0,8,H,8,0.125,0,0,0,1,,prior,insufficient,1.0,"There is no information provided for Drug-8, making it impossible to assess its mechanistic plausibility.",0.25,1.5
1,LDL-C elevation in statin-intolerant dyslipidemia,biokg,kg,llama3.1:405b,1,8,F,2,0.5,0,1,1,1,,prior,insufficient,1.0,"No information is provided for Drug-8, making it difficult to assess its mechanistic plausibility.",0.75,3.0
1,First-line anemia in lower-risk MDS,biokg,kg,llama3.1:405b,0,8,A,3,0.3333333333333333,0,1,1,1,,prior,insufficient,1.0,"Without specific evidence from the knowledge graph, Drug-7's relevance cannot be directly assessed; thus, it is ranked lower due to lack of information.",0.875,2.0
1,First-line anemia in lower-risk MDS,biokg,kg,llama3.1:405b,1,8,E,5,0.2,0,0,1,1,,prior,insufficient,1.0,"No information is provided for Drug-7, making it impossible to assess its plausibility based on the knowledge graph or pharmacological knowledge.",0.75,1.5
1,Atopic dermatitis,biokg,kg,llama3.1:405b,0,8,C,2,0.5,0,1,1,1,,kg,insufficient,2.0,"Drug-7 targets JAK1 and JAK3, which are involved in inflammation, but the link to atopic dermatitis is unclear.",0.75,1.75
1,Atopic dermatitis,biokg,kg,llama3.1:405b,1,8,A,1,1.0,1,1,1,1,,both,consistent,4.0,"Drug-7 targets JAK1 and JAK3, which are involved in immune responses relevant to atopic dermatitis.",0.125,1.875
1,Acute HCV pediatric,biokg,kg,llama3.1:405b,0,8,B,1,1.0,1,1,1,1,,prior,insufficient,2.0,"Drug-8 has some targets that could be relevant to HCV, such as ABCG2 and MDR1, but the knowledge graph does not provide direct evidence for its effectiveness against Acute HCV pediatric.",0.25,1.5
1,Acute HCV pediatric,biokg,kg,llama3.1:405b,1,8,E,1,1.0,1,1,1,1,,both,consistent,4.0,"Drug-8 targets multiple proteins, including ABCG2 and MDR1, which are associated with Hepatitis C pathway.",0.375,2.125
1,HoFH in children,biokg,kg,llama3.1:405b,0,8,F,6,0.16666666666666666,0,0,0,1,,prior,insufficient,1.0,"No information provided, making assessment impossible.",0.125,1.75
1,HoFH in children,biokg,kg,llama3.1:405b,1,8,F,6,0.16666666666666666,0,0,0,1,,prior,insufficient,1.0,"No information is provided for Drug-8, making it impossible to assess its potential relevance.",0.125,2.0
1,dMMR/MSI-H primary advanced endometrial cancer (+chemo),biokg,kg,llama3.1:405b,0,8,C,7,0.14285714285714285,0,0,0,1,,prior,insufficient,1.0,"No evidence was provided for Drug-8, and its mechanism of action is unknown.",0.625,2.125
1,dMMR/MSI-H primary advanced endometrial cancer (+chemo),biokg,kg,llama3.1:405b,1,8,E,8,0.125,0,0,0,1,,prior,insufficient,1.0,"Without knowledge graph evidence, Drug-8's potential efficacy in treating this condition is unclear.",0.625,2.25
1,Cerebral folate transport deficiency,biokg,kg,llama3.1:405b,0,8,C,3,0.3333333333333333,0,1,1,1,,kg,conflicting,2.0,"Drug-1's modulation of antibiotic action pathways seems unrelated to cerebral folate transport deficiency, raising doubts about its plausibility.",0.25,1.875
1,Cerebral folate transport deficiency,biokg,kg,llama3.1:405b,1,8,A,1,1.0,1,1,1,1,,prior,insufficient,2.0,"Despite the lack of direct associations, Drug-1's broad impact on multiple pathways might indirectly affect disease-related mechanisms.",0.125,1.375
1,Reduce MACE in CVD + obesity/overweight,biokg,kg,llama3.1:405b,0,8,G,8,0.125,0,0,0,1,,prior,insufficient,1.0,"Similar to Drug-F, the lack of information precludes any meaningful assessment.",0.125,1.875
1,Reduce MACE in CVD + obesity/overweight,biokg,kg,llama3.1:405b,1,8,G,5,0.2,0,0,1,1,,prior,insufficient,1.0,"No information is provided for Drug-8, so it cannot be assessed.",0.75,2.25
1,Palmoplantar pustulosis (PMDA),biokg,kg,llama3.1:405b,0,8,A,1,1.0,1,1,1,1,,both,consistent,4.0,"Drug-7 targets IL23A, a cytokine involved in inflammatory and autoimmune diseases, making it a plausible candidate for treating PMDA.",0.625,2.0
1,Palmoplantar pustulosis (PMDA),biokg,kg,llama3.1:405b,1,8,A,1,1.0,1,1,1,1,,both,consistent,4.0,"Drug-7 targets IL23A, which is a relevant target for treating autoimmune diseases such as PMDA.",0.5,2.125
1,Measles prophylaxis post-exposure,biokg,kg,llama3.1:405b,0,8,B,3,0.3333333333333333,0,1,1,1,,prior,insufficient,2.0,"Drug-1's targets are not directly related to antiviral mechanisms, but its immunomodulatory effects might be beneficial in a secondary role.",0.5,2.0
1,Measles prophylaxis post-exposure,biokg,kg,llama3.1:405b,1,8,D,3,0.3333333333333333,0,1,1,1,,prior,insufficient,2.0,"Drug-1 targets several proteins, but their connection to measles prophylaxis post-exposure is unclear.",0.25,2.125
1,CKD in T2D,biokg,kg,llama3.1:405b,0,8,E,1,1.0,1,1,1,1,,both,consistent,4.0,"Drug-8 targets GLP1R, which is involved in glucose metabolism and has been implicated in treating T2D.",0.875,2.25
1,CKD in T2D,biokg,kg,llama3.1:405b,1,8,A,3,0.3333333333333333,0,1,1,1,,kg,consistent,3.0,"Drug-8 targets proteins like DPP4, which is involved in glucose regulation.",0.625,2.125
1,HER2-mutant NSCLC (PMDA),biokg,kg,llama3.1:405b,0,8,B,1,1.0,1,1,1,1,,kg,consistent,4.0,"Drug-8 targets several proteins, including TOP1, which is involved in DNA replication and repair, a relevant pathway for cancer treatment.",1.0,2.25
1,HER2-mutant NSCLC (PMDA),biokg,kg,llama3.1:405b,1,8,A,1,1.0,1,1,1,1,,prior,insufficient,3.0,"Although Drug-8's targets are not directly associated with HER2-mutant NSCLC in the knowledge graph, its diverse target profile may offer indirect benefits.",0.75,1.875
1,Heterozygous familial hypercholesterolemia,biokg,kg,llama3.1:405b,0,8,G,1,1.0,1,1,1,1,,both,consistent,5.0,"Drug-7 targets PCSK9, a protein involved in cholesterol regulation and associated with familial hypercholesterolemia, making it a highly plausible candidate.",0.25,2.125
1,Heterozygous familial hypercholesterolemia,biokg,kg,llama3.1:405b,1,8,E,1,1.0,1,1,1,1,,kg,consistent,5.0,"Drug-7 targets PCSK9, a well-known target for hypercholesterolemia treatment.",0.5,2.0
1,Crohn's disease,biokg,kg,llama3.1:405b,0,8,C,1,1.0,1,1,1,1,,kg,consistent,4.0,"Drug-7 targets IL23A, which is associated with the JAK-STAT signaling pathway, a known pathway involved in Crohn's disease.",0.25,1.875
1,Crohn's disease,biokg,kg,llama3.1:405b,1,8,B,1,1.0,1,1,1,1,,both,consistent,5.0,"Drug-7 targets IL23A, directly implicating it in the pathogenesis of Crohn's disease through involvement in inflammatory processes.",0.25,2.125
1,COVID-19 in severe renal impairment/dialysis,biokg,kg,llama3.1:405b,0,8,B,1,1.0,1,1,1,1,,both,consistent,4.0,"Drug-8 targets multiple proteins involved in drug metabolism and transport, which could be beneficial for patients with severe renal impairment/dialysis by reducing the accumulation of toxic metabolites.",0.5,2.125
1,COVID-19 in severe renal impairment/dialysis,biokg,kg,llama3.1:405b,1,8,D,7,0.14285714285714285,0,0,0,1,,kg,consistent,1.0,"Drug-8 targets various transporters, but its relevance to COVID-19 in severe renal impairment/dialysis is unclear and the evidence is weak.",0.625,2.25
1,MASH with fibrosis,biokg,kg,llama3.1:405b,0,8,C,3,0.3333333333333333,0,1,1,1,,both,consistent,3.0,"Drug-8 targets multiple proteins involved in glucose and lipid metabolism, which may be relevant to MASH with fibrosis.",0.875,2.625
1,MASH with fibrosis,biokg,kg,llama3.1:405b,1,8,F,7,0.14285714285714285,0,0,0,1,,prior,insufficient,1.0,"Drug-4's modulation of the Paromomycin Action Pathway lacks clear connections to MASH or fibrosis, making its relevance uncertain.",0.375,2.0
1,mHSPC + ADT,biokg,kg,llama3.1:405b,0,8,H,2,0.5,0,1,1,1,,kg,consistent,3.0,"Drug-8 targets androgen receptor (ANDR), which is associated with mHSPC + ADT.",0.5,1.875
1,mHSPC + ADT,biokg,kg,llama3.1:405b,1,8,F,2,0.5,0,1,1,1,,both,consistent,3.0,"Drug-8 targets proteins related to hormone regulation, such as ANDR and PRGR, which is relevant to mHSPC + ADT.",0.625,2.125
1,Chronic kidney disease,biokg,kg,llama3.1:405b,0,8,G,2,0.5,0,1,1,1,,both,consistent,3.0,"Drug-8's targeting of SC5A2, a protein involved in kidney function, and UD18, which is related to kidney disease, makes it a plausible candidate.",0.5,2.0
1,Chronic kidney disease,biokg,kg,llama3.1:405b,1,8,H,2,0.5,0,1,1,1,,kg,consistent,4.0,"Drug-8 targets genes involved in solute transport, which is relevant to chronic kidney disease.",0.5,2.375
1,Allergic fungal rhinosinusitis (AFRS) ≥6yr,biokg,kg,llama3.1:405b,0,8,E,1,1.0,1,1,1,1,,both,consistent,4.0,"Drug-8 targets IL4RA, which is involved in the allergic response and could be relevant for treating AFRS.",0.625,1.875
1,Allergic fungal rhinosinusitis (AFRS) ≥6yr,biokg,kg,llama3.1:405b,1,8,D,1,1.0,1,1,1,1,,kg,consistent,4.0,"Drug-8 targets IL4RA, which is involved in the allergic response and has a plausible mechanistic link to AFRS.",0.875,1.875
1,Acquired hypothalamic obesity,biokg,kg,llama3.1:405b,0,8,C,8,0.125,0,0,0,1,,prior,insufficient,1.0,Drug-8 has no provided evidence and lacks clear mechanisms related to hypothalamic obesity based on general pharmacological knowledge.,0.375,2.0
1,Acquired hypothalamic obesity,biokg,kg,llama3.1:405b,1,8,H,8,0.125,0,0,0,1,,prior,insufficient,1.0,"Similarly, no information is provided for Drug-8, rendering an assessment of its potential impact on acquired hypothalamic obesity unfeasible.",0.75,2.5
1,Pediatric glioma (EMA),biokg,kg,llama3.1:405b,0,8,B,3,0.3333333333333333,0,1,1,1,,kg,consistent,2.0,"Targets proteins like BRAF and RAF1, which are involved in cell signaling pathways that could affect tumor growth, making it somewhat plausible for glioma treatment.",0.875,1.75
1,Pediatric glioma (EMA),biokg,kg,llama3.1:405b,1,8,G,2,0.5,0,1,1,1,,both,consistent,4.0,"Drug-6 targets key kinases (BRAF, RAF1) involved in cell signaling pathways that can affect glioma proliferation and survival.",1.0,2.375
1,IV formulation for rheumatic diseases (EMA),biokg,kg,llama3.1:405b,0,8,C,1,1.0,1,1,1,1,,both,consistent,5.0,Drug-6 has a direct link to rheumatic diseases through its modulation of the 'Antirheumatics - DMARDs and biological agents' pathway and IL17 target.,0.25,2.25
1,IV formulation for rheumatic diseases (EMA),biokg,kg,llama3.1:405b,1,8,E,1,1.0,1,1,1,1,,kg,consistent,5.0,"Directly modulates the Antirheumatics - DMARDs and biological agents pathway, a strong indicator of relevance to rheumatic diseases.",0.625,2.25
1,Oral tablet formulation for weight management,biokg,kg,llama3.1:405b,0,8,B,1,1.0,1,1,1,1,,both,consistent,4.0,"Drug-8 targets GLP1R, which is involved in the regulation of lipolysis and glucose metabolism, making it a plausible candidate for weight management.",0.625,2.125
1,Oral tablet formulation for weight management,biokg,kg,llama3.1:405b,1,8,E,1,1.0,1,1,1,1,,both,consistent,4.0,"Drug-8 targets GLP1R, which is involved in the regulation of appetite and glucose metabolism, making it a plausible candidate for weight management.",0.25,2.0
1,dMMR recurrent/advanced endometrial cancer,biokg,kg,llama3.1:405b,0,8,C,7,0.14285714285714285,0,0,0,1,,prior,insufficient,1.0,"No evidence was provided for Drug-8, and its mechanism of action is unknown.",0.625,2.375
1,dMMR recurrent/advanced endometrial cancer,biokg,kg,llama3.1:405b,1,8,F,8,0.125,0,0,0,1,,prior,insufficient,1.0,"No evidence is provided for Drug-8, and its potential mechanisms are unknown.",0.5,1.875
1,Primary humoral immunodeficiency pediatric 2-11yr,biokg,kg,llama3.1:405b,0,8,B,1,1.0,1,1,1,1,,both,consistent,4.0,"Drug-1 targets FCGRB, FCG2C, and other immune-related genes, which is consistent with a potential therapeutic effect on primary humoral immunodeficiency.",1.0,2.5
1,Primary humoral immunodeficiency pediatric 2-11yr,biokg,kg,llama3.1:405b,1,8,B,1,1.0,1,1,1,1,,kg,consistent,4.0,"Drug-1 targets multiple FCGR and CO components, which are crucial for immune response, making it a plausible candidate despite no direct link to the disease.",0.5,1.875
1,Neoadj+adj HNSCC,biokg,kg,llama3.1:405b,0,8,B,1,1.0,1,1,1,1,,kg,consistent,3.0,"Drug-7 targets PDCD1, which is involved in immune checkpoint regulation, and has potential relevance to HNSCC treatment.",0.75,1.875
1,Neoadj+adj HNSCC,biokg,kg,llama3.1:405b,1,8,D,1,1.0,1,1,1,1,,prior,insufficient,2.0,"Drug-7 targets PDCD1, which is involved in immune response, but its direct connection to Neoadj+adj HNSCC is unclear.",0.75,3.375
1,Juvenile idiopathic arthritis (EMA Feb 2026),biokg,kg,llama3.1:405b,0,8,A,1,1.0,1,1,1,1,,both,consistent,4.0,"Drug-7 targets multiple relevant proteins, including JAK1 and JAK3, which are involved in inflammatory pathways associated with juvenile idiopathic arthritis.",0.5,2.0
1,Juvenile idiopathic arthritis (EMA Feb 2026),biokg,kg,llama3.1:405b,1,8,F,1,1.0,1,1,1,1,,both,consistent,4.0,"Drug-7 targets JAK3, which is a known mediator of inflammation and immune response in juvenile idiopathic arthritis.",0.75,1.875
1,"ALK+ solid tumors (tissue-agnostic, world-first)",biokg,kg,llama3.1:405b,0,8,C,1,1.0,1,1,1,1,,kg,consistent,5.0,"Drug-8 targets ALK, making it a highly plausible candidate for treating ALK+ solid tumors.",0.375,2.125
1,"ALK+ solid tumors (tissue-agnostic, world-first)",biokg,kg,llama3.1:405b,1,8,A,1,1.0,1,1,1,1,,both,consistent,5.0,"Drug-8 targets ALK, making it a strong candidate for treating ALK+ solid tumors.",0.75,2.75
1,Ulcerative colitis,biokg,kg,llama3.1:405b,0,8,H,1,1.0,1,1,1,1,,both,consistent,5.0,"Directly targets IL23A and IL12B, key components in the IBD pathway.",0.375,2.25
1,Ulcerative colitis,biokg,kg,llama3.1:405b,1,8,D,1,1.0,1,1,1,1,,kg,consistent,4.0,"Drug-8 targets IL23A and IL12B, which are relevant to the JAK-STAT signaling pathway associated with ulcerative colitis.",0.25,2.0
1,Advanced RCC after PD-1/PD-L1 + VEGF-TKI,biokg,kg,llama3.1:405b,0,8,C,1,1.0,1,1,1,1,,kg,consistent,4.0,"Drug-8 targets EPAS1, which is involved in the HIF pathway and could be a promising target for RCC.",0.75,2.375
1,Advanced RCC after PD-1/PD-L1 + VEGF-TKI,biokg,kg,llama3.1:405b,1,8,D,8,0.125,0,0,0,1,,prior,insufficient,1.0,"No information from the knowledge graph directly links Drug-D to relevant mechanisms in RCC, and prior knowledge does not provide a clear connection.",0.375,2.625
1,Ulcerative colitis,biokg,kg,llama3.1:405b,0,8,E,1,1.0,1,1,1,1,,both,consistent,5.0,"Drug-7 targets IL23A, which is a key cytokine involved in the pathogenesis of ulcerative colitis.",0.375,2.75
1,Ulcerative colitis,biokg,kg,llama3.1:405b,1,8,H,1,1.0,1,1,1,1,,kg,consistent,5.0,"Drug-7 targets IL23A, which is involved in the inflammatory response and has been implicated in ulcerative colitis.",0.375,2.75
1,BRAF V600E metastatic NSCLC,biokg,kg,llama3.1:405b,0,8,A,1,1.0,1,1,1,1,,both,consistent,5.0,"Drug-8 targets BRAF, a key gene associated with the disease, and has multiple other relevant targets.",0.25,2.375
1,BRAF V600E metastatic NSCLC,biokg,kg,llama3.1:405b,1,8,D,1,1.0,1,1,1,1,,both,consistent,5.0,"Drug-8 targets BRAF, a gene directly associated with the target disease.",0.625,1.875
1,Crohn's disease,biokg,kg,llama3.1:405b,0,8,A,1,1.0,1,1,1,1,,both,consistent,4.0,"Drug-8 targets JAK1, which is involved in the JAK-STAT signaling pathway associated with Crohn's disease.",0.75,1.875
1,Crohn's disease,biokg,kg,llama3.1:405b,1,8,G,1,1.0,1,1,1,1,,both,consistent,4.0,"Drug-8 targets JAK1, which is involved in the JAK-STAT signaling pathway associated with Crohn's disease.",0.25,2.0
1,dMMR/MSI-H primary advanced endometrial cancer,biokg,kg,llama3.1:405b,0,8,C,8,0.125,0,0,0,1,,prior,insufficient,1.0,"Without any provided evidence or clear connections to cancer biology, Drug-8's applicability cannot be assessed.",0.375,1.75
1,dMMR/MSI-H primary advanced endometrial cancer,biokg,kg,llama3.1:405b,1,8,F,6,0.16666666666666666,0,0,0,1,,prior,insufficient,1.0,"No information is provided for Drug-8, making it impossible to assess its relevance.",0.5,2.375
1,IgG4-related disease,biokg,kg,llama3.1:405b,0,8,B,1,1.0,1,1,1,1,,both,consistent,4.0,"Drug-7 targets CD19, a protein involved in B-cell activation and proliferation, which is relevant to IgG4-related disease.",0.5,2.125
1,IgG4-related disease,biokg,kg,llama3.1:405b,1,8,H,8,0.125,0,0,0,1,,prior,insufficient,1.0,"Drug-7 targets CD19, which is unlikely to be directly related to IgG4-related disease based on prior knowledge.",0.875,2.125
1,Ph+ CML-CP frontline (EMA Feb 2026),biokg,kg,llama3.1:405b,0,8,D,8,0.125,0,0,0,1,,prior,insufficient,1.0,"No evidence is provided for Drug-8, making it impossible to assess its plausibility for treating Ph+ CML-CP frontline.",0.75,1.875
1,Ph+ CML-CP frontline (EMA Feb 2026),biokg,kg,llama3.1:405b,1,8,C,7,0.14285714285714285,0,0,0,1,,prior,insufficient,1.0,"No evidence is provided for Drug-8, making it impossible to assess its mechanistic plausibility.",0.625,2.0
1,EGPA,biokg,kg,llama3.1:405b,0,8,A,1,1.0,1,1,1,1,,kg,consistent,4.0,"Drug-1 targets FCERB and FCERA, which are relevant to allergic reactions and may be related to EGPA.",0.5,2.0
1,EGPA,biokg,kg,llama3.1:405b,1,8,B,1,1.0,1,1,1,1,,both,consistent,4.0,"Drug-1 targets FCERB and FCERA, which are involved in immune response and potentially relevant to EGPA pathophysiology.",0.125,2.0
1,Biliary tract cancer,biokg,kg,llama3.1:405b,0,8,F,3,0.3333333333333333,0,1,1,1,,prior,insufficient,2.0,"Drug-8 targets PDCD1, an immune checkpoint protein, which might be relevant to cancer treatment, but the connection is unclear.",0.75,2.0
1,Biliary tract cancer,biokg,kg,llama3.1:405b,1,8,C,8,0.125,0,0,0,1,,prior,insufficient,1.0,"PDCD1 is a checkpoint protein, but its relation to biliary tract cancer is unclear.",0.5,1.875
1,COPD,biokg,kg,llama3.1:405b,0,8,C,1,1.0,1,1,1,1,,kg,consistent,4.0,"Drug-8 targets IL4RA, which is involved in inflammatory processes relevant to COPD.",0.375,2.25
1,COPD,biokg,kg,llama3.1:405b,1,8,E,2,0.5,0,1,1,1,,kg,consistent,4.0,"Drug-8 targets IL4RA, which is involved in the regulation of inflammation and may be relevant to COPD treatment.",0.375,2.375
1,Primary mediastinal large B-cell lymphoma,biokg,kg,llama3.1:405b,0,8,G,1,1.0,1,1,1,1,,kg,consistent,4.0,"Drug-7 targets PDCD1, which is directly implicated in immune checkpoint regulation relevant to PMBCL treatment.",1.0,2.125
1,Primary mediastinal large B-cell lymphoma,biokg,kg,llama3.1:405b,1,8,F,1,1.0,1,1,1,1,,kg,consistent,4.0,"Drug-7 targets PDCD1, an immune checkpoint that plays a crucial role in cancer treatment and has been specifically implicated in therapies for lymphomas.",1.0,2.0
1,CRSwNP (eosinophilic chronic rhinosinusitis with nasal polyps),biokg,kg,llama3.1:405b,0,8,F,7,0.14285714285714285,0,0,0,1,,prior,insufficient,1.0,"No information was provided for Drug-8, making it impossible to assess its potential.",0.375,1.875
1,CRSwNP (eosinophilic chronic rhinosinusitis with nasal polyps),biokg,kg,llama3.1:405b,1,8,E,7,0.14285714285714285,0,0,0,1,,prior,insufficient,1.0,"No information is provided for Drug-8, making assessment impossible.",0.75,1.875
1,RAS wild-type HER2+ metastatic colorectal cancer,biokg,kg,llama3.1:405b,0,8,B,1,1.0,1,1,1,1,,both,consistent,5.0,"Drug-7 targets ERBB2 and other relevant proteins (S47A2, ERBB3, ABCG2), aligning with known HER2+ cancer biology.",0.625,2.125
1,RAS wild-type HER2+ metastatic colorectal cancer,biokg,kg,llama3.1:405b,1,8,F,1,1.0,1,1,1,1,,both,consistent,5.0,"Drug-7 targets ERBB2 (HER2) and ERBB3, making it a strong candidate for treating HER2+ colorectal cancer.",0.5,2.0
1,Schnitzler syndrome (Japan),biokg,kg,llama3.1:405b,0,8,G,1,1.0,1,1,1,1,,both,consistent,4.0,"Drug-8 targets IL1B, which is closely related to IL1RA and a promising target for Schnitzler syndrome.",0.125,1.875
1,Schnitzler syndrome (Japan),biokg,kg,llama3.1:405b,1,8,D,1,1.0,1,1,1,1,,both,consistent,5.0,"Drug-8 targets IL1B, a key cytokine in the interleukin-1 pathway closely related to IL1RA, making it a highly plausible candidate.",0.125,2.375
1,HR+/HER2- breast cancer,biokg,kg,llama3.1:405b,0,8,E,1,1.0,1,1,1,1,,prior,insufficient,3.0,"Drug-8 targets several proteins, including TOP1, which is involved in DNA replication and repair, a process relevant to cancer cell proliferation.",0.75,2.625
1,HR+/HER2- breast cancer,biokg,kg,llama3.1:405b,1,8,B,2,0.5,0,1,1,1,,kg,consistent,4.0,"Drug-8 targets TOP1, which is involved in DNA replication and repair, making it a plausible candidate for cancer treatment.",0.875,2.5
1,Psoriasis in children 6-11 (cream),biokg,kg,llama3.1:405b,0,8,B,1,1.0,1,1,1,1,,kg,consistent,4.0,"Drug-5 targets PDE4, which is a known target for psoriasis treatment.",0.375,1.875
1,Psoriasis in children 6-11 (cream),biokg,kg,llama3.1:405b,1,8,C,1,1.0,1,1,1,1,,both,consistent,4.0,"Drug-5 targets PDE4 enzymes, which are involved in the regulation of inflammatory responses and have been implicated in psoriasis.",0.25,1.75
1,Resectable gastric/GEJ adenocarcinoma (neoadj+adj +FLOT),biokg,kg,llama3.1:405b,0,8,B,1,1.0,1,1,1,1,,both,consistent,4.0,"Drug-6 targets PD1L1 and CD80, which are involved in immune checkpoint regulation and may enhance anti-tumor immune responses.",0.5,2.0
1,Resectable gastric/GEJ adenocarcinoma (neoadj+adj +FLOT),biokg,kg,llama3.1:405b,1,8,E,1,1.0,1,1,1,1,,both,consistent,4.0,"Drug-6 targets PD1L1 and CD80, which are relevant to cancer immunotherapy and may be effective in treating gastric/GEJ adenocarcinoma.",0.625,2.0
1,COPD (EMA 2025),biokg,kg,llama3.1:405b,0,8,G,1,1.0,1,1,1,1,,both,consistent,4.0,"Drug-7 targets IL4RA, which is involved in inflammatory responses and has a plausible link to COPD.",0.75,2.125
1,COPD (EMA 2025),biokg,kg,llama3.1:405b,1,8,A,5,0.2,0,0,1,1,,prior,insufficient,2.0,"IL4RA is a target for Drug-7, which might have some role in inflammation, but its direct relevance to COPD mechanisms is unclear.",0.5,2.5
1,Ph+ CML-CP after 2+ TKIs,biokg,kg,llama3.1:405b,0,8,C,8,0.125,0,0,0,1,,prior,insufficient,1.0,"No evidence was provided for Drug-8, making it difficult to assess its mechanistic plausibility.",0.875,2.375
1,Ph+ CML-CP after 2+ TKIs,biokg,kg,llama3.1:405b,1,8,H,8,0.125,0,0,0,1,,prior,insufficient,1.0,"No information was provided about Drug-8, making it impossible to assess its potential based on the given criteria.",0.5,2.5
1,IgE-mediated food allergy,biokg,kg,llama3.1:405b,0,8,C,1,1.0,1,1,1,1,,both,consistent,4.0,"Drug-1 targets FCERB and FCERA, which are relevant to IgE-mediated responses.",0.625,2.125
1,IgE-mediated food allergy,biokg,kg,llama3.1:405b,1,8,C,1,1.0,1,1,1,1,,both,consistent,4.0,"Drug-1 targets FCERB and FCERA, which are involved in IgE-mediated responses, making it a plausible candidate.",0.25,2.125
1,BRAF+ thyroid cancer,biokg,kg,llama3.1:405b,0,8,B,1,1.0,1,1,1,1,,kg,consistent,4.0,"Drug-8 targets multiple kinases, including M3K1 and MP2K2, which are involved in the MAPK pathway, a key signaling pathway in BRAF+ thyroid cancer.",0.625,2.125
1,BRAF+ thyroid cancer,biokg,kg,llama3.1:405b,1,8,G,8,0.125,0,0,0,1,,kg,conflicting,1.0,"Drug-8 targets several kinases and cytokines, but their direct relevance to BRAF+ thyroid cancer pathways is not established in the provided evidence.",0.75,1.375
1,Primary immunodeficiency pediatric (EMA),biokg,kg,llama3.1:405b,0,8,H,2,0.5,0,1,1,1,,kg,consistent,3.0,"Drug-1 targets several Fc gamma receptors and complement components, suggesting a possible role in modulating immune responses relevant to primary immunodeficiency pediatric.",0.375,1.875
1,Primary immunodeficiency pediatric (EMA),biokg,kg,llama3.1:405b,1,8,H,2,0.5,0,1,1,1,,prior,insufficient,2.0,"Without specific knowledge-graph evidence, Drug-1's targets suggest a potential immunomodulatory effect, but confidence is low due to lack of direct evidence.",0.75,2.5
1,Biliary tract cancer 1L,biokg,kg,llama3.1:405b,0,8,C,1,1.0,1,1,1,1,,both,consistent,4.0,"Drug-8 targets PD1L1 and CD80, which are involved in immune checkpoint regulation, a relevant pathway for cancer treatment.",0.5,2.375
1,Biliary tract cancer 1L,biokg,kg,llama3.1:405b,1,8,A,1,1.0,1,1,1,1,,prior,insufficient,3.0,"Drug-8 targets PD1L1 and CD80, which are involved in immune checkpoint regulation, a relevant mechanism for cancer treatment.",0.5,3.125
1,Polymyalgia rheumatica,biokg,kg,llama3.1:405b,0,8,C,2,0.5,0,1,1,1,,both,consistent,4.0,"Drug-8's targeting of IL6RA is promising since IL-6 plays a significant role in inflammation, which aligns with potential polymyalgia rheumatica treatment strategies.",0.375,2.875
1,Polymyalgia rheumatica,biokg,kg,llama3.1:405b,1,8,F,1,1.0,1,1,1,1,,both,consistent,4.0,"Drug-8 targets IL6RA, which is a relevant target for Polymyalgia rheumatica, and its profile suggests anti-inflammatory effects.",0.625,2.375
1,Chronic lymphocytic leukemia,biokg,kg,llama3.1:405b,0,8,A,1,1.0,1,1,1,1,,prior,insufficient,3.0,"Drug-8 targets multiple kinases, some of which may be involved in signaling pathways relevant to Chronic lymphocytic leukemia.",0.0,1.5
1,Chronic lymphocytic leukemia,biokg,kg,llama3.1:405b,1,8,A,1,1.0,1,1,1,1,,both,consistent,4.0,"Drug-8 targets multiple kinases, including those involved in B-cell signaling pathways relevant to CLL.",0.375,1.875
1,"Crohn's disease (moderate-severe, refractory)",biokg,kg,llama3.1:405b,0,8,B,1,1.0,1,1,1,1,,both,consistent,5.0,"Drug-6 targets IL23A, which is involved in the inflammatory bowel disease (IBD) pathway associated with Crohn's disease.",0.75,2.0
1,"Crohn's disease (moderate-severe, refractory)",biokg,kg,llama3.1:405b,1,8,H,1,1.0,1,1,1,1,,kg,consistent,4.0,"Drug-6 targets IL23A, a cytokine involved in the inflammatory response, which is consistent with Crohn's disease pathology.",0.125,1.75
1,HER2-mutant NSCLC (EMA),biokg,kg,llama3.1:405b,0,8,C,6,0.16666666666666666,0,0,0,1,,kg,conflicting,1.0,"Although Drug-8 targets several proteins, including LYAG and TOP1, the knowledge graph evidence is conflicting with prior knowledge, as these targets are not typically associated with HER2-mutant NSCLC (EMA).",0.625,1.875
1,HER2-mutant NSCLC (EMA),biokg,kg,llama3.1:405b,1,8,E,5,0.2,0,0,1,1,,both,consistent,3.0,"LYAG, CATL1, and TOP1 are potential targets, but more evidence is needed to confirm their role in HER2-mutant NSCLC.",0.25,1.75
1,Giant cell arteritis,biokg,kg,llama3.1:405b,0,8,G,2,0.5,0,1,1,1,,both,consistent,4.0,"Drug-8 targets JAK1, which is involved in inflammatory responses and could be relevant to Giant cell arteritis.",0.25,2.0
1,Giant cell arteritis,biokg,kg,llama3.1:405b,1,8,C,2,0.5,0,1,1,1,,kg,consistent,3.0,"Drug-8 targets JAK1, which is a relevant target for treating autoimmune diseases like Giant cell arteritis.",0.375,1.875
1,First-line anemia in lower-risk MDS,biokg,kg,llama3.1:405b,0,8,A,7,0.14285714285714285,0,0,0,1,,prior,insufficient,1.0,"No information is available for Drug-8, making it impossible to assess its mechanistic plausibility.",0.625,2.5
1,First-line anemia in lower-risk MDS,biokg,kg,llama3.1:405b,1,8,B,3,0.3333333333333333,0,1,1,1,,prior,insufficient,1.0,"No information is available on Drug-8's relevance to anemia or MDS, and its profile is not provided.",0.625,2.0
1,GVHD + pediatric,biokg,kg,llama3.1:405b,0,8,H,8,0.125,0,0,0,1,,prior,insufficient,1.0,No information is available for Drug-3's relevance to GVHD + pediatric.,0.625,1.875
1,GVHD + pediatric,biokg,kg,llama3.1:405b,1,8,A,1,1.0,1,1,1,1,,both,consistent,4.0,"Drug-6 modulates pathway Antineoplastics - protein kinases inhibitors and targets JAK1 and JAK2, which are relevant to GVHD treatment.",0.5714285714285714,2.0
1,MSI-H/dMMR solid tumors (full approval conversion),biokg,kg,llama3.1:405b,0,8,E,1,1.0,1,1,1,1,,kg,consistent,5.0,"Drug-7 targets PDCD1, a well-established target for cancer immunotherapy, particularly in MSI-H/dMMR tumors.",0.875,2.375
1,MSI-H/dMMR solid tumors (full approval conversion),biokg,kg,llama3.1:405b,1,8,G,1,1.0,1,1,1,1,,kg,consistent,5.0,"Drug-7 targets PDCD1, a protein involved in immune checkpoint regulation, making it a plausible candidate for treating MSI-H/dMMR solid tumors.",0.625,2.5
1,Antibody-mediated rejection in organ transplantation,biokg,kg,llama3.1:405b,0,8,F,1,1.0,1,1,1,1,,kg,consistent,4.0,"Drug-1 targets CD20, which is a surface molecule on B cells involved in the immune response and antibody production, making it a plausible candidate for treating antibody-mediated rejection.",0.875,1.875
1,Antibody-mediated rejection in organ transplantation,biokg,kg,llama3.1:405b,1,8,H,1,1.0,1,1,1,1,,both,consistent,4.0,"Drug-1 targets CD20, which is a common target for immunosuppressive therapies used in transplantation.",0.875,2.25
1,Pancreatic NET,biokg,kg,llama3.1:405b,0,8,H,6,0.16666666666666666,0,0,0,1,,kg,consistent,2.0,"Drug-7 targets multiple kinases, including VGFR2 and MET, which might be relevant to Pancreatic NET treatment.",0.75,2.125
1,Pancreatic NET,biokg,kg,llama3.1:405b,1,8,A,1,1.0,1,1,1,1,,both,consistent,4.0,"Drug-7 targets multiple kinases, including RET and MET, which are implicated in Pancreatic NET, making it a plausible candidate.",0.375,2.125
1,Follicular lymphoma (+obinutuzumab),biokg,kg,llama3.1:405b,0,8,G,1,1.0,1,1,1,1,,kg,consistent,3.0,"Drug-8 targets several kinases, including BMX and ITK, which are involved in immune system signaling pathways and could be relevant to treating follicular lymphoma.",0.25,1.875
1,Follicular lymphoma (+obinutuzumab),biokg,kg,llama3.1:405b,1,8,D,1,1.0,1,1,1,1,,kg,consistent,4.0,"Drug-8 targets multiple kinases, including BMX, FRK, and TEC, which are involved in signaling pathways relevant to lymphoma.",0.625,2.25
1,HR+/HER2- node-positive high-risk early breast cancer,biokg,kg,llama3.1:405b,0,8,D,2,0.5,0,1,1,1,,both,consistent,4.0,"Drug-8 targets CDK4 and CDK6, which are involved in cell cycle regulation and relevant to cancer.",0.875,2.0
1,HR+/HER2- node-positive high-risk early breast cancer,biokg,kg,llama3.1:405b,1,8,F,2,0.5,0,1,1,1,,both,consistent,4.0,"Drug-8 targets CDK4 and CDK6, which are involved in cell cycle regulation and relevant to breast cancer.",0.375,2.25
1,BRAF+ thyroid cancer,biokg,kg,llama3.1:405b,0,8,E,1,1.0,1,1,1,1,,both,consistent,4.0,"Drug-6 targets BRAF, a key protein in the MAPK/ERK pathway that is often mutated in thyroid cancer.",0.75,1.875
1,BRAF+ thyroid cancer,biokg,kg,llama3.1:405b,1,8,A,1,1.0,1,1,1,1,,both,consistent,5.0,"Drug-6 targets BRAF, a key mutation in BRAF+ thyroid cancer.",0.125,2.125
1,HER2+ solid tumors (tumor-agnostic),biokg,kg,llama3.1:405b,0,8,B,1,1.0,1,1,1,1,,both,consistent,4.0,"Drug-8 targets multiple proteins, including TOP1, which is involved in DNA replication and repair, making it a plausible candidate for treating HER2+ solid tumors.",0.625,2.25
1,HER2+ solid tumors (tumor-agnostic),biokg,kg,llama3.1:405b,1,8,D,1,1.0,1,1,1,1,,both,consistent,4.0,"Drug-8 targets multiple proteins, including S47A2 which could potentially interfere with HER2 signaling pathways indirectly, though direct evidence is not provided.",0.375,2.125
1,"mCRC BRAF V600E (traditional approval, was accelerated)",biokg,kg,llama3.1:405b,0,8,C,1,1.0,1,1,1,1,,both,consistent,5.0,"Drug-7 targets BRAF, a key protein in the MAPK pathway, which is frequently mutated in mCRC.",0.75,1.875
1,"mCRC BRAF V600E (traditional approval, was accelerated)",biokg,kg,llama3.1:405b,1,8,G,1,1.0,1,1,1,1,,both,consistent,5.0,"Drug-7 directly targets BRAF, a key mutation in mCRC BRAF V600E, making it the most mechanistically plausible candidate.",0.875,2.625
1,"Pediatric low-grade glioma (+dabrafenib, BRAF V600E)",biokg,kg,llama3.1:405b,0,8,H,6,0.16666666666666666,0,0,0,1,,kg,insufficient,2.0,"Drug-7 targets multiple kinases and transporters, but their relevance to glioma pathways or BRAF V600E is not established.",0.625,2.125
1,"Pediatric low-grade glioma (+dabrafenib, BRAF V600E)",biokg,kg,llama3.1:405b,1,8,A,1,1.0,1,1,1,1,,kg,consistent,4.0,"Drug-7 targets multiple kinases, including those involved in the MAPK/ERK pathway (MP2K2 and MP2K1), which is relevant to BRAF V600E mutated gliomas.",0.75,1.875
1,HR+/HER2- metastatic breast cancer,biokg,kg,llama3.1:405b,0,8,H,6,0.16666666666666666,0,0,0,1,,kg,insufficient,2.0,"Drug-8 targets proteins that may have some relevance to cancer, but the evidence does not strongly support a mechanistic link specific to HR+/HER2- breast cancer.",1.0,2.5
1,HR+/HER2- metastatic breast cancer,biokg,kg,llama3.1:405b,1,8,E,6,0.16666666666666666,0,0,0,1,,kg,insufficient,1.0,"The targets listed for Drug-8 (TACD2, FUBP1, TOP1, and UD11) do not have clear connections to cancer treatment.",0.875,1.875
1,1L biliary tract cancer (+gemcitabine+cisplatin),biokg,kg,llama3.1:405b,0,8,C,6,0.16666666666666666,0,0,0,1,,prior,insufficient,2.0,"Drug-5 targets PDCD1, which is involved in immune response but lacks clear connection to the specific disease or chemotherapy regimen.",0.625,2.375
1,1L biliary tract cancer (+gemcitabine+cisplatin),biokg,kg,llama3.1:405b,1,8,B,6,0.16666666666666666,0,0,0,1,,prior,insufficient,2.0,"Drug-5 targets PDCD1, but there is no clear connection to 1L biliary tract cancer (+gemcitabine+cisplatin) or the knowledge graph evidence.",0.5,2.25
1,RET-fusion NSCLC (expanded),biokg,kg,llama3.1:405b,0,8,H,1,1.0,1,1,1,1,,both,consistent,5.0,"Drug-8 is a strong candidate because it targets RET, which is directly associated with the disease.",0.375,2.375
1,RET-fusion NSCLC (expanded),biokg,kg,llama3.1:405b,1,8,C,1,1.0,1,1,1,1,,both,consistent,5.0,"Drug-8 targets RET, a key gene in the disease profile, making it a strong candidate.",0.125,2.5
1,HR+/HER2- metastatic breast cancer,biokg,kg,llama3.1:405b,0,8,C,1,1.0,1,1,1,1,,both,consistent,4.0,"Drug-7 targets PARP1 and PARP2, which are relevant to breast cancer due to their role in DNA repair.",0.625,1.875
1,HR+/HER2- metastatic breast cancer,biokg,kg,llama3.1:405b,1,8,C,1,1.0,1,1,1,1,,both,consistent,4.0,"Drug-7 targets PARP1 and PARP2, which are involved in DNA repair pathways, making it a plausible candidate for treating HR+/HER2- metastatic breast cancer.",0.625,1.75
1,Pheochromocytoma/paraganglioma,biokg,kg,llama3.1:405b,0,8,A,1,1.0,1,1,1,1,,both,consistent,4.0,"Drug-8's target, EPAS1, is related to hypoxia signaling pathways that could intersect with Pheochromocytoma/paraganglioma's genetic associations.",0.75,1.875
1,Pheochromocytoma/paraganglioma,biokg,kg,llama3.1:405b,1,8,C,3,0.3333333333333333,0,1,1,1,,kg,consistent,3.0,"Drug-8 targets EPAS1, which is associated with hypoxia-inducible factor (HIF) signaling pathway, a key player in cancer development.",0.375,2.375
1,Gastric/GEJ adenocarcinoma (1L +chemo),biokg,kg,llama3.1:405b,0,8,G,3,0.3333333333333333,0,1,1,1,,kg,consistent,4.0,"Drug-7 targets PD1L1 and CD80, indicating potential for immune modulation relevant to cancer treatment.",0.75,2.5
1,Gastric/GEJ adenocarcinoma (1L +chemo),biokg,kg,llama3.1:405b,1,8,F,3,0.3333333333333333,0,1,1,1,,both,consistent,4.0,"Drug-7 targets PD1L1 and CD80, which are involved in immune checkpoint regulation, a promising approach for treating gastric cancer.",0.75,2.25
1,Metastatic colorectal cancer,biokg,kg,llama3.1:405b,0,8,B,5,0.2,0,0,1,1,,prior,insufficient,1.0,"Drug-1's profile suggests it is more related to antiviral and antibiotic activities, making its relevance to cancer treatment uncertain.",0.375,2.0
1,Metastatic colorectal cancer,biokg,kg,llama3.1:405b,1,8,D,4,0.25,0,0,1,1,,prior,conflicting,1.0,"Drug-1's antiviral mechanism is not directly relevant to cancer treatment, and its targets do not suggest a clear connection to metastatic colorectal cancer.",0.25,1.875
1,Gastric/GEJ adenocarcinoma,biokg,kg,llama3.1:405b,0,8,F,1,1.0,1,1,1,1,,both,consistent,4.0,"Drug-7 targets PD1L1 and CD80, which are relevant to cancer immunotherapy, making it a plausible candidate for treating Gastric/GEJ adenocarcinoma.",0.625,2.125
1,Gastric/GEJ adenocarcinoma,biokg,kg,llama3.1:405b,1,8,D,1,1.0,1,1,1,1,,both,consistent,5.0,"Drug-7 targets PD1L1, a key immune checkpoint in cancer, making it a strong candidate for treating gastric/GEJ adenocarcinoma.",0.75,2.375
1,Urothelial carcinoma (expanded population),biokg,kg,llama3.1:405b,0,8,D,4,0.25,0,0,1,1,,kg,consistent,3.0,"Drug-8 targets MDR1 and CP3A4, which are involved in drug resistance and metabolism pathways relevant to urothelial carcinoma.",0.875,2.5
1,Urothelial carcinoma (expanded population),biokg,kg,llama3.1:405b,1,8,E,4,0.25,0,0,1,1,,kg,insufficient,2.0,"Drug-8 targets MDR1 and CP3A4, which could be relevant to chemotherapy resistance in cancer, but the direct connection to urothelial carcinoma treatment is not clear.",0.875,1.875
1,HER2+ early-stage BC (neoadjuvant + adjuvant),biokg,kg,llama3.1:405b,0,8,F,2,0.5,0,1,1,1,,kg,consistent,3.0,"Drug-8 targets several enzymes and receptors, including TOP1 and MRP1, which may have roles in cancer cell proliferation and drug resistance.",0.375,2.0
1,HER2+ early-stage BC (neoadjuvant + adjuvant),biokg,kg,llama3.1:405b,1,8,H,2,0.5,0,1,1,1,,both,consistent,4.0,"Drug-8 targets TOP1, involved in DNA replication, and MRP1, related to multidrug resistance, both relevant to cancer treatment strategies.",0.5,2.0
1,Pediatric BRAF V600E low-grade glioma,biokg,kg,llama3.1:405b,0,8,G,1,1.0,1,1,1,1,,both,consistent,5.0,"Drug-5 targets BRAF, a protein directly implicated in the disease.",0.125,2.25
1,Pediatric BRAF V600E low-grade glioma,biokg,kg,llama3.1:405b,1,8,B,1,1.0,1,1,1,1,,both,consistent,5.0,"Drug-5 targets BRAF, which is directly related to the disease-causing mutation.",0.875,2.0
1,HR+/HER2- early breast cancer (adjuvant),biokg,kg,llama3.1:405b,0,8,E,1,1.0,1,1,1,1,,both,consistent,5.0,"Drug-6 targets CDK4 and CDK6, which are involved in cell cycle regulation and have been implicated in breast cancer.",0.5,2.25
1,HR+/HER2- early breast cancer (adjuvant),biokg,kg,llama3.1:405b,1,8,C,1,1.0,1,1,1,1,,both,consistent,5.0,"Drug-6 targets CDK4 and CDK6, which are directly involved in cell cycle regulation, a critical aspect of cancer progression.",0.5,2.75
1,HR+/HER2-low breast cancer,biokg,kg,llama3.1:405b,0,8,E,4,0.25,0,0,1,1,,kg,consistent,2.0,"Drug-8 targets TOP1 and other proteins, which could imply a mechanism for cancer treatment; however, the relevance to HR+/HER2-low breast cancer is less clear.",0.625,2.125
1,HR+/HER2-low breast cancer,biokg,kg,llama3.1:405b,1,8,A,1,1.0,1,1,1,1,,both,consistent,4.0,"Drug-8 targets multiple proteins (LYAG, CATL1, TOP1) that may be involved in breast cancer cell growth and survival.",0.625,2.5
1,Platinum-resistant ovarian carcinoma (PD-L1+ CPS≥1),biokg,kg,llama3.1:405b,0,8,C,1,1.0,1,1,1,1,,both,consistent,4.0,"Drug-6 targets PDCD1, which is a key protein involved in the PD-L1 pathway, making it a plausible candidate for treating platinum-resistant ovarian carcinoma.",0.625,2.25
1,Platinum-resistant ovarian carcinoma (PD-L1+ CPS≥1),biokg,kg,llama3.1:405b,1,8,G,1,1.0,1,1,1,1,,kg,consistent,4.0,"Drug-6 targets PDCD1 (PD-1), which is directly related to the PD-L1 pathway, a key immune checkpoint in cancer.",0.625,2.0
