seed,disease,kg,condition,model,shuffle,pool_size,positive_letter,rank,reciprocal_rank,hit@1,hit@3,hit@5,parsed,error,pos_basis,pos_agreement,pos_confidence,pos_rationale,frac_basis_kg,mean_confidence
1,TRD monotherapy,none,no_kg,llama3.3:70b,0,8,C,6,0.16666666666666666,0,0,0,1,,kg,insufficient,1.0,Limited evidence from the knowledge graph makes it difficult to assess Drug-7's potential for TRD monotherapy.,0.625,2.375
1,TRD monotherapy,none,no_kg,llama3.3:70b,1,8,D,8,0.125,0,0,0,1,,prior,insufficient,1.0,"Drug-7 has no relevant evidence in the knowledge graph, and prior pharmacological knowledge does not provide a clear connection to TRD monotherapy.",0.5,1.875
1,ILD-associated pulmonary hypertension,none,no_kg,llama3.3:70b,0,8,C,1,1.0,1,1,1,1,,both,consistent,4.0,Drug-1 has a well-documented association with vascular smooth muscle relaxation and is known to affect pathways relevant to pulmonary hypertension.,0.625,1.875
1,ILD-associated pulmonary hypertension,none,no_kg,llama3.3:70b,1,8,C,1,1.0,1,1,1,1,,both,consistent,4.0,"Drug-1 has reported associations with pathways implicated in pulmonary hypertension, aligning with prior knowledge of its pharmacological effects.",0.625,2.625
1,Indolent systemic mastocytosis (EMA),none,no_kg,llama3.3:70b,0,8,B,7,0.14285714285714285,0,0,0,1,,kg,conflicting,1.0,The evidence for Drug-8 is conflicting and does not strongly support its use for this condition.,0.375,1.875
1,Indolent systemic mastocytosis (EMA),none,no_kg,llama3.3:70b,1,8,G,7,0.14285714285714285,0,0,0,1,,prior,insufficient,1.0,Drug-8's mechanism of action does not clearly align with mastocytosis treatment targets based on prior knowledge.,0.375,1.875
1,Hidradenitis suppurativa,none,no_kg,llama3.3:70b,0,8,F,6,0.16666666666666666,0,0,0,1,,kg,insufficient,1.0,"There is minimal knowledge graph evidence supporting Drug-7's use in Hidradenitis suppurativa, making its potential highly speculative.",0.5,2.25
1,Hidradenitis suppurativa,none,no_kg,llama3.3:70b,1,8,G,7,0.14285714285714285,0,0,0,1,,kg,conflicting,1.0,The limited and conflicting information about Drug-7 hinders a confident assessment of its suitability for Hidradenitis suppurativa treatment.,0.5,1.875
1,Chronic hepatitis B (pediatric),none,no_kg,llama3.3:70b,0,8,E,7,0.14285714285714285,0,0,0,1,,prior,insufficient,1.0,"Without specific knowledge graph evidence or known pharmacological effects relevant to hepatitis B, Drug-6's potential is largely uncertain and speculative.",0.625,2.375
1,Chronic hepatitis B (pediatric),none,no_kg,llama3.3:70b,1,8,H,8,0.125,0,0,0,1,,prior,insufficient,1.0,There is no clear connection between Drug-6's known effects and the management of Chronic hepatitis B based on prior knowledge or the provided evidence.,0.5,2.25
1,HoFH pediatric (EMA),none,no_kg,llama3.3:70b,0,8,H,8,0.125,0,0,0,1,,prior,insufficient,1.0,Drug-8 lacks both specific knowledge graph evidence and known pharmacological mechanisms directly applicable to treating HoFH pediatric.,0.5,1.875
1,HoFH pediatric (EMA),none,no_kg,llama3.3:70b,1,8,E,6,0.16666666666666666,0,0,0,1,,kg,insufficient,1.0,Lack of direct evidence in the knowledge graph for Drug-8's effects on lipid metabolism or LDL receptors makes its potential impact uncertain.,0.5,2.375
1,Nephrotic syndrome,none,no_kg,llama3.3:70b,0,8,F,1,1.0,1,1,1,1,,both,consistent,4.0,Drug-1 has known anti-inflammatory properties that could help alleviate symptoms of Nephrotic syndrome.,0.5,1.875
1,Nephrotic syndrome,none,no_kg,llama3.3:70b,1,8,A,2,0.5,0,1,1,1,,kg,consistent,3.0,"Drug-1 is associated with a target that plays a role in inflammation, which can be relevant to Nephrotic syndrome, although the connection is not as direct as others.",0.625,1.875
1,Follicular lymphoma,none,no_kg,llama3.3:70b,0,8,C,8,0.125,0,0,0,1,,kg,conflicting,1.0,Drug-8 has the least support due to conflicting evidence regarding its potential to effectively target pathways relevant to Follicular lymphoma treatment.,0.625,2.25
1,Follicular lymphoma,none,no_kg,llama3.3:70b,1,8,B,6,0.16666666666666666,0,0,0,1,,kg,insufficient,1.0,The knowledge graph reports no clear mechanistic links between Drug-8 and follicular lymphoma pathways.,0.5,2.375
1,Retinal vein occlusion,none,no_kg,llama3.3:70b,0,8,D,4,0.25,0,0,1,1,,prior,insufficient,2.0,"Lacking direct evidence, Drug-8's impact on Retinal vein occlusion is speculative based on general pharmacological principles.",0.25,2.25
1,Retinal vein occlusion,none,no_kg,llama3.3:70b,1,8,E,4,0.25,0,0,1,1,,kg,conflicting,1.0,"The knowledge graph indicates Drug-8 may affect blood clotting, but its impact on Retinal vein occlusion is unclear due to conflicting evidence.",0.5,1.875
1,Agitation associated with Alzheimer's dementia,none,no_kg,llama3.3:70b,0,8,B,1,1.0,1,1,1,1,,both,consistent,4.0,"Drug-2 has a clear mechanistic link through the knowledge graph to pathways involved in neurotransmitter regulation, which is crucial for managing agitation.",0.5,2.375
1,Agitation associated with Alzheimer's dementia,none,no_kg,llama3.3:70b,1,8,E,1,1.0,1,1,1,1,,both,consistent,4.0,"Drug-2 has known antipsychotic properties that could potentially alleviate agitation in Alzheimer's patients, supported by both prior knowledge and consistent associations in the knowledge graph.",0.5,2.25
1,High LDL-C with increased CV risk (expanded),none,no_kg,llama3.3:70b,0,8,C,5,0.2,0,0,1,1,,prior,insufficient,2.0,"Without specific evidence, Drug-8's potential impact on LDL-C levels is speculative based on class effects.",0.375,2.125
1,High LDL-C with increased CV risk (expanded),none,no_kg,llama3.3:70b,1,8,E,6,0.16666666666666666,0,0,0,1,,kg,insufficient,1.0,"The knowledge graph provides minimal evidence for Drug-8's relevance to High LDL-C or CV risk, making its potential uncertain.",0.5,2.375
1,Indolent systemic mastocytosis,none,no_kg,llama3.3:70b,0,8,B,1,1.0,1,1,1,1,,both,consistent,4.0,Drug-8 is ranked highest due to its association with a relevant pathway in mast cell regulation through both the knowledge graph and prior pharmacological understanding.,0.5,1.875
1,Indolent systemic mastocytosis,none,no_kg,llama3.3:70b,1,8,G,7,0.14285714285714285,0,0,0,1,,prior,insufficient,1.0,"Drug-8's consideration is similarly hindered by insufficient data, making its potential for treating the disease highly speculative.",0.0,1.25
1,EGPA (expanded),none,no_kg,llama3.3:70b,0,8,F,6,0.16666666666666666,0,0,0,1,,prior,insufficient,1.0,Drug-7 lacks direct evidence linking it to EGPA pathways or mechanisms.,0.5,2.25
1,EGPA (expanded),none,no_kg,llama3.3:70b,1,8,G,7,0.14285714285714285,0,0,0,1,,prior,insufficient,1.0,Drug-7 lacks any direct associations with EGPA pathways in the knowledge graph and known effects that would clearly benefit the disease.,0.25,2.0
1,COVID-19 (expanded population),none,no_kg,llama3.3:70b,0,8,C,8,0.125,0,0,0,1,,kg,conflicting,1.0,Drug-8's involvement in pathways potentially relevant to COVID-19 is overshadowed by conflicting reports and a lack of clear mechanistic evidence supporting its use.,0.625,1.875
1,COVID-19 (expanded population),none,no_kg,llama3.3:70b,1,8,A,3,0.3333333333333333,0,1,1,1,,kg,conflicting,2.0,Drug-8 has some reported associations but they conflict with known mechanisms of action for similar drugs in treating viral infections.,0.25,1.875
1,Obstructive sleep apnea with obesity,none,no_kg,llama3.3:70b,0,8,H,8,0.125,0,0,0,1,,prior,insufficient,1.0,"Drug-8 lacks any direct or indirect evidence linking it to the treatment of obstructive sleep apnea with obesity, making its potential utility highly speculative.",0.625,1.875
1,Obstructive sleep apnea with obesity,none,no_kg,llama3.3:70b,1,8,G,6,0.16666666666666666,0,0,0,1,,prior,insufficient,1.0,Drug-8 lacks specific evidence linking it to the treatment of obstructive sleep apnea with obesity.,0.25,1.875
1,KRAS G12C+ mCRC,none,no_kg,llama3.3:70b,0,8,E,5,0.2,0,0,1,1,,kg,insufficient,2.0,"Drug-8 has limited evidence in the knowledge graph regarding its efficacy for KRAS G12C+ mCRC, making its potential uncertain.",0.5,2.375
1,KRAS G12C+ mCRC,none,no_kg,llama3.3:70b,1,8,C,8,0.125,0,0,0,1,,prior,conflicting,1.0,Prior knowledge suggests Drug-8 is unlikely to be effective for KRAS G12C+ mCRC due to its known mechanism of action.,0.375,2.125
1,Diabetic retinopathy/DME (EMA Mar+May 2026),none,no_kg,llama3.3:70b,0,8,C,3,0.3333333333333333,0,1,1,1,,prior,insufficient,3.0,"While there's limited direct evidence from the knowledge graph for Drug-8, prior knowledge suggests it may have some effect on oxidative stress pathways relevant to the disease.",0.5,2.625
1,Diabetic retinopathy/DME (EMA Mar+May 2026),none,no_kg,llama3.3:70b,1,8,A,3,0.3333333333333333,0,1,1,1,,kg,insufficient,2.0,"While Drug-8 has some reported associations in the knowledge graph, the evidence is too sparse to confidently assess its mechanistic plausibility for diabetic retinopathy/DME.",0.625,2.375
1,Chorea associated with Huntington's disease,none,no_kg,llama3.3:70b,0,8,G,2,0.5,0,1,1,1,,both,consistent,4.0,Drug-8 is ranked second due to its link to pathways involved in neuronal survival and prior understanding of its mechanism.,0.25,2.125
1,Chorea associated with Huntington's disease,none,no_kg,llama3.3:70b,1,8,G,7,0.14285714285714285,0,0,0,1,,prior,insufficient,1.0,No relevant information was found to assess the mechanistic plausibility of Drug-8 for treating chorea associated with Huntington's disease.,0.5,2.375
1,Heart failure (broadened),none,no_kg,llama3.3:70b,0,8,C,6,0.16666666666666666,0,0,0,1,,prior,insufficient,2.0,"Drug-8 lacks direct evidence linking it to heart failure treatment in the knowledge graph, and its ranking is based on general pharmacological principles.",0.375,2.375
1,Heart failure (broadened),none,no_kg,llama3.3:70b,1,8,C,4,0.25,0,0,1,1,,prior,insufficient,2.0,Drug-8 lacks direct evidence from the knowledge graph but may have indirect benefits for heart failure based on prior knowledge.,0.375,1.875
1,Acquired hypofibrinogenemia in cardiovascular surgery,none,no_kg,llama3.3:70b,0,8,E,4,0.25,0,0,1,1,,both,consistent,4.0,Drug-6 has a plausible mechanism based on both prior knowledge and knowledge graph evidence suggesting effects on related coagulation factors.,0.375,2.5
1,Acquired hypofibrinogenemia in cardiovascular surgery,none,no_kg,llama3.3:70b,1,8,E,5,0.2,0,0,1,1,,prior,insufficient,1.0,Drug-6 has no clear connection to coagulation pathways or fibrinogen levels based on provided information.,0.25,1.875
1,Pediatric atopic dermatitis,none,no_kg,llama3.3:70b,0,8,C,5,0.2,0,0,1,1,,kg,insufficient,2.0,Limited information from the knowledge graph makes it difficult to assess Drug-8's potential for treating atopic dermatitis.,0.5,2.5
1,Pediatric atopic dermatitis,none,no_kg,llama3.3:70b,1,8,E,5,0.2,0,0,1,1,,kg,insufficient,2.0,The sparse knowledge graph evidence for Drug-8 does not provide a clear indication of its mechanistic plausibility for atopic dermatitis.,0.5,2.5
1,COVID-19 updated strain,none,no_kg,llama3.3:70b,0,8,D,6,0.16666666666666666,0,0,0,1,,prior,insufficient,1.0,Drug-8 is ranked sixth with very low confidence as there's no apparent connection between its mechanism of action and COVID-19 treatment strategies.,0.0,1.875
1,COVID-19 updated strain,none,no_kg,llama3.3:70b,1,8,A,3,0.3333333333333333,0,1,1,1,,prior,insufficient,2.0,"Drug-8 might have some anti-inflammatory properties that could help in reducing the severity of COVID-19 symptoms, although this is speculative without specific evidence.",0.0,1.875
1,Delay T1D onset in children ≥1yr,none,no_kg,llama3.3:70b,0,8,C,4,0.25,0,0,1,1,,prior,insufficient,2.0,"Drug-7 lacks direct evidence linking it to T1D mechanisms, making its assessment reliant on general knowledge of pharmacology.",0.25,2.0
1,Delay T1D onset in children ≥1yr,none,no_kg,llama3.3:70b,1,8,B,3,0.3333333333333333,0,1,1,1,,prior,insufficient,2.0,Drug-7's potential is considered based on hypothetical anti-inflammatory properties that might influence autoimmune diseases like T1D.,0.0,2.0
1,Unresectable thymic carcinoma (PMDA),none,no_kg,llama3.3:70b,0,8,C,5,0.2,0,0,1,1,,prior,insufficient,2.0,Drug-6 is ranked fifth as its potential benefits for thymic carcinoma are uncertain and based solely on general principles of cancer drug development.,0.0,1.875
1,Unresectable thymic carcinoma (PMDA),none,no_kg,llama3.3:70b,1,8,H,8,0.125,0,0,0,1,,kg,insufficient,1.0,There's insufficient information to assess Drug-6's mechanistic plausibility for treating unresectable thymic carcinoma effectively.,0.625,1.875
1,Retinal vein occlusion,none,no_kg,llama3.3:70b,0,8,G,7,0.14285714285714285,0,0,0,1,,prior,insufficient,1.0,There is no known mechanism by which Drug-8 would directly benefit retinal vein occlusion patients based on prior knowledge.,0.5,2.25
1,Retinal vein occlusion,none,no_kg,llama3.3:70b,1,8,E,3,0.3333333333333333,0,1,1,1,,kg,consistent,3.0,Drug-8 has an indicated connection to the disease through a target and pathway as per the knowledge graph.,0.375,2.0
1,Spinal muscular atrophy (pediatric expansion),none,no_kg,llama3.3:70b,0,8,H,8,0.125,0,0,0,1,,prior,insufficient,1.0,"Lacking direct evidence or strong pharmacological rationale, Drug-8's applicability to Spinal Muscular Atrophy is highly uncertain.",0.5,2.5
1,Spinal muscular atrophy (pediatric expansion),none,no_kg,llama3.3:70b,1,8,D,6,0.16666666666666666,0,0,0,1,,prior,insufficient,1.0,"Drug-8 is assessed based on general pharmacological principles, but without specific evidence from the knowledge graph or prior knowledge indicating its effectiveness for this condition.",0.625,1.875
1,Chronic thromboembolic pulmonary hypertension,none,no_kg,llama3.3:70b,0,8,E,5,0.2,0,0,1,1,,prior,insufficient,1.0,The potential of Drug-7 in treating Chronic thromboembolic pulmonary hypertension is highly uncertain and speculative.,0.0,1.75
1,Chronic thromboembolic pulmonary hypertension,none,no_kg,llama3.3:70b,1,8,B,2,0.5,0,1,1,1,,kg,consistent,3.0,Drug-7 is linked to a pathway potentially beneficial for treating conditions related to blood coagulation and vascular health.,0.375,1.875
1,Polycythaemia vera and essential thrombocytopenia,none,no_kg,llama3.3:70b,0,8,D,1,1.0,1,1,1,1,,both,consistent,5.0,"Drug-1 has a well-established mechanism of action targeting the JAK2 pathway, which is implicated in Polycythaemia vera and essential thrombocytopenia.",0.625,2.375
1,Polycythaemia vera and essential thrombocytopenia,none,no_kg,llama3.3:70b,1,8,C,1,1.0,1,1,1,1,,both,consistent,5.0,Drug-1 is a known JAK inhibitor with established efficacy in treating myeloproliferative neoplasms.,0.375,2.5
1,Generalized myasthenia gravis,none,no_kg,llama3.3:70b,0,8,G,4,0.25,0,0,1,1,,kg,conflicting,2.0,"The knowledge graph reports a potential link between Drug-8 and the disease pathway, but this is contradicted by prior knowledge of the drug's mechanism.",0.5,2.0
1,Generalized myasthenia gravis,none,no_kg,llama3.3:70b,1,8,E,5,0.2,0,0,1,1,,prior,insufficient,1.0,There is no clear evidence or prior knowledge suggesting Drug-8 would be effective in treating Generalized myasthenia gravis.,0.5,1.875
1,Invasive fungal infections pediatric ≥2yr,none,no_kg,llama3.3:70b,0,8,G,1,1.0,1,1,1,1,,both,consistent,5.0,Drug-7 is a known antifungal agent with direct mechanistic links to treating fungal infections.,0.5,2.375
1,Invasive fungal infections pediatric ≥2yr,none,no_kg,llama3.3:70b,1,8,A,7,0.14285714285714285,0,0,0,1,,prior,conflicting,2.0,Drug-5 has known properties that could interfere with fungal metabolism but lacks direct evidence for use in invasive fungal infections and pediatric safety data.,0.375,2.375
1,PKU expanded to ≥12yr,none,no_kg,llama3.3:70b,0,8,B,2,0.5,0,1,1,1,,prior,insufficient,2.0,Drug-8 is ranked second with low confidence due to the complete lack of information about its mechanism or relation to PKU.,0.0,2.0
1,PKU expanded to ≥12yr,none,no_kg,llama3.3:70b,1,8,F,7,0.14285714285714285,0,0,0,1,,kg,conflicting,1.0,"Drug-8 has conflicting evidence from the knowledge graph regarding its relevance to PKU pathways, suggesting potential but also significant uncertainty.",0.625,2.375
1,IDH1-mutated relapsed/refractory MDS,none,no_kg,llama3.3:70b,0,8,A,1,1.0,1,1,1,1,,prior,insufficient,3.0,Drug-8 might have potential due to its unknown but presumed effects on epigenetic pathways relevant to MDS.,0.0,1.875
1,IDH1-mutated relapsed/refractory MDS,none,no_kg,llama3.3:70b,1,8,A,3,0.3333333333333333,0,1,1,1,,prior,insufficient,2.0,"While Drug-8 has some known effects on cellular metabolism, its relevance to IDH1-mutated MDS is not clearly established through available evidence.",0.625,1.875
1,Retinopathy of prematurity,none,no_kg,llama3.3:70b,0,8,B,6,0.16666666666666666,0,0,0,1,,prior,insufficient,1.0,Drug-6 is ranked sixth due to a lack of clear connections to known pathways involved in retinopathy of prematurity based on available information.,0.0,1.875
1,Retinopathy of prematurity,none,no_kg,llama3.3:70b,1,8,E,3,0.3333333333333333,0,1,1,1,,both,consistent,4.0,"Drug-6 has supportive evidence from both sources, suggesting its potential efficacy in treating Retinopathy of Prematurity through relevant biological pathways.",0.375,2.375
1,Agitation associated with Alzheimer's dementia,none,no_kg,llama3.3:70b,0,8,H,8,0.125,0,0,0,1,,prior,insufficient,1.0,Drug-5 has no clear links to the treatment of agitation associated with Alzheimer's dementia based on available knowledge and evidence.,0.625,2.875
1,Agitation associated with Alzheimer's dementia,none,no_kg,llama3.3:70b,1,8,G,7,0.14285714285714285,0,0,0,1,,kg,insufficient,1.0,The evaluation of Drug-5 is limited by the lack of direct evidence linking it to the treatment of agitation in Alzheimer's dementia.,0.5,2.125
1,LDL-C elevation in statin-intolerant dyslipidemia,none,no_kg,llama3.3:70b,0,8,D,6,0.16666666666666666,0,0,0,1,,prior,insufficient,1.0,There is no clear evidence linking Drug-8 to mechanisms that would directly affect LDL-C levels in statin-intolerant dyslipidemia.,0.5,2.375
1,LDL-C elevation in statin-intolerant dyslipidemia,none,no_kg,llama3.3:70b,1,8,A,5,0.2,0,0,1,1,,prior,insufficient,2.0,"Without specific knowledge-graph evidence for Drug-8 in treating LDL-C elevation, its potential is based on general pharmacological principles which are not strongly indicative of efficacy.",0.625,2.25
1,First-line anemia in lower-risk MDS,none,no_kg,llama3.3:70b,0,8,H,8,0.125,0,0,0,1,,prior,insufficient,1.0,"There is limited information available on Drug-7's potential effects on anemia in MDS, leading to a low confidence ranking.",0.5,2.25
1,First-line anemia in lower-risk MDS,none,no_kg,llama3.3:70b,1,8,B,5,0.2,0,0,1,1,,prior,insufficient,1.0,Drug-7 lacks clear evidence or prior knowledge linking it to anemia treatment mechanisms in MDS.,0.0,1.875
1,Atopic dermatitis,none,no_kg,llama3.3:70b,0,8,E,5,0.2,0,0,1,1,,kg,insufficient,2.0,Sparse knowledge graph evidence links Drug-7 to a pathway that might be tangentially related to atopic dermatitis.,0.5,1.875
1,Atopic dermatitis,none,no_kg,llama3.3:70b,1,8,B,7,0.14285714285714285,0,0,0,1,,prior,insufficient,1.0,"Drug-7 lacks clear evidence or rationale for its use in treating Atopic dermatitis, leading to a low ranking.",0.0,1.75
1,Acute HCV pediatric,none,no_kg,llama3.3:70b,0,8,F,7,0.14285714285714285,0,0,0,1,,prior,insufficient,1.0,Drug-8's lack of clear antiviral properties or immunomodulatory effects makes its potential for treating HCV less likely.,0.0,1.875
1,Acute HCV pediatric,none,no_kg,llama3.3:70b,1,8,B,4,0.25,0,0,1,1,,kg,conflicting,2.0,"The knowledge graph suggests Drug-8 may target pathways relevant to HCV, but this is contradicted by prior knowledge indicating its primary use is unrelated to antiviral therapy.",0.5,1.875
1,HoFH in children,none,no_kg,llama3.3:70b,0,8,G,7,0.14285714285714285,0,0,0,1,,prior,insufficient,1.0,"Lacking direct evidence or strong prior knowledge linking Drug-8 to HoFH treatment, its potential benefit is highly speculative.",0.5,2.375
1,HoFH in children,none,no_kg,llama3.3:70b,1,8,H,8,0.125,0,0,0,1,,prior,insufficient,1.0,Drug-8 lacks any clear or reported association with pathways relevant to HoFH treatment.,0.25,1.875
1,dMMR/MSI-H primary advanced endometrial cancer (+chemo),none,no_kg,llama3.3:70b,0,8,E,7,0.14285714285714285,0,0,0,1,,prior,insufficient,1.0,Drug-8 lacks sufficient evidence from both the knowledge graph and prior pharmacological knowledge to support its use in treating dMMR/MSI-H primary advanced endometrial cancer.,0.5,2.25
1,dMMR/MSI-H primary advanced endometrial cancer (+chemo),none,no_kg,llama3.3:70b,1,8,G,3,0.3333333333333333,0,1,1,1,,prior,insufficient,2.0,"Although there is limited evidence, prior knowledge suggests that Drug-8 may have some activity against endometrial cancer.",0.5,1.875
1,Cerebral folate transport deficiency,none,no_kg,llama3.3:70b,0,8,B,1,1.0,1,1,1,1,,prior,insufficient,2.0,"Lacking specific knowledge graph evidence, Drug-1 is ranked based on general pharmacological principles related to folate transport.",0.25,1.5
1,Cerebral folate transport deficiency,none,no_kg,llama3.3:70b,1,8,E,1,1.0,1,1,1,1,,prior,insufficient,2.0,"Drug-1 is ranked first due to its potential impact on folate metabolism, although specific evidence is lacking.",0.5,1.625
1,Reduce MACE in CVD + obesity/overweight,none,no_kg,llama3.3:70b,0,8,D,7,0.14285714285714285,0,0,0,1,,both,conflicting,2.0,"Drug-8 has some evidence suggesting it may exacerbate weight gain, which could negatively impact MACE risk in CVD patients with obesity/overweight.",0.625,2.375
1,Reduce MACE in CVD + obesity/overweight,none,no_kg,llama3.3:70b,1,8,H,8,0.125,0,0,0,1,,kg,insufficient,1.0,"Drug-8 has limited evidence linking it directly to mechanisms relevant for reducing MACE in the context of CVD and obesity, making its potential benefits highly speculative.",0.75,2.5
1,Palmoplantar pustulosis (PMDA),none,no_kg,llama3.3:70b,0,8,H,8,0.125,0,0,0,1,,prior,insufficient,1.0,"Drug-7 lacks any direct or indirect evidence linking it to the treatment of PMDA, making it the least likely candidate.",0.5,1.875
1,Palmoplantar pustulosis (PMDA),none,no_kg,llama3.3:70b,1,8,G,7,0.14285714285714285,0,0,0,1,,both,conflicting,1.0,"Despite some reported associations, Drug-7's efficacy for PMDA is questionable due to conflicting evidence regarding its impact on relevant pathways.",0.5,2.0
1,Measles prophylaxis post-exposure,none,no_kg,llama3.3:70b,0,8,C,1,1.0,1,1,1,1,,prior,insufficient,3.0,Drug-1 is ranked first based on the assumption that it might have immunomodulatory effects which could be beneficial in a post-exposure prophylaxis scenario.,0.0,1.875
1,Measles prophylaxis post-exposure,none,no_kg,llama3.3:70b,1,8,E,1,1.0,1,1,1,1,,prior,insufficient,2.0,"Drug-1 is ranked first due to a lack of negative evidence against it, despite no direct link to measles prophylaxis.",0.0,2.0
1,CKD in T2D,none,no_kg,llama3.3:70b,0,8,C,4,0.25,0,0,1,1,,kg,conflicting,1.0,"The knowledge graph reports conflicting evidence for Drug-8's mechanism of action, making it difficult to assess its plausibility for treating CKD in T2D.",0.5,1.75
1,CKD in T2D,none,no_kg,llama3.3:70b,1,8,E,7,0.14285714285714285,0,0,0,1,,prior,insufficient,1.0,"Without specific knowledge or evidence linking Drug-8 to pathways relevant to CKD and T2D, its potential is uncertain.",0.625,2.125
1,HER2-mutant NSCLC (PMDA),none,no_kg,llama3.3:70b,0,8,B,2,0.5,0,1,1,1,,both,consistent,4.0,"Drug-8 shows promise due to its link to a pathway involved in cell proliferation, relevant to cancer treatment.",0.25,2.125
1,HER2-mutant NSCLC (PMDA),none,no_kg,llama3.3:70b,1,8,G,7,0.14285714285714285,0,0,0,1,,both,conflicting,1.0,"The knowledge graph reports associations between Drug-8 and pathways unrelated to HER2-mutant NSCLC, conflicting with prior knowledge that suggests it may have some effect on cancer treatment.",0.625,1.875
1,Heterozygous familial hypercholesterolemia,none,no_kg,llama3.3:70b,0,8,C,3,0.3333333333333333,0,1,1,1,,prior,insufficient,2.0,"Without specific evidence from the knowledge graph, Drug-7's potential is based solely on general pharmacological principles related to cholesterol management.",0.25,2.375
1,Heterozygous familial hypercholesterolemia,none,no_kg,llama3.3:70b,1,8,G,5,0.2,0,0,1,1,,prior,insufficient,2.0,"Lacking specific knowledge graph evidence for Drug-7 and based solely on general pharmacological principles, its potential efficacy in HeFH treatment remains speculative.",0.5,2.375
1,Crohn's disease,none,no_kg,llama3.3:70b,0,8,H,8,0.125,0,0,0,1,,kg,conflicting,1.0,The knowledge graph reports conflicting or unclear associations for Drug-7 regarding its potential impact on Crohn's disease pathways.,0.625,2.375
1,Crohn's disease,none,no_kg,llama3.3:70b,1,8,E,6,0.16666666666666666,0,0,0,1,,kg,insufficient,1.0,"The knowledge graph provides minimal information on Drug-7's relevance to Crohn's disease, making it difficult to assess its potential.",0.5,1.875
1,COVID-19 in severe renal impairment/dialysis,none,no_kg,llama3.3:70b,0,8,B,5,0.2,0,0,1,1,,prior,insufficient,2.0,"Drug-8's effects on coagulation pathways might be relevant given COVID-19's thrombotic complications, though its use in dialysis patients requires careful consideration.",0.0,1.875
1,COVID-19 in severe renal impairment/dialysis,none,no_kg,llama3.3:70b,1,8,E,5,0.2,0,0,1,1,,kg,conflicting,1.0,Drug-8 has conflicting evidence regarding its effectiveness and safety in treating COVID-19 in patients with severe renal impairment.,0.5,2.0
1,MASH with fibrosis,none,no_kg,llama3.3:70b,0,8,G,7,0.14285714285714285,0,0,0,1,,prior,insufficient,1.0,Drug-8 has no evident connection to treating MASH with fibrosis based on the provided information or prior pharmacological knowledge.,0.25,2.125
1,MASH with fibrosis,none,no_kg,llama3.3:70b,1,8,D,6,0.16666666666666666,0,0,0,1,,kg,insufficient,1.0,"The knowledge graph provides minimal information about Drug-8's relationship to MASH with fibrosis, making it difficult to assess its potential.",0.5,1.875
1,mHSPC + ADT,none,no_kg,llama3.3:70b,0,8,D,4,0.25,0,0,1,1,,prior,insufficient,2.0,"Without specific evidence, Drug-8's effectiveness for mHSPC + ADT remains speculative and uncertain.",0.0,1.75
1,mHSPC + ADT,none,no_kg,llama3.3:70b,1,8,A,3,0.3333333333333333,0,1,1,1,,prior,insufficient,2.0,"While Drug-8 has potential based on prior pharmacological knowledge, there is insufficient evidence from the knowledge graph to strongly support its use for mHSPC + ADT.",0.5,1.875
1,Chronic kidney disease,none,no_kg,llama3.3:70b,0,8,F,6,0.16666666666666666,0,0,0,1,,prior,insufficient,1.0,Drug-8 lacks clear evidence linking it to CKD treatment mechanisms.,0.0,1.375
1,Chronic kidney disease,none,no_kg,llama3.3:70b,1,8,C,6,0.16666666666666666,0,0,0,1,,prior,insufficient,1.0,Drug-8 lacks clear evidence linking it to chronic kidney disease management or treatment.,0.5,1.875
1,Allergic fungal rhinosinusitis (AFRS) ≥6yr,none,no_kg,llama3.3:70b,0,8,E,2,0.5,0,1,1,1,,kg,consistent,3.0,"Drug-8 is linked to pathways relevant to immune response modulation which could be beneficial for AFRS, as indicated by the knowledge graph.",0.5,2.0
1,Allergic fungal rhinosinusitis (AFRS) ≥6yr,none,no_kg,llama3.3:70b,1,8,E,3,0.3333333333333333,0,1,1,1,,prior,insufficient,3.0,"Drug-8 could be beneficial due to its antifungal properties, which might help in reducing fungal load in AFRS patients.",0.0,2.125
1,Acquired hypothalamic obesity,none,no_kg,llama3.3:70b,0,8,C,3,0.3333333333333333,0,1,1,1,,prior,insufficient,2.0,"While Drug-8 has been explored for various metabolic conditions, its direct relevance to Acquired Hypothalamic Obesity is less clear without specific knowledge graph evidence.",0.625,1.875
1,Acquired hypothalamic obesity,none,no_kg,llama3.3:70b,1,8,E,5,0.2,0,0,1,1,,kg,insufficient,1.0,Drug-8's low ranking is due to very sparse and indirect associations in the knowledge graph with no clear link to Acquired Hypothalamic Obesity.,0.5,2.125
1,Pediatric glioma (EMA),none,no_kg,llama3.3:70b,0,8,G,7,0.14285714285714285,0,0,0,1,,kg,conflicting,1.0,Drug-6's ranking is lowered due to conflicting evidence regarding its effectiveness in glioma treatment pathways.,0.625,1.875
1,Pediatric glioma (EMA),none,no_kg,llama3.3:70b,1,8,E,5,0.2,0,0,1,1,,prior,insufficient,2.0,"Without direct evidence from the knowledge graph or strong prior knowledge supporting its use in Pediatric glioma, Drug-6's potential is uncertain.",0.5,2.5
1,IV formulation for rheumatic diseases (EMA),none,no_kg,llama3.3:70b,0,8,F,4,0.25,0,0,1,1,,prior,insufficient,2.0,"Drug-6's potential benefits in treating inflammatory conditions suggest it could be considered for rheumatic diseases, though direct evidence is lacking.",0.5,2.0
1,IV formulation for rheumatic diseases (EMA),none,no_kg,llama3.3:70b,1,8,G,7,0.14285714285714285,0,0,0,1,,prior,insufficient,1.0,"Without specific evidence linking Drug-6 to the treatment of rheumatic diseases, its potential remains speculative based on general pharmacological principles.",0.5,2.375
1,Oral tablet formulation for weight management,none,no_kg,llama3.3:70b,0,8,G,7,0.14285714285714285,0,0,0,1,,prior,conflicting,1.0,"Drug-8's known effects conflict with a potential role in promoting weight loss, suggesting it may not be suitable for weight management.",0.25,2.125
1,Oral tablet formulation for weight management,none,no_kg,llama3.3:70b,1,8,H,8,0.125,0,0,0,1,,prior,insufficient,1.0,Drug-8 is ranked last due to a complete lack of evidence from the knowledge graph and minimal prior pharmacological knowledge that would suggest its efficacy for weight management.,0.5,2.375
1,dMMR recurrent/advanced endometrial cancer,none,no_kg,llama3.3:70b,0,8,C,7,0.14285714285714285,0,0,0,1,,kg,conflicting,1.0,Drug-8 is ranked seventh because the knowledge graph evidence suggesting its potential is conflicted by prior pharmacological knowledge that raises questions about its efficacy in treating the disease.,0.625,1.875
1,dMMR recurrent/advanced endometrial cancer,none,no_kg,llama3.3:70b,1,8,E,6,0.16666666666666666,0,0,0,1,,prior,insufficient,1.0,"Drug-8 has limited prior knowledge supporting its use in this context and no relevant evidence from the knowledge graph, making its potential uncertain.",0.625,1.875
1,Primary humoral immunodeficiency pediatric 2-11yr,none,no_kg,llama3.3:70b,0,8,E,6,0.16666666666666666,0,0,0,1,,prior,insufficient,1.0,"Without specific knowledge graph entries or known immunomodulatory effects, Drug-1 remains an uncertain candidate.",0.375,1.875
1,Primary humoral immunodeficiency pediatric 2-11yr,none,no_kg,llama3.3:70b,1,8,F,6,0.16666666666666666,0,0,0,1,,prior,insufficient,2.0,Lack of information about Drug-1's effects on immune function in the context of Primary humoral immunodeficiency pediatric 2-11yr results in a low confidence ranking.,0.5,1.75
1,Neoadj+adj HNSCC,none,no_kg,llama3.3:70b,0,8,G,6,0.16666666666666666,0,0,0,1,,kg,consistent,3.0,Drug-7 is linked to relevant pathways for HNSCC through the knowledge graph but lacks substantial prior pharmacological support.,0.5,2.5
1,Neoadj+adj HNSCC,none,no_kg,llama3.3:70b,1,8,C,5,0.2,0,0,1,1,,kg,consistent,2.0,Drug-7 has some reported associations in the knowledge graph but lacks strong prior pharmacological evidence supporting its use for Neoadj+adj HNSCC.,0.625,2.0
1,Juvenile idiopathic arthritis (EMA Feb 2026),none,no_kg,llama3.3:70b,0,8,D,2,0.5,0,1,1,1,,both,consistent,4.0,"Drug-7 acts on IL-6, another critical inflammatory mediator implicated in arthritis pathogenesis.",0.375,2.0
1,Juvenile idiopathic arthritis (EMA Feb 2026),none,no_kg,llama3.3:70b,1,8,H,8,0.125,0,0,0,1,,prior,insufficient,1.0,Drug-7 is ranked lowest due to a complete lack of provided evidence and limited prior knowledge suggesting its relevance to the disease.,0.5,2.625
1,"ALK+ solid tumors (tissue-agnostic, world-first)",none,no_kg,llama3.3:70b,0,8,H,8,0.125,0,0,0,1,,prior,insufficient,1.0,"Drug-8 lacks both substantial evidence from the knowledge graph and strong prior pharmacological rationale for treating ALK+ solid tumors, making it the least plausible candidate.",0.5,2.5
1,"ALK+ solid tumors (tissue-agnostic, world-first)",none,no_kg,llama3.3:70b,1,8,G,7,0.14285714285714285,0,0,0,1,,prior,insufficient,1.0,"Drug-8 has no clear links to ALK pathways or relevant cancer types, leading to low confidence in its potential.",0.375,2.375
1,Ulcerative colitis,none,no_kg,llama3.3:70b,0,8,H,8,0.125,0,0,0,1,,prior,insufficient,1.0,Drug-8 has no direct links to ulcerative colitis in the knowledge graph and lacks sufficient prior pharmacological evidence to suggest a potential therapeutic effect.,0.5,2.125
1,Ulcerative colitis,none,no_kg,llama3.3:70b,1,8,D,3,0.3333333333333333,0,1,1,1,,kg,consistent,4.0,Knowledge graph evidence supports Drug-8's involvement in pathways associated with the disease.,0.5,2.5
1,Advanced RCC after PD-1/PD-L1 + VEGF-TKI,none,no_kg,llama3.3:70b,0,8,D,5,0.2,0,0,1,1,,prior,insufficient,1.0,"Drug-8 has no clear mechanistic links to Advanced RCC from the provided evidence, and prior knowledge does not strongly support its use in this context.",0.625,1.875
1,Advanced RCC after PD-1/PD-L1 + VEGF-TKI,none,no_kg,llama3.3:70b,1,8,H,8,0.125,0,0,0,1,,prior,insufficient,1.0,"With no provided evidence or known mechanisms relevant to RCC, Drug-8's potential is highly speculative.",0.5,2.5
1,Ulcerative colitis,none,no_kg,llama3.3:70b,0,8,C,3,0.3333333333333333,0,1,1,1,,prior,insufficient,3.0,"While Drug-7 has some known anti-inflammatory properties, there's insufficient evidence from the knowledge graph to strongly support its use for Ulcerative Colitis.",0.5,2.5
1,Ulcerative colitis,none,no_kg,llama3.3:70b,1,8,D,4,0.25,0,0,1,1,,prior,insufficient,2.0,Drug-7's ranking is lower due to less clear connections between its known effects and the treatment of Ulcerative Colitis.,0.0,2.125
1,BRAF V600E metastatic NSCLC,none,no_kg,llama3.3:70b,0,8,D,5,0.2,0,0,1,1,,kg,conflicting,2.0,Drug-8 is ranked fifth as the knowledge graph provides some evidence of its involvement in relevant pathways but also indicates potential issues with specificity and side effects.,0.5,2.5
1,BRAF V600E metastatic NSCLC,none,no_kg,llama3.3:70b,1,8,H,8,0.125,0,0,0,1,,prior,insufficient,1.0,Drug-8's potential for treating BRAF V600E metastatic NSCLC is uncertain due to a lack of relevant evidence or mechanistic insights.,0.25,2.25
1,Crohn's disease,none,no_kg,llama3.3:70b,0,8,F,3,0.3333333333333333,0,1,1,1,,both,consistent,4.0,"Drug-8 is associated with the JAK/STAT pathway, which plays a role in inflammatory responses seen in Crohn's disease.",0.375,2.25
1,Crohn's disease,none,no_kg,llama3.3:70b,1,8,G,7,0.14285714285714285,0,0,0,1,,prior,insufficient,2.0,Drug-8 lacks sufficient evidence from the knowledge graph and prior pharmacological knowledge does not strongly support its use for Crohn's disease.,0.5,3.0
1,dMMR/MSI-H primary advanced endometrial cancer,none,no_kg,llama3.3:70b,0,8,A,3,0.3333333333333333,0,1,1,1,,kg,consistent,4.0,Drug-8 is ranked third due to specific mechanistic links reported in the knowledge graph that align with potential therapeutic targets for dMMR/MSI-H endometrial cancer.,0.625,2.25
1,dMMR/MSI-H primary advanced endometrial cancer,none,no_kg,llama3.3:70b,1,8,B,6,0.16666666666666666,0,0,0,1,,prior,insufficient,1.0,Drug-8 is ranked sixth with the lowest confidence due to no discernible connection to the disease based on available information.,0.0,1.875
1,IgG4-related disease,none,no_kg,llama3.3:70b,0,8,F,8,0.125,0,0,0,1,,prior,conflicting,1.0,"Drug-7's known effects do not align well with the treatment goals for IgG4-related disease, suggesting it might not be suitable.",0.375,2.25
1,IgG4-related disease,none,no_kg,llama3.3:70b,1,8,B,4,0.25,0,0,1,1,,both,conflicting,2.0,"Despite the knowledge graph suggesting Drug-7's involvement in relevant pathways, prior knowledge indicates potential off-target effects that could exacerbate IgG4-related disease symptoms.",0.5,2.25
1,Ph+ CML-CP frontline (EMA Feb 2026),none,no_kg,llama3.3:70b,0,8,B,4,0.25,0,0,1,1,,both,conflicting,2.0,"While Drug-8 has some reported associations with relevant pathways, conflicting evidence regarding its efficacy and safety in Ph+ CML-CP treatment reduces confidence.",0.625,2.25
1,Ph+ CML-CP frontline (EMA Feb 2026),none,no_kg,llama3.3:70b,1,8,G,7,0.14285714285714285,0,0,0,1,,prior,insufficient,1.0,Drug-8 has no known relevant mechanism or evidence supporting its use in Ph+ CML-CP frontline treatment.,0.375,2.5
1,EGPA,none,no_kg,llama3.3:70b,0,8,H,8,0.125,0,0,0,1,,prior,insufficient,1.0,"Drug-1 has no reported or known associations with EGPA pathways or treatment, making its potential efficacy uncertain.",0.25,1.875
1,EGPA,none,no_kg,llama3.3:70b,1,8,G,7,0.14285714285714285,0,0,0,1,,prior,insufficient,1.0,"Drug-1 lacks any notable evidence or prior knowledge supporting its use in treating EGPA, making it the least likely candidate.",0.5,2.375
1,Biliary tract cancer,none,no_kg,llama3.3:70b,0,8,C,6,0.16666666666666666,0,0,0,1,,kg,conflicting,1.0,"Drug-8 has conflicting evidence regarding its efficacy in biliary tract cancer, with the knowledge graph suggesting a link to an implicated pathway but prior knowledge indicating potential ineffectiveness.",0.375,2.25
1,Biliary tract cancer,none,no_kg,llama3.3:70b,1,8,D,6,0.16666666666666666,0,0,0,1,,prior,insufficient,1.0,Drug-8 is ranked sixth due to a complete lack of information on its potential effects on Biliary tract cancer or relevant pathways.,0.0,1.875
1,COPD,none,no_kg,llama3.3:70b,0,8,B,3,0.3333333333333333,0,1,1,1,,kg,insufficient,2.0,The sparse knowledge-graph evidence for Drug-8 does not conclusively support its use in treating COPD.,0.5,1.625
1,COPD,none,no_kg,llama3.3:70b,1,8,C,5,0.2,0,0,1,1,,kg,conflicting,1.0,"The knowledge graph reports conflicting associations for Drug-8, making it difficult to determine its potential efficacy for COPD.",0.5,1.875
1,Primary mediastinal large B-cell lymphoma,none,no_kg,llama3.3:70b,0,8,G,7,0.14285714285714285,0,0,0,1,,prior,insufficient,1.0,Drug-7's potential is uncertain due to a lack of specific evidence from both the knowledge graph and prior pharmacological knowledge related to B-cell lymphoma.,0.375,2.375
1,Primary mediastinal large B-cell lymphoma,none,no_kg,llama3.3:70b,1,8,F,2,0.5,0,1,1,1,,both,consistent,4.0,"Drug-7 shows association with the PI3K/AKT pathway, known for its role in cell survival and proliferation, relevant to lymphoma.",0.5,2.0
1,CRSwNP (eosinophilic chronic rhinosinusitis with nasal polyps),none,no_kg,llama3.3:70b,0,8,D,7,0.14285714285714285,0,0,0,1,,prior,insufficient,1.0,"There's limited information available to assess Drug-8's potential for treating CRSwNP, making its ranking speculative.",0.5,2.375
1,CRSwNP (eosinophilic chronic rhinosinusitis with nasal polyps),none,no_kg,llama3.3:70b,1,8,A,3,0.3333333333333333,0,1,1,1,,prior,insufficient,2.0,"Without specific evidence linking Drug-8 to CRSwNP pathways, its potential is speculative based on general anti-inflammatory properties.",0.625,2.0
1,RAS wild-type HER2+ metastatic colorectal cancer,none,no_kg,llama3.3:70b,0,8,H,8,0.125,0,0,0,1,,prior,insufficient,1.0,"Without evidence or a known mechanism, Drug-7's potential for treating this disease is highly speculative and uncertain.",0.25,2.0
1,RAS wild-type HER2+ metastatic colorectal cancer,none,no_kg,llama3.3:70b,1,8,D,4,0.25,0,0,1,1,,prior,conflicting,3.0,"While Drug-7 has been explored in other cancers, its application to HER2+ metastatic colorectal cancer is less clear and may conflict with known treatment strategies.",0.5,2.375
1,Schnitzler syndrome (Japan),none,no_kg,llama3.3:70b,0,8,B,3,0.3333333333333333,0,1,1,1,,kg,consistent,2.0,"The knowledge graph indicates Drug-8 targets pathways related to immune system regulation, which might help in managing Schnitzler syndrome symptoms.",0.375,1.875
1,Schnitzler syndrome (Japan),none,no_kg,llama3.3:70b,1,8,A,3,0.3333333333333333,0,1,1,1,,kg,conflicting,2.0,The knowledge graph suggests Drug-8 targets a pathway related to inflammation but its application to Schnitzler syndrome is unclear and conflicts with known primary uses.,0.5,1.75
1,HR+/HER2- breast cancer,none,no_kg,llama3.3:70b,0,8,A,1,1.0,1,1,1,1,,both,consistent,4.0,"Drug-8 has been linked to the PI3K/AKT pathway, which is known to be involved in HR+/HER2- breast cancer, and prior knowledge suggests its potential efficacy.",0.625,1.875
1,HR+/HER2- breast cancer,none,no_kg,llama3.3:70b,1,8,D,7,0.14285714285714285,0,0,0,1,,kg,conflicting,1.0,"Drug-8 has some reported associations but these are outweighed by conflicting evidence, reducing confidence in its efficacy for HR+/HER2- breast cancer.",0.625,2.375
1,Psoriasis in children 6-11 (cream),none,no_kg,llama3.3:70b,0,8,D,4,0.25,0,0,1,1,,prior,insufficient,3.0,"Drug-5's mechanism could theoretically apply to treating psoriasis, but without specific evidence, its effectiveness is uncertain.",0.375,2.625
1,Psoriasis in children 6-11 (cream),none,no_kg,llama3.3:70b,1,8,H,8,0.125,0,0,0,1,,prior,insufficient,1.0,"No relevant knowledge-graph evidence or prior pharmacological knowledge supports the use of Drug-5 in treating psoriasis, making its potential efficacy highly speculative.",0.5,2.25
1,Resectable gastric/GEJ adenocarcinoma (neoadj+adj +FLOT),none,no_kg,llama3.3:70b,0,8,E,6,0.16666666666666666,0,0,0,1,,kg,insufficient,1.0,Sparse knowledge graph evidence for Drug-6 does not provide a clear mechanistic link to gastric cancer pathways.,0.625,1.875
1,Resectable gastric/GEJ adenocarcinoma (neoadj+adj +FLOT),none,no_kg,llama3.3:70b,1,8,A,4,0.25,0,0,1,1,,kg,conflicting,2.0,"The knowledge graph reports mixed associations for Drug-6, making its effectiveness against gastric/GEJ adenocarcinoma uncertain.",0.625,1.875
1,COPD (EMA 2025),none,no_kg,llama3.3:70b,0,8,A,3,0.3333333333333333,0,1,1,1,,prior,insufficient,2.0,"While Drug-7 has potential based on prior pharmacological understanding, there's insufficient evidence from the knowledge graph to strongly support its use for COPD.",0.5,1.875
1,COPD (EMA 2025),none,no_kg,llama3.3:70b,1,8,B,5,0.2,0,0,1,1,,prior,insufficient,2.0,"There's insufficient information available to confidently assess Drug-7's potential for treating COPD, relying on prior knowledge that doesn't strongly support its use.",0.625,2.375
1,Ph+ CML-CP after 2+ TKIs,none,no_kg,llama3.3:70b,0,8,H,8,0.125,0,0,0,1,,prior,insufficient,1.0,"Drug-8 has the least clear connection to Ph+ CML-CP treatment mechanisms, with no specific evidence provided.",0.5,2.375
1,Ph+ CML-CP after 2+ TKIs,none,no_kg,llama3.3:70b,1,8,E,7,0.14285714285714285,0,0,0,1,,prior,insufficient,1.0,"Without specific evidence, Drug-8's potential efficacy in Ph+ CML-CP remains speculative based on general pharmacological principles.",0.5,1.875
1,IgE-mediated food allergy,none,no_kg,llama3.3:70b,0,8,A,3,0.3333333333333333,0,1,1,1,,prior,insufficient,3.0,"While there's limited direct evidence from the knowledge graph, prior pharmacological knowledge suggests Drug-1 might have some anti-inflammatory properties that could be beneficial in treating allergies.",0.625,2.375
1,IgE-mediated food allergy,none,no_kg,llama3.3:70b,1,8,B,1,1.0,1,1,1,1,,both,consistent,4.0,Drug-1 has a known anti-inflammatory effect that could potentially alleviate symptoms of IgE-mediated food allergy.,0.375,2.25
1,BRAF+ thyroid cancer,none,no_kg,llama3.3:70b,0,8,A,4,0.25,0,0,1,1,,kg,conflicting,2.0,Drug-8's association with a potentially contradictory pathway in the knowledge graph raises concerns about its effectiveness for BRAF+ thyroid cancer.,0.5,2.375
1,BRAF+ thyroid cancer,none,no_kg,llama3.3:70b,1,8,C,3,0.3333333333333333,0,1,1,1,,prior,insufficient,2.0,"While there is limited evidence for Drug-8, prior knowledge suggests it may have some effect on cell proliferation, which could be relevant to cancer treatment.",0.5,2.0
1,Primary immunodeficiency pediatric (EMA),none,no_kg,llama3.3:70b,0,8,A,3,0.3333333333333333,0,1,1,1,,kg,consistent,2.0,"The knowledge graph suggests Drug-1 targets a pathway involved in immune response, but the connection to primary immunodeficiency is indirect and requires further investigation.",0.625,1.875
1,Primary immunodeficiency pediatric (EMA),none,no_kg,llama3.3:70b,1,8,H,8,0.125,0,0,0,1,,prior,insufficient,1.0,There is insufficient evidence or known mechanism to suggest Drug-1 would be effective in treating primary immunodeficiency pediatric.,0.5,1.875
1,Biliary tract cancer 1L,none,no_kg,llama3.3:70b,0,8,G,7,0.14285714285714285,0,0,0,1,,kg,conflicting,1.0,Conflicting evidence in the knowledge graph regarding Drug-8's effects on cancer pathways reduces confidence in its potential for treating biliary tract cancer.,0.625,1.875
1,Biliary tract cancer 1L,none,no_kg,llama3.3:70b,1,8,G,7,0.14285714285714285,0,0,0,1,,kg,insufficient,1.0,The sparse evidence for Drug-8 from the knowledge graph does not provide a clear rationale for its use in Biliary tract cancer treatment.,0.5,1.875
1,Polymyalgia rheumatica,none,no_kg,llama3.3:70b,0,8,D,7,0.14285714285714285,0,0,0,1,,prior,insufficient,1.0,Drug-8 lacks direct evidence or clear mechanistic links to Polymyalgia rheumatica treatment in the provided information.,0.5,1.875
1,Polymyalgia rheumatica,none,no_kg,llama3.3:70b,1,8,F,7,0.14285714285714285,0,0,0,1,,kg,insufficient,1.0,"The knowledge graph provides limited information on Drug-8, and its mechanism of action is not well-established for polymyalgia rheumatica.",0.5,1.875
1,Chronic lymphocytic leukemia,none,no_kg,llama3.3:70b,0,8,H,8,0.125,0,0,0,1,,prior,insufficient,1.0,Drug-8 has no reported associations or known pharmacological effects that would suggest a plausible mechanism for treating Chronic lymphocytic leukemia.,0.5,2.375
1,Chronic lymphocytic leukemia,none,no_kg,llama3.3:70b,1,8,B,3,0.3333333333333333,0,1,1,1,,kg,consistent,4.0,"Drug-8 has associations in the knowledge graph that link it to disease-relevant targets, but lacks strong prior pharmacological support.",0.5,3.0
1,"Crohn's disease (moderate-severe, refractory)",none,no_kg,llama3.3:70b,0,8,D,4,0.25,0,0,1,1,,prior,insufficient,3.0,"Drug-6 has some known effects that could be beneficial for Crohn's disease, but lacks specific evidence from the knowledge graph.",0.5,2.625
1,"Crohn's disease (moderate-severe, refractory)",none,no_kg,llama3.3:70b,1,8,A,3,0.3333333333333333,0,1,1,1,,prior,insufficient,2.0,"While Drug-6 is known to have immunomodulatory effects that could potentially benefit Crohn's disease patients, the lack of specific evidence in the knowledge graph makes its ranking less confident.",0.625,2.25
1,HER2-mutant NSCLC (EMA),none,no_kg,llama3.3:70b,0,8,G,7,0.14285714285714285,0,0,0,1,,both,conflicting,1.0,"Drug-8 has conflicting evidence regarding its efficacy in treating HER2-mutant NSCLC, making its potential uncertain.",0.625,2.125
1,HER2-mutant NSCLC (EMA),none,no_kg,llama3.3:70b,1,8,A,1,1.0,1,1,1,1,,both,consistent,5.0,Drug-8 shows strong mechanistic links to the HER2 pathway through the knowledge graph and aligns with prior pharmacological understanding of targeting HER2 in NSCLC.,0.375,2.875
1,Giant cell arteritis,none,no_kg,llama3.3:70b,0,8,H,8,0.125,0,0,0,1,,prior,insufficient,1.0,"Drug-8 has no provided evidence and thus is ranked last, with its potential for treating Giant cell arteritis being purely speculative.",0.25,1.75
1,Giant cell arteritis,none,no_kg,llama3.3:70b,1,8,B,1,1.0,1,1,1,1,,prior,insufficient,3.0,Drug-8 might be considered first due to potential anti-inflammatory properties often seen in treatments for arteritis conditions.,0.0,1.875
1,First-line anemia in lower-risk MDS,none,no_kg,llama3.3:70b,0,8,E,6,0.16666666666666666,0,0,0,1,,prior,insufficient,2.0,Drug-8's potential in this context is unclear without more detailed pharmacological data or evidence from the knowledge graph.,0.0,2.25
1,First-line anemia in lower-risk MDS,none,no_kg,llama3.3:70b,1,8,A,4,0.25,0,0,1,1,,kg,conflicting,2.0,"Drug-8 has some reported associations with pathways relevant to anemia, but these are not consistently supported by prior pharmacological knowledge, leading to lower confidence in its ranking.",0.5,2.375
1,GVHD + pediatric,none,no_kg,llama3.3:70b,0,8,D,6,0.16666666666666666,0,0,0,1,,prior,insufficient,1.0,"Without specific evidence from the knowledge graph or known pharmacological effects directly related to GVHD, Drug-6's potential is uncertain.",0.625,1.875
1,GVHD + pediatric,none,no_kg,llama3.3:70b,1,8,G,4,0.25,0,0,1,1,,both,conflicting,2.0,"Drug-6 has shown potential in immune-related conditions, but conflicting reports on its efficacy and safety in pediatric populations raise concerns.",0.625,1.875
1,MSI-H/dMMR solid tumors (full approval conversion),none,no_kg,llama3.3:70b,0,8,H,8,0.125,0,0,0,1,,prior,insufficient,1.0,"Drug-7 has no clear association with MSI-H/dMMR solid tumors based on available evidence, resulting in a low ranking due to insufficient information.",0.5,2.375
1,MSI-H/dMMR solid tumors (full approval conversion),none,no_kg,llama3.3:70b,1,8,B,6,0.16666666666666666,0,0,0,1,,kg,insufficient,1.0,The knowledge graph lacks sufficient data to assess Drug-7's potential efficacy against the target disease.,0.5,1.875
1,Antibody-mediated rejection in organ transplantation,none,no_kg,llama3.3:70b,0,8,F,3,0.3333333333333333,0,1,1,1,,prior,insufficient,3.0,"While there is no direct evidence, Drug-1's known immunosuppressive properties make it a plausible candidate.",0.625,2.625
1,Antibody-mediated rejection in organ transplantation,none,no_kg,llama3.3:70b,1,8,D,2,0.5,0,1,1,1,,both,consistent,4.0,Drug-1's association with immunomodulatory pathways suggests potential in reducing immune responses leading to organ rejection.,0.375,2.75
1,Pancreatic NET,none,no_kg,llama3.3:70b,0,8,B,5,0.2,0,0,1,1,,prior,insufficient,1.0,Drug-7 lacks sufficient evidence from both the knowledge graph and prior pharmacological knowledge to assess its potential for treating Pancreatic NET.,0.375,1.875
1,Pancreatic NET,none,no_kg,llama3.3:70b,1,8,D,2,0.5,0,1,1,1,,both,consistent,4.0,"Drug-7 has mechanistic links to a pathway involved in tumor proliferation, aligning with knowledge graph and prior pharmacological insights.",0.375,2.0
1,Follicular lymphoma (+obinutuzumab),none,no_kg,llama3.3:70b,0,8,A,1,1.0,1,1,1,1,,prior,insufficient,2.0,Drug-8 is ranked first based on the assumption that it might have some immunomodulatory effects given its unknown mechanism and potential overlap with obinutuzumab's action.,0.0,1.875
1,Follicular lymphoma (+obinutuzumab),none,no_kg,llama3.3:70b,1,8,H,8,0.125,0,0,0,1,,kg,conflicting,1.0,"Drug-8 has reported associations with pathways not primarily linked to follicular lymphoma, and conflicting evidence regarding its efficacy for this disease.",0.625,2.375
1,HR+/HER2- node-positive high-risk early breast cancer,none,no_kg,llama3.3:70b,0,8,A,3,0.3333333333333333,0,1,1,1,,prior,insufficient,2.0,"Without specific evidence, Drug-8's potential is based on general knowledge of its mechanism, which may or may not apply to HR+/HER2- breast cancer.",0.25,1.875
1,HR+/HER2- node-positive high-risk early breast cancer,none,no_kg,llama3.3:70b,1,8,E,6,0.16666666666666666,0,0,0,1,,kg,conflicting,3.0,"The knowledge graph suggests Drug-8 may interact with a relevant pathway, but conflicting reports and lack of clarity reduce confidence in its efficacy.",0.625,2.625
1,BRAF+ thyroid cancer,none,no_kg,llama3.3:70b,0,8,C,3,0.3333333333333333,0,1,1,1,,prior,insufficient,2.0,"While Drug-6 is known to have anticancer properties, its relevance to BRAF+ thyroid cancer specifically is unclear without direct evidence.",0.625,1.875
1,BRAF+ thyroid cancer,none,no_kg,llama3.3:70b,1,8,E,5,0.2,0,0,1,1,,prior,insufficient,1.0,"No evidence is available for Drug-6, and prior knowledge does not suggest a clear mechanism for its potential efficacy in treating BRAF+ thyroid cancer.",0.25,2.125
1,HER2+ solid tumors (tumor-agnostic),none,no_kg,llama3.3:70b,0,8,G,7,0.14285714285714285,0,0,0,1,,kg,insufficient,1.0,Drug-8 lacks sufficient evidence in the knowledge graph to assess its mechanistic plausibility for treating HER2+ solid tumors.,0.5,2.25
1,HER2+ solid tumors (tumor-agnostic),none,no_kg,llama3.3:70b,1,8,E,2,0.5,0,1,1,1,,both,consistent,4.0,"Drug-8 shows potential in targeting HER2+ solid tumors based on the knowledge graph and prior knowledge, though slightly less direct than Drug-7.",0.25,2.625
1,"mCRC BRAF V600E (traditional approval, was accelerated)",none,no_kg,llama3.3:70b,0,8,D,4,0.25,0,0,1,1,,prior,insufficient,2.0,"Drug-7 lacks direct evidence in the knowledge graph, making its assessment reliant on general pharmacological principles.",0.25,1.875
1,"mCRC BRAF V600E (traditional approval, was accelerated)",none,no_kg,llama3.3:70b,1,8,H,8,0.125,0,0,0,1,,prior,insufficient,1.0,"Drug-7 has no apparent connection to BRAF V600E or mCRC treatment based on available knowledge, making its potential efficacy very uncertain.",0.5,2.5
1,"Pediatric low-grade glioma (+dabrafenib, BRAF V600E)",none,no_kg,llama3.3:70b,0,8,A,1,1.0,1,1,1,1,,prior,insufficient,4.0,"Although there's no direct evidence provided for Drug-7, its prioritization is based on the assumption that it might have been considered due to some relevance to BRAF V600E or MAPK/ERK pathway inhibition.",0.0,2.125
1,"Pediatric low-grade glioma (+dabrafenib, BRAF V600E)",none,no_kg,llama3.3:70b,1,8,E,5,0.2,0,0,1,1,,kg,consistent,4.0,"Drug-7 is linked to targets and pathways relevant to Pediatric low-grade glioma, offering a plausible mechanism of action.",0.625,2.75
1,HR+/HER2- metastatic breast cancer,none,no_kg,llama3.3:70b,0,8,H,8,0.125,0,0,0,1,,prior,insufficient,1.0,Drug-8 has no clear association with the disease mechanisms of HR+/HER2- breast cancer based on available data.,0.5,2.375
1,HR+/HER2- metastatic breast cancer,none,no_kg,llama3.3:70b,1,8,H,8,0.125,0,0,0,1,,prior,insufficient,1.0,Drug-8 lacks any substantial evidence or mechanistic rationale for treating HR+/HER2- metastatic breast cancer.,0.375,2.625
1,1L biliary tract cancer (+gemcitabine+cisplatin),none,no_kg,llama3.3:70b,0,8,F,5,0.2,0,0,1,1,,kg,conflicting,2.0,"Drug-5's potential against biliary tract cancer is suggested by some knowledge graph associations, but these are not consistently supported by prior pharmacological knowledge.",0.5,2.375
1,1L biliary tract cancer (+gemcitabine+cisplatin),none,no_kg,llama3.3:70b,1,8,C,2,0.5,0,1,1,1,,both,consistent,4.0,"Drug-5 is ranked second because it targets a protein that plays a role in cell proliferation, a mechanism relevant to cancer treatment, as indicated by both the knowledge graph and prior knowledge.",0.25,2.25
1,RET-fusion NSCLC (expanded),none,no_kg,llama3.3:70b,0,8,H,8,0.125,0,0,0,1,,prior,insufficient,1.0,Drug-8 is ranked last due to a complete lack of evidence or known mechanisms that could plausibly link it to effective treatment of RET-fusion NSCLC.,0.25,2.0
1,RET-fusion NSCLC (expanded),none,no_kg,llama3.3:70b,1,8,C,8,0.125,0,0,0,1,,kg,conflicting,1.0,"Drug-8 has the weakest case due to conflicting evidence from the knowledge graph and a lack of supporting prior knowledge, making its application in RET-fusion NSCLC highly questionable.",0.625,2.375
1,HR+/HER2- metastatic breast cancer,none,no_kg,llama3.3:70b,0,8,F,6,0.16666666666666666,0,0,0,1,,prior,insufficient,2.0,Drug-7's mechanism does not clearly align with known pathways involved in HR+/HER2- breast cancer.,0.5,1.875
1,HR+/HER2- metastatic breast cancer,none,no_kg,llama3.3:70b,1,8,D,4,0.25,0,0,1,1,,kg,conflicting,2.0,Drug-7's mechanism as reported in the knowledge graph conflicts with known pharmacological actions relevant to treating HR+/HER2- metastatic breast cancer.,0.625,3.0
1,Pheochromocytoma/paraganglioma,none,no_kg,llama3.3:70b,0,8,C,7,0.14285714285714285,0,0,0,1,,kg,insufficient,1.0,The knowledge graph does not provide sufficient information about Drug-8's potential effectiveness against Pheochromocytoma/paraganglioma.,0.5,2.25
1,Pheochromocytoma/paraganglioma,none,no_kg,llama3.3:70b,1,8,H,8,0.125,0,0,0,1,,kg,insufficient,2.0,"The knowledge graph provides limited information on Drug-8's relevance to the disease, making its potential impact unclear.",0.625,3.0
1,Gastric/GEJ adenocarcinoma (1L +chemo),none,no_kg,llama3.3:70b,0,8,H,8,0.125,0,0,0,1,,prior,insufficient,1.0,Drug-7 has the least clear connection to relevant cancer pathways or targets based on available prior knowledge.,0.0,2.125
1,Gastric/GEJ adenocarcinoma (1L +chemo),none,no_kg,llama3.3:70b,1,8,B,5,0.2,0,0,1,1,,kg,conflicting,2.0,"The knowledge graph reports mixed associations for Drug-7, some of which conflict with known mechanisms of action for Gastric/GEJ adenocarcinoma treatment.",0.5,2.25
1,Metastatic colorectal cancer,none,no_kg,llama3.3:70b,0,8,E,2,0.5,0,1,1,1,,kg,consistent,4.0,"Drug-1 is associated with targets that influence pathways relevant to metastatic colorectal cancer, as indicated by the knowledge graph.",0.5,2.375
1,Metastatic colorectal cancer,none,no_kg,llama3.3:70b,1,8,F,5,0.2,0,0,1,1,,prior,insufficient,2.0,"With no direct evidence from the knowledge graph and limited prior knowledge of its application to metastatic colorectal cancer, Drug-1's potential is uncertain.",0.5,2.5
1,Gastric/GEJ adenocarcinoma,none,no_kg,llama3.3:70b,0,8,F,7,0.14285714285714285,0,0,0,1,,prior,insufficient,1.0,"There's insufficient evidence to assess Drug-7's potential against this disease, with no clear links to relevant pathways.",0.5,2.375
1,Gastric/GEJ adenocarcinoma,none,no_kg,llama3.3:70b,1,8,H,7,0.14285714285714285,0,0,0,1,,kg,conflicting,1.0,"The knowledge graph suggests Drug-7 may promote cell growth, which would be counterproductive in treating adenocarcinoma.",0.375,1.875
1,Urothelial carcinoma (expanded population),none,no_kg,llama3.3:70b,0,8,B,2,0.5,0,1,1,1,,kg,consistent,3.0,Drug-8 shows a potential pathway to affecting urothelial carcinoma based on the knowledge graph evidence alone.,0.625,1.875
1,Urothelial carcinoma (expanded population),none,no_kg,llama3.3:70b,1,8,D,2,0.5,0,1,1,1,,kg,consistent,4.0,Drug-8 is associated with apoptosis pathways relevant to treating urothelial carcinoma according to the knowledge graph.,0.25,2.0
1,HER2+ early-stage BC (neoadjuvant + adjuvant),none,no_kg,llama3.3:70b,0,8,H,8,0.125,0,0,0,1,,prior,insufficient,1.0,Drug-8 has no apparent connection to the treatment of HER2+ breast cancer based on provided information and general pharmacological knowledge.,0.5,2.375
1,HER2+ early-stage BC (neoadjuvant + adjuvant),none,no_kg,llama3.3:70b,1,8,H,8,0.125,0,0,0,1,,prior,insufficient,1.0,"Drug-8 has no clear links to HER2+ breast cancer treatment based on available knowledge graph evidence or prior pharmacological understanding, making it the least likely candidate.",0.5,2.625
1,Pediatric BRAF V600E low-grade glioma,none,no_kg,llama3.3:70b,0,8,F,7,0.14285714285714285,0,0,0,1,,prior,insufficient,1.0,Drug-5 lacks clear evidence of its efficacy in treating Pediatric BRAF V600E low-grade glioma or related conditions.,0.375,2.125
1,Pediatric BRAF V600E low-grade glioma,none,no_kg,llama3.3:70b,1,8,D,4,0.25,0,0,1,1,,both,conflicting,2.0,"Drug-5 has mixed evidence regarding its efficacy against BRAF V600E mutations, with some sources suggesting potential and others indicating limitations.",0.625,2.375
1,HR+/HER2- early breast cancer (adjuvant),none,no_kg,llama3.3:70b,0,8,F,7,0.14285714285714285,0,0,0,1,,prior,insufficient,1.0,Drug-6 is ranked lower due to very limited prior knowledge or evidence suggesting its effectiveness in treating HR+/HER2- breast cancer.,0.0,2.25
1,HR+/HER2- early breast cancer (adjuvant),none,no_kg,llama3.3:70b,1,8,A,1,1.0,1,1,1,1,,both,consistent,5.0,"Drug-6 has strong evidence from both knowledge graph and prior knowledge, showing a clear mechanistic link to estrogen receptor modulation in HR+/HER2- breast cancer.",0.5,2.375
1,HR+/HER2-low breast cancer,none,no_kg,llama3.3:70b,0,8,H,8,0.125,0,0,0,1,,prior,insufficient,1.0,Drug-8 has no direct evidence or plausible mechanism of action for HR+/HER2-low breast cancer based on the provided information and prior knowledge.,0.25,2.0
1,HR+/HER2-low breast cancer,none,no_kg,llama3.3:70b,1,8,B,4,0.25,0,0,1,1,,kg,conflicting,2.0,"Drug-8 has some mechanistic links to breast cancer pathways, but the evidence from the knowledge graph conflicts with prior pharmacological knowledge regarding its efficacy in HR+/HER2-low subtypes.",0.625,2.375
1,Platinum-resistant ovarian carcinoma (PD-L1+ CPS≥1),none,no_kg,llama3.3:70b,0,8,D,6,0.16666666666666666,0,0,0,1,,prior,insufficient,1.0,Drug-6 does not have clear mechanistic links to Platinum-resistant ovarian carcinoma based on provided evidence or prior knowledge.,0.375,1.875
1,Platinum-resistant ovarian carcinoma (PD-L1+ CPS≥1),none,no_kg,llama3.3:70b,1,8,G,4,0.25,0,0,1,1,,both,conflicting,2.0,"While Drug-6 has some mechanistic links to pathways relevant to cancer treatment, conflicting evidence regarding its efficacy in ovarian carcinoma reduces confidence.",0.5,2.25
1,TRD monotherapy,primekg,kg,llama3.3:70b,0,8,C,1,1.0,1,1,1,1,,both,consistent,4.0,"Drug-7 targets GRIN genes and BDNF, which are related to neurological functions and potentially relevant to TRD monotherapy.",0.25,1.875
1,TRD monotherapy,primekg,kg,llama3.3:70b,1,8,D,1,1.0,1,1,1,1,,both,consistent,4.0,"Drug-7's targets include glutamate receptors which are implicated in neurotransmission and psychiatric disorders, aligning with the neurological basis of TRD monotherapy.",0.125,2.0
1,ILD-associated pulmonary hypertension,primekg,kg,llama3.3:70b,0,8,C,1,1.0,1,1,1,1,,prior,insufficient,3.0,Drug-1's target PTGIR might indirectly relate to vascular aspects of ILD-associated pulmonary hypertension.,0.0,1.625
1,ILD-associated pulmonary hypertension,primekg,kg,llama3.3:70b,1,8,C,5,0.2,0,0,1,1,,prior,insufficient,2.0,"Drug-1's targets include PTGIR and PPARD, which could influence vascular tone and inflammation, but their direct relevance to treating ILD-associated pulmonary hypertension is uncertain.",0.0,2.0
1,Indolent systemic mastocytosis (EMA),primekg,kg,llama3.3:70b,0,8,B,1,1.0,1,1,1,1,,both,consistent,5.0,"Drug-8 targets KIT, a gene directly associated with Indolent systemic mastocytosis (EMA), providing a clear mechanistic link.",0.125,1.75
1,Indolent systemic mastocytosis (EMA),primekg,kg,llama3.3:70b,1,8,G,1,1.0,1,1,1,1,,prior,insufficient,2.0,"Drug-8 targets KIT, a gene associated with Indolent systemic mastocytosis (EMA), but this is the only clear link.",0.0,1.125
1,Hidradenitis suppurativa,primekg,kg,llama3.3:70b,0,8,F,1,1.0,1,1,1,1,,both,consistent,4.0,"Drug-7 targets IL17A, which is involved in inflammatory pathways potentially relevant to Hidradenitis suppurativa.",0.125,1.625
1,Hidradenitis suppurativa,primekg,kg,llama3.3:70b,1,8,G,1,1.0,1,1,1,1,,both,consistent,4.0,"Drug-7 targets IL17A, which is involved in inflammatory pathways potentially relevant to Hidradenitis suppurativa.",0.125,1.625
1,Chronic hepatitis B (pediatric),primekg,kg,llama3.3:70b,0,8,E,6,0.16666666666666666,0,0,0,1,,prior,insufficient,2.0,"Drug-6 targets various transporters and enzymes, but without more specific information about their roles in hepatitis B, its ranking is uncertain.",0.375,2.25
1,Chronic hepatitis B (pediatric),primekg,kg,llama3.3:70b,1,8,H,8,0.125,0,0,0,1,,prior,insufficient,1.0,"Drug-6 targets various proteins involved in metabolism and transport, but none have a clear connection to Chronic hepatitis B (pediatric) mechanisms.",0.25,1.75
1,HoFH pediatric (EMA),primekg,kg,llama3.3:70b,0,8,H,8,0.125,0,0,0,1,,prior,insufficient,1.0,"No information is provided for Drug-8, making it impossible to assess its mechanistic plausibility for HoFH pediatric.",0.25,1.875
1,HoFH pediatric (EMA),primekg,kg,llama3.3:70b,1,8,E,6,0.16666666666666666,0,0,0,1,,prior,insufficient,1.0,"No information is provided about Drug-8's targets, making it impossible to assess its potential efficacy for HoFH pediatric (EMA).",0.0,1.375
1,Nephrotic syndrome,primekg,kg,llama3.3:70b,0,8,F,2,0.5,0,1,1,1,,prior,insufficient,3.0,"MS4A1 is involved in immune responses, which may be relevant to nephrotic syndrome, but the connection is unclear.",0.375,2.25
1,Nephrotic syndrome,primekg,kg,llama3.3:70b,1,8,A,5,0.2,0,0,1,1,,prior,insufficient,2.0,The target MS4A1 for Drug-1 does not have a clear connection to Nephrotic syndrome based on the provided information.,0.375,2.25
1,Follicular lymphoma,primekg,kg,llama3.3:70b,0,8,C,1,1.0,1,1,1,1,,both,consistent,5.0,"Drug-8 targets CD19, which is relevant to B-cell lymphomas like follicular lymphoma.",0.125,2.125
1,Follicular lymphoma,primekg,kg,llama3.3:70b,1,8,B,1,1.0,1,1,1,1,,both,consistent,4.0,"Drug-8 targets CD19, a protein relevant to B-cell development and function, which is implicated in Follicular lymphoma.",0.125,1.375
1,Retinal vein occlusion,primekg,kg,llama3.3:70b,0,8,D,1,1.0,1,1,1,1,,both,consistent,5.0,"Drug-8 targets VEGFA, which is directly associated with Retinal vein occlusion in the knowledge graph.",0.125,1.75
1,Retinal vein occlusion,primekg,kg,llama3.3:70b,1,8,E,1,1.0,1,1,1,1,,both,consistent,5.0,"Drug-8 targets VEGFA, which is directly associated with Retinal vein occlusion, providing a strong mechanistic link.",0.125,1.75
1,Agitation associated with Alzheimer's dementia,primekg,kg,llama3.3:70b,0,8,B,1,1.0,1,1,1,1,,both,consistent,4.0,"Drug-2 targets GRIN3A, which may be relevant to neurological functions and agitation in Alzheimer's disease.",0.25,1.5
1,Agitation associated with Alzheimer's dementia,primekg,kg,llama3.3:70b,1,8,E,1,1.0,1,1,1,1,,both,consistent,4.0,"Drug-2 targets GRIN3A, which is related to neurodegenerative diseases and could be relevant to treating Agitation associated with Alzheimer's dementia.",0.25,2.25
1,High LDL-C with increased CV risk (expanded),primekg,kg,llama3.3:70b,0,8,C,1,1.0,1,1,1,1,,both,consistent,5.0,"Drug-8 targets PCSK9, a key gene associated with High LDL-C and CV risk, providing a strong mechanistic link.",0.125,1.625
1,High LDL-C with increased CV risk (expanded),primekg,kg,llama3.3:70b,1,8,E,1,1.0,1,1,1,1,,both,consistent,5.0,"Drug-8 targets PCSK9, a key gene involved in lipid metabolism and associated with High LDL-C with increased CV risk.",0.125,1.75
1,Indolent systemic mastocytosis,primekg,kg,llama3.3:70b,0,8,B,1,1.0,1,1,1,1,,both,consistent,4.0,"Drug-8 targets KIT, a gene associated with Indolent systemic mastocytosis.",0.25,2.0
1,Indolent systemic mastocytosis,primekg,kg,llama3.3:70b,1,8,G,1,1.0,1,1,1,1,,both,consistent,5.0,"Drug-8 targets KIT, a gene directly associated with Indolent systemic mastocytosis, providing a strong mechanistic link.",0.375,1.75
1,EGPA (expanded),primekg,kg,llama3.3:70b,0,8,F,1,1.0,1,1,1,1,,both,consistent,4.0,"Drug-7 targets IL5RA, which could modulate immune responses relevant to EGPA.",0.125,1.625
1,EGPA (expanded),primekg,kg,llama3.3:70b,1,8,G,1,1.0,1,1,1,1,,both,consistent,4.0,"Drug-7 targets IL5RA, which is relevant to immune system diseases like EGPA, providing a plausible mechanistic link.",0.125,1.875
1,COVID-19 (expanded population),primekg,kg,llama3.3:70b,0,8,C,6,0.16666666666666666,0,0,0,1,,prior,insufficient,1.0,"Drug-8's targets include several transporters and enzymes, but the connection to COVID-19 pathophysiology or treatment is not apparent from the information given.",0.0,1.875
1,COVID-19 (expanded population),primekg,kg,llama3.3:70b,1,8,A,6,0.16666666666666666,0,0,0,1,,prior,insufficient,1.0,Drug-8's targets do not clearly relate to known COVID-19 mechanisms or pathways based on the provided information.,0.5,2.0
1,Obstructive sleep apnea with obesity,primekg,kg,llama3.3:70b,0,8,H,8,0.125,0,0,0,1,,prior,insufficient,1.0,"No information is provided about Drug-8's targets, making it impossible to assess its potential for treating obstructive sleep apnea with obesity.",0.125,1.5
1,Obstructive sleep apnea with obesity,primekg,kg,llama3.3:70b,1,8,G,7,0.14285714285714285,0,0,0,1,,prior,insufficient,1.0,"No information is provided about Drug-8's targets or mechanisms, making it impossible to assess its potential for treating Obstructive sleep apnea with obesity.",0.125,1.5
1,KRAS G12C+ mCRC,primekg,kg,llama3.3:70b,0,8,E,9,0.1111111111111111,0,0,0,1,,,,,,1.0,5.0
1,KRAS G12C+ mCRC,primekg,kg,llama3.3:70b,1,8,C,1,1.0,1,1,1,1,,both,consistent,5.0,"Drug-8 directly targets KRAS, a key mutation in KRAS G12C+ mCRC.",0.125,1.75
1,Diabetic retinopathy/DME (EMA Mar+May 2026),primekg,kg,llama3.3:70b,0,8,C,1,1.0,1,1,1,1,,both,consistent,4.0,"Drug-8 targets ANGPT2 and VEGFA, which are involved in angiogenesis and vascular permeability relevant to diabetic retinopathy/DME.",0.125,2.0
1,Diabetic retinopathy/DME (EMA Mar+May 2026),primekg,kg,llama3.3:70b,1,8,A,1,1.0,1,1,1,1,,both,consistent,4.0,"Drug-8 targets ANGPT2 and VEGFA, which are involved in angiogenesis and vascular permeability, making it a plausible candidate for treating diabetic retinopathy.",0.125,1.625
1,Chorea associated with Huntington's disease,primekg,kg,llama3.3:70b,0,8,G,3,0.3333333333333333,0,1,1,1,,prior,insufficient,2.0,"Drug-8's targets are primarily involved in drug metabolism, which may not have a direct impact on Chorea associated with Huntington's disease.",0.125,1.625
1,Chorea associated with Huntington's disease,primekg,kg,llama3.3:70b,1,8,G,7,0.14285714285714285,0,0,0,1,,prior,insufficient,1.0,"Drug-8 primarily targets cytochrome P450 enzymes, which are involved in drug metabolism but not directly linked to the disease mechanisms.",0.125,1.625
1,Heart failure (broadened),primekg,kg,llama3.3:70b,0,8,C,5,0.2,0,0,1,1,,prior,insufficient,2.0,"Drug-8 targets several CYP enzymes, which are involved in drug metabolism, but its relevance to heart failure is unclear.",0.125,2.0
1,Heart failure (broadened),primekg,kg,llama3.3:70b,1,8,C,6,0.16666666666666666,0,0,0,1,,prior,insufficient,1.0,Drug-8 targets multiple enzymes involved in drug metabolism but lacks a direct mechanism related to heart failure based on the provided information.,0.375,2.125
1,Acquired hypofibrinogenemia in cardiovascular surgery,primekg,kg,llama3.3:70b,0,8,E,6,0.16666666666666666,0,0,0,1,,prior,insufficient,1.0,"No information is provided about Drug-6's targets, making it impossible to assess its potential effects on Acquired hypofibrinogenemia.",0.0,1.375
1,Acquired hypofibrinogenemia in cardiovascular surgery,primekg,kg,llama3.3:70b,1,8,E,2,0.5,0,1,1,1,,prior,insufficient,1.0,"No information is available for Drug-6, making it difficult to assess its potential effects on Acquired hypofibrinogenemia in cardiovascular surgery.",0.25,1.375
1,Pediatric atopic dermatitis,primekg,kg,llama3.3:70b,0,8,C,7,0.14285714285714285,0,0,0,1,,both,conflicting,3.0,"Drug-8 targets several enzymes and transporters including SLCO1B1 and JAK1, which could influence immune responses or drug metabolism, but its direct link to atopic dermatitis is not established.",0.375,1.75
1,Pediatric atopic dermatitis,primekg,kg,llama3.3:70b,1,8,E,4,0.25,0,0,1,1,,kg,insufficient,2.0,"Drug-8 targets several enzymes and transporters, but its connection to pediatric atopic dermatitis is not well-established.",0.375,2.0
1,COVID-19 updated strain,primekg,kg,llama3.3:70b,0,8,D,8,0.125,0,0,0,1,,prior,insufficient,1.0,"No evidence was provided for Drug-8, making its potential as a COVID-19 treatment entirely uncertain.",0.25,1.875
1,COVID-19 updated strain,primekg,kg,llama3.3:70b,1,8,A,3,0.3333333333333333,0,1,1,1,,prior,insufficient,1.0,"No information is provided about Drug-8's targets or mechanisms, offering no basis for assessment.",0.625,1.5
1,Delay T1D onset in children ≥1yr,primekg,kg,llama3.3:70b,0,8,C,5,0.2,0,0,1,1,,prior,insufficient,1.0,"No information is provided about Drug-7's targets or mechanisms, making its assessment entirely speculative.",0.25,1.375
1,Delay T1D onset in children ≥1yr,primekg,kg,llama3.3:70b,1,8,B,3,0.3333333333333333,0,1,1,1,,prior,insufficient,2.0,"No targets are provided for Drug-7, making it difficult to assess its mechanistic plausibility based on the knowledge graph or prior knowledge.",0.125,1.625
1,Unresectable thymic carcinoma (PMDA),primekg,kg,llama3.3:70b,0,8,C,5,0.2,0,0,1,1,,prior,insufficient,2.0,"Drug-6 targets several transporters and CYP2B6, which might influence drug disposition in cancer cells.",0.0,1.75
1,Unresectable thymic carcinoma (PMDA),primekg,kg,llama3.3:70b,1,8,H,3,0.3333333333333333,0,1,1,1,,prior,insufficient,2.0,"While Drug-6 targets several enzymes and transporters, the lack of direct evidence linking these to unresectable thymic carcinoma makes its plausibility less clear.",0.5,1.875
1,Retinal vein occlusion,primekg,kg,llama3.3:70b,0,8,G,1,1.0,1,1,1,1,,both,consistent,5.0,"Drug-8 targets VEGFA, which is directly associated with Retinal vein occlusion.",0.125,1.875
1,Retinal vein occlusion,primekg,kg,llama3.3:70b,1,8,E,1,1.0,1,1,1,1,,both,consistent,5.0,"Drug-8 targets VEGFA, which is directly associated with Retinal vein occlusion in the knowledge graph.",0.125,1.75
1,Spinal muscular atrophy (pediatric expansion),primekg,kg,llama3.3:70b,0,8,H,8,0.125,0,0,0,1,,prior,insufficient,1.0,"Drug-8 targets several enzymes involved in drug metabolism and transport, but without evidence linking these targets to Spinal muscular atrophy, its potential is highly speculative.",0.0,1.375
1,Spinal muscular atrophy (pediatric expansion),primekg,kg,llama3.3:70b,1,8,D,6,0.16666666666666666,0,0,0,1,,prior,insufficient,1.0,"Drug-8 targets several enzymes, but none are directly related to Spinal muscular atrophy.",0.125,1.5
1,Chronic thromboembolic pulmonary hypertension,primekg,kg,llama3.3:70b,0,8,E,8,0.125,0,0,0,1,,prior,insufficient,1.0,"Drug-7 targets F10 and ABCB1, but without clear relevance to the disease's pathophysiology, its potential is uncertain.",0.125,1.875
1,Chronic thromboembolic pulmonary hypertension,primekg,kg,llama3.3:70b,1,8,B,4,0.25,0,0,1,1,,prior,insufficient,2.0,"Drug-7 targets F10 and ABCB1; while F10's role in coagulation is notable, its direct relevance to chronic thromboembolic pulmonary hypertension is uncertain.",0.0,1.625
1,Polycythaemia vera and essential thrombocytopenia,primekg,kg,llama3.3:70b,0,8,D,1,1.0,1,1,1,1,,both,insufficient,3.0,"Drug-1 targets IFNAR1 and IFNAR2, which could potentially modulate immune responses relevant to polycythaemia vera and essential thrombocytopenia, despite the lack of direct evidence.",0.125,1.5
1,Polycythaemia vera and essential thrombocytopenia,primekg,kg,llama3.3:70b,1,8,C,1,1.0,1,1,1,1,,both,consistent,4.0,"Drug-1 targets interferon receptors, which might be relevant given the disease's link to IFNA2.",0.125,1.75
1,Generalized myasthenia gravis,primekg,kg,llama3.3:70b,0,8,G,1,1.0,1,1,1,1,,both,consistent,4.0,"Drug-8 targets CD19, which is involved in immune response, and Generalized myasthenia gravis is an autoimmune disease.",0.125,2.25
1,Generalized myasthenia gravis,primekg,kg,llama3.3:70b,1,8,E,1,1.0,1,1,1,1,,both,consistent,4.0,"Drug-8 targets CD19, which is involved in the immune system, and could potentially modulate the autoimmune response in Generalized myasthenia gravis.",0.125,2.0
1,Invasive fungal infections pediatric ≥2yr,primekg,kg,llama3.3:70b,0,8,G,2,0.5,0,1,1,1,,prior,insufficient,2.0,"Drug-5 targets ABCB1, a drug efflux pump that could influence the pharmacokinetics of antifungal drugs, potentially affecting their efficacy against invasive fungal infections.",0.0,1.375
1,Invasive fungal infections pediatric ≥2yr,primekg,kg,llama3.3:70b,1,8,A,3,0.3333333333333333,0,1,1,1,,both,insufficient,2.0,"Drug-5 targets CYP3A4, which is involved in the metabolism of some antifungal drugs, but lacks direct evidence for a therapeutic effect against fungal infections.",0.25,1.625
1,PKU expanded to ≥12yr,primekg,kg,llama3.3:70b,0,8,B,7,0.14285714285714285,0,0,0,1,,prior,insufficient,1.0,"No information is available for Drug-8, making it impossible to assess its mechanistic plausibility.",0.125,2.0
1,PKU expanded to ≥12yr,primekg,kg,llama3.3:70b,1,8,F,8,0.125,0,0,0,1,,prior,insufficient,1.0,"No information is available for Drug-8, preventing a meaningful assessment of its potential for PKU treatment.",0.125,1.5
1,IDH1-mutated relapsed/refractory MDS,primekg,kg,llama3.3:70b,0,8,A,1,1.0,1,1,1,1,,both,consistent,5.0,"Drug-8 directly targets IDH1, a mutation central to the disease, making it the most plausible candidate.",0.125,1.875
1,IDH1-mutated relapsed/refractory MDS,primekg,kg,llama3.3:70b,1,8,A,1,1.0,1,1,1,1,,both,consistent,5.0,"Drug-8 directly targets IDH1, a mutation central to the disease pathology.",0.125,1.75
1,Retinopathy of prematurity,primekg,kg,llama3.3:70b,0,8,B,2,0.5,0,1,1,1,,both,consistent,3.0,"Drug-6 targets VEGFA and VEGFB, which are involved in angiogenesis and potentially relevant to the pathology of Retinopathy of prematurity.",0.25,2.0
1,Retinopathy of prematurity,primekg,kg,llama3.3:70b,1,8,E,1,1.0,1,1,1,1,,both,consistent,4.0,"Drug-6 targets VEGFA, which is related to angiogenesis and potentially relevant to retinal disease, making it a plausible candidate.",0.125,2.0
1,Agitation associated with Alzheimer's dementia,primekg,kg,llama3.3:70b,0,8,H,1,1.0,1,1,1,1,,both,consistent,4.0,"Drug-5 targets multiple neurotransmitter receptors, including ADRA1B, HTR1A, and DRD2, which could be relevant to treating agitation in Alzheimer's dementia.",0.5,2.125
1,Agitation associated with Alzheimer's dementia,primekg,kg,llama3.3:70b,1,8,G,1,1.0,1,1,1,1,,both,consistent,4.0,"Drug-5 targets neurotransmitter receptors implicated in agitation, such as ADRA1B and HTR1A, suggesting potential therapeutic effects.",0.25,2.0
1,LDL-C elevation in statin-intolerant dyslipidemia,primekg,kg,llama3.3:70b,0,8,D,2,0.5,0,1,1,1,,prior,insufficient,2.0,Lack of provided evidence makes it difficult to assess Drug-8's potential for treating LDL-C elevation in statin-intolerant dyslipidemia.,0.625,2.375
1,LDL-C elevation in statin-intolerant dyslipidemia,primekg,kg,llama3.3:70b,1,8,A,8,0.125,0,0,0,1,,prior,insufficient,1.0,"No information is provided about Drug-8's targets or mechanisms, making it impossible to assess its potential for treating LDL-C elevation.",0.25,1.875
1,First-line anemia in lower-risk MDS,primekg,kg,llama3.3:70b,0,8,H,8,0.125,0,0,0,1,,prior,insufficient,1.0,"No information is provided about Drug-7's targets, making assessment impossible based on the given data.",0.25,1.625
1,First-line anemia in lower-risk MDS,primekg,kg,llama3.3:70b,1,8,B,7,0.14285714285714285,0,0,0,1,,prior,insufficient,1.0,"No information is provided about Drug-7's targets, making it impossible to assess its potential for treating anemia in lower-risk MDS.",0.0,1.875
1,Atopic dermatitis,primekg,kg,llama3.3:70b,0,8,E,1,1.0,1,1,1,1,,both,consistent,4.0,"Drug-7 targets JAK3 and JAK1, which are involved in immune response and could be relevant for treating atopic dermatitis.",0.375,1.75
1,Atopic dermatitis,primekg,kg,llama3.3:70b,1,8,B,1,1.0,1,1,1,1,,both,consistent,4.0,"Drug-7's targets include JAK3 and JAK1, which play roles in immune responses relevant to atopic dermatitis.",0.125,1.75
1,Acute HCV pediatric,primekg,kg,llama3.3:70b,0,8,F,1,1.0,1,1,1,1,,prior,insufficient,3.0,"Drug-8 targets several CYP3A enzymes, which are involved in liver metabolism and potentially relevant to HCV infection.",0.0,1.875
1,Acute HCV pediatric,primekg,kg,llama3.3:70b,1,8,B,2,0.5,0,1,1,1,,both,consistent,3.0,"Drug-8 targets CYP3A43 and UGT1A1, which are involved in liver metabolism, but the relevance to Acute HCV pediatric is less clear.",0.5,2.0
1,HoFH in children,primekg,kg,llama3.3:70b,0,8,G,7,0.14285714285714285,0,0,0,1,,prior,insufficient,1.0,"Like Drug-5, no information is available for Drug-8, precluding any assessment of its potential efficacy in HoFH.",0.0,1.75
1,HoFH in children,primekg,kg,llama3.3:70b,1,8,H,8,0.125,0,0,0,1,,prior,insufficient,1.0,"No information about Drug-8's targets is provided, making it impossible to assess its mechanistic plausibility.",0.25,2.0
1,dMMR/MSI-H primary advanced endometrial cancer (+chemo),primekg,kg,llama3.3:70b,0,8,E,1,1.0,1,1,1,1,,both,consistent,4.0,"Drug-8 targets PDCD1, which is involved in immune checkpoint regulation, making it a plausible candidate for treating dMMR/MSI-H primary advanced endometrial cancer (+chemo) given the disease's association with immunotherapy.",0.125,2.125
1,dMMR/MSI-H primary advanced endometrial cancer (+chemo),primekg,kg,llama3.3:70b,1,8,G,1,1.0,1,1,1,1,,prior,insufficient,4.0,"Drug-8 targets PDCD1, which is involved in immune checkpoint regulation, and may have potential as an immunotherapy for dMMR/MSI-H primary advanced endometrial cancer.",0.25,2.125
1,Cerebral folate transport deficiency,primekg,kg,llama3.3:70b,0,8,B,1,1.0,1,1,1,1,,both,consistent,4.0,"Drug-1 targets SLC16A2, which is related to folate transport, making it a mechanistically plausible candidate for cerebral folate transport deficiency.",0.125,1.625
1,Cerebral folate transport deficiency,primekg,kg,llama3.3:70b,1,8,E,2,0.5,0,1,1,1,,prior,insufficient,2.0,"Drug-1's targets do not directly relate to folate metabolism or transport based on the provided information, but its effects on various transporters and metabolic enzymes could potentially influence folate levels indirectly.",0.125,1.375
1,Reduce MACE in CVD + obesity/overweight,primekg,kg,llama3.3:70b,0,8,D,1,1.0,1,1,1,1,,both,consistent,4.0,"Drug-8 targets GLP1R, which has known implications in cardiovascular health and could potentially reduce MACE in CVD + obesity/overweight.",1.0,4.0
1,Reduce MACE in CVD + obesity/overweight,primekg,kg,llama3.3:70b,1,8,H,1,1.0,1,1,1,1,,both,consistent,4.0,"Drug-8 targets GLP1R, which is known to have a beneficial effect on cardiovascular outcomes.",0.375,2.0
1,Palmoplantar pustulosis (PMDA),primekg,kg,llama3.3:70b,0,8,H,1,1.0,1,1,1,1,,both,consistent,5.0,"Drug-7 targets IL23A, which is closely related to the disease-associated gene IL23R, providing a strong mechanistic link.",0.125,1.75
1,Palmoplantar pustulosis (PMDA),primekg,kg,llama3.3:70b,1,8,G,1,1.0,1,1,1,1,,prior,insufficient,2.0,"No direct evidence links Drug-7's target to PMDA, but IL23A is related to IL23R, a known associated gene.",0.375,1.5
1,Measles prophylaxis post-exposure,primekg,kg,llama3.3:70b,0,8,C,1,1.0,1,1,1,1,,prior,insufficient,2.0,"Drug-1 targets components of the immune system, which could be relevant to viral infections like measles, albeit without direct evidence.",0.0,1.25
1,Measles prophylaxis post-exposure,primekg,kg,llama3.3:70b,1,8,E,1,1.0,1,1,1,1,,both,consistent,4.0,"Drug-1 targets several immune-related genes, which could be relevant to measles prophylaxis post-exposure, given the disease's association with immune response.",0.125,1.625
1,CKD in T2D,primekg,kg,llama3.3:70b,0,8,C,1,1.0,1,1,1,1,,both,consistent,4.0,"Drug-8 targets GLP1R, which is relevant to T2D treatment, and also targets other proteins that could be related to CKD.",0.125,1.625
1,CKD in T2D,primekg,kg,llama3.3:70b,1,8,E,3,0.3333333333333333,0,1,1,1,,both,consistent,3.0,"Drug-8 targets GLP1R and DPP4, which are related to diabetes management, and could have an indirect effect on CKD in T2D.",0.375,2.125
1,HER2-mutant NSCLC (PMDA),primekg,kg,llama3.3:70b,0,8,B,6,0.16666666666666666,0,0,0,1,,prior,insufficient,1.0,"Drug-8 targets several transporters and enzymes, but none have a clear, direct connection to the treatment of HER2-mutant NSCLC.",0.0,1.25
1,HER2-mutant NSCLC (PMDA),primekg,kg,llama3.3:70b,1,8,G,3,0.3333333333333333,0,1,1,1,,prior,insufficient,1.0,Drug-8 targets various transporters and enzymes but shows no clear mechanistic link to HER2-mutant NSCLC based on provided or prior knowledge.,0.0,1.25
1,Heterozygous familial hypercholesterolemia,primekg,kg,llama3.3:70b,0,8,C,1,1.0,1,1,1,1,,both,consistent,5.0,"Drug-7 targets PCSK9, a key regulator of cholesterol levels, directly linking it to the disease mechanism.",0.125,1.75
1,Heterozygous familial hypercholesterolemia,primekg,kg,llama3.3:70b,1,8,G,1,1.0,1,1,1,1,,both,consistent,5.0,"Drug-7 directly targets PCSK9, a key gene associated with Heterozygous familial hypercholesterolemia.",0.125,2.125
1,Crohn's disease,primekg,kg,llama3.3:70b,0,8,H,1,1.0,1,1,1,1,,both,consistent,5.0,"Drug-7 targets IL23A, which is closely related to the Crohn's disease-associated gene IL23R.",0.125,1.75
1,Crohn's disease,primekg,kg,llama3.3:70b,1,8,E,1,1.0,1,1,1,1,,both,consistent,5.0,"Drug-7 targets IL23A, which is closely related to the IL23R gene associated with Crohn's disease.",0.125,2.25
1,COVID-19 in severe renal impairment/dialysis,primekg,kg,llama3.3:70b,0,8,B,3,0.3333333333333333,0,1,1,1,,prior,insufficient,2.0,Drug-8's targets are mostly related to drug transport and metabolism but lack a direct mechanistic link to treating COVID-19 in severe renal impairment.,0.25,2.125
1,COVID-19 in severe renal impairment/dialysis,primekg,kg,llama3.3:70b,1,8,E,4,0.25,0,0,1,1,,prior,insufficient,2.0,"Drug-8 targets CES1 and other enzymes involved in drug metabolism, but its relevance to COVID-19 in severe renal impairment is uncertain without direct evidence.",0.25,2.25
1,MASH with fibrosis,primekg,kg,llama3.3:70b,0,8,G,2,0.5,0,1,1,1,,prior,insufficient,2.0,"Drug-8 targets various enzymes and receptors, but none are directly implicated in MASH with fibrosis, making its potential benefit uncertain.",0.0,1.625
1,MASH with fibrosis,primekg,kg,llama3.3:70b,1,8,D,1,1.0,1,1,1,1,,prior,insufficient,3.0,"Drug-8's targets, such as DPP4 and LPL, are involved in metabolic processes that could indirectly influence fibrosis development.",0.0,1.875
1,mHSPC + ADT,primekg,kg,llama3.3:70b,0,8,D,1,1.0,1,1,1,1,,both,insufficient,3.0,"Drug-8 targets PGR, which could be relevant in the context of hormone-sensitive cancers like prostate cancer, although direct evidence linking it to mHSPC + ADT is lacking.",0.125,1.625
1,mHSPC + ADT,primekg,kg,llama3.3:70b,1,8,A,2,0.5,0,1,1,1,,prior,insufficient,2.0,"Drug-8 targets PGR, which is involved in hormone regulation and could potentially influence prostate cancer pathways.",0.0,1.5
1,Chronic kidney disease,primekg,kg,llama3.3:70b,0,8,F,2,0.5,0,1,1,1,,both,consistent,4.0,"Drug-8 targets several UGT enzymes and SLCO1B3, which might be relevant to kidney function, given the disease's association with various genes, making it a plausible candidate.",0.375,2.25
1,Chronic kidney disease,primekg,kg,llama3.3:70b,1,8,C,1,1.0,1,1,1,1,,both,consistent,4.0,"Drug-8 targets multiple UGT enzymes and SLCO1B3, which may influence kidney function and disease progression, aligning with CKD's association with gene expression alterations.",0.375,1.875
1,Allergic fungal rhinosinusitis (AFRS) ≥6yr,primekg,kg,llama3.3:70b,0,8,E,1,1.0,1,1,1,1,,both,consistent,4.0,"Drug-8 targets IL4R, which is involved in allergic responses, providing a plausible mechanism for treating AFRS.",0.125,2.0
1,Allergic fungal rhinosinusitis (AFRS) ≥6yr,primekg,kg,llama3.3:70b,1,8,E,1,1.0,1,1,1,1,,both,consistent,4.0,"Drug-8 targets IL4R, which is involved in the immune response and could be relevant to allergic reactions, making it a plausible candidate for AFRS.",0.125,2.25
1,Acquired hypothalamic obesity,primekg,kg,llama3.3:70b,0,8,C,1,1.0,1,1,1,1,,both,consistent,5.0,"Drug-8 targets MC4R, which plays a crucial role in regulating energy homeostasis and body weight.",0.125,2.25
1,Acquired hypothalamic obesity,primekg,kg,llama3.3:70b,1,8,E,1,1.0,1,1,1,1,,both,consistent,5.0,"Drug-8 targets MC4R, a key regulator of energy balance and obesity.",0.125,1.75
1,Pediatric glioma (EMA),primekg,kg,llama3.3:70b,0,8,G,5,0.2,0,0,1,1,,prior,insufficient,2.0,"Drug-6 targets various kinases and transporters, but its connection to pediatric glioma is uncertain.",0.25,1.875
1,Pediatric glioma (EMA),primekg,kg,llama3.3:70b,1,8,E,3,0.3333333333333333,0,1,1,1,,prior,insufficient,2.0,"Drug-6 targets NEK11 and LIMK1, which are involved in cell cycle regulation and cytoskeleton dynamics, respectively; these processes are critical in cancer cells, including potentially those of Pediatric glioma (EMA).",0.125,1.625
1,IV formulation for rheumatic diseases (EMA),primekg,kg,llama3.3:70b,0,8,F,1,1.0,1,1,1,1,,both,consistent,4.0,"Drug-6 targets IL17A, which plays a role in inflammation and rheumatism.",0.125,1.875
1,IV formulation for rheumatic diseases (EMA),primekg,kg,llama3.3:70b,1,8,G,8,0.125,0,0,0,1,,prior,insufficient,1.0,"No information is available for Drug-7, making it difficult to assess its mechanistic plausibility for treating rheumatic diseases.",0.125,1.75
1,Oral tablet formulation for weight management,primekg,kg,llama3.3:70b,0,8,G,1,1.0,1,1,1,1,,both,consistent,4.0,"Drug-8 targets GLP1R and DPP4, which are involved in glucose metabolism and have been linked to weight management.",0.125,2.0
1,Oral tablet formulation for weight management,primekg,kg,llama3.3:70b,1,8,H,1,1.0,1,1,1,1,,both,consistent,5.0,"Drug-8 targets GLP1R, which is involved in glucose metabolism and appetite regulation, making it a plausible candidate for weight management.",0.5,2.375
1,dMMR recurrent/advanced endometrial cancer,primekg,kg,llama3.3:70b,0,8,C,9,0.1111111111111111,0,0,0,1,,,,,,1.0,4.0
1,dMMR recurrent/advanced endometrial cancer,primekg,kg,llama3.3:70b,1,8,E,4,0.25,0,0,1,1,,prior,insufficient,2.0,"Drug-8 targets PDCD1, which is involved in immune responses; its relevance to endometrial cancer is speculative based on prior knowledge of immune checkpoint inhibitors.",0.25,2.0
1,Primary humoral immunodeficiency pediatric 2-11yr,primekg,kg,llama3.3:70b,0,8,E,1,1.0,1,1,1,1,,both,consistent,5.0,"Drug-1 directly targets FCGR3A, which is associated with primary humoral immunodeficiency pediatric 2-11yr.",0.125,1.625
1,Primary humoral immunodeficiency pediatric 2-11yr,primekg,kg,llama3.3:70b,1,8,F,1,1.0,1,1,1,1,,both,consistent,5.0,"Drug-1 targets FCGR3A, which is directly associated with the target disease.",0.125,1.75
1,Neoadj+adj HNSCC,primekg,kg,llama3.3:70b,0,8,G,1,1.0,1,1,1,1,,prior,insufficient,2.0,"Drug-7 targets PDCD1, which is involved in immune checkpoint regulation, and may have potential in treating HNSCC.",0.5,1.75
1,Neoadj+adj HNSCC,primekg,kg,llama3.3:70b,1,8,C,8,0.125,0,0,0,1,,prior,insufficient,1.0,"Drug-7 targets PD-1 but its connection to Neoadj+adj HNSCC is not directly supported by the provided evidence, and its immunotherapeutic role does not clearly link to the disease's genetic associations.",0.0,1.875
1,Juvenile idiopathic arthritis (EMA Feb 2026),primekg,kg,llama3.3:70b,0,8,D,1,1.0,1,1,1,1,,both,consistent,4.0,"Drug-7 targets JAK3 and JAK1, which are involved in immune responses relevant to autoimmune diseases like Juvenile Idiopathic Arthritis.",0.125,2.0
1,Juvenile idiopathic arthritis (EMA Feb 2026),primekg,kg,llama3.3:70b,1,8,H,1,1.0,1,1,1,1,,both,consistent,4.0,"Drug-7 targets JAK1 and JAK3, which are involved in inflammatory pathways relevant to Juvenile Idiopathic Arthritis.",0.125,1.625
1,"ALK+ solid tumors (tissue-agnostic, world-first)",primekg,kg,llama3.3:70b,0,8,H,1,1.0,1,1,1,1,,both,consistent,5.0,"Drug-8 directly targets ALK, a crucial factor in ALK+ solid tumors, making it the most plausible candidate.",0.125,1.75
1,"ALK+ solid tumors (tissue-agnostic, world-first)",primekg,kg,llama3.3:70b,1,8,G,1,1.0,1,1,1,1,,both,consistent,5.0,"Drug-8 directly targets ALK, a crucial element in ALK+ solid tumors, providing a strong mechanistic rationale for its use.",0.125,1.75
1,Ulcerative colitis,primekg,kg,llama3.3:70b,0,8,H,1,1.0,1,1,1,1,,both,consistent,5.0,"Drug-8 targets IL23A, which is directly related to the IL23R gene associated with Ulcerative Colitis.",0.75,2.125
1,Ulcerative colitis,primekg,kg,llama3.3:70b,1,8,D,1,1.0,1,1,1,1,,both,consistent,5.0,"Drug-8 targets IL23A and IL12B, which are involved in immune responses relevant to Ulcerative Colitis.",0.5,1.75
1,Advanced RCC after PD-1/PD-L1 + VEGF-TKI,primekg,kg,llama3.3:70b,0,8,D,1,1.0,1,1,1,1,,prior,insufficient,2.0,"Drug-8 targets EPAS1, which is involved in hypoxia response and potentially relevant to cancer treatment, making it a plausible candidate based on prior knowledge.",0.125,1.5
1,Advanced RCC after PD-1/PD-L1 + VEGF-TKI,primekg,kg,llama3.3:70b,1,8,H,1,1.0,1,1,1,1,,prior,insufficient,2.0,"Drug-8 targets EPAS1, which is involved in hypoxia response and could potentially impact tumor growth, although no direct link to Advanced RCC is provided.",0.0,1.25
1,Ulcerative colitis,primekg,kg,llama3.3:70b,0,8,C,1,1.0,1,1,1,1,,both,consistent,5.0,"Drug-7 targets IL23A, which is closely related to the disease-associated gene IL23R, providing a strong mechanistic link to Ulcerative Colitis.",0.375,2.5
1,Ulcerative colitis,primekg,kg,llama3.3:70b,1,8,D,1,1.0,1,1,1,1,,both,consistent,5.0,"Drug-7 targets IL23A, which is associated with the disease through IL23R, providing a direct mechanistic link to Ulcerative Colitis.",0.25,2.0
1,BRAF V600E metastatic NSCLC,primekg,kg,llama3.3:70b,0,8,D,1,1.0,1,1,1,1,,both,consistent,5.0,"Drug-8 directly targets BRAF, a key mutation in BRAF V600E metastatic NSCLC.",0.125,1.625
1,BRAF V600E metastatic NSCLC,primekg,kg,llama3.3:70b,1,8,H,1,1.0,1,1,1,1,,both,consistent,5.0,"Drug-8 directly targets BRAF, a key mutation in BRAF V600E metastatic NSCLC, providing a strong mechanistic rationale for its use.",0.125,2.125
1,Crohn's disease,primekg,kg,llama3.3:70b,0,8,F,1,1.0,1,1,1,1,,both,consistent,4.0,"Drug-8 targets JAK1, which is involved in inflammatory pathways relevant to Crohn's disease, providing a plausible mechanistic link.",0.25,1.875
1,Crohn's disease,primekg,kg,llama3.3:70b,1,8,G,1,1.0,1,1,1,1,,both,consistent,4.0,"Drug-8 targets JAK1, which is involved in inflammatory pathways potentially relevant to Crohn's disease.",0.125,2.125
1,dMMR/MSI-H primary advanced endometrial cancer,primekg,kg,llama3.3:70b,0,8,A,1,1.0,1,1,1,1,,both,consistent,4.0,"Drug-8's targeting of PDCD1 offers a plausible mechanism for treating dMMR/MSI-H primary advanced endometrial cancer, given the disease's potential responsiveness to immune checkpoint inhibition.",0.125,1.625
1,dMMR/MSI-H primary advanced endometrial cancer,primekg,kg,llama3.3:70b,1,8,B,1,1.0,1,1,1,1,,prior,insufficient,2.0,"Drug-8 targets PDCD1, which is involved in immune checkpoint regulation, potentially relevant to cancer treatment, but its direct connection to dMMR/MSI-H primary advanced endometrial cancer is unclear.",0.0,1.25
1,IgG4-related disease,primekg,kg,llama3.3:70b,0,8,F,1,1.0,1,1,1,1,,both,consistent,4.0,"Drug-7 targets CD19, which is involved in immune cell regulation, making it a plausible candidate for treating an autoimmune disease like IgG4-related disease.",0.125,1.875
1,IgG4-related disease,primekg,kg,llama3.3:70b,1,8,B,1,1.0,1,1,1,1,,both,consistent,4.0,"Drug-7 targets CD19, which is involved in immune system regulation, potentially beneficial for treating IgG4-related disease.",0.125,1.875
1,Ph+ CML-CP frontline (EMA Feb 2026),primekg,kg,llama3.3:70b,0,8,B,7,0.14285714285714285,0,0,0,1,,prior,insufficient,1.0,"No target information is provided for Drug-8, making it impossible to assess its mechanistic plausibility for Ph+ CML-CP frontline.",0.0,1.25
1,Ph+ CML-CP frontline (EMA Feb 2026),primekg,kg,llama3.3:70b,1,8,G,7,0.14285714285714285,0,0,0,1,,prior,insufficient,1.0,"No information is provided about Drug-6's targets, making it impossible to assess its relevance to Ph+ CML-CP frontline disease.",0.25,2.0
1,EGPA,primekg,kg,llama3.3:70b,0,8,H,1,1.0,1,1,1,1,,prior,insufficient,3.0,"Drug-1 targets MS4A2 and FCER1A, which are related to immune system function, making it a plausible candidate for treating an autoimmune disease like EGPA.",0.0,1.625
1,EGPA,primekg,kg,llama3.3:70b,1,8,G,1,1.0,1,1,1,1,,prior,insufficient,3.0,"Drug-6 targets CHRM1, which may have some relevance to immune system regulation, although the connection is indirect.",0.0,2.0
1,Biliary tract cancer,primekg,kg,llama3.3:70b,0,8,C,8,0.125,0,0,0,1,,prior,insufficient,1.0,"Drug-8 targets PDCD1, which is involved in immune checkpoint regulation, but its direct relevance to treating Biliary tract cancer is uncertain without more specific evidence.",0.125,2.375
1,Biliary tract cancer,primekg,kg,llama3.3:70b,1,8,D,1,1.0,1,1,1,1,,prior,insufficient,3.0,"Drug-8 targets PDCD1, which is involved in immune checkpoint regulation, a pathway relevant to cancer treatment, although its direct link to Biliary tract cancer is not established.",0.0,2.125
1,COPD,primekg,kg,llama3.3:70b,0,8,B,2,0.5,0,1,1,1,,prior,insufficient,3.0,"Although the direct link to COPD is not provided, IL4R's role in inflammation suggests potential relevance.",0.125,2.0
1,COPD,primekg,kg,llama3.3:70b,1,8,C,2,0.5,0,1,1,1,,prior,insufficient,3.0,"Drug-8 targets IL4R, which is involved in inflammation and may be relevant to COPD, although no direct link was found in the knowledge graph.",0.125,2.0
1,Primary mediastinal large B-cell lymphoma,primekg,kg,llama3.3:70b,0,8,G,1,1.0,1,1,1,1,,both,consistent,4.0,"Drug-7 targets PDCD1, which is involved in immune responses and could be relevant for treating lymphomas like Primary mediastinal large B-cell lymphoma.",0.125,2.0
1,Primary mediastinal large B-cell lymphoma,primekg,kg,llama3.3:70b,1,8,F,1,1.0,1,1,1,1,,both,consistent,4.0,"Drug-7 targets PDCD1, which has relevance in cancer treatments through immune checkpoint inhibition.",0.125,2.25
1,CRSwNP (eosinophilic chronic rhinosinusitis with nasal polyps),primekg,kg,llama3.3:70b,0,8,D,5,0.2,0,0,1,1,,prior,insufficient,1.0,No information on Drug-8's targets makes its assessment for CRSwNP treatment purely speculative.,0.375,1.5
1,CRSwNP (eosinophilic chronic rhinosinusitis with nasal polyps),primekg,kg,llama3.3:70b,1,8,A,7,0.14285714285714285,0,0,0,1,,prior,insufficient,1.0,"No information is available on Drug-8's targets or potential effects on CRSwNP, making it difficult to assess its mechanistic plausibility.",0.25,1.875
1,RAS wild-type HER2+ metastatic colorectal cancer,primekg,kg,llama3.3:70b,0,8,H,1,1.0,1,1,1,1,,both,consistent,4.0,"Drug-7 targets ERBB3, which is related to the HER2 pathway, offering a mechanistic link to RAS wild-type HER2+ metastatic colorectal cancer.",0.125,1.625
1,RAS wild-type HER2+ metastatic colorectal cancer,primekg,kg,llama3.3:70b,1,8,D,1,1.0,1,1,1,1,,both,consistent,4.0,"Drug-7 targets ERBB3, which is related to the HER2 pathway, providing a potential link to RAS wild-type HER2+ metastatic colorectal cancer.",0.125,1.625
1,Schnitzler syndrome (Japan),primekg,kg,llama3.3:70b,0,8,B,1,1.0,1,1,1,1,,both,consistent,4.0,"Drug-8 targets IL1B, which is closely related to IL1RN and may have a mechanistic link to the disease.",0.125,1.625
1,Schnitzler syndrome (Japan),primekg,kg,llama3.3:70b,1,8,A,1,1.0,1,1,1,1,,both,consistent,4.0,"Drug-8 targets IL1B, which is related to the disease-associated gene IL1RN, suggesting a potential therapeutic effect.",0.375,1.625
1,HR+/HER2- breast cancer,primekg,kg,llama3.3:70b,0,8,A,2,0.5,0,1,1,1,,kg,conflicting,2.0,Drug-8 targets various genes but none directly linked to HR+/HER2- breast cancer in the provided knowledge graph.,0.875,1.875
1,HR+/HER2- breast cancer,primekg,kg,llama3.3:70b,1,8,D,2,0.5,0,1,1,1,,prior,insufficient,3.0,"Drug-8 targets TOP1, an enzyme involved in DNA replication, which could potentially impact cancer cell proliferation, but its specific efficacy in HR+/HER2- breast cancer is unknown.",0.0,1.75
1,Psoriasis in children 6-11 (cream),primekg,kg,llama3.3:70b,0,8,D,3,0.3333333333333333,0,1,1,1,,both,insufficient,2.0,"Drug-5 targets PDE4 enzymes, which are involved in inflammation pathways; however, without direct links to psoriasis in the knowledge graph, its potential is based on general anti-inflammatory properties.",0.125,1.375
1,Psoriasis in children 6-11 (cream),primekg,kg,llama3.3:70b,1,8,H,1,1.0,1,1,1,1,,both,consistent,4.0,"Drug-5 targets PDE4 enzymes, which are involved in inflammation and immune response pathways relevant to psoriasis.",0.125,1.875
1,Resectable gastric/GEJ adenocarcinoma (neoadj+adj +FLOT),primekg,kg,llama3.3:70b,0,8,E,1,1.0,1,1,1,1,,both,consistent,4.0,"Drug-6 targets CD274, which is involved in immune regulation and could potentially modulate the tumor microenvironment.",0.5,2.0
1,Resectable gastric/GEJ adenocarcinoma (neoadj+adj +FLOT),primekg,kg,llama3.3:70b,1,8,A,3,0.3333333333333333,0,1,1,1,,kg,insufficient,2.0,"Drug-6 targets CD274, which is not directly associated with gastric cancer in the provided evidence, making its relevance unclear.",0.5,2.0
1,COPD (EMA 2025),primekg,kg,llama3.3:70b,0,8,A,4,0.25,0,0,1,1,,prior,insufficient,2.0,"Drug-7 targets IL4R, which is involved in allergic responses but its direct relevance to COPD pathophysiology is less clear without specific knowledge graph evidence.",0.375,2.125
1,COPD (EMA 2025),primekg,kg,llama3.3:70b,1,8,B,1,1.0,1,1,1,1,,both,consistent,4.0,"Drug-7 targets IL4R, which is involved in inflammatory processes relevant to COPD.",0.25,2.0
1,Ph+ CML-CP after 2+ TKIs,primekg,kg,llama3.3:70b,0,8,H,8,0.125,0,0,0,1,,prior,insufficient,1.0,"No information is provided for Drug-8, leading to a complete lack of understanding of its potential efficacy in treating Ph+ CML-CP after 2+ TKIs.",0.0,1.25
1,Ph+ CML-CP after 2+ TKIs,primekg,kg,llama3.3:70b,1,8,E,3,0.3333333333333333,0,1,1,1,,prior,insufficient,1.0,"No information is provided about Drug-8's targets, making its potential efficacy completely uncertain.",0.0,1.25
1,IgE-mediated food allergy,primekg,kg,llama3.3:70b,0,8,A,1,1.0,1,1,1,1,,both,consistent,5.0,"Drug-1 targets MS4A2 and FCER1A, which are involved in allergic responses, making it a plausible candidate for treating IgE-mediated food allergy.",0.125,2.0
1,IgE-mediated food allergy,primekg,kg,llama3.3:70b,1,8,B,1,1.0,1,1,1,1,,both,consistent,4.0,"Drug-1 targets MS4A2 and FCER1A, which are involved in immune responses, making it a plausible candidate for treating IgE-mediated food allergy.",0.125,1.625
1,BRAF+ thyroid cancer,primekg,kg,llama3.3:70b,0,8,A,1,1.0,1,1,1,1,,both,consistent,4.0,"Drug-8 targets IL1B and IL6, which are involved in inflammation and cancer progression, making it a plausible candidate for BRAF+ thyroid cancer.",0.125,2.0
1,BRAF+ thyroid cancer,primekg,kg,llama3.3:70b,1,8,C,2,0.5,0,1,1,1,,prior,insufficient,3.0,"Drug-8 targets various enzymes and cytokines, which could indirectly influence tumor growth or inflammation in BRAF+ thyroid cancer.",0.0,1.875
1,Primary immunodeficiency pediatric (EMA),primekg,kg,llama3.3:70b,0,8,A,1,1.0,1,1,1,1,,both,consistent,4.0,"Drug-1 targets FCGR3A, which is associated with Primary immunodeficiency pediatric (EMA), providing a direct mechanistic link.",0.125,1.625
1,Primary immunodeficiency pediatric (EMA),primekg,kg,llama3.3:70b,1,8,H,1,1.0,1,1,1,1,,both,consistent,5.0,"Drug-1 targets FCGR3A, which is directly associated with Primary immunodeficiency pediatric (EMA), making it the most plausible candidate.",0.125,1.75
1,Biliary tract cancer 1L,primekg,kg,llama3.3:70b,0,8,G,1,1.0,1,1,1,1,,prior,insufficient,4.0,"Drug-8 targets CD274, an immune checkpoint regulator, which could potentially be leveraged in cancer treatment.",0.75,2.125
1,Biliary tract cancer 1L,primekg,kg,llama3.3:70b,1,8,G,2,0.5,0,1,1,1,,both,consistent,5.0,"Drug-8 targets CD274 (PD-L1), offering a plausible mechanism for treating biliary tract cancer through immunotherapy, aligning with prior knowledge on cancer treatment.",0.125,2.375
1,Polymyalgia rheumatica,primekg,kg,llama3.3:70b,0,8,D,1,1.0,1,1,1,1,,both,consistent,4.0,Drug-8 targets immune-related genes that could modulate the inflammatory response in Polymyalgia rheumatica.,0.125,1.75
1,Polymyalgia rheumatica,primekg,kg,llama3.3:70b,1,8,F,1,1.0,1,1,1,1,,prior,insufficient,2.0,"Drug-8 targets IL6R, which is involved in inflammatory processes relevant to polymyalgia rheumatica.",0.0,1.125
1,Chronic lymphocytic leukemia,primekg,kg,llama3.3:70b,0,8,H,1,1.0,1,1,1,1,,both,consistent,4.0,"Drug-8 targets multiple kinases, including TEC and ITK, which are involved in B-cell signaling pathways, making it a plausible candidate for treating Chronic lymphocytic leukemia.",0.125,1.875
1,Chronic lymphocytic leukemia,primekg,kg,llama3.3:70b,1,8,B,1,1.0,1,1,1,1,,both,consistent,4.0,"Drug-8 targets several kinases (TEC, TXK, ITK, BMX, PTK6) that are involved in signaling pathways relevant to leukemia.",0.125,1.875
1,"Crohn's disease (moderate-severe, refractory)",primekg,kg,llama3.3:70b,0,8,D,1,1.0,1,1,1,1,,both,consistent,5.0,"Drug-6 targets IL23A, which is closely related to the IL23R gene associated with Crohn's disease, providing a strong mechanistic link.",0.125,1.75
1,"Crohn's disease (moderate-severe, refractory)",primekg,kg,llama3.3:70b,1,8,A,1,1.0,1,1,1,1,,both,consistent,5.0,"Drug-6 targets IL23A, which is closely related to the IL23R gene associated with Crohn's disease, providing a strong mechanistic link.",0.125,2.125
1,HER2-mutant NSCLC (EMA),primekg,kg,llama3.3:70b,0,8,G,6,0.16666666666666666,0,0,0,1,,prior,insufficient,1.0,"Drug-8 targets various transporters and enzymes, but none are directly implicated in HER2-mutant NSCLC (EMA) based on the provided information.",0.0,1.5
1,HER2-mutant NSCLC (EMA),primekg,kg,llama3.3:70b,1,8,A,1,1.0,1,1,1,1,,both,insufficient,3.0,"Drug-8 targets multiple proteins, including some involved in cellular processes that could be relevant to cancer treatment, but its connection to HER2-mutant NSCLC is indirect.",0.125,1.625
1,Giant cell arteritis,primekg,kg,llama3.3:70b,0,8,H,1,1.0,1,1,1,1,,both,consistent,4.0,"Drug-8 targets JAK1, which is plausible for treating immune-related conditions like Giant cell arteritis.",0.125,1.75
1,Giant cell arteritis,primekg,kg,llama3.3:70b,1,8,B,1,1.0,1,1,1,1,,both,consistent,4.0,"Drug-8 targets JAK1, which could be relevant to the immune response aspect of Giant cell arteritis.",0.125,1.875
1,First-line anemia in lower-risk MDS,primekg,kg,llama3.3:70b,0,8,E,6,0.16666666666666666,0,0,0,1,,prior,insufficient,1.0,"No information is provided about Drug-5's targets or mechanisms, making its assessment highly uncertain.",0.375,2.125
1,First-line anemia in lower-risk MDS,primekg,kg,llama3.3:70b,1,8,A,8,0.125,0,0,0,1,,prior,insufficient,1.0,"No information is provided about Drug-8's targets, making it impossible to assess its potential for treating MDS or anemia.",0.0,1.5
1,GVHD + pediatric,primekg,kg,llama3.3:70b,0,8,D,1,1.0,1,1,1,1,,both,consistent,4.0,"Drug-6 targets JAK1 and JAK2, which are involved in immune responses relevant to GVHD.",0.125,1.875
1,GVHD + pediatric,primekg,kg,llama3.3:70b,1,8,G,1,1.0,1,1,1,1,,both,consistent,4.0,"Drug-6 targets JAK1 and JAK2, which are involved in the signaling pathways of IL17A and IFNG, making it a plausible candidate for treating GVHD + pediatric.",0.375,2.125
1,MSI-H/dMMR solid tumors (full approval conversion),primekg,kg,llama3.3:70b,0,8,H,1,1.0,1,1,1,1,,prior,insufficient,3.0,"Drug-4's targets include KCNH2 and CYP2D6, which are involved in drug metabolism and resistance, making it a potential candidate.",0.25,1.875
1,MSI-H/dMMR solid tumors (full approval conversion),primekg,kg,llama3.3:70b,1,8,B,1,1.0,1,1,1,1,,both,consistent,4.0,"Drug-7 targets PDCD1, which is involved in immune checkpoint regulation, making it a plausible candidate for treating MSI-H/dMMR solid tumors.",0.125,1.875
1,Antibody-mediated rejection in organ transplantation,primekg,kg,llama3.3:70b,0,8,F,1,1.0,1,1,1,1,,both,consistent,4.0,"Drug-1 targets MS4A1, which is involved in immune response, making it a plausible candidate for treating antibody-mediated rejection.",0.125,2.25
1,Antibody-mediated rejection in organ transplantation,primekg,kg,llama3.3:70b,1,8,D,1,1.0,1,1,1,1,,both,consistent,4.0,"Drug-1 targets MS4A1, which is related to immune responses, making it a potential candidate for treating antibody-mediated rejection.",0.5,2.0
1,Pancreatic NET,primekg,kg,llama3.3:70b,0,8,B,1,1.0,1,1,1,1,,both,consistent,4.0,"Drug-7 targets RET, which is implicated in cancer pathways potentially relevant to pancreatic neoplasm.",0.125,1.625
1,Pancreatic NET,primekg,kg,llama3.3:70b,1,8,D,1,1.0,1,1,1,1,,both,consistent,4.0,"Drug-7 targets RET and MET, which are involved in pathways related to tumor growth and could be relevant to pancreatic NET.",0.125,1.625
1,Follicular lymphoma (+obinutuzumab),primekg,kg,llama3.3:70b,0,8,A,1,1.0,1,1,1,1,,prior,insufficient,3.0,"Drug-8 targets several kinases, which could potentially modulate signaling pathways involved in lymphoma, although direct evidence is lacking.",0.0,2.0
1,Follicular lymphoma (+obinutuzumab),primekg,kg,llama3.3:70b,1,8,H,1,1.0,1,1,1,1,,prior,insufficient,3.0,"Drug-8 targets several kinases (TEC, TXK, BLK, FRK, ITK, BMX, PTK6) that are involved in signaling pathways relevant to cancer cell proliferation and survival.",0.0,1.875
1,HR+/HER2- node-positive high-risk early breast cancer,primekg,kg,llama3.3:70b,0,8,A,9,0.1111111111111111,0,0,0,1,,,,,,1.0,5.0
1,HR+/HER2- node-positive high-risk early breast cancer,primekg,kg,llama3.3:70b,1,8,E,9,0.1111111111111111,0,0,0,1,,,,,,1.0,5.0
1,BRAF+ thyroid cancer,primekg,kg,llama3.3:70b,0,8,C,7,0.14285714285714285,0,0,0,1,,kg,consistent,4.0,"Drug-6 directly targets BRAF, a key gene in BRAF+ thyroid cancer, making it mechanistically plausible.",0.125,2.125
1,BRAF+ thyroid cancer,primekg,kg,llama3.3:70b,1,8,E,1,1.0,1,1,1,1,,both,consistent,5.0,"Drug-6 targets BRAF, a key gene associated with BRAF+ thyroid cancer, providing a strong mechanistic link to the disease.",0.125,1.75
1,HER2+ solid tumors (tumor-agnostic),primekg,kg,llama3.3:70b,0,8,G,1,1.0,1,1,1,1,,both,consistent,4.0,"Drug-8 targets multiple transporters, which could potentially affect tumor growth and is related to the disease through its association with SLC47A2.",0.25,2.0
1,HER2+ solid tumors (tumor-agnostic),primekg,kg,llama3.3:70b,1,8,E,1,1.0,1,1,1,1,,prior,insufficient,2.0,"Drug-8 is ranked highest due to its broad target profile, which might suggest potential for affecting various pathways, although no direct link to HER2+ solid tumors is known.",0.0,1.25
1,"mCRC BRAF V600E (traditional approval, was accelerated)",primekg,kg,llama3.3:70b,0,8,D,1,1.0,1,1,1,1,,both,consistent,5.0,"Drug-7 targets BRAF, which is directly related to mCRC BRAF V600E, making it the most plausible candidate.",0.125,1.75
1,"mCRC BRAF V600E (traditional approval, was accelerated)",primekg,kg,llama3.3:70b,1,8,H,1,1.0,1,1,1,1,,both,consistent,5.0,"Drug-7 targets BRAF, a key mutation in mCRC BRAF V600E, providing a direct mechanistic link.",0.125,1.875
1,"Pediatric low-grade glioma (+dabrafenib, BRAF V600E)",primekg,kg,llama3.3:70b,0,8,A,1,1.0,1,1,1,1,,both,consistent,4.0,"Drug-7 targets MAP2K2, which is involved in the MAPK/ERK pathway, a potential target for Pediatric low-grade glioma treatment given the disease's association with BRAF V600E mutations.",0.25,1.875
1,"Pediatric low-grade glioma (+dabrafenib, BRAF V600E)",primekg,kg,llama3.3:70b,1,8,E,3,0.3333333333333333,0,1,1,1,,prior,insufficient,2.0,"Drug-7's diverse target profile includes MAP2K2, which could be relevant given the disease's association with BRAF V600E, but this connection is indirect and speculative.",0.0,1.5
1,HR+/HER2- metastatic breast cancer,primekg,kg,llama3.3:70b,0,8,H,3,0.3333333333333333,0,1,1,1,,kg,insufficient,2.0,"Drug-8 targets TACSTD2, which has been implicated in some cancers, but its specific role in HR+/HER2- metastatic breast cancer is unclear.",0.125,1.5
1,HR+/HER2- metastatic breast cancer,primekg,kg,llama3.3:70b,1,8,H,8,0.125,0,0,0,1,,prior,insufficient,1.0,"Drug-8 targets TACSTD2 and UGT1A1, among others, with no direct or clear indirect association with HR+/HER2- metastatic breast cancer.",0.125,1.75
1,1L biliary tract cancer (+gemcitabine+cisplatin),primekg,kg,llama3.3:70b,0,8,F,5,0.2,0,0,1,1,,prior,insufficient,1.0,"Drug-5 targets PDCD1, which is involved in immune checkpoint regulation; while immunotherapy has emerged as a promising approach in oncology, the direct relevance of this mechanism to 1L biliary tract cancer treatment is less clear without additional context.",0.5,2.0
1,1L biliary tract cancer (+gemcitabine+cisplatin),primekg,kg,llama3.3:70b,1,8,C,1,1.0,1,1,1,1,,prior,insufficient,4.0,"Drug-5 targets PDCD1, an immune checkpoint involved in cancer, making it a plausible candidate for treating 1L biliary tract cancer.",0.125,2.0
1,RET-fusion NSCLC (expanded),primekg,kg,llama3.3:70b,0,8,H,8,0.125,0,0,0,1,,both,consistent,5.0,"Drug-8 directly targets RET, a key component in the pathology of RET-fusion NSCLC, providing a strong mechanistic rationale for its potential efficacy.",0.125,2.375
1,RET-fusion NSCLC (expanded),primekg,kg,llama3.3:70b,1,8,C,9,0.1111111111111111,0,0,0,1,,,,,,1.0,5.0
1,HR+/HER2- metastatic breast cancer,primekg,kg,llama3.3:70b,0,8,F,8,0.125,0,0,0,1,,both,consistent,4.0,"Drug-7 targets PARP1 and PARP2, which are relevant to cancer therapy, especially in contexts where DNA repair mechanisms are compromised, suggesting a mechanistic plausibility for treating HR+/HER2- metastatic breast cancer.",0.125,2.0
1,HR+/HER2- metastatic breast cancer,primekg,kg,llama3.3:70b,1,8,D,1,1.0,1,1,1,1,,prior,insufficient,3.0,"Drug-7 targets PARP1 and PARP2, which are involved in DNA repair and may be relevant to cancer treatment, although no direct link to HR+/HER2- metastatic breast cancer is provided.",0.0,1.625
1,Pheochromocytoma/paraganglioma,primekg,kg,llama3.3:70b,0,8,C,6,0.16666666666666666,0,0,0,1,,prior,insufficient,1.0,"Drug-8 targets EPAS1, a transcription factor involved in response to hypoxia, but its direct link to treating Pheochromocytoma/paraganglioma is highly speculative.",0.0,1.875
1,Pheochromocytoma/paraganglioma,primekg,kg,llama3.3:70b,1,8,H,1,1.0,1,1,1,1,,both,consistent,4.0,"Drug-8 targets EPAS1, which may be involved in tumor growth and is a potential therapeutic target for pheochromocytoma/paraganglioma.",0.125,1.625
1,Gastric/GEJ adenocarcinoma (1L +chemo),primekg,kg,llama3.3:70b,0,8,H,3,0.3333333333333333,0,1,1,1,,prior,insufficient,2.0,"Drug-7 targets CD274 (PD-L1), which is relevant in immunotherapy for various cancers, but without specific evidence linking it to Gastric/GEJ adenocarcinoma, its potential is less clear.",0.25,1.875
1,Gastric/GEJ adenocarcinoma (1L +chemo),primekg,kg,llama3.3:70b,1,8,B,1,1.0,1,1,1,1,,both,consistent,4.0,"Drug-7 targets CD274, which has been implicated in cancer immunotherapy, making it a plausible candidate for Gastric/GEJ adenocarcinoma.",0.125,1.75
1,Metastatic colorectal cancer,primekg,kg,llama3.3:70b,0,8,E,1,1.0,1,1,1,1,,both,consistent,4.0,"Drug-1 targets SLC28A1 and SLC29A2, which are involved in nucleoside transport, potentially affecting cancer cell metabolism.",0.875,2.25
1,Metastatic colorectal cancer,primekg,kg,llama3.3:70b,1,8,F,1,1.0,1,1,1,1,,prior,insufficient,3.0,"Drug-1 targets various transporters and enzymes, potentially influencing tumor metabolism or drug delivery in a way that could indirectly affect cancer progression.",0.125,1.875
1,Gastric/GEJ adenocarcinoma,primekg,kg,llama3.3:70b,0,8,F,1,1.0,1,1,1,1,,prior,insufficient,2.0,"Drug-7 targets CD274, which is involved in immune checkpoint regulation, and although there's no direct evidence linking it to Gastric/GEJ adenocarcinoma, immunotherapy has shown promise in treating various cancers.",0.125,1.25
1,Gastric/GEJ adenocarcinoma,primekg,kg,llama3.3:70b,1,8,H,1,1.0,1,1,1,1,,both,insufficient,3.0,"Drug-7 targets CD274, which is involved in immune checkpoint regulation, and while not directly linked to Gastric/GEJ adenocarcinoma in the knowledge graph, its immunomodulatory role could be relevant.",0.125,1.5
1,Urothelial carcinoma (expanded population),primekg,kg,llama3.3:70b,0,8,B,3,0.3333333333333333,0,1,1,1,,prior,insufficient,1.0,"Drug-8's targets include a few enzymes and transporters, but its potential relevance to urothelial carcinoma is highly speculative without further information.",0.0,1.25
1,Urothelial carcinoma (expanded population),primekg,kg,llama3.3:70b,1,8,D,2,0.5,0,1,1,1,,prior,insufficient,3.0,"Drug-8's targets include ABCB1 and CYP3A4, which could be relevant in cancer treatment due to their roles in drug resistance and metabolism, but direct evidence for Urothelial carcinoma is lacking.",0.0,1.75
1,HER2+ early-stage BC (neoadjuvant + adjuvant),primekg,kg,llama3.3:70b,0,8,H,3,0.3333333333333333,0,1,1,1,,prior,insufficient,3.0,"Drug-8 targets several transporters and enzymes that could influence cancer cell behavior or drug efficacy, but lacking direct evidence connecting these targets to HER2+ early-stage BC mechanisms, its potential is speculative.",0.125,2.25
1,HER2+ early-stage BC (neoadjuvant + adjuvant),primekg,kg,llama3.3:70b,1,8,H,4,0.25,0,0,1,1,,prior,insufficient,2.0,"Drug-8 targets various proteins including some involved in transport and immune response, but its relevance to HER2+ breast cancer treatment is unclear.",0.25,1.75
1,Pediatric BRAF V600E low-grade glioma,primekg,kg,llama3.3:70b,0,8,F,1,1.0,1,1,1,1,,both,insufficient,3.0,"Drug-5 is ranked highest due to its targeting of SLCO1B3 and other transporters, which could potentially affect glioma cell growth or drug delivery, although direct evidence linking it to Pediatric BRAF V600E low-grade glioma is lacking.",0.125,1.5
1,Pediatric BRAF V600E low-grade glioma,primekg,kg,llama3.3:70b,1,8,D,1,1.0,1,1,1,1,,prior,insufficient,2.0,"Drug-5's targets include kinases and transporters that could potentially affect tumor cell metabolism or signaling, though no direct link to BRAF V600E glioma is evident.",0.375,1.25
1,HR+/HER2- early breast cancer (adjuvant),primekg,kg,llama3.3:70b,0,8,F,1,1.0,1,1,1,1,,both,consistent,4.0,"Drug-6 targets CDK4 and CDK6, which are involved in cell cycle progression and have been implicated in breast cancer, providing a plausible mechanism for therapeutic effect.",0.375,1.625
1,HR+/HER2- early breast cancer (adjuvant),primekg,kg,llama3.3:70b,1,8,A,1,1.0,1,1,1,1,,both,consistent,5.0,"Drug-6 targets CDK4 and CDK6, which are involved in cell cycle progression and have been implicated in breast cancer.",0.125,2.125
1,HR+/HER2-low breast cancer,primekg,kg,llama3.3:70b,0,8,H,8,0.125,0,0,0,1,,prior,insufficient,1.0,Drug-8's diverse targets do not clearly align with known pathways for treating HR+/HER2-low breast cancer based on prior knowledge.,0.25,1.875
1,HR+/HER2-low breast cancer,primekg,kg,llama3.3:70b,1,8,B,5,0.2,0,0,1,1,,prior,insufficient,2.0,Drug-8's diverse target profile lacks a clear connection to the biology of HR+/HER2-low breast cancer.,0.125,1.875
1,Platinum-resistant ovarian carcinoma (PD-L1+ CPS≥1),primekg,kg,llama3.3:70b,0,8,D,3,0.3333333333333333,0,1,1,1,,kg,consistent,3.0,"Drug-6 targets PDCD1, which is relevant to cancer immunotherapy, potentially making it a plausible candidate for treating Platinum-resistant ovarian carcinoma (PD-L1+ CPS≥1).",0.625,1.875
1,Platinum-resistant ovarian carcinoma (PD-L1+ CPS≥1),primekg,kg,llama3.3:70b,1,8,G,1,1.0,1,1,1,1,,both,consistent,5.0,"Drug-6 targets PDCD1, directly related to the disease's PD-L1+ characteristic.",0.375,2.125
1,TRD monotherapy,drkg,kg,llama3.3:70b,0,8,D,1,1.0,1,1,1,1,,both,consistent,4.0,Drug-7 targets NMDA receptor subunits which are implicated in the pathophysiology of TRD.,0.5,1.75
1,TRD monotherapy,drkg,kg,llama3.3:70b,1,8,H,2,0.5,0,1,1,1,,both,consistent,4.0,"Drug-7 targets multiple glutamate receptor subunits, which could influence synaptic plasticity and neurotransmission, making it a reasonable candidate for TRD monotherapy.",0.375,2.25
1,ILD-associated pulmonary hypertension,drkg,kg,llama3.3:70b,0,8,F,3,0.3333333333333333,0,1,1,1,,prior,insufficient,2.0,Drug-1's effects on prostaglandin receptors and other targets might indirectly influence vascular health or inflammation but lack direct evidence linking it to the disease mechanisms.,0.125,1.875
1,ILD-associated pulmonary hypertension,drkg,kg,llama3.3:70b,1,8,F,8,0.125,0,0,0,1,,prior,insufficient,1.0,Drug-1's broad range of targets and effects does not clearly indicate a direct or indirect benefit for treating ILD-associated pulmonary hypertension.,0.125,1.875
1,Indolent systemic mastocytosis (EMA),drkg,kg,llama3.3:70b,0,8,A,8,0.125,0,0,0,1,,prior,insufficient,1.0,"No information is provided for Drug-8, making it impossible to evaluate its potential for treating mastocytosis based on the given data.",0.5,1.5
1,Indolent systemic mastocytosis (EMA),drkg,kg,llama3.3:70b,1,8,H,8,0.125,0,0,0,1,,prior,insufficient,1.0,"Drug-8 has no provided information in the knowledge graph, making its assessment entirely speculative and lacking any mechanistic plausibility for mastocytosis treatment.",0.5,1.875
1,Hidradenitis suppurativa,drkg,kg,llama3.3:70b,0,8,H,1,1.0,1,1,1,1,,both,consistent,4.0,"Drug-7 inhibits IL17A, which could potentially modulate the inflammatory response associated with Hidradenitis suppurativa.",0.125,1.625
1,Hidradenitis suppurativa,drkg,kg,llama3.3:70b,1,8,F,1,1.0,1,1,1,1,,both,consistent,4.0,"Drug-7 inhibits IL17A, which is involved in inflammatory pathways potentially relevant to Hidradenitis suppurativa.",0.375,2.0
1,Chronic hepatitis B (pediatric),drkg,kg,llama3.3:70b,0,8,G,7,0.14285714285714285,0,0,0,1,,prior,insufficient,1.0,"There is very limited evidence in the knowledge graph to support the use of Drug-6 for treating Chronic hepatitis B (pediatric), and its mechanism of action is unclear.",0.25,2.0
1,Chronic hepatitis B (pediatric),drkg,kg,llama3.3:70b,1,8,H,8,0.125,0,0,0,1,,prior,insufficient,1.0,"Drug-6's targets are not clearly related to known mechanisms of hepatitis B or liver disease, making its potential utility highly speculative.",0.5,1.875
1,HoFH pediatric (EMA),drkg,kg,llama3.3:70b,0,8,C,5,0.2,0,0,1,1,,prior,insufficient,1.0,"No information is provided about Drug-8's mechanism of action or targets, making it impossible to assess its potential for treating HoFH.",0.125,1.625
1,HoFH pediatric (EMA),drkg,kg,llama3.3:70b,1,8,D,6,0.16666666666666666,0,0,0,1,,prior,insufficient,1.0,"No information is provided for Drug-8, making it impossible to assess its potential for treating HoFH pediatric.",0.375,1.125
1,Nephrotic syndrome,drkg,kg,llama3.3:70b,0,8,A,2,0.5,0,1,1,1,,prior,insufficient,2.0,Lack of direct evidence in the knowledge graph for Drug-1's relevance to Nephrotic syndrome makes its ranking uncertain.,0.25,2.125
1,Nephrotic syndrome,drkg,kg,llama3.3:70b,1,8,H,8,0.125,0,0,0,1,,prior,insufficient,1.0,Drug-1's inhibition of MS4A1 and targeting of XIAP do not provide a clear mechanistic link to Nephrotic syndrome.,0.25,1.875
1,Follicular lymphoma,drkg,kg,llama3.3:70b,0,8,G,7,0.14285714285714285,0,0,0,1,,prior,insufficient,1.0,"No information is available for Drug-8, making its potential for treating Follicular lymphoma completely speculative and uncertain.",0.625,1.875
1,Follicular lymphoma,drkg,kg,llama3.3:70b,1,8,D,7,0.14285714285714285,0,0,0,1,,prior,insufficient,1.0,No evidence from the knowledge graph or prior knowledge strongly supports Drug-8's use in treating Follicular lymphoma.,0.75,2.5
1,Retinal vein occlusion,drkg,kg,llama3.3:70b,0,8,H,8,0.125,0,0,0,1,,prior,insufficient,1.0,"No information is provided for Drug-8, making it impossible to assess its potential for treating Retinal vein occlusion.",0.125,1.25
1,Retinal vein occlusion,drkg,kg,llama3.3:70b,1,8,D,6,0.16666666666666666,0,0,0,1,,prior,insufficient,1.0,"No information is available for Drug-8, making it impossible to assess its potential for treating Retinal vein occlusion.",0.0,1.5
1,Agitation associated with Alzheimer's dementia,drkg,kg,llama3.3:70b,0,8,D,4,0.25,0,0,1,1,,prior,insufficient,2.0,"Drug-2 targets SERPINE2 and TNFSF13B, which are involved in inflammation and cell signaling, but without clear relevance to Alzheimer's dementia agitation.",0.125,1.625
1,Agitation associated with Alzheimer's dementia,drkg,kg,llama3.3:70b,1,8,C,6,0.16666666666666666,0,0,0,1,,prior,insufficient,1.0,"Drug-2 targets SERPINE2 and TNFSF13B, which are involved in blood coagulation and immune responses, respectively, lacking a clear connection to Alzheimer's disease agitation.",0.25,1.875
1,High LDL-C with increased CV risk (expanded),drkg,kg,llama3.3:70b,0,8,G,8,0.125,0,0,0,1,,prior,insufficient,1.0,"No information is provided about Drug-7's interactions or targets, making it impossible to assess its potential for treating High LDL-C with increased CV risk.",0.5,2.0
1,High LDL-C with increased CV risk (expanded),drkg,kg,llama3.3:70b,1,8,H,8,0.125,0,0,0,1,,prior,insufficient,1.0,"No information is provided about Drug-8's mechanism or targets, making it impossible to assess its potential for treating High LDL-C with increased CV risk.",0.0,1.375
1,Indolent systemic mastocytosis,drkg,kg,llama3.3:70b,0,8,B,6,0.16666666666666666,0,0,0,1,,prior,insufficient,1.0,"No evidence is available for Drug-8, making it impossible to assess its potential for treating indolent systemic mastocytosis.",0.375,1.875
1,Indolent systemic mastocytosis,drkg,kg,llama3.3:70b,1,8,D,6,0.16666666666666666,0,0,0,1,,prior,insufficient,1.0,"No information is available for Drug-8, making any assessment of its potential entirely speculative and uncertain.",0.5,1.75
1,EGPA (expanded),drkg,kg,llama3.3:70b,0,8,F,2,0.5,0,1,1,1,,both,consistent,4.0,"Drug-7 targets IL5RA, which is associated with the disease-related gene IL5, making it a plausible candidate.",0.125,1.75
1,EGPA (expanded),drkg,kg,llama3.3:70b,1,8,F,1,1.0,1,1,1,1,,both,consistent,4.0,"Drug-7 targets IL5RA, which is associated with the disease-related gene IL5, providing a plausible mechanistic link to EGPA.",0.125,1.625
1,COVID-19 (expanded population),drkg,kg,llama3.3:70b,0,8,E,8,0.125,0,0,0,1,,prior,insufficient,1.0,"No information is provided for Drug-8, making it impossible to assess its mechanistic plausibility for COVID-19 treatment.",0.5,1.875
1,COVID-19 (expanded population),drkg,kg,llama3.3:70b,1,8,C,5,0.2,0,0,1,1,,prior,insufficient,1.0,No evidence is provided in the knowledge graph to assess its potential for treating COVID-19.,0.625,2.25
1,Obstructive sleep apnea with obesity,drkg,kg,llama3.3:70b,0,8,D,2,0.5,0,1,1,1,,prior,insufficient,1.0,"No information is provided for Drug-8, making its assessment purely speculative based on prior knowledge alone.",0.375,1.625
1,Obstructive sleep apnea with obesity,drkg,kg,llama3.3:70b,1,8,A,8,0.125,0,0,0,1,,prior,insufficient,1.0,No evidence is provided for Drug-8's mechanism or targets in relation to obstructive sleep apnea with obesity.,0.25,2.375
1,KRAS G12C+ mCRC,drkg,kg,llama3.3:70b,0,8,C,8,0.125,0,0,0,1,,prior,insufficient,1.0,"Like Drug-6, no information is available for Drug-7 to evaluate its potential efficacy in KRAS G12C+ mCRC.",0.25,1.625
1,KRAS G12C+ mCRC,drkg,kg,llama3.3:70b,1,8,F,1,1.0,1,1,1,1,,both,consistent,5.0,"Drug-8 directly targets KRAS, a key mutation in the target disease.",0.625,2.0
1,Diabetic retinopathy/DME (EMA Mar+May 2026),drkg,kg,llama3.3:70b,0,8,E,9,0.1111111111111111,0,0,0,1,,,,,,1.0,3.0
1,Diabetic retinopathy/DME (EMA Mar+May 2026),drkg,kg,llama3.3:70b,1,8,B,1,1.0,1,1,1,1,,prior,insufficient,2.0,Lack of information about Drug-8's targets and pathways makes it difficult to assess its plausibility.,0.25,2.375
1,Chorea associated with Huntington's disease,drkg,kg,llama3.3:70b,0,8,C,3,0.3333333333333333,0,1,1,1,,prior,conflicting,2.0,"Drug-8 inhibits CYP3A4, which may have unintended consequences, and its mechanism is unclear in relation to Chorea associated with Huntington's disease.",0.625,2.0
1,Chorea associated with Huntington's disease,drkg,kg,llama3.3:70b,1,8,B,7,0.14285714285714285,0,0,0,1,,prior,insufficient,1.0,"Drug-8's targets and mechanisms are not directly related to Huntington's disease pathology, and its potential impact is unclear.",0.25,2.0
1,Heart failure (broadened),drkg,kg,llama3.3:70b,0,8,F,6,0.16666666666666666,0,0,0,1,,kg,insufficient,1.0,"Drug-8's interactions are not clearly relevant to heart failure treatment, given the lack of direct connections to cardiovascular targets or pathways.",0.375,1.625
1,Heart failure (broadened),drkg,kg,llama3.3:70b,1,8,B,5,0.2,0,0,1,1,,prior,insufficient,1.0,The provided information on Drug-8 does not offer clear insights into its potential for treating heart failure.,0.5,1.875
1,Acquired hypofibrinogenemia in cardiovascular surgery,drkg,kg,llama3.3:70b,0,8,D,4,0.25,0,0,1,1,,prior,insufficient,1.0,"No information is available for Drug-6, making it impossible to assess its potential for treating the disease.",0.0,1.25
1,Acquired hypofibrinogenemia in cardiovascular surgery,drkg,kg,llama3.3:70b,1,8,B,5,0.2,0,0,1,1,,prior,insufficient,1.0,"No information is provided about Drug-6's targets or effects, making its potential for treating Acquired hypofibrinogenemia uncertain.",0.0,1.25
1,Pediatric atopic dermatitis,drkg,kg,llama3.3:70b,0,8,E,1,1.0,1,1,1,1,,both,consistent,4.0,"Drug-8's inhibition of JAK1 and targeting of TYK2, JAK3, and JAK2 aligns with the role of JAK inhibitors in treating atopic dermatitis by modulating immune responses.",0.375,1.875
1,Pediatric atopic dermatitis,drkg,kg,llama3.3:70b,1,8,C,9,0.1111111111111111,0,0,0,1,,,,,,1.0,5.0
1,COVID-19 updated strain,drkg,kg,llama3.3:70b,0,8,F,9,0.1111111111111111,0,0,0,1,,,,,,1.0,4.0
1,COVID-19 updated strain,drkg,kg,llama3.3:70b,1,8,B,7,0.14285714285714285,0,0,0,1,,prior,insufficient,1.0,"No information is provided for Drug-8 and Drug-6, making their assessment purely speculative without any basis in the given evidence.",0.125,1.875
1,Delay T1D onset in children ≥1yr,drkg,kg,llama3.3:70b,0,8,D,8,0.125,0,0,0,1,,prior,insufficient,1.0,"Drug-7 lacks any provided evidence or known mechanisms that could link it to delaying T1D onset, making its assessment uncertain.",0.375,1.75
1,Delay T1D onset in children ≥1yr,drkg,kg,llama3.3:70b,1,8,D,8,0.125,0,0,0,1,,prior,insufficient,1.0,Lack of information on Drug-7's mechanism or targets precludes an assessment of its suitability for delaying T1D onset.,0.375,1.75
1,Unresectable thymic carcinoma (PMDA),drkg,kg,llama3.3:70b,0,8,E,1,1.0,1,1,1,1,,both,consistent,4.0,"Drug-6 inhibits several kinases involved in cancer progression, suggesting potential efficacy against unresectable thymic carcinoma.",0.375,1.625
1,Unresectable thymic carcinoma (PMDA),drkg,kg,llama3.3:70b,1,8,H,1,1.0,1,1,1,1,,prior,insufficient,3.0,"Drug-6 is ranked first due to its inhibition of FLT1, KDR, and VEGFA, which are involved in angiogenesis, a process relevant to cancer treatment.",0.0,1.5
1,Retinal vein occlusion,drkg,kg,llama3.3:70b,0,8,F,6,0.16666666666666666,0,0,0,1,,prior,insufficient,1.0,Lack of information about Drug-8 makes it impossible to assess its relevance to the disease.,0.125,2.0
1,Retinal vein occlusion,drkg,kg,llama3.3:70b,1,8,C,6,0.16666666666666666,0,0,0,1,,prior,insufficient,1.0,"No information is provided about Drug-8's mechanism or targets, making its assessment for Retinal vein occlusion uncertain.",0.125,1.75
1,Spinal muscular atrophy (pediatric expansion),drkg,kg,llama3.3:70b,0,8,A,7,0.14285714285714285,0,0,0,1,,prior,insufficient,1.0,Lack of information about Drug-8's mechanism and targets makes it impossible to assess its potential for treating SMA.,0.5,1.75
1,Spinal muscular atrophy (pediatric expansion),drkg,kg,llama3.3:70b,1,8,D,4,0.25,0,0,1,1,,prior,insufficient,1.0,"No information is provided for Drug-8, making it impossible to assess its potential efficacy in treating SMA.",0.375,1.625
1,Chronic thromboembolic pulmonary hypertension,drkg,kg,llama3.3:70b,0,8,F,1,1.0,1,1,1,1,,both,consistent,4.0,Drug-7's inhibition of F10 and F2 provides a plausible mechanism for treating thromboembolic conditions.,0.125,1.875
1,Chronic thromboembolic pulmonary hypertension,drkg,kg,llama3.3:70b,1,8,C,1,1.0,1,1,1,1,,both,consistent,4.0,Drug-7's inhibition of coagulation factors F10 and F2 provides a plausible mechanism for treating Chronic thromboembolic pulmonary hypertension.,0.25,2.125
1,Polycythaemia vera and essential thrombocytopenia,drkg,kg,llama3.3:70b,0,8,C,2,0.5,0,1,1,1,,both,consistent,3.0,"Drug-1 activates IFNAR1 and IFNAR2, which could be relevant given the disease's association with IFNA2, although the connection is indirect.",0.25,1.875
1,Polycythaemia vera and essential thrombocytopenia,drkg,kg,llama3.3:70b,1,8,C,9,0.1111111111111111,0,0,0,1,,,,,,1.0,4.0
1,Generalized myasthenia gravis,drkg,kg,llama3.3:70b,0,8,A,8,0.125,0,0,0,1,,prior,insufficient,1.0,"No information is provided about Drug-8, making it impossible to assess its potential for treating Generalized myasthenia gravis.",0.0,1.25
1,Generalized myasthenia gravis,drkg,kg,llama3.3:70b,1,8,C,8,0.125,0,0,0,1,,prior,insufficient,1.0,"No information is provided about Drug-8's mechanism of action or targets, making it impossible to assess its potential for treating Generalized myasthenia gravis.",0.0,1.25
1,Invasive fungal infections pediatric ≥2yr,drkg,kg,llama3.3:70b,0,8,B,4,0.25,0,0,1,1,,kg,consistent,1.0,Drug-5's targets do not clearly align with antifungal mechanisms based on the provided knowledge graph evidence.,0.375,1.5
1,Invasive fungal infections pediatric ≥2yr,drkg,kg,llama3.3:70b,1,8,B,2,0.5,0,1,1,1,,prior,insufficient,2.0,Drug-5's profile shows interactions with various enzymes and targets but does not provide clear antifungal potential or relevance to treating invasive fungal infections.,0.0,1.375
1,PKU expanded to ≥12yr,drkg,kg,llama3.3:70b,0,8,C,6,0.16666666666666666,0,0,0,1,,prior,insufficient,1.0,"No information is provided for Drug-8, making it impossible to assess its potential for treating PKU.",0.5,1.625
1,PKU expanded to ≥12yr,drkg,kg,llama3.3:70b,1,8,H,8,0.125,0,0,0,1,,prior,insufficient,1.0,"No information is available for Drug-8, making it impossible to assess its potential for treating PKU.",0.375,1.375
1,IDH1-mutated relapsed/refractory MDS,drkg,kg,llama3.3:70b,0,8,C,9,0.1111111111111111,0,0,0,1,,,,,,1.0,5.0
1,IDH1-mutated relapsed/refractory MDS,drkg,kg,llama3.3:70b,1,8,E,9,0.1111111111111111,0,0,0,1,,,,,,1.0,5.0
1,Retinopathy of prematurity,drkg,kg,llama3.3:70b,0,8,G,1,1.0,1,1,1,1,,both,consistent,4.0,"Drug-6's inhibition of VEGFA, a key factor in angiogenesis, provides a plausible mechanism for treating retinopathy of prematurity.",0.125,1.5
1,Retinopathy of prematurity,drkg,kg,llama3.3:70b,1,8,F,1,1.0,1,1,1,1,,both,consistent,4.0,Drug-6's inhibition of VEGFA and KDR suggests a plausible mechanistic link to Retinopathy of prematurity via angiogenesis pathways.,0.125,1.625
1,Agitation associated with Alzheimer's dementia,drkg,kg,llama3.3:70b,0,8,D,1,1.0,1,1,1,1,,both,consistent,4.0,Drug-5's activation of HTR1A and DRD2 receptors aligns with common treatments for agitation and psychiatric disorders.,0.125,1.625
1,Agitation associated with Alzheimer's dementia,drkg,kg,llama3.3:70b,1,8,D,1,1.0,1,1,1,1,,both,consistent,4.0,"Activates HTR1A and DRD2, which are neurotransmitter systems implicated in the regulation of agitation.",1.0,4.0
1,LDL-C elevation in statin-intolerant dyslipidemia,drkg,kg,llama3.3:70b,0,8,C,1,1.0,1,1,1,1,,both,consistent,4.0,"Drug-8 targets PPARA, which is involved in lipid metabolism and could potentially help lower LDL-C levels.",0.25,1.625
1,LDL-C elevation in statin-intolerant dyslipidemia,drkg,kg,llama3.3:70b,1,8,D,1,1.0,1,1,1,1,,both,consistent,5.0,"Drug-8 targets PPARA, a key regulator of lipid metabolism, making it a plausible candidate for treating LDL-C elevation.",0.5,2.0
1,First-line anemia in lower-risk MDS,drkg,kg,llama3.3:70b,0,8,E,7,0.14285714285714285,0,0,0,1,,prior,insufficient,1.0,"No information is provided about Drug-7's mechanism of action or targets, making it impossible to assess its potential for treating anemia in MDS.",0.0,1.5
1,First-line anemia in lower-risk MDS,drkg,kg,llama3.3:70b,1,8,E,7,0.14285714285714285,0,0,0,1,,prior,insufficient,1.0,"No information is provided for Drug-7, making it impossible to assess its potential for treating anemia in MDS.",0.0,1.375
1,Atopic dermatitis,drkg,kg,llama3.3:70b,0,8,F,1,1.0,1,1,1,1,,both,consistent,4.0,"Drug-7's inhibition of JAK1 and JAK2, key components in inflammatory signaling pathways, provides a plausible mechanism for treating atopic dermatitis.",0.375,2.25
1,Atopic dermatitis,drkg,kg,llama3.3:70b,1,8,F,5,0.2,0,0,1,1,,both,conflicting,2.0,"Drug-3 activates PPARA and targets several genes, but the relevance of these actions to atopic dermatitis is not clearly supported by the provided evidence.",0.375,2.0
1,Acute HCV pediatric,drkg,kg,llama3.3:70b,0,8,D,7,0.14285714285714285,0,0,0,1,,kg,conflicting,1.0,"Drug-8's targets are primarily involved in drug metabolism and transport, not directly relevant to treating HCV infection.",0.375,1.5
1,Acute HCV pediatric,drkg,kg,llama3.3:70b,1,8,E,3,0.3333333333333333,0,1,1,1,,prior,insufficient,1.0,"Drug-7's upregulation of certain genes and downregulation of others could theoretically influence inflammatory or immune processes, but the relevance to Acute HCV pediatric is highly speculative.",0.0,1.25
1,HoFH in children,drkg,kg,llama3.3:70b,0,8,D,7,0.14285714285714285,0,0,0,1,,prior,insufficient,1.0,Drug-8 lacks any provided evidence or known mechanism that would suggest efficacy in treating HoFH.,0.0,1.125
1,HoFH in children,drkg,kg,llama3.3:70b,1,8,E,8,0.125,0,0,0,1,,prior,insufficient,1.0,"No information is provided about Drug-8's mechanism of action or targets, making its assessment for HoFH entirely speculative.",0.5,1.125
1,dMMR/MSI-H primary advanced endometrial cancer (+chemo),drkg,kg,llama3.3:70b,0,8,E,5,0.2,0,0,1,1,,prior,insufficient,1.0,"No information was provided about Drug-8's mechanism of action or targets, making it impossible to assess its potential efficacy.",0.625,2.625
1,dMMR/MSI-H primary advanced endometrial cancer (+chemo),drkg,kg,llama3.3:70b,1,8,H,6,0.16666666666666666,0,0,0,1,,prior,insufficient,1.0,"No evidence is provided for Drug-8, making it impossible to assess its potential efficacy in treating dMMR/MSI-H primary advanced endometrial cancer.",0.25,1.875
1,Cerebral folate transport deficiency,drkg,kg,llama3.3:70b,0,8,H,6,0.16666666666666666,0,0,0,1,,prior,insufficient,1.0,Drug-1's profile includes activation of galanin receptors and binding to several enzymes but lacks relevance to folate metabolism or transport.,0.5,1.125
1,Cerebral folate transport deficiency,drkg,kg,llama3.3:70b,1,8,C,1,1.0,1,1,1,1,,prior,insufficient,2.0,"Drug-1's interaction with various transporters and enzymes might indirectly affect folate metabolism, but this is highly speculative without direct evidence.",0.125,1.25
1,Reduce MACE in CVD + obesity/overweight,drkg,kg,llama3.3:70b,0,8,C,9,0.1111111111111111,0,0,0,1,,,,,,1.0,5.0
1,Reduce MACE in CVD + obesity/overweight,drkg,kg,llama3.3:70b,1,8,B,1,1.0,1,1,1,1,,both,consistent,4.0,Drug-8's activation of GCG and targeting of GLP1R aligns with potential benefits for metabolic syndrome and cardiovascular disease.,0.25,2.0
1,Palmoplantar pustulosis (PMDA),drkg,kg,llama3.3:70b,0,8,G,1,1.0,1,1,1,1,,both,consistent,4.0,"Drug-7 targets IL23A, which is involved in inflammatory processes potentially relevant to Palmoplantar pustulosis.",0.5,1.625
1,Palmoplantar pustulosis (PMDA),drkg,kg,llama3.3:70b,1,8,H,2,0.5,0,1,1,1,,kg,consistent,3.0,"Drug-7 targets IL23A, a cytokine involved in inflammation, making it potentially relevant for treating an inflammatory condition like Palmoplantar pustulosis.",0.25,1.5
1,Measles prophylaxis post-exposure,drkg,kg,llama3.3:70b,0,8,D,1,1.0,1,1,1,1,,both,consistent,4.0,"Drug-1 targets multiple Fc gamma receptors, which could modulate immune responses and potentially aid in prophylaxis against measles.",0.375,2.0
1,Measles prophylaxis post-exposure,drkg,kg,llama3.3:70b,1,8,A,1,1.0,1,1,1,1,,both,consistent,4.0,"Drug-1 targets multiple Fc gamma receptors, which could potentially modulate the immune response to measles.",0.625,2.25
1,CKD in T2D,drkg,kg,llama3.3:70b,0,8,D,1,1.0,1,1,1,1,,both,consistent,4.0,"Drug-8's activation of GCG and targeting of GLP1R suggests potential benefits in managing diabetes, which could indirectly impact CKD.",1.0,4.0
1,CKD in T2D,drkg,kg,llama3.3:70b,1,8,H,1,1.0,1,1,1,1,,prior,insufficient,3.0,"Drug-1's inhibition of KCNN1 and KCNN2 could potentially be beneficial for CKD in T2D by affecting potassium channels, but the connection is indirect and requires further evidence.",0.25,2.25
1,HER2-mutant NSCLC (PMDA),drkg,kg,llama3.3:70b,0,8,F,6,0.16666666666666666,0,0,0,1,,prior,insufficient,1.0,"Drug-8 targets FCGR1A and TOP1, but these targets do not clearly relate to the pathways involved in HER2-mutant NSCLC based on provided information.",0.0,1.25
1,HER2-mutant NSCLC (PMDA),drkg,kg,llama3.3:70b,1,8,C,7,0.14285714285714285,0,0,0,1,,prior,insufficient,1.0,"Drug-8 targets FCGR1A and TOP1, but without clear connections to HER2-mutant NSCLC mechanisms, its potential is uncertain.",0.0,1.375
1,Heterozygous familial hypercholesterolemia,drkg,kg,llama3.3:70b,0,8,H,1,1.0,1,1,1,1,,both,consistent,5.0,"Drug-7 inhibits PCSK9, a key protein in cholesterol metabolism, providing a clear mechanistic link to treating heterozygous familial hypercholesterolemia.",0.25,1.625
1,Heterozygous familial hypercholesterolemia,drkg,kg,llama3.3:70b,1,8,G,1,1.0,1,1,1,1,,both,consistent,5.0,"Drug-7 inhibits PCSK9, a key enzyme in cholesterol metabolism, providing a strong mechanistic link to treating Heterozygous familial hypercholesterolemia.",0.25,1.625
1,Crohn's disease,drkg,kg,llama3.3:70b,0,8,H,1,1.0,1,1,1,1,,both,consistent,4.0,"Drug-7 targets IL23A, which is involved in the inflammatory response and has been implicated in Crohn's disease pathogenesis.",0.5,2.125
1,Crohn's disease,drkg,kg,llama3.3:70b,1,8,F,1,1.0,1,1,1,1,,both,consistent,5.0,"Drug-7 targets IL23A, a key cytokine involved in the inflammatory process of Crohn's disease.",0.25,2.375
1,COVID-19 in severe renal impairment/dialysis,drkg,kg,llama3.3:70b,0,8,F,8,0.125,0,0,0,1,,prior,insufficient,1.0,"With no provided evidence from the knowledge graph, Drug-8's assessment relies entirely on prior knowledge, making its potential impact on COVID-19 in severe renal impairment highly speculative.",0.625,2.0
1,COVID-19 in severe renal impairment/dialysis,drkg,kg,llama3.3:70b,1,8,B,6,0.16666666666666666,0,0,0,1,,prior,insufficient,1.0,"No evidence was provided for Drug-8, making it difficult to assess its potential for treating COVID-19 in severe renal impairment/dialysis.",0.5,2.0
1,MASH with fibrosis,drkg,kg,llama3.3:70b,0,8,C,5,0.2,0,0,1,1,,prior,insufficient,1.0,Drug-8's activation of GCG and targeting of GLP1R do not directly relate to fibrosis or MASH based on the provided information.,0.375,1.75
1,MASH with fibrosis,drkg,kg,llama3.3:70b,1,8,F,9,0.1111111111111111,0,0,0,1,,,,,,1.0,4.0
1,mHSPC + ADT,drkg,kg,llama3.3:70b,0,8,H,1,1.0,1,1,1,1,,both,consistent,5.0,"Drug-8 targets PGR and AR, which are directly related to prostate cancer treatment, making it the most plausible candidate.",0.5,1.875
1,mHSPC + ADT,drkg,kg,llama3.3:70b,1,8,C,1,1.0,1,1,1,1,,both,consistent,4.0,"Drug-8 targets PGR and AR, which are relevant to hormone-related cancers like mHSPC + ADT.",0.25,1.625
1,Chronic kidney disease,drkg,kg,llama3.3:70b,0,8,F,9,0.1111111111111111,0,0,0,1,,,,,,1.0,4.0
1,Chronic kidney disease,drkg,kg,llama3.3:70b,1,8,B,1,1.0,1,1,1,1,,both,consistent,4.0,"Drug-8 targets INS, which is related to metabolic pathways that could influence CKD progression, and its inhibition of SLC5A1 and SLC5A2 may affect glucose reabsorption in the kidneys.",0.625,1.875
1,Allergic fungal rhinosinusitis (AFRS) ≥6yr,drkg,kg,llama3.3:70b,0,8,C,9,0.1111111111111111,0,0,0,1,,,,,,1.0,4.0
1,Allergic fungal rhinosinusitis (AFRS) ≥6yr,drkg,kg,llama3.3:70b,1,8,C,1,1.0,1,1,1,1,,kg,consistent,4.0,"Drug-8 targets IL4R, which is involved in allergic responses, making it a plausible candidate for treating AFRS.",0.25,1.5
1,Acquired hypothalamic obesity,drkg,kg,llama3.3:70b,0,8,C,1,1.0,1,1,1,1,,both,consistent,4.0,"Drug-8 is the most plausible candidate due to its activation of MC4R, a gene directly associated with Acquired hypothalamic obesity.",0.375,1.75
1,Acquired hypothalamic obesity,drkg,kg,llama3.3:70b,1,8,C,1,1.0,1,1,1,1,,both,consistent,5.0,"Drug-8 activates MC4R, a gene directly associated with Acquired Hypothalamic Obesity, providing a strong mechanistic link to the disease.",0.25,1.875
1,Pediatric glioma (EMA),drkg,kg,llama3.3:70b,0,8,H,2,0.5,0,1,1,1,,both,consistent,4.0,"Drug-6's inhibition of BRAF and MAPK1, kinases involved in cell proliferation pathways, and its downregulation of GPRC5A, which is overexpressed in some gliomas, suggest potential therapeutic effects.",0.75,2.625
1,Pediatric glioma (EMA),drkg,kg,llama3.3:70b,1,8,F,1,1.0,1,1,1,1,,both,consistent,4.0,"Drug-6 inhibits BRAF and RAF1, which are involved in cancer pathways relevant to glioma.",0.375,1.625
1,IV formulation for rheumatic diseases (EMA),drkg,kg,llama3.3:70b,0,8,A,1,1.0,1,1,1,1,,both,consistent,4.0,"Drug-6 inhibits IL17A, which is involved in inflammatory processes relevant to rheumatic diseases.",0.125,1.5
1,IV formulation for rheumatic diseases (EMA),drkg,kg,llama3.3:70b,1,8,F,1,1.0,1,1,1,1,,both,consistent,4.0,"Drug-6 inhibits IL17A, which is a cytokine involved in the pathogenesis of rheumatic diseases.",0.25,2.0
1,Oral tablet formulation for weight management,drkg,kg,llama3.3:70b,0,8,F,1,1.0,1,1,1,1,,both,consistent,5.0,"Drug-8's activation of GCG and targeting of GLP1R directly relates to glucose metabolism and appetite regulation, key aspects of weight management.",0.25,2.0
1,Oral tablet formulation for weight management,drkg,kg,llama3.3:70b,1,8,G,9,0.1111111111111111,0,0,0,1,,,,,,1.0,5.0
1,dMMR recurrent/advanced endometrial cancer,drkg,kg,llama3.3:70b,0,8,G,7,0.14285714285714285,0,0,0,1,,prior,insufficient,1.0,No evidence was provided to assess Drug-8's potential for treating dMMR recurrent/advanced endometrial cancer.,0.375,2.0
1,dMMR recurrent/advanced endometrial cancer,drkg,kg,llama3.3:70b,1,8,A,5,0.2,0,0,1,1,,prior,insufficient,1.0,Lack of any provided evidence makes it difficult to assess Drug-8's potential for treating dMMR endometrial cancer.,0.5,1.875
1,Primary humoral immunodeficiency pediatric 2-11yr,drkg,kg,llama3.3:70b,0,8,B,1,1.0,1,1,1,1,,both,consistent,4.0,"Drug-1 targets Fc gamma receptors, which are crucial for immune response, making it a mechanistically plausible candidate for Primary humoral immunodeficiency pediatric 2-11yr.",0.625,1.625
1,Primary humoral immunodeficiency pediatric 2-11yr,drkg,kg,llama3.3:70b,1,8,C,1,1.0,1,1,1,1,,both,consistent,4.0,"Drug-1 targets Fc gamma receptors, which are involved in immune responses and could potentially modulate the immune system's function in primary humoral immunodeficiency.",0.25,1.875
1,Neoadj+adj HNSCC,drkg,kg,llama3.3:70b,0,8,F,1,1.0,1,1,1,1,,both,consistent,4.0,"Drug-7 inhibits PDCD1, which is a potential target for cancer treatment, and also targets other genes involved in DNA repair and immune response, making it a plausible candidate for Neoadj+adj HNSCC.",0.5,1.875
1,Neoadj+adj HNSCC,drkg,kg,llama3.3:70b,1,8,E,9,0.1111111111111111,0,0,0,1,,,,,,1.0,4.0
1,Juvenile idiopathic arthritis (EMA Feb 2026),drkg,kg,llama3.3:70b,0,8,E,9,0.1111111111111111,0,0,0,1,,,,,,1.0,5.0
1,Juvenile idiopathic arthritis (EMA Feb 2026),drkg,kg,llama3.3:70b,1,8,D,1,1.0,1,1,1,1,,both,consistent,4.0,"Drug-7's inhibition of JAK1 and JAK2 aligns with its potential to modulate immune responses, which is relevant to treating autoimmune diseases like Juvenile Idiopathic Arthritis.",0.125,2.0
1,"ALK+ solid tumors (tissue-agnostic, world-first)",drkg,kg,llama3.3:70b,0,8,G,1,1.0,1,1,1,1,,both,consistent,5.0,"Drug-8 directly inhibits ALK, a primary target in ALK+ solid tumors.",0.5,1.75
1,"ALK+ solid tumors (tissue-agnostic, world-first)",drkg,kg,llama3.3:70b,1,8,B,1,1.0,1,1,1,1,,both,consistent,5.0,"Drug-8 directly inhibits ALK, a primary target in ALK+ solid tumors.",0.125,1.75
1,Ulcerative colitis,drkg,kg,llama3.3:70b,0,8,C,9,0.1111111111111111,0,0,0,1,,,,,,1.0,4.0
1,Ulcerative colitis,drkg,kg,llama3.3:70b,1,8,A,1,1.0,1,1,1,1,,both,consistent,4.0,"Drug-8 targets IL12B, which plays a role in inflammation, making it a plausible candidate for treating ulcerative colitis.",0.25,1.875
1,Advanced RCC after PD-1/PD-L1 + VEGF-TKI,drkg,kg,llama3.3:70b,0,8,F,6,0.16666666666666666,0,0,0,1,,prior,insufficient,1.0,"Drug-8's targeting of EPAS1 is noted, but without additional context or evidence directly linking it to Advanced RCC after PD-1/PD-L1 + VEGF-TKI, its relevance remains highly speculative.",0.0,1.875
1,Advanced RCC after PD-1/PD-L1 + VEGF-TKI,drkg,kg,llama3.3:70b,1,8,A,5,0.2,0,0,1,1,,kg,conflicting,1.0,Drug-8's target EPAS1 is not clearly linked to Advanced RCC in the knowledge graph or prior knowledge.,0.5,1.125
1,Ulcerative colitis,drkg,kg,llama3.3:70b,0,8,B,9,0.1111111111111111,0,0,0,1,,,,,,1.0,4.0
1,Ulcerative colitis,drkg,kg,llama3.3:70b,1,8,A,1,1.0,1,1,1,1,,both,consistent,4.0,"Drug-7 targets IL23A, which plays a role in immune response and may be beneficial in treating Ulcerative Colitis.",0.25,1.5
1,BRAF V600E metastatic NSCLC,drkg,kg,llama3.3:70b,0,8,C,1,1.0,1,1,1,1,,both,consistent,5.0,"Drug-8 directly inhibits BRAF, a crucial gene in the disease's pathology, making it the most plausible candidate.",0.125,1.75
1,BRAF V600E metastatic NSCLC,drkg,kg,llama3.3:70b,1,8,B,1,1.0,1,1,1,1,,both,consistent,5.0,"Drug-8 directly inhibits BRAF, a crucial target in BRAF V600E metastatic NSCLC.",0.125,1.75
1,Crohn's disease,drkg,kg,llama3.3:70b,0,8,A,1,1.0,1,1,1,1,,both,consistent,4.0,Drug-8's inhibition of JAK kinases aligns with anti-inflammatory strategies relevant to Crohn's disease.,0.375,2.125
1,Crohn's disease,drkg,kg,llama3.3:70b,1,8,E,1,1.0,1,1,1,1,,both,consistent,4.0,"Drug-8's inhibition of JAK1 and targeting of TYK2, JAK3, and JAK2 aligns with the role of these kinases in immune response and inflammation, making it a plausible candidate for treating Crohn's disease.",0.5,1.875
1,dMMR/MSI-H primary advanced endometrial cancer,drkg,kg,llama3.3:70b,0,8,A,8,0.125,0,0,0,1,,prior,insufficient,1.0,"No information is provided about Drug-8's mechanism of action or potential relevance to endometrial cancer, making its assessment purely speculative.",0.375,1.375
1,dMMR/MSI-H primary advanced endometrial cancer,drkg,kg,llama3.3:70b,1,8,G,7,0.14285714285714285,0,0,0,1,,prior,insufficient,1.0,"No information is provided for Drug-8, making it impossible to assess its potential for treating dMMR/MSI-H primary advanced endometrial cancer.",0.5,1.125
1,IgG4-related disease,drkg,kg,llama3.3:70b,0,8,H,8,0.125,0,0,0,1,,prior,insufficient,1.0,"No information is available for Drug-7, making its potential impact on IgG4-related disease completely uncertain.",0.125,1.25
1,IgG4-related disease,drkg,kg,llama3.3:70b,1,8,D,4,0.25,0,0,1,1,,prior,insufficient,1.0,"No evidence is provided for Drug-7, making it impossible to assess its mechanistic plausibility for IgG4-related disease.",0.0,1.5
1,Ph+ CML-CP frontline (EMA Feb 2026),drkg,kg,llama3.3:70b,0,8,G,1,1.0,1,1,1,1,,both,consistent,5.0,"Drug-8 targets ABL1, a crucial kinase in CML pathogenesis.",0.625,1.875
1,Ph+ CML-CP frontline (EMA Feb 2026),drkg,kg,llama3.3:70b,1,8,F,1,1.0,1,1,1,1,,both,consistent,5.0,"Drug-8 targets ABL1, a key player in CML pathogenesis, making it the most mechanistically plausible candidate.",0.25,2.0
1,EGPA,drkg,kg,llama3.3:70b,0,8,D,1,1.0,1,1,1,1,,both,consistent,3.0,Drug-1's inhibition of IGHE and targeting of MS4A2 and FCER1A may be relevant to EGPA treatment due to the disease's immune system involvement.,0.5,1.625
1,EGPA,drkg,kg,llama3.3:70b,1,8,G,2,0.5,0,1,1,1,,prior,insufficient,1.0,"Drug-1's inhibition of IGHE and targeting of MS4A2 could be relevant to immune system modulation, but its connection to EGPA is not clear.",0.25,1.375
1,Biliary tract cancer,drkg,kg,llama3.3:70b,0,8,F,1,1.0,1,1,1,1,,both,consistent,4.0,"Drug-8 targets genes involved in DNA mismatch repair, which is relevant to cancer treatment and shows a mechanistically plausible link to Biliary tract cancer.",0.375,1.875
1,Biliary tract cancer,drkg,kg,llama3.3:70b,1,8,G,1,1.0,1,1,1,1,,both,consistent,4.0,Drug-8's inhibition of PDCD1 and targeting of other genes involved in DNA mismatch repair and immune regulation make it a promising candidate for treating Biliary tract cancer.,0.125,1.875
1,COPD,drkg,kg,llama3.3:70b,0,8,F,8,0.125,0,0,0,1,,prior,insufficient,1.0,"Drug-8 targets IL4R, which is more commonly associated with asthma than COPD, making its relevance uncertain.",0.5,2.125
1,COPD,drkg,kg,llama3.3:70b,1,8,F,5,0.2,0,0,1,1,,kg,insufficient,1.0,"Drug-8's targeting of IL4R has some potential relevance to immune responses, but its connection to COPD is highly speculative.",0.375,1.875
1,Primary mediastinal large B-cell lymphoma,drkg,kg,llama3.3:70b,0,8,C,1,1.0,1,1,1,1,,both,consistent,4.0,"Drug-7 targets PDCD1, a known immune checkpoint inhibitor, which could be beneficial in treating cancer, including Primary mediastinal large B-cell lymphoma.",0.5,1.875
1,Primary mediastinal large B-cell lymphoma,drkg,kg,llama3.3:70b,1,8,E,1,1.0,1,1,1,1,,both,consistent,5.0,Drug-7's inhibition of PDCD1 provides a clear mechanistic link to cancer immunotherapy.,0.625,2.0
1,CRSwNP (eosinophilic chronic rhinosinusitis with nasal polyps),drkg,kg,llama3.3:70b,0,8,F,9,0.1111111111111111,0,0,0,1,,,,,,1.0,4.0
1,CRSwNP (eosinophilic chronic rhinosinusitis with nasal polyps),drkg,kg,llama3.3:70b,1,8,A,3,0.3333333333333333,0,1,1,1,,prior,insufficient,2.0,"Without specific targets or mechanisms provided, Drug-8's potential for treating CRSwNP is uncertain and relies on prior knowledge of drug classes that might be relevant.",0.25,1.75
1,RAS wild-type HER2+ metastatic colorectal cancer,drkg,kg,llama3.3:70b,0,8,A,1,1.0,1,1,1,1,,both,consistent,5.0,"Drug-7 targets ERBB2, which is directly relevant to HER2+ metastatic colorectal cancer.",0.375,1.625
1,RAS wild-type HER2+ metastatic colorectal cancer,drkg,kg,llama3.3:70b,1,8,B,1,1.0,1,1,1,1,,both,consistent,5.0,"Drug-7 directly targets ERBB2, a key player in HER2+ disease, making it the most mechanistically plausible candidate.",0.625,2.125
1,Schnitzler syndrome (Japan),drkg,kg,llama3.3:70b,0,8,A,1,1.0,1,1,1,1,,both,consistent,5.0,"Drug-8 inhibits IL1B, which is associated with Schnitzler syndrome.",0.125,1.75
1,Schnitzler syndrome (Japan),drkg,kg,llama3.3:70b,1,8,A,1,1.0,1,1,1,1,,both,consistent,5.0,"Drug-8 inhibits IL1B, which is associated with Schnitzler syndrome, providing a clear mechanistic link to the disease.",0.125,1.75
1,HR+/HER2- breast cancer,drkg,kg,llama3.3:70b,0,8,E,5,0.2,0,0,1,1,,prior,insufficient,1.0,"No evidence was provided for Drug-8, making it difficult to assess its mechanistic plausibility for HR+/HER2- breast cancer.",0.5,1.75
1,HR+/HER2- breast cancer,drkg,kg,llama3.3:70b,1,8,F,8,0.125,0,0,0,1,,prior,insufficient,1.0,No information is available for Drug-8 to evaluate its relevance or potential effectiveness against HR+/HER2- breast cancer.,0.375,2.25
1,Psoriasis in children 6-11 (cream),drkg,kg,llama3.3:70b,0,8,F,1,1.0,1,1,1,1,,both,consistent,5.0,"Drug-5's inhibition of PDE4 enzymes is a known mechanism for treating psoriasis, making it the most plausible candidate.",0.5,2.0
1,Psoriasis in children 6-11 (cream),drkg,kg,llama3.3:70b,1,8,D,1,1.0,1,1,1,1,,both,consistent,5.0,"Drug-5 inhibits PDE4 enzymes, which have anti-inflammatory effects relevant to treating psoriasis.",0.5,1.875
1,Resectable gastric/GEJ adenocarcinoma (neoadj+adj +FLOT),drkg,kg,llama3.3:70b,0,8,G,1,1.0,1,1,1,1,,both,consistent,5.0,"Drug-6 targets CD274 and CD80, which are involved in immune checkpoint regulation, a plausible mechanism for treating cancer.",0.25,2.0
1,Resectable gastric/GEJ adenocarcinoma (neoadj+adj +FLOT),drkg,kg,llama3.3:70b,1,8,G,3,0.3333333333333333,0,1,1,1,,kg,consistent,3.0,"Drug-6 targets CD274 and CD80, which are involved in immune modulation, a plausible mechanism for treating cancer.",0.75,2.0
1,COPD (EMA 2025),drkg,kg,llama3.3:70b,0,8,C,1,1.0,1,1,1,1,,both,consistent,4.0,"Drug-7 targets IL4R, which is involved in inflammatory responses, potentially relevant to COPD.",0.5,1.625
1,COPD (EMA 2025),drkg,kg,llama3.3:70b,1,8,B,1,1.0,1,1,1,1,,both,consistent,4.0,"Drug-7 targets IL4R, which is involved in inflammatory processes relevant to COPD, providing a plausible mechanistic link.",0.5,1.875
1,Ph+ CML-CP after 2+ TKIs,drkg,kg,llama3.3:70b,0,8,B,1,1.0,1,1,1,1,,both,consistent,5.0,"Drug-8 targets ABL1, a key kinase involved in Ph+ CML-CP.",0.125,2.0
1,Ph+ CML-CP after 2+ TKIs,drkg,kg,llama3.3:70b,1,8,B,1,1.0,1,1,1,1,,both,consistent,5.0,"Drug-8 targets ABL1, which is directly related to the BCR-ABL1 pathway implicated in Ph+ CML-CP.",0.125,2.0
1,IgE-mediated food allergy,drkg,kg,llama3.3:70b,0,8,C,1,1.0,1,1,1,1,,both,consistent,5.0,"Drug-1 directly inhibits IGHE, a gene associated with IgE-mediated food allergy.",0.125,1.625
1,IgE-mediated food allergy,drkg,kg,llama3.3:70b,1,8,D,1,1.0,1,1,1,1,,both,consistent,5.0,"Drug-1 directly inhibits IGHE, a gene associated with IgE-mediated food allergy, providing a clear mechanistic link to the disease.",0.125,1.625
1,BRAF+ thyroid cancer,drkg,kg,llama3.3:70b,0,8,E,1,1.0,1,1,1,1,,both,consistent,4.0,"Drug-8 inhibits MAP2K1 and MAP2K2, key components of the MAPK/ERK pathway implicated in BRAF+ thyroid cancer.",0.125,1.625
1,BRAF+ thyroid cancer,drkg,kg,llama3.3:70b,1,8,C,1,1.0,1,1,1,1,,both,consistent,5.0,"Drug-8 inhibits MAP2K1 and MAP2K2, key components of the MAPK/ERK pathway, which is often dysregulated in BRAF+ thyroid cancer.",0.25,2.125
1,Primary immunodeficiency pediatric (EMA),drkg,kg,llama3.3:70b,0,8,G,1,1.0,1,1,1,1,,both,consistent,4.0,"Drug-1 targets Fc gamma receptors, which are relevant to immune function and potentially primary immunodeficiency pediatric (EMA).",0.5,2.0
1,Primary immunodeficiency pediatric (EMA),drkg,kg,llama3.3:70b,1,8,F,1,1.0,1,1,1,1,,both,consistent,4.0,"Drug-1 targets Fc gamma receptors, which are involved in immune function, making it a plausible candidate for treating primary immunodeficiency pediatric (EMA).",0.375,1.625
1,Biliary tract cancer 1L,drkg,kg,llama3.3:70b,0,8,C,1,1.0,1,1,1,1,,prior,insufficient,3.0,"Drug-8 targets CD274 and CD80, which are involved in immune responses; thus, it might have some indirect effect on cancer by modulating the immune system.",0.125,1.5
1,Biliary tract cancer 1L,drkg,kg,llama3.3:70b,1,8,F,1,1.0,1,1,1,1,,both,consistent,3.0,"Drug-8 targets CD274 and CD80, which are involved in immune checkpoint regulation, a plausible mechanism for treating cancer given the role of the immune system in tumor surveillance and control.",0.25,1.5
1,Polymyalgia rheumatica,drkg,kg,llama3.3:70b,0,8,H,1,1.0,1,1,1,1,,both,consistent,4.0,"Drug-8 targets IL6R, which is involved in inflammation and could be relevant to treating Polymyalgia rheumatica.",0.125,1.625
1,Polymyalgia rheumatica,drkg,kg,llama3.3:70b,1,8,D,1,1.0,1,1,1,1,,both,consistent,4.0,"Drug-8 targets IL6R, which is involved in immune responses and could be relevant to treating Polymyalgia rheumatica.",0.5,1.875
1,Chronic lymphocytic leukemia,drkg,kg,llama3.3:70b,0,8,A,1,1.0,1,1,1,1,,prior,insufficient,2.0,"Drug-8 targets various kinases which could potentially impact cell signaling pathways relevant to cancer, but its direct connection to Chronic lymphocytic leukemia is unclear.",0.0,1.25
1,Chronic lymphocytic leukemia,drkg,kg,llama3.3:70b,1,8,B,1,1.0,1,1,1,1,,both,consistent,4.0,"Drug-8 targets multiple kinases, which could potentially disrupt signaling pathways involved in Chronic lymphocytic leukemia.",0.375,1.875
1,"Crohn's disease (moderate-severe, refractory)",drkg,kg,llama3.3:70b,0,8,A,1,1.0,1,1,1,1,,both,consistent,5.0,"Drug-6 targets IL23A, which plays a role in inflammation and is relevant to Crohn's disease pathophysiology.",0.375,1.625
1,"Crohn's disease (moderate-severe, refractory)",drkg,kg,llama3.3:70b,1,8,E,1,1.0,1,1,1,1,,both,consistent,4.0,"Drug-6 targets IL23A, which plays a role in the pathogenesis of Crohn's disease, providing a clear mechanistic link.",0.125,1.625
1,HER2-mutant NSCLC (EMA),drkg,kg,llama3.3:70b,0,8,A,2,0.5,0,1,1,1,,prior,insufficient,2.0,"Lack of direct evidence in the knowledge graph linking Drug-8 to HER2-mutant NSCLC, but its targeting of FCGR1A and TOP1 could imply some level of relevance based on general pharmacological principles.",0.125,1.625
1,HER2-mutant NSCLC (EMA),drkg,kg,llama3.3:70b,1,8,F,6,0.16666666666666666,0,0,0,1,,prior,insufficient,1.0,"Drug-8's targets are not clearly connected to HER2-mutant NSCLC pathways, lacking direct or indirect evidence for its potential effectiveness.",0.25,1.625
1,Giant cell arteritis,drkg,kg,llama3.3:70b,0,8,G,2,0.5,0,1,1,1,,prior,insufficient,3.0,"JAK inhibitors like Drug-8 have been used to treat autoimmune diseases, but its relevance to Giant cell arteritis is uncertain.",0.375,1.875
1,Giant cell arteritis,drkg,kg,llama3.3:70b,1,8,D,1,1.0,1,1,1,1,,both,consistent,4.0,"Drug-8 targets JAK1, JAK2, JAK3, and TYK2, which are involved in inflammatory pathways potentially relevant to Giant cell arteritis.",0.25,2.125
1,First-line anemia in lower-risk MDS,drkg,kg,llama3.3:70b,0,8,E,5,0.2,0,0,1,1,,prior,insufficient,1.0,"No information is provided about Drug-8's mechanism or targets, making it impossible to assess its relevance to treating anemia in MDS.",0.0,1.75
1,First-line anemia in lower-risk MDS,drkg,kg,llama3.3:70b,1,8,E,2,0.5,0,1,1,1,,prior,insufficient,2.0,"No evidence was provided for Drug-8, but its lack of targeting known anemia-related genes makes it a less promising candidate.",0.625,2.625
1,GVHD + pediatric,drkg,kg,llama3.3:70b,0,8,D,1,1.0,1,1,1,1,,prior,insufficient,2.0,Drug-6's inhibition of JAK family kinases could potentially modulate immune responses relevant to GVHD + pediatric.,0.25,1.5
1,GVHD + pediatric,drkg,kg,llama3.3:70b,1,8,D,2,0.5,0,1,1,1,,both,consistent,3.0,"Drug-6 targets several kinases like JAK1, JAK2, and JAK3 that play roles in immune signaling, potentially beneficial for treating GVHD + pediatric.",0.375,1.875
1,MSI-H/dMMR solid tumors (full approval conversion),drkg,kg,llama3.3:70b,0,8,F,9,0.1111111111111111,0,0,0,1,,,,,,1.0,5.0
1,MSI-H/dMMR solid tumors (full approval conversion),drkg,kg,llama3.3:70b,1,8,A,1,1.0,1,1,1,1,,both,consistent,5.0,"Drug-7 targets multiple genes directly involved in mismatch repair, making it highly plausible for treating MSI-H/dMMR solid tumors.",0.125,1.875
1,Antibody-mediated rejection in organ transplantation,drkg,kg,llama3.3:70b,0,8,G,2,0.5,0,1,1,1,,both,consistent,3.0,"Drug-1's inhibition of MS4A1 and targeting of XIAP may indicate some immunomodulatory activity, but its connection to antibody-mediated rejection is less clear.",0.375,1.875
1,Antibody-mediated rejection in organ transplantation,drkg,kg,llama3.3:70b,1,8,C,1,1.0,1,1,1,1,,both,consistent,4.0,Drug-1's inhibition of MS4A1 and targeting of TP53 provide a plausible mechanism for modulating immune responses relevant to antibody-mediated rejection.,0.25,1.75
1,Pancreatic NET,drkg,kg,llama3.3:70b,0,8,A,1,1.0,1,1,1,1,,both,consistent,4.0,"Drug-7's inhibition of multiple kinases suggests potential anti-tumor activity, although its relevance to Pancreatic NET is uncertain.",0.375,1.625
1,Pancreatic NET,drkg,kg,llama3.3:70b,1,8,D,1,1.0,1,1,1,1,,both,consistent,5.0,"Drug-7 inhibits multiple kinases that are potential therapeutic targets for cancer treatment, including pancreatic neuroendocrine tumors.",0.625,1.875
1,Follicular lymphoma (+obinutuzumab),drkg,kg,llama3.3:70b,0,8,H,9,0.1111111111111111,0,0,0,1,,,,,,1.0,4.0
1,Follicular lymphoma (+obinutuzumab),drkg,kg,llama3.3:70b,1,8,D,1,1.0,1,1,1,1,,both,consistent,4.0,"Drug-8 targets multiple kinases that could be involved in lymphoma pathways, suggesting a potential mechanism for treating follicular lymphoma.",1.0,4.0
1,HR+/HER2- node-positive high-risk early breast cancer,drkg,kg,llama3.3:70b,0,8,D,1,1.0,1,1,1,1,,both,consistent,5.0,"Drug-8 targets CDK4 and CDK6, which are crucial for cell cycle progression in cancer cells.",0.25,2.125
1,HR+/HER2- node-positive high-risk early breast cancer,drkg,kg,llama3.3:70b,1,8,A,1,1.0,1,1,1,1,,both,consistent,5.0,"Drug-8 targets CDK4 and CDK6, which are crucial for cell cycle progression in cancer cells, including those in HR+/HER2- breast cancer.",0.25,2.375
1,BRAF+ thyroid cancer,drkg,kg,llama3.3:70b,0,8,G,1,1.0,1,1,1,1,,both,consistent,5.0,"Drug-6 directly inhibits BRAF, a primary target in BRAF+ thyroid cancer.",0.125,1.875
1,BRAF+ thyroid cancer,drkg,kg,llama3.3:70b,1,8,G,1,1.0,1,1,1,1,,both,consistent,5.0,"Drug-6 directly inhibits BRAF, a primary target in BRAF+ thyroid cancer, making it the most plausible candidate.",0.5,1.875
1,HER2+ solid tumors (tumor-agnostic),drkg,kg,llama3.3:70b,0,8,E,7,0.14285714285714285,0,0,0,1,,prior,insufficient,1.0,Drug-8's targeting of FCGR1A and TOP1 does not provide a clear mechanism for treating HER2+ solid tumors based on the information given.,0.5,2.125
1,HER2+ solid tumors (tumor-agnostic),drkg,kg,llama3.3:70b,1,8,F,4,0.25,0,0,1,1,,prior,insufficient,2.0,"Drug-8 targets FCGR1A and TOP1, but without more specific evidence, its potential for treating HER2+ solid tumors is uncertain.",0.5,1.875
1,"mCRC BRAF V600E (traditional approval, was accelerated)",drkg,kg,llama3.3:70b,0,8,G,1,1.0,1,1,1,1,,both,consistent,5.0,"Drug-7 directly inhibits BRAF, a key target in mCRC BRAF V600E, making it the most promising candidate.",0.25,2.0
1,"mCRC BRAF V600E (traditional approval, was accelerated)",drkg,kg,llama3.3:70b,1,8,D,1,1.0,1,1,1,1,,both,consistent,5.0,"Drug-7 inhibits BRAF, a key mutation in mCRC BRAF V600E, making it the most plausible candidate based on both knowledge graph evidence and prior pharmacological knowledge.",0.125,2.125
1,"Pediatric low-grade glioma (+dabrafenib, BRAF V600E)",drkg,kg,llama3.3:70b,0,8,F,1,1.0,1,1,1,1,,both,consistent,4.0,"Drug-7 inhibits MAP2K1-7, which are part of the MAPK/ERK pathway downstream of BRAF, making it a plausible candidate for treating pediatric low-grade glioma with BRAF V600E mutations.",0.5,2.0
1,"Pediatric low-grade glioma (+dabrafenib, BRAF V600E)",drkg,kg,llama3.3:70b,1,8,G,1,1.0,1,1,1,1,,prior,insufficient,2.0,"Drug-7's inhibition of MAP2K enzymes and targeting of KRAS and NF1 suggests potential in cancer treatment, but its direct link to Pediatric low-grade glioma is unclear.",0.5,1.25
1,HR+/HER2- metastatic breast cancer,drkg,kg,llama3.3:70b,0,8,E,8,0.125,0,0,0,1,,prior,insufficient,1.0,"No evidence was provided for Drug-8, making it impossible to assess its mechanistic plausibility.",0.5,1.875
1,HR+/HER2- metastatic breast cancer,drkg,kg,llama3.3:70b,1,8,A,5,0.2,0,0,1,1,,prior,insufficient,1.0,"No evidence is provided for Drug-8, making it difficult to assess its mechanistic plausibility for HR+/HER2- metastatic breast cancer treatment.",0.5,2.375
1,1L biliary tract cancer (+gemcitabine+cisplatin),drkg,kg,llama3.3:70b,0,8,H,3,0.3333333333333333,0,1,1,1,,both,consistent,3.0,"Drug-5 targets genes involved in DNA repair and immune checkpoints, such as PMS2, MSH6, and CD274, which could be relevant to cancer therapy.",0.375,2.0
1,1L biliary tract cancer (+gemcitabine+cisplatin),drkg,kg,llama3.3:70b,1,8,C,3,0.3333333333333333,0,1,1,1,,prior,insufficient,2.0,"Drug-5 targets several genes involved in DNA repair, which could be relevant to cancer, but its direct connection to 1L biliary tract cancer is not established.",0.25,1.875
1,RET-fusion NSCLC (expanded),drkg,kg,llama3.3:70b,0,8,H,8,0.125,0,0,0,1,,prior,insufficient,1.0,"No information is available for Drug-8, preventing any assessment of its potential efficacy against RET-fusion NSCLC.",0.25,1.25
1,RET-fusion NSCLC (expanded),drkg,kg,llama3.3:70b,1,8,F,7,0.14285714285714285,0,0,0,1,,prior,insufficient,1.0,"No information is provided for Drug-6, leaving its mechanistic plausibility completely uncertain.",0.0,1.375
1,HR+/HER2- metastatic breast cancer,drkg,kg,llama3.3:70b,0,8,G,3,0.3333333333333333,0,1,1,1,,both,consistent,4.0,"Drug-7 targets proteins involved in DNA repair, such as BRCA1 and BRCA2, which are relevant to cancer treatment, making it a plausible candidate.",0.75,2.25
1,HR+/HER2- metastatic breast cancer,drkg,kg,llama3.3:70b,1,8,A,1,1.0,1,1,1,1,,both,consistent,5.0,"Drug-7's inhibition of PARP1 and PARP2 provides a strong mechanistic link to cancer treatment, particularly in tumors with defects in homologous recombination repair.",0.375,2.0
1,Pheochromocytoma/paraganglioma,drkg,kg,llama3.3:70b,0,8,A,7,0.14285714285714285,0,0,0,1,,prior,insufficient,1.0,"Drug-8's target EPAS1 may not be directly relevant to Pheochromocytoma/paraganglioma, and the knowledge graph evidence is limited.",0.375,2.125
1,Pheochromocytoma/paraganglioma,drkg,kg,llama3.3:70b,1,8,E,1,1.0,1,1,1,1,,kg,consistent,4.0,"Drug-8 targets EPAS1, which could be relevant given the disease's potential links to hypoxia pathways and genetic mutations affecting cellular metabolism and oxygen sensing.",0.375,1.875
1,Gastric/GEJ adenocarcinoma (1L +chemo),drkg,kg,llama3.3:70b,0,8,A,1,1.0,1,1,1,1,,both,consistent,4.0,"Drug-7 targets CD274 and CD80, which could potentially modulate immune responses beneficial for treating Gastric/GEJ adenocarcinoma.",0.75,2.25
1,Gastric/GEJ adenocarcinoma (1L +chemo),drkg,kg,llama3.3:70b,1,8,E,9,0.1111111111111111,0,0,0,1,,,,,,1.0,5.0
1,Metastatic colorectal cancer,drkg,kg,llama3.3:70b,0,8,G,2,0.5,0,1,1,1,,both,consistent,4.0,"Drug-1's downregulation of KIF20A and CCNB1, which are involved in cell cycle progression, and its upregulation of TP53, a tumor suppressor, suggest potential anti-cancer effects.",0.625,2.375
1,Metastatic colorectal cancer,drkg,kg,llama3.3:70b,1,8,E,3,0.3333333333333333,0,1,1,1,,both,consistent,3.0,"Drug-1 targets TP53, which is a tumor suppressor gene, and downregulates KIF20A and CCNB1, making it a plausible candidate for treating metastatic colorectal cancer.",0.5,2.125
1,Gastric/GEJ adenocarcinoma,drkg,kg,llama3.3:70b,0,8,H,1,1.0,1,1,1,1,,both,consistent,5.0,"Drug-7 targets CD274 and CD80, both of which are involved in immune checkpoint pathways relevant to cancer treatment, including gastric cancer.",0.625,2.625
1,Gastric/GEJ adenocarcinoma,drkg,kg,llama3.3:70b,1,8,G,1,1.0,1,1,1,1,,both,consistent,4.0,"Drug-7 targets CD274 (PD-L1) and CD80, which are involved in immune checkpoint regulation, a plausible mechanism for cancer treatment.",0.375,1.875
1,Urothelial carcinoma (expanded population),drkg,kg,llama3.3:70b,0,8,D,1,1.0,1,1,1,1,,both,consistent,4.0,"Drug-8's interaction with NECTIN4, a potential target in cancer treatment, makes it a promising candidate for Urothelial carcinoma.",0.375,2.125
1,Urothelial carcinoma (expanded population),drkg,kg,llama3.3:70b,1,8,F,6,0.16666666666666666,0,0,0,1,,prior,insufficient,1.0,Drug-8's targeting of NECTIN4 lacks clear relevance to Urothelial carcinoma mechanisms based on the information given.,0.25,1.375
1,HER2+ early-stage BC (neoadjuvant + adjuvant),drkg,kg,llama3.3:70b,0,8,F,7,0.14285714285714285,0,0,0,1,,kg,conflicting,1.0,"Drug-8's targets are primarily involved in immune responses and DNA replication, which may not be directly relevant to HER2+ BC.",0.75,1.875
1,HER2+ early-stage BC (neoadjuvant + adjuvant),drkg,kg,llama3.3:70b,1,8,H,8,0.125,0,0,0,1,,prior,insufficient,1.0,"Drug-8's targets do not directly relate to known mechanisms of action for treating HER2+ breast cancer, making its potential uncertain.",0.5,1.875
1,Pediatric BRAF V600E low-grade glioma,drkg,kg,llama3.3:70b,0,8,E,1,1.0,1,1,1,1,,both,consistent,5.0,"Drug-5 inhibits BRAF, a key target in Pediatric BRAF V600E low-grade glioma, making it the most promising candidate.",0.125,2.125
1,Pediatric BRAF V600E low-grade glioma,drkg,kg,llama3.3:70b,1,8,F,1,1.0,1,1,1,1,,both,consistent,5.0,"Drug-5 inhibits BRAF, a crucial target in Pediatric BRAF V600E low-grade glioma.",0.375,1.75
1,HR+/HER2- early breast cancer (adjuvant),drkg,kg,llama3.3:70b,0,8,F,1,1.0,1,1,1,1,,both,consistent,5.0,"Drug-6 inhibits CDK4 and CDK6, which are crucial for cell cycle progression in cancer cells.",0.5,2.0
1,HR+/HER2- early breast cancer (adjuvant),drkg,kg,llama3.3:70b,1,8,A,1,1.0,1,1,1,1,,both,consistent,5.0,"Drug-6 inhibits CDK4 and CDK6, which are crucial for cell cycle progression in cancer cells.",0.375,2.0
1,HR+/HER2-low breast cancer,drkg,kg,llama3.3:70b,0,8,B,8,0.125,0,0,0,1,,kg,insufficient,1.0,"Drug-8's targets FCGR1A and TOP1 do not clearly connect to HR+/HER2-low breast cancer mechanisms in the knowledge graph, making its plausibility uncertain.",0.625,1.75
1,HR+/HER2-low breast cancer,drkg,kg,llama3.3:70b,1,8,D,4,0.25,0,0,1,1,,prior,insufficient,1.0,Drug-8 lacks sufficient evidence directly linking its targets to mechanisms relevant for treating HR+/HER2-low breast cancer.,0.25,1.75
1,Platinum-resistant ovarian carcinoma (PD-L1+ CPS≥1),drkg,kg,llama3.3:70b,0,8,G,1,1.0,1,1,1,1,,both,consistent,5.0,"Drug-6 targets PDCD1 and CD274, which are directly relevant to treating Platinum-resistant ovarian carcinoma with PD-L1+ CPS≥1.",0.5,1.625
1,Platinum-resistant ovarian carcinoma (PD-L1+ CPS≥1),drkg,kg,llama3.3:70b,1,8,F,1,1.0,1,1,1,1,,both,consistent,5.0,"Drug-6 targets CD274 (PD-L1), which is directly relevant to the disease, making it a highly plausible candidate.",0.375,2.125
1,TRD monotherapy,biokg,kg,llama3.3:70b,0,8,C,1,1.0,1,1,1,1,,both,consistent,4.0,Drug-7's modulation of N-Methyl-D-aspartic acid receptor antagonists pathway suggests potential efficacy in treating TRD.,0.625,1.625
1,TRD monotherapy,biokg,kg,llama3.3:70b,1,8,C,3,0.3333333333333333,0,1,1,1,,kg,insufficient,2.0,"While Drug-7 targets several neurotransmitter-related genes, the direct link to TRD monotherapy is not clearly established from the provided information.",0.625,1.875
1,ILD-associated pulmonary hypertension,biokg,kg,llama3.3:70b,0,8,H,2,0.5,0,1,1,1,,prior,insufficient,3.0,"Drug-1 targets PPARD, which has been implicated in vascular health and could potentially influence pulmonary hypertension, but its direct connection to ILD-associated pulmonary hypertension is uncertain.",0.5,1.875
1,ILD-associated pulmonary hypertension,biokg,kg,llama3.3:70b,1,8,D,1,1.0,1,1,1,1,,prior,insufficient,2.0,"Drug-1 targets PPARD, which has a role in vascular health and inflammation, potentially indirectly relevant to ILD-associated pulmonary hypertension.",0.0,2.0
1,Indolent systemic mastocytosis (EMA),biokg,kg,llama3.3:70b,0,8,F,1,1.0,1,1,1,1,,both,consistent,5.0,"Drug-8 targets KIT, a receptor known to be involved in mast cell development and proliferation, making it a strong candidate for treating Indolent systemic mastocytosis.",0.375,2.125
1,Indolent systemic mastocytosis (EMA),biokg,kg,llama3.3:70b,1,8,C,9,0.1111111111111111,0,0,0,1,,,,,,1.0,5.0
1,Hidradenitis suppurativa,biokg,kg,llama3.3:70b,0,8,G,1,1.0,1,1,1,1,,both,consistent,4.0,Drug-7's mechanism as an antirheumatic and its target IL17 align with potential therapeutic strategies for Hidradenitis suppurativa.,0.42857142857142855,1.7142857142857142
1,Hidradenitis suppurativa,biokg,kg,llama3.3:70b,1,8,A,1,1.0,1,1,1,1,,both,consistent,4.0,"Drug-7 targets IL17, which is involved in inflammatory pathways potentially relevant to Hidradenitis suppurativa.",0.125,1.625
1,Chronic hepatitis B (pediatric),biokg,kg,llama3.3:70b,0,8,E,5,0.2,0,0,1,1,,prior,insufficient,2.0,"Drug-6 targets various proteins but lacks a clear connection to the disease or its pathways, suggesting potential for off-target effects.",0.0,1.5
1,Chronic hepatitis B (pediatric),biokg,kg,llama3.3:70b,1,8,A,3,0.3333333333333333,0,1,1,1,,kg,insufficient,1.0,Drug-6's targets do not clearly associate with Chronic hepatitis B (pediatric) based on the provided knowledge graph evidence.,0.25,1.25
1,HoFH pediatric (EMA),biokg,kg,llama3.3:70b,0,8,E,5,0.2,0,0,1,1,,prior,insufficient,1.0,"No information is provided about Drug-8's targets or mechanisms, making it impossible to evaluate its potential for HoFH pediatric.",0.0,1.625
1,HoFH pediatric (EMA),biokg,kg,llama3.3:70b,1,8,D,6,0.16666666666666666,0,0,0,1,,prior,insufficient,1.0,No information about Drug-8's targets makes its assessment for HoFH pediatric purely speculative.,0.5,1.25
1,Nephrotic syndrome,biokg,kg,llama3.3:70b,0,8,E,3,0.3333333333333333,0,1,1,1,,prior,insufficient,1.0,"Drug-1 targets CD20, which is not directly related to Nephrotic syndrome, but it could have immunomodulatory effects.",0.375,1.625
1,Nephrotic syndrome,biokg,kg,llama3.3:70b,1,8,B,3,0.3333333333333333,0,1,1,1,,prior,insufficient,2.0,"Drug-1 targets CD20, but its connection to Nephrotic syndrome is unclear without further evidence of immune system involvement in the disease.",0.25,1.875
1,Follicular lymphoma,biokg,kg,llama3.3:70b,0,8,G,7,0.14285714285714285,0,0,0,1,,prior,insufficient,1.0,"Drug-8 has no provided evidence linking it to mechanisms relevant to Follicular lymphoma, rendering its potential unknown.",0.0,1.375
1,Follicular lymphoma,biokg,kg,llama3.3:70b,1,8,D,6,0.16666666666666666,0,0,0,1,,prior,insufficient,1.0,"No information is provided about Drug-8's mechanism or targets, making it difficult to assess its relevance to Follicular lymphoma.",0.0,1.875
1,Retinal vein occlusion,biokg,kg,llama3.3:70b,0,8,E,7,0.14285714285714285,0,0,0,1,,prior,insufficient,1.0,"No information is provided for Drug-8, making it impossible to assess its potential for treating Retinal vein occlusion.",0.625,1.5
1,Retinal vein occlusion,biokg,kg,llama3.3:70b,1,8,H,8,0.125,0,0,0,1,,prior,insufficient,1.0,"No information is provided for Drug-8, making its potential relevance to Retinal vein occlusion completely uncertain.",0.375,1.5
1,Agitation associated with Alzheimer's dementia,biokg,kg,llama3.3:70b,0,8,E,2,0.5,0,1,1,1,,kg,consistent,3.0,"Drug-2 targets receptors that could be implicated in neurological conditions, suggesting a potential mechanistic link to Agitation associated with Alzheimer's dementia.",0.25,1.875
1,Agitation associated with Alzheimer's dementia,biokg,kg,llama3.3:70b,1,8,A,1,1.0,1,1,1,1,,both,consistent,4.0,"Drug-2 modulates N-Metyl-D-aspartic acid receptor antagonists, which could be relevant to neurological conditions like Alzheimer's dementia.",0.25,2.0
1,High LDL-C with increased CV risk (expanded),biokg,kg,llama3.3:70b,0,8,A,8,0.125,0,0,0,1,,prior,insufficient,1.0,"No information is provided about Drug-8's targets or pathways, making its potential for treating High LDL-C and CV risk uncertain.",0.125,1.75
1,High LDL-C with increased CV risk (expanded),biokg,kg,llama3.3:70b,1,8,A,8,0.125,0,0,0,1,,prior,insufficient,1.0,"No information is provided for Drug-8, making it impossible to assess its mechanistic plausibility for High LDL-C with increased CV risk.",0.125,1.5
1,Indolent systemic mastocytosis,biokg,kg,llama3.3:70b,0,8,D,1,1.0,1,1,1,1,,both,consistent,5.0,"Drug-8 targets KIT, a key driver in mastocytosis, providing a strong mechanistic link to the disease.",0.125,1.875
1,Indolent systemic mastocytosis,biokg,kg,llama3.3:70b,1,8,F,1,1.0,1,1,1,1,,both,consistent,5.0,"Drug-8 targets KIT, which is a key player in mast cell proliferation and survival, making it a plausible candidate for treating Indolent systemic mastocytosis.",0.125,1.75
1,EGPA (expanded),biokg,kg,llama3.3:70b,0,8,F,7,0.14285714285714285,0,0,0,1,,prior,insufficient,1.0,"Drug-7 aside, the rest, including Drug-5, lack sufficient evidence to support a mechanistic link to EGPA.",0.125,1.875
1,EGPA (expanded),biokg,kg,llama3.3:70b,1,8,B,1,1.0,1,1,1,1,,both,consistent,4.0,"Drug-7 targets IL5RA, which is involved in the immune response and could be related to EGPA.",0.125,1.875
1,COVID-19 (expanded population),biokg,kg,llama3.3:70b,0,8,F,6,0.16666666666666666,0,0,0,1,,prior,insufficient,1.0,"Drug-8 targets various transporters, which might influence drug delivery or metabolism, but lacks a clear mechanistic link to treating COVID-19.",0.25,1.125
1,COVID-19 (expanded population),biokg,kg,llama3.3:70b,1,8,E,6,0.16666666666666666,0,0,0,1,,prior,insufficient,1.0,"Drug-8's targets involve various transporters, which could theoretically impact drug delivery or viral replication, but direct evidence is lacking.",0.0,1.375
1,Obstructive sleep apnea with obesity,biokg,kg,llama3.3:70b,0,8,B,7,0.14285714285714285,0,0,0,1,,prior,insufficient,1.0,"No information was provided about Drug-8's targets or pathways, leading to a lack of confidence in its potential for treating the disease.",0.0,1.625
1,Obstructive sleep apnea with obesity,biokg,kg,llama3.3:70b,1,8,F,6,0.16666666666666666,0,0,0,1,,prior,insufficient,1.0,"No information is provided for Drug-8, making it impossible to assess its mechanistic plausibility for obstructive sleep apnea with obesity.",0.25,1.25
1,KRAS G12C+ mCRC,biokg,kg,llama3.3:70b,0,8,F,1,1.0,1,1,1,1,,both,insufficient,2.0,"Drug-8 targets RASK, which might be relevant to KRAS G12C+ mCRC, but the connection is speculative due to lack of detailed information.",0.375,1.125
1,KRAS G12C+ mCRC,biokg,kg,llama3.3:70b,1,8,D,1,1.0,1,1,1,1,,both,consistent,5.0,"Drug-8 targets RASK, which is directly related to the KRAS pathway implicated in KRAS G12C+ mCRC.",0.375,1.75
1,Diabetic retinopathy/DME (EMA Mar+May 2026),biokg,kg,llama3.3:70b,0,8,A,1,1.0,1,1,1,1,,prior,insufficient,2.0,"Drug-8 is ranked first due to the complete lack of information, making it as plausible as any other candidate based on prior knowledge alone.",0.0,2.0
1,Diabetic retinopathy/DME (EMA Mar+May 2026),biokg,kg,llama3.3:70b,1,8,C,6,0.16666666666666666,0,0,0,1,,prior,insufficient,1.0,"No information is provided about Drug-8's targets or modulated pathways, making its assessment for diabetic retinopathy purely speculative.",0.0,1.25
1,Chorea associated with Huntington's disease,biokg,kg,llama3.3:70b,0,8,D,3,0.3333333333333333,0,1,1,1,,prior,insufficient,1.0,Drug-8 targets cytochrome P450 enzymes which are involved in drug metabolism but does not show a direct link to treating Huntington's disease.,0.375,1.5
1,Chorea associated with Huntington's disease,biokg,kg,llama3.3:70b,1,8,H,8,0.125,0,0,0,1,,prior,insufficient,1.0,"Drug-8's targets are primarily cytochrome P450 enzymes, which do not provide a clear mechanistic link to the disease.",0.125,1.625
1,Heart failure (broadened),biokg,kg,llama3.3:70b,0,8,E,6,0.16666666666666666,0,0,0,1,,prior,insufficient,1.0,"Drug-8 modulates antidiabetic pathways, which may have an indirect effect on heart failure through metabolic control, but the connection is very indirect.",0.25,2.0
1,Heart failure (broadened),biokg,kg,llama3.3:70b,1,8,H,9,0.1111111111111111,0,0,0,1,,,,,,1.0,5.0
1,Acquired hypofibrinogenemia in cardiovascular surgery,biokg,kg,llama3.3:70b,0,8,D,5,0.2,0,0,1,1,,prior,insufficient,1.0,"No information is provided about Drug-6, making it impossible to assess its potential relevance to the disease.",0.5,1.25
1,Acquired hypofibrinogenemia in cardiovascular surgery,biokg,kg,llama3.3:70b,1,8,C,3,0.3333333333333333,0,1,1,1,,prior,insufficient,1.0,"No information is provided about Drug-6, making it impossible to assess its potential for treating Acquired hypofibrinogenemia in cardiovascular surgery.",0.0,1.625
1,Pediatric atopic dermatitis,biokg,kg,llama3.3:70b,0,8,B,3,0.3333333333333333,0,1,1,1,,kg,conflicting,2.0,"Drug-8 targets multiple proteins, but none directly linked to pediatric atopic dermatitis or FILA, making its relevance uncertain.",0.375,1.625
1,Pediatric atopic dermatitis,biokg,kg,llama3.3:70b,1,8,G,2,0.5,0,1,1,1,,prior,insufficient,2.0,"Drug-8's target JAK1 is involved in immune response, but the relevance to pediatric atopic dermatitis is unclear without more specific information.",0.0,1.75
1,COVID-19 updated strain,biokg,kg,llama3.3:70b,0,8,B,7,0.14285714285714285,0,0,0,1,,prior,insufficient,1.0,No provided evidence for Drug-8 makes its assessment entirely speculative and uncertain.,0.25,2.0
1,COVID-19 updated strain,biokg,kg,llama3.3:70b,1,8,B,5,0.2,0,0,1,1,,prior,insufficient,1.0,No information provided about Drug-8's targets or pathways makes its assessment purely speculative.,0.25,1.625
1,Delay T1D onset in children ≥1yr,biokg,kg,llama3.3:70b,0,8,C,6,0.16666666666666666,0,0,0,1,,prior,insufficient,1.0,"Similar to Drug-3, no information is available for Drug-7, resulting in a complete lack of confidence in its potential efficacy.",0.25,2.0
1,Delay T1D onset in children ≥1yr,biokg,kg,llama3.3:70b,1,8,G,1,1.0,1,1,1,1,,prior,insufficient,2.0,"Lacking specific evidence in the knowledge graph or known pharmacological effects directly relevant to T1D, Drug-7 is ranked based on the absence of negative indicators.",0.5,1.75
1,Unresectable thymic carcinoma (PMDA),biokg,kg,llama3.3:70b,0,8,E,1,1.0,1,1,1,1,,prior,insufficient,3.0,"Drug-6 targets various growth factor receptors (VGFRs and FGFRs), which are often implicated in cancer progression, making it a plausible candidate for treating unresectable thymic carcinoma.",0.625,1.375
1,Unresectable thymic carcinoma (PMDA),biokg,kg,llama3.3:70b,1,8,D,1,1.0,1,1,1,1,,prior,insufficient,2.0,Drug-6 targets various growth factor receptors which could potentially inhibit tumor growth in thymic carcinoma.,0.0,1.25
1,Retinal vein occlusion,biokg,kg,llama3.3:70b,0,8,C,8,0.125,0,0,0,1,,prior,insufficient,1.0,"No information is provided for Drug-8, making it impossible to assess its relevance to Retinal vein occlusion.",0.125,1.5
1,Retinal vein occlusion,biokg,kg,llama3.3:70b,1,8,C,5,0.2,0,0,1,1,,prior,insufficient,1.0,"No information is provided about Drug-7 or Drug-8's mechanisms of action, making it impossible to assess their potential efficacy for Retinal vein occlusion.",0.25,1.125
1,Spinal muscular atrophy (pediatric expansion),biokg,kg,llama3.3:70b,0,8,H,8,0.125,0,0,0,1,,prior,insufficient,1.0,"No information provided about Drug-8's targets or pathways, making it impossible to assess its plausibility for treating SMA.",0.25,1.5
1,Spinal muscular atrophy (pediatric expansion),biokg,kg,llama3.3:70b,1,8,G,7,0.14285714285714285,0,0,0,1,,prior,insufficient,1.0,"No information is provided for Drug-8, making it impossible to assess its mechanistic plausibility.",0.5,1.875
1,Chronic thromboembolic pulmonary hypertension,biokg,kg,llama3.3:70b,0,8,A,1,1.0,1,1,1,1,,both,consistent,4.0,Drug-7's association with antithrombosis agents provides a plausible mechanism for treating Chronic thromboembolic pulmonary hypertension.,0.125,1.5
1,Chronic thromboembolic pulmonary hypertension,biokg,kg,llama3.3:70b,1,8,A,1,1.0,1,1,1,1,,both,consistent,4.0,"Drug-7 modulates antithrombosis agents, which could help prevent thromboembolic events.",0.625,1.625
1,Polycythaemia vera and essential thrombocytopenia,biokg,kg,llama3.3:70b,0,8,G,7,0.14285714285714285,0,0,0,1,,kg,conflicting,1.0,"Drug-1 targets INAR2, INAR1, and CP1A2 without a clear connection to Polycythaemia vera and essential thrombocytopenia.",0.75,1.25
1,Polycythaemia vera and essential thrombocytopenia,biokg,kg,llama3.3:70b,1,8,C,6,0.16666666666666666,0,0,0,1,,prior,insufficient,1.0,"Drug-1's targets do not directly relate to the disease profile, and without more specific information, its potential impact remains speculative.",0.0,1.75
1,Generalized myasthenia gravis,biokg,kg,llama3.3:70b,0,8,E,2,0.5,0,1,1,1,,prior,insufficient,2.0,"Drug-8 targets CD19, which is involved in immune system regulation, potentially offering indirect benefits for an autoimmune disease like myasthenia gravis.",0.0,1.5
1,Generalized myasthenia gravis,biokg,kg,llama3.3:70b,1,8,H,8,0.125,0,0,0,1,,prior,insufficient,1.0,"Drug-8 targets CD19, a B-cell marker, but its relevance to Generalized myasthenia gravis is unclear.",0.25,1.125
1,Invasive fungal infections pediatric ≥2yr,biokg,kg,llama3.3:70b,0,8,C,4,0.25,0,0,1,1,,prior,insufficient,1.0,Drug-2's mechanisms do not suggest a clear link to treating fungal infections based on prior knowledge.,0.125,1.75
1,Invasive fungal infections pediatric ≥2yr,biokg,kg,llama3.3:70b,1,8,B,1,1.0,1,1,1,1,,both,consistent,5.0,"Drug-5 is directly associated with the antifungal agents pathway, providing a strong mechanistic link to treating invasive fungal infections.",0.125,1.625
1,PKU expanded to ≥12yr,biokg,kg,llama3.3:70b,0,8,E,6,0.16666666666666666,0,0,0,1,,prior,insufficient,1.0,"Drug-7 is ranked sixth as there is no information provided about its targets or pathways, making it impossible to assess its relevance to PKU treatment.",0.0,1.375
1,PKU expanded to ≥12yr,biokg,kg,llama3.3:70b,1,8,C,8,0.125,0,0,0,1,,prior,insufficient,1.0,No information on Drug-8's targets or pathways makes it impossible to evaluate its mechanistic plausibility for PKU treatment.,0.125,1.25
1,IDH1-mutated relapsed/refractory MDS,biokg,kg,llama3.3:70b,0,8,A,2,0.5,0,1,1,1,,prior,insufficient,3.0,"Although Drug-8 targets various enzymes, its potential in treating MDS is speculative without direct evidence linking these targets to the disease.",0.125,1.875
1,IDH1-mutated relapsed/refractory MDS,biokg,kg,llama3.3:70b,1,8,H,1,1.0,1,1,1,1,,both,consistent,5.0,"Drug-8 directly targets IDHC, which is closely related to the disease's underlying biology, making it a highly plausible candidate.",0.125,1.875
1,Retinopathy of prematurity,biokg,kg,llama3.3:70b,0,8,A,1,1.0,1,1,1,1,,both,consistent,4.0,"Drug-6 targets VEGFA, which is implicated in angiogenesis relevant to Retinopathy of Prematurity.",0.25,2.125
1,Retinopathy of prematurity,biokg,kg,llama3.3:70b,1,8,D,1,1.0,1,1,1,1,,both,consistent,4.0,"Drug-6 targets VEGFA, which is involved in retinal neovascularization, a key aspect of Retinopathy of Prematurity.",0.25,2.0
1,Agitation associated with Alzheimer's dementia,biokg,kg,llama3.3:70b,0,8,G,1,1.0,1,1,1,1,,both,consistent,4.0,"Drug-5 targets serotonin and dopamine receptors, which are implicated in mood regulation and could potentially alleviate agitation symptoms.",0.125,2.0
1,Agitation associated with Alzheimer's dementia,biokg,kg,llama3.3:70b,1,8,G,1,1.0,1,1,1,1,,both,consistent,4.0,"Drug-5 targets neurotransmitter receptors like 5HT2A and DRD2, which are relevant to treating agitation, although direct evidence linking it to Alzheimer's dementia is not provided.",0.125,2.0
1,LDL-C elevation in statin-intolerant dyslipidemia,biokg,kg,llama3.3:70b,0,8,B,1,1.0,1,1,1,1,,prior,insufficient,2.0,"No evidence is provided for Drug-8, but prior knowledge suggests that drugs with unknown targets and mechanisms may still have potential therapeutic effects.",0.25,2.125
1,LDL-C elevation in statin-intolerant dyslipidemia,biokg,kg,llama3.3:70b,1,8,E,5,0.2,0,0,1,1,,prior,insufficient,1.0,"No information is provided for Drug-8, making it impossible to assess its mechanistic plausibility for treating LDL-C elevation in statin-intolerant dyslipidemia.",0.0,1.25
1,First-line anemia in lower-risk MDS,biokg,kg,llama3.3:70b,0,8,F,8,0.125,0,0,0,1,,prior,insufficient,1.0,"No information is provided about Drug-7, making its potential effect on anemia in MDS completely uncertain.",0.0,1.25
1,First-line anemia in lower-risk MDS,biokg,kg,llama3.3:70b,1,8,B,7,0.14285714285714285,0,0,0,1,,prior,insufficient,1.0,"No information is provided about Drug-7's mechanisms or targets, making it impossible to assess its potential for treating anemia in lower-risk MDS.",0.25,1.5
1,Atopic dermatitis,biokg,kg,llama3.3:70b,0,8,E,3,0.3333333333333333,0,1,1,1,,prior,conflicting,2.0,"Drug-7's targets include JAK3, involved in immune responses, but its connection to atopic dermatitis is speculative without more specific evidence.",0.375,1.625
1,Atopic dermatitis,biokg,kg,llama3.3:70b,1,8,D,4,0.25,0,0,1,1,,prior,insufficient,2.0,"Without direct evidence from the knowledge graph linking Drug-7 to atopic dermatitis mechanisms, and considering its targets do not obviously relate to skin health or immune regulation, its potential is speculative.",0.5,1.875
1,Acute HCV pediatric,biokg,kg,llama3.3:70b,0,8,G,2,0.5,0,1,1,1,,prior,insufficient,1.0,"Drug-8's targets include several cytochrome P450 enzymes and transporters, which could influence drug metabolism but lacks direct relevance to HCV treatment.",0.0,1.125
1,Acute HCV pediatric,biokg,kg,llama3.3:70b,1,8,A,3,0.3333333333333333,0,1,1,1,,both,consistent,3.0,"Drug-8 targets multiple proteins including ABCG2 and MDR1, similar to Drug-3, suggesting potential relevance to viral infections.",0.375,2.125
1,HoFH in children,biokg,kg,llama3.3:70b,0,8,G,7,0.14285714285714285,0,0,0,1,,prior,insufficient,1.0,"No information is provided for Drug-8, making it impossible to assess its potential.",0.0,1.25
1,HoFH in children,biokg,kg,llama3.3:70b,1,8,A,4,0.25,0,0,1,1,,prior,insufficient,1.0,"No information is provided for Drug-8, making it impossible to assess its potential for treating HoFH.",0.125,1.625
1,dMMR/MSI-H primary advanced endometrial cancer (+chemo),biokg,kg,llama3.3:70b,0,8,E,7,0.14285714285714285,0,0,0,1,,prior,insufficient,1.0,Lack of information about Drug-8's mechanism or targets makes it difficult to assess its potential for treating endometrial cancer.,0.5,2.0
1,dMMR/MSI-H primary advanced endometrial cancer (+chemo),biokg,kg,llama3.3:70b,1,8,C,6,0.16666666666666666,0,0,0,1,,prior,insufficient,1.0,"No evidence is provided for Drug-8, making its assessment purely speculative without additional information.",0.5,1.625
1,Cerebral folate transport deficiency,biokg,kg,llama3.3:70b,0,8,A,4,0.25,0,0,1,1,,prior,conflicting,1.0,"Drug-1 modulates antibiotic action pathways and targets unrelated to folate metabolism, suggesting no direct or indirect benefit for cerebral folate transport deficiency.",0.125,1.5
1,Cerebral folate transport deficiency,biokg,kg,llama3.3:70b,1,8,F,5,0.2,0,0,1,1,,prior,insufficient,1.0,"Drug-1 modulates various antibiotic-related pathways, but its relevance to cerebral folate transport deficiency is unclear due to lack of direct evidence.",0.0,1.125
1,Reduce MACE in CVD + obesity/overweight,biokg,kg,llama3.3:70b,0,8,F,1,1.0,1,1,1,1,,both,consistent,4.0,"Drug-8 targets GLP1R, which has been associated with cardiovascular benefits, making it a plausible candidate for reducing MACE in CVD + obesity/overweight.",0.125,2.0
1,Reduce MACE in CVD + obesity/overweight,biokg,kg,llama3.3:70b,1,8,D,1,1.0,1,1,1,1,,prior,insufficient,2.0,"Drug-8 targets GLP1R, which is related to glucose metabolism and potentially beneficial in obesity/overweight conditions, although its direct link to MACE reduction is indirect.",0.0,1.125
1,Palmoplantar pustulosis (PMDA),biokg,kg,llama3.3:70b,0,8,C,1,1.0,1,1,1,1,,both,consistent,4.0,"Drug-7 targets IL23A, which is implicated in autoimmune and inflammatory processes relevant to palmoplantar pustulosis.",0.125,1.5
1,Palmoplantar pustulosis (PMDA),biokg,kg,llama3.3:70b,1,8,D,1,1.0,1,1,1,1,,both,consistent,4.0,"Drug-7 targets IL23A, a cytokine involved in inflammatory processes, providing a plausible mechanistic link to palmoplantar pustulosis.",0.25,1.625
1,Measles prophylaxis post-exposure,biokg,kg,llama3.3:70b,0,8,E,5,0.2,0,0,1,1,,prior,insufficient,1.0,The targets of Drug-1 do not clearly associate with antiviral pathways or immune response modulation relevant to Measles prophylaxis post-exposure.,0.25,1.75
1,Measles prophylaxis post-exposure,biokg,kg,llama3.3:70b,1,8,B,4,0.25,0,0,1,1,,prior,insufficient,2.0,"Drug-1 targets several genes, but without clear connection to Measles prophylaxis post-exposure or antiviral mechanisms.",0.25,2.25
1,CKD in T2D,biokg,kg,llama3.3:70b,0,8,H,5,0.2,0,0,1,1,,prior,insufficient,2.0,"Drug-8's targets include GLP1R, which is relevant to diabetes management, but its connection to CKD is not directly supported by the provided evidence.",0.25,2.375
1,CKD in T2D,biokg,kg,llama3.3:70b,1,8,C,1,1.0,1,1,1,1,,both,consistent,4.0,"Drug-8 targets relevant to glucose and lipid metabolism, such as GLP1R and DPP4, which are closely related to T2D pathophysiology.",0.25,1.875
1,HER2-mutant NSCLC (PMDA),biokg,kg,llama3.3:70b,0,8,F,1,1.0,1,1,1,1,,both,insufficient,3.0,"Drug-8 targets TOP1, which is involved in DNA replication and repair, making it a potential candidate for treating HER2-mutant NSCLC.",0.125,1.5
1,HER2-mutant NSCLC (PMDA),biokg,kg,llama3.3:70b,1,8,F,1,1.0,1,1,1,1,,prior,insufficient,2.0,"Drug-6 targets ion channels, which might have some relevance to cancer cell proliferation, but this connection is highly speculative.",0.0,1.375
1,Heterozygous familial hypercholesterolemia,biokg,kg,llama3.3:70b,0,8,F,1,1.0,1,1,1,1,,both,consistent,5.0,"Drug-7 targets PCSK9, a key regulator of cholesterol levels, providing a direct mechanistic link to the disease.",0.125,1.75
1,Heterozygous familial hypercholesterolemia,biokg,kg,llama3.3:70b,1,8,A,1,1.0,1,1,1,1,,both,consistent,5.0,"Drug-7 targets PCSK9, which is a key regulator of cholesterol metabolism and has a direct mechanistic link to the treatment of Heterozygous familial hypercholesterolemia.",0.125,1.875
1,Crohn's disease,biokg,kg,llama3.3:70b,0,8,C,1,1.0,1,1,1,1,,both,consistent,5.0,"Drug-7 targets IL23A, which is involved in immune response and inflammation, making it a plausible candidate for treating Crohn's disease.",0.25,2.125
1,Crohn's disease,biokg,kg,llama3.3:70b,1,8,E,1,1.0,1,1,1,1,,both,consistent,5.0,"Drug-7 targets IL23A, which is involved in inflammatory pathways relevant to Crohn's disease.",0.25,2.0
1,COVID-19 in severe renal impairment/dialysis,biokg,kg,llama3.3:70b,0,8,A,3,0.3333333333333333,0,1,1,1,,kg,insufficient,2.0,"Drug-8 targets multiple transporters which could influence drug disposition in renal impairment, but the lack of direct evidence linking these actions to COVID-19 treatment limits its ranking.",0.625,1.875
1,COVID-19 in severe renal impairment/dialysis,biokg,kg,llama3.3:70b,1,8,G,8,0.125,0,0,0,1,,kg,insufficient,2.0,"Drug-8 targets various transporters, but the lack of direct connection to COVID-19 treatment pathways or severe renal impairment in the knowledge graph evidence makes its potential uncertain and speculative.",0.625,2.125
1,MASH with fibrosis,biokg,kg,llama3.3:70b,0,8,E,6,0.16666666666666666,0,0,0,1,,kg,insufficient,1.0,Drug-8's targets are diverse but lack direct relevance to the treatment of MASH with fibrosis.,0.75,1.625
1,MASH with fibrosis,biokg,kg,llama3.3:70b,1,8,B,4,0.25,0,0,1,1,,prior,insufficient,2.0,"Drug-8 targets multiple proteins, but the relevance to MASH with fibrosis is unclear without more specific mechanistic insights.",0.25,1.625
1,mHSPC + ADT,biokg,kg,llama3.3:70b,0,8,G,2,0.5,0,1,1,1,,both,consistent,3.0,"Drug-8 targets PRGR and ANDR, which may have some relevance to hormone-related diseases like mHSPC + ADT.",0.25,1.75
1,mHSPC + ADT,biokg,kg,llama3.3:70b,1,8,D,1,1.0,1,1,1,1,,both,consistent,4.0,Modulation of Androgen and Estrogen Metabolism pathways may be relevant to mHSPC + ADT treatment.,1.0,4.0
1,Chronic kidney disease,biokg,kg,llama3.3:70b,0,8,A,5,0.2,0,0,1,1,,kg,conflicting,1.0,"Drug-8's targets do not clearly relate to CKD or known mechanisms of renal disease, making its potential efficacy uncertain based on the provided knowledge graph evidence alone.",0.25,1.875
1,Chronic kidney disease,biokg,kg,llama3.3:70b,1,8,H,8,0.125,0,0,0,1,,prior,insufficient,1.0,"Drug-8's targets and pathways do not provide a clear mechanistic link to CKD based on the information provided, making its potential impact uncertain.",0.25,1.875
1,Allergic fungal rhinosinusitis (AFRS) ≥6yr,biokg,kg,llama3.3:70b,0,8,G,1,1.0,1,1,1,1,,both,consistent,4.0,"Drug-8 targets IL4RA, a key receptor in allergic responses, providing a plausible mechanism for treating AFRS.",0.625,1.625
1,Allergic fungal rhinosinusitis (AFRS) ≥6yr,biokg,kg,llama3.3:70b,1,8,G,1,1.0,1,1,1,1,,prior,insufficient,3.0,"Drug-5 targets PROX, but without specific knowledge of PROX's role in AFRS, its relevance is speculative.",0.25,1.75
1,Acquired hypothalamic obesity,biokg,kg,llama3.3:70b,0,8,D,8,0.125,0,0,0,1,,prior,insufficient,1.0,Lack of information about Drug-4's targets or mechanisms makes it impossible to assess its potential for treating hypothalamic obesity.,0.375,1.875
1,Acquired hypothalamic obesity,biokg,kg,llama3.3:70b,1,8,D,7,0.14285714285714285,0,0,0,1,,prior,insufficient,1.0,"No information is provided for Drug-8, making its assessment purely speculative and uncertain.",0.375,1.875
1,Pediatric glioma (EMA),biokg,kg,llama3.3:70b,0,8,E,1,1.0,1,1,1,1,,both,consistent,4.0,"Drug-6 targets BRAF and RAF1, which are involved in pathways relevant to cancer treatment, making it the most plausible candidate.",0.5,1.625
1,Pediatric glioma (EMA),biokg,kg,llama3.3:70b,1,8,E,1,1.0,1,1,1,1,,both,consistent,4.0,"Drug-6 targets BRAF, which has been implicated in cancer pathways, suggesting potential relevance to glioma.",0.25,2.0
1,IV formulation for rheumatic diseases (EMA),biokg,kg,llama3.3:70b,0,8,B,1,1.0,1,1,1,1,,both,consistent,5.0,Drug-6 modulates a pathway directly related to treating rheumatic diseases.,0.125,1.625
1,IV formulation for rheumatic diseases (EMA),biokg,kg,llama3.3:70b,1,8,C,1,1.0,1,1,1,1,,both,consistent,5.0,"Drug-6 targets IL17 and modulates antirheumatic pathways, directly relating to rheumatic disease treatment.",0.125,1.75
1,Oral tablet formulation for weight management,biokg,kg,llama3.3:70b,0,8,D,1,1.0,1,1,1,1,,both,consistent,5.0,"Drug-8 targets GLP1R, a receptor known for its role in glucose metabolism and appetite regulation, making it highly plausible for weight management.",0.125,1.625
1,Oral tablet formulation for weight management,biokg,kg,llama3.3:70b,1,8,G,5,0.2,0,0,1,1,,kg,conflicting,1.0,The knowledge graph does not provide sufficient evidence linking Drug-3 to weight management pathways or relevant targets.,0.375,1.875
1,dMMR recurrent/advanced endometrial cancer,biokg,kg,llama3.3:70b,0,8,G,7,0.14285714285714285,0,0,0,1,,prior,insufficient,1.0,"No information is provided about Drug-8's mechanism or targets, rendering its assessment for endometrial cancer treatment impossible.",0.25,1.875
1,dMMR recurrent/advanced endometrial cancer,biokg,kg,llama3.3:70b,1,8,C,5,0.2,0,0,1,1,,prior,insufficient,1.0,"No information is available for Drug-8, making it difficult to assess its plausibility.",0.375,1.875
1,Primary humoral immunodeficiency pediatric 2-11yr,biokg,kg,llama3.3:70b,0,8,H,2,0.5,0,1,1,1,,both,consistent,4.0,"Drug-1 targets immune-related genes such as FCGRB and FCG3B, which could be relevant to primary humoral immunodeficiency.",0.125,1.5
1,Primary humoral immunodeficiency pediatric 2-11yr,biokg,kg,llama3.3:70b,1,8,H,1,1.0,1,1,1,1,,both,consistent,4.0,"Drug-1 targets FCG receptors, which are involved in immune responses, making it a plausible candidate for treating Primary humoral immunodeficiency pediatric.",0.5,1.75
1,Neoadj+adj HNSCC,biokg,kg,llama3.3:70b,0,8,A,1,1.0,1,1,1,1,,prior,insufficient,3.0,"Drug-7 targets PDCD1, an immune checkpoint involved in cancer, making it a potentially plausible candidate based on prior knowledge.",0.0,1.625
1,Neoadj+adj HNSCC,biokg,kg,llama3.3:70b,1,8,F,1,1.0,1,1,1,1,,prior,insufficient,2.0,"Drug-7 targets PDCD1, which is involved in immune responses and might be relevant to cancer treatment, although direct evidence linking it to HNSCC is lacking.",0.0,1.375
1,Juvenile idiopathic arthritis (EMA Feb 2026),biokg,kg,llama3.3:70b,0,8,F,9,0.1111111111111111,0,0,0,1,,,,,,1.0,4.0
1,Juvenile idiopathic arthritis (EMA Feb 2026),biokg,kg,llama3.3:70b,1,8,D,1,1.0,1,1,1,1,,both,consistent,4.0,"Drug-7 targets JAK3 and JAK1, which are involved in immune responses and have been implicated in the pathogenesis of autoimmune diseases like JIA.",0.125,1.5
1,"ALK+ solid tumors (tissue-agnostic, world-first)",biokg,kg,llama3.3:70b,0,8,D,1,1.0,1,1,1,1,,both,consistent,5.0,"Drug-8 directly targets ALK, which is a key factor in ALK+ solid tumors.",0.25,1.75
1,"ALK+ solid tumors (tissue-agnostic, world-first)",biokg,kg,llama3.3:70b,1,8,D,1,1.0,1,1,1,1,,both,consistent,5.0,"Drug-8 directly targets ALK, a key factor in ALK+ solid tumors.",0.375,1.75
1,Ulcerative colitis,biokg,kg,llama3.3:70b,0,8,F,1,1.0,1,1,1,1,,both,consistent,5.0,"Drug-8 targets IL23A and IL12B, which are involved in inflammatory pathways relevant to Ulcerative Colitis.",0.125,1.625
1,Ulcerative colitis,biokg,kg,llama3.3:70b,1,8,E,1,1.0,1,1,1,1,,both,consistent,4.0,"Drug-8 targets IL23A and IL12B, which are involved in inflammatory pathways relevant to Ulcerative Colitis.",0.125,1.875
1,Advanced RCC after PD-1/PD-L1 + VEGF-TKI,biokg,kg,llama3.3:70b,0,8,F,1,1.0,1,1,1,1,,both,consistent,4.0,"Drug-8 targets EPAS1, which is related to hypoxia-inducible factor signaling relevant in cancer biology.",0.125,1.625
1,Advanced RCC after PD-1/PD-L1 + VEGF-TKI,biokg,kg,llama3.3:70b,1,8,A,1,1.0,1,1,1,1,,both,consistent,4.0,"Drug-8 targets EPAS1, which is involved in the hypoxia-inducible factor pathway that plays a role in tumor growth and angiogenesis, making it a plausible candidate for treating Advanced RCC.",0.375,1.875
1,Ulcerative colitis,biokg,kg,llama3.3:70b,0,8,D,1,1.0,1,1,1,1,,both,consistent,5.0,"Drug-7 targets IL23A, a cytokine involved in inflammatory pathways relevant to Ulcerative Colitis.",0.375,2.5
1,Ulcerative colitis,biokg,kg,llama3.3:70b,1,8,D,1,1.0,1,1,1,1,,both,consistent,5.0,"Drug-7 targets IL23A, which is a key cytokine involved in the pathogenesis of inflammatory bowel diseases like Ulcerative Colitis.",0.375,2.0
1,BRAF V600E metastatic NSCLC,biokg,kg,llama3.3:70b,0,8,F,1,1.0,1,1,1,1,,both,consistent,5.0,"Drug-8 directly targets BRAF, a key mutation in BRAF V600E metastatic NSCLC, providing a clear mechanistic rationale for its potential effectiveness.",0.125,2.25
1,BRAF V600E metastatic NSCLC,biokg,kg,llama3.3:70b,1,8,E,9,0.1111111111111111,0,0,0,1,,,,,,1.0,5.0
1,Crohn's disease,biokg,kg,llama3.3:70b,0,8,A,1,1.0,1,1,1,1,,both,consistent,4.0,"Drug-8 targets JAK1, which is involved in the JAK-STAT signaling pathway associated with Crohn's disease.",0.125,1.875
1,Crohn's disease,biokg,kg,llama3.3:70b,1,8,D,1,1.0,1,1,1,1,,both,consistent,4.0,"Drug-8 targets JAK1, which is involved in the JAK-STAT signaling pathway associated with Crohn's disease.",0.125,1.625
1,dMMR/MSI-H primary advanced endometrial cancer,biokg,kg,llama3.3:70b,0,8,H,8,0.125,0,0,0,1,,prior,insufficient,1.0,"No evidence is provided for Drug-8, making its assessment entirely uncertain and based solely on prior knowledge that is not applicable without specific details.",0.0,1.875
1,dMMR/MSI-H primary advanced endometrial cancer,biokg,kg,llama3.3:70b,1,8,B,5,0.2,0,0,1,1,,prior,insufficient,1.0,"No evidence is provided for Drug-8, making it impossible to assess its mechanistic plausibility.",0.375,1.25
1,IgG4-related disease,biokg,kg,llama3.3:70b,0,8,A,1,1.0,1,1,1,1,,both,consistent,4.0,"Drug-7 targets CD19, a protein involved in immune system regulation, which could be relevant to treating IgG4-related disease.",0.125,1.625
1,IgG4-related disease,biokg,kg,llama3.3:70b,1,8,F,1,1.0,1,1,1,1,,prior,insufficient,2.0,"Drug-6's targets, such as IDH3A and others involved in metabolic pathways, might indirectly influence inflammatory processes relevant to IgG4-related disease.",0.5,1.25
1,Ph+ CML-CP frontline (EMA Feb 2026),biokg,kg,llama3.3:70b,0,8,G,7,0.14285714285714285,0,0,0,1,,prior,insufficient,1.0,"No information is available for Drug-8, making it impossible to assess its potential effectiveness.",0.25,1.75
1,Ph+ CML-CP frontline (EMA Feb 2026),biokg,kg,llama3.3:70b,1,8,D,5,0.2,0,0,1,1,,prior,insufficient,1.0,"No evidence is provided for Drug-8, making its assessment entirely speculative based on prior knowledge of drug development and cancer treatment.",0.25,1.5
1,EGPA,biokg,kg,llama3.3:70b,0,8,F,1,1.0,1,1,1,1,,prior,insufficient,3.0,"Drug-1 targets FCERB and FCERA, which are involved in immune responses, making it a potential candidate for treating EGPA based on prior knowledge of immunomodulation.",0.0,1.875
1,EGPA,biokg,kg,llama3.3:70b,1,8,B,1,1.0,1,1,1,1,,prior,insufficient,4.0,"Drug-1 targets immune response-related genes FCERB and FCERA, which could be beneficial in treating EGPA.",0.0,2.25
1,Biliary tract cancer,biokg,kg,llama3.3:70b,0,8,G,7,0.14285714285714285,0,0,0,1,,prior,insufficient,1.0,"Drug-8 targets PDCD1, which is relevant in immune checkpoint therapy, but its direct relevance to Biliary tract cancer is uncertain without more specific evidence.",0.125,1.125
1,Biliary tract cancer,biokg,kg,llama3.3:70b,1,8,D,1,1.0,1,1,1,1,,prior,insufficient,2.0,"Drug-8 targets PDCD1, which is involved in immune checkpoint regulation, a potential mechanism for cancer treatment.",0.125,1.5
1,COPD,biokg,kg,llama3.3:70b,0,8,F,1,1.0,1,1,1,1,,prior,insufficient,3.0,"Drug-8 targets IL4RA, which is involved in inflammatory processes, and COPD has an inflammatory component, making it a potentially plausible candidate.",0.0,1.75
1,COPD,biokg,kg,llama3.3:70b,1,8,B,3,0.3333333333333333,0,1,1,1,,prior,insufficient,2.0,"Drug-8's targeting of IL4RA might suggest immunomodulatory effects, but its relevance to COPD is speculative without direct evidence.",0.125,2.0
1,Primary mediastinal large B-cell lymphoma,biokg,kg,llama3.3:70b,0,8,E,1,1.0,1,1,1,1,,prior,insufficient,4.0,"Drug-7 targets PDCD1, which is involved in immune checkpoint regulation and has relevance to cancer treatment, including lymphomas.",0.375,1.75
1,Primary mediastinal large B-cell lymphoma,biokg,kg,llama3.3:70b,1,8,H,2,0.5,0,1,1,1,,both,consistent,4.0,"Drug-7 targets PDCD1, a protein involved in immune checkpoint regulation, offering a plausible mechanism for treating lymphoma by enhancing anti-tumor immunity.",0.625,2.0
1,CRSwNP (eosinophilic chronic rhinosinusitis with nasal polyps),biokg,kg,llama3.3:70b,0,8,E,5,0.2,0,0,1,1,,prior,insufficient,1.0,"Lacking any information on Drug-8's targets or pathways, its potential for treating CRSwNP cannot be assessed.",0.625,1.875
1,CRSwNP (eosinophilic chronic rhinosinusitis with nasal polyps),biokg,kg,llama3.3:70b,1,8,A,7,0.14285714285714285,0,0,0,1,,prior,insufficient,1.0,"Drug-8 lacks any provided evidence or known mechanism that could be linked to the treatment of CRSwNP, making its potential highly speculative.",0.5,2.0
1,RAS wild-type HER2+ metastatic colorectal cancer,biokg,kg,llama3.3:70b,0,8,D,1,1.0,1,1,1,1,,both,consistent,5.0,"Drug-7 targets ERBB2, which is directly relevant to HER2+ cancer, making it the most plausible candidate based on both knowledge graph evidence and prior pharmacological knowledge.",0.625,2.0
1,RAS wild-type HER2+ metastatic colorectal cancer,biokg,kg,llama3.3:70b,1,8,A,1,1.0,1,1,1,1,,both,consistent,4.0,"Drug-7 targets ERBB2, which is directly relevant to HER2+ cancers, making it a plausible candidate.",0.5,1.5
1,Schnitzler syndrome (Japan),biokg,kg,llama3.3:70b,0,8,E,1,1.0,1,1,1,1,,both,consistent,4.0,"Drug-8 targets IL1B, which is related to the cytokine family associated with Schnitzler syndrome.",0.125,1.625
1,Schnitzler syndrome (Japan),biokg,kg,llama3.3:70b,1,8,D,1,1.0,1,1,1,1,,both,consistent,4.0,"Drug-8 targets IL1B, which is related to the inflammatory pathway associated with Schnitzler syndrome, making it a plausible candidate.",1.0,4.0
1,HR+/HER2- breast cancer,biokg,kg,llama3.3:70b,0,8,B,7,0.14285714285714285,0,0,0,1,,prior,insufficient,1.0,"Drug-8 targets several proteins, including TACD2 and FUBP1, but their relevance to breast cancer is unclear.",0.5,1.25
1,HR+/HER2- breast cancer,biokg,kg,llama3.3:70b,1,8,D,6,0.16666666666666666,0,0,0,1,,prior,insufficient,1.0,Drug-8 targets various enzymes but there is no clear mechanistic link to HR+/HER2- breast cancer provided.,0.375,1.625
1,Psoriasis in children 6-11 (cream),biokg,kg,llama3.3:70b,0,8,B,1,1.0,1,1,1,1,,prior,insufficient,4.0,"Drug-5 targets PDE4 enzymes, which are involved in inflammatory pathways relevant to psoriasis.",0.0,1.875
1,Psoriasis in children 6-11 (cream),biokg,kg,llama3.3:70b,1,8,B,1,1.0,1,1,1,1,,both,consistent,4.0,"Drug-5 targets PDE4 enzymes, which are involved in inflammatory processes and have been implicated in psoriasis pathogenesis.",0.125,1.875
1,Resectable gastric/GEJ adenocarcinoma (neoadj+adj +FLOT),biokg,kg,llama3.3:70b,0,8,B,1,1.0,1,1,1,1,,both,consistent,4.0,"Drug-6 targets PD1L1 and CD80, which are relevant in cancer immunotherapy.",0.375,1.5
1,Resectable gastric/GEJ adenocarcinoma (neoadj+adj +FLOT),biokg,kg,llama3.3:70b,1,8,C,1,1.0,1,1,1,1,,prior,insufficient,3.0,"Drug-6 targets PD1L1 and CD80, which are relevant in immunotherapy for various cancers, including potentially gastric/GEJ adenocarcinoma.",0.5,1.875
1,COPD (EMA 2025),biokg,kg,llama3.3:70b,0,8,F,2,0.5,0,1,1,1,,prior,insufficient,3.0,"Although Drug-7 targets IL4RA, which is involved in inflammatory processes, its direct relevance to COPD pathophysiology is less clear without specific knowledge graph evidence linking it to the disease or associated pathways.",0.125,1.875
1,COPD (EMA 2025),biokg,kg,llama3.3:70b,1,8,F,2,0.5,0,1,1,1,,prior,insufficient,2.0,"Drug-7 targets IL4RA, which is involved in inflammation, but its connection to COPD is indirect and speculative.",0.125,1.5
1,Ph+ CML-CP after 2+ TKIs,biokg,kg,llama3.3:70b,0,8,G,7,0.14285714285714285,0,0,0,1,,prior,insufficient,1.0,No evidence was provided to assess its potential for treating Ph+ CML-CP.,0.375,1.375
1,Ph+ CML-CP after 2+ TKIs,biokg,kg,llama3.3:70b,1,8,D,4,0.25,0,0,1,1,,prior,insufficient,1.0,"No evidence is provided for Drug-8, making its assessment uncertain.",0.375,2.0
1,IgE-mediated food allergy,biokg,kg,llama3.3:70b,0,8,H,1,1.0,1,1,1,1,,both,consistent,4.0,"Drug-1 targets FCERB and FCERA, which are related to immune response, making it a plausible candidate for treating IgE-mediated food allergy.",0.125,1.625
1,IgE-mediated food allergy,biokg,kg,llama3.3:70b,1,8,G,9,0.1111111111111111,0,0,0,1,,,,,,1.0,4.0
1,BRAF+ thyroid cancer,biokg,kg,llama3.3:70b,0,8,G,2,0.5,0,1,1,1,,kg,insufficient,1.0,"Drug-8's targets such as M3K1 and MP2K2 are more closely related to cancer pathways, but direct evidence for BRAF+ thyroid cancer is lacking.",0.5,1.125
1,BRAF+ thyroid cancer,biokg,kg,llama3.3:70b,1,8,D,1,1.0,1,1,1,1,,both,consistent,4.0,"Drug-8 targets inflammatory mediators like TNFA and IL6, which could be relevant in treating BRAF+ thyroid cancer.",0.5,1.75
1,Primary immunodeficiency pediatric (EMA),biokg,kg,llama3.3:70b,0,8,A,1,1.0,1,1,1,1,,both,consistent,4.0,Drug-1 targets multiple FCG receptors which are involved in immune responses.,0.25,1.75
1,Primary immunodeficiency pediatric (EMA),biokg,kg,llama3.3:70b,1,8,C,2,0.5,0,1,1,1,,kg,insufficient,2.0,"Drug-1 targets several receptors that could be involved in immune function, but the relevance to primary immunodeficiency is unclear.",0.25,1.625
1,Biliary tract cancer 1L,biokg,kg,llama3.3:70b,0,8,G,2,0.5,0,1,1,1,,both,insufficient,3.0,"Drug-3's targets include PTPRE and PTN4, which could imply effects on cell signaling relevant to cancer, though direct connections to Biliary tract cancer 1L are lacking.",0.125,2.0
1,Biliary tract cancer 1L,biokg,kg,llama3.3:70b,1,8,B,1,1.0,1,1,1,1,,prior,insufficient,3.0,"Drug-8 targets PD1L1 and CD80, which could imply immunomodulatory effects potentially beneficial in cancer treatment.",0.125,1.625
1,Polymyalgia rheumatica,biokg,kg,llama3.3:70b,0,8,G,1,1.0,1,1,1,1,,both,consistent,4.0,"Drug-8 targets IL6RA, which is involved in the immune response and could potentially modulate inflammation related to polymyalgia rheumatica.",0.25,2.0
1,Polymyalgia rheumatica,biokg,kg,llama3.3:70b,1,8,B,1,1.0,1,1,1,1,,both,consistent,4.0,"Drug-8 targets IL6RA, which is involved in inflammatory pathways relevant to Polymyalgia rheumatica.",0.25,1.5
1,Chronic lymphocytic leukemia,biokg,kg,llama3.3:70b,0,8,B,1,1.0,1,1,1,1,,prior,insufficient,2.0,"Drug-8 targets several kinases, which could potentially be involved in signaling pathways relevant to leukemia, although no direct link is provided.",0.0,1.125
1,Chronic lymphocytic leukemia,biokg,kg,llama3.3:70b,1,8,E,1,1.0,1,1,1,1,,prior,insufficient,3.0,"Drug-8 targets several kinases, which could potentially modulate signaling pathways relevant to leukemia.",0.625,1.375
1,"Crohn's disease (moderate-severe, refractory)",biokg,kg,llama3.3:70b,0,8,A,1,1.0,1,1,1,1,,both,consistent,4.0,"Drug-6 targets IL23A, which plays a role in inflammatory processes relevant to Crohn's disease.",0.125,2.0
1,"Crohn's disease (moderate-severe, refractory)",biokg,kg,llama3.3:70b,1,8,D,1,1.0,1,1,1,1,,both,consistent,4.0,"Drug-6 targets IL23A, which is involved in inflammatory processes relevant to Crohn's disease.",0.125,1.625
1,HER2-mutant NSCLC (EMA),biokg,kg,llama3.3:70b,0,8,F,1,1.0,1,1,1,1,,prior,insufficient,3.0,"Drug-8 targets TOP1, which is involved in DNA replication and has been a target for cancer therapies, providing a plausible mechanism for treating HER2-mutant NSCLC.",0.25,1.625
1,HER2-mutant NSCLC (EMA),biokg,kg,llama3.3:70b,1,8,C,1,1.0,1,1,1,1,,prior,insufficient,2.0,"Drug-8 targets TOP1, which is involved in DNA replication and has been targeted in cancer therapy, providing a weak rationale for its potential in treating HER2-mutant NSCLC.",0.0,1.375
1,Giant cell arteritis,biokg,kg,llama3.3:70b,0,8,C,3,0.3333333333333333,0,1,1,1,,prior,insufficient,2.0,"Drug-8's targeting of JAK1 might be beneficial due to JAK inhibitors' role in treating autoimmune diseases, but this connection is indirect and requires further evidence.",0.125,1.875
1,Giant cell arteritis,biokg,kg,llama3.3:70b,1,8,F,4,0.25,0,0,1,1,,prior,insufficient,2.0,"Drug-8's targets, including JAK1, could imply some immunomodulatory effect, but without direct evidence linking it to Giant cell arteritis pathways, its potential is speculative.",0.125,1.75
1,First-line anemia in lower-risk MDS,biokg,kg,llama3.3:70b,0,8,G,7,0.14285714285714285,0,0,0,1,,prior,insufficient,1.0,"Similar to Drug-1, no details are given about Drug-8, preventing any informed assessment of its potential use in treating the target disease.",0.125,1.5
1,First-line anemia in lower-risk MDS,biokg,kg,llama3.3:70b,1,8,H,8,0.125,0,0,0,1,,prior,insufficient,1.0,"Like Drug-1, no information is provided for Drug-8, resulting in a complete lack of understanding regarding its potential efficacy.",0.0,1.625
1,GVHD + pediatric,biokg,kg,llama3.3:70b,0,8,D,1,1.0,1,1,1,1,,both,consistent,4.0,"Drug-6 targets JAK1 and JAK2, which are involved in immune response pathways, making it a plausible candidate for treating GVHD + pediatric.",0.25,1.875
1,GVHD + pediatric,biokg,kg,llama3.3:70b,1,8,A,1,1.0,1,1,1,1,,both,consistent,4.0,Drug-6's modulation of the Antineoplastics - protein kinases inhibitors pathway and targeting of JAK1 and JAK2 suggests potential immunomodulatory effects relevant to GVHD.,0.25,2.0
1,MSI-H/dMMR solid tumors (full approval conversion),biokg,kg,llama3.3:70b,0,8,E,1,1.0,1,1,1,1,,both,consistent,4.0,"Drug-7 targets PDCD1, which is involved in immune checkpoint regulation, making it a plausible candidate for treating MSI-H/dMMR solid tumors.",0.5,1.875
1,MSI-H/dMMR solid tumors (full approval conversion),biokg,kg,llama3.3:70b,1,8,H,1,1.0,1,1,1,1,,both,consistent,4.0,"Drug-7 targets PDCD1, an immune checkpoint relevant to cancer treatment, including potentially MSI-H/dMMR solid tumors.",0.5,1.75
1,Antibody-mediated rejection in organ transplantation,biokg,kg,llama3.3:70b,0,8,D,1,1.0,1,1,1,1,,both,consistent,4.0,"Drug-1 targets CD20, a protein involved in B-cell activation and proliferation, making it mechanistically plausible for treating antibody-mediated rejection.",0.125,1.5
1,Antibody-mediated rejection in organ transplantation,biokg,kg,llama3.3:70b,1,8,B,1,1.0,1,1,1,1,,both,consistent,4.0,"Drug-1 targets CD20, a protein involved in immune system regulation, making it a plausible candidate for treating antibody-mediated rejection.",0.125,1.75
1,Pancreatic NET,biokg,kg,llama3.3:70b,0,8,G,1,1.0,1,1,1,1,,both,consistent,4.0,"Drug-7 targets RET, a gene associated with neuroendocrine tumors, providing a plausible mechanistic link to Pancreatic NET.",0.5,1.625
1,Pancreatic NET,biokg,kg,llama3.3:70b,1,8,F,1,1.0,1,1,1,1,,both,consistent,4.0,"Drug-7 targets RET and VGFR2, which are relevant to cancer treatment, making it a plausible candidate for Pancreatic NET.",0.625,2.0
1,Follicular lymphoma (+obinutuzumab),biokg,kg,llama3.3:70b,0,8,B,1,1.0,1,1,1,1,,both,consistent,4.0,"Drug-8 targets several kinases, which could be relevant to treating Follicular lymphoma given the disease's association with genes like COE1 and KDSR that may involve kinase signaling pathways.",0.125,1.875
1,Follicular lymphoma (+obinutuzumab),biokg,kg,llama3.3:70b,1,8,E,7,0.14285714285714285,0,0,0,1,,prior,insufficient,1.0,"Drug-8's targets (BMX, FRK, etc.) are related to tyrosine kinases but do not directly associate with the disease's known genetic associations.",0.375,1.5
1,HR+/HER2- node-positive high-risk early breast cancer,biokg,kg,llama3.3:70b,0,8,B,2,0.5,0,1,1,1,,kg,insufficient,2.0,"Drug-8 targets CDK4 and CDK6, which are involved in cell cycle regulation, but its relevance to breast cancer is not clearly established.",0.5,1.5
1,HR+/HER2- node-positive high-risk early breast cancer,biokg,kg,llama3.3:70b,1,8,D,1,1.0,1,1,1,1,,both,consistent,4.0,"Drug-8 targets CDK4 and CDK6, which are involved in cell cycle progression and potentially relevant to breast cancer treatment.",0.5,1.875
1,BRAF+ thyroid cancer,biokg,kg,llama3.3:70b,0,8,E,1,1.0,1,1,1,1,,both,consistent,5.0,"Drug-6 directly targets BRAF, a crucial gene in the pathology of BRAF+ thyroid cancer.",0.125,1.625
1,BRAF+ thyroid cancer,biokg,kg,llama3.3:70b,1,8,E,1,1.0,1,1,1,1,,both,consistent,5.0,"Drug-6 directly targets BRAF, a mutation implicated in the target disease.",0.125,1.75
1,HER2+ solid tumors (tumor-agnostic),biokg,kg,llama3.3:70b,0,8,F,2,0.5,0,1,1,1,,both,consistent,4.0,Drug-8 targets a variety of proteins including some that could be involved in cell proliferation or drug resistance mechanisms relevant to cancer treatment.,0.25,2.0
1,HER2+ solid tumors (tumor-agnostic),biokg,kg,llama3.3:70b,1,8,D,1,1.0,1,1,1,1,,prior,insufficient,2.0,"Drug-8 is ranked highest due to its broad range of targets, which might include some relevant to cancer therapy, although no direct link to HER2+ solid tumors is provided.",0.125,1.25
1,"mCRC BRAF V600E (traditional approval, was accelerated)",biokg,kg,llama3.3:70b,0,8,H,1,1.0,1,1,1,1,,both,consistent,5.0,"Drug-7 directly targets BRAF, a mutation implicated in mCRC BRAF V600E, providing a strong mechanistic rationale for its potential efficacy.",0.125,1.75
1,"mCRC BRAF V600E (traditional approval, was accelerated)",biokg,kg,llama3.3:70b,1,8,H,1,1.0,1,1,1,1,,both,consistent,5.0,"Drug-7 directly targets BRAF, a key mutation in mCRC BRAF V600E, making it the most plausible candidate.",0.5,1.625
1,"Pediatric low-grade glioma (+dabrafenib, BRAF V600E)",biokg,kg,llama3.3:70b,0,8,A,1,1.0,1,1,1,1,,prior,insufficient,2.0,"Drug-7's targets include several kinases which could potentially intersect with BRAF signaling pathways, but without direct evidence, this remains speculative.",0.0,1.25
1,"Pediatric low-grade glioma (+dabrafenib, BRAF V600E)",biokg,kg,llama3.3:70b,1,8,D,1,1.0,1,1,1,1,,prior,insufficient,3.0,"Drug-7 is ranked highest due to its broad range of targets which might include some relevant to cancer treatment, despite lacking direct evidence for Pediatric low-grade glioma.",0.375,1.875
1,HR+/HER2- metastatic breast cancer,biokg,kg,llama3.3:70b,0,8,A,1,1.0,1,1,1,1,,both,consistent,4.0,"Drug-8 targets TOP1, an enzyme involved in DNA replication, which could be relevant to cancer treatment, particularly in rapidly dividing cells like those found in metastatic breast cancer.",0.25,1.5
1,HR+/HER2- metastatic breast cancer,biokg,kg,llama3.3:70b,1,8,A,1,1.0,1,1,1,1,,both,consistent,4.0,"Drug-8 targets TOP1, which is involved in DNA replication and could be a viable target for cancer treatment, showing a mechanistically plausible link to HR+/HER2- metastatic breast cancer.",0.125,1.625
1,1L biliary tract cancer (+gemcitabine+cisplatin),biokg,kg,llama3.3:70b,0,8,B,7,0.14285714285714285,0,0,0,1,,prior,insufficient,1.0,"Drug-5 targets PDCD1, which could be relevant in immunotherapy contexts, but its direct application to biliary tract cancer treatment is unclear without more specific evidence.",0.0,1.75
1,1L biliary tract cancer (+gemcitabine+cisplatin),biokg,kg,llama3.3:70b,1,8,C,5,0.2,0,0,1,1,,prior,insufficient,2.0,"Drug-5 targets PDCD1, which is involved in immune checkpoint regulation, but its direct connection to biliary tract cancer treatment with gemcitabine and cisplatin is not established.",0.5,2.125
1,RET-fusion NSCLC (expanded),biokg,kg,llama3.3:70b,0,8,C,1,1.0,1,1,1,1,,both,consistent,5.0,"Drug-8 directly targets the RET gene, which is associated with RET-fusion NSCLC, making it a highly plausible candidate.",0.75,2.125
1,RET-fusion NSCLC (expanded),biokg,kg,llama3.3:70b,1,8,F,1,1.0,1,1,1,1,,both,consistent,5.0,"Drug-8 directly targets RET, a gene closely associated with RET-fusion NSCLC, providing a strong mechanistic rationale for its potential efficacy.",0.125,2.125
1,HR+/HER2- metastatic breast cancer,biokg,kg,llama3.3:70b,0,8,G,1,1.0,1,1,1,1,,both,consistent,5.0,"Drug-7 targets PARP1 and PARP2, which are involved in DNA repair and have been implicated in breast cancer.",0.625,2.0
1,HR+/HER2- metastatic breast cancer,biokg,kg,llama3.3:70b,1,8,A,1,1.0,1,1,1,1,,both,consistent,4.0,"Drug-7 targets PARP1 and PARP2, which could be relevant in cancer therapy, especially if the cancer type has defects in DNA repair mechanisms.",0.125,1.5
1,Pheochromocytoma/paraganglioma,biokg,kg,llama3.3:70b,0,8,H,1,1.0,1,1,1,1,,prior,insufficient,2.0,"Drug-8 targets EPAS1, which is involved in hypoxia signaling and may be relevant to Pheochromocytoma/paraganglioma pathophysiology.",0.25,1.25
1,Pheochromocytoma/paraganglioma,biokg,kg,llama3.3:70b,1,8,C,1,1.0,1,1,1,1,,both,consistent,4.0,"Drug-8 targets EPAS1, which may be related to the disease's hypoxia-inducible factor pathway.",0.125,2.125
1,Gastric/GEJ adenocarcinoma (1L +chemo),biokg,kg,llama3.3:70b,0,8,B,4,0.25,0,0,1,1,,both,consistent,3.0,"Drug-7's targeting of PD1L1 and CD80 may be relevant to cancer immunotherapy, but its effectiveness in Gastric/GEJ adenocarcinoma is uncertain.",0.75,2.625
1,Gastric/GEJ adenocarcinoma (1L +chemo),biokg,kg,llama3.3:70b,1,8,H,4,0.25,0,0,1,1,,prior,insufficient,1.0,"Drug-7 targets PD1L1 and CD80, which are involved in immune responses, but its direct connection to Gastric/GEJ adenocarcinoma treatment is uncertain.",0.25,1.75
1,Metastatic colorectal cancer,biokg,kg,llama3.3:70b,0,8,D,4,0.25,0,0,1,1,,prior,conflicting,1.0,Drug-1's association with antiviral agents and unrelated targets suggests low relevance to metastatic colorectal cancer treatment.,0.25,1.75
1,Metastatic colorectal cancer,biokg,kg,llama3.3:70b,1,8,D,4,0.25,0,0,1,1,,prior,insufficient,2.0,"Drug-1's targets and pathways do not clearly relate to metastatic colorectal cancer treatment, making its assessment uncertain.",0.25,2.25
1,Gastric/GEJ adenocarcinoma,biokg,kg,llama3.3:70b,0,8,G,1,1.0,1,1,1,1,,both,consistent,5.0,"Drug-7 targets PD1L1, a known checkpoint in cancer immunotherapy, making it a plausible candidate for treating gastric adenocarcinoma.",0.5,1.875
1,Gastric/GEJ adenocarcinoma,biokg,kg,llama3.3:70b,1,8,A,1,1.0,1,1,1,1,,both,consistent,4.0,"Drug-7 targets PD1L1 and CD80, which are relevant to immune checkpoint inhibition in cancer treatment.",0.125,1.5
1,Urothelial carcinoma (expanded population),biokg,kg,llama3.3:70b,0,8,C,6,0.16666666666666666,0,0,0,1,,kg,conflicting,1.0,"Drug-8's targets include drug transporters and metabolizing enzymes, which might influence cancer therapy but do not directly support its use in Urothelial carcinoma.",0.5,1.875
1,Urothelial carcinoma (expanded population),biokg,kg,llama3.3:70b,1,8,F,6,0.16666666666666666,0,0,0,1,,prior,conflicting,2.0,"Drug-8 targets MDR1, which may be involved in drug resistance, but its effects on Urothelial carcinoma are unclear.",0.5,2.5
1,HER2+ early-stage BC (neoadjuvant + adjuvant),biokg,kg,llama3.3:70b,0,8,H,8,0.125,0,0,0,1,,prior,insufficient,1.0,Drug-8's diverse targets do not provide a clear mechanistic link to HER2+ breast cancer treatment based on the knowledge graph evidence alone.,0.125,2.0
1,HER2+ early-stage BC (neoadjuvant + adjuvant),biokg,kg,llama3.3:70b,1,8,D,2,0.5,0,1,1,1,,kg,consistent,4.0,"Drug-8 targets TOP1, which is involved in DNA replication and could be relevant to cancer cell proliferation.",0.25,2.125
1,Pediatric BRAF V600E low-grade glioma,biokg,kg,llama3.3:70b,0,8,G,1,1.0,1,1,1,1,,both,consistent,5.0,"Drug-5 targets BRAF, a key mutation in Pediatric BRAF V600E low-grade glioma, making it the most plausible candidate.",0.125,1.75
1,Pediatric BRAF V600E low-grade glioma,biokg,kg,llama3.3:70b,1,8,E,1,1.0,1,1,1,1,,both,consistent,5.0,"Drug-5 directly targets BRAF, a crucial mutation in Pediatric BRAF V600E low-grade glioma, making it the most plausible candidate.",0.5,2.0
1,HR+/HER2- early breast cancer (adjuvant),biokg,kg,llama3.3:70b,0,8,F,1,1.0,1,1,1,1,,both,consistent,5.0,"Drug-6 targets CDK4 and CDK6, which are crucial for cell cycle progression in cancer cells.",0.5,1.875
1,HR+/HER2- early breast cancer (adjuvant),biokg,kg,llama3.3:70b,1,8,E,2,0.5,0,1,1,1,,prior,insufficient,2.0,"No specific evidence is provided for Drug-4, but its inclusion as a candidate suggests some potential relevance to breast cancer.",0.625,1.625
1,HR+/HER2-low breast cancer,biokg,kg,llama3.3:70b,0,8,G,4,0.25,0,0,1,1,,kg,insufficient,2.0,"Drug-8 targets several proteins, but none are directly linked to HR+/HER2-low breast cancer in the provided knowledge graph.",0.375,1.875
1,HR+/HER2-low breast cancer,biokg,kg,llama3.3:70b,1,8,B,5,0.2,0,0,1,1,,prior,conflicting,1.0,The targets listed for Drug-8 do not clearly align with known mechanisms of HR+/HER2-low breast cancer based on prior knowledge.,0.5,2.0
1,Platinum-resistant ovarian carcinoma (PD-L1+ CPS≥1),biokg,kg,llama3.3:70b,0,8,F,1,1.0,1,1,1,1,,both,consistent,4.0,"Drug-6 targets PDCD1, which is related to the PD-L1 pathway, providing a potential link to the disease.",0.625,1.875
1,Platinum-resistant ovarian carcinoma (PD-L1+ CPS≥1),biokg,kg,llama3.3:70b,1,8,E,9,0.1111111111111111,0,0,0,0,"('Connection aborted.', RemoteDisconnected('Remote end closed connection without response'))",,,,,,
