seed,disease,kg,condition,model,shuffle,pool_size,positive_letter,rank,reciprocal_rank,hit@1,hit@3,hit@5,parsed,error,pos_basis,pos_agreement,pos_confidence,pos_rationale,frac_basis_kg,mean_confidence
2,Chorea associated with Huntington's disease,none,no_kg,llama3.1:8b,0,8,D,3,0.3333333333333333,0,1,1,1,,prior,insufficient,4.0,"Given its known efficacy in other movement disorders, Drug-8 might be a plausible candidate for chorea associated with Huntington's disease.",0.75,2.25
2,Chorea associated with Huntington's disease,none,no_kg,llama3.1:8b,1,8,C,6,0.16666666666666666,0,0,0,1,,kg,conflicting,2.0,"The knowledge graph suggests a mechanistic link between Drug-8 and Huntington's disease, but this is conflicting with my understanding of its pharmacological properties.",0.625,2.25
2,Chronic thromboembolic pulmonary hypertension,none,no_kg,llama3.1:8b,0,8,C,5,0.2,0,0,1,1,,kg,insufficient,2.0,No direct mechanistic link is provided between Drug-7 and CTEPH.,0.75,3.125
2,Chronic thromboembolic pulmonary hypertension,none,no_kg,llama3.1:8b,1,8,F,6,0.16666666666666666,0,0,0,1,,prior,insufficient,5.0,"Drug-7 has off-target effects that could potentially benefit patients with chronic thromboembolic pulmonary hypertension, but there's no direct evidence to support its use.",0.7142857142857143,3.0
2,Indolent systemic mastocytosis,none,no_kg,llama3.1:8b,0,8,C,5,0.2,0,0,1,1,,kg,insufficient,1.0,The KG provides limited information on Drug-8's mechanism of action and its potential relevance to Indolent systemic mastocytosis.,0.875,2.0
2,Indolent systemic mastocytosis,none,no_kg,llama3.1:8b,1,8,B,4,0.25,0,0,1,1,,kg,conflicting,2.0,"The knowledge graph suggests a mechanistic link for Drug-8 to Indolent systemic mastocytosis, but I'm uncertain about the accuracy of this association given conflicting evidence.",0.625,2.25
2,EGPA (expanded),none,no_kg,llama3.1:8b,0,8,B,6,0.16666666666666666,0,0,0,1,,prior,insufficient,4.0,Drug-8's mechanism of action is not clearly linked to EGPA treatment.,0.75,3.0
2,EGPA (expanded),none,no_kg,llama3.1:8b,1,8,G,6,0.16666666666666666,0,0,0,1,,prior,insufficient,1.0,There is no clear evidence or mechanistic link to support using Drug-8 for EGPA treatment.,0.625,1.875
2,Invasive fungal infections pediatric ≥2yr,none,no_kg,llama3.1:8b,0,8,G,7,0.14285714285714285,0,0,0,1,,kg,insufficient,2.0,The knowledge graph reports a link to Drug-4 -> target but does not provide sufficient information about its pathway or disease association.,0.5,3.0
2,Invasive fungal infections pediatric ≥2yr,none,no_kg,llama3.1:8b,1,8,F,4,0.25,0,0,1,1,,prior,insufficient,3.0,"I am uncertain about Drug-4's efficacy against invasive fungal infections due to lack of relevant evidence; however, it has been used in other antifungal treatments.",0.875,2.375
2,PKU expanded to ≥12yr,none,no_kg,llama3.1:8b,0,8,D,2,0.5,0,1,1,1,,kg,insufficient,3.0,"Drug-8 has a mechanistic link to DOID:9281 via the 'cancer' pathway, but this association is not strongly supported by direct evidence.",0.75,3.0
2,PKU expanded to ≥12yr,none,no_kg,llama3.1:8b,1,8,D,5,0.2,0,0,1,1,,kg,insufficient,2.0,There is no clear mechanistic link to PKU from Drug-8's association with the PI3K/AKT pathway.,0.875,3.0
2,Nephrotic syndrome,none,no_kg,llama3.1:8b,0,8,B,1,1.0,1,1,1,1,,kg,consistent,4.0,Mechanistic link: Drug-1 -> PI3K/AKT pathway -> podocyte function -> Nephrotic syndrome,0.875,3.125
2,Nephrotic syndrome,none,no_kg,llama3.1:8b,1,8,F,1,1.0,1,1,1,1,,both,consistent,4.0,"Drug-1 has a mechanistic link to Nephrotic syndrome through its action on the VEGFA pathway, which is implicated in kidney disease.",0.875,1.75
2,HR+/HER2- node-positive high-risk early breast cancer,none,no_kg,llama3.1:8b,0,8,A,4,0.25,0,0,1,1,,kg,conflicting,1.0,"The KG links Drug-7 to the PIK3CA pathway but also shows an association with a different pathway; however, the latter may be due to annotation noise",0.75,1.75
2,HR+/HER2- node-positive high-risk early breast cancer,none,no_kg,llama3.1:8b,1,8,E,5,0.2,0,0,1,1,,prior,insufficient,2.0,"My pharmacological knowledge indicates that Drug-7 has some potential as an anti-cancer agent, but there's no KG evidence.",0.375,2.125
2,Retinopathy of prematurity,none,no_kg,llama3.1:8b,0,8,D,5,0.2,0,0,1,1,,prior,conflicting,1.0,"Knowledge graph suggests a link to angiogenesis, but my prior knowledge suggests a weaker connection.",0.5,2.125
2,Retinopathy of prematurity,none,no_kg,llama3.1:8b,1,8,B,3,0.3333333333333333,0,1,1,1,,prior,insufficient,4.0,"Based on prior knowledge of similar drugs and their mechanisms, Drug-7 may have potential against ROP.",0.625,2.625
2,Agitation associated with Alzheimer's dementia,none,no_kg,llama3.1:8b,0,8,H,8,0.125,0,0,0,1,,kg,insufficient,1.0,There is limited knowledge-graph evidence supporting Drug-6's plausibility for this disease.,0.75,2.625
2,Agitation associated with Alzheimer's dementia,none,no_kg,llama3.1:8b,1,8,A,3,0.3333333333333333,0,1,1,1,,kg,consistent,4.0,Drug-6 is linked to the GSK3β pathway which is implicated in neurodegenerative diseases like Alzheimer's.,0.625,2.75
2,LDL-C elevation in statin-intolerant dyslipidemia,none,no_kg,llama3.1:8b,0,8,H,8,0.125,0,0,0,1,,prior,insufficient,1.0,"Based on pharmacological knowledge, Drug-8 may not be suitable for treating statin-intolerant dyslipidemia.",0.75,2.375
2,LDL-C elevation in statin-intolerant dyslipidemia,none,no_kg,llama3.1:8b,1,8,G,8,0.125,0,0,0,1,,kg,insufficient,2.0,There is no evidence provided for Drug-8's mechanistic links to the disease.,0.75,2.5
2,First-line anemia in lower-risk MDS,none,no_kg,llama3.1:8b,0,8,B,5,0.2,0,0,1,1,,kg,conflicting,4.0,"KG association to 'Wnt signaling pathway', which may be counterproductive given prior knowledge on anemia treatment.",0.875,2.75
2,First-line anemia in lower-risk MDS,none,no_kg,llama3.1:8b,1,8,B,5,0.2,0,0,1,1,,kg,insufficient,4.0,"No direct evidence is provided for Drug-8, but its mechanism of action as an mTOR inhibitor could potentially impact the PI3K/AKT pathway.",0.75,2.375
2,"Crohn's disease (moderate-severe, refractory)",none,no_kg,llama3.1:8b,0,8,C,7,0.14285714285714285,0,0,0,1,,kg,insufficient,1.0,No mechanistic links were found between Drug-7 and the pathways involved in Crohn's disease.,0.625,2.125
2,"Crohn's disease (moderate-severe, refractory)",none,no_kg,llama3.1:8b,1,8,E,4,0.25,0,0,1,1,,kg,conflicting,3.0,"Drug-7 is linked to the Wnt signaling pathway (associated with various diseases, including inflammatory bowel disease), but the evidence does not strongly support its relevance to Crohn's disease.",0.625,2.375
2,COVID-19 in severe renal impairment/dialysis,none,no_kg,llama3.1:8b,0,8,C,1,1.0,1,1,1,1,,both,consistent,4.0,Drug-8 has a mechanistic link to COVID-19 in severe renal impairment/dialysis through the 'inflammation' pathway.,0.5,2.25
2,COVID-19 in severe renal impairment/dialysis,none,no_kg,llama3.1:8b,1,8,D,6,0.16666666666666666,0,0,0,1,,kg,insufficient,1.0,"Mechanistic link: Drug-8 -> inflammatory response pathway -> COVID-19; however, its relevance to severe renal impairment/dialysis is uncertain.",0.625,1.875
2,MASH with fibrosis,none,no_kg,llama3.1:8b,0,8,F,7,0.14285714285714285,0,0,0,1,,kg,insufficient,1.0,The KG provides very sparse and indirect connections between Drug-8 and the disease; this makes it difficult to assess its mechanistic plausibility.,0.5,2.625
2,MASH with fibrosis,none,no_kg,llama3.1:8b,1,8,E,5,0.2,0,0,1,1,,prior,insufficient,1.0,"No information provided by the knowledge graph, and its mechanism does not directly suggest relevance to MASH with fibrosis.",0.625,1.875
2,Pancreatic NET,none,no_kg,llama3.1:8b,0,8,H,8,0.125,0,0,0,1,,kg,insufficient,1.0,Lack of evidence from the knowledge graph; unclear mechanistic link between Drug-8 and Pancreatic NET.,0.625,2.375
2,Pancreatic NET,none,no_kg,llama3.1:8b,1,8,H,8,0.125,0,0,0,1,,kg,insufficient,2.0,There are no clear mechanistic links reported in the knowledge graph for Drug-8.,0.625,3.25
2,Retinal vein occlusion,none,no_kg,llama3.1:8b,0,8,C,4,0.25,0,0,1,1,,kg,insufficient,2.0,"The KG provides a weak link between Drug-8 and the disease pathway; however, our prior knowledge does not support this association.",0.75,1.875
2,Retinal vein occlusion,none,no_kg,llama3.1:8b,1,8,F,5,0.2,0,0,1,1,,kg,conflicting,3.0,"Drug-8 has a mechanistic link to VEGF signaling (a known pathway in retinal vein occlusion) through its inhibition of PDGFRbeta, but this is conflicting with the knowledge graph's depiction of Drug-6 as having a similar mechanism.",0.5,2.625
2,Cerebral folate transport deficiency,none,no_kg,llama3.1:8b,0,8,G,2,0.5,0,1,1,1,,both,consistent,4.0,Drug-1 has a mechanistic link to Folate transporters -> Transport of folate and its derivatives -> Cerebral folate transport deficiency,0.625,2.25
2,Cerebral folate transport deficiency,none,no_kg,llama3.1:8b,1,8,C,1,1.0,1,1,1,1,,kg,consistent,5.0,Drug-3 has a mechanistic link to a relevant pathway associated with Cerebral folate transport deficiency.,0.5,2.25
2,ILD-associated pulmonary hypertension,none,no_kg,llama3.1:8b,0,8,F,7,0.14285714285714285,0,0,0,1,,kg,insufficient,2.0,"There are no clear mechanistic links from the knowledge graph, but Drug-3 has some potential based on its pharmacological properties.",0.75,2.375
2,ILD-associated pulmonary hypertension,none,no_kg,llama3.1:8b,1,8,F,6,0.16666666666666666,0,0,0,1,,kg,insufficient,1.0,"The KG reports Drug-3 as having mechanistic links to various pathways, but there is limited evidence to link it directly to ILD-associated pulmonary hypertension.",0.625,1.875
2,Indolent systemic mastocytosis (EMA),none,no_kg,llama3.1:8b,0,8,F,4,0.25,0,0,1,1,,kg,conflicting,2.0,"Knowledge graph reports Drug-8 -> JAK (involved in mast cell signaling) -> disease, but also notes conflicting evidence regarding its efficacy.",0.5,2.125
2,Indolent systemic mastocytosis (EMA),none,no_kg,llama3.1:8b,1,8,B,1,1.0,1,1,1,1,,kg,consistent,5.0,"Drug-8 is reported to target the mTOR pathway, which has mechanistic links to ISM, making it a promising candidate for repurposing.",0.875,2.875
2,CRSwNP (eosinophilic chronic rhinosinusitis with nasal polyps),none,no_kg,llama3.1:8b,0,8,D,3,0.3333333333333333,0,1,1,1,,kg,insufficient,2.0,"Knowledge graph reports a connection between Drug-8 and the NF-kappa B signaling pathway, which is relevant to CRSwNP; however, it's not strong.",0.75,2.0
2,CRSwNP (eosinophilic chronic rhinosinusitis with nasal polyps),none,no_kg,llama3.1:8b,1,8,E,5,0.2,0,0,1,1,,both,consistent,4.0,Association with eosinophilic pathways and known anti-inflammatory effects make it a plausible candidate for treating CRSwNP.,0.875,2.5
2,Chronic hepatitis B (pediatric),none,no_kg,llama3.1:8b,0,8,A,3,0.3333333333333333,0,1,1,1,,kg,insufficient,2.0,Limited knowledge graph evidence (Drug-8 -> unknown target -> unclear pathway -> Hepatitis B) prevents confident ranking.,0.625,2.375
2,Chronic hepatitis B (pediatric),none,no_kg,llama3.1:8b,1,8,C,4,0.25,0,0,1,1,,kg,conflicting,2.0,"The KG suggests Drug-8's involvement in a pathway related to CHB, but this conflicts with prior knowledge that it is primarily used for another indication.",0.75,2.625
2,HoFH in children,none,no_kg,llama3.1:8b,0,8,C,5,0.2,0,0,1,1,,kg,insufficient,1.0,No direct evidence from the knowledge graph supporting a mechanistic link to HoFH treatment.,0.875,1.75
2,HoFH in children,none,no_kg,llama3.1:8b,1,8,A,6,0.16666666666666666,0,0,0,1,,kg,conflicting,2.0,Association with a different pathway (lipid metabolism) and no clear connection to HoFH in children.,0.75,2.5
2,Biliary tract cancer 1L,none,no_kg,llama3.1:8b,0,8,G,7,0.14285714285714285,0,0,0,1,,prior,insufficient,1.0,No known implications for biliary tract cancer were found in the literature or pharmacological knowledge,0.75,2.5
2,Biliary tract cancer 1L,none,no_kg,llama3.1:8b,1,8,A,6,0.16666666666666666,0,0,0,1,,kg,insufficient,1.0,Sparse and indirect association in the KG,0.625,2.375
2,Diabetic retinopathy/DME (EMA Mar+May 2026),none,no_kg,llama3.1:8b,0,8,G,7,0.14285714285714285,0,0,0,1,,kg,consistent,1.0,"Drug-8 targets pathways associated with Diabetic Retinopathy/DME (DOID:8947) in the knowledge graph, but this is a weak and indirect mechanistic link.",0.625,2.75
2,Diabetic retinopathy/DME (EMA Mar+May 2026),none,no_kg,llama3.1:8b,1,8,F,7,0.14285714285714285,0,0,0,1,,kg,insufficient,1.0,Limited knowledge graph evidence and no clear mechanistic link to Diabetic retinopathy/DME.,0.75,2.0
2,Spinal muscular atrophy (pediatric expansion),none,no_kg,llama3.1:8b,0,8,A,6,0.16666666666666666,0,0,0,1,,prior,insufficient,2.0,"Drug-8 has a pharmacological profile that could be beneficial for SMA patients, but the connection is not supported by strong evidence.",0.5,2.375
2,Spinal muscular atrophy (pediatric expansion),none,no_kg,llama3.1:8b,1,8,A,2,0.5,0,1,1,1,,prior,insufficient,3.0,"While there is no direct evidence in the knowledge graph, my pharmacological knowledge suggests that Drug-8 could potentially be repurposed for Spinal muscular atrophy (pediatric expansion) due to its mechanism of action.",0.625,2.25
2,High LDL-C with increased CV risk (expanded),none,no_kg,llama3.1:8b,0,8,C,6,0.16666666666666666,0,0,0,1,,kg,insufficient,3.0,No direct association is shown between Drug-8 and the disease in question within the KG.,0.75,2.875
2,High LDL-C with increased CV risk (expanded),none,no_kg,llama3.1:8b,1,8,C,8,0.125,0,0,0,1,,prior,insufficient,1.0,Given no evidence or pharmacological information to assess Drug-8's plausibility for treating High LDL-C with increased CV risk.,0.625,2.375
2,Polycythaemia vera and essential thrombocytopenia,none,no_kg,llama3.1:8b,0,8,B,1,1.0,1,1,1,1,,both,consistent,5.0,Drug-1 is linked to JAK2/STAT5 pathway through KG evidence and aligns with known role of JAK inhibitors in managing myeloproliferative neoplasms.,0.625,2.0
2,Polycythaemia vera and essential thrombocytopenia,none,no_kg,llama3.1:8b,1,8,F,2,0.5,0,1,1,1,,prior,insufficient,3.0,"While no KG evidence is provided, prior knowledge suggests that JAK1 inhibitors may have some efficacy in treating PV/ET",0.875,2.0
2,Hidradenitis suppurativa,none,no_kg,llama3.1:8b,0,8,G,5,0.2,0,0,1,1,,kg,conflicting,1.0,"The KG shows Drug-6 associated with inflammation, but this is conflicting with prior knowledge that suggests its use as an immunosuppressant.",0.625,1.75
2,Hidradenitis suppurativa,none,no_kg,llama3.1:8b,1,8,E,2,0.5,0,1,1,1,,prior,insufficient,3.0,"While I know some anti-inflammatory drugs can be effective for acne-like symptoms, the lack of knowledge graph evidence makes this choice uncertain.",0.75,1.875
2,Acute HCV pediatric,none,no_kg,llama3.1:8b,0,8,E,2,0.5,0,1,1,1,,prior,insufficient,3.0,"While there's no direct KG evidence for Drug-8 and HCV, it's a reasonable candidate given its mechanism of action.",0.625,3.25
2,Acute HCV pediatric,none,no_kg,llama3.1:8b,1,8,C,4,0.25,0,0,1,1,,prior,insufficient,5.0,"Based on pharmacological knowledge, Drug-8 has no obvious connections to HCV treatment",0.75,2.875
2,CKD in T2D,none,no_kg,llama3.1:8b,0,8,F,6,0.16666666666666666,0,0,0,1,,kg,insufficient,1.0,There is insufficient evidence to assess the mechanistic plausibility of Drug-7 for CKD in T2D.,0.75,3.125
2,CKD in T2D,none,no_kg,llama3.1:8b,1,8,D,7,0.14285714285714285,0,0,0,1,,kg,insufficient,1.0,There's no direct evidence from the KG for Drug-8 in relation to CKD in T2D.,0.75,2.5
2,BRAF V600E metastatic NSCLC,none,no_kg,llama3.1:8b,0,8,A,2,0.5,0,1,1,1,,prior,insufficient,4.0,"Drug-7 is a plausible candidate based on its pharmacological properties, but no evidence was provided.",0.5,2.75
2,BRAF V600E metastatic NSCLC,none,no_kg,llama3.1:8b,1,8,G,7,0.14285714285714285,0,0,0,1,,kg,conflicting,1.0,"The knowledge graph links Drug-7 to the RAF pathway, but its structure suggests potential activity as a different type of kinase inhibitor.",0.75,2.75
2,Retinal vein occlusion,none,no_kg,llama3.1:8b,0,8,B,5,0.2,0,0,1,1,,kg,conflicting,1.0,"The knowledge graph reports a mechanistic link to VEGF pathway (consistent with Retinal Vein Occlusion), but also mentions an association with a conflicting disease process (kg).",0.75,2.5
2,Retinal vein occlusion,none,no_kg,llama3.1:8b,1,8,C,3,0.3333333333333333,0,1,1,1,,prior,insufficient,4.0,"While no direct evidence was found, I consider Drug-8 a plausible candidate based on its pharmacological properties and potential off-target effects.",0.75,2.625
2,Agitation associated with Alzheimer's dementia,none,no_kg,llama3.1:8b,0,8,F,1,1.0,1,1,1,1,,both,consistent,4.0,Drug-3 is associated with ADME (Alzheimer's Disease Medication Errors) pathway which overlaps with agitation in Alzheimer's dementia.,0.625,3.0
2,Agitation associated with Alzheimer's dementia,none,no_kg,llama3.1:8b,1,8,C,2,0.5,0,1,1,1,,both,consistent,4.0,"Drug-3 has a link to BDNF, which is related to neuroplasticity and cognitive function, relevant to agitation in Alzheimer's dementia.",0.75,3.125
2,Heterozygous familial hypercholesterolemia,none,no_kg,llama3.1:8b,0,8,C,5,0.2,0,0,1,1,,kg,conflicting,1.0,"The knowledge graph shows a conflicting link for Drug-7, which targets PCSK9 but also has other pathways involved in different diseases.",0.5,2.625
2,Heterozygous familial hypercholesterolemia,none,no_kg,llama3.1:8b,1,8,G,3,0.3333333333333333,0,1,1,1,,kg,insufficient,3.0,"The KG associates Drug-7 with a pathway related to cholesterol transport, but the connection is not as strong as for Drug-2.",0.5,2.625
2,Acquired hypofibrinogenemia in cardiovascular surgery,none,no_kg,llama3.1:8b,0,8,D,2,0.5,0,1,1,1,,prior,insufficient,3.0,Drug-6's mechanism is unclear; it may interact with blood clotting factors but no direct link to fibrinogen regulation found.,0.625,1.875
2,Acquired hypofibrinogenemia in cardiovascular surgery,none,no_kg,llama3.1:8b,1,8,G,7,0.14285714285714285,0,0,0,1,,kg,conflicting,1.0,"Drug-6 has associations with the COAG pathway, but its target (ADAMTS13) is primarily involved in von Willebrand factor regulation.",0.875,2.75
2,Crohn's disease,none,no_kg,llama3.1:8b,0,8,E,5,0.2,0,0,1,1,,prior,insufficient,3.0,TNF-alpha inhibitor with some evidence for efficacy in inflammatory bowel diseases.,0.75,2.875
2,Crohn's disease,none,no_kg,llama3.1:8b,1,8,D,6,0.16666666666666666,0,0,0,1,,prior,insufficient,3.0,"As a TNF-alpha inhibitor, Drug-8 has shown efficacy in treating autoimmune diseases; while not directly linked to Crohn's disease in the knowledge graph, its pharmacological mechanism supports its potential.",0.75,2.625
2,COVID-19 updated strain,none,no_kg,llama3.1:8b,0,8,A,3,0.3333333333333333,0,1,1,1,,kg,insufficient,3.0,"The knowledge graph evidence for Drug-8 is limited to a single association with ACE2, but the mechanistic link is unclear.",0.625,2.375
2,COVID-19 updated strain,none,no_kg,llama3.1:8b,1,8,F,6,0.16666666666666666,0,0,0,1,,prior,insufficient,1.0,No relevant associations in the KG or prior knowledge support Drug-8's potential as a COVID-19 treatment.,0.875,2.625
2,HoFH pediatric (EMA),none,no_kg,llama3.1:8b,0,8,D,2,0.5,0,1,1,1,,prior,insufficient,3.0,"Based on prior knowledge of statin mechanism, likely effective against HoFH pediatric",0.625,2.25
2,HoFH pediatric (EMA),none,no_kg,llama3.1:8b,1,8,F,3,0.3333333333333333,0,1,1,1,,kg,consistent,5.0,The mechanistic link between Drug-8 and LDLR gene mutations supports its potential efficacy in HoFH pediatric.,0.625,2.875
2,Primary mediastinal large B-cell lymphoma,none,no_kg,llama3.1:8b,0,8,D,1,1.0,1,1,1,1,,both,consistent,4.0,"Drug-7 has a mechanistic link to NF-kappa B signaling pathway (DOID:0060573), which is implicated in lymphoma development.",0.625,1.875
2,Primary mediastinal large B-cell lymphoma,none,no_kg,llama3.1:8b,1,8,D,4,0.25,0,0,1,1,,both,conflicting,2.0,"The KG suggests a connection between Drug-7 and the JAK/STAT pathway, but this conflicts with known facts about its mechanism.",0.625,3.0
2,TRD monotherapy,none,no_kg,llama3.1:8b,0,8,E,1,1.0,1,1,1,1,,both,consistent,5.0,"Drug-5 has a mechanistic link to the serotonin pathway, which is implicated in TRD monotherapy, and its mechanism of action as an SSRI aligns with this.",0.75,2.375
2,TRD monotherapy,none,no_kg,llama3.1:8b,1,8,G,3,0.3333333333333333,0,1,1,1,,kg,conflicting,2.0,The knowledge graph reports a conflicting link for Drug-5; more evidence is needed to establish its mechanistic plausibility.,0.5,1.875
2,Reduce MACE in CVD + obesity/overweight,none,no_kg,llama3.1:8b,0,8,E,6,0.16666666666666666,0,0,0,1,,kg,conflicting,2.0,"The KG links Drug-7 to pathways associated with obesity/overweight, but also notes conflicting evidence of increased MACE in CVD.",0.625,2.25
2,Reduce MACE in CVD + obesity/overweight,none,no_kg,llama3.1:8b,1,8,H,8,0.125,0,0,0,1,,kg,insufficient,1.0,The KG does not provide a clear mechanistic link for Drug-7; my prior knowledge also offers no compelling connections to the target disease.,0.875,2.875
2,Allergic fungal rhinosinusitis (AFRS) ≥6yr,none,no_kg,llama3.1:8b,0,8,A,7,0.14285714285714285,0,0,0,1,,prior,insufficient,1.0,"Based on general pharmacological knowledge, Drug-8 has limited potential for treating the target disease and lacks clear mechanistic evidence.",0.75,2.375
2,Allergic fungal rhinosinusitis (AFRS) ≥6yr,none,no_kg,llama3.1:8b,1,8,A,1,1.0,1,1,1,1,,both,consistent,4.0,"Drug-8 has mechanistic links to IL-4 and STAT6, which are associated with allergic reactions and may be relevant in AFRS.",0.625,2.25
2,Measles prophylaxis post-exposure,none,no_kg,llama3.1:8b,0,8,H,6,0.16666666666666666,0,0,0,1,,prior,insufficient,1.0,No relevant evidence or pharmacological knowledge links Drug-1 directly to measles prophylaxis post-exposure.,0.625,2.0
2,Measles prophylaxis post-exposure,none,no_kg,llama3.1:8b,1,8,C,2,0.5,0,1,1,1,,kg,insufficient,3.0,KG suggests a link from Drug-1 to various pathways but lacks specificity for measles prophylaxis,0.7142857142857143,3.2857142857142856
2,Obstructive sleep apnea with obesity,none,no_kg,llama3.1:8b,0,8,H,8,0.125,0,0,0,1,,kg,insufficient,1.0,Mechanistic link: Drug-8 -> unclear target -> unknown pathway -> obesity; insufficient information to evaluate plausibility.,0.75,2.375
2,Obstructive sleep apnea with obesity,none,no_kg,llama3.1:8b,1,8,C,6,0.16666666666666666,0,0,0,1,,kg,insufficient,1.0,"The KG indicates a relationship between drug C-8 and the AMPK pathway; however, prior knowledge does not support this connection, and further investigation is necessary.",0.75,1.75
2,HER2+ solid tumors (tumor-agnostic),none,no_kg,llama3.1:8b,0,8,F,7,0.14285714285714285,0,0,0,1,,kg,insufficient,1.0,No evidence is provided to assess Drug-8's relevance to HER2+ solid tumors.,0.625,2.375
2,HER2+ solid tumors (tumor-agnostic),none,no_kg,llama3.1:8b,1,8,D,5,0.2,0,0,1,1,,kg,insufficient,1.0,The knowledge graph provides little to no evidence for Drug-8's potential efficacy against HER2+ solid tumors.,0.625,3.0
2,Heart failure (broadened),none,no_kg,llama3.1:8b,0,8,B,4,0.25,0,0,1,1,,kg,conflicting,2.0,"Knowledge graph evidence suggests a link to hypertension, but prior knowledge warns of potential adverse effects on cardiac function.",0.625,3.125
2,Heart failure (broadened),none,no_kg,llama3.1:8b,1,8,C,5,0.2,0,0,1,1,,kg,insufficient,1.0,No evidence from the KG supports a mechanistic link to heart failure; its primary use in other diseases suggests it may not be relevant.,0.75,2.25
2,GVHD + pediatric,none,no_kg,llama3.1:8b,0,8,H,8,0.125,0,0,0,1,,prior,insufficient,2.0,"Drug-6 has immunosuppressive properties, but no direct link to GVHD in the knowledge graph",0.625,3.25
2,GVHD + pediatric,none,no_kg,llama3.1:8b,1,8,G,4,0.25,0,0,1,1,,prior,insufficient,3.0,"Based on prior knowledge of immunosuppressant pharmacology, Drug-6 could plausibly treat GVHD.",0.625,2.375
2,COVID-19 (expanded population),none,no_kg,llama3.1:8b,0,8,H,8,0.125,0,0,0,1,,kg,insufficient,1.0,No direct or indirect evidence supports the use of Drug-8 in COVID-19 treatment.,0.875,2.375
2,COVID-19 (expanded population),none,no_kg,llama3.1:8b,1,8,G,5,0.2,0,0,1,1,,kg,insufficient,1.0,There is limited knowledge about Drug-8's mechanisms of action relevant to COVID-19 treatment.,0.625,2.375
2,Delay T1D onset in children ≥1yr,none,no_kg,llama3.1:8b,0,8,H,7,0.14285714285714285,0,0,0,1,,kg,insufficient,1.0,No clear evidence linking Drug-6 to relevant pathways or targets for T1D prevention.,0.75,2.625
2,Delay T1D onset in children ≥1yr,none,no_kg,llama3.1:8b,1,8,G,7,0.14285714285714285,0,0,0,1,,kg,insufficient,1.0,"The knowledge graph shows a link between Drug-6 and the insulin signaling pathway, but it is unclear how this relates to T1D onset prevention.",0.625,1.875
2,BRAF+ thyroid cancer,none,no_kg,llama3.1:8b,0,8,C,5,0.2,0,0,1,1,,prior,insufficient,2.0,"Based on pharmacological knowledge, Drug-8 may have some activity against BRAF+ thyroid cancer due to its effects on cell survival.",0.625,2.375
2,BRAF+ thyroid cancer,none,no_kg,llama3.1:8b,1,8,C,1,1.0,1,1,1,1,,both,consistent,5.0,"Drug-8 targets RAF1 and MEK, which are mechanistically linked to BRAF+ thyroid cancer through the MAPK signaling pathway.",0.625,2.25
2,Chronic kidney disease,none,no_kg,llama3.1:8b,0,8,D,8,0.125,0,0,0,1,,prior,insufficient,1.0,"Prior knowledge suggests potential for nephrotoxicity, limiting its suitability as a CKD treatment candidate",0.5,1.875
2,Chronic kidney disease,none,no_kg,llama3.1:8b,1,8,F,6,0.16666666666666666,0,0,0,1,,prior,insufficient,2.0,"No evidence from the knowledge graph, but its pharmacological properties suggest potential renal toxicity",0.75,2.5
2,IgG4-related disease,none,no_kg,llama3.1:8b,0,8,B,1,1.0,1,1,1,1,,both,consistent,5.0,"Drug-8's association with the IL6 pathway, implicated in IgG4-related disease, is supported by both the knowledge graph and prior understanding of inflammatory diseases.",0.75,1.875
2,IgG4-related disease,none,no_kg,llama3.1:8b,1,8,D,4,0.25,0,0,1,1,,kg,insufficient,2.0,"The knowledge graph shows a mechanistic link for Drug-8, but the evidence is indirect and not well-supported.",0.75,2.125
2,Oral tablet formulation for weight management,none,no_kg,llama3.1:8b,0,8,F,8,0.125,0,0,0,1,,kg,insufficient,1.0,The knowledge graph does not provide sufficient evidence to assess Drug-8's mechanistic plausibility for weight management.,0.75,2.75
2,Oral tablet formulation for weight management,none,no_kg,llama3.1:8b,1,8,A,4,0.25,0,0,1,1,,kg,conflicting,3.0,"KG evidence links it to a pathway associated with weight loss, but prior knowledge suggests off-target effects may be significant.",0.5,2.5
2,Follicular lymphoma,none,no_kg,llama3.1:8b,0,8,D,2,0.5,0,1,1,1,,kg,insufficient,3.0,The provided knowledge graph does not provide sufficient evidence to assess Drug-8's mechanistic plausibility for Follicular lymphoma.,0.625,3.0
2,Follicular lymphoma,none,no_kg,llama3.1:8b,1,8,A,2,0.5,0,1,1,1,,both,consistent,5.0,"KG evidence indicates Drug-8 targets BTK kinase inhibition pathway, relevant in follicular lymphoma; prior knowledge supports this mechanistic link",0.875,2.75
2,Palmoplantar pustulosis (PMDA),none,no_kg,llama3.1:8b,0,8,F,7,0.14285714285714285,0,0,0,1,,kg,insufficient,1.0,The provided KG does not offer clear associations between Drug-8 and the pathways involved in PMDA.,0.5,1.875
2,Palmoplantar pustulosis (PMDA),none,no_kg,llama3.1:8b,1,8,E,5,0.2,0,0,1,1,,kg,conflicting,1.0,"The knowledge graph evidence for Drug-8's mechanistic link to PMDA is conflicting and sparse, making it a less likely candidate.",0.75,2.25
2,Acquired hypothalamic obesity,none,no_kg,llama3.1:8b,0,8,E,4,0.25,0,0,1,1,,kg,conflicting,2.0,"The knowledge graph suggests Drug-6 targets SIRT1, but its role in obesity is unclear",0.75,2.125
2,Acquired hypothalamic obesity,none,no_kg,llama3.1:8b,1,8,B,1,1.0,1,1,1,1,,kg,consistent,4.0,"Strong association between Drug-6 and the Wnt signaling pathway, which is implicated in hypothalamic regulation.",0.75,1.875
2,Pheochromocytoma/paraganglioma,none,no_kg,llama3.1:8b,0,8,G,7,0.14285714285714285,0,0,0,1,,kg,insufficient,3.0,No clear link to pheochromocytoma/paraganglioma found in the knowledge graph for Drug-8.,0.875,3.0
2,Pheochromocytoma/paraganglioma,none,no_kg,llama3.1:8b,1,8,D,4,0.25,0,0,1,1,,kg,insufficient,2.0,"Drug-8 has a mechanistic link to DOID:0050771 via its association with the 'MAPK signaling pathway', but this evidence is not strongly supported by my prior knowledge.",0.75,2.375
2,IgE-mediated food allergy,none,no_kg,llama3.1:8b,0,8,G,7,0.14285714285714285,0,0,0,1,,prior,insufficient,4.0,"Based on general pharmacological principles, Drug-1 may affect IgE-mediated immune responses due to its immunomodulatory effects.",0.875,2.25
2,IgE-mediated food allergy,none,no_kg,llama3.1:8b,1,8,H,5,0.2,0,0,1,1,,kg,insufficient,1.0,The knowledge graph does not provide any relevant mechanistic links for Drug-1 in relation to IgE-mediated food allergy.,0.625,1.875
2,Advanced RCC after PD-1/PD-L1 + VEGF-TKI,none,no_kg,llama3.1:8b,0,8,H,7,0.14285714285714285,0,0,0,1,,kg,insufficient,3.0,No clear mechanistic link between Drug-8 and RCC after PD-1/PD-L1 + VEGF-TKI treatment is provided by the knowledge graph.,0.625,3.5
2,Advanced RCC after PD-1/PD-L1 + VEGF-TKI,none,no_kg,llama3.1:8b,1,8,G,7,0.14285714285714285,0,0,0,1,,prior,insufficient,1.0,There is limited evidence for Drug-8's effectiveness in treating Advanced RCC after PD-1/PD-L1 + VEGF-TKI.,0.625,1.875
2,COPD,none,no_kg,llama3.1:8b,0,8,B,1,1.0,1,1,1,1,,both,consistent,5.0,Drug-8 has a link to TNF-alpha pathway through STAT3 target (DOID:3083) and is used in inflammatory diseases.,0.75,3.25
2,COPD,none,no_kg,llama3.1:8b,1,8,G,6,0.16666666666666666,0,0,0,1,,kg,consistent,5.0,"Drug-8 is associated with the NF-κB pathway, which plays a significant role in inflammation and COPD pathogenesis.",0.625,2.625
2,mHSPC + ADT,none,no_kg,llama3.1:8b,0,8,H,8,0.125,0,0,0,1,,prior,insufficient,1.0,No mechanistic evidence or related annotations in KG; pharmacological mechanism is unrelated to mHSPC + ADT.,0.625,2.375
2,mHSPC + ADT,none,no_kg,llama3.1:8b,1,8,D,5,0.2,0,0,1,1,,kg,conflicting,2.0,The knowledge graph reports conflicting associations for Drug-8 with mHSPC + ADT.,0.5,2.125
2,COPD (EMA 2025),none,no_kg,llama3.1:8b,0,8,B,6,0.16666666666666666,0,0,0,1,,prior,insufficient,3.0,"Based on general pharmacological knowledge, Drug-8 has some potential as a bronchodilator, but its direct relevance to COPD is uncertain.",0.75,2.625
2,COPD (EMA 2025),none,no_kg,llama3.1:8b,1,8,C,4,0.25,0,0,1,1,,prior,insufficient,3.0,"Given its bronchodilatory effects, Drug-8 might be beneficial for COPD symptoms, but there's no specific evidence in the knowledge graph.",0.625,2.375
2,dMMR/MSI-H primary advanced endometrial cancer,none,no_kg,llama3.1:8b,0,8,E,2,0.5,0,1,1,1,,both,consistent,3.0,"Drug-8 has mechanistic links to the PI3K/AKT pathway, also relevant to this disease.",0.625,1.875
2,dMMR/MSI-H primary advanced endometrial cancer,none,no_kg,llama3.1:8b,1,8,G,7,0.14285714285714285,0,0,0,1,,kg,insufficient,1.0,There is no clear mechanistic link in the knowledge graph to support the use of Drug-8 for this disease.,0.75,2.75
2,Generalized myasthenia gravis,none,no_kg,llama3.1:8b,0,8,H,8,0.125,0,0,0,1,,kg,conflicting,1.0,"The knowledge graph indicates a conflicting pathway for Drug-8's potential action on the disease, making its mechanistic plausibility uncertain.",0.875,2.0
2,Generalized myasthenia gravis,none,no_kg,llama3.1:8b,1,8,E,7,0.14285714285714285,0,0,0,1,,prior,insufficient,2.0,"Some prior knowledge suggests it may be worth investigating, but no evidence from the knowledge graph is available.",0.75,2.125
2,Urothelial carcinoma (expanded population),none,no_kg,llama3.1:8b,0,8,E,4,0.25,0,0,1,1,,kg,insufficient,1.0,"There is limited evidence supporting Drug-8's mechanism, but it may be worth further investigation due to its unique target.",0.625,1.875
2,Urothelial carcinoma (expanded population),none,no_kg,llama3.1:8b,1,8,F,3,0.3333333333333333,0,1,1,1,,kg,insufficient,2.0,"There is a reported association between Drug-8 and a target involved in the MAPK signaling pathway, but no clear link to Urothelial carcinoma.",0.5,2.75
2,Crohn's disease,none,no_kg,llama3.1:8b,0,8,G,7,0.14285714285714285,0,0,0,1,,kg,insufficient,1.0,"Mechanistic link: Drug-8 -> Target -> Pathway -> Crohn's disease, but target not a known contributor",0.875,2.375
2,Crohn's disease,none,no_kg,llama3.1:8b,1,8,F,6,0.16666666666666666,0,0,0,1,,kg,insufficient,1.0,No mechanistic links or relevant annotations are found in the KG for Drug-8.,0.75,2.125
2,RAS wild-type HER2+ metastatic colorectal cancer,none,no_kg,llama3.1:8b,0,8,D,8,0.125,0,0,0,1,,kg,insufficient,1.0,The knowledge graph does not provide sufficient evidence for Drug-8's mechanistic plausibility in treating RAS wild-type HER2+ metastatic colorectal cancer.,0.875,2.625
2,RAS wild-type HER2+ metastatic colorectal cancer,none,no_kg,llama3.1:8b,1,8,A,4,0.25,0,0,1,1,,kg,insufficient,3.0,"KG link to PIK3CA mutation; however, the evidence is not specific to RAS wild-type HER2+ metastatic colorectal cancer.",0.75,3.0
2,Atopic dermatitis,none,no_kg,llama3.1:8b,0,8,A,7,0.14285714285714285,0,0,0,1,,prior,insufficient,1.0,"Its prior pharmacological profile as a corticosteroid suggests potential utility in atopic dermatitis, but no direct evidence was provided.",0.625,2.25
2,Atopic dermatitis,none,no_kg,llama3.1:8b,1,8,C,3,0.3333333333333333,0,1,1,1,,kg,insufficient,5.0,No direct evidence from the KG for Drug-7's relevance to atopic dermatitis; its pharmacological profile is unknown.,0.75,3.25
2,dMMR recurrent/advanced endometrial cancer,none,no_kg,llama3.1:8b,0,8,D,4,0.25,0,0,1,1,,kg,conflicting,2.0,"KG links show a conflicting role for Drug-8 with the MAPK pathway, which is relevant to endometrial cancer.",0.75,2.625
2,dMMR recurrent/advanced endometrial cancer,none,no_kg,llama3.1:8b,1,8,B,1,1.0,1,1,1,1,,both,consistent,4.0,"Drug-8 targets PI3K/AKT pathway, which is frequently altered in dMMR endometrial cancer.",0.75,1.875
2,Polymyalgia rheumatica,none,no_kg,llama3.1:8b,0,8,F,6,0.16666666666666666,0,0,0,1,,prior,conflicting,1.0,"Our prior knowledge suggests that Drug-8 may not be effective for polymyalgia rheumatica due to its mechanism of action, and the knowledge graph does not provide any information.",0.625,2.0
2,Polymyalgia rheumatica,none,no_kg,llama3.1:8b,1,8,B,5,0.2,0,0,1,1,,prior,insufficient,4.0,Drug-8 lacks direct evidence from the knowledge graph but has a mechanism that could potentially be beneficial for Polymyalgia rheumatica.,0.75,3.0
2,Metastatic colorectal cancer,none,no_kg,llama3.1:8b,0,8,F,6,0.16666666666666666,0,0,0,1,,kg,conflicting,2.0,"The KG shows a link between Drug-3 and the EGFR pathway, but my prior knowledge suggests that this may not be relevant for metastatic colorectal cancer treatment.",0.625,3.0
2,Metastatic colorectal cancer,none,no_kg,llama3.1:8b,1,8,F,2,0.5,0,1,1,1,,prior,insufficient,4.0,Has shown efficacy in other types of cancer with similar pathways involved,0.5,2.75
2,Ulcerative colitis,none,no_kg,llama3.1:8b,0,8,A,6,0.16666666666666666,0,0,0,1,,prior,insufficient,2.0,No relevant evidence; may have immunosuppressive effects but unclear relevance to ulcerative colitis,0.5,2.5
2,Ulcerative colitis,none,no_kg,llama3.1:8b,1,8,C,7,0.14285714285714285,0,0,0,1,,kg,insufficient,1.0,"The knowledge graph only mentions a general association between Drug-8 and 'inflammatory disorders', which is too vague to be of use.",0.75,1.875
2,MSI-H/dMMR solid tumors (full approval conversion),none,no_kg,llama3.1:8b,0,8,B,4,0.25,0,0,1,1,,kg,insufficient,2.0,No direct KG evidence provided for Drug-4.,0.75,2.625
2,MSI-H/dMMR solid tumors (full approval conversion),none,no_kg,llama3.1:8b,1,8,F,3,0.3333333333333333,0,1,1,1,,kg,consistent,3.0,"Drug-4 is linked to the WNT/β-catenin pathway, which has some evidence of involvement in MSI-H/dMMR tumors.",0.875,2.25
2,Schnitzler syndrome (Japan),none,no_kg,llama3.1:8b,0,8,D,7,0.14285714285714285,0,0,0,1,,prior,insufficient,1.0,"Given the lack of direct KG evidence and conflicting effects on IL-6 in other autoimmune diseases, Drug-6 is a less likely candidate.",0.75,2.25
2,Schnitzler syndrome (Japan),none,no_kg,llama3.1:8b,1,8,G,5,0.2,0,0,1,1,,kg,consistent,4.0,"Drug-7 is associated with the TNF-alpha pathway, which is implicated in the disease's inflammatory response.",0.75,3.0
2,HR+/HER2- metastatic breast cancer,none,no_kg,llama3.1:8b,0,8,B,5,0.2,0,0,1,1,,prior,insufficient,1.0,"Drug-7 is a CDK4/6 inhibitor, but there's no evidence linking it to HR+/HER2- metastatic breast cancer.",0.5,1.75
2,HR+/HER2- metastatic breast cancer,none,no_kg,llama3.1:8b,1,8,B,7,0.14285714285714285,0,0,0,1,,kg,conflicting,2.0,"Drug-7 targets PIK3CA and ERBB2, which is consistent with some pathways implicated in HR+/HER2- metastatic breast cancer, but the knowledge graph does not specify involvement.",0.75,2.0
2,Giant cell arteritis,none,no_kg,llama3.1:8b,0,8,C,2,0.5,0,1,1,1,,kg,consistent,3.0,Mechanistic link: Drug-8 -> TNF-alpha -> NF-kappa B pathway -> Giant cell arteritis,0.5,2.0
2,Giant cell arteritis,none,no_kg,llama3.1:8b,1,8,E,3,0.3333333333333333,0,1,1,1,,kg,consistent,2.0,"Drug-8 has mechanistic links to JAK/STAT signaling pathway (DOID:0060156), which is implicated in autoimmune diseases like giant cell arteritis, but the KG evidence is sparse.",0.5,1.875
2,Neoadj+adj HNSCC,none,no_kg,llama3.1:8b,0,8,F,4,0.25,0,0,1,1,,prior,insufficient,2.0,"Based on pharmacological knowledge, Drug-5 may have potential against Neoadj+adj HNSCC, but the evidence is limited.",0.75,2.25
2,Neoadj+adj HNSCC,none,no_kg,llama3.1:8b,1,8,C,4,0.25,0,0,1,1,,kg,conflicting,2.0,"The KG reports conflicting associations with a target and pathway linked to HNSCC; while this suggests Drug-5 could be relevant, the evidence is weak.",0.75,2.75
2,Psoriasis in children 6-11 (cream),none,no_kg,llama3.1:8b,0,8,D,2,0.5,0,1,1,1,,prior,insufficient,4.0,"Based on its pharmacological class, Drug-2 may have some anti-inflammatory effects, but no specific evidence is provided.",0.625,2.875
2,Psoriasis in children 6-11 (cream),none,no_kg,llama3.1:8b,1,8,A,7,0.14285714285714285,0,0,0,1,,kg,insufficient,1.0,The knowledge graph does not provide sufficient information to assess the mechanistic plausibility of Drug-2 for Psoriasis (DOID:8893).,0.75,1.75
2,dMMR/MSI-H primary advanced endometrial cancer (+chemo),none,no_kg,llama3.1:8b,0,8,A,7,0.14285714285714285,0,0,0,1,,kg,conflicting,3.0,"Drug-8 has a mechanistic link to a pathway related to dMMR/MSI-H primary advanced endometrial cancer, but this conflicts with prior knowledge suggesting its use is limited to other types of cancers.",1.0,3.0
2,dMMR/MSI-H primary advanced endometrial cancer (+chemo),none,no_kg,llama3.1:8b,1,8,D,6,0.16666666666666666,0,0,0,1,,prior,insufficient,1.0,"KG evidence is not available for Drug-8, and without further information, it's difficult to assess its mechanistic plausibility.",0.625,2.375
2,Primary immunodeficiency pediatric (EMA),none,no_kg,llama3.1:8b,0,8,E,5,0.2,0,0,1,1,,kg,conflicting,1.0,"The knowledge graph suggests Drug-1 is involved in the PI3K/AKT pathway, but my prior knowledge indicates it's more commonly associated with a different disease mechanism.",0.625,3.375
2,Primary immunodeficiency pediatric (EMA),none,no_kg,llama3.1:8b,1,8,D,1,1.0,1,1,1,1,,both,consistent,5.0,"Drug-1 targets JAK3, which is implicated in primary immunodeficiency diseases, and has a mechanistic link to the disease pathway.",0.75,2.625
2,HR+/HER2- breast cancer,none,no_kg,llama3.1:8b,0,8,D,7,0.14285714285714285,0,0,0,1,,prior,insufficient,1.0,"Lacking both evidence from the knowledge graph and strong pharmacological rationale, Drug-8 is a less likely candidate.",0.75,2.75
2,HR+/HER2- breast cancer,none,no_kg,llama3.1:8b,1,8,B,1,1.0,1,1,1,1,,both,consistent,4.0,Drug-8's association with estrogen receptor (ER) pathway suggests potential efficacy in HR+/HER2- breast cancer.,0.625,2.0
2,Ulcerative colitis,none,no_kg,llama3.1:8b,0,8,A,7,0.14285714285714285,0,0,0,1,,prior,insufficient,2.0,Drug-6's pharmacological profile is not directly related to Ulcerative Colitis.,0.625,2.375
2,Ulcerative colitis,none,no_kg,llama3.1:8b,1,8,B,1,1.0,1,1,1,1,,both,consistent,4.0,"Drug-6 has a direct link to the TNF-alpha pathway, which is implicated in Ulcerative colitis.",0.75,3.0
2,HER2-mutant NSCLC (PMDA),none,no_kg,llama3.1:8b,0,8,B,1,1.0,1,1,1,1,,both,consistent,4.0,Drug-8 has a mechanistic link through PI3K/AKT/mTOR pathway activation to HER2-mutant NSCLC.,0.5,2.75
2,HER2-mutant NSCLC (PMDA),none,no_kg,llama3.1:8b,1,8,C,4,0.25,0,0,1,1,,prior,insufficient,2.0,"Based on my pharmacological knowledge, Drug-8 has potential for treating HER2-mutant NSCLC, but KG provides no direct evidence.",0.75,2.125
2,Pediatric atopic dermatitis,none,no_kg,llama3.1:8b,0,8,D,6,0.16666666666666666,0,0,0,1,,prior,insufficient,5.0,"As a corticosteroid, Drug-8 has a well-established anti-inflammatory profile and is often used to treat atopic dermatitis; its mechanistic plausibility is high based on prior knowledge.",0.875,2.875
2,Pediatric atopic dermatitis,none,no_kg,llama3.1:8b,1,8,H,8,0.125,0,0,0,1,,kg,insufficient,1.0,No clear mechanistic link to atopic dermatitis; evidence is sparse and inconclusive.,0.625,2.625
2,HER2-mutant NSCLC (EMA),none,no_kg,llama3.1:8b,0,8,E,7,0.14285714285714285,0,0,0,1,,kg,insufficient,1.0,No clear mechanistic links provided for Drug-8,0.5,2.75
2,HER2-mutant NSCLC (EMA),none,no_kg,llama3.1:8b,1,8,F,6,0.16666666666666666,0,0,0,1,,prior,insufficient,2.0,"No mechanistic links provided, but its use in various cancers may suggest potential efficacy",0.75,2.625
2,IV formulation for rheumatic diseases (EMA),none,no_kg,llama3.1:8b,0,8,C,5,0.2,0,0,1,1,,kg,consistent,3.0,"Drug-7 targets JAK2, which is involved in rheumatic diseases",0.875,2.125
2,IV formulation for rheumatic diseases (EMA),none,no_kg,llama3.1:8b,1,8,B,3,0.3333333333333333,0,1,1,1,,kg,insufficient,2.0,"Drug-7's association with the Wnt signaling pathway doesn't directly link to rheumatic diseases; however, it may be indirectly relevant.",0.75,2.25
2,Resectable gastric/GEJ adenocarcinoma (neoadj+adj +FLOT),none,no_kg,llama3.1:8b,0,8,E,6,0.16666666666666666,0,0,0,1,,prior,insufficient,3.0,No mechanistic link to gastric cancer provided in the knowledge graph.,0.75,2.625
2,Resectable gastric/GEJ adenocarcinoma (neoadj+adj +FLOT),none,no_kg,llama3.1:8b,1,8,G,2,0.5,0,1,1,1,,kg,consistent,4.0,"Drug-7 has a link to PI3K/AKT pathway (involved in cancer cell survival), suggesting potential anti-tumor activity.",1.0,2.25
2,Antibody-mediated rejection in organ transplantation,none,no_kg,llama3.1:8b,0,8,B,2,0.5,0,1,1,1,,kg,consistent,4.0,Drug-1 is linked to CD20 (a target on B cells) -> PI3K/AKT pathway -> immune response,0.75,2.75
2,Antibody-mediated rejection in organ transplantation,none,no_kg,llama3.1:8b,1,8,E,7,0.14285714285714285,0,0,0,1,,kg,conflicting,2.0,"Drug-1 is linked to IL-6 signaling pathway via JAK/STAT signaling, which has some relevance for the disease but conflicts with other reported mechanistic links.",0.5,3.0
2,RET-fusion NSCLC (expanded),none,no_kg,llama3.1:8b,0,8,B,3,0.3333333333333333,0,1,1,1,,kg,insufficient,2.0,"Sparse KG evidence, but some mechanistic links involving target proteins; unclear relevance to RET-fusion NSCLC",0.875,2.5
2,RET-fusion NSCLC (expanded),none,no_kg,llama3.1:8b,1,8,A,5,0.2,0,0,1,1,,prior,insufficient,3.0,"Drug-8 has shown some activity against other types of cancer with similar genetic alterations; however, its specific efficacy in RET-fusion NSCLC is unknown.",0.75,2.5
2,EGPA,none,no_kg,llama3.1:8b,0,8,C,1,1.0,1,1,1,1,,kg,consistent,4.0,"Drug-1 targets IL6R, which is implicated in EGPA through its association with TH2 responses.",0.75,2.625
2,EGPA,none,no_kg,llama3.1:8b,1,8,G,4,0.25,0,0,1,1,,kg,insufficient,3.0,No evidence found in the knowledge graph.,0.75,3.0
2,HR+/HER2- metastatic breast cancer,none,no_kg,llama3.1:8b,0,8,G,7,0.14285714285714285,0,0,0,1,,prior,insufficient,1.0,Pharmacological knowledge does not strongly suggest efficacy in HR+/HER2- metastatic breast cancer; no evidence from KG,0.375,2.375
2,HR+/HER2- metastatic breast cancer,none,no_kg,llama3.1:8b,1,8,G,6,0.16666666666666666,0,0,0,1,,prior,insufficient,1.0,No information is provided linking Drug-8 to the disease or a relevant pathway.,0.5,2.375
2,Primary humoral immunodeficiency pediatric 2-11yr,none,no_kg,llama3.1:8b,0,8,G,7,0.14285714285714285,0,0,0,1,,kg,insufficient,1.0,No evidence provided for Drug-1's association with Primary humoral immunodeficiency pediatric 2-11yr.,0.875,3.0
2,Primary humoral immunodeficiency pediatric 2-11yr,none,no_kg,llama3.1:8b,1,8,A,3,0.3333333333333333,0,1,1,1,,both,consistent,4.0,"Drug-1 is a PI3K inhibitor with evidence supporting its mechanistic link to immune response regulation, consistent with prior knowledge on PI3K's role in B-cell development.",0.375,2.625
2,Pediatric glioma (EMA),none,no_kg,llama3.1:8b,0,8,C,2,0.5,0,1,1,1,,both,consistent,3.0,Drug-3 is linked to EGFR (another target in pediatric glioma) via the MAPK/ERK pathway.,0.75,2.25
2,Pediatric glioma (EMA),none,no_kg,llama3.1:8b,1,8,C,5,0.2,0,0,1,1,,kg,insufficient,2.0,The knowledge graph shows a link to Drug-3 without specifying involvement in Pediatric glioma or providing clear evidence for its mechanism.,0.75,2.5
2,Juvenile idiopathic arthritis (EMA Feb 2026),none,no_kg,llama3.1:8b,0,8,C,7,0.14285714285714285,0,0,0,1,,prior,conflicting,1.0,"Based on pharmacological knowledge, Drug-8 is unlikely to be effective for Juvenile idiopathic arthritis due to its mechanism of action.",0.625,2.375
2,Juvenile idiopathic arthritis (EMA Feb 2026),none,no_kg,llama3.1:8b,1,8,C,7,0.14285714285714285,0,0,0,1,,kg,insufficient,1.0,"The knowledge graph mentions Drug-8's association with the mTOR pathway, but this doesn't directly relate to JIA.",0.625,2.75
2,Ph+ CML-CP after 2+ TKIs,none,no_kg,llama3.1:8b,0,8,B,4,0.25,0,0,1,1,,both,conflicting,2.0,"Drug-8 has a mechanistic link to BCR-ABL1 pathway involvement, but the knowledge graph also indicates a conflicting effect on JAK/STAT pathway.",0.75,1.875
2,Ph+ CML-CP after 2+ TKIs,none,no_kg,llama3.1:8b,1,8,G,2,0.5,0,1,1,1,,prior,insufficient,3.0,"Based on prior knowledge, Drug-8 has shown efficacy in treating CML-CP, but no direct mechanistic link to the disease was found in the KG.",0.5,1.875
2,KRAS G12C+ mCRC,none,no_kg,llama3.1:8b,0,8,G,8,0.125,0,0,0,1,,kg,insufficient,1.0,There is no evidence in the knowledge graph supporting a mechanistic link between Drug-7 and KRAS G12C+ mCRC.,0.875,2.625
2,KRAS G12C+ mCRC,none,no_kg,llama3.1:8b,1,8,H,7,0.14285714285714285,0,0,0,1,,kg,insufficient,2.0,Drug-8 has very limited and indirect evidence in the knowledge graph for KRAS G12C+ mCRC,0.75,2.625
2,HR+/HER2- early breast cancer (adjuvant),none,no_kg,llama3.1:8b,0,8,A,5,0.2,0,0,1,1,,kg,conflicting,4.0,"KG reports association with PIK3CA, but conflicting evidence on Drug-6's role in HR+/HER2- breast cancer.",0.75,3.875
2,HR+/HER2- early breast cancer (adjuvant),none,no_kg,llama3.1:8b,1,8,H,8,0.125,0,0,0,1,,kg,insufficient,1.0,KG evidence for Drug-6's involvement in HR+/HER2- early breast cancer is limited and inconclusive.,0.75,2.5
2,First-line anemia in lower-risk MDS,none,no_kg,llama3.1:8b,0,8,D,2,0.5,0,1,1,1,,both,consistent,4.0,"Drug-7 is associated with a target (DOID:0050473) that has been implicated in MDS, but the knowledge graph does not provide direct evidence of its activity against this disease.",0.75,2.25
2,First-line anemia in lower-risk MDS,none,no_kg,llama3.1:8b,1,8,G,5,0.2,0,0,1,1,,kg,insufficient,1.0,"The KG has sparse evidence for Drug-7, making it difficult to assess its mechanistic plausibility.",0.5,2.0
2,Follicular lymphoma (+obinutuzumab),none,no_kg,llama3.1:8b,0,8,C,2,0.5,0,1,1,1,,kg,insufficient,4.0,"While the knowledge graph indicates an association (Drug-8 -> mTOR pathway), it is unclear how relevant this is to Follicular lymphoma.",0.75,2.625
2,Follicular lymphoma (+obinutuzumab),none,no_kg,llama3.1:8b,1,8,B,5,0.2,0,0,1,1,,kg,conflicting,2.0,"KG links target JAK/STAT pathway (relevant), but conflicting with prior knowledge on efficacy in lymphomas.",0.75,2.75
2,1L biliary tract cancer (+gemcitabine+cisplatin),none,no_kg,llama3.1:8b,0,8,B,6,0.16666666666666666,0,0,0,1,,prior,insufficient,3.0,"Based on my knowledge of pharmacology and the lack of KG evidence, Drug-6 has some potential as an apoptosis inducer.",0.75,2.5
2,1L biliary tract cancer (+gemcitabine+cisplatin),none,no_kg,llama3.1:8b,1,8,C,5,0.2,0,0,1,1,,prior,insufficient,4.0,"Based on my pharmacological knowledge, Drug-6 has potential as a treatment for biliary tract cancer due to its mechanism of action targeting cell cycle progression.",0.875,2.5
2,"ALK+ solid tumors (tissue-agnostic, world-first)",none,no_kg,llama3.1:8b,0,8,D,4,0.25,0,0,1,1,,kg,conflicting,2.0,"The knowledge graph lists Drug-8 as a potential inhibitor of the PI3K/AKT pathway, but this is not directly relevant to ALK+ solid tumors.",0.625,2.875
2,"ALK+ solid tumors (tissue-agnostic, world-first)",none,no_kg,llama3.1:8b,1,8,G,7,0.14285714285714285,0,0,0,1,,prior,insufficient,2.0,"Based on my pharmacological knowledge, Drug-8 has a mechanism of action that may be relevant to ALK+ solid tumors.",0.625,2.625
2,Pediatric BRAF V600E low-grade glioma,none,no_kg,llama3.1:8b,0,8,F,7,0.14285714285714285,0,0,0,1,,prior,conflicting,2.0,"Drug-5 is a PI3K inhibitor with some evidence against BRAF V600E mutations, but this is not consistently reported in the knowledge graph.",0.625,2.375
2,Pediatric BRAF V600E low-grade glioma,none,no_kg,llama3.1:8b,1,8,H,7,0.14285714285714285,0,0,0,1,,prior,insufficient,1.0,There is no clear mechanistic link between Drug-5 and the MAPK pathway in BRAF V600E low-grade glioma.,0.625,2.25
2,Platinum-resistant ovarian carcinoma (PD-L1+ CPS≥1),none,no_kg,llama3.1:8b,0,8,B,1,1.0,1,1,1,1,,both,consistent,5.0,Both the knowledge graph evidence (Drug-8 -> Target) and my pharmacological understanding support this compound's potential for treating Platinum-resistant ovarian carcinoma (PD-L1+ CPS≥1).,0.625,2.75
2,Platinum-resistant ovarian carcinoma (PD-L1+ CPS≥1),none,no_kg,llama3.1:8b,1,8,D,3,0.3333333333333333,0,1,1,1,,prior,insufficient,3.0,"No knowledge-graph evidence available, but as a known inhibitor of CDK2, it may be relevant to ovarian carcinoma.",0.625,2.75
2,Ph+ CML-CP frontline (EMA Feb 2026),none,no_kg,llama3.1:8b,0,8,A,2,0.5,0,1,1,1,,kg,consistent,3.0,"Drug-8 has a mechanistic link to target JAK2, which is involved in the disease pathway, but evidence agreement is insufficient for direct targeting of BCR-ABL.",0.75,2.625
2,Ph+ CML-CP frontline (EMA Feb 2026),none,no_kg,llama3.1:8b,1,8,E,4,0.25,0,0,1,1,,prior,insufficient,2.0,Relying on general pharmacological understanding; no knowledge graph evidence available for Drug-8.,0.625,2.875
2,Gastric/GEJ adenocarcinoma,none,no_kg,llama3.1:8b,0,8,A,7,0.14285714285714285,0,0,0,1,,kg,insufficient,5.0,Drug-8's association with gastric cancer is uncertain due to a lack of direct evidence in the KG.,0.625,3.375
2,Gastric/GEJ adenocarcinoma,none,no_kg,llama3.1:8b,1,8,E,2,0.5,0,1,1,1,,prior,insufficient,3.0,"Based on our prior knowledge of its mechanism of action, Drug-8 has potential as an anti-cancer agent.",0.625,2.0
2,Chronic lymphocytic leukemia,none,no_kg,llama3.1:8b,0,8,B,5,0.2,0,0,1,1,,kg,conflicting,2.0,"While the KG reports a link to JNK pathway, which is involved in CLL pathogenesis, its association with apoptosis regulation may reduce efficacy.",0.7142857142857143,3.0
2,Chronic lymphocytic leukemia,none,no_kg,llama3.1:8b,1,8,F,3,0.3333333333333333,0,1,1,1,,kg,consistent,5.0,"Drug-8 is associated with the JAK/STAT pathway, which is involved in CLL",0.5,3.875
2,HER2+ early-stage BC (neoadjuvant + adjuvant),none,no_kg,llama3.1:8b,0,8,B,1,1.0,1,1,1,1,,kg,consistent,5.0,Drug-8 -> PI3K/AKT pathway -> cancer cell proliferation; relevant to HER2+ early-stage BC,0.625,2.875
2,HER2+ early-stage BC (neoadjuvant + adjuvant),none,no_kg,llama3.1:8b,1,8,E,5,0.2,0,0,1,1,,prior,insufficient,1.0,No relevant evidence or knowledge,0.625,3.25
2,HR+/HER2-low breast cancer,none,no_kg,llama3.1:8b,0,8,D,6,0.16666666666666666,0,0,0,1,,kg,insufficient,1.0,Limited mechanistic link: Drug-8 -> EGFR (target) -> MAPK pathway -> various cancers; evidence is sparse,0.625,2.875
2,HR+/HER2-low breast cancer,none,no_kg,llama3.1:8b,1,8,D,5,0.2,0,0,1,1,,prior,insufficient,1.0,"Based on general pharmacological knowledge, I have no clear evidence or rationale for Drug-8's efficacy against HR+/HER2-low breast cancer.",0.75,1.875
2,"Pediatric low-grade glioma (+dabrafenib, BRAF V600E)",none,no_kg,llama3.1:8b,0,8,D,3,0.3333333333333333,0,1,1,1,,prior,insufficient,4.0,Prior use and mechanism of action suggest potential utility against BRAF V600E mutations but no explicit link is provided.,0.625,2.75
2,"Pediatric low-grade glioma (+dabrafenib, BRAF V600E)",none,no_kg,llama3.1:8b,1,8,G,3,0.3333333333333333,0,1,1,1,,kg,consistent,5.0,"Drug-7 is linked to BRAF V600E mutation via MEK/ERK pathway, implicated in Pediatric low-grade glioma.",0.75,2.625
2,Unresectable thymic carcinoma (PMDA),none,no_kg,llama3.1:8b,0,8,H,8,0.125,0,0,0,1,,kg,insufficient,1.0,No direct evidence or clear mechanistic link from the knowledge graph for Drug-7.,0.875,2.25
2,Unresectable thymic carcinoma (PMDA),none,no_kg,llama3.1:8b,1,8,A,8,0.125,0,0,0,1,,kg,insufficient,5.0,No direct evidence from the knowledge graph.,0.75,3.75
2,BRAF+ thyroid cancer,none,no_kg,llama3.1:8b,0,8,F,7,0.14285714285714285,0,0,0,1,,prior,conflicting,1.0,The known pharmacological properties of Drug-7 suggest it's unlikely to inhibit BRAF or related pathways directly.,0.625,1.75
2,BRAF+ thyroid cancer,none,no_kg,llama3.1:8b,1,8,B,1,1.0,1,1,1,1,,both,consistent,5.0,"Drug-7 directly inhibits BRAF, a key driver in thyroid cancer",0.625,3.0
2,IDH1-mutated relapsed/refractory MDS,none,no_kg,llama3.1:8b,0,8,H,8,0.125,0,0,0,1,,prior,insufficient,1.0,"Without any relevant mechanistic links or pharmacological properties, Drug-8 is the least plausible candidate based on current evidence.",0.625,2.5
2,IDH1-mutated relapsed/refractory MDS,none,no_kg,llama3.1:8b,1,8,G,7,0.14285714285714285,0,0,0,1,,kg,conflicting,3.0,"Knowledge graph shows association with a contradictory pathway (JAK/STAT), but this may not be relevant for MDS",0.75,3.125
2,Biliary tract cancer,none,no_kg,llama3.1:8b,0,8,B,5,0.2,0,0,1,1,,prior,conflicting,4.0,"My pharmacological knowledge suggests that Drug-8 could be a good candidate due to its off-target effects, but the knowledge graph does not support this.",0.75,2.25
2,Biliary tract cancer,none,no_kg,llama3.1:8b,1,8,F,6,0.16666666666666666,0,0,0,1,,kg,insufficient,5.0,,0.75,3.25
2,"mCRC BRAF V600E (traditional approval, was accelerated)",none,no_kg,llama3.1:8b,0,8,F,6,0.16666666666666666,0,0,0,1,,kg,conflicting,1.0,KG evidence is contradictory; my prior knowledge cannot resolve the discrepancy,0.5,1.875
2,"mCRC BRAF V600E (traditional approval, was accelerated)",none,no_kg,llama3.1:8b,1,8,D,1,1.0,1,1,1,1,,both,consistent,5.0,Strong mechanistic link through MEK/ERK pathway inhibition.,0.625,2.375
2,Gastric/GEJ adenocarcinoma (1L +chemo),none,no_kg,llama3.1:8b,0,8,C,5,0.2,0,0,1,1,,kg,insufficient,2.0,Insufficient evidence to judge Drug-6's mechanistic plausibility for gastric/GEJ adenocarcinoma.,0.75,2.25
2,Gastric/GEJ adenocarcinoma (1L +chemo),none,no_kg,llama3.1:8b,1,8,H,8,0.125,0,0,0,1,,prior,insufficient,1.0,Pharmacological knowledge suggests Drug-6's mechanism may not directly target the underlying pathways implicated in gastric cancer.,0.625,1.875
2,Chorea associated with Huntington's disease,primekg,kg,llama3.1:8b,0,8,A,4,0.25,0,0,1,1,,kg,insufficient,2.0,The targets (CYP3A5/4 and CYP2D6) of Drug-8 are more related to drug metabolism than the pathophysiology of Chorea associated with Huntington's disease.,0.875,1.875
2,Chorea associated with Huntington's disease,primekg,kg,llama3.1:8b,1,8,E,4,0.25,0,0,1,1,,kg,insufficient,2.0,CYP3A5 and CYP2D6 targets are not directly related to chorea associated with Huntington's disease; CYP3A4 is a weak connection.,0.625,2.125
2,Chronic thromboembolic pulmonary hypertension,primekg,kg,llama3.1:8b,0,8,B,3,0.3333333333333333,0,1,1,1,,kg,insufficient,2.0,"The knowledge graph associates Drug-7 with F10 and ABCB1; however, there's no clear link to TBX4 or other disease-relevant genes.",1.0,1.875
2,Chronic thromboembolic pulmonary hypertension,primekg,kg,llama3.1:8b,1,8,C,5,0.2,0,0,1,1,,prior,insufficient,3.0,"Drug-7 targets F10 and ABCB1, but these associations do not strongly connect to the disease's underlying biology.",0.5,2.625
2,Indolent systemic mastocytosis,primekg,kg,llama3.1:8b,0,8,G,1,1.0,1,1,1,1,,both,consistent,5.0,"Drug-8 targets KIT, a gene associated with ISM in the KG and crucial for mast cell survival.",0.5,2.5
2,Indolent systemic mastocytosis,primekg,kg,llama3.1:8b,1,8,H,1,1.0,1,1,1,1,,both,consistent,5.0,"Drug-8 targets KIT, a gene associated with Indolent systemic mastocytosis.",0.5,2.625
2,EGPA (expanded),primekg,kg,llama3.1:8b,0,8,D,3,0.3333333333333333,0,1,1,1,,both,consistent,3.0,"Drug-8 targets IL5RA, which is associated with EGPA; however, its target profile is relatively narrow compared to other candidates.",0.75,2.125
2,EGPA (expanded),primekg,kg,llama3.1:8b,1,8,A,1,1.0,1,1,1,1,,both,consistent,4.0,"Drug-8 targets IL5RA, which is associated with EGPA, and FCGR3A, related to anti-neutrophil antibody associated vasculitis.",0.75,2.125
2,Invasive fungal infections pediatric ≥2yr,primekg,kg,llama3.1:8b,0,8,F,7,0.14285714285714285,0,0,0,1,,kg,conflicting,2.0,"Drug-4 targets ABCB1 and CYP3A4, which may be involved in fungal infections, but the connections are indirect.",0.5,2.0
2,Invasive fungal infections pediatric ≥2yr,primekg,kg,llama3.1:8b,1,8,F,7,0.14285714285714285,0,0,0,1,,kg,conflicting,1.0,"Drug-4's targets include CYP3A4, which has some connection to disease biology but is not directly relevant.",0.5,2.25
2,PKU expanded to ≥12yr,primekg,kg,llama3.1:8b,0,8,G,3,0.3333333333333333,0,1,1,1,,prior,insufficient,4.0,"Drug-6 targets CYP2C9 and CYP3A4, which are involved in metabolizing amino acids.",0.375,3.125
2,PKU expanded to ≥12yr,primekg,kg,llama3.1:8b,1,8,D,4,0.25,0,0,1,1,,prior,insufficient,2.0,No clear association between Drug-8's targets and PKU pathophysiology,0.625,1.875
2,Nephrotic syndrome,primekg,kg,llama3.1:8b,0,8,D,2,0.5,0,1,1,1,,prior,insufficient,4.0,MS4A1 is a receptor involved in immune responses; targeting it might affect kidney function or inflammation related to nephrotic syndrome.,0.625,2.25
2,Nephrotic syndrome,primekg,kg,llama3.1:8b,1,8,H,7,0.14285714285714285,0,0,0,1,,prior,insufficient,1.0,No clear link between Drug-1's target MS4A1 and nephrotic syndrome,0.75,2.5
2,HR+/HER2- node-positive high-risk early breast cancer,primekg,kg,llama3.1:8b,0,8,D,1,1.0,1,1,1,1,,both,consistent,4.0,Drug-7's targets of SLC47A2 and ORM1 are associated with genes (NORAD) related to the disease,0.5714285714285714,2.5714285714285716
2,HR+/HER2- node-positive high-risk early breast cancer,primekg,kg,llama3.1:8b,1,8,C,5,0.2,0,0,1,1,,prior,insufficient,3.0,"Drug-7 targets CDK6 and CYP2B6, which are involved in cell cycle regulation and drug metabolism, respectively.",0.625,2.75
2,Retinopathy of prematurity,primekg,kg,llama3.1:8b,0,8,E,1,1.0,1,1,1,1,,both,consistent,4.0,"Drug-7 targets VEGF family members, which are associated with retinopathy of prematurity.",0.5,1.875
2,Retinopathy of prematurity,primekg,kg,llama3.1:8b,1,8,A,1,1.0,1,1,1,1,,both,consistent,5.0,"Drug-7 targets VEGFA, which is associated with Retinopathy of Prematurity in the KG and known to be involved in angiogenesis.",0.75,3.375
2,Agitation associated with Alzheimer's dementia,primekg,kg,llama3.1:8b,0,8,B,7,0.14285714285714285,0,0,0,1,,kg,conflicting,2.0,"Drug-6 targets ADRA1B and HTR2A, which are associated with other neurological disorders, but not directly related to Agitation associated with Alzheimer's dementia.",0.75,2.625
2,Agitation associated with Alzheimer's dementia,primekg,kg,llama3.1:8b,1,8,F,3,0.3333333333333333,0,1,1,1,,both,insufficient,2.0,"While Drug-6 targets CYP2D6 and CYP3A4, there is limited information on its direct involvement in Alzheimer's disease mechanisms.",0.75,3.5
2,LDL-C elevation in statin-intolerant dyslipidemia,primekg,kg,llama3.1:8b,0,8,H,7,0.14285714285714285,0,0,0,1,,prior,insufficient,1.0,No information available for this drug,0.5714285714285714,2.0
2,LDL-C elevation in statin-intolerant dyslipidemia,primekg,kg,llama3.1:8b,1,8,F,8,0.125,0,0,0,1,,kg,insufficient,1.0,No clear mechanism linking Drug-8 to LDL-C elevation in statin-intolerant dyslipidemia was found,0.75,2.125
2,First-line anemia in lower-risk MDS,primekg,kg,llama3.1:8b,0,8,E,5,0.2,0,0,1,1,,kg,insufficient,1.0,"No relevant evidence was found in the knowledge graph for Drug-8, making its mechanistic plausibility uncertain.",0.75,2.25
2,First-line anemia in lower-risk MDS,primekg,kg,llama3.1:8b,1,8,A,5,0.2,0,0,1,1,,prior,insufficient,1.0,No direct mechanistic link to first-line anemia in lower-risk MDS is apparent.,0.75,2.25
2,"Crohn's disease (moderate-severe, refractory)",primekg,kg,llama3.1:8b,0,8,H,2,0.5,0,1,1,1,,prior,insufficient,3.0,IL23A inhibition could be beneficial for Crohn's disease given its involvement in inflammatory pathways.,0.625,1.875
2,"Crohn's disease (moderate-severe, refractory)",primekg,kg,llama3.1:8b,1,8,B,2,0.5,0,1,1,1,,kg,consistent,4.0,"Drug-7 targets IL23A, which is related to Crohn's disease through gene IL23R in the knowledge graph.",0.5,2.75
2,COVID-19 in severe renal impairment/dialysis,primekg,kg,llama3.1:8b,0,8,F,5,0.2,0,0,1,1,,kg,insufficient,2.0,"Drug-8 has multiple targets, but none are directly related to COVID-19 in severe renal impairment/dialysis.",1.0,2.375
2,COVID-19 in severe renal impairment/dialysis,primekg,kg,llama3.1:8b,1,8,F,3,0.3333333333333333,0,1,1,1,,kg,consistent,3.0,"Drug-8 targets SLCO1B3 and CYP2C8, but the KG evidence does not strongly connect these to COVID-19 in severe renal impairment/dialysis.",0.75,2.125
2,MASH with fibrosis,primekg,kg,llama3.1:8b,0,8,B,6,0.16666666666666666,0,0,0,1,,kg,conflicting,2.0,"Drug-8 targets various enzymes and receptors (AMY1C, GLP1R) that could be related to metabolic processes or diabetes, but its link to MASH with fibrosis is unclear and conflicts with the knowledge graph's emphasis on liver disease.",0.625,2.375
2,MASH with fibrosis,primekg,kg,llama3.1:8b,1,8,D,1,1.0,1,1,1,1,,both,consistent,4.0,Drug-8 targets genes involved in lipid metabolism (LPL) and liver function (ALB).,0.625,2.0
2,Pancreatic NET,primekg,kg,llama3.1:8b,0,8,E,1,1.0,1,1,1,1,,both,consistent,4.0,"Drug-8 targets RET, a known driver of pancreatic NET.",0.875,2.25
2,Pancreatic NET,primekg,kg,llama3.1:8b,1,8,E,1,1.0,1,1,1,1,,both,consistent,4.0,"Strong association with RET, a known NET driver.",0.875,1.875
2,Retinal vein occlusion,primekg,kg,llama3.1:8b,0,8,A,1,1.0,1,1,1,1,,both,consistent,4.0,"Drug-8 targets VEGFA, which is directly associated with the disease in the knowledge graph.",1.0,1.875
2,Retinal vein occlusion,primekg,kg,llama3.1:8b,1,8,F,1,1.0,1,1,1,1,,kg,consistent,5.0,"Drug-8 targets VEGFA, a key gene associated with the disease.",0.625,2.375
2,Cerebral folate transport deficiency,primekg,kg,llama3.1:8b,0,8,G,1,1.0,1,1,1,1,,kg,consistent,5.0,"Drug-6 targets ALPG, which is involved in folate metabolism.",0.625,3.0
2,Cerebral folate transport deficiency,primekg,kg,llama3.1:8b,1,8,H,1,1.0,1,1,1,1,,both,consistent,5.0,"Drug-1's targets overlap with those of leucovorin, a known treatment for cerebral folate transport deficiency.",0.5,2.25
2,ILD-associated pulmonary hypertension,primekg,kg,llama3.1:8b,0,8,G,1,1.0,1,1,1,1,,both,consistent,4.0,"Drug-3 targets PTGIR, which is involved in the regulation of prostaglandins, and ILD-associated pulmonary hypertension is related to chronic pulmonary heart disease.",0.875,3.0
2,ILD-associated pulmonary hypertension,primekg,kg,llama3.1:8b,1,8,H,6,0.16666666666666666,0,0,0,1,,both,conflicting,4.0,"The KG reports PTGIR as a target, which might be relevant due to its involvement in prostaglandin signaling. However, CYP2C9's direct relevance is unclear.",0.75,2.25
2,Indolent systemic mastocytosis (EMA),primekg,kg,llama3.1:8b,0,8,B,1,1.0,1,1,1,1,,both,consistent,4.0,"Drug-8 targets KIT, which is associated with Indolent systemic mastocytosis (EMA) in the disease profile.",0.125,2.375
2,Indolent systemic mastocytosis (EMA),primekg,kg,llama3.1:8b,1,8,D,1,1.0,1,1,1,1,,both,consistent,4.0,"Drug-8 targets KIT, a gene associated with indolent systemic mastocytosis.",0.5,1.625
2,CRSwNP (eosinophilic chronic rhinosinusitis with nasal polyps),primekg,kg,llama3.1:8b,0,8,D,1,1.0,1,1,1,1,,kg,consistent,5.0,"Unfortunately, Drug-D is not provided in the candidates list.",0.875,3.25
2,CRSwNP (eosinophilic chronic rhinosinusitis with nasal polyps),primekg,kg,llama3.1:8b,1,8,D,4,0.25,0,0,1,1,,prior,insufficient,2.0,No relevant evidence was provided for Drug-8.,0.5714285714285714,3.0
2,Chronic hepatitis B (pediatric),primekg,kg,llama3.1:8b,0,8,D,2,0.5,0,1,1,1,,both,consistent,3.0,"Drug-8 targets SLC22A8, which is involved in the transport of bile acids; while evidence from other targets is sparse or conflicting with my knowledge, this one shows mechanistic plausibility.",0.25,1.875
2,Chronic hepatitis B (pediatric),primekg,kg,llama3.1:8b,1,8,G,6,0.16666666666666666,0,0,0,1,,kg,conflicting,3.0,"The targets of Drug-8 (CES1, SLCO1B3) are involved in metabolism, but the other targets (AK1, NME2) seem unrelated to chronic hepatitis B",0.625,2.625
2,HoFH in children,primekg,kg,llama3.1:8b,0,8,A,4,0.25,0,0,1,1,,prior,insufficient,3.0,"Potential off-target effects on CYP2D6 and ABCB1, but no direct connection to HoFH-related genes or pathways.",0.5,2.375
2,HoFH in children,primekg,kg,llama3.1:8b,1,8,E,5,0.2,0,0,1,1,,kg,insufficient,1.0,No relevant targets are reported for Drug-8; its pharmacological properties would need to be investigated before determining mechanistic plausibility.,0.875,1.875
2,Biliary tract cancer 1L,primekg,kg,llama3.1:8b,0,8,F,2,0.5,0,1,1,1,,both,consistent,3.0,"Drug-8 targets CD274, a protein involved in immune regulation, which could be relevant to cancer treatment.",0.875,2.5
2,Biliary tract cancer 1L,primekg,kg,llama3.1:8b,1,8,H,1,1.0,1,1,1,1,,prior,insufficient,5.0,Its target CD274 has implications for cancer progression.,0.5,2.875
2,Diabetic retinopathy/DME (EMA Mar+May 2026),primekg,kg,llama3.1:8b,0,8,F,1,1.0,1,1,1,1,,both,consistent,4.0,"Drug-8 targets VEGFA, which is associated with angiogenesis and vascular permeability in diabetic retinopathy/DME.",0.875,2.625
2,Diabetic retinopathy/DME (EMA Mar+May 2026),primekg,kg,llama3.1:8b,1,8,D,1,1.0,1,1,1,1,,both,consistent,4.0,"Drug-8 targets VEGFA, which is associated with retinal vascular disease and angiogenesis in diabetic retinopathy/DME.",0.75,2.0
2,Spinal muscular atrophy (pediatric expansion),primekg,kg,llama3.1:8b,0,8,D,2,0.5,0,1,1,1,,kg,insufficient,4.0,"The targets of Drug-8 are primarily involved in drug metabolism and transport; while there is no direct evidence linking these to spinal muscular atrophy, it may be worth investigating further.",0.875,2.625
2,Spinal muscular atrophy (pediatric expansion),primekg,kg,llama3.1:8b,1,8,A,2,0.5,0,1,1,1,,kg,insufficient,2.0,"The knowledge graph links Drug-8 to various targets, but none are directly related to spinal muscular atrophy; however, SLC47A2 is involved in transport of neurotransmitters.",0.625,2.75
2,High LDL-C with increased CV risk (expanded),primekg,kg,llama3.1:8b,0,8,A,1,1.0,1,1,1,1,,both,consistent,5.0,"Drug-8 targets PCSK9, which is associated with High LDL-C with increased CV risk (expanded) in the knowledge graph and has a known role in lipid metabolism.",0.25,2.125
2,High LDL-C with increased CV risk (expanded),primekg,kg,llama3.1:8b,1,8,B,1,1.0,1,1,1,1,,both,consistent,5.0,Targeting PCSK9 is a well-established mechanism for lowering LDL cholesterol,0.625,2.375
2,Polycythaemia vera and essential thrombocytopenia,primekg,kg,llama3.1:8b,0,8,A,1,1.0,1,1,1,1,,both,consistent,4.0,"Drug-1 targets IFNAR1 and IFNAR2, which are relevant to the IFNA2 gene associated with Polycythaemia vera and essential thrombocytopenia.",0.875,1.75
2,Polycythaemia vera and essential thrombocytopenia,primekg,kg,llama3.1:8b,1,8,D,1,1.0,1,1,1,1,,prior,insufficient,5.0,"Drug-1 targets IFNAR1 and IFNAR2, which are related to interferon signaling, a pathway potentially relevant to polycythemia vera and essential thrombocytopenia.",0.625,2.875
2,Hidradenitis suppurativa,primekg,kg,llama3.1:8b,0,8,C,1,1.0,1,1,1,1,,kg,consistent,4.0,"Drug-6 targets IL17A, which is involved in inflammatory responses, and Hidradenitis suppurativa has an inflammatory component.",1.0,2.375
2,Hidradenitis suppurativa,primekg,kg,llama3.1:8b,1,8,B,1,1.0,1,1,1,1,,both,consistent,4.0,"Drug-6 targets IL17A, which is a key cytokine in inflammatory diseases like HS.",0.875,2.0
2,Acute HCV pediatric,primekg,kg,llama3.1:8b,0,8,C,5,0.2,0,0,1,1,,kg,insufficient,1.0,Lacks clear links to PPP4R3C or other genes linked to Acute HCV pediatric.,0.5,1.5
2,Acute HCV pediatric,primekg,kg,llama3.1:8b,1,8,D,2,0.5,0,1,1,1,,prior,insufficient,3.0,"No direct evidence links Drug-8 to Acute HCV pediatric targets; however, its metabolic enzyme targets suggest potential for interaction.",0.875,2.5
2,CKD in T2D,primekg,kg,llama3.1:8b,0,8,B,2,0.5,0,1,1,1,,both,consistent,3.0,"Drug-8 targets GLP1R, which is related to kidney function and has some mechanistic link to CKD in T2D through the knowledge graph.",0.75,3.875
2,CKD in T2D,primekg,kg,llama3.1:8b,1,8,D,2,0.5,0,1,1,1,,both,consistent,4.0,"Drug-8 targets GLP1R and DPP4, which are involved in glucose regulation relevant to T2D.",0.5,2.25
2,BRAF V600E metastatic NSCLC,primekg,kg,llama3.1:8b,0,8,B,1,1.0,1,1,1,1,,both,consistent,4.0,"Drug-7 targets BRAF, which is the driver mutation in this disease, and has also been shown to target CCND1, a gene involved in cell cycle regulation.",0.875,1.75
2,BRAF V600E metastatic NSCLC,primekg,kg,llama3.1:8b,1,8,A,1,1.0,1,1,1,1,,both,consistent,5.0,"Drug-7 targets BRAF, which is the mutation driving this disease.",0.375,2.25
2,Retinal vein occlusion,primekg,kg,llama3.1:8b,0,8,G,1,1.0,1,1,1,1,,both,consistent,4.0,"Drug-8 targets VEGFA, which is associated with Retinal vein occlusion in the knowledge graph.",0.625,2.75
2,Retinal vein occlusion,primekg,kg,llama3.1:8b,1,8,H,1,1.0,1,1,1,1,,both,consistent,5.0,"Drug-8 targets VEGFA, which is associated with Retinal Vein Occlusion.",0.5,3.0
2,Agitation associated with Alzheimer's dementia,primekg,kg,llama3.1:8b,0,8,E,6,0.16666666666666666,0,0,0,1,,kg,insufficient,2.0,"Multiple targets, but none directly linked to Alzheimer's disease or agitation; mostly related to drug transport and metabolism",0.75,3.0
2,Agitation associated with Alzheimer's dementia,primekg,kg,llama3.1:8b,1,8,H,2,0.5,0,1,1,1,,kg,consistent,5.0,"Drug-3 targets multiple genes involved in neurodegenerative diseases, such as GRIN3A and UGT2B7.",1.0,3.125
2,Heterozygous familial hypercholesterolemia,primekg,kg,llama3.1:8b,0,8,C,1,1.0,1,1,1,1,,both,consistent,5.0,Strong mechanistic link through PCSK9 target,0.5,2.625
2,Heterozygous familial hypercholesterolemia,primekg,kg,llama3.1:8b,1,8,G,1,1.0,1,1,1,1,,kg,consistent,4.0,"Drug-7 targets PCSK9, which is associated with the disease.",0.8571428571428571,2.142857142857143
2,Acquired hypofibrinogenemia in cardiovascular surgery,primekg,kg,llama3.1:8b,0,8,C,5,0.2,0,0,1,1,,kg,insufficient,1.0,Lack of relevant targets; unclear connection to platelet function or coagulation.,0.625,3.125
2,Acquired hypofibrinogenemia in cardiovascular surgery,primekg,kg,llama3.1:8b,1,8,G,8,0.125,0,0,0,1,,uncertain,insufficient,1.0,Not enough information is provided for Drug-6 to make a confident assessment.,0.5,2.125
2,Crohn's disease,primekg,kg,llama3.1:8b,0,8,H,3,0.3333333333333333,0,1,1,1,,kg,conflicting,2.0,"Drug-8 targets ABCG2 and CYP3A4, but also JAK1, which is involved in inflammatory responses, though the relevance to Crohn's disease is unclear.",0.75,2.75
2,Crohn's disease,primekg,kg,llama3.1:8b,1,8,B,4,0.25,0,0,1,1,,kg,insufficient,2.0,"While Drug-8 targets JAK1 and SLCO1B1, which are involved in immune responses, there is no direct link to Crohn's disease in the knowledge graph.",0.5,2.5
2,COVID-19 updated strain,primekg,kg,llama3.1:8b,0,8,B,6,0.16666666666666666,0,0,0,1,,kg,insufficient,2.0,The knowledge graph does not provide sufficient information to assess Drug-8's mechanistic plausibility for COVID-19.,1.0,2.75
2,COVID-19 updated strain,primekg,kg,llama3.1:8b,1,8,D,9,0.1111111111111111,0,0,0,1,,,,,,0.7142857142857143,3.0
2,HoFH pediatric (EMA),primekg,kg,llama3.1:8b,0,8,B,2,0.5,0,1,1,1,,kg,insufficient,3.0,"No direct evidence is provided for Drug-8, but its ranking suggests potential based on prior knowledge.",0.7142857142857143,2.2857142857142856
2,HoFH pediatric (EMA),primekg,kg,llama3.1:8b,1,8,H,7,0.14285714285714285,0,0,0,1,,prior,insufficient,5.0,Drug-8's mechanistic plausibility could not be assessed due to the lack of relevant information in the KG evidence or known pharmacology.,0.5714285714285714,3.0
2,Primary mediastinal large B-cell lymphoma,primekg,kg,llama3.1:8b,0,8,H,1,1.0,1,1,1,1,,kg,consistent,4.0,"Drug-7 targets PDCD1, which is not directly linked to the disease but is involved in immune regulation, making it a plausible repurposing candidate.",0.875,2.0
2,Primary mediastinal large B-cell lymphoma,primekg,kg,llama3.1:8b,1,8,G,1,1.0,1,1,1,1,,kg,consistent,5.0,"Drug-7 targets PDCD1, which is not associated with the target disease.",0.875,2.875
2,TRD monotherapy,primekg,kg,llama3.1:8b,0,8,G,7,0.14285714285714285,0,0,0,1,,kg,insufficient,1.0,The knowledge graph does not provide a clear link between Drug-8 and TRD monotherapy.,1.0,2.0
2,TRD monotherapy,primekg,kg,llama3.1:8b,1,8,H,3,0.3333333333333333,0,1,1,1,,kg,consistent,3.0,"Drug-5 targets genes involved in neuronal signaling and BDNF, which may be relevant to TRD monotherapy's association with anxiety disorder.",0.875,2.375
2,Reduce MACE in CVD + obesity/overweight,primekg,kg,llama3.1:8b,0,8,G,1,1.0,1,1,1,1,,both,consistent,5.0,"Drug-7 targets GLP1R, which is involved in glucose and lipid metabolism, making it a plausible candidate for reducing MACE in CVD + obesity/overweight.",0.875,2.25
2,Reduce MACE in CVD + obesity/overweight,primekg,kg,llama3.1:8b,1,8,F,2,0.5,0,1,1,1,,both,insufficient,3.0,"Drug-7 targets GLP1R and DPP4, which are involved in glucose metabolism, but the direct connection to CVD + obesity/overweight is uncertain.",0.75,2.25
2,Allergic fungal rhinosinusitis (AFRS) ≥6yr,primekg,kg,llama3.1:8b,0,8,A,1,1.0,1,1,1,1,,prior,insufficient,4.0,Potential for IL-4 receptor antagonism to mitigate type 2 immune responses,0.75,2.625
2,Allergic fungal rhinosinusitis (AFRS) ≥6yr,primekg,kg,llama3.1:8b,1,8,D,2,0.5,0,1,1,1,,kg,consistent,4.0,"Drug-8 targets IL4R, a receptor involved in the regulation of allergic responses; this association is consistent with the disease's profile as an allergic condition.",0.5,2.375
2,Measles prophylaxis post-exposure,primekg,kg,llama3.1:8b,0,8,A,1,1.0,1,1,1,1,,both,consistent,4.0,"Drug-1 targets C4B_2 and C4A, which are associated with the measles virus via the complement system.",0.75,2.0
2,Measles prophylaxis post-exposure,primekg,kg,llama3.1:8b,1,8,E,1,1.0,1,1,1,1,,both,consistent,5.0,"Drug-1 targets C4A and C4B_2, which are related to measles prophylaxis post-exposure (CD46) in the KG.",0.25,2.25
2,Obstructive sleep apnea with obesity,primekg,kg,llama3.1:8b,0,8,H,8,0.125,0,0,0,1,,uncertain,insufficient,,No information provided,0.25,2.8333333333333335
2,Obstructive sleep apnea with obesity,primekg,kg,llama3.1:8b,1,8,D,7,0.14285714285714285,0,0,0,1,,prior,insufficient,1.0,No relevant information is available for Drug-8.,0.75,2.25
2,HER2+ solid tumors (tumor-agnostic),primekg,kg,llama3.1:8b,0,8,F,3,0.3333333333333333,0,1,1,1,,kg,consistent,4.0,Drug-8 targets multiple transporters and enzymes that may be involved in HER2+ solid tumor progression.,0.375,2.375
2,HER2+ solid tumors (tumor-agnostic),primekg,kg,llama3.1:8b,1,8,H,4,0.25,0,0,1,1,,kg,consistent,3.0,SLC47A2 target of Drug-8 has potential benefits for solid tumor treatment due to drug efflux transport.,0.625,2.5
2,Heart failure (broadened),primekg,kg,llama3.1:8b,0,8,F,1,1.0,1,1,1,1,,kg,consistent,4.0,"Drug-8 targets multiple UGT enzymes involved in bile acid metabolism, which could plausibly impact heart failure given its association with echinostomiasis.",0.625,2.0
2,Heart failure (broadened),primekg,kg,llama3.1:8b,1,8,D,2,0.5,0,1,1,1,,both,consistent,3.0,"Drug-8 targets UGT1A9 and CYP2C9, which are involved in statin metabolism. Although not directly relevant to heart failure, this might be useful given the disease's broadened nature.",0.875,1.75
2,GVHD + pediatric,primekg,kg,llama3.1:8b,0,8,D,4,0.25,0,0,1,1,,both,consistent,5.0,"UGT2B17, associated with GVHD + pediatric, is targeted by Drug-8.",0.625,2.5
2,GVHD + pediatric,primekg,kg,llama3.1:8b,1,8,E,1,1.0,1,1,1,1,,both,consistent,5.0,"Drug-6 targets JAK1, which is associated with GVHD + pediatric through IL17A and IFNG.",0.625,2.75
2,COVID-19 (expanded population),primekg,kg,llama3.1:8b,0,8,B,4,0.25,0,0,1,1,,kg,insufficient,1.0,"The knowledge graph lists multiple targets for Drug-8, but none of them have a clear mechanistic link to COVID-19.",0.75,2.25
2,COVID-19 (expanded population),primekg,kg,llama3.1:8b,1,8,F,2,0.5,0,1,1,1,,kg,insufficient,4.0,"Drug-8 targets several transporters and metabolizing enzymes, but none are directly linked to COVID-19 in the knowledge graph.",0.75,3.25
2,Delay T1D onset in children ≥1yr,primekg,kg,llama3.1:8b,0,8,H,7,0.14285714285714285,0,0,0,1,,kg,insufficient,1.0,No relevant information is available for Drug-6,0.5,2.25
2,Delay T1D onset in children ≥1yr,primekg,kg,llama3.1:8b,1,8,D,4,0.25,0,0,1,1,,kg,insufficient,1.0,No clear connection between Drug-6 and the disease mechanisms of T1D was found in the knowledge graph.,0.75,1.875
2,BRAF+ thyroid cancer,primekg,kg,llama3.1:8b,0,8,C,5,0.2,0,0,1,1,,kg,conflicting,2.0,"KG reports a connection between Drug-8 and IL1B/IL6 (inflammation) but also lists CYP2C19/CYP1A2/TNF, which don't have clear connections to BRAF+ thyroid cancer.",0.625,2.75
2,BRAF+ thyroid cancer,primekg,kg,llama3.1:8b,1,8,C,1,1.0,1,1,1,1,,kg,consistent,5.0,"Drug-8 targets IL6 and TNF, which are associated with inflammation and could be relevant to BRAF+ thyroid cancer.",0.75,3.0
2,Chronic kidney disease,primekg,kg,llama3.1:8b,0,8,D,7,0.14285714285714285,0,0,0,1,,kg,conflicting,2.0,"Drug-3 has multiple targets (including CYP1A2 and ABCB1), but their connection to Chronic kidney disease is unclear due to conflicting information in the knowledge graph.",0.375,4.0
2,Chronic kidney disease,primekg,kg,llama3.1:8b,1,8,C,4,0.25,0,0,1,1,,kg,insufficient,1.0,"The KG reports Drug-6 targets UGT enzymes, but I couldn't find a clear link to CKD",0.75,1.875
2,IgG4-related disease,primekg,kg,llama3.1:8b,0,8,D,1,1.0,1,1,1,1,,both,consistent,5.0,"Drug-8 targets CD19, which is involved in B-cell activation and proliferation; its targeting aligns with the disease's IgG4-positive plasma cell infiltration.",0.875,2.125
2,IgG4-related disease,primekg,kg,llama3.1:8b,1,8,E,1,1.0,1,1,1,1,,prior,insufficient,5.0,"Targeting CD19 suggests potential for modulating B cell activity, which may be relevant to IgG4-related disease.",0.7142857142857143,2.5714285714285716
2,Oral tablet formulation for weight management,primekg,kg,llama3.1:8b,0,8,E,1,1.0,1,1,1,1,,both,consistent,4.0,"Drug-8 targets GLP1R, a receptor involved in glucose and energy homeostasis, and DPP4, an enzyme related to nutrient metabolism.",0.875,1.875
2,Oral tablet formulation for weight management,primekg,kg,llama3.1:8b,1,8,B,1,1.0,1,1,1,1,,both,consistent,4.0,"Drug-8 targets GLP1R and DPP4, which are relevant to weight management.",0.625,2.125
2,Follicular lymphoma,primekg,kg,llama3.1:8b,0,8,C,1,1.0,1,1,1,1,,kg,consistent,4.0,"Drug-8 targets CD19, a protein associated with B-cell non-Hodgkin lymphoma.",0.625,2.75
2,Follicular lymphoma,primekg,kg,llama3.1:8b,1,8,E,5,0.2,0,0,1,1,,both,consistent,4.0,CD19 is a tumor-specific target for B-cell malignancies like follicular lymphoma.,0.75,2.875
2,Palmoplantar pustulosis (PMDA),primekg,kg,llama3.1:8b,0,8,G,1,1.0,1,1,1,1,,kg,consistent,5.0,"Drug-8 targets IL23A, which is associated with PMDA through the gene IL23R.",0.875,3.125
2,Palmoplantar pustulosis (PMDA),primekg,kg,llama3.1:8b,1,8,H,1,1.0,1,1,1,1,,both,consistent,4.0,"Drug-8 targets IL23A, which is associated with Palmoplantar pustulosis in the knowledge graph and plays a role in inflammation.",0.75,2.75
2,Acquired hypothalamic obesity,primekg,kg,llama3.1:8b,0,8,F,1,1.0,1,1,1,1,,kg,consistent,5.0,"Drug-6 targets MC4R, which is a key receptor for hypothalamic regulation of energy homeostasis.",0.875,3.0
2,Acquired hypothalamic obesity,primekg,kg,llama3.1:8b,1,8,G,1,1.0,1,1,1,1,,prior,insufficient,3.0,"Given the involvement of MC4R in energy homeostasis regulation, a direct target of Drug-6, I rate it as the top candidate based on prior knowledge.",0.75,2.25
2,Pheochromocytoma/paraganglioma,primekg,kg,llama3.1:8b,0,8,A,8,0.125,0,0,0,1,,prior,insufficient,1.0,The target of Drug-8 (EPAS1) is not associated with catecholamine biosynthesis or pheochromocytoma/paraganglioma.,0.625,1.875
2,Pheochromocytoma/paraganglioma,primekg,kg,llama3.1:8b,1,8,B,1,1.0,1,1,1,1,,kg,consistent,5.0,Target EPAS1 is a key transcription factor in hypoxia signaling.,0.75,3.125
2,IgE-mediated food allergy,primekg,kg,llama3.1:8b,0,8,B,1,1.0,1,1,1,1,,both,consistent,4.0,"Drug-1 targets MS4A2 and FCER1A, key components of the FcεRI receptor.",0.625,2.25
2,IgE-mediated food allergy,primekg,kg,llama3.1:8b,1,8,H,1,1.0,1,1,1,1,,both,consistent,5.0,"Drug-1 targets MS4A2, which is involved in IgE-mediated allergic responses.",0.2857142857142857,2.5714285714285716
2,Advanced RCC after PD-1/PD-L1 + VEGF-TKI,primekg,kg,llama3.1:8b,0,8,A,8,0.125,0,0,0,1,,kg,insufficient,1.0,"No direct association between Drug-8 targets and the disease is evident, but its target EPAS1 has been implicated in cancer.",1.0,2.125
2,Advanced RCC after PD-1/PD-L1 + VEGF-TKI,primekg,kg,llama3.1:8b,1,8,B,1,1.0,1,1,1,1,,kg,consistent,4.0,Targeting EPAS1 has potential as a treatment for Advanced RCC after PD-1/PD-L1 + VEGF-TKI.,0.5,2.75
2,COPD,primekg,kg,llama3.1:8b,0,8,B,2,0.5,0,1,1,1,,kg,insufficient,3.0,"IL4R is involved in immune responses, and its association with COPD is unclear from the provided evidence.",0.625,2.75
2,COPD,primekg,kg,llama3.1:8b,1,8,A,4,0.25,0,0,1,1,,kg,conflicting,1.0,"The IL4R target of Drug-8 does not match any COPD-associated targets/pathways in the knowledge graph, conflicting with pharmacological expectations.",0.75,1.875
2,mHSPC + ADT,primekg,kg,llama3.1:8b,0,8,E,2,0.5,0,1,1,1,,prior,insufficient,4.0,"SLCO1B1 is involved in the transport of androgens, which are relevant to mHSPC + ADT.",0.5,2.125
2,mHSPC + ADT,primekg,kg,llama3.1:8b,1,8,A,4,0.25,0,0,1,1,,kg,consistent,4.0,"Drug-8 targets several genes involved in drug metabolism (UGT1A9, CYP3A4), which may be relevant to mHSPC + ADT.",1.0,2.5
2,COPD (EMA 2025),primekg,kg,llama3.1:8b,0,8,G,2,0.5,0,1,1,1,,prior,insufficient,4.0,"IL-4 is involved in inflammatory processes, which are relevant to COPD pathophysiology",0.5,2.625
2,COPD (EMA 2025),primekg,kg,llama3.1:8b,1,8,D,8,0.125,0,0,0,1,,kg,insufficient,1.0,Targeting IL4R may be more relevant to immune responses or allergic diseases than COPD's known pathophysiology.,0.5,1.875
2,dMMR/MSI-H primary advanced endometrial cancer,primekg,kg,llama3.1:8b,0,8,A,3,0.3333333333333333,0,1,1,1,,kg,consistent,4.0,"Although there is no direct mechanistic link to dMMR/MSI-H primary advanced endometrial cancer, PDCD1 has been implicated in other cancers.",0.75,2.75
2,dMMR/MSI-H primary advanced endometrial cancer,primekg,kg,llama3.1:8b,1,8,B,5,0.2,0,0,1,1,,kg,insufficient,1.0,"Drug-8 targets PDCD1, but there is no clear connection to dMMR/MSI-H primary advanced endometrial cancer in the knowledge graph.",0.75,2.25
2,Generalized myasthenia gravis,primekg,kg,llama3.1:8b,0,8,H,8,0.125,0,0,0,1,,prior,insufficient,1.0,No information available about Drug-8.,0.625,2.25
2,Generalized myasthenia gravis,primekg,kg,llama3.1:8b,1,8,G,2,0.5,0,1,1,1,,prior,insufficient,3.0,"While Drug-8 is not mechanistically linked to Generalized myasthenia gravis, its target CD19 suggests potential for immunomodulation.",0.875,1.875
2,Urothelial carcinoma (expanded population),primekg,kg,llama3.1:8b,0,8,D,4,0.25,0,0,1,1,,kg,insufficient,3.0,"The knowledge graph shows associations between Drug-8 and NECTIN4/ABCB1/CYP3A4, but no direct evidence links these targets to Urothelial carcinoma.",0.5714285714285714,3.0
2,Urothelial carcinoma (expanded population),primekg,kg,llama3.1:8b,1,8,G,2,0.5,0,1,1,1,,kg,consistent,4.0,"Drug-8 targets CYP3A4, which is involved in the metabolism of various drugs and might also affect cancer cell growth",0.25,2.875
2,Crohn's disease,primekg,kg,llama3.1:8b,0,8,G,1,1.0,1,1,1,1,,kg,consistent,4.0,"Drug-8 targets IL23A, which is associated with Crohn's disease in the knowledge graph.",0.625,2.625
2,Crohn's disease,primekg,kg,llama3.1:8b,1,8,B,1,1.0,1,1,1,1,,both,consistent,5.0,Direct targeting of IL23A is a strong mechanistic link to the disease.,0.625,2.75
2,RAS wild-type HER2+ metastatic colorectal cancer,primekg,kg,llama3.1:8b,0,8,F,2,0.5,0,1,1,1,,kg,consistent,3.0,"Drug F targets SLC47A2, which is associated with the disease via the knowledge graph.",0.375,2.125
2,RAS wild-type HER2+ metastatic colorectal cancer,primekg,kg,llama3.1:8b,1,8,A,5,0.2,0,0,1,1,,kg,conflicting,3.0,"Drug-7 targets ERBB3, but its other targets (SLC47A2 and CYP2C8) are associated with the disease through different genes.",0.875,3.0
2,Atopic dermatitis,primekg,kg,llama3.1:8b,0,8,A,1,1.0,1,1,1,1,,both,consistent,5.0,"Drug-7 targets JAK3, which is involved in the signaling pathway for cytokines that play a role in atopic dermatitis.",0.625,2.375
2,Atopic dermatitis,primekg,kg,llama3.1:8b,1,8,D,2,0.5,0,1,1,1,,both,consistent,3.0,"Drug-7 targets JAK1 and JAK3, which are involved in inflammatory pathways relevant to atopic dermatitis.",0.625,1.75
2,dMMR recurrent/advanced endometrial cancer,primekg,kg,llama3.1:8b,0,8,A,4,0.25,0,0,1,1,,kg,conflicting,5.0,"Drug-8 targets PDCD1, which has been implicated in various cancers, but the knowledge graph provides no direct link to endometrial cancer.",0.625,3.0
2,dMMR recurrent/advanced endometrial cancer,primekg,kg,llama3.1:8b,1,8,D,6,0.16666666666666666,0,0,0,1,,kg,insufficient,1.0,"Drug-8 targets PDCD1, which is involved in immune responses. However, there is no clear connection to dMMR recurrent/advanced endometrial cancer based on the knowledge graph evidence.",0.75,1.75
2,Polymyalgia rheumatica,primekg,kg,llama3.1:8b,0,8,F,1,1.0,1,1,1,1,,kg,consistent,4.0,"Drug-8 targets IL6R, which is associated with the disease's inflammatory component.",0.75,2.375
2,Polymyalgia rheumatica,primekg,kg,llama3.1:8b,1,8,A,8,0.125,0,0,0,1,,kg,consistent,5.0,"Drug-8 targets IL6R, a key receptor involved in the regulation of inflammation and autoimmune diseases, including Polymyalgia rheumatica.",0.625,3.125
2,Metastatic colorectal cancer,primekg,kg,llama3.1:8b,0,8,D,2,0.5,0,1,1,1,,prior,insufficient,3.0,"Drug-3's targets SLC28A1 and TYMS are involved in nucleotide transport and metabolism, which could be relevant to cancer treatment.",0.625,2.625
2,Metastatic colorectal cancer,primekg,kg,llama3.1:8b,1,8,A,3,0.3333333333333333,0,1,1,1,,kg,consistent,4.0,"Drug-3 targets TYMS, which is involved in DNA synthesis and repair, a pathway relevant to cancer treatment.",0.75,2.5
2,Ulcerative colitis,primekg,kg,llama3.1:8b,0,8,E,1,1.0,1,1,1,1,,both,consistent,5.0,"Drug-8 targets IL23A and IL12B, which are involved in the inflammatory response associated with ulcerative colitis.",0.625,2.375
2,Ulcerative colitis,primekg,kg,llama3.1:8b,1,8,F,1,1.0,1,1,1,1,,both,consistent,4.0,"Drug-3 targets IL23A, which is associated with Ulcerative colitis in the knowledge graph and plays a role in immune response.",0.5714285714285714,2.142857142857143
2,MSI-H/dMMR solid tumors (full approval conversion),primekg,kg,llama3.1:8b,0,8,D,1,1.0,1,1,1,1,,kg,consistent,5.0,"Drug-4 targets PDCD1, which is involved in immune regulation and could be relevant to MSI-H/dMMR solid tumors.",0.75,2.125
2,MSI-H/dMMR solid tumors (full approval conversion),primekg,kg,llama3.1:8b,1,8,C,3,0.3333333333333333,0,1,1,1,,prior,insufficient,2.0,PDCD1's role in cancer does not suggest a direct link to MSI-H/dMMR solid tumors based on my prior knowledge.,0.625,3.375
2,Schnitzler syndrome (Japan),primekg,kg,llama3.1:8b,0,8,A,1,1.0,1,1,1,1,,both,consistent,5.0,"Drug-7 targets IL1B, which is directly related to Schnitzler syndrome through its association with gene IL1RN.",0.875,2.0
2,Schnitzler syndrome (Japan),primekg,kg,llama3.1:8b,1,8,G,1,1.0,1,1,1,1,,both,consistent,5.0,"Drug-7 targets IL1B, which is mechanistically linked to Schnitzler syndrome through the IL1RN gene.",0.5,2.0
2,HR+/HER2- metastatic breast cancer,primekg,kg,llama3.1:8b,0,8,C,3,0.3333333333333333,0,1,1,1,,kg,insufficient,4.0,"Drug-7 targets PARP1 and ABCB1, but their connection to the disease is unclear",0.625,2.875
2,HR+/HER2- metastatic breast cancer,primekg,kg,llama3.1:8b,1,8,H,8,0.125,0,0,0,1,,prior,insufficient,1.0,The knowledge graph provides no information about Drug-7 or its potential relevance to HR+/HER2- metastatic breast cancer.,0.375,2.5
2,Giant cell arteritis,primekg,kg,llama3.1:8b,0,8,A,5,0.2,0,0,1,1,,prior,insufficient,1.0,"Multiple targets, but no clear connection to Giant cell arteritis; conflicts with pharmacological knowledge (e.g., JAK1 is not typically associated with vasculitis).",0.625,2.5
2,Giant cell arteritis,primekg,kg,llama3.1:8b,1,8,G,1,1.0,1,1,1,1,,both,consistent,4.0,"Drug-8 targets JAK1, which is relevant to Giant cell arteritis due to its association with vasculitis.",0.375,1.875
2,Neoadj+adj HNSCC,primekg,kg,llama3.1:8b,0,8,H,8,0.125,0,0,0,1,,prior,insufficient,1.0,PDCD1's association with HNSCC is unclear based on my prior knowledge and the knowledge graph.,0.75,2.0
2,Neoadj+adj HNSCC,primekg,kg,llama3.1:8b,1,8,F,2,0.5,0,1,1,1,,kg,insufficient,5.0,"While Drug-5 targets PDCD1, which is often associated with immune regulation, there's no direct evidence linking it to Neoadj+adj HNSCC.",1.0,4.875
2,Psoriasis in children 6-11 (cream),primekg,kg,llama3.1:8b,0,8,D,2,0.5,0,1,1,1,,both,consistent,4.0,Drug-2's targeting of PDE4A/B/C/D is consistent with potential anti-inflammatory effects in psoriasis,0.5,2.25
2,Psoriasis in children 6-11 (cream),primekg,kg,llama3.1:8b,1,8,H,1,1.0,1,1,1,1,,both,consistent,4.0,"Drug-2's targeting of PDE4 enzymes, which play a key role in immune responses, makes it a strong candidate for treating psoriasis.",0.75,2.75
2,dMMR/MSI-H primary advanced endometrial cancer (+chemo),primekg,kg,llama3.1:8b,0,8,C,5,0.2,0,0,1,1,,prior,insufficient,1.0,"PDCD1 is a PD-1 receptor involved in immune regulation, but there is no clear connection to the molecular mechanisms underlying dMMR/MSI-H primary advanced endometrial cancer (+chemo).",0.125,1.875
2,dMMR/MSI-H primary advanced endometrial cancer (+chemo),primekg,kg,llama3.1:8b,1,8,F,4,0.25,0,0,1,1,,kg,insufficient,1.0,"The knowledge graph reports PDCD1 as a target of Drug-8, but no direct connection to dMMR/MSI-H primary advanced endometrial cancer (+chemo) is provided.",0.75,1.875
2,Primary immunodeficiency pediatric (EMA),primekg,kg,llama3.1:8b,0,8,D,1,1.0,1,1,1,1,,both,consistent,5.0,"Drug-1 targets FCGR3A, which is directly associated with the disease.",0.625,2.375
2,Primary immunodeficiency pediatric (EMA),primekg,kg,llama3.1:8b,1,8,C,1,1.0,1,1,1,1,,both,consistent,5.0,Direct association with FCGR3A and other related targets,0.625,2.75
2,HR+/HER2- breast cancer,primekg,kg,llama3.1:8b,0,8,F,8,0.125,0,0,0,1,,prior,insufficient,5.0,There is not enough information to evaluate the mechanistic plausibility of Drug-8.,0.75,2.875
2,HR+/HER2- breast cancer,primekg,kg,llama3.1:8b,1,8,F,6,0.16666666666666666,0,0,0,1,,prior,insufficient,2.0,"No direct connection between Drug-8's targets (TACSTD2, UGT1A1, FUBP1, TOP1) and the target disease was found in the knowledge graph.",0.42857142857142855,3.142857142857143
2,Ulcerative colitis,primekg,kg,llama3.1:8b,0,8,C,1,1.0,1,1,1,1,,kg,consistent,4.0,"Drug-6 targets IL23A, which is associated with Ulcerative colitis",0.42857142857142855,3.0
2,Ulcerative colitis,primekg,kg,llama3.1:8b,1,8,H,2,0.5,0,1,1,1,,kg,consistent,4.0,"Drug-6 targets IL23A, which is associated with Ulcerative Colitis through the KG's evidence of IL23R association.",0.375,2.375
2,HER2-mutant NSCLC (PMDA),primekg,kg,llama3.1:8b,0,8,G,6,0.16666666666666666,0,0,0,1,,kg,conflicting,4.0,"Drug-8 targets some transport proteins but also FCGR1A and GAA, which are not directly related to the disease.",0.375,3.375
2,HER2-mutant NSCLC (PMDA),primekg,kg,llama3.1:8b,1,8,B,3,0.3333333333333333,0,1,1,1,,kg,insufficient,2.0,The targets of Drug-8 do not directly relate to the disease's gene or pathway associations in the knowledge graph.,0.75,2.5
2,Pediatric atopic dermatitis,primekg,kg,llama3.1:8b,0,8,C,6,0.16666666666666666,0,0,0,1,,kg,insufficient,1.0,No clear link between Drug-8's targets and atopic dermatitis; some targets may be relevant but evidence is sparse,0.875,1.75
2,Pediatric atopic dermatitis,primekg,kg,llama3.1:8b,1,8,B,4,0.25,0,0,1,1,,kg,conflicting,3.0,"Targets JAK1, but also CYP2D6 and ABCG2 with unclear implications for atopic dermatitis.",0.5714285714285714,3.2857142857142856
2,HER2-mutant NSCLC (EMA),primekg,kg,llama3.1:8b,0,8,A,3,0.3333333333333333,0,1,1,1,,prior,insufficient,2.0,"While Drug-8 targets several transporters, there's no direct link to HER2-mutant NSCLC-specific mechanisms.",0.75,1.75
2,HER2-mutant NSCLC (EMA),primekg,kg,llama3.1:8b,1,8,C,6,0.16666666666666666,0,0,0,1,,kg,conflicting,5.0,"Drug-8 targets multiple transporters and enzymes, but some targets (like ABCC1) might be related to chemotherapy resistance in NSCLC",0.5,3.125
2,IV formulation for rheumatic diseases (EMA),primekg,kg,llama3.1:8b,0,8,B,1,1.0,1,1,1,1,,both,consistent,4.0,"Direct targeting of IL17A, a key cytokine in inflammatory processes.",0.875,2.0
2,IV formulation for rheumatic diseases (EMA),primekg,kg,llama3.1:8b,1,8,F,1,1.0,1,1,1,1,,prior,insufficient,4.0,"Drug-7 targets IL17A, which is involved in inflammation and could plausibly treat rheumatic diseases.",0.625,2.625
2,Resectable gastric/GEJ adenocarcinoma (neoadj+adj +FLOT),primekg,kg,llama3.1:8b,0,8,B,9,0.1111111111111111,0,0,0,1,,,,,,0.5,3.3333333333333335
2,Resectable gastric/GEJ adenocarcinoma (neoadj+adj +FLOT),primekg,kg,llama3.1:8b,1,8,F,1,1.0,1,1,1,1,,kg,consistent,5.0,CD274 is associated with immune response and cancer treatment,0.125,2.75
2,Antibody-mediated rejection in organ transplantation,primekg,kg,llama3.1:8b,0,8,H,2,0.5,0,1,1,1,,both,consistent,4.0,"Drug-1 targets MS4A1, a component of the B-cell receptor complex involved in antibody production, making it a plausible target for antibody-mediated rejection.",0.5,2.0
2,Antibody-mediated rejection in organ transplantation,primekg,kg,llama3.1:8b,1,8,A,2,0.5,0,1,1,1,,kg,insufficient,5.0,IL6 association is relevant but no clear link to MS4A1.,0.625,2.75
2,RET-fusion NSCLC (expanded),primekg,kg,llama3.1:8b,0,8,H,1,1.0,1,1,1,1,,both,consistent,5.0,Targets RET and has multiple other relevant targets,0.625,2.25
2,RET-fusion NSCLC (expanded),primekg,kg,llama3.1:8b,1,8,E,1,1.0,1,1,1,1,,both,consistent,5.0,"Drug-8 targets RET and has other direct associations with cancer-related genes, making it a strong candidate for repurposing in RET-fusion NSCLC.",0.42857142857142855,2.142857142857143
2,EGPA,primekg,kg,llama3.1:8b,0,8,B,1,1.0,1,1,1,1,,both,consistent,4.0,"Drug-1 targets FCER1A, which is associated with EGPA in the knowledge graph.",0.7142857142857143,1.8571428571428572
2,EGPA,primekg,kg,llama3.1:8b,1,8,D,4,0.25,0,0,1,1,,kg,consistent,4.0,"Drug-1 targets MS4A2, which is involved in mast cell signaling; EGPA has been associated with mast cell activation.",0.5714285714285714,2.8333333333333335
2,HR+/HER2- metastatic breast cancer,primekg,kg,llama3.1:8b,0,8,G,7,0.14285714285714285,0,0,0,1,,kg,insufficient,1.0,Drug-8 targets several genes and enzymes but its relevance to HR+/HER2- metastatic breast cancer is uncertain.,0.5,2.25
2,HR+/HER2- metastatic breast cancer,primekg,kg,llama3.1:8b,1,8,F,8,0.125,0,0,0,1,,prior,insufficient,1.0,No relevant evidence or associations found for Drug-8; its pharmacological properties are unclear.,0.625,2.75
2,Primary humoral immunodeficiency pediatric 2-11yr,primekg,kg,llama3.1:8b,0,8,B,1,1.0,1,1,1,1,,both,consistent,5.0,"Drug-1 targets FCGR3A, a key gene associated with the disease.",0.75,2.75
2,Primary humoral immunodeficiency pediatric 2-11yr,primekg,kg,llama3.1:8b,1,8,C,1,1.0,1,1,1,1,,both,consistent,4.0,Direct targeting of FCGR3A and association with primary immunodeficiency.,0.625,1.75
2,Pediatric glioma (EMA),primekg,kg,llama3.1:8b,0,8,B,2,0.5,0,1,1,1,,kg,consistent,4.0,Drug-3 targets SLC22A8 and SLCO1B3; both are associated with Pediatric glioma pathways.,0.625,2.375
2,Pediatric glioma (EMA),primekg,kg,llama3.1:8b,1,8,A,2,0.5,0,1,1,1,,both,insufficient,3.0,"While Drug-3 targets various kinases and transporters, its mechanistic connection to pediatric glioma is unclear.",0.625,2.125
2,Juvenile idiopathic arthritis (EMA Feb 2026),primekg,kg,llama3.1:8b,0,8,F,2,0.5,0,1,1,1,,kg,insufficient,3.0,"While Drug-8 targets JAK3, which is a key enzyme in the Janus kinase pathway related to inflammation, its other targets do not have clear links to Juvenile Idiopathic Arthritis.",0.625,2.0
2,Juvenile idiopathic arthritis (EMA Feb 2026),primekg,kg,llama3.1:8b,1,8,H,7,0.14285714285714285,0,0,0,1,,kg,conflicting,1.0,"Drug-8 targets multiple transporters and kinases, but the KG reports conflicting information regarding ABCG2; no clear connection to JIA is evident.",0.625,2.5
2,Ph+ CML-CP after 2+ TKIs,primekg,kg,llama3.1:8b,0,8,B,8,0.125,0,0,0,1,,kg,insufficient,2.0,No direct targets or evidence related to Ph+ CML-CP.,0.75,3.25
2,Ph+ CML-CP after 2+ TKIs,primekg,kg,llama3.1:8b,1,8,F,8,0.125,0,0,0,1,,prior,insufficient,1.0,"Like Drug-6, no information is provided about Drug-8, making it challenging to evaluate its mechanistic plausibility.",0.375,2.625
2,KRAS G12C+ mCRC,primekg,kg,llama3.1:8b,0,8,G,1,1.0,1,1,1,1,,both,consistent,5.0,"Drug-8 targets KRAS, which is the mutation driving this disease.",0.625,2.25
2,KRAS G12C+ mCRC,primekg,kg,llama3.1:8b,1,8,A,1,1.0,1,1,1,1,,kg,consistent,5.0,Direct targeting of KRAS by Drug-8,0.5,2.375
2,HR+/HER2- early breast cancer (adjuvant),primekg,kg,llama3.1:8b,0,8,B,8,0.125,0,0,0,1,,prior,conflicting,2.0,"CDK6 inhibition by Drug-6 is a plausible mechanism, but the lack of association with other breast cancer-related genes/pathways limits its mechanistic plausibility.",0.5,2.625
2,HR+/HER2- early breast cancer (adjuvant),primekg,kg,llama3.1:8b,1,8,C,1,1.0,1,1,1,1,,both,consistent,5.0,"Drug-6 targets CDK4 and CDK6, which are involved in cell cycle regulation; these targets suggest mechanistic plausibility for HR+/HER2- early breast cancer (adjuvant).",0.375,2.25
2,First-line anemia in lower-risk MDS,primekg,kg,llama3.1:8b,0,8,E,3,0.3333333333333333,0,1,1,1,,prior,insufficient,4.0,"Based on pharmacological knowledge, Drug-E may not be directly related to the molecular mechanisms of first-line anemia in lower-risk MDS.",0.75,3.25
2,First-line anemia in lower-risk MDS,primekg,kg,llama3.1:8b,1,8,F,2,0.5,0,1,1,1,,prior,insufficient,3.0,"While Drug-5 targets ACAA1, which has no clear connection to MECOM and GATA2, its mechanism of action is not directly related to anemia or MDS.",0.625,1.875
2,Follicular lymphoma (+obinutuzumab),primekg,kg,llama3.1:8b,0,8,B,8,0.125,0,0,0,1,,prior,insufficient,2.0,Multiple kinase targets for Drug-8 are not directly implicated in the disease's pathophysiology.,0.5,2.625
2,Follicular lymphoma (+obinutuzumab),primekg,kg,llama3.1:8b,1,8,G,7,0.14285714285714285,0,0,0,1,,kg,insufficient,1.0,The knowledge graph does not provide strong associations between Drug-8's targets and follicular lymphoma.,0.5714285714285714,2.5714285714285716
2,1L biliary tract cancer (+gemcitabine+cisplatin),primekg,kg,llama3.1:8b,0,8,D,5,0.2,0,0,1,1,,kg,consistent,3.0,"Drug-6 targets PDCD1, which is not directly related to the disease's genes or pathways in the knowledge graph.",0.7142857142857143,3.2857142857142856
2,1L biliary tract cancer (+gemcitabine+cisplatin),primekg,kg,llama3.1:8b,1,8,E,7,0.14285714285714285,0,0,0,1,,kg,insufficient,1.0,"Drug-6 targets PDCD1, but there is no clear link to biliary tract cancer or the associated genes.",0.625,2.5
2,"ALK+ solid tumors (tissue-agnostic, world-first)",primekg,kg,llama3.1:8b,0,8,F,1,1.0,1,1,1,1,,kg,consistent,5.0,"Direct targeting of ALK, the primary oncogene in ALK+ solid tumors.",0.875,2.625
2,"ALK+ solid tumors (tissue-agnostic, world-first)",primekg,kg,llama3.1:8b,1,8,A,1,1.0,1,1,1,1,,both,consistent,4.0,"Drug-8 targets ALK, which is a key driver in ALK+ solid tumors, making it a strong candidate.",0.625,3.0
2,Pediatric BRAF V600E low-grade glioma,primekg,kg,llama3.1:8b,0,8,F,2,0.5,0,1,1,1,,kg,consistent,4.0,"Drug-5 targets several transporters (SLC22A8 and SLCO1B3) involved in drug metabolism, which could be relevant to glioma treatment.",0.875,2.375
2,Pediatric BRAF V600E low-grade glioma,primekg,kg,llama3.1:8b,1,8,B,2,0.5,0,1,1,1,,kg,insufficient,3.0,"No direct evidence connecting targets (NEK11, SIK1, etc.) to MAPK signaling or BRAF mutations.",0.625,2.75
2,Platinum-resistant ovarian carcinoma (PD-L1+ CPS≥1),primekg,kg,llama3.1:8b,0,8,E,1,1.0,1,1,1,1,,kg,consistent,4.0,"Drug-8 targets PDCD1 which is associated with various cancers, suggesting its potential in treating Platinum-resistant ovarian carcinoma.",0.75,2.125
2,Platinum-resistant ovarian carcinoma (PD-L1+ CPS≥1),primekg,kg,llama3.1:8b,1,8,F,3,0.3333333333333333,0,1,1,1,,kg,conflicting,2.0,PDCD1 is not directly associated with platinum resistance or ovarian carcinoma.,0.75,2.75
2,Ph+ CML-CP frontline (EMA Feb 2026),primekg,kg,llama3.1:8b,0,8,B,2,0.5,0,1,1,1,,kg,insufficient,3.0,"Some targets of Drug-8 are related to leukemia, but no direct link is found in the KG.",0.625,2.0
2,Ph+ CML-CP frontline (EMA Feb 2026),primekg,kg,llama3.1:8b,1,8,C,2,0.5,0,1,1,1,,kg,insufficient,3.0,"While Drug-8 targets are not provided, its relevance to Ph+ CML-CP frontline is unclear without additional evidence.",0.75,2.5
2,Gastric/GEJ adenocarcinoma,primekg,kg,llama3.1:8b,0,8,D,1,1.0,1,1,1,1,,prior,insufficient,3.0,"Based on its mechanism of action targeting CD274, a protein involved in immune regulation, Drug-8 has some rationale for potential efficacy.",0.375,2.625
2,Gastric/GEJ adenocarcinoma,primekg,kg,llama3.1:8b,1,8,F,1,1.0,1,1,1,1,,prior,insufficient,5.0,"Based on my own pharmacological knowledge, Drug-3 targets HTR1B and CYP2D6, which may be relevant to the disease, but no direct evidence is provided in the knowledge graph.",0.25,2.75
2,Chronic lymphocytic leukemia,primekg,kg,llama3.1:8b,0,8,G,1,1.0,1,1,1,1,,both,consistent,5.0,"Drug-8 targets ITK and BLK, both of which are associated with B-cell development and leukemia; this provides a clear mechanistic link to the disease.",0.875,2.5
2,Chronic lymphocytic leukemia,primekg,kg,llama3.1:8b,1,8,G,1,1.0,1,1,1,1,,both,consistent,4.0,"Drug-8 targets ITK, which is related to leukemia and lymphoma.",0.625,1.875
2,HER2+ early-stage BC (neoadjuvant + adjuvant),primekg,kg,llama3.1:8b,0,8,F,2,0.5,0,1,1,1,,kg,consistent,3.0,"Drug-8 targets several transporters and enzymes involved in drug metabolism, but the relevance of these to HER2+ BC is uncertain.",0.625,1.75
2,HER2+ early-stage BC (neoadjuvant + adjuvant),primekg,kg,llama3.1:8b,1,8,B,4,0.25,0,0,1,1,,kg,conflicting,2.0,"Drug-8 targets several genes, but the relevance to HER2+ BC is unclear and conflicts with known cancer biology.",0.5,2.125
2,HR+/HER2-low breast cancer,primekg,kg,llama3.1:8b,0,8,B,1,1.0,1,1,1,1,,both,consistent,5.0,Drug-8's targets include SLCO1B3 associated with HR+/HER2-low breast cancer in the knowledge graph and relevant to drug transport.,0.75,3.125
2,HR+/HER2-low breast cancer,primekg,kg,llama3.1:8b,1,8,D,7,0.14285714285714285,0,0,0,1,,kg,insufficient,1.0,The targets of Drug-8 do not appear to be related to HR+/HER2-low breast cancer based on the provided knowledge graph.,0.75,2.25
2,"Pediatric low-grade glioma (+dabrafenib, BRAF V600E)",primekg,kg,llama3.1:8b,0,8,E,5,0.2,0,0,1,1,,kg,insufficient,3.0,"The evidence is insufficient to draw strong conclusions, as Drug-7's targets do not have clear associations with Pediatric low-grade glioma (+dabrafenib, BRAF V600E).",0.875,2.125
2,"Pediatric low-grade glioma (+dabrafenib, BRAF V600E)",primekg,kg,llama3.1:8b,1,8,C,4,0.25,0,0,1,1,,kg,conflicting,1.0,"The knowledge graph associates Drug-7 with UGT1A1 and CYP2E1, but the latter is more related to alcohol metabolism than cancer treatment.",0.5,1.75
2,Unresectable thymic carcinoma (PMDA),primekg,kg,llama3.1:8b,0,8,A,7,0.14285714285714285,0,0,0,1,,kg,insufficient,1.0,"Drug-7 targets AOX1 and ABCB11, which are involved in drug metabolism, but there is no clear link to unresectable thymic carcinoma.",0.75,1.75
2,Unresectable thymic carcinoma (PMDA),primekg,kg,llama3.1:8b,1,8,A,5,0.2,0,0,1,1,,both,conflicting,2.0,"While Drug-7 targets FLT4, associated with lymphoepithelioma-like thymic carcinoma, other targets don't seem relevant",0.75,2.0
2,BRAF+ thyroid cancer,primekg,kg,llama3.1:8b,0,8,D,1,1.0,1,1,1,1,,both,consistent,5.0,"Drug-7 targets BRAF, which is directly implicated in the disease, and also CCND1, a known oncogene.",0.25,2.3333333333333335
2,BRAF+ thyroid cancer,primekg,kg,llama3.1:8b,1,8,E,1,1.0,1,1,1,1,,both,consistent,5.0,"Drug-7 targets the BRAF gene, which is a key driver of BRAF+ thyroid cancer.",0.625,2.5
2,IDH1-mutated relapsed/refractory MDS,primekg,kg,llama3.1:8b,0,8,F,1,1.0,1,1,1,1,,both,consistent,5.0,Direct targeting of IDH1 by Drug-8 provides strong mechanistic evidence.,0.375,2.625
2,IDH1-mutated relapsed/refractory MDS,primekg,kg,llama3.1:8b,1,8,C,1,1.0,1,1,1,1,,both,consistent,4.0,Targeting IDH1 directly with Drug-8 is a strong mechanistic link to the disease.,0.625,2.5
2,Biliary tract cancer,primekg,kg,llama3.1:8b,0,8,D,5,0.2,0,0,1,1,,kg,insufficient,1.0,"PDCD1 inhibition has been implicated in immune-related cancer therapies, but no direct link to Biliary tract cancer is reported in the KG.",0.625,1.75
2,Biliary tract cancer,primekg,kg,llama3.1:8b,1,8,G,5,0.2,0,0,1,1,,prior,conflicting,2.0,"While PDCD1 is involved in immune regulation, its direct association with biliary tract cancer is uncertain and conflicting with the provided evidence.",0.625,2.75
2,"mCRC BRAF V600E (traditional approval, was accelerated)",primekg,kg,llama3.1:8b,0,8,H,1,1.0,1,1,1,1,,both,consistent,4.0,"Drug-7 targets BRAF, which is directly related to the disease mechanism.",0.75,1.875
2,"mCRC BRAF V600E (traditional approval, was accelerated)",primekg,kg,llama3.1:8b,1,8,E,1,1.0,1,1,1,1,,both,consistent,5.0,"Drug-7 targets BRAF, which is the primary driver of mCRC BRAF V600E, making it a strong candidate.",0.75,2.375
2,Gastric/GEJ adenocarcinoma (1L +chemo),primekg,kg,llama3.1:8b,0,8,C,6,0.16666666666666666,0,0,0,1,,prior,insufficient,1.0,"Without further information, it is difficult to assess Drug-6's mechanistic plausibility.",0.5,1.875
2,Gastric/GEJ adenocarcinoma (1L +chemo),primekg,kg,llama3.1:8b,1,8,E,1,1.0,1,1,1,1,,kg,consistent,4.0,"Drug-6 targets CD274, which is associated with the PD-1/PD-L1 pathway involved in cancer immunotherapy.",0.625,2.25
2,Chorea associated with Huntington's disease,drkg,kg,llama3.1:8b,0,8,E,7,0.14285714285714285,0,0,0,1,,kg,insufficient,1.0,"The KG suggests Drug-8 targets various transporters and enzymes, but there is no direct connection to the disease-related genes.",0.75,1.875
2,Chorea associated with Huntington's disease,drkg,kg,llama3.1:8b,1,8,F,8,0.125,0,0,0,1,,kg,insufficient,1.0,There is no clear connection between Drug-8 and Huntington's disease,1.0,2.125
2,Chronic thromboembolic pulmonary hypertension,drkg,kg,llama3.1:8b,0,8,C,3,0.3333333333333333,0,1,1,1,,prior,insufficient,2.0,"No clear connection to the disease; inhibits F10 and F2, but no direct link",0.375,2.75
2,Chronic thromboembolic pulmonary hypertension,drkg,kg,llama3.1:8b,1,8,A,3,0.3333333333333333,0,1,1,1,,both,insufficient,2.0,Lack of direct evidence to link Drug-7 with the associated genes or pathways.,0.625,2.75
2,Indolent systemic mastocytosis,drkg,kg,llama3.1:8b,0,8,B,6,0.16666666666666666,0,0,0,1,,prior,insufficient,1.0,There is no information provided about Drug-8's mechanism of action or potential link to indolent systemic mastocytosis,0.375,1.75
2,Indolent systemic mastocytosis,drkg,kg,llama3.1:8b,1,8,A,4,0.25,0,0,1,1,,kg,insufficient,2.0,The targets of Drug-8 are not directly related to mast cell biology or signaling pathways involved in indolent systemic mastocytosis.,0.625,2.0
2,EGPA (expanded),drkg,kg,llama3.1:8b,0,8,B,3,0.3333333333333333,0,1,1,1,,kg,consistent,4.0,"Drug-8 targets IL5RA, which is a receptor associated with the target gene IL5. This provides strong evidence for its potential therapeutic effect on EGPA.",0.75,2.125
2,EGPA (expanded),drkg,kg,llama3.1:8b,1,8,C,2,0.5,0,1,1,1,,kg,insufficient,3.0,"While Drug-8 targets IL5RA, there is limited information on its effects on EGPA-related genes or pathways.",0.75,2.375
2,Invasive fungal infections pediatric ≥2yr,drkg,kg,llama3.1:8b,0,8,G,8,0.125,0,0,0,1,,kg,insufficient,1.0,"The targets of Drug-4 include transporters and enzymes involved in various cellular processes, but none are clearly linked to antifungal responses or immunomodulation.",0.75,1.875
2,Invasive fungal infections pediatric ≥2yr,drkg,kg,llama3.1:8b,1,8,E,3,0.3333333333333333,0,1,1,1,,kg,insufficient,2.0,"Drug-4 targets ABCB1, but this association is not directly linked to fungal infections.",0.875,2.0
2,PKU expanded to ≥12yr,drkg,kg,llama3.1:8b,0,8,E,1,1.0,1,1,1,1,,kg,insufficient,,,0.5,2.5
2,PKU expanded to ≥12yr,drkg,kg,llama3.1:8b,1,8,G,8,0.125,0,0,0,1,,kg,insufficient,1.0,No evidence is provided for Drug-8's relevance to PKU.,0.75,2.375
2,Nephrotic syndrome,drkg,kg,llama3.1:8b,0,8,G,2,0.5,0,1,1,1,,kg,consistent,4.0,"Drug-1 targets XIAP and ABCB1, which could be relevant to kidney function regulation.",0.875,2.625
2,Nephrotic syndrome,drkg,kg,llama3.1:8b,1,8,D,3,0.3333333333333333,0,1,1,1,,kg,consistent,4.0,Drug-1's inhibition of ABCB1 is mechanistically plausible for nephrotic syndrome based on the knowledge graph evidence.,0.875,3.0
2,HR+/HER2- node-positive high-risk early breast cancer,drkg,kg,llama3.1:8b,0,8,F,1,1.0,1,1,1,1,,both,consistent,4.0,Drug-7's inhibition of CDK4/6 and targeting of CCND2 are consistent with its use in HR+/HER2- node-positive high-risk early breast cancer.,1.0,2.375
2,HR+/HER2- node-positive high-risk early breast cancer,drkg,kg,llama3.1:8b,1,8,C,1,1.0,1,1,1,1,,both,consistent,5.0,"Drug-7's inhibition of CDK4/6 and its targets, including CCND2/3 and NRAS/KRAS, suggests a plausible mechanism for treating HR+/HER2- node-positive high-risk early breast cancer.",1.0,2.25
2,Retinopathy of prematurity,drkg,kg,llama3.1:8b,0,8,A,1,1.0,1,1,1,1,,both,consistent,4.0,"Drug-7 inhibits VEGFA, which is associated with Retinopathy of Prematurity",0.875,1.875
2,Retinopathy of prematurity,drkg,kg,llama3.1:8b,1,8,A,2,0.5,0,1,1,1,,kg,consistent,4.0,"Drug-7 inhibits VEGFA and PIGF, which are involved in angiogenesis; while not directly linked to SMAD3 or TGFB1, these targets could be relevant to the disease mechanism.",0.375,2.625
2,Agitation associated with Alzheimer's dementia,drkg,kg,llama3.1:8b,0,8,B,2,0.5,0,1,1,1,,kg,insufficient,3.0,Lack of direct evidence linking Drug-6 to the disease or its mechanisms.,0.625,3.25
2,Agitation associated with Alzheimer's dementia,drkg,kg,llama3.1:8b,1,8,E,8,0.125,0,0,0,1,,kg,conflicting,1.0,"The knowledge graph reports Drug-6's activation of HTR1A and other targets, but its mechanism in agitation associated with Alzheimer's is unclear due to sparse evidence.",0.875,2.25
2,LDL-C elevation in statin-intolerant dyslipidemia,drkg,kg,llama3.1:8b,0,8,E,1,1.0,1,1,1,1,,both,consistent,5.0,"Drug-8 targets PPARA, a transcription factor involved in lipid metabolism, making it a plausible candidate.",0.75,1.875
2,LDL-C elevation in statin-intolerant dyslipidemia,drkg,kg,llama3.1:8b,1,8,A,1,1.0,1,1,1,1,,kg,consistent,5.0,"Direct association with PPARA, a key regulator of lipid metabolism.",0.75,2.375
2,First-line anemia in lower-risk MDS,drkg,kg,llama3.1:8b,0,8,E,6,0.16666666666666666,0,0,0,1,,prior,insufficient,1.0,"Without any knowledge graph evidence or clear pharmacological connections to anemia, Drug-8 is uncertain for this indication.",0.75,2.25
2,First-line anemia in lower-risk MDS,drkg,kg,llama3.1:8b,1,8,G,8,0.125,0,0,0,1,,kg,insufficient,1.0,"There is no information provided for Drug-8, making it difficult to assess its mechanistic plausibility.",0.75,2.625
2,"Crohn's disease (moderate-severe, refractory)",drkg,kg,llama3.1:8b,0,8,B,3,0.3333333333333333,0,1,1,1,,kg,consistent,3.0,"Drug-7 targets IL23A, which is associated with Crohn's disease pathogenesis.",0.5,2.625
2,"Crohn's disease (moderate-severe, refractory)",drkg,kg,llama3.1:8b,1,8,B,1,1.0,1,1,1,1,,both,consistent,5.0,"Drug-7 targets IL23A, which is associated with Crohn's disease and has a mechanistic link to the disease through the knowledge graph.",0.375,2.25
2,COVID-19 in severe renal impairment/dialysis,drkg,kg,llama3.1:8b,0,8,G,7,0.14285714285714285,0,0,0,1,,kg,insufficient,1.0,There is not enough evidence for Drug-8 to assess its mechanistic plausibility.,1.0,2.375
2,COVID-19 in severe renal impairment/dialysis,drkg,kg,llama3.1:8b,1,8,B,5,0.2,0,0,1,1,,prior,insufficient,1.0,The lack of relevant targets or pathways for Drug-8 makes its mechanistic plausibility uncertain.,0.625,2.375
2,MASH with fibrosis,drkg,kg,llama3.1:8b,0,8,A,4,0.25,0,0,1,1,,kg,insufficient,1.0,"The KG evidence for Drug-8 is limited to activating GCG and targeting GLP1R, which are not directly related to fibrosis.",0.625,2.375
2,MASH with fibrosis,drkg,kg,llama3.1:8b,1,8,A,5,0.2,0,0,1,1,,kg,insufficient,1.0,The relationship between GLP1R activation and fibrosis is unclear without further evidence.,0.75,1.875
2,Pancreatic NET,drkg,kg,llama3.1:8b,0,8,A,1,1.0,1,1,1,1,,both,consistent,4.0,"Drug-8's inhibition of GNA11 and HGF signaling, which are implicated in NETs, provides a plausible mechanistic link.",0.625,2.0
2,Pancreatic NET,drkg,kg,llama3.1:8b,1,8,G,7,0.14285714285714285,0,0,0,1,,prior,insufficient,1.0,I do not have enough information to assess the plausibility of Drug-8 for treating Pancreatic NET.,0.625,1.875
2,Retinal vein occlusion,drkg,kg,llama3.1:8b,0,8,G,7,0.14285714285714285,0,0,0,1,,uncertain,insufficient,1.0,No evidence was provided for Drug-8.,0.375,2.875
2,Retinal vein occlusion,drkg,kg,llama3.1:8b,1,8,H,8,0.125,0,0,0,1,,prior,insufficient,1.0,No information is provided for Drug-8 in the knowledge graph or based on prior pharmacological knowledge.,0.625,2.375
2,Cerebral folate transport deficiency,drkg,kg,llama3.1:8b,0,8,H,7,0.14285714285714285,0,0,0,1,,kg,conflicting,4.0,"Drug-1 activates galanin receptors and targets some amino acid transporters, but these interactions are not directly related to folate transport regulation.",0.75,3.375
2,Cerebral folate transport deficiency,drkg,kg,llama3.1:8b,1,8,H,4,0.25,0,0,1,1,,prior,insufficient,1.0,No direct evidence linking Drug-1 to folate transport or FOLR1; relies on general pharmacological knowledge.,0.625,1.75
2,ILD-associated pulmonary hypertension,drkg,kg,llama3.1:8b,0,8,G,4,0.25,0,0,1,1,,kg,conflicting,2.0,"Drug-3 activates PTGERs, which are involved in inflammation and vascular remodeling, but the knowledge graph also reports it downregulating COA7 and RBFA, which could be counterproductive for this disease.",0.625,2.0
2,ILD-associated pulmonary hypertension,drkg,kg,llama3.1:8b,1,8,D,1,1.0,1,1,1,1,,prior,insufficient,3.0,Drug-4 has a broad action profile and may target multiple pathways relevant to ILD-associated pulmonary hypertension.,0.75,2.5
2,Indolent systemic mastocytosis (EMA),drkg,kg,llama3.1:8b,0,8,A,8,0.125,0,0,0,1,,kg,insufficient,1.0,The knowledge graph does not provide sufficient information to assess Drug-8's mechanistic plausibility for this disease.,0.75,1.75
2,Indolent systemic mastocytosis (EMA),drkg,kg,llama3.1:8b,1,8,B,4,0.25,0,0,1,1,,kg,insufficient,2.0,There is no direct evidence connecting Drug-8 to the target disease in the provided KG.,0.75,1.875
2,CRSwNP (eosinophilic chronic rhinosinusitis with nasal polyps),drkg,kg,llama3.1:8b,0,8,A,6,0.16666666666666666,0,0,0,1,,prior,insufficient,2.0,No relevant evidence was found for Drug-8.,0.875,2.75
2,CRSwNP (eosinophilic chronic rhinosinusitis with nasal polyps),drkg,kg,llama3.1:8b,1,8,A,5,0.2,0,0,1,1,,kg,conflicting,2.0,"Drug-8's associations with PPARA and PPARD suggest potential anti-inflammatory effects, but its inhibition of CLCN1 is inconsistent with this hypothesis.",0.75,2.0
2,Chronic hepatitis B (pediatric),drkg,kg,llama3.1:8b,0,8,H,8,0.125,0,0,0,1,,kg,insufficient,1.0,The KG evidence for Drug-8 is sparse and unclear.,0.75,2.625
2,Chronic hepatitis B (pediatric),drkg,kg,llama3.1:8b,1,8,A,8,0.125,0,0,0,1,,kg,insufficient,1.0,Drug-8's target proteins are not directly linked to known mechanisms in hepatitis B; it targets multiple proteins without clear relevance.,1.0,1.875
2,HoFH in children,drkg,kg,llama3.1:8b,0,8,E,6,0.16666666666666666,0,0,0,1,,prior,insufficient,1.0,"No information was provided for Drug-8, making it difficult to assess its potential efficacy against HoFH in children.",0.75,1.875
2,HoFH in children,drkg,kg,llama3.1:8b,1,8,C,4,0.25,0,0,1,1,,kg,insufficient,2.0,"The knowledge graph only mentions Drug-5's inhibition of SI and MGAM, which are related to glycogen metabolism rather than cholesterol.",0.875,2.625
2,Biliary tract cancer 1L,drkg,kg,llama3.1:8b,0,8,B,7,0.14285714285714285,0,0,0,1,,kg,conflicting,1.0,"The knowledge graph reports that Drug-8 targets CD274 and CD80, which are both involved in immune regulation; however, the relationship between these targets and biliary tract cancer is unclear.",0.625,1.875
2,Biliary tract cancer 1L,drkg,kg,llama3.1:8b,1,8,A,3,0.3333333333333333,0,1,1,1,,prior,insufficient,1.0,I am uncertain about the relevance of Drug-8's targets CD274 and CD80 to biliary tract cancer.,0.75,1.875
2,Diabetic retinopathy/DME (EMA Mar+May 2026),drkg,kg,llama3.1:8b,0,8,F,7,0.14285714285714285,0,0,0,1,,prior,insufficient,1.0,There is no direct evidence connecting Drug-8 to the disease's underlying mechanisms or relevant pathways in the knowledge graph.,0.25,1.75
2,Diabetic retinopathy/DME (EMA Mar+May 2026),drkg,kg,llama3.1:8b,1,8,D,8,0.125,0,0,0,1,,kg,insufficient,1.0,"The KG reports multiple targets and bindings for Drug-8, but none are directly related to Diabetic retinopathy/DME.",0.75,3.0
2,Spinal muscular atrophy (pediatric expansion),drkg,kg,llama3.1:8b,0,8,E,6,0.16666666666666666,0,0,0,1,,prior,insufficient,1.0,No information is available for Drug-8.,0.75,2.125
2,Spinal muscular atrophy (pediatric expansion),drkg,kg,llama3.1:8b,1,8,H,8,0.125,0,0,0,1,,kg,insufficient,1.0,No evidence is provided for Drug-8.,0.75,2.25
2,High LDL-C with increased CV risk (expanded),drkg,kg,llama3.1:8b,0,8,E,2,0.5,0,1,1,1,,kg,consistent,3.0,"Drug-4 binds CYP2C8 and CYP2C9, which are involved in cholesterol metabolism and could influence LDL-C levels.",1.0,2.75
2,High LDL-C with increased CV risk (expanded),drkg,kg,llama3.1:8b,1,8,A,4,0.25,0,0,1,1,,kg,insufficient,2.0,Drug-8's lack of reported associations with genes or pathways related to the disease makes its mechanistic plausibility uncertain.,0.875,3.375
2,Polycythaemia vera and essential thrombocytopenia,drkg,kg,llama3.1:8b,0,8,E,1,1.0,1,1,1,1,,prior,insufficient,4.0,"Given the direct activation of IFNAR2 and IFNAR1, Drug-1 is a plausible candidate based on prior knowledge of interferon's role in hematological disorders.",0.75,2.0
2,Polycythaemia vera and essential thrombocytopenia,drkg,kg,llama3.1:8b,1,8,E,1,1.0,1,1,1,1,,prior,insufficient,3.0,"Drug-1 activates IFNAR2 and IFNAR1, which are involved in interferon signaling. Given the association between IL11 and Polycythaemia vera and essential thrombocytopenia, a drug that activates interferon receptors could plausibly be effective.",0.75,1.75
2,Hidradenitis suppurativa,drkg,kg,llama3.1:8b,0,8,C,1,1.0,1,1,1,1,,kg,consistent,5.0,"Drug-6 inhibits IL17A, which is relevant to HS given its association with IL10 and IL1B.",0.75,3.0
2,Hidradenitis suppurativa,drkg,kg,llama3.1:8b,1,8,E,1,1.0,1,1,1,1,,prior,insufficient,4.0,"Based on my prior knowledge, Drug-6's inhibition of IL17A makes it a plausible candidate for targeting the underlying inflammatory processes in hidradenitis suppurativa.",0.75,2.5
2,Acute HCV pediatric,drkg,kg,llama3.1:8b,0,8,E,4,0.25,0,0,1,1,,prior,insufficient,2.0,No clear connection exists between Drug-8 and Acute HCV pediatric.,0.625,1.875
2,Acute HCV pediatric,drkg,kg,llama3.1:8b,1,8,B,3,0.3333333333333333,0,1,1,1,,kg,consistent,4.0,"Drug-8 targets SLCO1B1, a transporter involved in HCV treatment.",0.75,2.75
2,CKD in T2D,drkg,kg,llama3.1:8b,0,8,B,1,1.0,1,1,1,1,,both,consistent,4.0,"Drug-8 activates GCG, which is associated with CKD in T2D.",0.75,2.125
2,CKD in T2D,drkg,kg,llama3.1:8b,1,8,C,1,1.0,1,1,1,1,,prior,insufficient,5.0,"Drug-3 has a broad range of targets, including some that may be relevant to CKD in T2D, but the evidence is insufficient to confirm its plausibility.",0.75,3.25
2,BRAF V600E metastatic NSCLC,drkg,kg,llama3.1:8b,0,8,A,1,1.0,1,1,1,1,,both,consistent,4.0,Drug-7's inhibition of BRAF and RAF1 aligns with the disease's reliance on these proteins.,0.75,1.75
2,BRAF V600E metastatic NSCLC,drkg,kg,llama3.1:8b,1,8,H,1,1.0,1,1,1,1,,prior,insufficient,5.0,"Given the target disease is BRAF V600E metastatic NSCLC and Drug-7 directly inhibits BRAF, it is a strong candidate based on prior pharmacological knowledge.",0.875,1.875
2,Retinal vein occlusion,drkg,kg,llama3.1:8b,0,8,E,5,0.2,0,0,1,1,,kg,insufficient,1.0,There is insufficient evidence to link Drug-8 to Retinal vein occlusion.,0.75,2.0
2,Retinal vein occlusion,drkg,kg,llama3.1:8b,1,8,B,1,1.0,1,1,1,1,,both,consistent,4.0,Drug-7's inhibition of VEGFA is supported by its multiple targets including JAK2 and TYK2.,0.75,2.375
2,Agitation associated with Alzheimer's dementia,drkg,kg,llama3.1:8b,0,8,C,4,0.25,0,0,1,1,,kg,insufficient,2.0,"The targets of Drug-3 (SERPINE2, TNFSF13B, CDKN1B) do not appear directly related to agitation in Alzheimer's dementia.",1.0,2.875
2,Agitation associated with Alzheimer's dementia,drkg,kg,llama3.1:8b,1,8,G,7,0.14285714285714285,0,0,0,1,,kg,insufficient,2.0,Targets involved in cell signaling and survival pathways may be less relevant to agitation associated with Alzheimer's dementia.,0.875,2.625
2,Heterozygous familial hypercholesterolemia,drkg,kg,llama3.1:8b,0,8,F,1,1.0,1,1,1,1,,both,consistent,4.0,"Drug-7 (F) inhibits PCSK9, which is associated with the disease through the LDLR gene, and this mechanism is consistent with known pharmacology.",0.625,1.75
2,Heterozygous familial hypercholesterolemia,drkg,kg,llama3.1:8b,1,8,B,1,1.0,1,1,1,1,,kg,consistent,5.0,"Drug-7 inhibits PCSK9, which is a target for Heterozygous familial hypercholesterolemia treatment.",0.75,2.25
2,Acquired hypofibrinogenemia in cardiovascular surgery,drkg,kg,llama3.1:8b,0,8,F,3,0.3333333333333333,0,1,1,1,,uncertain,insufficient,2.0,No information is available for Drug-6 to assess its mechanistic plausibility.,0.5,2.0
2,Acquired hypofibrinogenemia in cardiovascular surgery,drkg,kg,llama3.1:8b,1,8,E,6,0.16666666666666666,0,0,0,1,,kg,insufficient,2.0,No relevant evidence was found for Drug-6; its mechanism is unclear.,0.75,3.0
2,Crohn's disease,drkg,kg,llama3.1:8b,0,8,B,1,1.0,1,1,1,1,,kg,consistent,4.0,"Drug-8 targets JAK3 and TYK2, which are involved in cytokine signaling and inflammation associated with Crohn's disease.",0.875,2.625
2,Crohn's disease,drkg,kg,llama3.1:8b,1,8,H,1,1.0,1,1,1,1,,kg,consistent,5.0,"Drug-8 targets JAK1/2/3/TYK2, which are involved in inflammatory pathways related to Crohn's disease.",0.875,1.875
2,COVID-19 updated strain,drkg,kg,llama3.1:8b,0,8,A,7,0.14285714285714285,0,0,0,1,,kg,insufficient,2.0,There is limited information on Drug-8's targets or interactions related to COVID-19.,0.375,2.6666666666666665
2,COVID-19 updated strain,drkg,kg,llama3.1:8b,1,8,G,8,0.125,0,0,0,1,,kg,insufficient,1.0,There is no clear evidence linking Drug-8 to any relevant COVID-19-related pathways,0.875,2.25
2,HoFH pediatric (EMA),drkg,kg,llama3.1:8b,0,8,C,3,0.3333333333333333,0,1,1,1,,prior,insufficient,2.0,Lack of relevant evidence for Drug-5; its targets (PTAFR and HRH1) are not directly related to lipid metabolism.,0.625,1.875
2,HoFH pediatric (EMA),drkg,kg,llama3.1:8b,1,8,B,1,1.0,1,1,1,1,,prior,insufficient,2.0,"Drug-1 has a broad range of targets and effects, but no clear connection to HoFH pediatric.",0.25,1.75
2,Primary mediastinal large B-cell lymphoma,drkg,kg,llama3.1:8b,0,8,C,2,0.5,0,1,1,1,,kg,insufficient,3.0,"While Drug-7 has a broad range of targets, there is no clear connection to the pathophysiology of Primary mediastinal large B-cell lymphoma.",0.625,1.875
2,Primary mediastinal large B-cell lymphoma,drkg,kg,llama3.1:8b,1,8,H,2,0.5,0,1,1,1,,kg,conflicting,3.0,"Drug-7's association with DNA mismatch repair and immune checkpoint targets suggests potential efficacy, but also raises concerns about off-target effects.",0.75,1.875
2,TRD monotherapy,drkg,kg,llama3.1:8b,0,8,H,8,0.125,0,0,0,1,,kg,insufficient,1.0,The targets of Drug-5 are not directly related to the genes associated with TRD monotherapy in the knowledge graph.,0.75,2.0
2,TRD monotherapy,drkg,kg,llama3.1:8b,1,8,B,5,0.2,0,0,1,1,,prior,insufficient,1.0,No clear evidence links this candidate to TRD monotherapy,0.6666666666666666,2.1666666666666665
2,Reduce MACE in CVD + obesity/overweight,drkg,kg,llama3.1:8b,0,8,H,3,0.3333333333333333,0,1,1,1,,kg,insufficient,2.0,"Drug-7's activation of GCG is relevant to glucose regulation, but no direct connection to MACE in CVD + obesity/overweight is established.",0.875,1.875
2,Reduce MACE in CVD + obesity/overweight,drkg,kg,llama3.1:8b,1,8,G,7,0.14285714285714285,0,0,0,1,,prior,insufficient,1.0,There is no information provided about Drug-8 or Drug-7's targets/pathways in relation to the target disease.,0.42857142857142855,2.0
2,Allergic fungal rhinosinusitis (AFRS) ≥6yr,drkg,kg,llama3.1:8b,0,8,E,1,1.0,1,1,1,1,,both,consistent,4.0,"Drug-8 targets IL-4R, a key player in allergic reactions.",0.875,2.625
2,Allergic fungal rhinosinusitis (AFRS) ≥6yr,drkg,kg,llama3.1:8b,1,8,H,3,0.3333333333333333,0,1,1,1,,kg,consistent,2.0,"Drug-8's targeting of IL4R is consistent with the immunological aspects of AFRS, but requires further investigation.",0.5,1.875
2,Measles prophylaxis post-exposure,drkg,kg,llama3.1:8b,0,8,F,6,0.16666666666666666,0,0,0,1,,kg,insufficient,1.0,No clear connection between Drug-1's targets (FCGRs) and measles prophylaxis post-exposure is evident.,0.75,2.0
2,Measles prophylaxis post-exposure,drkg,kg,llama3.1:8b,1,8,C,4,0.25,0,0,1,1,,prior,insufficient,2.0,FCGRs and C4B are involved in antibody-dependent cellular cytotoxicity; their targeting does not directly relate to measles prophylaxis.,0.625,2.0
2,Obstructive sleep apnea with obesity,drkg,kg,llama3.1:8b,0,8,H,8,0.125,0,0,0,1,,kg,insufficient,1.0,No information is available for Drug-8,0.875,2.375
2,Obstructive sleep apnea with obesity,drkg,kg,llama3.1:8b,1,8,B,7,0.14285714285714285,0,0,0,1,,kg,insufficient,1.0,There is no clear mechanistic link between Drug-8 and the target disease based on the provided evidence.,0.875,2.375
2,HER2+ solid tumors (tumor-agnostic),drkg,kg,llama3.1:8b,0,8,H,6,0.16666666666666666,0,0,0,1,,kg,insufficient,1.0,Drug-8's targets do not appear to be directly related to HER2+ solid tumors based on the provided knowledge graph evidence.,0.625,1.5
2,HER2+ solid tumors (tumor-agnostic),drkg,kg,llama3.1:8b,1,8,F,4,0.25,0,0,1,1,,kg,conflicting,2.0,"The targeting of PTEN by Drug-5 may seem relevant to cancer biology, but PTEN's role in HER2+ tumors is not as clear-cut; this could be a potential 'oncogene' vs. 'tumor suppressor' scenario.",0.75,2.5
2,Heart failure (broadened),drkg,kg,llama3.1:8b,0,8,B,6,0.16666666666666666,0,0,0,1,,kg,insufficient,2.0,"Drug-8 inhibits SLC5A1 and SLC5A2, but these interactions do not strongly suggest a role in heart failure.",1.0,2.125
2,Heart failure (broadened),drkg,kg,llama3.1:8b,1,8,H,5,0.2,0,0,1,1,,kg,insufficient,2.0,No direct evidence links Drug-8's targets (e.g. SLC transporters) to the pathophysiology of heart failure.,1.0,2.5
2,GVHD + pediatric,drkg,kg,llama3.1:8b,0,8,A,1,1.0,1,1,1,1,,both,consistent,4.0,"Drug-6 targets SH2B3, which is associated with GVHD + pediatric through the knowledge graph, and also inhibits JAK1/JAK2/ JAK3, which is a known mechanism for treating autoimmune diseases like GVHD.",0.75,2.375
2,GVHD + pediatric,drkg,kg,llama3.1:8b,1,8,C,3,0.3333333333333333,0,1,1,1,,both,conflicting,2.0,"Drug-6 downregulates multiple targets, but the knowledge graph also reports upregulation of some genes associated with GVHD+pediatric; further investigation is needed to reconcile these discrepancies.",0.75,1.875
2,COVID-19 (expanded population),drkg,kg,llama3.1:8b,0,8,D,5,0.2,0,0,1,1,,kg,insufficient,5.0,"The knowledge graph evidence for Drug-8 is limited to a single association with IGKV3-7, which does not directly relate to COVID-19.",0.875,4.25
2,COVID-19 (expanded population),drkg,kg,llama3.1:8b,1,8,H,8,0.125,0,0,0,1,,kg,insufficient,1.0,"No information is available for Drug-8, making its mechanistic plausibility uncertain.",0.75,2.625
2,Delay T1D onset in children ≥1yr,drkg,kg,llama3.1:8b,0,8,A,6,0.16666666666666666,0,0,0,1,,kg,insufficient,1.0,"Drug-6 inhibits ATP4B and ATP4A, but there is no direct connection between these targets and the disease mechanisms.",0.5,2.75
2,Delay T1D onset in children ≥1yr,drkg,kg,llama3.1:8b,1,8,F,8,0.125,0,0,0,1,,prior,insufficient,1.0,No relevant evidence or targets are provided for Drug-6.,0.5,1.875
2,BRAF+ thyroid cancer,drkg,kg,llama3.1:8b,0,8,E,1,1.0,1,1,1,1,,both,consistent,5.0,"Drug-8 targets MAP2K1/2, which are involved in BRAF+ thyroid cancer through the MAPK signaling pathway.",0.5714285714285714,2.5714285714285716
2,BRAF+ thyroid cancer,drkg,kg,llama3.1:8b,1,8,D,1,1.0,1,1,1,1,,kg,consistent,5.0,Drug-8 targets MAP2K1 and other related kinases involved in BRAF+ thyroid cancer pathogenesis.,0.75,2.375
2,Chronic kidney disease,drkg,kg,llama3.1:8b,0,8,D,1,1.0,1,1,1,1,,both,consistent,4.0,"Drug-6 targets INS and inhibits SLC5A2, which could be relevant to kidney function regulation.",0.875,2.5
2,Chronic kidney disease,drkg,kg,llama3.1:8b,1,8,F,2,0.5,0,1,1,1,,prior,insufficient,4.0,"Drug-6 targets INS and inhibits SLC5A1/2, which could be relevant to kidney function regulation.",0.625,3.375
2,IgG4-related disease,drkg,kg,llama3.1:8b,0,8,G,7,0.14285714285714285,0,0,0,1,,uncertain,insufficient,1.0,No evidence is provided for Drug-8 in the knowledge graph.,0.625,2.5
2,IgG4-related disease,drkg,kg,llama3.1:8b,1,8,A,4,0.25,0,0,1,1,,prior,insufficient,3.0,"No direct association was found between Drug-8 and IgG4-related disease; however, its mechanism of action may overlap with other candidates.",0.75,2.625
2,Oral tablet formulation for weight management,drkg,kg,llama3.1:8b,0,8,B,1,1.0,1,1,1,1,,kg,consistent,4.0,"Drug-8 targets GLP1R, a key hormone in appetite regulation and weight management.",0.875,2.0
2,Oral tablet formulation for weight management,drkg,kg,llama3.1:8b,1,8,A,3,0.3333333333333333,0,1,1,1,,kg,insufficient,2.0,"Candidate A's activation of GCG is not directly linked to weight regulation, limiting its mechanistic plausibility.",0.75,1.875
2,Follicular lymphoma,drkg,kg,llama3.1:8b,0,8,E,7,0.14285714285714285,0,0,0,1,,prior,insufficient,1.0,There is no provided evidence for Drug-8's mechanism of action or its relevance to Follicular lymphoma.,0.5,2.125
2,Follicular lymphoma,drkg,kg,llama3.1:8b,1,8,D,7,0.14285714285714285,0,0,0,1,,kg,insufficient,1.0,Drug-4's action on DRD1 and inhibition of DRD2 do not clearly indicate a mechanistic link to Follicular lymphoma.,1.0,2.625
2,Palmoplantar pustulosis (PMDA),drkg,kg,llama3.1:8b,0,8,G,3,0.3333333333333333,0,1,1,1,,prior,insufficient,2.0,We have limited prior knowledge of IL23A's role in skin inflammation.,0.625,2.75
2,Palmoplantar pustulosis (PMDA),drkg,kg,llama3.1:8b,1,8,H,3,0.3333333333333333,0,1,1,1,,prior,insufficient,4.0,Prior knowledge suggests IL-23 plays a crucial role in psoriasis; targeting IL-23A may provide therapeutic benefits for PMDA.,0.75,2.5
2,Acquired hypothalamic obesity,drkg,kg,llama3.1:8b,0,8,H,1,1.0,1,1,1,1,,both,consistent,5.0,"Drug-6 targets MC4R, a key gene associated with the disease",0.625,2.625
2,Acquired hypothalamic obesity,drkg,kg,llama3.1:8b,1,8,F,1,1.0,1,1,1,1,,kg,consistent,5.0,"Drug-6 activates MC4R, a key gene associated with Acquired hypothalamic obesity.",0.875,2.625
2,Pheochromocytoma/paraganglioma,drkg,kg,llama3.1:8b,0,8,A,7,0.14285714285714285,0,0,0,1,,kg,insufficient,1.0,"Drug-8 targets EPAS1, but this is not linked to Pheochromocytoma/paraganglioma in the knowledge graph.",0.75,2.375
2,Pheochromocytoma/paraganglioma,drkg,kg,llama3.1:8b,1,8,G,6,0.16666666666666666,0,0,0,1,,kg,insufficient,2.0,"Drug-8's target EPAS1 is associated with hypoxia-inducible factor regulation, which may be indirectly related to the disease profile.",0.875,2.75
2,IgE-mediated food allergy,drkg,kg,llama3.1:8b,0,8,A,1,1.0,1,1,1,1,,kg,consistent,4.0,"Drug-1's inhibition of IGHE, a gene associated with IgE-mediated food allergy, suggests potential efficacy.",0.625,2.0
2,IgE-mediated food allergy,drkg,kg,llama3.1:8b,1,8,B,2,0.5,0,1,1,1,,both,consistent,4.0,"Directly inhibits IGHE, a gene associated with IgE-mediated food allergy.",0.42857142857142855,2.0
2,Advanced RCC after PD-1/PD-L1 + VEGF-TKI,drkg,kg,llama3.1:8b,0,8,F,2,0.5,0,1,1,1,,kg,consistent,3.0,"Drug-8 targets EPAS1, which is a potential candidate for RCC treatment, although more evidence would be needed to confirm.",0.625,2.375
2,Advanced RCC after PD-1/PD-L1 + VEGF-TKI,drkg,kg,llama3.1:8b,1,8,A,2,0.5,0,1,1,1,,kg,insufficient,3.0,"Drug-8 targets EPAS1, but the association between this target and RCC is unclear.",1.0,2.375
2,COPD,drkg,kg,llama3.1:8b,0,8,F,4,0.25,0,0,1,1,,kg,insufficient,1.0,No clear connection between IL4R and COPD inflammation,0.625,2.125
2,COPD,drkg,kg,llama3.1:8b,1,8,F,4,0.25,0,0,1,1,,prior,insufficient,3.0,"Given its inhibitory effect on NEU1, Drug-6 may have some potential in treating COPD; however, the knowledge graph provides limited information.",0.75,2.875
2,mHSPC + ADT,drkg,kg,llama3.1:8b,0,8,H,8,0.125,0,0,0,1,,kg,insufficient,1.0,"The knowledge graph only mentions that Drug-8 targets PGR and AR; without further context or evidence, its relevance to mHSPC + ADT is highly uncertain.",1.0,2.25
2,mHSPC + ADT,drkg,kg,llama3.1:8b,1,8,C,1,1.0,1,1,1,1,,prior,insufficient,4.0,"Drug-8 targets PGR and AR, which may be relevant to mHSPC + ADT given the disease's relation to MESH:D010412 (prostate cancer)",0.5,2.0
2,COPD (EMA 2025),drkg,kg,llama3.1:8b,0,8,D,1,1.0,1,1,1,1,,kg,consistent,4.0,"Drug-8 targets IL4R, but there is no direct link between IL4R and COPD in the knowledge graph.",0.75,2.375
2,COPD (EMA 2025),drkg,kg,llama3.1:8b,1,8,G,2,0.5,0,1,1,1,,kg,insufficient,2.0,The knowledge graph does not provide sufficient evidence for Drug-8's plausibility in treating COPD.,0.625,2.625
2,dMMR/MSI-H primary advanced endometrial cancer,drkg,kg,llama3.1:8b,0,8,H,8,0.125,0,0,0,1,,prior,insufficient,1.0,"No evidence was provided for Drug-8; we rely solely on our prior knowledge, which does not suggest a strong link to endometrial cancer.",0.875,2.375
2,dMMR/MSI-H primary advanced endometrial cancer,drkg,kg,llama3.1:8b,1,8,G,8,0.125,0,0,0,1,,prior,insufficient,1.0,"No information is available for Drug-8, making it uncertain for this disease.",0.875,2.25
2,Generalized myasthenia gravis,drkg,kg,llama3.1:8b,0,8,B,6,0.16666666666666666,0,0,0,1,,kg,insufficient,1.0,No clear mechanistic link exists between Drug-8 and Generalized Myasthenia Gravis based on the provided evidence.,0.75,2.125
2,Generalized myasthenia gravis,drkg,kg,llama3.1:8b,1,8,D,1,1.0,1,1,1,1,,prior,insufficient,4.0,"No clear evidence links Drug-4 to any of the associated genes, but its mechanism of action on CYP2D6 and ATP1A1 might suggest potential efficacy.",0.375,2.375
2,Urothelial carcinoma (expanded population),drkg,kg,llama3.1:8b,0,8,H,3,0.3333333333333333,0,1,1,1,,prior,insufficient,2.0,"No evidence from the KG links Drug-8 to urothelial carcinoma; however, its target NECTIN4 is involved in cell adhesion",0.75,2.5
2,Urothelial carcinoma (expanded population),drkg,kg,llama3.1:8b,1,8,B,7,0.14285714285714285,0,0,0,1,,kg,insufficient,1.0,The target of Drug-8 is not clearly related to urothelial carcinoma.,0.625,1.875
2,Crohn's disease,drkg,kg,llama3.1:8b,0,8,D,1,1.0,1,1,1,1,,kg,consistent,5.0,"Drug-8 targets IL23A, which is associated with Crohn's disease.",0.75,2.625
2,Crohn's disease,drkg,kg,llama3.1:8b,1,8,E,1,1.0,1,1,1,1,,kg,consistent,5.0,"Directly targets IL23A, a key cytokine in Crohn's disease pathogenesis.",0.75,2.25
2,RAS wild-type HER2+ metastatic colorectal cancer,drkg,kg,llama3.1:8b,0,8,C,1,1.0,1,1,1,1,,kg,consistent,5.0,"Drug-7 specifically targets ERBB2, a key driver in HER2+ metastatic colorectal cancer.",0.75,2.375
2,RAS wild-type HER2+ metastatic colorectal cancer,drkg,kg,llama3.1:8b,1,8,A,1,1.0,1,1,1,1,,both,consistent,4.0,"Drug-7 targets ERBB2, a pathway implicated in HER2+ cancers.",0.875,1.75
2,Atopic dermatitis,drkg,kg,llama3.1:8b,0,8,H,8,0.125,0,0,0,1,,kg,insufficient,2.0,"The knowledge graph reports associations for Drug-7, but its mechanistic plausibility is uncertain due to a lack of direct evidence linking it to atopic dermatitis pathways.",0.875,2.625
2,Atopic dermatitis,drkg,kg,llama3.1:8b,1,8,C,2,0.5,0,1,1,1,,kg,consistent,4.0,"Drug-7's inhibition of JAK1 and JAK2, key components of the Janus kinase/signal transducers and activators of transcription (JAK/STAT) pathway involved in inflammation, supports its potential efficacy.",0.8571428571428571,2.2857142857142856
2,dMMR recurrent/advanced endometrial cancer,drkg,kg,llama3.1:8b,0,8,A,2,0.5,0,1,1,1,,kg,insufficient,3.0,There is limited evidence in the knowledge graph for Drug-8's potential relevance to dMMR endometrial cancer.,0.75,2.0
2,dMMR recurrent/advanced endometrial cancer,drkg,kg,llama3.1:8b,1,8,A,8,0.125,0,0,0,1,,prior,insufficient,1.0,There is no specific evidence in the knowledge graph for Drug-8's potential mechanism of action against dMMR endometrial cancer.,0.625,2.375
2,Polymyalgia rheumatica,drkg,kg,llama3.1:8b,0,8,H,8,0.125,0,0,0,1,,kg,insufficient,1.0,The targets of Drug-8 (FCGRs) are not directly related to polymyalgia rheumatica.,0.375,2.5
2,Polymyalgia rheumatica,drkg,kg,llama3.1:8b,1,8,G,4,0.25,0,0,1,1,,prior,insufficient,1.0,"Based on pharmacological knowledge, drugs targeting immune receptors may be relevant for autoimmune diseases like Polymyalgia rheumatica. However, the lack of specific evidence in the knowledge graph precludes a higher ranking.",0.75,1.875
2,Metastatic colorectal cancer,drkg,kg,llama3.1:8b,0,8,G,7,0.14285714285714285,0,0,0,1,,kg,consistent,4.0,"Drug-3 downregulates several targets involved in cell cycle regulation and DNA repair, which is relevant to cancer.",0.625,3.0
2,Metastatic colorectal cancer,drkg,kg,llama3.1:8b,1,8,E,4,0.25,0,0,1,1,,kg,consistent,3.0,"The evidence suggests that Drug-3 downregulates some proteins involved in cell cycle and proliferation, which could be relevant to metastatic colorectal cancer.",0.75,2.75
2,Ulcerative colitis,drkg,kg,llama3.1:8b,0,8,C,1,1.0,1,1,1,1,,both,consistent,5.0,"Drug-2's broad target profile includes TPMT and CA4, which are linked to ulcerative colitis via the KG.",0.875,2.75
2,Ulcerative colitis,drkg,kg,llama3.1:8b,1,8,C,1,1.0,1,1,1,1,,kg,consistent,4.0,"Drug-8 targets IL12B, which is involved in the inflammatory response associated with ulcerative colitis.",0.875,2.125
2,MSI-H/dMMR solid tumors (full approval conversion),drkg,kg,llama3.1:8b,0,8,B,1,1.0,1,1,1,1,,both,consistent,5.0,"Drug-4 targets several DNA mismatch repair genes (MSH2, MSH6, MLH1, and PMS2), which are frequently mutated in MSI-H/dMMR tumors.",0.75,2.5
2,MSI-H/dMMR solid tumors (full approval conversion),drkg,kg,llama3.1:8b,1,8,A,4,0.25,0,0,1,1,,kg,conflicting,5.0,"The profile shows multiple associations with targets related to DNA mismatch repair, but some are conflicting (e.g., MSH2 and PDCD1 inhibition). The role of these targets in MSI-H/dMMR solid tumors is complex.",0.875,2.875
2,Schnitzler syndrome (Japan),drkg,kg,llama3.1:8b,0,8,C,1,1.0,1,1,1,1,,kg,consistent,4.0,"Drug-7 inhibits IL1B, a key gene associated with Schnitzler syndrome.",0.5,2.875
2,Schnitzler syndrome (Japan),drkg,kg,llama3.1:8b,1,8,E,1,1.0,1,1,1,1,,kg,consistent,5.0,"Drug-7 inhibits IL1B, a key gene associated with the disease.",0.625,2.875
2,HR+/HER2- metastatic breast cancer,drkg,kg,llama3.1:8b,0,8,A,1,1.0,1,1,1,1,,kg,consistent,4.0,Drug-7's inhibition of PARP2 and other DNA damage response targets makes it a plausible candidate for HR+/HER2- metastatic breast cancer.,1.0,1.75
2,HR+/HER2- metastatic breast cancer,drkg,kg,llama3.1:8b,1,8,G,1,1.0,1,1,1,1,,kg,consistent,5.0,"Drug-7 targets BRCA2 and BRCA1, which are relevant to HR+/HER2- metastatic breast cancer.",1.0,3.125
2,Giant cell arteritis,drkg,kg,llama3.1:8b,0,8,E,1,1.0,1,1,1,1,,kg,consistent,4.0,"Drug-8's inhibition of JAK1 and targeting of TYK2, JAK3, and JAK2 aligns with the disease's association with IL10 and IL1B genes, suggesting a plausible mechanism for modulating inflammation.",0.875,2.0
2,Giant cell arteritis,drkg,kg,llama3.1:8b,1,8,G,1,1.0,1,1,1,1,,kg,consistent,5.0,"Drug-8 inhibits JAK1, which is associated with the disease via IL10 and IL1B genes.",0.875,2.375
2,Neoadj+adj HNSCC,drkg,kg,llama3.1:8b,0,8,A,3,0.3333333333333333,0,1,1,1,,kg,insufficient,2.0,The knowledge graph associates Drug-5 with several targets and pathways but does not directly link it to Neoadj+adj HNSCC.,0.75,1.875
2,Neoadj+adj HNSCC,drkg,kg,llama3.1:8b,1,8,A,3,0.3333333333333333,0,1,1,1,,kg,insufficient,2.0,"The knowledge graph reports Drug-5 targets several genes associated with Neoadj+adj HNSCC, but the evidence is sparse and requires further validation.",0.875,1.875
2,Psoriasis in children 6-11 (cream),drkg,kg,llama3.1:8b,0,8,H,8,0.125,0,0,0,1,,kg,insufficient,1.0,The targets of Drug-2 are not directly linked to Psoriasis in children 6-11 (cream).,0.625,2.75
2,Psoriasis in children 6-11 (cream),drkg,kg,llama3.1:8b,1,8,D,1,1.0,1,1,1,1,,both,consistent,4.0,"Drug-2's inhibition of TNF, a key cytokine involved in psoriasis, and its targeting of FTMT, which is related to the disease through MESH:D001528, provide strong mechanistic support.",0.75,1.875
2,dMMR/MSI-H primary advanced endometrial cancer (+chemo),drkg,kg,llama3.1:8b,0,8,D,7,0.14285714285714285,0,0,0,1,,kg,insufficient,1.0,There is insufficient evidence to assess Drug-8's mechanistic plausibility for this disease.,0.75,2.375
2,dMMR/MSI-H primary advanced endometrial cancer (+chemo),drkg,kg,llama3.1:8b,1,8,F,7,0.14285714285714285,0,0,0,1,,,,,,0.6666666666666666,2.1666666666666665
2,Primary immunodeficiency pediatric (EMA),drkg,kg,llama3.1:8b,0,8,C,1,1.0,1,1,1,1,,both,consistent,4.0,"Drug-1 targets multiple Fc receptors involved in immune response, which is relevant to primary immunodeficiency pediatric (EMA).",0.625,1.75
2,Primary immunodeficiency pediatric (EMA),drkg,kg,llama3.1:8b,1,8,C,1,1.0,1,1,1,1,,both,consistent,4.0,"Drug-1 targets multiple Fc receptors, potentially modulating immune responses and making it a plausible candidate for treating primary immunodeficiency pediatric (EMA).",0.875,1.875
2,HR+/HER2- breast cancer,drkg,kg,llama3.1:8b,0,8,H,8,0.125,0,0,0,1,,kg,insufficient,1.0,"No relevant targets or pathways are mentioned for Drug-8 in the knowledge graph, making its plausibility uncertain.",0.875,2.0
2,HR+/HER2- breast cancer,drkg,kg,llama3.1:8b,1,8,H,8,0.125,0,0,0,1,,prior,insufficient,1.0,"No evidence was provided for Drug-8, so it's difficult to assess its mechanistic plausibility.",0.75,2.25
2,Ulcerative colitis,drkg,kg,llama3.1:8b,0,8,H,2,0.5,0,1,1,1,,prior,insufficient,3.0,"While Drug-6 targets IL23A, a cytokine involved in inflammation, the knowledge graph evidence is limited.",0.875,2.0
2,Ulcerative colitis,drkg,kg,llama3.1:8b,1,8,C,1,1.0,1,1,1,1,,kg,consistent,4.0,"Drug-6 targets IL23A, a well-established target for treating Ulcerative Colitis.",0.75,2.125
2,HER2-mutant NSCLC (PMDA),drkg,kg,llama3.1:8b,0,8,E,5,0.2,0,0,1,1,,kg,insufficient,1.0,Drug-8's targets FCGR1A and TOP1 are not directly related to HER2-mutant NSCLC (PMDA).,0.875,2.625
2,HER2-mutant NSCLC (PMDA),drkg,kg,llama3.1:8b,1,8,B,3,0.3333333333333333,0,1,1,1,,kg,insufficient,3.0,The knowledge graph only reports targets for Drug-8 without indicating any direct link to HER2-mutant NSCLC (PMDA).,0.75,2.625
2,Pediatric atopic dermatitis,drkg,kg,llama3.1:8b,0,8,F,2,0.5,0,1,1,1,,kg,consistent,3.0,"Drug-8's inhibition of JAK1, TYK2, and its targets suggest a potential mechanistic link to pediatric atopic dermatitis.",0.625,2.25
2,Pediatric atopic dermatitis,drkg,kg,llama3.1:8b,1,8,A,1,1.0,1,1,1,1,,kg,consistent,4.0,"Drug-8's inhibition of JAK1/2/3, which are involved in immune cell signaling, is consistent with a potential therapeutic effect against pediatric atopic dermatitis.",1.0,2.375
2,HER2-mutant NSCLC (EMA),drkg,kg,llama3.1:8b,0,8,E,1,1.0,1,1,1,1,,kg,consistent,5.0,"Drug-8 targets TOP1, which is associated with the disease through a pathway",0.875,3.5
2,HER2-mutant NSCLC (EMA),drkg,kg,llama3.1:8b,1,8,C,2,0.5,0,1,1,1,,kg,insufficient,4.0,"Targeting FCGR1A and TOP1 could be relevant, but more evidence is needed to understand the connection",0.875,2.625
2,IV formulation for rheumatic diseases (EMA),drkg,kg,llama3.1:8b,0,8,C,1,1.0,1,1,1,1,,kg,consistent,5.0,"Inhibits IL17A, which is associated with inflammatory diseases like rheumatoid arthritis",0.75,3.5
2,IV formulation for rheumatic diseases (EMA),drkg,kg,llama3.1:8b,1,8,E,1,1.0,1,1,1,1,,kg,consistent,4.0,"Drug-7 inhibits IL17A, which is associated with rheumatic diseases.",1.0,2.125
2,Resectable gastric/GEJ adenocarcinoma (neoadj+adj +FLOT),drkg,kg,llama3.1:8b,0,8,G,8,0.125,0,0,0,1,,kg,insufficient,1.0,Drug-7 targets CD274 and CD80 but lacks a clear connection to this disease in the knowledge graph,0.875,2.375
2,Resectable gastric/GEJ adenocarcinoma (neoadj+adj +FLOT),drkg,kg,llama3.1:8b,1,8,F,6,0.16666666666666666,0,0,0,1,,kg,insufficient,2.0,Drug-7's targeting of CD274 and CD80 might be relevant in immune-related therapies but lacks direct connection to gastric/GEJ adenocarcinoma.,0.875,2.25
2,Antibody-mediated rejection in organ transplantation,drkg,kg,llama3.1:8b,0,8,G,2,0.5,0,1,1,1,,kg,consistent,4.0,"The knowledge graph indicates that Drug-1 targets XIAP and ABCB1, which suggests a potential role in immune regulation.",0.75,2.25
2,Antibody-mediated rejection in organ transplantation,drkg,kg,llama3.1:8b,1,8,C,8,0.125,0,0,0,1,,kg,insufficient,1.0,The knowledge graph does not provide sufficient connections between Drug-1 and the disease or related pathways.,0.625,2.75
2,RET-fusion NSCLC (expanded),drkg,kg,llama3.1:8b,0,8,G,5,0.2,0,0,1,1,,kg,insufficient,1.0,There is no clear link between Drug-8 and RET-fusion NSCLC (expanded) in the knowledge graph.,0.625,2.5
2,RET-fusion NSCLC (expanded),drkg,kg,llama3.1:8b,1,8,D,6,0.16666666666666666,0,0,0,1,,prior,insufficient,1.0,"No relevant evidence is available for Drug-4 in the knowledge graph, so I relied on prior pharmacological knowledge to rank this candidate.",0.125,1.875
2,EGPA,drkg,kg,llama3.1:8b,0,8,B,1,1.0,1,1,1,1,,prior,insufficient,3.0,"Drug-1's inhibition of IGHE and targeting of FCER1A are unrelated to EGPA, but the targets MS4A2 may be relevant given its association with immune responses.",0.8571428571428571,2.4285714285714284
2,EGPA,drkg,kg,llama3.1:8b,1,8,D,2,0.5,0,1,1,1,,prior,insufficient,3.0,"Based on prior knowledge of EGPA's association with genes IL5 and FAS, Drug-1 targets MS4A2, which is related to FCER1A, a mediator in the Th2 response.",0.625,2.125
2,HR+/HER2- metastatic breast cancer,drkg,kg,llama3.1:8b,0,8,A,1,1.0,1,1,1,1,,kg,consistent,5.0,"Targets ABCC4, SLC22A6, and TERT, which are relevant to HR+/HER2- metastatic breast cancer",0.75,2.75
2,HR+/HER2- metastatic breast cancer,drkg,kg,llama3.1:8b,1,8,D,6,0.16666666666666666,0,0,0,1,,prior,insufficient,1.0,"No relevant information was found in the knowledge graph, but its inhibition of TK2 and TERT suggests a potential link to cancer metabolism.",0.75,2.375
2,Primary humoral immunodeficiency pediatric 2-11yr,drkg,kg,llama3.1:8b,0,8,E,1,1.0,1,1,1,1,,kg,consistent,4.0,Drug-1 targets several Fc receptors involved in antibody-dependent cellular cytotoxicity and phagocytosis.,0.875,2.625
2,Primary humoral immunodeficiency pediatric 2-11yr,drkg,kg,llama3.1:8b,1,8,B,1,1.0,1,1,1,1,,kg,consistent,4.0,"Drug-1 targets several Fc receptors, which are critical for antibody-mediated responses and may help restore function in humoral immunodeficiency.",0.875,2.125
2,Pediatric glioma (EMA),drkg,kg,llama3.1:8b,0,8,C,6,0.16666666666666666,0,0,0,1,,kg,insufficient,2.0,"Multiple targets and pathways affected, but relevance to glioma is unclear.",0.75,2.75
2,Pediatric glioma (EMA),drkg,kg,llama3.1:8b,1,8,H,8,0.125,0,0,0,1,,prior,insufficient,3.0,No relevant information available in the knowledge graph.,0.625,3.125
2,Juvenile idiopathic arthritis (EMA Feb 2026),drkg,kg,llama3.1:8b,0,8,A,1,1.0,1,1,1,1,,both,consistent,5.0,"Drug-8 targets Janus Kinases (JAKs), which are associated with JIA through the evidence and pharmacological knowledge.",0.625,2.75
2,Juvenile idiopathic arthritis (EMA Feb 2026),drkg,kg,llama3.1:8b,1,8,B,1,1.0,1,1,1,1,,kg,consistent,5.0,JAK1/2 inhibition has established efficacy in similar diseases and a plausible link to juvenile idiopathic arthritis.,0.375,1.875
2,Ph+ CML-CP after 2+ TKIs,drkg,kg,llama3.1:8b,0,8,H,1,1.0,1,1,1,1,,kg,consistent,5.0,"Drug-8 directly targets ABL1, making it a strong candidate given the disease's BCR-ABL1 mutation background.",0.625,2.125
2,Ph+ CML-CP after 2+ TKIs,drkg,kg,llama3.1:8b,1,8,C,1,1.0,1,1,1,1,,kg,consistent,5.0,"Drug-8 targets ABL1, which is a key driver in Ph+ CML-CP, making it the top candidate.",0.625,2.625
2,KRAS G12C+ mCRC,drkg,kg,llama3.1:8b,0,8,G,1,1.0,1,1,1,1,,kg,consistent,5.0,Direct targeting of KRAS.,0.5714285714285714,3.0
2,KRAS G12C+ mCRC,drkg,kg,llama3.1:8b,1,8,F,1,1.0,1,1,1,1,,both,consistent,5.0,"Drug-8 targets KRAS directly, which is a key driver of the disease.",0.875,2.375
2,HR+/HER2- early breast cancer (adjuvant),drkg,kg,llama3.1:8b,0,8,C,1,1.0,1,1,1,1,,both,consistent,4.0,"Drug-6 targets CCND2 and CDK4/CDK6, which are implicated in breast cancer cell proliferation.",0.75,2.0
2,HR+/HER2- early breast cancer (adjuvant),drkg,kg,llama3.1:8b,1,8,A,1,1.0,1,1,1,1,,kg,consistent,4.0,"Inhibits CDK4/CDK6, which are involved in cell cycle progression.",0.625,1.875
2,First-line anemia in lower-risk MDS,drkg,kg,llama3.1:8b,0,8,D,7,0.14285714285714285,0,0,0,1,,kg,insufficient,2.0,No evidence provided for Drug-7.,0.75,2.5
2,First-line anemia in lower-risk MDS,drkg,kg,llama3.1:8b,1,8,B,5,0.2,0,0,1,1,,prior,insufficient,1.0,No clear connection between Drug-7 and anemia in lower-risk MDS based on the provided evidence.,0.75,2.5
2,Follicular lymphoma (+obinutuzumab),drkg,kg,llama3.1:8b,0,8,F,1,1.0,1,1,1,1,,kg,consistent,5.0,"Drug-8 targets several tyrosine kinases (BMX, TEC, TXK, FRK, BLK, ITK, PTK6, FGR) which are involved in cell proliferation and survival, making it a plausible candidate.",0.875,2.75
2,Follicular lymphoma (+obinutuzumab),drkg,kg,llama3.1:8b,1,8,C,1,1.0,1,1,1,1,,prior,insufficient,4.0,"Although no direct evidence is provided for Drug-8's association with Follicular lymphoma, its mechanism of action on tyrosine kinases could be relevant due to the involvement of tyrosine kinases in lymphoma development.",0.625,2.625
2,1L biliary tract cancer (+gemcitabine+cisplatin),drkg,kg,llama3.1:8b,0,8,E,2,0.5,0,1,1,1,,kg,consistent,4.0,"Drug-6 targets multiple genes involved in DNA mismatch repair, which is a known pathway in biliary tract cancer.",0.25,2.0
2,1L biliary tract cancer (+gemcitabine+cisplatin),drkg,kg,llama3.1:8b,1,8,D,6,0.16666666666666666,0,0,0,1,,kg,insufficient,2.0,"The knowledge graph reports associations between Drug-6 and various targets, but none are directly linked to biliary tract cancer.",0.75,2.0
2,"ALK+ solid tumors (tissue-agnostic, world-first)",drkg,kg,llama3.1:8b,0,8,E,1,1.0,1,1,1,1,,kg,consistent,5.0,"Drug-8 inhibits ALK, a key driver of ALK+ solid tumors.",0.5,2.125
2,"ALK+ solid tumors (tissue-agnostic, world-first)",drkg,kg,llama3.1:8b,1,8,A,1,1.0,1,1,1,1,,both,consistent,4.0,Drug-8's inhibition of ALK and its targets in the EML4-ALK fusion pathway make it a strong candidate for treating ALK+ solid tumors.,0.875,1.75
2,Pediatric BRAF V600E low-grade glioma,drkg,kg,llama3.1:8b,0,8,D,1,1.0,1,1,1,1,,both,consistent,5.0,"Drug-5 inhibits BRAF, a key target in pediatric BRAF V600E low-grade glioma.",0.75,2.125
2,Pediatric BRAF V600E low-grade glioma,drkg,kg,llama3.1:8b,1,8,E,1,1.0,1,1,1,1,,both,consistent,5.0,"Drug-5 has direct evidence of inhibiting BRAF and RAF1, crucial targets in the MAPK pathway.",0.75,2.375
2,Platinum-resistant ovarian carcinoma (PD-L1+ CPS≥1),drkg,kg,llama3.1:8b,0,8,E,1,1.0,1,1,1,1,,kg,consistent,5.0,Direct inhibition of PDCD1 and CD274 by Drug-8 suggests a potential therapeutic effect in PD-L1+ platinum-resistant ovarian carcinoma.,0.875,2.375
2,Platinum-resistant ovarian carcinoma (PD-L1+ CPS≥1),drkg,kg,llama3.1:8b,1,8,B,1,1.0,1,1,1,1,,kg,consistent,5.0,"Drug-8 inhibits PDCD1 (PD-L1) and targets several mismatch repair proteins (MSH2, MSH3, MSH6), which are involved in platinum resistance.",0.375,2.25
2,Ph+ CML-CP frontline (EMA Feb 2026),drkg,kg,llama3.1:8b,0,8,F,1,1.0,1,1,1,1,,kg,consistent,5.0,"Drug-8 specifically targets ABL1, a key driver in Ph+ CML-CP.",0.75,2.375
2,Ph+ CML-CP frontline (EMA Feb 2026),drkg,kg,llama3.1:8b,1,8,B,1,1.0,1,1,1,1,,both,consistent,5.0,"Drug-8 targets ABL1, which is a key driver of CML-CP.",0.75,2.625
2,Gastric/GEJ adenocarcinoma,drkg,kg,llama3.1:8b,0,8,F,2,0.5,0,1,1,1,,kg,consistent,3.0,"Drug-5's inhibition of ELK1, a transcription factor involved in cancer cell proliferation and survival, is a promising mechanistic link.",0.75,1.875
2,Gastric/GEJ adenocarcinoma,drkg,kg,llama3.1:8b,1,8,B,7,0.14285714285714285,0,0,0,1,,kg,insufficient,1.0,Limited evidence linking CD274 and CD80 targets to gastric/GEJ adenocarcinoma,0.75,2.25
2,Chronic lymphocytic leukemia,drkg,kg,llama3.1:8b,0,8,A,3,0.3333333333333333,0,1,1,1,,kg,consistent,2.0,"Drug-8 targets several tyrosine kinases, which are involved in signal transduction pathways that may be dysregulated in Chronic lymphocytic leukemia",0.875,2.2857142857142856
2,Chronic lymphocytic leukemia,drkg,kg,llama3.1:8b,1,8,D,2,0.5,0,1,1,1,,kg,consistent,5.0,"Targets tyrosine kinases, which are known to be involved in CLL",0.5714285714285714,2.857142857142857
2,HER2+ early-stage BC (neoadjuvant + adjuvant),drkg,kg,llama3.1:8b,0,8,E,7,0.14285714285714285,0,0,0,1,,kg,insufficient,2.0,FCGR1A and TOP1 targets are not directly related to HER2+ BC.,0.625,2.75
2,HER2+ early-stage BC (neoadjuvant + adjuvant),drkg,kg,llama3.1:8b,1,8,D,4,0.25,0,0,1,1,,kg,insufficient,3.0,Drug-8's targets are primarily related to immune response and do not directly link to HER2+ breast cancer.,0.875,2.75
2,HR+/HER2-low breast cancer,drkg,kg,llama3.1:8b,0,8,G,3,0.3333333333333333,0,1,1,1,,kg,insufficient,2.0,"The knowledge graph shows that Drug-6 activates NR3C1, which is a glucocorticoid receptor, but there is no clear link to HR+/HER2-low breast cancer.",0.875,2.625
2,HR+/HER2-low breast cancer,drkg,kg,llama3.1:8b,1,8,D,4,0.25,0,0,1,1,,kg,insufficient,5.0,"Drug-8 targets FCGR1A and TOP1, but there is no clear link to HR+/HER2-low breast cancer in the knowledge graph.",0.875,4.5
2,"Pediatric low-grade glioma (+dabrafenib, BRAF V600E)",drkg,kg,llama3.1:8b,0,8,A,1,1.0,1,1,1,1,,both,consistent,5.0,Drug-7's inhibition of MAP2K5 and KRAS is consistent with a potential mechanism to inhibit the MAPK pathway in pediatric low-grade glioma.,0.75,2.0
2,"Pediatric low-grade glioma (+dabrafenib, BRAF V600E)",drkg,kg,llama3.1:8b,1,8,G,1,1.0,1,1,1,1,,both,consistent,5.0,"Drug-7 targets MAP2Ks, which are involved in the BRAF pathway's regulation; this makes it a promising candidate for treating Pediatric low-grade glioma (+dabrafenib) given its link to BRAF V600E.",1.0,2.375
2,Unresectable thymic carcinoma (PMDA),drkg,kg,llama3.1:8b,0,8,A,1,1.0,1,1,1,1,,both,consistent,5.0,"Drug-7 targets FLT1 and VEGFA, which are involved in angiogenesis; this pathway is relevant to tumor growth.",0.25,2.25
2,Unresectable thymic carcinoma (PMDA),drkg,kg,llama3.1:8b,1,8,G,7,0.14285714285714285,0,0,0,1,,kg,conflicting,1.0,"Drug-7 targets several receptors and kinases but its direct connection to PMDA via FLT1, KDR, or RET is not clear.",0.875,2.0
2,BRAF+ thyroid cancer,drkg,kg,llama3.1:8b,0,8,C,1,1.0,1,1,1,1,,both,consistent,4.0,"Drug-7 inhibits BRAF, which is a key driver of BRAF+ thyroid cancer.",0.875,1.875
2,BRAF+ thyroid cancer,drkg,kg,llama3.1:8b,1,8,F,1,1.0,1,1,1,1,,both,consistent,5.0,"Drug-7 targets BRAF directly, making it a strong candidate for treating BRAF+ thyroid cancer.",1.0,2.5714285714285716
2,IDH1-mutated relapsed/refractory MDS,drkg,kg,llama3.1:8b,0,8,G,1,1.0,1,1,1,1,,kg,consistent,5.0,"Directly targets IDH1, which is a key mutation in the disease.",0.75,2.5
2,IDH1-mutated relapsed/refractory MDS,drkg,kg,llama3.1:8b,1,8,E,1,1.0,1,1,1,1,,both,consistent,5.0,"Drug-8 targets IDH1, which is directly associated with the disease IDH1-mutated relapsed/refractory MDS.",0.75,3.0
2,Biliary tract cancer,drkg,kg,llama3.1:8b,0,8,D,1,1.0,1,1,1,1,,both,consistent,4.0,"Drug-8 targets MLH1 and PMS2, which are involved in DNA mismatch repair, a key pathway implicated in Biliary Tract Cancer.",0.75,2.0
2,Biliary tract cancer,drkg,kg,llama3.1:8b,1,8,D,3,0.3333333333333333,0,1,1,1,,prior,conflicting,4.0,"Drug-8 targets various genes and proteins related to DNA repair and immune response, which may be relevant to Biliary tract cancer; however, some of these interactions are conflicting with known functions.",0.375,3.0
2,"mCRC BRAF V600E (traditional approval, was accelerated)",drkg,kg,llama3.1:8b,0,8,D,1,1.0,1,1,1,1,,both,consistent,5.0,"Drug-7 directly inhibits BRAF, a key target in mCRC with BRAF V600E mutation.",0.75,2.125
2,"mCRC BRAF V600E (traditional approval, was accelerated)",drkg,kg,llama3.1:8b,1,8,H,1,1.0,1,1,1,1,,both,consistent,5.0,"Drug-7 directly inhibits BRAF, making it a strong candidate for mCRC BRAF V600E.",0.75,2.625
2,Gastric/GEJ adenocarcinoma (1L +chemo),drkg,kg,llama3.1:8b,0,8,B,5,0.2,0,0,1,1,,kg,conflicting,1.0,"CD274 and CD80 are relevant targets for immunotherapy, but their association with Drug-6 is not strongly supported by the knowledge graph.",1.0,2.375
2,Gastric/GEJ adenocarcinoma (1L +chemo),drkg,kg,llama3.1:8b,1,8,H,1,1.0,1,1,1,1,,prior,insufficient,4.0,"Based on prior knowledge, CD274 and CD80 are involved in immune regulation, making Drug-6 a plausible candidate for treating gastric/GEJ adenocarcinoma.",0.75,2.625
2,Chorea associated with Huntington's disease,biokg,kg,llama3.1:8b,0,8,F,8,0.125,0,0,0,1,,kg,conflicting,1.0,"Drug-8 targets CP3A5 and CP2D6 but also CP3A4, which is also targeted by Drug-7; this conflicting evidence makes it uncertain for Huntington's disease treatment.",0.625,2.125
2,Chorea associated with Huntington's disease,biokg,kg,llama3.1:8b,1,8,F,5,0.2,0,0,1,1,,kg,insufficient,4.0,Drug-3 targets various calcium channels but lacks a clear link to Huntington's disease or chorea in the knowledge graph.,0.875,2.625
2,Chronic thromboembolic pulmonary hypertension,biokg,kg,llama3.1:8b,0,8,F,3,0.3333333333333333,0,1,1,1,,both,consistent,3.0,"Drug-7 modulates the antithrombosis pathway, which could be relevant for treating a thromboembolic condition like Chronic thromboembolic pulmonary hypertension.",0.625,2.125
2,Chronic thromboembolic pulmonary hypertension,biokg,kg,llama3.1:8b,1,8,B,2,0.5,0,1,1,1,,both,consistent,3.0,"Drug-7 modulates antithrombosis agents and targets MDR1, which is a gene associated with drug resistance and potentially relevant to the disease.",1.0,2.25
2,Indolent systemic mastocytosis,biokg,kg,llama3.1:8b,0,8,H,1,1.0,1,1,1,1,,kg,consistent,5.0,"Drug-8 targets KIT, which is relevant for indolent systemic mastocytosis.",0.375,2.375
2,Indolent systemic mastocytosis,biokg,kg,llama3.1:8b,1,8,D,1,1.0,1,1,1,1,,both,consistent,4.0,"Drug-8 targets KIT, a key driver in indolent systemic mastocytosis.",1.0,2.125
2,EGPA (expanded),biokg,kg,llama3.1:8b,0,8,A,2,0.5,0,1,1,1,,kg,insufficient,2.0,The knowledge graph does not provide sufficient evidence to assess the plausibility of Drug-8 for EGPA.,0.625,1.875
2,EGPA (expanded),biokg,kg,llama3.1:8b,1,8,F,1,1.0,1,1,1,1,,kg,consistent,4.0,"Drug-8 targets IL5RA, a gene associated with EGPA.",0.625,1.75
2,Invasive fungal infections pediatric ≥2yr,biokg,kg,llama3.1:8b,0,8,B,1,1.0,1,1,1,1,,both,consistent,4.0,"Drug-4 modulates the antifungal pathway and targets MDR1, which is involved in fungal resistance.",0.75,2.5
2,Invasive fungal infections pediatric ≥2yr,biokg,kg,llama3.1:8b,1,8,H,1,1.0,1,1,1,1,,both,consistent,4.0,"Drug-4 targets MDR1 and CP3A4, both involved in antifungal resistance and metabolism; this mechanistic link is consistent with its potential efficacy against invasive fungal infections.",1.0,2.25
2,PKU expanded to ≥12yr,biokg,kg,llama3.1:8b,0,8,B,3,0.3333333333333333,0,1,1,1,,kg,consistent,4.0,"Drug-8's lack of direct associations makes it uncertain; indirect targets (e.g., MDR1) hint at broader effects on cell membranes.",0.875,3.0
2,PKU expanded to ≥12yr,biokg,kg,llama3.1:8b,1,8,E,1,1.0,1,1,1,1,,prior,insufficient,3.0,Lack of specific evidence makes Drug-5's mechanism uncertain,0.625,3.0
2,Nephrotic syndrome,biokg,kg,llama3.1:8b,0,8,G,3,0.3333333333333333,0,1,1,1,,prior,insufficient,2.0,"Drug-6 targets HRH3 and HNMT, which are involved in histamine regulation and methylation processes.",0.625,1.5
2,Nephrotic syndrome,biokg,kg,llama3.1:8b,1,8,G,3,0.3333333333333333,0,1,1,1,,prior,insufficient,5.0,No direct association with nephrotic syndrome or relevant targets.,0.625,4.25
2,HR+/HER2- node-positive high-risk early breast cancer,biokg,kg,llama3.1:8b,0,8,C,2,0.5,0,1,1,1,,prior,insufficient,3.0,"CDK4 and CDK6 inhibition has been explored in breast cancer; however, no direct connection to HR+/HER2- node-positive high-risk early breast cancer is reported.",0.625,2.5
2,HR+/HER2- node-positive high-risk early breast cancer,biokg,kg,llama3.1:8b,1,8,B,1,1.0,1,1,1,1,,both,consistent,4.0,"Drug-7 targets CDK6 and CDK4, which are relevant to breast cancer biology.",0.625,2.125
2,Retinopathy of prematurity,biokg,kg,llama3.1:8b,0,8,H,1,1.0,1,1,1,1,,both,consistent,5.0,"Drug-7 targets VEGFA, which is involved in angiogenesis and has been implicated in retinopathy of prematurity.",0.375,2.375
2,Retinopathy of prematurity,biokg,kg,llama3.1:8b,1,8,F,1,1.0,1,1,1,1,,kg,consistent,4.0,"Drug-7 targets PLGF and VEGFA, which are related to retinopathy of prematurity.",1.0,2.25
2,Agitation associated with Alzheimer's dementia,biokg,kg,llama3.1:8b,0,8,A,4,0.25,0,0,1,1,,kg,conflicting,1.0,"Drug-6 targets various receptors and transporters, but some of these targets are also associated with other diseases or pathways.",0.75,2.0
2,Agitation associated with Alzheimer's dementia,biokg,kg,llama3.1:8b,1,8,C,5,0.2,0,0,1,1,,kg,conflicting,2.0,"The KG associates Drug-6 with various targets, but most are not relevant to Alzheimer's disease or agitation; this conflicts with prior knowledge that these targets are more related to other conditions.",0.75,2.75
2,LDL-C elevation in statin-intolerant dyslipidemia,biokg,kg,llama3.1:8b,0,8,B,5,0.2,0,0,1,1,,kg,insufficient,1.0,"The knowledge graph reports associations for Drug-8, but they do not appear to be relevant to LDL-C elevation in statin-intolerant dyslipidemia.",0.625,1.875
2,LDL-C elevation in statin-intolerant dyslipidemia,biokg,kg,llama3.1:8b,1,8,C,1,1.0,1,1,1,1,,both,consistent,5.0,"Drug-8 targets TY3H, which is mentioned in the disease profile but not as a target; however, it's plausible given its involvement in lipid metabolism.",0.75,2.125
2,First-line anemia in lower-risk MDS,biokg,kg,llama3.1:8b,0,8,E,6,0.16666666666666666,0,0,0,1,,uncertain,insufficient,1.0,No relevant information available in the knowledge graph,0.5,2.625
2,First-line anemia in lower-risk MDS,biokg,kg,llama3.1:8b,1,8,H,8,0.125,0,0,0,1,,kg,insufficient,1.0,"No information is available for Drug-8, making its mechanistic plausibility uncertain.",0.75,1.875
2,"Crohn's disease (moderate-severe, refractory)",biokg,kg,llama3.1:8b,0,8,A,5,0.2,0,0,1,1,,kg,conflicting,1.0,"Drug-7 targets IL23A, which could be relevant given the involvement of inflammatory pathways in Crohn's disease. However, the knowledge graph reports conflicting information with no clear link to the disease.",0.375,1.875
2,"Crohn's disease (moderate-severe, refractory)",biokg,kg,llama3.1:8b,1,8,B,1,1.0,1,1,1,1,,kg,consistent,4.0,"Drug-7 targets IL23A, which is involved in inflammatory bowel disease.",0.875,2.375
2,COVID-19 in severe renal impairment/dialysis,biokg,kg,llama3.1:8b,0,8,H,8,0.125,0,0,0,1,,kg,conflicting,2.0,"The targets of Drug-8 (MRP4, NTCP) are related to renal impairment but not directly implicated in COVID-19 pathophysiology.",0.75,3.0
2,COVID-19 in severe renal impairment/dialysis,biokg,kg,llama3.1:8b,1,8,E,5,0.2,0,0,1,1,,kg,conflicting,2.0,"Drug-8 targets several transporters and receptors, but some of its connections conflict with established knowledge (e.g., targeting SO1B3/SO1B1). Its relevance to COVID-19 in severe renal impairment/dialysis is uncertain.",1.0,2.5
2,MASH with fibrosis,biokg,kg,llama3.1:8b,0,8,C,4,0.25,0,0,1,1,,kg,insufficient,2.0,The targets of Drug-8 do not strongly suggest a connection to MASH with fibrosis.,0.875,2.25
2,MASH with fibrosis,biokg,kg,llama3.1:8b,1,8,D,3,0.3333333333333333,0,1,1,1,,prior,insufficient,2.0,"Drug-8 has a broad range of targets, but none are directly related to the pathophysiology of MASH with fibrosis.",0.5,2.25
2,Pancreatic NET,biokg,kg,llama3.1:8b,0,8,H,5,0.2,0,0,1,1,,,,,,,
2,Pancreatic NET,biokg,kg,llama3.1:8b,1,8,B,3,0.3333333333333333,0,1,1,1,,kg,insufficient,2.0,"Drug-8 targets multiple receptors, but no direct connection to Pancreatic NET is evident from the provided evidence.",0.875,1.875
2,Retinal vein occlusion,biokg,kg,llama3.1:8b,0,8,G,8,0.125,0,0,0,1,,prior,insufficient,1.0,"No information is available about Drug-8, making it impossible to assess its plausibility for Retinal Vein Occlusion.",0.625,1.875
2,Retinal vein occlusion,biokg,kg,llama3.1:8b,1,8,D,5,0.2,0,0,1,1,,kg,insufficient,1.0,There's no direct evidence from the knowledge graph linking Drug-8 to pathways relevant for Retinal vein occlusion; its relevance is uncertain.,0.75,1.875
2,Cerebral folate transport deficiency,biokg,kg,llama3.1:8b,0,8,D,4,0.25,0,0,1,1,,prior,conflicting,2.0,"Modulates various antibiotic action pathways, but this doesn't directly relate to folate metabolism or the disease; targets SYLM and TYW4 with no known connection",0.625,3.125
2,Cerebral folate transport deficiency,biokg,kg,llama3.1:8b,1,8,C,2,0.5,0,1,1,1,,kg,insufficient,3.0,"The knowledge graph reports associations between Drug-1 and various pathways and targets, but none directly related to folate transport or metabolism.",1.0,2.0
2,ILD-associated pulmonary hypertension,biokg,kg,llama3.1:8b,0,8,C,1,1.0,1,1,1,1,,both,consistent,4.0,"Drug-3 targets CP2C9, which is associated with ILD-associated pulmonary hypertension in the knowledge graph.",0.875,1.875
2,ILD-associated pulmonary hypertension,biokg,kg,llama3.1:8b,1,8,E,6,0.16666666666666666,0,0,0,1,,kg,consistent,5.0,"Drug-3 targets CP2C9, which is also relevant to ILD-associated pulmonary hypertension, but its other targets don't seem as directly related.",0.75,2.875
2,Indolent systemic mastocytosis (EMA),biokg,kg,llama3.1:8b,0,8,B,1,1.0,1,1,1,1,,both,consistent,5.0,"Drug-8 targets KIT, which is a well-established target for mast cell disorders.",0.625,3.0
2,Indolent systemic mastocytosis (EMA),biokg,kg,llama3.1:8b,1,8,A,1,1.0,1,1,1,1,,kg,consistent,4.0,"Drug-8 targets KIT, which is associated with indolent systemic mastocytosis (ISM), making it a strong candidate.",0.625,1.875
2,CRSwNP (eosinophilic chronic rhinosinusitis with nasal polyps),biokg,kg,llama3.1:8b,0,8,D,5,0.2,0,0,1,1,,kg,conflicting,1.0,"Drug-4 targets OPRM, but also UD2B7 and other receptors; its involvement in CRSwNP is uncertain due to conflicting or incomplete evidence.",1.0,1.875
2,CRSwNP (eosinophilic chronic rhinosinusitis with nasal polyps),biokg,kg,llama3.1:8b,1,8,F,5,0.2,0,0,1,1,,prior,insufficient,2.0,"No information is available on Drug-8, so I relied on my prior knowledge and considered it a less likely candidate.",0.5,2.0
2,Chronic hepatitis B (pediatric),biokg,kg,llama3.1:8b,0,8,H,7,0.14285714285714285,0,0,0,1,,prior,insufficient,1.0,No relevant associations found in the knowledge graph.,0.375,2.75
2,Chronic hepatitis B (pediatric),biokg,kg,llama3.1:8b,1,8,F,6,0.16666666666666666,0,0,0,1,,kg,insufficient,2.0,Targets PPGB and KAD1 are not directly related to Chronic hepatitis B (pediatric),0.5,1.875
2,HoFH in children,biokg,kg,llama3.1:8b,0,8,E,5,0.2,0,0,1,1,,kg,insufficient,1.0,There's no relevant information provided about this candidate.,0.75,1.875
2,HoFH in children,biokg,kg,llama3.1:8b,1,8,F,8,0.125,0,0,0,1,,kg,insufficient,1.0,No relevant information is provided in the knowledge graph.,0.625,1.75
2,Biliary tract cancer 1L,biokg,kg,llama3.1:8b,0,8,E,1,1.0,1,1,1,1,,kg,consistent,4.0,"PD1L1 is a known target for immunotherapy in various cancers, and its targeting by Drug-8 suggests potential mechanistic plausibility",0.625,2.125
2,Biliary tract cancer 1L,biokg,kg,llama3.1:8b,1,8,D,4,0.25,0,0,1,1,,prior,insufficient,5.0,"Although Drug-8 targets PD1L1 and CD80, which are involved in immune responses, there is no clear connection to the molecular mechanisms of Biliary tract cancer 1L.",0.5,4.625
2,Diabetic retinopathy/DME (EMA Mar+May 2026),biokg,kg,llama3.1:8b,0,8,D,6,0.16666666666666666,0,0,0,1,,kg,insufficient,1.0,No evidence is provided for Drug-8's relevance to this disease.,0.875,2.25
2,Diabetic retinopathy/DME (EMA Mar+May 2026),biokg,kg,llama3.1:8b,1,8,H,8,0.125,0,0,0,1,,prior,insufficient,1.0,"No relevant information was provided for Drug-8, and no prior knowledge suggests a connection to Diabetic retinopathy/DME.",0.625,2.0
2,Spinal muscular atrophy (pediatric expansion),biokg,kg,llama3.1:8b,0,8,C,6,0.16666666666666666,0,0,0,1,,kg,conflicting,1.0,The knowledge graph reports conflicting associations for Drug-8.,0.625,1.875
2,Spinal muscular atrophy (pediatric expansion),biokg,kg,llama3.1:8b,1,8,B,4,0.25,0,0,1,1,,kg,insufficient,1.0,Limited information provided; no clear mechanistic link to SMA,0.875,2.5
2,High LDL-C with increased CV risk (expanded),biokg,kg,llama3.1:8b,0,8,G,8,0.125,0,0,0,1,,prior,insufficient,1.0,No information available for Drug-8,0.375,1.875
2,High LDL-C with increased CV risk (expanded),biokg,kg,llama3.1:8b,1,8,A,7,0.14285714285714285,0,0,0,1,,kg,conflicting,1.0,"Drug-8 modulates pathway Anticonvulsants, which is unrelated to high LDL-C with increased CV risk.",0.5714285714285714,2.142857142857143
2,Polycythaemia vera and essential thrombocytopenia,biokg,kg,llama3.1:8b,0,8,H,8,0.125,0,0,0,1,,kg,insufficient,1.0,"The targets of Drug-1 (CP1A2) could be related to some metabolic processes, but there's no clear link to JAK2 or Polycythaemia vera and essential thrombocytopenia.",0.75,2.0
2,Polycythaemia vera and essential thrombocytopenia,biokg,kg,llama3.1:8b,1,8,C,5,0.2,0,0,1,1,,prior,insufficient,3.0,INAR2/1 targets are not typically associated with polycythaemia vera and essential thrombocytopenia.,0.25,3.0
2,Hidradenitis suppurativa,biokg,kg,llama3.1:8b,0,8,H,2,0.5,0,1,1,1,,kg,consistent,3.0,"Drug-6 targets IL17, which is involved in the immune response related to Hidradenitis suppurativa.",0.75,1.875
2,Hidradenitis suppurativa,biokg,kg,llama3.1:8b,1,8,D,1,1.0,1,1,1,1,,prior,insufficient,5.0,"Drug-6 targets IL17, which is involved in inflammatory processes similar to HS.",0.5,2.375
2,Acute HCV pediatric,biokg,kg,llama3.1:8b,0,8,A,6,0.16666666666666666,0,0,0,1,,prior,conflicting,1.0,The targets CP343 and SO1B1/SO1B3/ABC2 of Drug-8 are not associated with the disease pathways reported by the knowledge graph.,0.625,2.375
2,Acute HCV pediatric,biokg,kg,llama3.1:8b,1,8,E,1,1.0,1,1,1,1,,both,consistent,5.0,"Drug-8 modulates pathways related to Hepatitis C and targets CP3A7 and MDR1, which are involved in the disease's molecular mechanisms.",0.5,2.75
2,CKD in T2D,biokg,kg,llama3.1:8b,0,8,F,2,0.5,0,1,1,1,,kg,consistent,5.0,"Drug-7 targets 5HT2A, which is associated with various diseases but not directly linked to CKD in T2D.",0.625,3.0
2,CKD in T2D,biokg,kg,llama3.1:8b,1,8,D,2,0.5,0,1,1,1,,prior,insufficient,3.0,"Drug-8's targets suggest potential efficacy in CKD in T2D, but explicit connections from the KG are lacking.",0.875,1.625
2,BRAF V600E metastatic NSCLC,biokg,kg,llama3.1:8b,0,8,H,1,1.0,1,1,1,1,,kg,consistent,5.0,"Drug-7 targets BRAF, which is a key driver of the disease.",0.625,3.0
2,BRAF V600E metastatic NSCLC,biokg,kg,llama3.1:8b,1,8,A,1,1.0,1,1,1,1,,both,consistent,4.0,Direct targeting of BRAF supports potential efficacy in BRAF V600E metastatic NSCLC.,0.5,2.0
2,Retinal vein occlusion,biokg,kg,llama3.1:8b,0,8,D,5,0.2,0,0,1,1,,prior,insufficient,1.0,No information is available on Drug-8's targets or pathways involved in its action.,0.375,2.0
2,Retinal vein occlusion,biokg,kg,llama3.1:8b,1,8,G,7,0.14285714285714285,0,0,0,1,,prior,insufficient,2.0,Lack of evidence for Drug-8 makes it hard to assess its plausibility for treating RVOS.,0.875,1.875
2,Agitation associated with Alzheimer's dementia,biokg,kg,llama3.1:8b,0,8,H,8,0.125,0,0,0,1,,kg,insufficient,1.0,The N-Metyl-D-aspartic acid receptor antagonists pathway modulated by Drug-3 does not have a clear connection to Alzheimer's disease.,0.875,1.875
2,Agitation associated with Alzheimer's dementia,biokg,kg,llama3.1:8b,1,8,G,7,0.14285714285714285,0,0,0,1,,kg,insufficient,1.0,"The provided associations suggest a link between Drug-3 and various targets; however, many of these targets are not directly related to Alzheimer's disease.",0.625,2.375
2,Heterozygous familial hypercholesterolemia,biokg,kg,llama3.1:8b,0,8,D,1,1.0,1,1,1,1,,kg,consistent,5.0,"Candidate D targets PCSK9, which is a key gene associated with familial hypercholesterolemia.",0.75,2.0
2,Heterozygous familial hypercholesterolemia,biokg,kg,llama3.1:8b,1,8,F,1,1.0,1,1,1,1,,both,consistent,5.0,"Drug-7 targets PCSK9, which is associated with cholesterol metabolism and a potential target for familial hypercholesterolemia.",0.625,2.375
2,Acquired hypofibrinogenemia in cardiovascular surgery,biokg,kg,llama3.1:8b,0,8,E,9,0.1111111111111111,0,0,0,1,,,,,,0.5714285714285714,2.857142857142857
2,Acquired hypofibrinogenemia in cardiovascular surgery,biokg,kg,llama3.1:8b,1,8,B,5,0.2,0,0,1,1,,kg,insufficient,1.0,No direct connection to the disease or its associated genes in the knowledge graph.,0.625,2.0
2,Crohn's disease,biokg,kg,llama3.1:8b,0,8,C,2,0.5,0,1,1,1,,kg,insufficient,3.0,"Drug-8 targets several transporters and enzymes, but no direct association with Crohn's disease pathways is reported in the knowledge graph.",0.625,3.625
2,Crohn's disease,biokg,kg,llama3.1:8b,1,8,A,4,0.25,0,0,1,1,,kg,consistent,5.0,"Drug-8 targets JAK1, which is a key player in the NOD-like receptor signaling pathway associated with Crohn's disease.",0.5,2.375
2,COVID-19 updated strain,biokg,kg,llama3.1:8b,0,8,E,3,0.3333333333333333,0,1,1,1,,prior,insufficient,3.0,"While no direct evidence is provided, Drug-8's mechanism of action may be relevant to COVID-19 based on its pharmacological profile.",0.625,2.5
2,COVID-19 updated strain,biokg,kg,llama3.1:8b,1,8,D,5,0.2,0,0,1,1,,prior,insufficient,2.0,"No specific information is available for Drug-4, but based on general pharmacological knowledge, it's uncertain how relevant this drug could be.",0.5,3.125
2,HoFH pediatric (EMA),biokg,kg,llama3.1:8b,0,8,B,8,0.125,0,0,0,1,,kg,insufficient,1.0,"The knowledge graph reports multiple targets for Drug-2, but none are directly related to HoFH pediatric; further investigation is required.",1.0,1.75
2,HoFH pediatric (EMA),biokg,kg,llama3.1:8b,1,8,A,3,0.3333333333333333,0,1,1,1,,prior,insufficient,2.0,We lack sufficient evidence from the knowledge graph or our prior knowledge to assess Drug-8's relevance to HoFH pediatric.,0.0,2.375
2,Primary mediastinal large B-cell lymphoma,biokg,kg,llama3.1:8b,0,8,E,2,0.5,0,1,1,1,,kg,consistent,5.0,"Drug-7 targets PDCD1, a PD-1 inhibitor with established efficacy in B-cell lymphomas.",0.75,2.375
2,Primary mediastinal large B-cell lymphoma,biokg,kg,llama3.1:8b,1,8,B,5,0.2,0,0,1,1,,kg,insufficient,2.0,PDCD1's role in immune response and potential cancer involvement makes it a weak candidate for primary mediastinal large B-cell lymphoma.,0.875,2.5
2,TRD monotherapy,biokg,kg,llama3.1:8b,0,8,A,2,0.5,0,1,1,1,,kg,insufficient,3.0,"The knowledge graph reports Drug-5 targets several proteins related to NMDA receptor antagonists and BDNF, but no direct link to TRD monotherapy is provided.",0.625,1.75
2,TRD monotherapy,biokg,kg,llama3.1:8b,1,8,B,1,1.0,1,1,1,1,,both,consistent,4.0,"Drug-5 targets NMDE2, which is involved in mood regulation, and modulates N-Metyl-D-aspartic acid receptor antagonists pathway.",0.5,2.125
2,Reduce MACE in CVD + obesity/overweight,biokg,kg,llama3.1:8b,0,8,C,2,0.5,0,1,1,1,,kg,insufficient,3.0,"Although Drug-7 targets various genes, none directly relate to those mentioned in the disease profile.",0.375,2.125
2,Reduce MACE in CVD + obesity/overweight,biokg,kg,llama3.1:8b,1,8,C,2,0.5,0,1,1,1,,kg,insufficient,3.0,"While Drug-7 targets several genes and receptors, there is no direct association with the target disease in the knowledge graph.",1.0,1.875
2,Allergic fungal rhinosinusitis (AFRS) ≥6yr,biokg,kg,llama3.1:8b,0,8,H,2,0.5,0,1,1,1,,prior,insufficient,3.0,IL-4 receptor antagonist could potentially reduce eosinophilic inflammation in AFRS.,0.75,2.125
2,Allergic fungal rhinosinusitis (AFRS) ≥6yr,biokg,kg,llama3.1:8b,1,8,F,1,1.0,1,1,1,1,,kg,consistent,5.0,"Drug-8 targets IL4RA, and IL-4 signaling is implicated in AFRS ≥6yr.",1.0,2.5
2,Measles prophylaxis post-exposure,biokg,kg,llama3.1:8b,0,8,G,6,0.16666666666666666,0,0,0,1,,prior,insufficient,1.0,The targets of Drug-1 don't seem to be directly related to measles prophylaxis post-exposure.,0.5,2.142857142857143
2,Measles prophylaxis post-exposure,biokg,kg,llama3.1:8b,1,8,E,1,1.0,1,1,1,1,,prior,insufficient,4.0,"Based on prior knowledge of the immune system, Drug-1 targets FCGRB and FCG2C suggest some involvement in immune response modulation",0.625,1.75
2,Obstructive sleep apnea with obesity,biokg,kg,llama3.1:8b,0,8,H,8,0.125,0,0,0,1,,kg,insufficient,1.0,No information available for Drug-8,0.75,2.375
2,Obstructive sleep apnea with obesity,biokg,kg,llama3.1:8b,1,8,G,7,0.14285714285714285,0,0,0,1,,kg,insufficient,1.0,The knowledge graph does not provide connections between Drug-8 and the disease target EDNRA or Obstructive sleep apnea with obesity.,0.5,1.625
2,HER2+ solid tumors (tumor-agnostic),biokg,kg,llama3.1:8b,0,8,H,8,0.125,0,0,0,1,,kg,insufficient,,,0.625,3.4285714285714284
2,HER2+ solid tumors (tumor-agnostic),biokg,kg,llama3.1:8b,1,8,E,4,0.25,0,0,1,1,,kg,insufficient,3.0,"Targets many proteins, but no clear connection to HER2+ solid tumors",0.625,3.875
2,Heart failure (broadened),biokg,kg,llama3.1:8b,0,8,G,7,0.14285714285714285,0,0,0,1,,kg,conflicting,2.0,"The Antidiabetics pathway does not seem directly related to heart failure, but the targets UD2B4 and CP1A1 might be of interest.",0.75,1.625
2,Heart failure (broadened),biokg,kg,llama3.1:8b,1,8,F,2,0.5,0,1,1,1,,both,consistent,3.0,"Drug-8 targets several enzymes involved in lipid metabolism, which is related to heart failure.",0.75,2.875
2,GVHD + pediatric,biokg,kg,llama3.1:8b,0,8,C,2,0.5,0,1,1,1,,both,consistent,5.0,"Drug-6 targets JAK1 and JAK2, which are involved in the IL17 signaling pathway associated with GVHD + pediatric.",0.14285714285714285,2.5714285714285716
2,GVHD + pediatric,biokg,kg,llama3.1:8b,1,8,D,1,1.0,1,1,1,1,,kg,consistent,4.0,"Drug-6 modulates the Antineoplastics - protein kinases inhibitors pathway, which is related to GVHD + pediatric.",0.75,1.875
2,COVID-19 (expanded population),biokg,kg,llama3.1:8b,0,8,A,5,0.2,0,0,1,1,,kg,conflicting,2.0,The multiple targets of Drug-8 are not strongly linked to COVID-19 treatment; some associations conflict with prior knowledge.,0.625,2.625
2,COVID-19 (expanded population),biokg,kg,llama3.1:8b,1,8,G,2,0.5,0,1,1,1,,prior,insufficient,3.0,"Given NR1I3's role in regulating drug metabolism, and the COVID-19 treatment context, Drug-6 is a plausible candidate despite limited direct evidence.",0.75,1.875
2,Delay T1D onset in children ≥1yr,biokg,kg,llama3.1:8b,0,8,G,1,1.0,1,1,1,1,,prior,insufficient,3.0,No evidence is available for Drug-G.,0.25,2.75
2,Delay T1D onset in children ≥1yr,biokg,kg,llama3.1:8b,1,8,E,8,0.125,0,0,0,1,,uncertain,insufficient,,"Given the lack of information provided for Drug-6, it is impossible to assess its mechanistic plausibility with any confidence.",0.375,2.2857142857142856
2,BRAF+ thyroid cancer,biokg,kg,llama3.1:8b,0,8,H,1,1.0,1,1,1,1,,both,consistent,4.0,"Drug-8 targets M3K1 and MP2K2, which are involved in MAPK signaling pathways relevant to BRAF+ thyroid cancer.",0.625,2.125
2,BRAF+ thyroid cancer,biokg,kg,llama3.1:8b,1,8,E,1,1.0,1,1,1,1,,prior,insufficient,5.0,"Given its targets include RAF-related kinases, Drug-8 shows promise based on prior knowledge.",0.625,2.0
2,Chronic kidney disease,biokg,kg,llama3.1:8b,0,8,D,2,0.5,0,1,1,1,,kg,consistent,3.0,"Drug-6 targets SC5A2, which is associated with the disease, according to the knowledge graph evidence.",0.875,1.875
2,Chronic kidney disease,biokg,kg,llama3.1:8b,1,8,E,2,0.5,0,1,1,1,,kg,insufficient,5.0,No clear connections between Drug-6's targets and Chronic Kidney Disease are evident from the provided evidence.,0.625,3.25
2,IgG4-related disease,biokg,kg,llama3.1:8b,0,8,B,6,0.16666666666666666,0,0,0,1,,kg,insufficient,1.0,"The KG's evidence linking Drug-8 to CD19 is not directly relevant to IgG4-related disease, and no other associations are provided.",0.875,2.625
2,IgG4-related disease,biokg,kg,llama3.1:8b,1,8,C,1,1.0,1,1,1,1,,kg,consistent,4.0,"Drug-8 targets CD19, a B-cell surface receptor involved in the pathogenesis of autoimmune diseases.",0.625,2.125
2,Oral tablet formulation for weight management,biokg,kg,llama3.1:8b,0,8,G,1,1.0,1,1,1,1,,both,consistent,5.0,"Drug-8 targets GLP1R, which is a key regulator of glucose homeostasis and appetite.",0.5,2.0
2,Oral tablet formulation for weight management,biokg,kg,llama3.1:8b,1,8,D,1,1.0,1,1,1,1,,both,consistent,4.0,Targeting GLP1R (Drug-8) aligns with the disease's association with genes related to thermogenesis and lipolysis regulation.,0.625,2.625
2,Follicular lymphoma,biokg,kg,llama3.1:8b,0,8,A,6,0.16666666666666666,0,0,0,1,,kg,insufficient,2.0,No clear mechanistic links between Drug-8 and follicular lymphoma are found in the knowledge graph.,0.625,3.125
2,Follicular lymphoma,biokg,kg,llama3.1:8b,1,8,D,6,0.16666666666666666,0,0,0,1,,kg,insufficient,1.0,There is no clear connection between Drug-8's targets and Follicular lymphoma.,0.875,2.125
2,Palmoplantar pustulosis (PMDA),biokg,kg,llama3.1:8b,0,8,C,1,1.0,1,1,1,1,,kg,consistent,4.0,"Drug-8 targets IL23A, which is involved in inflammatory pathways relevant to Palmoplantar pustulosis (PMDA)",0.75,1.875
2,Palmoplantar pustulosis (PMDA),biokg,kg,llama3.1:8b,1,8,D,1,1.0,1,1,1,1,,kg,consistent,5.0,"Drug-8 targets IL23A, a relevant target for PMDA given its role in inflammation.",0.875,2.0
2,Acquired hypothalamic obesity,biokg,kg,llama3.1:8b,0,8,C,2,0.5,0,1,1,1,,prior,insufficient,3.0,"Drug-5 modulates pathways related to antidepressants and catecholamine transferase inhibitors, but no direct connections to Acquired Hypothalamic Obesity are evident.",0.8571428571428571,2.0
2,Acquired hypothalamic obesity,biokg,kg,llama3.1:8b,1,8,C,7,0.14285714285714285,0,0,0,1,,kg,insufficient,1.0,Targeting MDR1 is not directly relevant to acquired hypothalamic obesity without further evidence of drug transport issues.,0.75,2.375
2,Pheochromocytoma/paraganglioma,biokg,kg,llama3.1:8b,0,8,B,1,1.0,1,1,1,1,,kg,consistent,4.0,"Drug-8 targets EPAS1, which is involved in tumor suppression and angiogenesis, suggesting potential antitumor activity against Pheochromocytoma/paraganglioma.",0.375,2.625
2,Pheochromocytoma/paraganglioma,biokg,kg,llama3.1:8b,1,8,H,1,1.0,1,1,1,1,,both,consistent,5.0,"Drug-8 targets EPAS1, which is associated with Pheochromocytoma/paraganglioma (KG evidence), and its mechanism aligns with known biology.",0.875,2.875
2,IgE-mediated food allergy,biokg,kg,llama3.1:8b,0,8,H,1,1.0,1,1,1,1,,both,consistent,5.0,"Drug-1 targets FCERB and FCERA, which are associated with IgE-mediated responses.",0.875,2.375
2,IgE-mediated food allergy,biokg,kg,llama3.1:8b,1,8,C,2,0.5,0,1,1,1,,prior,insufficient,3.0,"No direct evidence linking Drug-1 to IgE-mediated food allergy was found in the knowledge graph; however, its mechanism of action may still be relevant.",0.875,2.375
2,Advanced RCC after PD-1/PD-L1 + VEGF-TKI,biokg,kg,llama3.1:8b,0,8,H,4,0.25,0,0,1,1,,kg,insufficient,2.0,"EPAS1 is a hypoxia-inducible factor, but its direct connection to the mechanisms driving resistance in this disease context is unclear.",1.0,1.875
2,Advanced RCC after PD-1/PD-L1 + VEGF-TKI,biokg,kg,llama3.1:8b,1,8,E,2,0.5,0,1,1,1,,kg,insufficient,5.0,EPAS1 is a relevant target in RCC; lacks additional evidence to support its repurposing for this specific scenario,0.75,2.75
2,COPD,biokg,kg,llama3.1:8b,0,8,A,2,0.5,0,1,1,1,,prior,insufficient,3.0,Lacking direct evidence connecting IL4RA to COPD,0.5,2.25
2,COPD,biokg,kg,llama3.1:8b,1,8,H,1,1.0,1,1,1,1,,kg,consistent,5.0,"IL4RA is involved in inflammation, making Drug-8 a strong candidate.",0.375,2.375
2,mHSPC + ADT,biokg,kg,llama3.1:8b,0,8,A,6,0.16666666666666666,0,0,0,1,,kg,insufficient,1.0,No direct links between Drug-8 and targets/pathways relevant to mHSPC + ADT are found in the KG.,0.875,2.25
2,mHSPC + ADT,biokg,kg,llama3.1:8b,1,8,E,5,0.2,0,0,1,1,,kg,insufficient,1.0,The knowledge-graph evidence does not provide a clear connection to mHSPC + ADT genes.,0.875,1.75
2,COPD (EMA 2025),biokg,kg,llama3.1:8b,0,8,D,8,0.125,0,0,0,1,,kg,insufficient,2.0,"Drug-8 targets IL4RA, but this does not seem directly relevant to COPD based on my knowledge.",0.625,2.0
2,COPD (EMA 2025),biokg,kg,llama3.1:8b,1,8,B,1,1.0,1,1,1,1,,kg,insufficient,3.0,Target IL4RA is not directly associated with COPD pathophysiology.,0.75,3.25
2,dMMR/MSI-H primary advanced endometrial cancer,biokg,kg,llama3.1:8b,0,8,A,3,0.3333333333333333,0,1,1,1,,kg,insufficient,2.0,No direct connections between Drug-8 and dMMR/MSI-H endometrial cancer are provided in the knowledge graph.,1.0,2.375
2,dMMR/MSI-H primary advanced endometrial cancer,biokg,kg,llama3.1:8b,1,8,F,4,0.25,0,0,1,1,,uncertain,insufficient,1.0,Not enough information is provided for Drug-8 to assess its mechanistic plausibility.,0.75,2.25
2,Generalized myasthenia gravis,biokg,kg,llama3.1:8b,0,8,F,2,0.5,0,1,1,1,,prior,insufficient,5.0,"No direct connection to myasthenia gravis found via knowledge graph, but given the lack of alternative options, consider it as a potential candidate.",0.75,2.375
2,Generalized myasthenia gravis,biokg,kg,llama3.1:8b,1,8,A,5,0.2,0,0,1,1,,kg,insufficient,1.0,"Drug-8 targets CD19, which is a B-cell surface receptor and does not have an obvious link to myasthenia gravis based on the provided knowledge graph.",0.875,2.375
2,Urothelial carcinoma (expanded population),biokg,kg,llama3.1:8b,0,8,D,4,0.25,0,0,1,1,,kg,conflicting,3.0,"Drug-8 targets MDR1 and CP3A4, but these are more relevant to cancer treatment efficacy than directly related to Urothelial carcinoma.",0.625,2.75
2,Urothelial carcinoma (expanded population),biokg,kg,llama3.1:8b,1,8,H,8,0.125,0,0,0,1,,prior,insufficient,1.0,"Without any information from the knowledge graph, it's uncertain whether Drug-8 has a mechanistic connection to urothelial carcinoma.",0.75,1.75
2,Crohn's disease,biokg,kg,llama3.1:8b,0,8,B,1,1.0,1,1,1,1,,kg,consistent,5.0,Direct targeting of IL23A is a strong mechanistic link to Crohn's disease.,0.5,2.375
2,Crohn's disease,biokg,kg,llama3.1:8b,1,8,G,1,1.0,1,1,1,1,,both,consistent,4.0,"Drug-8 targets IL23A, a key cytokine involved in inflammatory bowel disease.",0.875,2.125
2,RAS wild-type HER2+ metastatic colorectal cancer,biokg,kg,llama3.1:8b,0,8,F,6,0.16666666666666666,0,0,0,1,,kg,conflicting,4.0,"Drug-7 targets S47A1 and ERBB3, but also CP2C8, which is not directly related to cancer biology.",0.5,3.375
2,RAS wild-type HER2+ metastatic colorectal cancer,biokg,kg,llama3.1:8b,1,8,H,3,0.3333333333333333,0,1,1,1,,prior,insufficient,3.0,"Drug-7 targets ERBB2 and ERBB3, but the KG does not provide direct connections to RAS wild-type HER2+ metastatic colorectal cancer.",0.625,2.875
2,Atopic dermatitis,biokg,kg,llama3.1:8b,0,8,C,8,0.125,0,0,0,1,,kg,conflicting,1.0,"Drug-7 targets multiple kinases and other proteins, but the relevance to atopic dermatitis is unclear due to conflicting or indirect evidence.",0.875,2.0
2,Atopic dermatitis,biokg,kg,llama3.1:8b,1,8,F,1,1.0,1,1,1,1,,prior,insufficient,3.0,"Drug-7 has a diverse set of targets, but none directly related to atopic dermatitis.",0.7142857142857143,1.8571428571428572
2,dMMR recurrent/advanced endometrial cancer,biokg,kg,llama3.1:8b,0,8,A,4,0.25,0,0,1,1,,kg,conflicting,2.0,"Drug-8 modulates Prostaglandins, which are involved in cancer progression, but the knowledge graph's evidence is sparse and conflicting with known pharmacological mechanisms.",0.75,2.0
2,dMMR recurrent/advanced endometrial cancer,biokg,kg,llama3.1:8b,1,8,E,7,0.14285714285714285,0,0,0,1,,prior,insufficient,2.0,There is insufficient information available for Drug-5 and Drug-8 to make a confident assessment.,0.7142857142857143,2.2857142857142856
2,Polymyalgia rheumatica,biokg,kg,llama3.1:8b,0,8,E,6,0.16666666666666666,0,0,0,1,,kg,insufficient,1.0,Drug-8's extensive list of targets lacks clear connections to Polymyalgia rheumatica.,0.75,2.375
2,Polymyalgia rheumatica,biokg,kg,llama3.1:8b,1,8,H,8,0.125,0,0,0,1,,kg,insufficient,1.0,"Drug-8 targets ALAT2 and IL6RA, but these are more related to liver function and cytokine regulation rather than inflammatory diseases like Polymyalgia rheumatica.",0.875,2.75
2,Metastatic colorectal cancer,biokg,kg,llama3.1:8b,0,8,H,8,0.125,0,0,0,1,,kg,conflicting,1.0,"The knowledge graph reports multiple targets of Drug-3, but these have no clear relevance to Metastatic Colorectal Cancer.",1.0,2.125
2,Metastatic colorectal cancer,biokg,kg,llama3.1:8b,1,8,D,4,0.25,0,0,1,1,,both,conflicting,3.0,Conflicting evidence from the knowledge graph and prior pharmacological knowledge on Drug-3's targets.,0.75,2.75
2,Ulcerative colitis,biokg,kg,llama3.1:8b,0,8,D,1,1.0,1,1,1,1,,both,consistent,5.0,"Drug-8 targets IL23A, a key player in the disease's inflammatory response.",0.875,2.375
2,Ulcerative colitis,biokg,kg,llama3.1:8b,1,8,F,1,1.0,1,1,1,1,,both,consistent,5.0,"Drug-8 targets IL23A, which is associated with Ulcerative Colitis through the knowledge graph.",0.875,2.5
2,MSI-H/dMMR solid tumors (full approval conversion),biokg,kg,llama3.1:8b,0,8,H,1,1.0,1,1,1,1,,both,consistent,5.0,"Drug-4 targets PDCD1, which is involved in immune response, and MSI-H/dMMR tumors have defective DNA mismatch repair leading to high mutational burden and immunogenicity.",1.0,3.125
2,MSI-H/dMMR solid tumors (full approval conversion),biokg,kg,llama3.1:8b,1,8,E,7,0.14285714285714285,0,0,0,1,,kg,insufficient,1.0,The target PDCD1 is involved in immune response but has no clear link to MSI-H/dMMR solid tumors.,1.0,2.0
2,Schnitzler syndrome (Japan),biokg,kg,llama3.1:8b,0,8,D,1,1.0,1,1,1,1,,kg,consistent,5.0,"Drug-7 targets IL1B, which is associated with Schnitzler syndrome in the knowledge graph.",0.5,3.625
2,Schnitzler syndrome (Japan),biokg,kg,llama3.1:8b,1,8,E,1,1.0,1,1,1,1,,prior,insufficient,5.0,"Drug-7 targets IL1B, which is related to the IL1RA gene associated with Schnitzler syndrome.",0.875,2.375
2,HR+/HER2- metastatic breast cancer,biokg,kg,llama3.1:8b,0,8,B,1,1.0,1,1,1,1,,kg,consistent,4.0,Direct targeting of PARP2 and PARP1 in DNA repair,0.375,1.75
2,HR+/HER2- metastatic breast cancer,biokg,kg,llama3.1:8b,1,8,B,4,0.25,0,0,1,1,,prior,conflicting,2.0,"While Drug-7 targets PARP1, this is more relevant to BRCA-related breast cancers rather than HR+/HER2- metastatic breast cancer.",0.5,1.875
2,Giant cell arteritis,biokg,kg,llama3.1:8b,0,8,E,4,0.25,0,0,1,1,,kg,insufficient,2.0,"While Drug-8 targets some of the same proteins as Drug-3 (SO1B1 and CP2D6), there is no direct link to Giant cell arteritis or PTN22/DRB.",0.5,2.5
2,Giant cell arteritis,biokg,kg,llama3.1:8b,1,8,E,4,0.25,0,0,1,1,,kg,insufficient,2.0,"Drug-8 targets SO1B1 and MDR1, but no clear connection to Giant cell arteritis; this candidate is uncertain.",0.7142857142857143,2.2857142857142856
2,Neoadj+adj HNSCC,biokg,kg,llama3.1:8b,0,8,A,3,0.3333333333333333,0,1,1,1,,prior,insufficient,2.0,"Drug-5 targets PDCD1, an immunomodulatory protein; while this could be relevant to cancer treatment, it's not directly linked to HNSCC in the graph.",0.5,2.125
2,Neoadj+adj HNSCC,biokg,kg,llama3.1:8b,1,8,H,8,0.125,0,0,0,1,,kg,insufficient,2.0,"Drug-5 targets a single protein involved in immune response, which may have indirect connections to cancer but is not directly related.",0.5,2.5
2,Psoriasis in children 6-11 (cream),biokg,kg,llama3.1:8b,0,8,F,2,0.5,0,1,1,1,,kg,consistent,3.0,"Drug-2 targets PDE4C, which is not directly linked to Psoriasis in children 6-11 (cream), but PDE4 inhibitors are used to treat psoriatic arthritis.",0.875,1.875
2,Psoriasis in children 6-11 (cream),biokg,kg,llama3.1:8b,1,8,C,3,0.3333333333333333,0,1,1,1,,kg,insufficient,2.0,No clear target overlap between Drug-2 and the associated genes in the disease profile.,0.625,2.75
2,dMMR/MSI-H primary advanced endometrial cancer (+chemo),biokg,kg,llama3.1:8b,0,8,D,9,0.1111111111111111,0,0,0,1,,,,,,1.0,1.8571428571428572
2,dMMR/MSI-H primary advanced endometrial cancer (+chemo),biokg,kg,llama3.1:8b,1,8,E,8,0.125,0,0,0,1,,prior,insufficient,1.0,No relevant evidence was found in the knowledge graph for Drug-8.,0.75,2.125
2,Primary immunodeficiency pediatric (EMA),biokg,kg,llama3.1:8b,0,8,C,4,0.25,0,0,1,1,,kg,conflicting,1.0,"The knowledge graph reports FCGRB and FCG2C as targets of Drug-1 but also mentions CO4A/B/C/D/E, which are not typically associated with immunodeficiency.",0.875,1.75
2,Primary immunodeficiency pediatric (EMA),biokg,kg,llama3.1:8b,1,8,E,1,1.0,1,1,1,1,,both,consistent,4.0,"Drug-1 targets Fc receptors, which are relevant to immune function and B cell activation.",0.875,1.875
2,HR+/HER2- breast cancer,biokg,kg,llama3.1:8b,0,8,D,1,1.0,1,1,1,1,,kg,consistent,5.0,"Drug-8 targets TOP1, which is a well-established mechanistic link for HR+/HER2- breast cancer treatment.",0.875,2.75
2,HR+/HER2- breast cancer,biokg,kg,llama3.1:8b,1,8,G,6,0.16666666666666666,0,0,0,1,,kg,insufficient,1.0,"No clear link to HR+/HER2- breast cancer; targets transcriptional regulators (TACD2, FUBP1).",0.625,2.5
2,Ulcerative colitis,biokg,kg,llama3.1:8b,0,8,D,1,1.0,1,1,1,1,,both,consistent,4.0,"Drug-6 targets IL23A, which is a key cytokine involved in inflammatory bowel disease.",0.875,2.125
2,Ulcerative colitis,biokg,kg,llama3.1:8b,1,8,E,1,1.0,1,1,1,1,,both,consistent,4.0,"Drug-6 targets IL23A, which is associated with inflammatory bowel disease.",0.625,1.875
2,HER2-mutant NSCLC (PMDA),biokg,kg,llama3.1:8b,0,8,A,3,0.3333333333333333,0,1,1,1,,kg,insufficient,4.0,"The targets of Drug-8 (LYAG, CATL1, TOP1, CATB, S47A2, FCGR1, MRP1, SO1B3) do not have a clear connection to the pathways associated with HER2-mutant NSCLC.",0.875,3.375
2,HER2-mutant NSCLC (PMDA),biokg,kg,llama3.1:8b,1,8,H,8,0.125,0,0,0,1,,prior,insufficient,1.0,There is no information provided for Drug-7 and 8.,0.625,1.875
2,Pediatric atopic dermatitis,biokg,kg,llama3.1:8b,0,8,C,4,0.25,0,0,1,1,,kg,insufficient,2.0,The knowledge graph does not provide direct evidence linking Drug-8 to pediatric atopic dermatitis or relevant pathways.,0.75,2.125
2,Pediatric atopic dermatitis,biokg,kg,llama3.1:8b,1,8,H,8,0.125,0,0,0,1,,kg,insufficient,1.0,There is insufficient information in the knowledge graph to evaluate the mechanistic plausibility of Drug-8 for pediatric atopic dermatitis.,0.75,2.125
2,HER2-mutant NSCLC (EMA),biokg,kg,llama3.1:8b,0,8,B,5,0.2,0,0,1,1,,kg,insufficient,1.0,"Multiple targets for Drug-8, but no clear connection to HER2-mutant NSCLC (EMA).",0.875,2.0
2,HER2-mutant NSCLC (EMA),biokg,kg,llama3.1:8b,1,8,H,7,0.14285714285714285,0,0,0,1,,kg,insufficient,1.0,The targets of Drug-8 (various enzymes and receptors) do not have clear connections to HER2-mutant NSCLC or its associated pathways.,0.625,2.875
2,IV formulation for rheumatic diseases (EMA),biokg,kg,llama3.1:8b,0,8,E,1,1.0,1,1,1,1,,prior,insufficient,5.0,"Target IL17 is directly related to rheumatic diseases, making Drug-7 a strong candidate.",0.875,2.25
2,IV formulation for rheumatic diseases (EMA),biokg,kg,llama3.1:8b,1,8,E,1,1.0,1,1,1,1,,kg,consistent,5.0,"Drug-7 targets IL17, a cytokine involved in rheumatic diseases.",1.0,2.375
2,Resectable gastric/GEJ adenocarcinoma (neoadj+adj +FLOT),biokg,kg,llama3.1:8b,0,8,B,7,0.14285714285714285,0,0,0,1,,kg,conflicting,5.0,PD1L1 and CD80 are not directly related to resectable gastric/GEJ adenocarcinoma.,0.75,2.5
2,Resectable gastric/GEJ adenocarcinoma (neoadj+adj +FLOT),biokg,kg,llama3.1:8b,1,8,G,1,1.0,1,1,1,1,,both,consistent,4.0,"Drug-7 targets PD1L1 and CD80, which are involved in immune regulation; this is relevant to adenocarcinoma treatment.",0.75,1.875
2,Antibody-mediated rejection in organ transplantation,biokg,kg,llama3.1:8b,0,8,B,1,1.0,1,1,1,1,,kg,consistent,5.0,"Drug-1 targets CD20, which is a known target for treating antibody-mediated rejection.",0.875,2.5
2,Antibody-mediated rejection in organ transplantation,biokg,kg,llama3.1:8b,1,8,F,1,1.0,1,1,1,1,,both,consistent,4.0,"Drug-3 modulates pathway Perindopril Action Pathway and targets ACE, which are relevant to the renin-angiotensin system involved in antibody-mediated rejection.",0.75,2.625
2,RET-fusion NSCLC (expanded),biokg,kg,llama3.1:8b,0,8,H,1,1.0,1,1,1,1,,both,consistent,5.0,"Drug-8 targets RET directly, which is associated with this disease.",0.125,2.0
2,RET-fusion NSCLC (expanded),biokg,kg,llama3.1:8b,1,8,D,1,1.0,1,1,1,1,,both,consistent,5.0,"Targets RET, which is directly associated with the disease in the knowledge graph.",0.42857142857142855,2.0
2,EGPA,biokg,kg,llama3.1:8b,0,8,D,2,0.5,0,1,1,1,,prior,insufficient,3.0,"FCERB and FCERA targets suggest an association with the immune system, but there is no direct link to EGPA-related genes DRB4 or IL10.",0.75,2.0
2,EGPA,biokg,kg,llama3.1:8b,1,8,G,4,0.25,0,0,1,1,,prior,insufficient,3.0,No clear connection to EGPA based on pharmacological knowledge,0.5,2.625
2,HR+/HER2- metastatic breast cancer,biokg,kg,llama3.1:8b,0,8,B,7,0.14285714285714285,0,0,0,1,,prior,insufficient,4.0,Targets TACD2 and FUBP1 are not strongly associated with HR+/HER2- metastatic breast cancer,0.75,3.875
2,HR+/HER2- metastatic breast cancer,biokg,kg,llama3.1:8b,1,8,B,4,0.25,0,0,1,1,,kg,insufficient,2.0,"The targets of Drug-8 (TACD2, FUBP1) are not strongly associated with HR+/HER2- metastatic breast cancer; the other targets may be involved in different pathways.",1.0,2.5
2,Primary humoral immunodeficiency pediatric 2-11yr,biokg,kg,llama3.1:8b,0,8,F,1,1.0,1,1,1,1,,both,consistent,5.0,"Drug-1 targets FCGRB, a key receptor for B cell activation and antibody production.",0.75,3.0
2,Primary humoral immunodeficiency pediatric 2-11yr,biokg,kg,llama3.1:8b,1,8,H,1,1.0,1,1,1,1,,kg,consistent,4.0,"Drug-1 targets FCG receptors, which are involved in immune response and humoral immunity.",0.625,2.125
2,Pediatric glioma (EMA),biokg,kg,llama3.1:8b,0,8,G,2,0.5,0,1,1,1,,kg,insufficient,3.0,"Drug-3 targets multiple proteins, but no direct connection is made to Pediatric glioma in the provided evidence.",0.75,2.0
2,Pediatric glioma (EMA),biokg,kg,llama3.1:8b,1,8,G,5,0.2,0,0,1,1,,kg,insufficient,1.0,"Drug-3 targets some kinases involved in cell cycle regulation, but more evidence is needed to link it to Pediatric glioma.",0.625,2.0
2,Juvenile idiopathic arthritis (EMA Feb 2026),biokg,kg,llama3.1:8b,0,8,G,4,0.25,0,0,1,1,,kg,consistent,3.0,"Drug-8 targets JAK3 and S22A2, which are involved in immune cell signaling; while this is relevant to Juvenile Idiopathic Arthritis, the evidence is not as strong as for Drug-5.",0.875,2.125
2,Juvenile idiopathic arthritis (EMA Feb 2026),biokg,kg,llama3.1:8b,1,8,B,3,0.3333333333333333,0,1,1,1,,kg,conflicting,2.0,"While Drug-8 targets several kinases involved in inflammation, its relevance to juvenile idiopathic arthritis is unclear given the conflicting evidence and sparse targets.",0.875,1.875
2,Ph+ CML-CP after 2+ TKIs,biokg,kg,llama3.1:8b,0,8,G,7,0.14285714285714285,0,0,0,1,,prior,insufficient,1.0,No pharmacological knowledge or knowledge graph evidence links Drug-8 to Ph+ CML-CP after 2+ TKIs.,0.75,2.75
2,Ph+ CML-CP after 2+ TKIs,biokg,kg,llama3.1:8b,1,8,A,5,0.2,0,0,1,1,,kg,conflicting,1.0,"The knowledge graph indicates that Drug-8 targets several proteins, but these associations are not directly relevant to Ph+ CML-CP after 2+ TKIs.",0.75,2.75
2,KRAS G12C+ mCRC,biokg,kg,llama3.1:8b,0,8,B,1,1.0,1,1,1,1,,prior,insufficient,4.0,"Drug-8 targets RASK, which is a relevant KRAS regulator.",0.75,2.375
2,KRAS G12C+ mCRC,biokg,kg,llama3.1:8b,1,8,E,5,0.2,0,0,1,1,,prior,insufficient,4.0,RASK is not a known target for cancer therapy or relevant to KRAS signaling.,0.875,2.25
2,HR+/HER2- early breast cancer (adjuvant),biokg,kg,llama3.1:8b,0,8,G,2,0.5,0,1,1,1,,kg,consistent,4.0,"Targets CDK4/6, a known pathway in HR+/HER2- early breast cancer.",0.75,2.375
2,HR+/HER2- early breast cancer (adjuvant),biokg,kg,llama3.1:8b,1,8,C,3,0.3333333333333333,0,1,1,1,,kg,insufficient,4.0,"CDK inhibitors are relevant to breast cancer treatment, but the evidence for Drug-6 is limited.",0.625,2.5714285714285716
2,First-line anemia in lower-risk MDS,biokg,kg,llama3.1:8b,0,8,D,5,0.2,0,0,1,1,,kg,insufficient,1.0,"The PARP targets in Drug-8 are related to DNA repair and lack clear connections to DLK1, LYL1, etc.",1.0,2.25
2,First-line anemia in lower-risk MDS,biokg,kg,llama3.1:8b,1,8,E,5,0.2,0,0,1,1,,prior,insufficient,4.0,Unknown Drug-7's mechanism of action is not related to the target disease or relevant pathways based on prior knowledge.,0.625,3.25
2,Follicular lymphoma (+obinutuzumab),biokg,kg,llama3.1:8b,0,8,B,2,0.5,0,1,1,1,,kg,insufficient,3.0,The targets of Drug-8 are not directly associated with the disease's underlying biology in the knowledge graph.,0.625,3.0
2,Follicular lymphoma (+obinutuzumab),biokg,kg,llama3.1:8b,1,8,F,6,0.16666666666666666,0,0,0,1,,kg,insufficient,1.0,"The targets of Drug-8 (BMX, FRK, FGR, TXK, TEC, ITK, BLK, and PTK6) are not associated with follicular lymphoma in the knowledge graph.",0.75,2.375
2,1L biliary tract cancer (+gemcitabine+cisplatin),biokg,kg,llama3.1:8b,0,8,B,6,0.16666666666666666,0,0,0,1,,kg,insufficient,1.0,"The knowledge graph only shows that Drug-6 targets PDCD1, but there's no link to the disease or known pathways related to biliary tract cancer.",0.75,1.875
2,1L biliary tract cancer (+gemcitabine+cisplatin),biokg,kg,llama3.1:8b,1,8,C,7,0.14285714285714285,0,0,0,1,,kg,insufficient,1.0,The knowledge graph does not provide a clear connection between Drug-6's target (PDCD1) and the target disease.,0.75,1.75
2,"ALK+ solid tumors (tissue-agnostic, world-first)",biokg,kg,llama3.1:8b,0,8,A,1,1.0,1,1,1,1,,kg,consistent,5.0,Direct target of ALK,0.25,2.25
2,"ALK+ solid tumors (tissue-agnostic, world-first)",biokg,kg,llama3.1:8b,1,8,A,3,0.3333333333333333,0,1,1,1,,kg,consistent,4.0,"Drug-8 targets ALK (ALK+ solid tumors), although other targets may reduce its effectiveness.",0.625,2.75
2,Pediatric BRAF V600E low-grade glioma,biokg,kg,llama3.1:8b,0,8,C,1,1.0,1,1,1,1,,both,consistent,5.0,"Drug-5 targets BRAF, which is a key driver of this disease.",0.625,2.625
2,Pediatric BRAF V600E low-grade glioma,biokg,kg,llama3.1:8b,1,8,A,2,0.5,0,1,1,1,,kg,consistent,3.0,"BRAF V600E is targeted by Drug-5, which has a direct link to the disease's underlying biology.",0.75,1.875
2,Platinum-resistant ovarian carcinoma (PD-L1+ CPS≥1),biokg,kg,llama3.1:8b,0,8,B,1,1.0,1,1,1,1,,kg,consistent,4.0,"Drug-8 targets PDCD1, which is associated with immune checkpoint blockade",0.75,2.5
2,Platinum-resistant ovarian carcinoma (PD-L1+ CPS≥1),biokg,kg,llama3.1:8b,1,8,B,4,0.25,0,0,1,1,,both,consistent,4.0,"Drug-8 targets PDCD1, which is involved in immune responses that may be relevant for cancer treatment.",0.875,2.25
2,Ph+ CML-CP frontline (EMA Feb 2026),biokg,kg,llama3.1:8b,0,8,C,4,0.25,0,0,1,1,,kg,conflicting,2.0,"Drug-8 targets PERT, but its relevance to CML-CP is unclear and may not be directly related to tyrosine kinase activity.",0.7142857142857143,3.0
2,Ph+ CML-CP frontline (EMA Feb 2026),biokg,kg,llama3.1:8b,1,8,G,7,0.14285714285714285,0,0,0,1,,kg,insufficient,1.0,"Lacking relevant KG evidence and considering its mechanism of action targeting PERT, we rank Drug-8 low in plausibility.",0.75,2.125
2,Gastric/GEJ adenocarcinoma,biokg,kg,llama3.1:8b,0,8,C,1,1.0,1,1,1,1,,kg,consistent,5.0,"Drug-8 targets PD1L1, which is a known target in cancer immunotherapy",0.8571428571428571,2.4285714285714284
2,Gastric/GEJ adenocarcinoma,biokg,kg,llama3.1:8b,1,8,C,2,0.5,0,1,1,1,,both,consistent,3.0,"Drug-3 targets ADRB3, which has some relevance to gastric/GEJ adenocarcinoma.",1.0,1.75
2,Chronic lymphocytic leukemia,biokg,kg,llama3.1:8b,0,8,D,1,1.0,1,1,1,1,,both,consistent,4.0,"Drug-8 targets several tyrosine kinases (BMX, FRK, FGR, TXK, TEC, ITK, BLK) that are involved in cell signaling pathways relevant to Chronic Lymphocytic Leukemia.",1.0,1.875
2,Chronic lymphocytic leukemia,biokg,kg,llama3.1:8b,1,8,E,3,0.3333333333333333,0,1,1,1,,kg,insufficient,2.0,"No direct evidence linking Drug-8 to CLL-related genes or pathways, but it targets ITK and BLK which are involved in T-cell signaling.",0.625,2.125
2,HER2+ early-stage BC (neoadjuvant + adjuvant),biokg,kg,llama3.1:8b,0,8,B,2,0.5,0,1,1,1,,prior,insufficient,3.0,"Targets seem unrelated, except for SO1B3 which lacks context; however, Drug-8 targets LYAG and CATB with some relevance in cancer research",0.125,2.5
2,HER2+ early-stage BC (neoadjuvant + adjuvant),biokg,kg,llama3.1:8b,1,8,B,4,0.25,0,0,1,1,,kg,insufficient,2.0,"The knowledge graph reports associations between Drug-8 and various targets, but none of these directly relate to HER2+ breast cancer.",0.875,2.25
2,HR+/HER2-low breast cancer,biokg,kg,llama3.1:8b,0,8,C,5,0.2,0,0,1,1,,kg,insufficient,2.0,"While Drug-8 targets several proteins, there is no clear mechanistic link to HR+/HER2-low breast cancer based on the provided evidence.",0.75,2.375
2,HR+/HER2-low breast cancer,biokg,kg,llama3.1:8b,1,8,B,6,0.16666666666666666,0,0,0,1,,kg,conflicting,2.0,"Drug-8 targets various enzymes and transporters, but lacks clear connections to HR+/HER2-low breast cancer or any coherent pharmacological rationale.",0.75,2.625
2,"Pediatric low-grade glioma (+dabrafenib, BRAF V600E)",biokg,kg,llama3.1:8b,0,8,C,4,0.25,0,0,1,1,,kg,conflicting,1.0,"The targets of Drug-7 (MP2K2/MP2K1) are related to cell signaling, but there is no clear connection to the mechanisms underlying Pediatric low-grade glioma. The knowledge graph evidence conflicts with prior knowledge.",0.75,1.875
2,"Pediatric low-grade glioma (+dabrafenib, BRAF V600E)",biokg,kg,llama3.1:8b,1,8,B,4,0.25,0,0,1,1,,kg,insufficient,2.0,"Drug-7 targets MP2K1/MP2K2, which are involved in the MAPK pathway, but its connections to PLGG or BRAF V600E are indirect and require further exploration.",0.75,2.0
2,Unresectable thymic carcinoma (PMDA),biokg,kg,llama3.1:8b,0,8,C,4,0.25,0,0,1,1,,kg,insufficient,2.0,"Drug-7 targets various FGFRs, but there's no clear connection to unresectable thymic carcinoma in the KG.",0.875,2.125
2,Unresectable thymic carcinoma (PMDA),biokg,kg,llama3.1:8b,1,8,C,2,0.5,0,1,1,1,,kg,insufficient,3.0,"While Drug-7 targets several FGFRs and RET, which are not directly associated with the disease Unresectable thymic carcinoma (PMDA).",0.625,1.875
2,BRAF+ thyroid cancer,biokg,kg,llama3.1:8b,0,8,A,2,0.5,0,1,1,1,,kg,consistent,4.0,"Drug-7 targets BRAF directly, which is the key driver in this disease.",0.75,3.125
2,BRAF+ thyroid cancer,biokg,kg,llama3.1:8b,1,8,D,1,1.0,1,1,1,1,,both,consistent,5.0,"Drug-7 targets BRAF, which is a key driver in BRAF+ thyroid cancer.",0.75,2.5
2,IDH1-mutated relapsed/refractory MDS,biokg,kg,llama3.1:8b,0,8,D,1,1.0,1,1,1,1,,kg,consistent,5.0,"Drug-8 targets IDHC, which is relevant to IDH1-mutated relapsed/refractory MDS.",0.125,2.5
2,IDH1-mutated relapsed/refractory MDS,biokg,kg,llama3.1:8b,1,8,E,1,1.0,1,1,1,1,,both,consistent,5.0,"Drug-8 targets IDHC, which is directly associated with the target disease (IDH1-mutated relapsed/refractory MDS).",0.875,2.375
2,Biliary tract cancer,biokg,kg,llama3.1:8b,0,8,A,2,0.5,0,1,1,1,,prior,insufficient,5.0,There is no clear connection between PDCD1 targets and Biliary tract cancer treatment based on the provided evidence.,0.75,3.5
2,Biliary tract cancer,biokg,kg,llama3.1:8b,1,8,E,5,0.2,0,0,1,1,,kg,insufficient,1.0,Targeting PDCD1 has potential implications for cancer treatment but lacks a direct connection to the disease.,0.5714285714285714,3.0
2,"mCRC BRAF V600E (traditional approval, was accelerated)",biokg,kg,llama3.1:8b,0,8,B,1,1.0,1,1,1,1,,kg,consistent,5.0,Drug-7 targets BRAF.,0.875,2.125
2,"mCRC BRAF V600E (traditional approval, was accelerated)",biokg,kg,llama3.1:8b,1,8,B,1,1.0,1,1,1,1,,both,consistent,5.0,"Drug-7 targets BRAF, which is the specific mutation of interest in mCRC.",1.0,2.25
2,Gastric/GEJ adenocarcinoma (1L +chemo),biokg,kg,llama3.1:8b,0,8,A,1,1.0,1,1,1,1,,both,consistent,4.0,"Drug-6 targets PD1L1, which is involved in the regulation of immune responses and has been implicated in cancer",0.75,2.25
2,Gastric/GEJ adenocarcinoma (1L +chemo),biokg,kg,llama3.1:8b,1,8,C,2,0.5,0,1,1,1,,prior,insufficient,3.0,Lack of clear connections to gastric/GEJ adenocarcinoma pathways does not rule out potential efficacy.,0.625,2.125
