seed,disease,kg,condition,model,shuffle,pool_size,positive_letter,rank,reciprocal_rank,hit@1,hit@3,hit@5,parsed,error,pos_basis,pos_agreement,pos_confidence,pos_rationale,frac_basis_kg,mean_confidence
2,Chorea associated with Huntington's disease,none,no_kg,llama3.2:3b,0,8,G,8,0.125,0,0,0,1,,,,,,,
2,Chorea associated with Huntington's disease,none,no_kg,llama3.2:3b,1,8,B,6,0.16666666666666666,0,0,0,1,,prior,insufficient,1.0,Drug-8 lacks clear mechanistic links to the pathophysiology of chorea symptoms in Huntington's disease,0.75,2.25
2,Chronic thromboembolic pulmonary hypertension,none,no_kg,llama3.2:3b,0,8,C,4,0.25,0,0,1,1,,prior,insufficient,2.0,Drug 7's pathway link is unclear without further investigation or confirmation from the KG.,0.5,2.375
2,Chronic thromboembolic pulmonary hypertension,none,no_kg,llama3.2:3b,1,8,A,1,1.0,1,1,1,1,,both,consistent,4.0,Drug-7 has a strong mechanistic link to DOID:6432 and plausible pathways for treating pulmonary hypertension.,0.625,1.75
2,Indolent systemic mastocytosis,none,no_kg,llama3.2:3b,0,8,G,6,0.16666666666666666,0,0,0,1,,kg,uncertain,1.0,Mechanism unknown,0.5714285714285714,2.4285714285714284
2,Indolent systemic mastocytosis,none,no_kg,llama3.2:3b,1,8,B,9,0.1111111111111111,0,0,0,1,,,,,,,
2,EGPA (expanded),none,no_kg,llama3.2:3b,0,8,C,8,0.125,0,0,0,1,,kg,insufficient,2.0,"Drug-8's KG evidence is limited, and its mechanism of action for EGPA treatment is unclear.",0.875,2.25
2,EGPA (expanded),none,no_kg,llama3.2:3b,1,8,A,9,0.1111111111111111,0,0,0,1,,,,,,0.7142857142857143,2.142857142857143
2,Invasive fungal infections pediatric ≥2yr,none,no_kg,llama3.2:3b,0,8,D,5,0.2,0,0,1,1,,kg,insufficient,1.0,Limited KG evidence for antifungal activity,0.625,2.75
2,Invasive fungal infections pediatric ≥2yr,none,no_kg,llama3.2:3b,1,8,E,3,0.3333333333333333,0,1,1,1,,prior,insufficient,2.0,Drug-E has been shown to have antifungal properties but lacks specific connections to invasive fungal infections in pediatric patients.,0.5,1.75
2,PKU expanded to ≥12yr,none,no_kg,llama3.2:3b,0,8,G,7,0.14285714285714285,0,0,0,1,,kg,insufficient,2.0,The KG's mention of Drug-8's connection to ornithine metabolism lacks specificity regarding PKU phenotypes and age ranges.,0.75,2.375
2,PKU expanded to ≥12yr,none,no_kg,llama3.2:3b,1,8,E,6,0.16666666666666666,0,0,0,1,,kg,insufficient,1.0,Lack of clear mechanism or reported association with DOID:9281 in the knowledge graph.,0.5714285714285714,2.142857142857143
2,Nephrotic syndrome,none,no_kg,llama3.2:3b,0,8,B,2,0.5,0,1,1,1,,kg,conflicting,3.0,"Drug B targets the mTOR pathway, which is involved in renal fibrosis, a common complication of nephrotic syndrome, but its efficacy on the disease itself is unclear.",0.875,2.25
2,Nephrotic syndrome,none,no_kg,llama3.2:3b,1,8,A,3,0.3333333333333333,0,1,1,1,,prior,insufficient,2.0,"Some drugs used in hypertension and diabetes have been investigated for nephrotic syndrome, but their mechanisms are not well understood.",0.5,1.75
2,HR+/HER2- node-positive high-risk early breast cancer,none,no_kg,llama3.2:3b,0,8,H,8,0.125,0,0,0,1,,prior,insufficient,1.0,Prior knowledge lacks evidence linking it to HR+/HER2- breast cancer.,0.5,1.875
2,HR+/HER2- node-positive high-risk early breast cancer,none,no_kg,llama3.2:3b,1,8,H,8,0.125,0,0,0,1,,kg,uncertain,1.0,Insufficient evidence from the biomedical knowledge graph to support mechanistic plausibility.,0.75,1.75
2,Retinopathy of prematurity,none,no_kg,llama3.2:3b,0,8,H,8,0.125,0,0,0,1,,kg,conflicting,3.0,No clear mechanistic links to DOID:13025,0.875,2.125
2,Retinopathy of prematurity,none,no_kg,llama3.2:3b,1,8,B,2,0.5,0,1,1,1,,kg,conflicting,3.0,,0.75,1.75
2,Agitation associated with Alzheimer's dementia,none,no_kg,llama3.2:3b,0,8,D,1,1.0,1,1,1,1,,prior,insufficient,4.0,Acetylcholinesterase inhibition is relevant to Alzheimer's dementia.,0.5,1.75
2,Agitation associated with Alzheimer's dementia,none,no_kg,llama3.2:3b,1,8,E,3,0.3333333333333333,0,1,1,1,,prior,insufficient,2.0,Prior research has suggested that histamine H1 receptor antagonists may be beneficial for agitation in dementia patients.,0.5,1.75
2,LDL-C elevation in statin-intolerant dyslipidemia,none,no_kg,llama3.2:3b,0,8,F,3,0.3333333333333333,0,1,1,1,,prior,insufficient,2.0,Prior knowledge suggests a plausible mechanistic link based on its class (statin-like).,0.5,2.5
2,LDL-C elevation in statin-intolerant dyslipidemia,none,no_kg,llama3.2:3b,1,8,G,6,0.16666666666666666,0,0,0,1,,prior,insufficient,1.0,No clear mechanism of action for LDL-C reduction,0.5,1.625
2,First-line anemia in lower-risk MDS,none,no_kg,llama3.2:3b,0,8,A,6,0.16666666666666666,0,0,0,1,,kg,insufficient,1.0,The knowledge graph links Drug-8 to various biological pathways but lacks direct relevance to anemia in MDS; prior knowledge suggests that drugs targeting specific pathways may be relevant for treating this condition.,0.875,1.375
2,First-line anemia in lower-risk MDS,none,no_kg,llama3.2:3b,1,8,B,8,0.125,0,0,0,1,,kg,conflicting,1.0,Drug-7 lacks clear KG evidence and prior knowledge suggests that mTOR inhibitors are not typically used for anemia treatment.,0.75,2.25
2,"Crohn's disease (moderate-severe, refractory)",none,no_kg,llama3.2:3b,0,8,B,3,0.3333333333333333,0,1,1,1,,kg,consistent,5.0,"The KG links B to the IL-23 pathway, which is relevant to Crohn's disease; B's mechanism as a Janus kinase inhibitor aligns with this target.",0.75,2.625
2,"Crohn's disease (moderate-severe, refractory)",none,no_kg,llama3.2:3b,1,8,D,2,0.5,0,1,1,1,,kg,consistent,4.0,TGF-β signaling pathway inhibitors have been explored for Crohn's disease treatment.,0.5,2.0
2,COVID-19 in severe renal impairment/dialysis,none,no_kg,llama3.2:3b,0,8,G,7,0.14285714285714285,0,0,0,1,,kg,conflicting,1.0,Knowledge graph suggests Drug G inhibits host cell entry for SARS-CoV-2 but its effectiveness in patients with severe renal impairment/dialysis is unknown.,0.625,1.875
2,COVID-19 in severe renal impairment/dialysis,none,no_kg,llama3.2:3b,1,8,F,6,0.16666666666666666,0,0,0,1,,kg,insufficient,1.0,The KG evidence for Drug-8's effects on immune system modulation is insufficient to determine its relevance to COVID-19.,0.8571428571428571,1.8571428571428572
2,MASH with fibrosis,none,no_kg,llama3.2:3b,0,8,E,8,0.125,0,0,0,1,,kg,insufficient,1.0,No reported association between candidate E and fibrosis in the KG or our knowledge base,0.625,2.0
2,MASH with fibrosis,none,no_kg,llama3.2:3b,1,8,C,6,0.16666666666666666,0,0,0,1,,kg,conflicting,1.0,Mechanistic links are unclear and conflicts with existing knowledge on Drug-5's efficacy for fibrosis.,0.5,2.0
2,Pancreatic NET,none,no_kg,llama3.2:3b,0,8,E,6,0.16666666666666666,0,0,0,1,,kg,insufficient,1.0,Mechanistic link from Drug-8 to pancreatic NET is not reported in KG evidence; drug's mechanism of action as a vasodilator does not directly align with known mechanisms for NET.,1.0,1.875
2,Pancreatic NET,none,no_kg,llama3.2:3b,1,8,D,7,0.14285714285714285,0,0,0,1,,kg,insufficient,1.0,Lack of direct connection to pancreatic NET in KG or prior knowledge,0.625,1.25
2,Retinal vein occlusion,none,no_kg,llama3.2:3b,0,8,B,5,0.2,0,0,1,1,,prior,conflicting,2.0,Mechanistic link to disease DOID:1727 via pathway 'Inflammation' but efficacy unestablished,0.625,2.375
2,Retinal vein occlusion,none,no_kg,llama3.2:3b,1,8,G,4,0.25,0,0,1,1,,prior,insufficient,1.0,"Drug-8 has anti-inflammatory effects, but its relevance to retinal vein occlusion is unclear.",0.6,2.0
2,Cerebral folate transport deficiency,none,no_kg,llama3.2:3b,0,8,A,5,0.2,0,0,1,1,,prior,insufficient,1.0,No prior knowledge on Drug-1's potential effects on cerebral folate transport deficiency.,0.5,1.75
2,Cerebral folate transport deficiency,none,no_kg,llama3.2:3b,1,8,A,1,1.0,1,1,1,1,,kg,insufficient,4.0,mechanistic links suggest involvement in folate metabolism but lack direct association to cerebral folate transport deficiency,0.75,2.5
2,ILD-associated pulmonary hypertension,none,no_kg,llama3.2:3b,0,8,G,4,0.25,0,0,1,1,,kg,conflicting,1.0,Reported pathway association with inconsistencies that may not directly apply to the disease.,0.75,2.0
2,ILD-associated pulmonary hypertension,none,no_kg,llama3.2:3b,1,8,G,7,0.14285714285714285,0,0,0,1,,prior,insufficient,1.0,Corticosteroids like Drug-3 are unlikely to have a direct therapeutic effect on pulmonary hypertension.,0.5,1.75
2,Indolent systemic mastocytosis (EMA),none,no_kg,llama3.2:3b,0,8,B,2,0.5,0,1,1,1,,kg,conflicting,3.0,"KG suggests B's association with a pathway relevant to EMA, but its exact mechanism is unclear and not well understood.",0.625,2.625
2,Indolent systemic mastocytosis (EMA),none,no_kg,llama3.2:3b,1,8,H,7,0.14285714285714285,0,0,0,1,,prior,insufficient,1.0,No mechanistic information on Drug H,0.42857142857142855,2.142857142857143
2,CRSwNP (eosinophilic chronic rhinosinusitis with nasal polyps),none,no_kg,llama3.2:3b,0,8,G,7,0.14285714285714285,0,0,0,1,,kg,insufficient,2.0,Mechanistic links from KG are not clear for this drug.,0.75,2.625
2,CRSwNP (eosinophilic chronic rhinosinusitis with nasal polyps),none,no_kg,llama3.2:3b,1,8,F,4,0.25,0,0,1,1,,prior,insufficient,2.0,Drug-8 shows some potential for CRSwNP treatment based on prior knowledge but evidence is limited.,0.5714285714285714,2.5714285714285716
2,Chronic hepatitis B (pediatric),none,no_kg,llama3.2:3b,0,8,F,4,0.25,0,0,1,1,,prior,insufficient,2.0,"Prior knowledge indicates it may be used to treat a different indication, but evidence is lacking for its use in chronic hepatitis B.",0.3333333333333333,2.6666666666666665
2,Chronic hepatitis B (pediatric),none,no_kg,llama3.2:3b,1,8,G,7,0.14285714285714285,0,0,0,1,,kg,conflicting,1.0,Drug-8 has limited KG evidence for HBV treatment but is known to inhibit viral replication in general.,0.625,2.25
2,HoFH in children,none,no_kg,llama3.2:3b,0,8,F,6,0.16666666666666666,0,0,0,1,,kg,insufficient,2.0,The knowledge graph lacks direct links between Drug-8 and pathways related to HoFH in children.,0.625,2.5
2,HoFH in children,none,no_kg,llama3.2:3b,1,8,E,4,0.25,0,0,1,1,,kg,conflicting,3.0,"Farnesoid X receptor agonists are being investigated for their potential in treating HoFH, but their mechanism of action is still under investigation.",0.75,3.0
2,Biliary tract cancer 1L,none,no_kg,llama3.2:3b,0,8,D,6,0.16666666666666666,0,0,0,1,,prior,insufficient,1.0,"Although Drug D affects a pathway that might be relevant to cancer growth, its direct KG evidence for biliary tract cancer is lacking.",0.625,1.75
2,Biliary tract cancer 1L,none,no_kg,llama3.2:3b,1,8,B,4,0.25,0,0,1,1,,both,insufficient,1.0,Lacks KG-supported association with biliary tract cancer 1L pathways,0.625,1.75
2,Diabetic retinopathy/DME (EMA Mar+May 2026),none,no_kg,llama3.2:3b,0,8,H,8,0.125,0,0,0,1,,kg,uncertain,2.0,KG evidence is sparse and conflicts with prior knowledge of the angiogenesis pathway not being a primary target for DME.,0.625,1.875
2,Diabetic retinopathy/DME (EMA Mar+May 2026),none,no_kg,llama3.2:3b,1,8,A,5,0.2,0,0,1,1,,kg,insufficient,1.0,Drug-8 has been reported to have some potential anti-diabetic effects but no direct link to diabetic retinopathy or its related pathways in the provided knowledge graph.,0.75,2.25
2,Spinal muscular atrophy (pediatric expansion),none,no_kg,llama3.2:3b,0,8,A,1,1.0,1,1,1,1,,prior,insufficient,3.0,"Drug A's mechanism of action involves the inhibition of a known enzyme involved in motor neuron survival, suggesting potential relevance to SMA.",0.75,1.625
2,Spinal muscular atrophy (pediatric expansion),none,no_kg,llama3.2:3b,1,8,E,5,0.2,0,0,1,1,,kg,insufficient,2.0,Lack of direct evidence or mechanistic link reported in the knowledge graph for drug-8 and spinal muscular atrophy disease.,0.875,2.125
2,High LDL-C with increased CV risk (expanded),none,no_kg,llama3.2:3b,0,8,B,2,0.5,0,1,1,1,,kg,insufficient,3.0,"Drug-8 has no direct mechanistic links to LDL-C reduction or cardiovascular disease in the knowledge graph. However, it may have some indirect effects due to its action on other pathways.",0.7142857142857143,2.0
2,High LDL-C with increased CV risk (expanded),none,no_kg,llama3.2:3b,1,8,E,3,0.3333333333333333,0,1,1,1,,prior,insufficient,4.0,Drug E has been investigated as a potential lipid-lowering agent.,0.7142857142857143,2.4285714285714284
2,Polycythaemia vera and essential thrombocytopenia,none,no_kg,llama3.2:3b,0,8,H,8,0.125,0,0,0,1,,kg,insufficient,1.0,Candidate H has reported mechanistic links to various pathways but the evidence for polycythaemia vera and essential thrombocytopenia is limited and unclear.,0.625,2.0
2,Polycythaemia vera and essential thrombocytopenia,none,no_kg,llama3.2:3b,1,8,C,2,0.5,0,1,1,1,,both,conflicting,3.0,Shows conflicting information on KG vs. prior knowledge,0.5,2.25
2,Hidradenitis suppurativa,none,no_kg,llama3.2:3b,0,8,B,3,0.3333333333333333,0,1,1,1,,kg,conflicting,2.0,"KG reports Drug-6 as associated with the pathway (D -> Pathway -> Hidradenitis suppurativa), but this is contradicted by prior knowledge of its use in treating acne.",0.8571428571428571,2.0
2,Hidradenitis suppurativa,none,no_kg,llama3.2:3b,1,8,B,5,0.2,0,0,1,1,,kg,conflicting,2.0,"KG suggests Drug-6 targets multiple inflammatory pathways in HS, but its relevance to the disease is unclear and may be inconsistent with known mechanisms.",0.625,2.0
2,Acute HCV pediatric,none,no_kg,llama3.2:3b,0,8,B,5,0.2,0,0,1,1,,kg,conflicting,1.0,,0.5,1.5
2,Acute HCV pediatric,none,no_kg,llama3.2:3b,1,8,H,5,0.2,0,0,1,1,,kg,insufficient,1.0,The knowledge graph lacks evidence for Drug-8's efficacy against HCV.,0.625,2.625
2,CKD in T2D,none,no_kg,llama3.2:3b,0,8,H,7,0.14285714285714285,0,0,0,1,,kg,insufficient,1.0,Drug-8 has no reported associations with CKD and T2D pathways in the knowledge graph or in the literature.,0.7142857142857143,1.8571428571428572
2,CKD in T2D,none,no_kg,llama3.2:3b,1,8,D,5,0.2,0,0,1,1,,kg,conflicting,1.0,"KG reports association between Drug-8 and PI3K/AKT pathway, but this connection is not supported by pharmacological literature.",0.75,1.75
2,BRAF V600E metastatic NSCLC,none,no_kg,llama3.2:3b,0,8,A,2,0.5,0,1,1,1,,kg,insufficient,3.0,,0.625,1.75
2,BRAF V600E metastatic NSCLC,none,no_kg,llama3.2:3b,1,8,A,2,0.5,0,1,1,1,,kg,consistent,4.0,"Drug-8 has an association with the MAPK pathway, which is known to be involved in BRAF V600E.",0.7142857142857143,2.5714285714285716
2,Retinal vein occlusion,none,no_kg,llama3.2:3b,0,8,F,6,0.16666666666666666,0,0,0,1,,kg,insufficient,1.0,KG does not provide sufficient information to assess Drug-8's mechanistic plausibility for DOID:1727,0.75,2.0
2,Retinal vein occlusion,none,no_kg,llama3.2:3b,1,8,C,7,0.14285714285714285,0,0,0,1,,prior,insufficient,3.0,"Drug-3 has been investigated for treating various conditions, but its primary indication is not directly related to retinal vein occlusion.",0.25,2.75
2,Agitation associated with Alzheimer's dementia,none,no_kg,llama3.2:3b,0,8,C,2,0.5,0,1,1,1,,prior,insufficient,3.0,"Acetylcholine receptors are relevant for Alzheimer's disease mechanisms, but primary action is cognition rather than agitation",0.625,2.125
2,Agitation associated with Alzheimer's dementia,none,no_kg,llama3.2:3b,1,8,G,6,0.16666666666666666,0,0,0,1,,kg,conflicting,1.0,"KG reports association with GSK3β inhibition, but KG does not confirm the relevance to Alzheimer's disease.",0.42857142857142855,2.0
2,Heterozygous familial hypercholesterolemia,none,no_kg,llama3.2:3b,0,8,H,5,0.2,0,0,1,1,,prior,insufficient,3.0,Prior knowledge indicates Drug H's relevance to lowering cholesterol levels but KG evidence lacks direct relevance to Heterozygous familial hypercholesterolemia.,0.75,2.625
2,Heterozygous familial hypercholesterolemia,none,no_kg,llama3.2:3b,1,8,B,6,0.16666666666666666,0,0,0,1,,kg,conflicting,1.0,"KG indicates a link between Drug-7 and LDLR pathway, but this is not directly relevant to HCH treatment.",0.625,1.875
2,Acquired hypofibrinogenemia in cardiovascular surgery,none,no_kg,llama3.2:3b,0,8,A,4,0.25,0,0,1,1,,kg,conflicting,1.0,"Knowledge-graph evidence suggests association with cell adhesion, but my pharmacological knowledge is less clear on its relevance to hypofibrinogenemia.",0.75,1.75
2,Acquired hypofibrinogenemia in cardiovascular surgery,none,no_kg,llama3.2:3b,1,8,A,2,0.5,0,1,1,1,,prior,insufficient,3.0,"Drug-8 is not directly linked to hypofibrinogenemia in the KG, but has effects on coagulation.",0.5,1.875
2,Crohn's disease,none,no_kg,llama3.2:3b,0,8,A,5,0.2,0,0,1,1,,kg,insufficient,1.0,The KG does not provide sufficient information on Drug-8 for it to be considered a strong candidate for Crohn's disease treatment.,0.875,1.75
2,Crohn's disease,none,no_kg,llama3.2:3b,1,8,A,9,0.1111111111111111,0,0,0,1,,,,,,0.8571428571428571,2.142857142857143
2,COVID-19 updated strain,none,no_kg,llama3.2:3b,0,8,G,6,0.16666666666666666,0,0,0,1,,prior,insufficient,1.0,The direct relationship between lipid metabolism and COVID-19 is not well established.,0.5714285714285714,1.8571428571428572
2,COVID-19 updated strain,none,no_kg,llama3.2:3b,1,8,G,4,0.25,0,0,1,1,,kg,insufficient,2.0,"Drug-8 has a mechanistic link to the SARS-CoV-2 host-virus interaction, but the relationship is not well-defined and lacks clarity on its relevance to COVID-19.",0.75,2.0
2,HoFH pediatric (EMA),none,no_kg,llama3.2:3b,0,8,E,7,0.14285714285714285,0,0,0,1,,kg,insufficient,1.0,No direct connections to lipoprotein metabolism or related pathways in the KG for Drug E,0.625,1.75
2,HoFH pediatric (EMA),none,no_kg,llama3.2:3b,1,8,D,3,0.3333333333333333,0,1,1,1,,conflicting,insufficient,2.0,Prior knowledge suggests it may have effects on other pathways; insufficient direct evidence for HoFH pediatric.,0.5714285714285714,2.4285714285714284
2,Primary mediastinal large B-cell lymphoma,none,no_kg,llama3.2:3b,0,8,E,3,0.3333333333333333,0,1,1,1,,prior,conflicting,2.0,"Inhibits NF-κB pathway, but KG evidence suggests potential role in B-cell development and activation",0.0,2.0
2,Primary mediastinal large B-cell lymphoma,none,no_kg,llama3.2:3b,1,8,F,8,0.125,0,0,0,1,,kg,insufficient,1.0,There is no mechanistic link reported for Drug-7 and Primary mediastinal large B-cell lymphoma.,0.875,2.125
2,TRD monotherapy,none,no_kg,llama3.2:3b,0,8,C,4,0.25,0,0,1,1,,kg,conflicting,1.0,Drug-5 has a mechanistic link to TRD monotherapy from the knowledge graph but its antidepressant properties are unclear.,0.625,1.75
2,TRD monotherapy,none,no_kg,llama3.2:3b,1,8,E,4,0.25,0,0,1,1,,kg,insufficient,2.0,Prior pharmacological knowledge hints at potential efficacy but is not strongly supported by KG evidence,0.75,2.625
2,Reduce MACE in CVD + obesity/overweight,none,no_kg,llama3.2:3b,0,8,B,2,0.5,0,1,1,1,,kg,conflicting,1.0,Drug-7 has conflicting evidence from the KG and no direct relevance to DOID:1287.,0.875,1.625
2,Reduce MACE in CVD + obesity/overweight,none,no_kg,llama3.2:3b,1,8,C,3,0.3333333333333333,0,1,1,1,,both,conflicting,2.0,"Drug-C is both linked to the target disease via the KG and has a mechanism of action similar to another drug approved for CVD, but its efficacy on MACE in obesity/overweight is unclear.",0.875,2.0
2,Allergic fungal rhinosinusitis (AFRS) ≥6yr,none,no_kg,llama3.2:3b,0,8,D,1,1.0,1,1,1,1,,prior,insufficient,3.0,D has anti-inflammatory properties which could benefit AFRS,0.625,1.875
2,Allergic fungal rhinosinusitis (AFRS) ≥6yr,none,no_kg,llama3.2:3b,1,8,E,6,0.16666666666666666,0,0,0,1,,prior,insufficient,1.0,No reported evidence from the KG links candidate E to AFRS; prior history of use for conditions involving inflammation is not conclusive,0.375,1.75
2,Measles prophylaxis post-exposure,none,no_kg,llama3.2:3b,0,8,E,5,0.2,0,0,1,1,,kg,insufficient,2.0,"The knowledge graph suggests an association between Drug-1 and measles virus inhibition, but my prior knowledge doesn't provide a clear mechanism of action for measles prophylaxis post-exposure.",0.875,2.0
2,Measles prophylaxis post-exposure,none,no_kg,llama3.2:3b,1,8,B,2,0.5,0,1,1,1,,prior,insufficient,3.0,"Although B has no reported evidence from the KG, it is a known antiviral with broad-spectrum activity against viral infections, making its potential for measles prophylaxis plausible",0.625,2.0
2,Obstructive sleep apnea with obesity,none,no_kg,llama3.2:3b,0,8,G,9,0.1111111111111111,0,0,0,1,,,,,,,
2,Obstructive sleep apnea with obesity,none,no_kg,llama3.2:3b,1,8,F,7,0.14285714285714285,0,0,0,1,,kg,insufficient,1.0,Drug-8 targets a pathway for treating certain cancers and autoimmune diseases with no established connection to obstructive sleep apnea.,0.625,1.875
2,HER2+ solid tumors (tumor-agnostic),none,no_kg,llama3.2:3b,0,8,D,4,0.25,0,0,1,1,,kg,conflicting,1.0,Knowledge Graph evidence for Drug-8 appears to be inconsistent with the known effects of other drugs targeting HER2+ tumors,0.5,1.75
2,HER2+ solid tumors (tumor-agnostic),none,no_kg,llama3.2:3b,1,8,B,4,0.25,0,0,1,1,,kg,conflicting,2.0,"Drug-8 targets TRPA1 pathway, which may have some indirect effects on HER2+ tumor growth but is not well-established.",0.75,2.25
2,Heart failure (broadened),none,no_kg,llama3.2:3b,0,8,B,6,0.16666666666666666,0,0,0,1,,prior,insufficient,1.0,Lacks specific links to the target disease and conflicting mechanisms in treating certain conditions,0.5,1.75
2,Heart failure (broadened),none,no_kg,llama3.2:3b,1,8,A,1,1.0,1,1,1,1,,kg,consistent,4.0,Mechanistic link from KG supports its relevance to heart failure.,0.625,2.5
2,GVHD + pediatric,none,no_kg,llama3.2:3b,0,8,A,1,1.0,1,1,1,1,,prior,insufficient,4.0,"No direct evidence from the KG, but it's a known immunosuppressant.",0.625,2.875
2,GVHD + pediatric,none,no_kg,llama3.2:3b,1,8,C,8,0.125,0,0,0,1,,kg,conflicting,1.0,KG evidence lacks target/pathway information.,0.625,2.125
2,COVID-19 (expanded population),none,no_kg,llama3.2:3b,0,8,B,3,0.3333333333333333,0,1,1,1,,both,conflicting,2.0,"Anti-inflammatory effects, but unclear role in COVID-19; evidence suggests anti-inflammatory effects on NF-κB pathway",0.25,2.375
2,COVID-19 (expanded population),none,no_kg,llama3.2:3b,1,8,E,4,0.25,0,0,1,1,,kg,insufficient,2.0,"Drug-8 has limited evidence suggesting it targets a pathway involved in immune response, but its relevance to COVID-19 is uncertain.",0.75,2.625
2,Delay T1D onset in children ≥1yr,none,no_kg,llama3.2:3b,0,8,G,4,0.25,0,0,1,1,,kg,consistent,5.0,Drug-6's primary use as a hypoglycemic agent suggests it may have beneficial effects on glucose regulation.,0.5,2.875
2,Delay T1D onset in children ≥1yr,none,no_kg,llama3.2:3b,1,8,C,6,0.16666666666666666,0,0,0,1,,kg,insufficient,3.0,KG indicates Drug-6 modulating a cellular pathway but lacks clear evidence linking it to T1D in children.,0.75,2.75
2,BRAF+ thyroid cancer,none,no_kg,llama3.2:3b,0,8,D,1,1.0,1,1,1,1,,prior,insufficient,4.0,Mechanistically plausible for BRAF+ thyroid cancer treatment,0.5,2.375
2,BRAF+ thyroid cancer,none,no_kg,llama3.2:3b,1,8,C,7,0.14285714285714285,0,0,0,1,,kg,conflicting,1.0,KG provides no clear mechanistic link or pathway involvement for Drug C; potential off-target effects on BRAF V600E.,0.75,1.75
2,Chronic kidney disease,none,no_kg,llama3.2:3b,0,8,G,6,0.16666666666666666,0,0,0,1,,prior,insufficient,1.0,No clear association between drug class and target disease in KG evidence,0.625,1.75
2,Chronic kidney disease,none,no_kg,llama3.2:3b,1,8,C,3,0.3333333333333333,0,1,1,1,,kg,conflicting,3.0,"Drug-6 has been reported to inhibit the HIF pathway, but its connection to DOID:784 is unclear due to conflicting evidence.",0.75,2.125
2,IgG4-related disease,none,no_kg,llama3.2:3b,0,8,A,3,0.3333333333333333,0,1,1,1,,kg,insufficient,2.0,The mechanistic link from Drug-8 to the complement pathway in IgG4-related disease is unclear and may be coincidental.,0.625,2.5
2,IgG4-related disease,none,no_kg,llama3.2:3b,1,8,D,1,1.0,1,1,1,1,,kg,consistent,3.0,"Drug-2 is mechanistically linked to inflammation, a pathway relevant to IgG4-related disease.",0.625,1.75
2,Oral tablet formulation for weight management,none,no_kg,llama3.2:3b,0,8,A,2,0.5,0,1,1,1,,kg,insufficient,3.0,Drug-8's association with the pathway for lipid transport is uncertain due to lack of direct evidence.,0.625,1.875
2,Oral tablet formulation for weight management,none,no_kg,llama3.2:3b,1,8,F,2,0.5,0,1,1,1,,prior,insufficient,3.0,Drug-7 modulates appetite but evidence is needed for its relevance to the target disease.,0.625,2.625
2,Follicular lymphoma,none,no_kg,llama3.2:3b,0,8,D,6,0.16666666666666666,0,0,0,1,,prior,insufficient,1.0,,0.625,1.875
2,Follicular lymphoma,none,no_kg,llama3.2:3b,1,8,G,6,0.16666666666666666,0,0,0,1,,uncertain,insufficient,1.0,Insufficient KG evidence and conflicting prior knowledge prevented a confident ranking for Drug-8.,0.375,2.375
2,Palmoplantar pustulosis (PMDA),none,no_kg,llama3.2:3b,0,8,H,8,0.125,0,0,0,1,,uncertain,insufficient,1.0,Insufficient information is available in the graph to evaluate Drug-H's potential.,0.375,1.75
2,Palmoplantar pustulosis (PMDA),none,no_kg,llama3.2:3b,1,8,C,4,0.25,0,0,1,1,,both,conflicting,1.0,"Drug-8 has links to inflammation reduction via inhibition of pro-inflammatory cytokines, but its effects on T-cell activation are unclear.",0.5,1.75
2,Acquired hypothalamic obesity,none,no_kg,llama3.2:3b,0,8,C,5,0.2,0,0,1,1,,prior,insufficient,2.0,"Drug-6's mechanism of action is unclear from the KG, and while it may affect hypothalamic function, its direct relevance to Acquired hypothalamic obesity is uncertain.",0.0,2.375
2,Acquired hypothalamic obesity,none,no_kg,llama3.2:3b,1,8,F,4,0.25,0,0,1,1,,kg,conflicting,1.0,Drug-6 has conflicting reported associations with pathways relevant to Acquired Hypathemic Obesity and does not align well with known biological processes.,1.0,1.875
2,Pheochromocytoma/paraganglioma,none,no_kg,llama3.2:3b,0,8,D,4,0.25,0,0,1,1,,prior,insufficient,2.0,"Candidate D has potential as an alpha-adrenergic receptor antagonist, but its pharmacological profile is not strongly supported by the KG evidence.",0.5,2.625
2,Pheochromocytoma/paraganglioma,none,no_kg,llama3.2:3b,1,8,A,2,0.5,0,1,1,1,,prior,insufficient,3.0,Prior knowledge indicates potential relevance but KG evidence is lacking,0.875,2.25
2,IgE-mediated food allergy,none,no_kg,llama3.2:3b,0,8,F,6,0.16666666666666666,0,0,0,1,,both,consistent,5.0,,0.875,3.25
2,IgE-mediated food allergy,none,no_kg,llama3.2:3b,1,8,F,3,0.3333333333333333,0,1,1,1,,prior,insufficient,2.0,"May inhibit mast cell degranulation through H1 receptor antagonism, but this is not a well-studied pathway for IgE-mediated food allergy.",0.875,1.625
2,Advanced RCC after PD-1/PD-L1 + VEGF-TKI,none,no_kg,llama3.2:3b,0,8,C,6,0.16666666666666666,0,0,0,1,,kg,insufficient,2.0,KG has limited evidence for DOID:4450; mechanistic link unclear,0.625,3.0
2,Advanced RCC after PD-1/PD-L1 + VEGF-TKI,none,no_kg,llama3.2:3b,1,8,D,6,0.16666666666666666,0,0,0,1,,kg,conflicting,1.0,Drug-D has some mechanistic links to VEGF pathway but limited evidence for RCC or PD-1/PD-L1 pathways.,0.75,1.875
2,COPD,none,no_kg,llama3.2:3b,0,8,G,5,0.2,0,0,1,1,,kg,conflicting,4.0,insufficient evidence in KG,0.75,3.75
2,COPD,none,no_kg,llama3.2:3b,1,8,G,6,0.16666666666666666,0,0,0,1,,kg,insufficient,1.0,Insufficient information from the knowledge graph supports Drug-8's potential for COPD treatment.,0.625,1.875
2,mHSPC + ADT,none,no_kg,llama3.2:3b,0,8,E,5,0.2,0,0,1,1,,prior,insufficient,2.0,"While drug E has shown promise in treating certain cancers, its mechanism of action is not well-established and lacks direct connection to the target disease.",0.5,2.0
2,mHSPC + ADT,none,no_kg,llama3.2:3b,1,8,A,2,0.5,0,1,1,1,,kg,insufficient,3.0,The provided information supports a link to HSPC + ADT but lacks direct evidence.,0.7142857142857143,1.8571428571428572
2,COPD (EMA 2025),none,no_kg,llama3.2:3b,0,8,D,3,0.3333333333333333,0,1,1,1,,both,consistent,4.0,Both have relevant pathways for COPD treatment.,0.7142857142857143,2.2857142857142856
2,COPD (EMA 2025),none,no_kg,llama3.2:3b,1,8,F,5,0.2,0,0,1,1,,prior,insufficient,2.0,"Pharmacological properties and drug target suggest potential efficacy, but KG evidence is sparse",0.7142857142857143,2.142857142857143
2,dMMR/MSI-H primary advanced endometrial cancer,none,no_kg,llama3.2:3b,0,8,C,3,0.3333333333333333,0,1,1,1,,kg,insufficient,1.0,KG evidence is sparse and conflicts with no prior knowledge.,0.5,2.25
2,dMMR/MSI-H primary advanced endometrial cancer,none,no_kg,llama3.2:3b,1,8,E,2,0.5,0,1,1,1,,prior,insufficient,3.0,"Drugs targeting PI3K/AKT pathway have shown efficacy in ovarian cancer, suggesting potential for dMMR/MSI-H primary advanced endometrial cancer.",0.75,1.75
2,Generalized myasthenia gravis,none,no_kg,llama3.2:3b,0,8,B,1,1.0,1,1,1,1,,kg,consistent,4.0,Drug-8's mechanism of action on the neuromuscular junction makes it a plausible candidate.,0.875,1.75
2,Generalized myasthenia gravis,none,no_kg,llama3.2:3b,1,8,C,6,0.16666666666666666,0,0,0,1,,kg,insufficient,1.0,No clear mechanistic link to myasthenia gravis,0.75,1.75
2,Urothelial carcinoma (expanded population),none,no_kg,llama3.2:3b,0,8,D,4,0.25,0,0,1,1,,kg,insufficient,1.0,The knowledge graph reports Drug D targeting a receptor without clear evidence of its relevance to Urothelial carcinoma.,0.625,2.25
2,Urothelial carcinoma (expanded population),none,no_kg,llama3.2:3b,1,8,H,6,0.16666666666666666,0,0,0,1,,kg,insufficient,2.0,Lacks any direct or indirect evidence from the KG,0.625,3.25
2,Crohn's disease,none,no_kg,llama3.2:3b,0,8,H,7,0.14285714285714285,0,0,0,1,,kg,insufficient,1.0,KG lacks direct evidence linking it to the pathway 'mucin production' or any other relevant pathways for Crohn's disease.,0.7142857142857143,1.8571428571428572
2,Crohn's disease,none,no_kg,llama3.2:3b,1,8,E,4,0.25,0,0,1,1,,prior,insufficient,1.0,Used for inflammatory bowel disease treatment but no direct association with Crohn's disease reported in KG,0.5,2.0
2,RAS wild-type HER2+ metastatic colorectal cancer,none,no_kg,llama3.2:3b,0,8,B,7,0.14285714285714285,0,0,0,1,,kg,insufficient,1.0,The KG reports Drug-B as affecting the Wnt/β-catenin pathway but lacks evidence for its effectiveness against HER2+ metastatic colorectal cancer.,0.625,1.75
2,RAS wild-type HER2+ metastatic colorectal cancer,none,no_kg,llama3.2:3b,1,8,H,6,0.16666666666666666,0,0,0,1,,kg,insufficient,1.0,Knowledge graph evidence for Drug-7 is very sparse and does not provide clear mechanistic links to the target disease.,0.75,2.25
2,Atopic dermatitis,none,no_kg,llama3.2:3b,0,8,C,4,0.25,0,0,1,1,,kg,insufficient,3.0,"Mechanistic links from knowledge graph support Drug-7 as a potential target for Atopic dermatitis, but the strength of these connections is unclear.",0.875,2.75
2,Atopic dermatitis,none,no_kg,llama3.2:3b,1,8,G,6,0.16666666666666666,0,0,0,1,,kg,insufficient,2.0,"The KG reports an association between Drug-G and the mTOR pathway, which is not directly implicated in atopic dermatitis.",0.7142857142857143,2.2857142857142856
2,dMMR recurrent/advanced endometrial cancer,none,no_kg,llama3.2:3b,0,8,C,2,0.5,0,1,1,1,,both,consistent,4.0,KG evidence links Drug-3 to angiogenesis and prior knowledge supports its relevance to tumor growth.,0.625,1.875
2,dMMR recurrent/advanced endometrial cancer,none,no_kg,llama3.2:3b,1,8,C,8,0.125,0,0,0,1,,kg,conflicting,3.0,Association with pathways not directly related to dMMR recurrent/advanced endometrial cancer,0.5,2.625
2,Polymyalgia rheumatica,none,no_kg,llama3.2:3b,0,8,C,9,0.1111111111111111,0,0,0,1,,,,,,1.0,4.0
2,Polymyalgia rheumatica,none,no_kg,llama3.2:3b,1,8,D,5,0.2,0,0,1,1,,kg,insufficient,1.0,The knowledge graph does not provide sufficient evidence to support a mechanistic link between Drug-8 and Polymyalgia rheumatica.,0.875,1.75
2,Metastatic colorectal cancer,none,no_kg,llama3.2:3b,0,8,D,1,1.0,1,1,1,1,,both,consistent,4.0,"Drug-8 is a known inhibitor of epidermal growth factor receptor (EGFR), which is frequently mutated in metastatic colorectal cancer.",0.625,1.75
2,Metastatic colorectal cancer,none,no_kg,llama3.2:3b,1,8,D,4,0.25,0,0,1,1,,prior,conflicting,3.0,"Known anti-inflammatory effects of Drug-3, but unclear mechanism for metastatic colorectal cancer.",0.5,2.375
2,Ulcerative colitis,none,no_kg,llama3.2:3b,0,8,G,5,0.2,0,0,1,1,,kg,insufficient,1.0,Mechanism unclear due to sparse knowledge graph links,0.625,2.0
2,Ulcerative colitis,none,no_kg,llama3.2:3b,1,8,E,5,0.2,0,0,1,1,,prior,insufficient,1.0,There is no direct evidence from the KG or prior knowledge to support Drug-E's use in treating ulcerative colitis.,0.5714285714285714,1.8571428571428572
2,MSI-H/dMMR solid tumors (full approval conversion),none,no_kg,llama3.2:3b,0,8,D,1,1.0,1,1,1,1,,kg,consistent,4.0,Drug-6 has mechanistic links through the PI3K/AKT pathway,0.5,1.875
2,MSI-H/dMMR solid tumors (full approval conversion),none,no_kg,llama3.2:3b,1,8,C,3,0.3333333333333333,0,1,1,1,,prior,conflicting,3.0,"Prior knowledge suggests that Drug-4 has anti-tumor effects in various cancer types, but its role in MSI-H/dMMR solid tumors is unclear due to conflicting evidence.",0.8333333333333334,2.5
2,Schnitzler syndrome (Japan),none,no_kg,llama3.2:3b,0,8,B,4,0.25,0,0,1,1,,kg,insufficient,2.0,"Similar to Drug-6, mechanistic links for Drug-7 are limited, making its potential efficacy in Schnitzler syndrome uncertain.",0.875,2.25
2,Schnitzler syndrome (Japan),none,no_kg,llama3.2:3b,1,8,B,7,0.14285714285714285,0,0,0,1,,kg,insufficient,1.0,does not appear to be relevant to the disease based on available knowledge,0.75,2.0
2,HR+/HER2- metastatic breast cancer,none,no_kg,llama3.2:3b,0,8,B,2,0.5,0,1,1,1,,kg,conflicting,2.0,"Drug-7 is reported to have anti-proliferative effects against various cancers, but its specific mechanism of action on HR+/HER2- metastatic breast cancer is unclear.",0.5714285714285714,2.142857142857143
2,HR+/HER2- metastatic breast cancer,none,no_kg,llama3.2:3b,1,8,E,5,0.2,0,0,1,1,,kg,insufficient,1.0,"Drug-7's pathway targets are unclear, and its use in breast cancer treatment is unestablished.",0.625,2.25
2,Giant cell arteritis,none,no_kg,llama3.2:3b,0,8,G,7,0.14285714285714285,0,0,0,1,,prior,insufficient,2.0,Prior knowledge does not provide clear mechanistic links between the drug and Giant cell arteritis.,0.625,2.0
2,Giant cell arteritis,none,no_kg,llama3.2:3b,1,8,E,7,0.14285714285714285,0,0,0,1,,prior,conflicting,2.0,speculative immunomodulatory effects,0.5,2.0
2,Neoadj+adj HNSCC,none,no_kg,llama3.2:3b,0,8,E,4,0.25,0,0,1,1,,kg,insufficient,1.0,,0.5,2.5
2,Neoadj+adj HNSCC,none,no_kg,llama3.2:3b,1,8,E,5,0.2,0,0,1,1,,,,,,,
2,Psoriasis in children 6-11 (cream),none,no_kg,llama3.2:3b,0,8,H,6,0.16666666666666666,0,0,0,1,,kg,conflicting,1.0,Drug-2 has conflicting evidence from the knowledge graph; direct relevance and efficacy for Psoriasis in children are unclear.,0.625,2.25
2,Psoriasis in children 6-11 (cream),none,no_kg,llama3.2:3b,1,8,A,1,1.0,1,1,1,1,,prior,insufficient,4.0,"Drug A is known to inhibit inflammatory pathways, which are relevant to Psoriasis.",0.5,2.125
2,dMMR/MSI-H primary advanced endometrial cancer (+chemo),none,no_kg,llama3.2:3b,0,8,H,7,0.14285714285714285,0,0,0,1,,kg,insufficient,2.0,KG evidence for Drug-6's target not directly linked to endometrial cancer and has conflicting reports,0.5714285714285714,3.2857142857142856
2,dMMR/MSI-H primary advanced endometrial cancer (+chemo),none,no_kg,llama3.2:3b,1,8,G,5,0.2,0,0,1,1,,kg,insufficient,1.0,"The role of the NF-κB pathway in dMMR/MSI-H primary advanced endometrial cancer is not well-established, and while Drug-8 may inhibit this pathway, its relevance to this disease is unclear.",0.875,2.375
2,Primary immunodeficiency pediatric (EMA),none,no_kg,llama3.2:3b,0,8,D,1,1.0,1,1,1,1,,both,consistent,4.0,"Drug-3 is a known inhibitor of the Bruton's tyrosine kinase (BTK) pathway, which plays a critical role in B cell development and function, relevant to Primary immunodeficiency pediatric (EMA).",0.875,1.75
2,Primary immunodeficiency pediatric (EMA),none,no_kg,llama3.2:3b,1,8,E,3,0.3333333333333333,0,1,1,1,,prior,insufficient,2.0,"Drug-1 lacks direct pathway links to EMA in KG, but its pharmacological properties could offer potential benefits.",0.625,1.875
2,HR+/HER2- breast cancer,none,no_kg,llama3.2:3b,0,8,H,7,0.14285714285714285,0,0,0,1,,kg,insufficient,1.0,Insufficient evidence supporting use in HR+/HER2- breast cancer.,0.7142857142857143,1.5714285714285714
2,HR+/HER2- breast cancer,none,no_kg,llama3.2:3b,1,8,H,9,0.1111111111111111,0,0,0,1,,,,,,0.0,4.0
2,Ulcerative colitis,none,no_kg,llama3.2:3b,0,8,D,1,1.0,1,1,1,1,,both,consistent,5.0,"Drug-6 has anti-inflammatory properties and is known to inhibit PDE4 enzymes, which are involved in the pathogenesis of ulcerative colitis.",0.5714285714285714,2.142857142857143
2,Ulcerative colitis,none,no_kg,llama3.2:3b,1,8,C,1,1.0,1,1,1,1,,kg,consistent,4.0,Mechanistic links in the KG suggest Drug-8's inhibition of TNF-alpha pathways relevant to ulcerative colitis.,0.875,1.75
2,HER2-mutant NSCLC (PMDA),none,no_kg,llama3.2:3b,0,8,F,6,0.16666666666666666,0,0,0,1,,kg,insufficient,3.0,"KG reports association between Drug-8 and inhibition of a pathway involved in cancer cell growth, but this is not specific to HER2-mutant NSCLC",0.625,2.875
2,HER2-mutant NSCLC (PMDA),none,no_kg,llama3.2:3b,1,8,A,2,0.5,0,1,1,1,,kg,consistent,5.0,Mechanistic links from the knowledge graph support Drug-8's efficacy against HER2-mutant NSCLC.,0.5,2.25
2,Pediatric atopic dermatitis,none,no_kg,llama3.2:3b,0,8,G,6,0.16666666666666666,0,0,0,1,,kg,conflicting,1.0,"Direct evidence from KG indicates immunomodulatory effects, but pharmacological knowledge suggests potential for drug-8 to target different pathways.",0.625,1.875
2,Pediatric atopic dermatitis,none,no_kg,llama3.2:3b,1,8,G,7,0.14285714285714285,0,0,0,1,,kg,insufficient,2.0,"KG shows drug G interacting with the PI3K/AKT pathway, but no clear connection to atopic dermatitis is established.",0.75,2.5
2,HER2-mutant NSCLC (EMA),none,no_kg,llama3.2:3b,0,8,B,3,0.3333333333333333,0,1,1,1,,prior,insufficient,3.0,Lack of direct evidence does not disqualify it,0.625,2.125
2,HER2-mutant NSCLC (EMA),none,no_kg,llama3.2:3b,1,8,D,4,0.25,0,0,1,1,,kg,conflicting,2.0,"Directly inhibits HER2 protein, but lacksKG evidence for NSCLC.",0.625,3.125
2,IV formulation for rheumatic diseases (EMA),none,no_kg,llama3.2:3b,0,8,B,7,0.14285714285714285,0,0,0,1,,kg,conflicting,2.0,Conflicting KG annotations and no established efficacy for rheumatic diseases.,0.5,2.375
2,IV formulation for rheumatic diseases (EMA),none,no_kg,llama3.2:3b,1,8,A,8,0.125,0,0,0,1,,kg,insufficient,1.0,"Without direct evidence in the knowledge graph, Drug-8's potential as an IV formulation agent for rheumatic diseases is uncertain.",0.875,1.625
2,Resectable gastric/GEJ adenocarcinoma (neoadj+adj +FLOT),none,no_kg,llama3.2:3b,0,8,A,3,0.3333333333333333,0,1,1,1,,kg,insufficient,2.0,"The KG links Drug-A to the mTOR pathway and cancer cell growth; however, this connection is not strongly supported by pharmacological knowledge.",0.625,1.875
2,Resectable gastric/GEJ adenocarcinoma (neoadj+adj +FLOT),none,no_kg,llama3.2:3b,1,8,C,3,0.3333333333333333,0,1,1,1,,kg,conflicting,2.0,Mechanistic links to Hedgehog pathway but no clear evidence for cancer treatment,0.625,2.25
2,Antibody-mediated rejection in organ transplantation,none,no_kg,llama3.2:3b,0,8,G,5,0.2,0,0,1,1,,prior,conflicting,2.0,"Prior knowledge suggests the involvement of T cell co-stimulation and activation pathways in antibody-mediated rejection, but KG evidence for Drug-1 is unclear.",0.625,2.5
2,Antibody-mediated rejection in organ transplantation,none,no_kg,llama3.2:3b,1,8,G,3,0.3333333333333333,0,1,1,1,,kg,conflicting,1.0,Pathway association unclear and conflicts with prior knowledge.,0.375,2.0
2,RET-fusion NSCLC (expanded),none,no_kg,llama3.2:3b,0,8,H,7,0.14285714285714285,0,0,0,1,,prior,insufficient,1.0,Lacking direct evidence for RET-fusion NSCLC,0.42857142857142855,1.7142857142857142
2,RET-fusion NSCLC (expanded),none,no_kg,llama3.2:3b,1,8,G,6,0.16666666666666666,0,0,0,1,,kg,insufficient,1.0,KG evidence for Drug-8 is limited and not directly relevant to RET-fusion NSCLC,0.75,1.75
2,EGPA,none,no_kg,llama3.2:3b,0,8,H,7,0.14285714285714285,0,0,0,1,,kg,conflicting,1.0,"Mechanistic link to the IL-5 receptor alpha (IL-5Rα) pathway, but not strongly supported by prior knowledge",0.75,1.375
2,EGPA,none,no_kg,llama3.2:3b,1,8,B,2,0.5,0,1,1,1,,both,consistent,4.0,Drug-1 shows evidence from the knowledge graph and prior knowledge that links it to EGPA through the JAK/STAT pathway.,0.875,2.375
2,HR+/HER2- metastatic breast cancer,none,no_kg,llama3.2:3b,0,8,G,6,0.16666666666666666,0,0,0,1,,kg,conflicting,1.0,"The KG suggests a link between Drug-8 and the Wnt pathway, but this relationship is not established in prior knowledge on HR+/HER2- breast cancer.",0.75,2.25
2,HR+/HER2- metastatic breast cancer,none,no_kg,llama3.2:3b,1,8,F,7,0.14285714285714285,0,0,0,1,,kg,insufficient,1.0,"KG evidence suggests Drug-F may inhibit mTOR pathway, but this is not directly relevant to HR+/HER2- metastatic breast cancer.",0.75,1.75
2,Primary humoral immunodeficiency pediatric 2-11yr,none,no_kg,llama3.2:3b,0,8,A,8,0.125,0,0,0,1,,prior,insufficient,1.0,"Drug-1 has not shown significant immunomodulatory effects in preclinical or clinical studies, making it less likely to be effective for Primary humoral immunodeficiency.",0.5,1.75
2,Primary humoral immunodeficiency pediatric 2-11yr,none,no_kg,llama3.2:3b,1,8,A,6,0.16666666666666666,0,0,0,1,,prior,insufficient,2.0,Drug-1 has no clear connections to humoral immunodeficiency in the graph or by general knowledge,0.7142857142857143,2.5714285714285716
2,Pediatric glioma (EMA),none,no_kg,llama3.2:3b,0,8,B,3,0.3333333333333333,0,1,1,1,,kg,insufficient,2.0,"KG reports Drug-3's potential role in modulating immune responses against glioma, but this relationship is not well-established in the literature.",0.75,1.875
2,Pediatric glioma (EMA),none,no_kg,llama3.2:3b,1,8,D,1,1.0,1,1,1,1,,prior,insufficient,3.0,Drug-D is an alkylating agent with known efficacy in pediatric leukemia.,0.5,2.75
2,Juvenile idiopathic arthritis (EMA Feb 2026),none,no_kg,llama3.2:3b,0,8,A,8,0.125,0,0,0,1,,kg,insufficient,1.0,"The KG indicates an interaction with the TNF-α pathway, but there is limited evidence to support its use in treating JIA.",0.75,1.75
2,Juvenile idiopathic arthritis (EMA Feb 2026),none,no_kg,llama3.2:3b,1,8,G,7,0.14285714285714285,0,0,0,1,,kg,insufficient,1.0,Lack of mechanistic links between Drug-G and JIA pathways makes its plausibility uncertain.,0.5,2.0
2,Ph+ CML-CP after 2+ TKIs,none,no_kg,llama3.2:3b,0,8,F,7,0.14285714285714285,0,0,0,1,,kg,conflicting,2.0,Associated with other pathways and no clear link to BCR-ABL in CML,0.625,2.25
2,Ph+ CML-CP after 2+ TKIs,none,no_kg,llama3.2:3b,1,8,G,4,0.25,0,0,1,1,,prior,insufficient,1.0,Drugs G lacks clear connections and has limited evidence in treating CML-CP after TKIs,0.5,2.0
2,KRAS G12C+ mCRC,none,no_kg,llama3.2:3b,0,8,H,6,0.16666666666666666,0,0,0,1,,prior,insufficient,2.0,Drug-8 lacks clear mechanistic links to KRAS G12C+ mCRC and prior knowledge.,0.375,1.75
2,KRAS G12C+ mCRC,none,no_kg,llama3.2:3b,1,8,A,3,0.3333333333333333,0,1,1,1,,prior,insufficient,2.0,Prior knowledge suggests Drug-8 has efficacy against other cancer types,0.16666666666666666,2.0
2,HR+/HER2- early breast cancer (adjuvant),none,no_kg,llama3.2:3b,0,8,H,5,0.2,0,0,1,1,,kg,insufficient,2.0,KG evidence for Drug-6 in relation to HR+/HER2- early breast cancer is sparse and unclear.,0.8,2.2
2,HR+/HER2- early breast cancer (adjuvant),none,no_kg,llama3.2:3b,1,8,G,3,0.3333333333333333,0,1,1,1,,kg,insufficient,4.0,Lack of reported pathways and unclear association with DOID:1612.,0.5,3.5
2,First-line anemia in lower-risk MDS,none,no_kg,llama3.2:3b,0,8,F,6,0.16666666666666666,0,0,0,1,,kg,insufficient,1.0,Reports of association with bone marrow microenvironment modulation are insufficient or unclear to link it directly to anemia regulation in MDS.,0.75,1.75
2,First-line anemia in lower-risk MDS,none,no_kg,llama3.2:3b,1,8,C,3,0.3333333333333333,0,1,1,1,,kg,insufficient,2.0,"No direct evidence from the knowledge graph linking C to EPOR or erythropoiesis, but it has been reported to have some effects on blood cells.",0.875,2.125
2,Follicular lymphoma (+obinutuzumab),none,no_kg,llama3.2:3b,0,8,A,3,0.3333333333333333,0,1,1,1,,prior,insufficient,2.0,Drug-8 has been shown to have anti-tumor activity in various cancer types.,0.5,1.75
2,Follicular lymphoma (+obinutuzumab),none,no_kg,llama3.2:3b,1,8,C,2,0.5,0,1,1,1,,kg,conflicting,3.0,May be relevant to follicular lymphoma due to KG association with 'mTOR' pathway.,0.7142857142857143,2.857142857142857
2,1L biliary tract cancer (+gemcitabine+cisplatin),none,no_kg,llama3.2:3b,0,8,D,2,0.5,0,1,1,1,,,,,,,
2,1L biliary tract cancer (+gemcitabine+cisplatin),none,no_kg,llama3.2:3b,1,8,D,1,1.0,1,1,1,1,,prior,insufficient,2.0,Lack of direct evidence linking it to the pathway,0.5714285714285714,1.4285714285714286
2,"ALK+ solid tumors (tissue-agnostic, world-first)",none,no_kg,llama3.2:3b,0,8,F,6,0.16666666666666666,0,0,0,1,,kg,conflicting,2.0,KG shows association with other diseases but not directly with ALK+ solid tumors,0.625,2.25
2,"ALK+ solid tumors (tissue-agnostic, world-first)",none,no_kg,llama3.2:3b,1,8,C,4,0.25,0,0,1,1,,kg,insufficient,2.0,Mechanistic plausibility is low due to lack of direct evidence from the knowledge graph and limited information on its relevance to ALK+ solid tumors.,0.7142857142857143,2.142857142857143
2,Pediatric BRAF V600E low-grade glioma,none,no_kg,llama3.2:3b,0,8,F,5,0.2,0,0,1,1,,prior,insufficient,2.0,No known mechanism for Drug-5 in BRAF V600E signaling.,0.5714285714285714,1.8571428571428572
2,Pediatric BRAF V600E low-grade glioma,none,no_kg,llama3.2:3b,1,8,E,2,0.5,0,1,1,1,,prior,insufficient,3.0,"While Drug-5 targets the same pathway as the disease, direct evidence from the knowledge graph is lacking, so we rely on its prior pharmacological profile.",0.625,2.0
2,Platinum-resistant ovarian carcinoma (PD-L1+ CPS≥1),none,no_kg,llama3.2:3b,0,8,G,2,0.5,0,1,1,1,,kg,insufficient,4.0,KG reports Drug-6's involvement in a pathway not well-represented in prior knowledge.,0.625,2.25
2,Platinum-resistant ovarian carcinoma (PD-L1+ CPS≥1),none,no_kg,llama3.2:3b,1,8,D,1,1.0,1,1,1,1,,both,consistent,4.0,Drug-2 has mechanistic links to PD-L1+ CPS≥1 via its association with PI3K/AKT pathway inhibition.,0.625,2.0
2,Ph+ CML-CP frontline (EMA Feb 2026),none,no_kg,llama3.2:3b,0,8,F,6,0.16666666666666666,0,0,0,1,,kg,conflicting,1.0,"KG reports associations between drug-8 and the NF-κB pathway, but this is not directly linked to CML.",0.625,1.75
2,Ph+ CML-CP frontline (EMA Feb 2026),none,no_kg,llama3.2:3b,1,8,B,4,0.25,0,0,1,1,,prior,insufficient,2.0,Tyrosine kinase inhibitor with potential anti-cancer effects,0.5,1.875
2,Gastric/GEJ adenocarcinoma,none,no_kg,llama3.2:3b,0,8,G,8,0.125,0,0,0,1,,prior,insufficient,1.0,"Drug-8's mechanism of action against cancer is not well documented, and its relevance to gastric adenocarcinoma is unclear.",0.625,1.625
2,Gastric/GEJ adenocarcinoma,none,no_kg,llama3.2:3b,1,8,B,1,1.0,1,1,1,1,,prior,insufficient,3.0,"Drug-8 has shown promise in treating certain types of cancer, but specific evidence for gastric/GEJ adenocarcinoma is lacking.",0.75,1.75
2,Chronic lymphocytic leukemia,none,no_kg,llama3.2:3b,0,8,H,8,0.125,0,0,0,1,,kg,insufficient,1.0,Insufficient KG evidence for a meaningful assessment,0.75,1.875
2,Chronic lymphocytic leukemia,none,no_kg,llama3.2:3b,1,8,H,9,0.1111111111111111,0,0,0,1,,,,,,0.7142857142857143,2.0
2,HER2+ early-stage BC (neoadjuvant + adjuvant),none,no_kg,llama3.2:3b,0,8,D,6,0.16666666666666666,0,0,0,1,,kg,conflicting,1.0,KG reports pathway involvement but insufficient evidence for disease relevance in BC context.,0.5,1.625
2,HER2+ early-stage BC (neoadjuvant + adjuvant),none,no_kg,llama3.2:3b,1,8,D,4,0.25,0,0,1,1,,kg,insufficient,1.0,"Mechanistic links from the knowledge graph suggest Drug-8's interaction with HER2 receptor, but the specific application to this disease is uncertain.",0.8571428571428571,1.8571428571428572
2,HR+/HER2-low breast cancer,none,no_kg,llama3.2:3b,0,8,G,8,0.125,0,0,0,1,,kg,insufficient,1.0,The provided knowledge graph evidence for Drug-3 is lacking and does not provide clear mechanistic links to HR+/HER2-low breast cancer.,0.75,2.25
2,HR+/HER2-low breast cancer,none,no_kg,llama3.2:3b,1,8,A,1,1.0,1,1,1,1,,both,consistent,4.0,Both the knowledge graph and prior knowledge suggest Drug-8 targets pathways involved in cancer cell proliferation.,0.875,1.875
2,"Pediatric low-grade glioma (+dabrafenib, BRAF V600E)",none,no_kg,llama3.2:3b,0,8,H,8,0.125,0,0,0,1,,prior,uncertain,1.0,Insufficient information available to assess the drug's mechanistic plausibility.,0.625,2.0
2,"Pediatric low-grade glioma (+dabrafenib, BRAF V600E)",none,no_kg,llama3.2:3b,1,8,D,7,0.14285714285714285,0,0,0,1,,prior,insufficient,2.0,Prior knowledge on pathway is sparse,0.7142857142857143,2.7142857142857144
2,Unresectable thymic carcinoma (PMDA),none,no_kg,llama3.2:3b,0,8,B,3,0.3333333333333333,0,1,1,1,,both,conflicting,2.0,"KG indicates association with PKMCA, but prior knowledge does not support this relationship",0.875,1.75
2,Unresectable thymic carcinoma (PMDA),none,no_kg,llama3.2:3b,1,8,E,5,0.2,0,0,1,1,,kg,conflicting,2.0,"KG suggests potential anti-cancer effects through cell cycle arrest, but this mechanism is not well-established for thymic carcinoma.",0.75,2.25
2,BRAF+ thyroid cancer,none,no_kg,llama3.2:3b,0,8,C,4,0.25,0,0,1,1,,kg,insufficient,3.0,"Knowledge graph reports association between Drug-7 and BRAF pathway, but prior knowledge suggests limited relevance to thyroid cancer.",0.625,2.875
2,BRAF+ thyroid cancer,none,no_kg,llama3.2:3b,1,8,C,3,0.3333333333333333,0,1,1,1,,prior,insufficient,2.0,"Drug-7 shows no clear mechanism for BRAF inhibition in thyroid cancer through the MEK/ERK pathway, relying solely on its reported effectiveness.",0.5714285714285714,2.0
2,IDH1-mutated relapsed/refractory MDS,none,no_kg,llama3.2:3b,0,8,C,4,0.25,0,0,1,1,,kg,conflicting,1.0,"Drug-8 is associated with the metabolism of histamine, which does not appear to be directly related to IDH1 function.",0.75,2.5
2,IDH1-mutated relapsed/refractory MDS,none,no_kg,llama3.2:3b,1,8,G,7,0.14285714285714285,0,0,0,1,,kg,insufficient,1.0,Drug-8's mechanism of action is not directly related to IDH1 inhibition and there is limited KG evidence for its use in treating MDS.,1.0,1.75
2,Biliary tract cancer,none,no_kg,llama3.2:3b,0,8,F,4,0.25,0,0,1,1,,prior,insufficient,1.0,Prior knowledge of bile acid metabolism with unclear relevance to BTRC,0.5714285714285714,1.8571428571428572
2,Biliary tract cancer,none,no_kg,llama3.2:3b,1,8,F,6,0.16666666666666666,0,0,0,1,,kg,insufficient,1.0,"Drug-8 has a mechanistic link to the target disease via KG evidence, but its anti-cancer activity is not well established.",0.75,1.75
2,"mCRC BRAF V600E (traditional approval, was accelerated)",none,no_kg,llama3.2:3b,0,8,H,7,0.14285714285714285,0,0,0,1,,kg,conflicting,1.0,Drug-8 has conflicting KG evidence supporting its efficacy against BRAF V600E and does not align with prior knowledge.,0.875,2.125
2,"mCRC BRAF V600E (traditional approval, was accelerated)",none,no_kg,llama3.2:3b,1,8,C,6,0.16666666666666666,0,0,0,1,,kg,conflicting,1.0,,0.5,1.75
2,Gastric/GEJ adenocarcinoma (1L +chemo),none,no_kg,llama3.2:3b,0,8,B,5,0.2,0,0,1,1,,kg,insufficient,1.0,"Targeting epidermal growth factor receptor (EGFR) has shown promise in various cancers, but evidence of its effectiveness in gastric adenocarcinoma is limited.",0.875,1.75
2,Gastric/GEJ adenocarcinoma (1L +chemo),none,no_kg,llama3.2:3b,1,8,F,6,0.16666666666666666,0,0,0,1,,prior,conflicting,4.0,"Inhibitor of HIF-1α, a key regulator in hypoxia; however, direct evidence for gastric cancer is lacking.",0.75,2.375
2,Chorea associated with Huntington's disease,primekg,kg,llama3.2:3b,0,8,E,4,0.25,0,0,1,1,,kg,insufficient,1.0,Lack of direct connection to Huntington's disease and chorea,0.625,2.0
2,Chorea associated with Huntington's disease,primekg,kg,llama3.2:3b,1,8,F,5,0.2,0,0,1,1,,prior,insufficient,2.0,"Targets CYP3A4, an enzyme involved in drug metabolism",0.5,2.5
2,Chronic thromboembolic pulmonary hypertension,primekg,kg,llama3.2:3b,0,8,C,1,1.0,1,1,1,1,,kg,consistent,4.0,"Drug-4 targets CYP1A2, an enzyme involved in the metabolism of drugs that treat pulmonary hypertension, supporting its mechanistic plausibility.",0.75,2.25
2,Chronic thromboembolic pulmonary hypertension,primekg,kg,llama3.2:3b,1,8,A,4,0.25,0,0,1,1,,both,insufficient,1.0,Targets F10 with no direct connection to DOID:6432 in the KG but potentially modulating ion channels involved in pulmonary hypertension,0.8571428571428571,1.8571428571428572
2,Indolent systemic mastocytosis,primekg,kg,llama3.2:3b,0,8,B,2,0.5,0,1,1,1,,kg,conflicting,4.0,Targets KIT but conflicting with other information,0.42857142857142855,2.2857142857142856
2,Indolent systemic mastocytosis,primekg,kg,llama3.2:3b,1,8,A,4,0.25,0,0,1,1,,kg,conflicting,1.0,"Targets ABCG2 and CYP3A4, which are not directly associated with indolent systemic mastocytosis",0.5,1.75
2,EGPA (expanded),primekg,kg,llama3.2:3b,0,8,B,6,0.16666666666666666,0,0,0,1,,kg,conflicting,2.0,"Primarily targets IL5RA and FCGR3A, with conflicting evidence regarding the drug's relevance to EGPA (expanded).",0.5,1.75
2,EGPA (expanded),primekg,kg,llama3.2:3b,1,8,C,5,0.2,0,0,1,1,,kg,conflicting,1.0,"Drug-3 targets various enzymes involved in neurotransmission and inflammation, but its relevance to EGPA is unclear without direct evidence.",0.75,1.75
2,Invasive fungal infections pediatric ≥2yr,primekg,kg,llama3.2:3b,0,8,G,8,0.125,0,0,0,1,,prior,insufficient,1.0,Targets several SCN channels that are not clearly linked to invasive fungal infections in the knowledge graph.,0.25,1.75
2,Invasive fungal infections pediatric ≥2yr,primekg,kg,llama3.2:3b,1,8,E,2,0.5,0,1,1,1,,prior,conflicting,3.0,"UGT2B7 and ABCB1 have roles in drug metabolism, but their relevance to invasive fungal infections is uncertain",0.5,3.125
2,PKU expanded to ≥12yr,primekg,kg,llama3.2:3b,0,8,E,5,0.2,0,0,1,1,,both,conflicting,2.0,"Targets PTGIS and CYP3A4, which could be relevant to PKU pathophysiology, but links from the knowledge graph are limited",0.5,2.125
2,PKU expanded to ≥12yr,primekg,kg,llama3.2:3b,1,8,G,5,0.2,0,0,1,1,,kg,insufficient,1.0,No mechanistic link between Drug G and PKU established in the knowledge graph or based on prior pharmacological knowledge.,0.375,1.625
2,Nephrotic syndrome,primekg,kg,llama3.2:3b,0,8,G,8,0.125,0,0,0,1,,kg,insufficient,1.0,The knowledge graph's evidence for Drug-1 is limited and does not directly link to Nephrotic syndrome.,0.875,1.75
2,Nephrotic syndrome,primekg,kg,llama3.2:3b,1,8,D,1,1.0,1,1,1,1,,,,,,,
2,HR+/HER2- node-positive high-risk early breast cancer,primekg,kg,llama3.2:3b,0,8,F,2,0.5,0,1,1,1,,both,consistent,4.0,Both KG and prior knowledge suggest targets relevant to cancer treatment and metabolism.,0.75,1.75
2,HR+/HER2- node-positive high-risk early breast cancer,primekg,kg,llama3.2:3b,1,8,C,5,0.2,0,0,1,1,,kg,conflicting,4.0,"Targets multiple transporters and enzymes involved in drug metabolism, but the evidence for this target in HR+/HER2- node-positive high-risk early breast cancer is limited.",0.75,3.375
2,Retinopathy of prematurity,primekg,kg,llama3.2:3b,0,8,A,1,1.0,1,1,1,1,,prior,insufficient,3.0,"Drug-7 targets VEGFA, but prior knowledge suggests limited therapeutic effects.",0.5,1.5
2,Retinopathy of prematurity,primekg,kg,llama3.2:3b,1,8,A,1,1.0,1,1,1,1,,both,consistent,5.0,High mechanistic plausibility due to both knowledge graph evidence and pharmacological knowledge.,0.125,2.375
2,Agitation associated with Alzheimer's dementia,primekg,kg,llama3.2:3b,0,8,B,3,0.3333333333333333,0,1,1,1,,kg,conflicting,2.0,"Drug-6 targets several receptors involved in various signaling pathways, but its association with agitation associated with Alzheimer's dementia is unclear and may conflict with prior knowledge.",0.875,1.75
2,Agitation associated with Alzheimer's dementia,primekg,kg,llama3.2:3b,1,8,E,4,0.25,0,0,1,1,,kg,conflicting,2.0,Targets multiple receptors and enzymes with limited evidence for Alzheimer's dementia; indirect effects possible but uncertain.,0.42857142857142855,2.857142857142857
2,LDL-C elevation in statin-intolerant dyslipidemia,primekg,kg,llama3.2:3b,0,8,E,2,0.5,0,1,1,1,,both,conflicting,4.0,"Targeting CYP3A5 may have implications for lipid metabolism, but the KG evidence is sparse and conflicting with other pathways.",0.5,3.0
2,LDL-C elevation in statin-intolerant dyslipidemia,primekg,kg,llama3.2:3b,1,8,A,2,0.5,0,1,1,1,,kg,insufficient,3.0,"Mechanistic link to sphingolipid biosynthesis suggests potential efficacy, but lacks direct connection to provided disease profile.",0.875,2.25
2,First-line anemia in lower-risk MDS,primekg,kg,llama3.2:3b,0,8,E,2,0.5,0,1,1,1,,kg,conflicting,4.0,Targets multiple CYPs with some association to anemia but not specifically lower-risk MDS,0.625,2.125
2,First-line anemia in lower-risk MDS,primekg,kg,llama3.2:3b,1,8,G,6,0.16666666666666666,0,0,0,1,,kg,insufficient,4.0,Candidate G has multiple targets but lacks direct evidence from the knowledge graph related to MECOM or GATA2.,0.5,3.375
2,"Crohn's disease (moderate-severe, refractory)",primekg,kg,llama3.2:3b,0,8,B,5,0.2,0,0,1,1,,prior,conflicting,2.0,Prior knowledge may be conflicting with KG evidence linking IL23A to IL23R,0.625,2.5
2,"Crohn's disease (moderate-severe, refractory)",primekg,kg,llama3.2:3b,1,8,B,9,0.1111111111111111,0,0,0,1,,,,,,1.0,5.0
2,COVID-19 in severe renal impairment/dialysis,primekg,kg,llama3.2:3b,0,8,G,2,0.5,0,1,1,1,,kg,consistent,4.0,CES1 and SLC47A1 links suggest potential effects on bile acid transport and kidney function,0.5,2.625
2,COVID-19 in severe renal impairment/dialysis,primekg,kg,llama3.2:3b,1,8,B,1,1.0,1,1,1,1,,both,consistent,5.0,"Drug-8 targets multiple transporters involved in renal drug excretion and transport, which could contribute to its potential therapeutic effect on COVID-19 in severe renal impairment/dialysis.",1.0,1.875
2,MASH with fibrosis,primekg,kg,llama3.2:3b,0,8,A,1,1.0,1,1,1,1,,,,,,,
2,MASH with fibrosis,primekg,kg,llama3.2:3b,1,8,A,1,1.0,1,1,1,1,,kg,consistent,4.0,Mechanistic links between Drug-8 and MME support its potential for treating MASH with fibrosis.,0.75,2.125
2,Pancreatic NET,primekg,kg,llama3.2:3b,0,8,A,4,0.25,0,0,1,1,,both,consistent,5.0,Targets multiple proteins relevant to pancreatic neoplasms.,0.625,2.875
2,Pancreatic NET,primekg,kg,llama3.2:3b,1,8,G,7,0.14285714285714285,0,0,0,1,,kg,insufficient,1.0,Limited mechanistic link to pancreatic NET and overlapping targets with other candidates,0.5,1.75
2,Retinal vein occlusion,primekg,kg,llama3.2:3b,0,8,G,7,0.14285714285714285,0,0,0,1,,both,insufficient,2.0,"Target of VEGFA is directly implicated in DOID:1727, but dual targeting increases uncertainty.",0.875,1.875
2,Retinal vein occlusion,primekg,kg,llama3.2:3b,1,8,H,8,0.125,0,0,0,1,,prior,conflicting,1.0,Targets ABCA1 but does not have clear connections to the disease,0.75,1.875
2,Cerebral folate transport deficiency,primekg,kg,llama3.2:3b,0,8,H,6,0.16666666666666666,0,0,0,1,,kg,insufficient,1.0,"The KG reports Drug-H targeting multiple genes involved in amino acid transport and metabolism, but its relevance to cerebral folate transport deficiency is uncertain.",1.0,1.75
2,Cerebral folate transport deficiency,primekg,kg,llama3.2:3b,1,8,H,8,0.125,0,0,0,1,,kg,conflicting,1.0,"Targets multiple enzymes involved in amino acid metabolism, but no direct connection to cerebral folate transport deficiency is established in the knowledge graph.",0.75,1.5
2,ILD-associated pulmonary hypertension,primekg,kg,llama3.2:3b,0,8,G,7,0.14285714285714285,0,0,0,1,,kg,insufficient,1.0,"Uncertain mechanism, no direct link via BMPR2 or KCNK3",0.5,1.75
2,ILD-associated pulmonary hypertension,primekg,kg,llama3.2:3b,1,8,D,8,0.125,0,0,0,1,,kg,conflicting,2.0,Targets pathways involved in cardiovascular diseases but no direct evidence links it to ILD-associated pulmonary hypertension,0.625,2.75
2,Indolent systemic mastocytosis (EMA),primekg,kg,llama3.2:3b,0,8,A,2,0.5,0,1,1,1,,kg,consistent,5.0,"Directly targets KIT, associated with EMA.",0.5,1.875
2,Indolent systemic mastocytosis (EMA),primekg,kg,llama3.2:3b,1,8,B,6,0.16666666666666666,0,0,0,1,,kg,conflicting,3.0,Targets KIT but conflicting evidence regarding CYP3A4 activation/inhibition effects,0.42857142857142855,2.7142857142857144
2,CRSwNP (eosinophilic chronic rhinosinusitis with nasal polyps),primekg,kg,llama3.2:3b,0,8,A,1,1.0,1,1,1,1,,prior,insufficient,2.0,"Lacks direct association with CRSwNP in KG; targets MMP25 and PPARD, which are not directly linked to the disease.",0.375,2.5
2,CRSwNP (eosinophilic chronic rhinosinusitis with nasal polyps),primekg,kg,llama3.2:3b,1,8,A,3,0.3333333333333333,0,1,1,1,,kg,conflicting,2.0,MMP25 target has unclear connection to CRSwNP in the KG.,0.5,2.125
2,Chronic hepatitis B (pediatric),primekg,kg,llama3.2:3b,0,8,H,7,0.14285714285714285,0,0,0,1,,prior,insufficient,1.0,Lack of direct association with hepatitis B targets and no clear rationale for target overlap.,0.625,1.875
2,Chronic hepatitis B (pediatric),primekg,kg,llama3.2:3b,1,8,A,1,1.0,1,1,1,1,,both,consistent,4.0,Both knowledge graph and pharmacological evidence support Drug-8's potential for treating hepatitis B.,0.75,1.875
2,HoFH in children,primekg,kg,llama3.2:3b,0,8,E,4,0.25,0,0,1,1,,uncertain,insufficient,1.0,Insufficient information is available about Drug-8's relationship to HoFH in children.,0.125,2.0
2,HoFH in children,primekg,kg,llama3.2:3b,1,8,C,8,0.125,0,0,0,1,,kg,insufficient,1.0,There is no direct relationship between MGAM and HoFH in children according to the KG.,0.5,1.75
2,Biliary tract cancer 1L,primekg,kg,llama3.2:3b,0,8,B,5,0.2,0,0,1,1,,prior,insufficient,2.0,"Target CD274 is relevant for some cancers, but the connection to biliary tract cancer 1L is not well-supported by prior knowledge.",0.375,2.5
2,Biliary tract cancer 1L,primekg,kg,llama3.2:3b,1,8,A,7,0.14285714285714285,0,0,0,1,,kg,conflicting,1.0,Target of CD274 has indirect relationships to the disease.,0.7142857142857143,2.0
2,Diabetic retinopathy/DME (EMA Mar+May 2026),primekg,kg,llama3.2:3b,0,8,F,6,0.16666666666666666,0,0,0,1,,prior,insufficient,1.0,No direct connection to diabetic retinopathy/DME or its related genes,0.5,1.75
2,Diabetic retinopathy/DME (EMA Mar+May 2026),primekg,kg,llama3.2:3b,1,8,D,2,0.5,0,1,1,1,,kg,consistent,5.0,Targets VEGFA relevant to diabetic retinopathy,0.5714285714285714,2.142857142857143
2,Spinal muscular atrophy (pediatric expansion),primekg,kg,llama3.2:3b,0,8,E,3,0.3333333333333333,0,1,1,1,,prior,insufficient,2.0,Prior knowledge of CYP enzymes suggests potential relevance but lacks direct evidence for SMA,0.5,2.0
2,Spinal muscular atrophy (pediatric expansion),primekg,kg,llama3.2:3b,1,8,H,8,0.125,0,0,0,1,,kg,conflicting,2.0,Targets multiple enzymes involved in drug metabolism but lacks direct relevance to spinal muscular atrophy.,0.625,2.0
2,High LDL-C with increased CV risk (expanded),primekg,kg,llama3.2:3b,0,8,E,1,1.0,1,1,1,1,,kg,consistent,5.0,Targets PCSK9 directly related to high LDL-C with increased CV risk (expanded),0.75,2.0
2,High LDL-C with increased CV risk (expanded),primekg,kg,llama3.2:3b,1,8,A,1,1.0,1,1,1,1,,prior,insufficient,3.0,Lack of direct evidence but potential impact via PCSK9 regulation.,0.8571428571428571,1.5714285714285714
2,Polycythaemia vera and essential thrombocytopenia,primekg,kg,llama3.2:3b,0,8,E,3,0.3333333333333333,0,1,1,1,,prior,conflicting,2.0,Plausible mechanism but lacks direct relation to MPL or other disease-related genes,0.5,1.75
2,Polycythaemia vera and essential thrombocytopenia,primekg,kg,llama3.2:3b,1,8,E,3,0.3333333333333333,0,1,1,1,,prior,consistent,5.0,Targets key components in the JAK-STAT pathway implicated in essential thrombocytopenia and polycythaemia vera,0.42857142857142855,2.857142857142857
2,Hidradenitis suppurativa,primekg,kg,llama3.2:3b,0,8,C,4,0.25,0,0,1,1,,prior,insufficient,1.0,,0.75,2.375
2,Hidradenitis suppurativa,primekg,kg,llama3.2:3b,1,8,E,1,1.0,1,1,1,1,,both,consistent,4.0,"Candidate E targets IL17A, a key player in the inflammatory cascade associated with Hidradenitis suppurativa.",0.625,1.75
2,Acute HCV pediatric,primekg,kg,llama3.2:3b,0,8,E,3,0.3333333333333333,0,1,1,1,,kg,insufficient,2.0,,0.6666666666666666,2.0
2,Acute HCV pediatric,primekg,kg,llama3.2:3b,1,8,B,2,0.5,0,1,1,1,,prior,insufficient,4.0,"Drug-8 targets multiple drug transporters and enzymes involved in HCV replication and hepatotoxicity, suggesting potential mechanistic plausibility but no direct evidence for Acute HCV pediatric.",0.8571428571428571,2.4285714285714284
2,CKD in T2D,primekg,kg,llama3.2:3b,0,8,B,7,0.14285714285714285,0,0,0,1,,kg,insufficient,2.0,"Candidate B's profile suggests it may impact glucose metabolism or renal function, but the direct association with DOID:784 is unclear from the knowledge graph.",0.875,2.25
2,CKD in T2D,primekg,kg,llama3.2:3b,1,8,C,4,0.25,0,0,1,1,,prior,insufficient,2.0,"Although Drug-3 targets SLCO1B3, which is involved in renal drug transport, the evidence does not strongly support a link to CKD in T2D.",0.625,1.75
2,BRAF V600E metastatic NSCLC,primekg,kg,llama3.2:3b,0,8,A,1,1.0,1,1,1,1,,both,consistent,4.0,Both the knowledge graph and prior pharmacological knowledge support targeting BRAF for this disease.,0.25,1.875
2,BRAF V600E metastatic NSCLC,primekg,kg,llama3.2:3b,1,8,H,7,0.14285714285714285,0,0,0,1,,both,consistent,5.0,Directly targets BRAF and has some relevance to pathways involved in the disease.,0.625,2.625
2,Retinal vein occlusion,primekg,kg,llama3.2:3b,0,8,E,1,1.0,1,1,1,1,,both,consistent,3.0,"Drug-8 targets VEGFA, which is associated with Retinal vein occlusion in the knowledge graph.",0.875,1.375
2,Retinal vein occlusion,primekg,kg,llama3.2:3b,1,8,B,9,0.1111111111111111,0,0,0,1,,,,,,1.0,5.0
2,Agitation associated with Alzheimer's dementia,primekg,kg,llama3.2:3b,0,8,C,6,0.16666666666666666,0,0,0,1,,kg,conflicting,2.0,Targeted multiple receptors with unclear connection to cholinergic dysregulation in Alzheimer's disease,0.625,2.125
2,Agitation associated with Alzheimer's dementia,primekg,kg,llama3.2:3b,1,8,G,7,0.14285714285714285,0,0,0,1,,kg,insufficient,1.0,UGT enzymes are involved in various metabolic processes but lack of direct evidence links Drug-3 to Agitation associated with Alzheimer's dementia.,0.42857142857142855,1.4285714285714286
2,Heterozygous familial hypercholesterolemia,primekg,kg,llama3.2:3b,0,8,F,3,0.3333333333333333,0,1,1,1,,both,conflicting,2.0,Targets PCSK9 but with conflicting evidence from the knowledge graph.,0.75,2.125
2,Heterozygous familial hypercholesterolemia,primekg,kg,llama3.2:3b,1,8,B,2,0.5,0,1,1,1,,kg,conflicting,4.0,"Targets PCSK9, but the relationship is not clear from prior knowledge alone.",0.625,2.125
2,Acquired hypofibrinogenemia in cardiovascular surgery,primekg,kg,llama3.2:3b,0,8,F,9,0.1111111111111111,0,0,0,1,,,,,,0.7142857142857143,2.0
2,Acquired hypofibrinogenemia in cardiovascular surgery,primekg,kg,llama3.2:3b,1,8,E,2,0.5,0,1,1,1,,kg,conflicting,4.0,,0.42857142857142855,2.5714285714285716
2,Crohn's disease,primekg,kg,llama3.2:3b,0,8,B,8,0.125,0,0,0,1,,kg,conflicting,1.0,"Candidate B targets JAK1 and SLCO1B1, with conflicting links to IL23R.",0.625,1.875
2,Crohn's disease,primekg,kg,llama3.2:3b,1,8,H,2,0.5,0,1,1,1,,both,consistent,5.0,"Drug-8 targets JAK1, which is involved in the signaling pathway related to IL23R, a gene associated with Crohn's disease.",0.25,2.125
2,COVID-19 updated strain,primekg,kg,llama3.2:3b,0,8,A,3,0.3333333333333333,0,1,1,1,,kg,insufficient,1.0,,0.75,1.625
2,COVID-19 updated strain,primekg,kg,llama3.2:3b,1,8,G,8,0.125,0,0,0,1,,kg,insufficient,1.0,"KG reports a relationship between Drug-3 and HDACs, but this is not directly related to COVID-19. Prior knowledge does not provide sufficient evidence for Drug-3's relevance to COVID-19.",0.75,1.875
2,HoFH pediatric (EMA),primekg,kg,llama3.2:3b,0,8,C,6,0.16666666666666666,0,0,0,1,,kg,conflicting,1.0,Targets multiple metabolic pathways involved in cholesterol metabolism but lacks direct links to HoFH pediatric (EMA).,0.5,1.5
2,HoFH pediatric (EMA),primekg,kg,llama3.2:3b,1,8,B,1,1.0,1,1,1,1,,prior,insufficient,2.0,"Lack of direct connection to HoFH pediatric (EMA) in the knowledge graph, but Drug-8 targets ABCG5 and ABCG8, which are implicated in HoFH.",0.75,2.125
2,Primary mediastinal large B-cell lymphoma,primekg,kg,llama3.2:3b,0,8,C,4,0.25,0,0,1,1,,kg,conflicting,2.0,Targets PDCD1 but evidence is not specific enough for Primary mediastinal large B-cell lymphoma,0.5714285714285714,1.5714285714285714
2,Primary mediastinal large B-cell lymphoma,primekg,kg,llama3.2:3b,1,8,H,7,0.14285714285714285,0,0,0,1,,prior,insufficient,1.0,Lacks clear evidence linking its target to lymphoma biology.,0.625,2.125
2,TRD monotherapy,primekg,kg,llama3.2:3b,0,8,H,7,0.14285714285714285,0,0,0,1,,kg,insufficient,2.0,"Candidate H lacks clear mechanistic links to TRD monotherapy, with its targets not directly relating to the known mechanisms of the disease.",0.75,2.625
2,TRD monotherapy,primekg,kg,llama3.2:3b,1,8,B,7,0.14285714285714285,0,0,0,1,,prior,insufficient,1.0,Lacks direct evidence from the knowledge graph and relies on pharmacological knowledge alone.,0.625,2.0
2,Reduce MACE in CVD + obesity/overweight,primekg,kg,llama3.2:3b,0,8,H,7,0.14285714285714285,0,0,0,1,,prior,insufficient,3.0,Drug-7's direct links to reducing MACE in CVD + obesity/overweight are uncertain.,0.625,2.625
2,Reduce MACE in CVD + obesity/overweight,primekg,kg,llama3.2:3b,1,8,G,2,0.5,0,1,1,1,,kg,conflicting,4.0,"Mechanistic plausibility due to AMY1C target, but conflicting evidence from other targets.",1.0,4.5
2,Allergic fungal rhinosinusitis (AFRS) ≥6yr,primekg,kg,llama3.2:3b,0,8,E,5,0.2,0,0,1,1,,kg,insufficient,2.0,No clear connections exist between target pathways and AFRS.,0.75,2.0
2,Allergic fungal rhinosinusitis (AFRS) ≥6yr,primekg,kg,llama3.2:3b,1,8,H,8,0.125,0,0,0,1,,prior,insufficient,1.0,Lack of mechanistic plausibility without evidence on IL4R's role in AFRS ≥6yr,0.5,2.25
2,Measles prophylaxis post-exposure,primekg,kg,llama3.2:3b,0,8,F,6,0.16666666666666666,0,0,0,1,,prior,insufficient,1.0,No known mechanisms for measles prophylaxis post-exposure,0.375,1.875
2,Measles prophylaxis post-exposure,primekg,kg,llama3.2:3b,1,8,C,4,0.25,0,0,1,1,,kg,conflicting,1.0,"Drug-1 targets Fc receptors, not directly relevant to measles prophylaxis post-exposure.",0.875,2.0
2,Obstructive sleep apnea with obesity,primekg,kg,llama3.2:3b,0,8,H,5,0.2,0,0,1,1,,prior,insufficient,1.0,No information available to assess Drug-8's plausibility for this disease,0.6,1.8
2,Obstructive sleep apnea with obesity,primekg,kg,llama3.2:3b,1,8,B,5,0.2,0,0,1,1,,kg,insufficient,1.0,"While Drug-6 targets multiple CYP enzymes, its direct relevance to obstructive sleep apnea with obesity is unclear.",0.625,2.0
2,HER2+ solid tumors (tumor-agnostic),primekg,kg,llama3.2:3b,0,8,H,8,0.125,0,0,0,1,,kg,conflicting,3.0,"Mechanistic links reported in the KG from Drug-8 targeting SLCO1B1 and FCGR1A, but neither of these targets is directly related to HER2+ solid tumors.",0.5,3.25
2,HER2+ solid tumors (tumor-agnostic),primekg,kg,llama3.2:3b,1,8,F,5,0.2,0,0,1,1,,kg,conflicting,1.0,"Targets FCGR1A and SLCO1B1, not directly related to cancer or HER2+",0.375,1.5
2,Heart failure (broadened),primekg,kg,llama3.2:3b,0,8,B,3,0.3333333333333333,0,1,1,1,,kg,conflicting,2.0,"UGT enzymes have been implicated in heart failure, but the specific targets and pathways of Drug-8 require further review.",0.5,1.75
2,Heart failure (broadened),primekg,kg,llama3.2:3b,1,8,H,8,0.125,0,0,0,1,,prior,insufficient,1.0,GABBR receptors have no established role in cardiac function or heart failure.,0.5,2.0
2,GVHD + pediatric,primekg,kg,llama3.2:3b,0,8,A,1,1.0,1,1,1,1,,prior,consistent,4.0,Mechanistic plausibility due to target overlap with relevant genes,0.5,2.375
2,GVHD + pediatric,primekg,kg,llama3.2:3b,1,8,C,7,0.14285714285714285,0,0,0,1,,prior,insufficient,1.0,"Drug-6 targets multiple JAK enzymes, but its primary target is CYP3A4, which has a mechanistic link to GVHD + pediatric through IFNG.",0.625,2.25
2,COVID-19 (expanded population),primekg,kg,llama3.2:3b,0,8,D,2,0.5,0,1,1,1,,kg,insufficient,3.0,"Targets several transporters involved in lipid metabolism and transport, which could be relevant for COVID-19, given the disease's impact on lipid metabolism.",0.875,2.25
2,COVID-19 (expanded population),primekg,kg,llama3.2:3b,1,8,H,8,0.125,0,0,0,1,,both,insufficient,1.0,Unclear how the target profile relates to COVID-19,0.75,2.25
2,Delay T1D onset in children ≥1yr,primekg,kg,llama3.2:3b,0,8,A,1,1.0,1,1,1,1,,kg,insufficient,3.0,Theoretical impact on calcium homeostasis,0.5714285714285714,3.142857142857143
2,Delay T1D onset in children ≥1yr,primekg,kg,llama3.2:3b,1,8,F,4,0.25,0,0,1,1,,prior,insufficient,2.0,Lack of mechanistic link to T1D delay onset,0.625,2.375
2,BRAF+ thyroid cancer,primekg,kg,llama3.2:3b,0,8,E,1,1.0,1,1,1,1,,kg,consistent,5.0,Mechanistic link and relevant targets support its potential efficacy.,0.75,2.0
2,BRAF+ thyroid cancer,primekg,kg,llama3.2:3b,1,8,D,1,1.0,1,1,1,1,,both,consistent,5.0,"Targets CYP1A2, a known enzyme in thyroid hormone metabolism",0.75,2.5
2,Chronic kidney disease,primekg,kg,llama3.2:3b,0,8,D,1,1.0,1,1,1,1,,kg,conflicting,3.0,"Targets SLCO1B3 and CYP3A4, which may be relevant to chronic kidney disease, but KG also mentions UGT1A8 and UGT2B7, which are less well-understood in this context.",0.42857142857142855,2.4285714285714284
2,Chronic kidney disease,primekg,kg,llama3.2:3b,1,8,F,7,0.14285714285714285,0,0,0,1,,kg,conflicting,1.0,Target gene SLCO1B3 has conflicting connections to Chronic Kidney Disease and rapidly progressive glomerulonephritis.,0.625,2.0
2,IgG4-related disease,primekg,kg,llama3.2:3b,0,8,G,8,0.125,0,0,0,1,,prior,conflicting,2.0,Marked as uncertain due to insufficient knowledge on CD19's role in IgG4-related disease.,0.75,2.25
2,IgG4-related disease,primekg,kg,llama3.2:3b,1,8,A,8,0.125,0,0,0,1,,kg,insufficient,2.0,CD19 is not strongly linked to IgG4-related disease,0.75,2.375
2,Oral tablet formulation for weight management,primekg,kg,llama3.2:3b,0,8,B,2,0.5,0,1,1,1,,kg,consistent,4.0,The provided evidence from the knowledge graph supports the mechanistic plausibility of Drug-8 for oral tablet formulation for weight management.,0.25,2.375
2,Oral tablet formulation for weight management,primekg,kg,llama3.2:3b,1,8,A,1,1.0,1,1,1,1,,prior,conflicting,3.0,"Targeting LPL is plausible for weight management, but the other targets do not have clear links to the disease. The lack of evidence for MIR-related genes makes this candidate less attractive.",0.625,2.125
2,Follicular lymphoma,primekg,kg,llama3.2:3b,0,8,E,1,1.0,1,1,1,1,,both,consistent,4.0,"Drug-8 targets CD19, which is associated with follicular lymphoma susceptibility in the KG and prior knowledge suggests that CD19 inhibitors are effective against B-cell malignancies.",0.75,2.25
2,Follicular lymphoma,primekg,kg,llama3.2:3b,1,8,D,2,0.5,0,1,1,1,,both,consistent,5.0,Strong potential for Drug-8 to inhibit CD19 in follicular lymphoma.,1.0,4.0
2,Palmoplantar pustulosis (PMDA),primekg,kg,llama3.2:3b,0,8,G,2,0.5,0,1,1,1,,kg,consistent,4.0,Candidate Drug-8 has mechanistic evidence linking to PMDA through IL23A.,0.5,2.125
2,Palmoplantar pustulosis (PMDA),primekg,kg,llama3.2:3b,1,8,H,9,0.1111111111111111,0,0,0,1,,,,,,0.42857142857142855,2.7142857142857144
2,Acquired hypothalamic obesity,primekg,kg,llama3.2:3b,0,8,H,8,0.125,0,0,0,1,,prior,insufficient,2.0,Targets MC4R but lacks sufficient evidence linking its targets to acquired hypothalamic obesity,0.5,1.625
2,Acquired hypothalamic obesity,primekg,kg,llama3.2:3b,1,8,F,3,0.3333333333333333,0,1,1,1,,both,consistent,4.0,Drug-6 targets melanocortin 4 receptor (MC4R) directly involved in energy homeostasis regulation and a known target for treatments of obesity.,0.375,2.75
2,Pheochromocytoma/paraganglioma,primekg,kg,llama3.2:3b,0,8,A,1,1.0,1,1,1,1,,prior,insufficient,3.0,"Drug-8 targets EPAS1, which is not directly linked to Pheochromocytoma/paraganglioma in the KG.",0.25,2.25
2,Pheochromocytoma/paraganglioma,primekg,kg,llama3.2:3b,1,8,G,6,0.16666666666666666,0,0,0,1,,kg,conflicting,2.0,Drug-6 targets ABCB5 which has a role in the regulation of cholesterol and lipid metabolism but its direct relevance to pheochromocytoma/paraganglioma is uncertain.,0.625,2.5
2,IgE-mediated food allergy,primekg,kg,llama3.2:3b,0,8,A,1,1.0,1,1,1,1,,both,insufficient,3.0,"While Drug-1 targets MS4A2, a key player in IgE-mediated responses, the provided evidence does not offer sufficient mechanistic links to directly link this action to IgE food allergy.",0.7142857142857143,1.7142857142857142
2,IgE-mediated food allergy,primekg,kg,llama3.2:3b,1,8,B,2,0.5,0,1,1,1,,both,consistent,4.0,"Targets MS4A2 and FCER1A, both involved in mast cell function and IgE regulation",0.5,1.875
2,Advanced RCC after PD-1/PD-L1 + VEGF-TKI,primekg,kg,llama3.2:3b,0,8,F,3,0.3333333333333333,0,1,1,1,,,,,,,
2,Advanced RCC after PD-1/PD-L1 + VEGF-TKI,primekg,kg,llama3.2:3b,1,8,A,1,1.0,1,1,1,1,,prior,insufficient,3.0,EPAS1's role in hypoxia and its potential anti-cancer effects justify its consideration.,0.125,2.75
2,COPD,primekg,kg,llama3.2:3b,0,8,F,3,0.3333333333333333,0,1,1,1,,prior,insufficient,2.0,"Prior knowledge suggests that targeting ABCG2 and CYP3A4 may be beneficial for treating COPD, but the direct connection is unclear.",0.5,2.25
2,COPD,primekg,kg,llama3.2:3b,1,8,F,7,0.14285714285714285,0,0,0,1,,prior,insufficient,1.0,,0.625,2.0
2,mHSPC + ADT,primekg,kg,llama3.2:3b,0,8,H,7,0.14285714285714285,0,0,0,1,,kg,insufficient,1.0,Targets several genes involved in cancer cell proliferation and survival but lack direct connections to the disease profile.,0.8571428571428571,2.0
2,mHSPC + ADT,primekg,kg,llama3.2:3b,1,8,C,7,0.14285714285714285,0,0,0,1,,kg,conflicting,1.0,"Targets multiple transporters and enzymes, but lacks evidence for mHSPC + ADT",0.75,2.25
2,COPD (EMA 2025),primekg,kg,llama3.2:3b,0,8,D,7,0.14285714285714285,0,0,0,1,,kg,conflicting,1.0,Targets IL4R with no known association to COPD (EMA 2025),0.625,2.375
2,COPD (EMA 2025),primekg,kg,llama3.2:3b,1,8,G,7,0.14285714285714285,0,0,0,1,,kg,insufficient,1.0,"The knowledge graph evidence on Drug-8 is limited; however, its IL-4R target suggests potential mechanistic plausibility, which may be uncertain due to the lack of information.",0.75,1.875
2,dMMR/MSI-H primary advanced endometrial cancer,primekg,kg,llama3.2:3b,0,8,H,7,0.14285714285714285,0,0,0,1,,prior,conflicting,2.0,Candidate H has no direct evidence in the knowledge graph and targets PDCD1 with unclear relevance to the disease.,0.5,2.625
2,dMMR/MSI-H primary advanced endometrial cancer,primekg,kg,llama3.2:3b,1,8,G,5,0.2,0,0,1,1,,prior,insufficient,1.0,Drug-8's target PDCD1 is not directly related to endometrial cancer.,0.375,1.625
2,Generalized myasthenia gravis,primekg,kg,llama3.2:3b,0,8,B,2,0.5,0,1,1,1,,kg,consistent,4.0,"Target CD19 is involved in B-cell signaling, which may be relevant to autoimmune diseases like generalized myasthenia gravis.",0.625,1.875
2,Generalized myasthenia gravis,primekg,kg,llama3.2:3b,1,8,D,5,0.2,0,0,1,1,,kg,insufficient,1.0,Candidate D targets CD19 but no direct link to DOID:437; CD19 is primarily associated with B-cell development.,0.7142857142857143,2.0
2,Urothelial carcinoma (expanded population),primekg,kg,llama3.2:3b,0,8,H,7,0.14285714285714285,0,0,0,1,,kg,insufficient,1.0,"Targets NECTIN4, ABCB1, and CYP3A4, which are involved in cell adhesion, drug transport, and steroid hormone metabolism, respectively, but lack direct connection to urothelial carcinoma.",0.625,1.375
2,Urothelial carcinoma (expanded population),primekg,kg,llama3.2:3b,1,8,B,3,0.3333333333333333,0,1,1,1,,kg,conflicting,2.0,"Targets ABCB1 and CYP3A4 but KG evidence lacks direct connection to FLT1, RET",0.875,2.0
2,Crohn's disease,primekg,kg,llama3.2:3b,0,8,D,5,0.2,0,0,1,1,,kg,conflicting,4.0,Targets IL23A which is directly associated with Crohn's disease in the knowledge graph but also targets other genes without direct implications.,0.75,3.0
2,Crohn's disease,primekg,kg,llama3.2:3b,1,8,E,1,1.0,1,1,1,1,,both,consistent,5.0,Strong mechanistic link to Crohn's disease via IL23A target,0.625,1.875
2,RAS wild-type HER2+ metastatic colorectal cancer,primekg,kg,llama3.2:3b,0,8,C,3,0.3333333333333333,0,1,1,1,,both,consistent,4.0,The targets of Drug-7 (SLC47A2 and ERBB3) are relevant to drug transport and signaling pathways involved in cancer cell proliferation.,0.42857142857142855,2.857142857142857
2,RAS wild-type HER2+ metastatic colorectal cancer,primekg,kg,llama3.2:3b,1,8,A,1,1.0,1,1,1,1,,kg,consistent,3.0,Strong mechanistic link from the knowledge graph.,0.75,1.875
2,Atopic dermatitis,primekg,kg,llama3.2:3b,0,8,H,7,0.14285714285714285,0,0,0,1,,prior,insufficient,1.0,No direct links to target disease in KG or prior knowledge,0.5,1.75
2,Atopic dermatitis,primekg,kg,llama3.2:3b,1,8,C,5,0.2,0,0,1,1,,kg,insufficient,1.0,"Targets multiple receptors involved in inflammatory responses, but the evidence from the knowledge graph does not support a direct link between Drug-7 and atopic dermatitis.",0.5714285714285714,1.8571428571428572
2,dMMR recurrent/advanced endometrial cancer,primekg,kg,llama3.2:3b,0,8,A,1,1.0,1,1,1,1,,kg,insufficient,3.0,"KG associates Drug-8 with PDCD1, but KG evidence does not directly link to dMMR recurrent/advanced endometrial cancer; however, PDCD1 is involved in immune regulation, which may be relevant to cancer.",0.5,2.625
2,dMMR recurrent/advanced endometrial cancer,primekg,kg,llama3.2:3b,1,8,A,3,0.3333333333333333,0,1,1,1,,prior,insufficient,2.0,Lacks direct mechanistic link and conflicting evidence from the knowledge graph,0.375,2.0
2,Polymyalgia rheumatica,primekg,kg,llama3.2:3b,0,8,H,5,0.2,0,0,1,1,,kg,insufficient,1.0,,0.75,1.375
2,Polymyalgia rheumatica,primekg,kg,llama3.2:3b,1,8,G,7,0.14285714285714285,0,0,0,1,,prior,insufficient,2.0,,0.5,2.0
2,Metastatic colorectal cancer,primekg,kg,llama3.2:3b,0,8,G,7,0.14285714285714285,0,0,0,1,,kg,conflicting,2.0,"Targets ALB overlap with Drug-6, but other targets not clearly linked to the disease",0.5,1.75
2,Metastatic colorectal cancer,primekg,kg,llama3.2:3b,1,8,E,1,1.0,1,1,1,1,,kg+prior,consistent,4.0,"Candidate E targets SLC28A1 and TYMP, which are relevant to nucleotide metabolism and cancer. The target of Drug-3 is associated with metastatic colorectal cancer.",0.0,1.875
2,Ulcerative colitis,primekg,kg,llama3.2:3b,0,8,C,3,0.3333333333333333,0,1,1,1,,prior,insufficient,4.0,"IL23R is a key target in ulcerative colitis treatment, but Drug-8's primary action targets IL23A",0.25,2.375
2,Ulcerative colitis,primekg,kg,llama3.2:3b,1,8,C,2,0.5,0,1,1,1,,prior,insufficient,3.0,Prior knowledge suggests role of CYP3A inhibitors in treating Inflammatory bowel disease but no direct evidence for Ulcerative colitis.,0.25,3.0
2,MSI-H/dMMR solid tumors (full approval conversion),primekg,kg,llama3.2:3b,0,8,B,6,0.16666666666666666,0,0,0,1,,kg,conflicting,1.0,Targets PDCD1 with no reported mechanism linking to testicular yolk sac tumor,0.875,1.875
2,MSI-H/dMMR solid tumors (full approval conversion),primekg,kg,llama3.2:3b,1,8,A,8,0.125,0,0,0,1,,kg,conflicting,1.0,No clear connection to testicular yolk sac tumor or chemotherapy,0.5,2.75
2,Schnitzler syndrome (Japan),primekg,kg,llama3.2:3b,0,8,C,8,0.125,0,0,0,1,,prior,insufficient,3.0,"Mechanism lacks direct link to IL1RN or Schnitzler syndrome pathophysiology, but relevance to inflammatory diseases is noted.",0.5,3.0
2,Schnitzler syndrome (Japan),primekg,kg,llama3.2:3b,1,8,E,2,0.5,0,1,1,1,,prior,insufficient,3.0,"Drug-4 targets multiple genes involved in various signaling pathways, but none of these are directly linked to Schnitzler syndrome (Japan).",0.625,2.25
2,HR+/HER2- metastatic breast cancer,primekg,kg,llama3.2:3b,0,8,A,2,0.5,0,1,1,1,,both,consistent,4.0,Targets PARP2 with some evidence in the knowledge graph,0.625,1.75
2,HR+/HER2- metastatic breast cancer,primekg,kg,llama3.2:3b,1,8,G,7,0.14285714285714285,0,0,0,1,,kg,conflicting,1.0,Mechanism of action conflicts with known efficacy in related diseases.,0.625,2.5
2,Giant cell arteritis,primekg,kg,llama3.2:3b,0,8,E,2,0.5,0,1,1,1,,kg,conflicting,3.0,"Targeting JAK1 and ABCG2 could impact inflammation, but there is limited direct evidence from the knowledge graph.",0.5,1.75
2,Giant cell arteritis,primekg,kg,llama3.2:3b,1,8,G,5,0.2,0,0,1,1,,prior,insufficient,3.0,Drug-8's targets may impact drug metabolism and transport but lack direct evidence linking it to giant cell arteritis.,0.2857142857142857,2.857142857142857
2,Neoadj+adj HNSCC,primekg,kg,llama3.2:3b,0,8,A,4,0.25,0,0,1,1,,kg,conflicting,1.0,Target of PDCD1 has conflicting roles in cancer and autoimmunity,0.5,2.125
2,Neoadj+adj HNSCC,primekg,kg,llama3.2:3b,1,8,A,3,0.3333333333333333,0,1,1,1,,kg,insufficient,2.0,"Candidate Drug-5 targets PDCD1, with some knowledge graph evidence associating it with HNSCC. Mechanistic plausibility is moderate due to its immunosuppressive effects.",0.5,2.0
2,Psoriasis in children 6-11 (cream),primekg,kg,llama3.2:3b,0,8,H,5,0.2,0,0,1,1,,kg,insufficient,1.0,"Drug-2's targeting of PDE4 enzymes makes it a plausible candidate for treating inflammation, but direct mechanistic links to Psoriasis in children 6-11 (cream) are lacking.",0.75,1.75
2,Psoriasis in children 6-11 (cream),primekg,kg,llama3.2:3b,1,8,D,4,0.25,0,0,1,1,,kg,conflicting,3.0,"Targets PDE4 enzymes relevant to psoriasis treatment, but evidence is limited to adults and does not specify efficacy in children",0.375,2.75
2,dMMR/MSI-H primary advanced endometrial cancer (+chemo),primekg,kg,llama3.2:3b,0,8,D,4,0.25,0,0,1,1,,kg,conflicting,1.0,PDCD1's role in regulating immune responses does not support its use for dMMR/MSI-H primary advanced endometrial cancer (+chemo),0.5,1.875
2,dMMR/MSI-H primary advanced endometrial cancer (+chemo),primekg,kg,llama3.2:3b,1,8,F,8,0.125,0,0,0,1,,kg,conflicting,4.0,Targets PDCD1 but KG evidence does not support a direct link to dMMR/MSI-H primary advanced endometrial cancer (+chemo).,0.625,2.5
2,Primary immunodeficiency pediatric (EMA),primekg,kg,llama3.2:3b,0,8,C,8,0.125,0,0,0,1,,prior,insufficient,1.0,Lacks a direct connection to FCGR3A and hormone receptor not directly linked to the disease,0.375,2.0
2,Primary immunodeficiency pediatric (EMA),primekg,kg,llama3.2:3b,1,8,C,3,0.3333333333333333,0,1,1,1,,both,conflicting,2.0,"Drug-1's targets include FCGR3A, which is associated with primary immunodeficiency pediatric (EMA), but its other targets do not provide clear mechanistic plausibility.",0.625,2.0
2,HR+/HER2- breast cancer,primekg,kg,llama3.2:3b,0,8,H,8,0.125,0,0,0,1,,kg,conflicting,1.0,"Drug-8 targets multiple genes, but evidence from the KG is limited and conflicts with pharmacological knowledge.",0.625,1.75
2,HR+/HER2- breast cancer,primekg,kg,llama3.2:3b,1,8,H,4,0.25,0,0,1,1,,kg,conflicting,1.0,Lacks clear evidence and conflicts with established knowledge regarding drug metabolism and target genes,0.75,1.75
2,Ulcerative colitis,primekg,kg,llama3.2:3b,0,8,H,8,0.125,0,0,0,1,,kg,insufficient,1.0,"Target IL23A, which may be involved in T-cell activation and inflammation, but no direct evidence linking it to ulcerative colitis.",0.875,1.875
2,Ulcerative colitis,primekg,kg,llama3.2:3b,1,8,C,8,0.125,0,0,0,1,,prior,insufficient,1.0,Lacks clear mechanistic link to UC and targets multiple unrelated pathways,0.375,2.125
2,HER2-mutant NSCLC (PMDA),primekg,kg,llama3.2:3b,0,8,E,3,0.3333333333333333,0,1,1,1,,kg,insufficient,1.0,Limited relevance to lung cancer or PMDA based on KG evidence.,0.625,1.625
2,HER2-mutant NSCLC (PMDA),primekg,kg,llama3.2:3b,1,8,B,3,0.3333333333333333,0,1,1,1,,both,insufficient,2.0,Lack of mechanistic link to the target disease.,0.375,1.75
2,Pediatric atopic dermatitis,primekg,kg,llama3.2:3b,0,8,F,4,0.25,0,0,1,1,,kg,conflicting,1.0,"Drug-8 targets multiple transporters and enzymes, but its association with pediatric atopic dermatitis is unclear due to conflicting evidence in the knowledge graph.",1.0,1.75
2,Pediatric atopic dermatitis,primekg,kg,llama3.2:3b,1,8,A,7,0.14285714285714285,0,0,0,1,,kg,conflicting,2.0,Conflicting evidence between CYP3A4 and other targets.,0.5,1.625
2,HER2-mutant NSCLC (EMA),primekg,kg,llama3.2:3b,0,8,E,2,0.5,0,1,1,1,,kg,conflicting,4.0,"Drug-8 targets SLC47A2 and SLCO1B3, but no direct link to HER2 or NSCLC provided in the KG",0.5714285714285714,2.0
2,HER2-mutant NSCLC (EMA),primekg,kg,llama3.2:3b,1,8,C,2,0.5,0,1,1,1,,kg,insufficient,3.0,"Targets multiple genes, including SLCO1B1, which is related to drug transport and metabolism, but no clear link to HER2-mutant NSCLC (EMA).",0.625,2.375
2,IV formulation for rheumatic diseases (EMA),primekg,kg,llama3.2:3b,0,8,C,6,0.16666666666666666,0,0,0,1,,kg,conflicting,2.0,"Drug C targets multiple drug transporters and enzymes involved in drug metabolism, but its role in fibroblastic rheumatism or other rheumatic diseases is unclear.",0.5,2.125
2,IV formulation for rheumatic diseases (EMA),primekg,kg,llama3.2:3b,1,8,E,9,0.1111111111111111,0,0,0,1,,,,,,0.0,4.0
2,Resectable gastric/GEJ adenocarcinoma (neoadj+adj +FLOT),primekg,kg,llama3.2:3b,0,8,G,6,0.16666666666666666,0,0,0,1,,kg,insufficient,1.0,No direct links to BRDT or other disease-related genes.,0.8571428571428571,2.142857142857143
2,Resectable gastric/GEJ adenocarcinoma (neoadj+adj +FLOT),primekg,kg,llama3.2:3b,1,8,F,5,0.2,0,0,1,1,,kg,insufficient,2.0,"Targets CD274, which has some relevance to cancer but no direct link to this disease",0.875,2.25
2,Antibody-mediated rejection in organ transplantation,primekg,kg,llama3.2:3b,0,8,G,7,0.14285714285714285,0,0,0,1,,kg,conflicting,1.0,Limited knowledge graph evidence linking it to antibody-mediated rejection and lack of specificity in its target profile.,0.625,1.75
2,Antibody-mediated rejection in organ transplantation,primekg,kg,llama3.2:3b,1,8,C,5,0.2,0,0,1,1,,kg,insufficient,1.0,No direct link to IL6 or immune response,0.5,2.0
2,RET-fusion NSCLC (expanded),primekg,kg,llama3.2:3b,0,8,G,2,0.5,0,1,1,1,,kg,conflicting,4.0,"Targets RET, but also has conflicting targets that may not be relevant to the disease",0.5,2.25
2,RET-fusion NSCLC (expanded),primekg,kg,llama3.2:3b,1,8,D,2,0.5,0,1,1,1,,kg,consistent,5.0,Mechanistic links to RET-fusion NSCLC (expanded) and targets the RET pathway.,0.875,2.375
2,EGPA,primekg,kg,llama3.2:3b,0,8,B,9,0.1111111111111111,0,0,0,1,,,,,,0.5,3.0
2,EGPA,primekg,kg,llama3.2:3b,1,8,D,2,0.5,0,1,1,1,,kg,conflicting,4.0,"Drug-1 targets FCER1A and MS4A2; while these genes are associated with EGPA in the KG, they also have connections to other immune system diseases.",0.75,2.375
2,HR+/HER2- metastatic breast cancer,primekg,kg,llama3.2:3b,0,8,A,3,0.3333333333333333,0,1,1,1,,prior,insufficient,4.0,"Lack of direct evidence from the KG, but Drug-8 targets TOP1, which is involved in cancer cell proliferation.",0.25,3.25
2,HR+/HER2- metastatic breast cancer,primekg,kg,llama3.2:3b,1,8,D,6,0.16666666666666666,0,0,0,1,,kg,insufficient,1.0,The mechanism of action for Drug-8 is unclear due to the presence of multiple targets with unclear relevance to HR+/HER2- metastatic breast cancer.,0.75,1.75
2,Primary humoral immunodeficiency pediatric 2-11yr,primekg,kg,llama3.2:3b,0,8,E,1,1.0,1,1,1,1,,prior,consistent,4.0,"Mechanistic plausibility is high due to direct targeting of FCGR3A, a key gene associated with the disease.",0.0,1.875
2,Primary humoral immunodeficiency pediatric 2-11yr,primekg,kg,llama3.2:3b,1,8,B,8,0.125,0,0,0,1,,prior,conflicting,4.0,"Targets multiple Fc receptors, some of which may be relevant to humoral immunodeficiency, but evidence is sparse and conflicts with the knowledge graph",0.5,2.125
2,Pediatric glioma (EMA),primekg,kg,llama3.2:3b,0,8,C,2,0.5,0,1,1,1,,prior,insufficient,3.0,Directly implicated in neuroepithelial cell cycle regulation,0.7142857142857143,2.142857142857143
2,Pediatric glioma (EMA),primekg,kg,llama3.2:3b,1,8,H,6,0.16666666666666666,0,0,0,1,,kg,insufficient,1.0,The KG evidence for Drug-3 is sparse and does not provide a clear mechanistic link to Pediatric glioma (EMA).,0.7142857142857143,2.142857142857143
2,Juvenile idiopathic arthritis (EMA Feb 2026),primekg,kg,llama3.2:3b,0,8,A,1,1.0,1,1,1,1,,both,consistent,5.0,Mechanistic plausibility due to targets JAK3 and JAK1.,0.75,2.25
2,Juvenile idiopathic arthritis (EMA Feb 2026),primekg,kg,llama3.2:3b,1,8,B,5,0.2,0,0,1,1,,kg,conflicting,3.0,"Although the JAK/STAT pathway is relevant, Drug-8's targets do not directly align with juvenile idiopathic arthritis.",0.625,2.0
2,Ph+ CML-CP after 2+ TKIs,primekg,kg,llama3.2:3b,0,8,H,8,0.125,0,0,0,1,,kg,insufficient,1.0,No direct connections or evidence linking this drug to Ph+ CML-CP after 2+ TKIs in the KG,0.75,1.875
2,Ph+ CML-CP after 2+ TKIs,primekg,kg,llama3.2:3b,1,8,C,7,0.14285714285714285,0,0,0,1,,kg,insufficient,2.0,Candidate Drug-8 lacks direct mechanistic links to CML-CP after 2+ TKIs based on the provided knowledge graph evidence.,1.0,2.125
2,KRAS G12C+ mCRC,primekg,kg,llama3.2:3b,0,8,G,7,0.14285714285714285,0,0,0,1,,kg,insufficient,1.0,"Targets KRAS, but no direct evidence links this target to mCRC in the KG",0.625,2.0
2,KRAS G12C+ mCRC,primekg,kg,llama3.2:3b,1,8,F,3,0.3333333333333333,0,1,1,1,,prior,insufficient,2.0,"Targets HRH1, which is not directly related to KRAS G12C+ mCRC.",0.125,1.875
2,HR+/HER2- early breast cancer (adjuvant),primekg,kg,llama3.2:3b,0,8,C,6,0.16666666666666666,0,0,0,1,,kg,conflicting,2.0,The evidence for Drug-6 is conflicting with prior knowledge that suggests CDK6/CDK4 inhibitors may have a role in reducing cancer risk.,0.5,2.75
2,HR+/HER2- early breast cancer (adjuvant),primekg,kg,llama3.2:3b,1,8,A,2,0.5,0,1,1,1,,both,conflicting,4.0,has mechanistic plausibility due to CDK targets but concerns with CYP3A4 metabolism,0.14285714285714285,1.8571428571428572
2,First-line anemia in lower-risk MDS,primekg,kg,llama3.2:3b,0,8,D,7,0.14285714285714285,0,0,0,1,,kg,insufficient,1.0,No direct evidence from the KG and no known relationship to anemia in lower-risk MDS,0.75,2.5
2,First-line anemia in lower-risk MDS,primekg,kg,llama3.2:3b,1,8,B,6,0.16666666666666666,0,0,0,1,,kg,conflicting,1.0,,0.75,1.75
2,Follicular lymphoma (+obinutuzumab),primekg,kg,llama3.2:3b,0,8,F,3,0.3333333333333333,0,1,1,1,,both,conflicting,4.0,"While Drug-8 targets multiple kinases and enzymes, its link to follicular lymphoma is based on KG evidence only.",0.5,2.625
2,Follicular lymphoma (+obinutuzumab),primekg,kg,llama3.2:3b,1,8,C,8,0.125,0,0,0,1,,both,conflicting,1.0,Targets are less relevant or conflicting with known mechanisms of Follicular lymphoma (+obinutuzumab),0.5,1.875
2,1L biliary tract cancer (+gemcitabine+cisplatin),primekg,kg,llama3.2:3b,0,8,E,2,0.5,0,1,1,1,,kg,conflicting,2.0,"Drug-6 targets PDCD1, but its mechanism is not well understood and does not directly relate to 1L biliary tract cancer.",0.5,1.5
2,1L biliary tract cancer (+gemcitabine+cisplatin),primekg,kg,llama3.2:3b,1,8,D,6,0.16666666666666666,0,0,0,1,,prior,insufficient,1.0,"Involvement of drug targets with known roles in cancer progression (e.g., DRD1) may not directly relate to biliary tract cancer",0.375,1.875
2,"ALK+ solid tumors (tissue-agnostic, world-first)",primekg,kg,llama3.2:3b,0,8,E,1,1.0,1,1,1,1,,kg,consistent,5.0,Direct target on ALK associated with testicular yolk sac tumor,0.5,2.625
2,"ALK+ solid tumors (tissue-agnostic, world-first)",primekg,kg,llama3.2:3b,1,8,A,1,1.0,1,1,1,1,,kg,consistent,4.0,"Drug-8 targets ALK, a key driver of testicular yolk sac tumor progression.",0.75,1.875
2,Pediatric BRAF V600E low-grade glioma,primekg,kg,llama3.2:3b,0,8,D,8,0.125,0,0,0,1,,kg,conflicting,1.0,"While Drug-5 targets multiple pathways, its connections to the disease are indirect and not well-supported by the knowledge graph.",0.625,1.375
2,Pediatric BRAF V600E low-grade glioma,primekg,kg,llama3.2:3b,1,8,E,3,0.3333333333333333,0,1,1,1,,prior,insufficient,5.0,"Drug-5 targets multiple kinases and transporters involved in cell signaling, proliferation, and drug resistance, but no direct evidence from the knowledge graph supports its use for Pediatric BRAF V600E low-grade glioma.",0.0,2.875
2,Platinum-resistant ovarian carcinoma (PD-L1+ CPS≥1),primekg,kg,llama3.2:3b,0,8,E,5,0.2,0,0,1,1,,kg,insufficient,2.0,Targets PDCD1 (KG); no direct association with PD-L1+ CPS≥1 in prior knowledge.,1.0,2.75
2,Platinum-resistant ovarian carcinoma (PD-L1+ CPS≥1),primekg,kg,llama3.2:3b,1,8,B,6,0.16666666666666666,0,0,0,1,,kg,insufficient,1.0,"Candidate B targets PDCD1, which is involved in immune regulation but has not been directly linked to platinum-resistant ovarian carcinoma.",0.875,1.875
2,Ph+ CML-CP frontline (EMA Feb 2026),primekg,kg,llama3.2:3b,0,8,F,2,0.5,0,1,1,1,,kg,insufficient,1.0,Lack of mechanistic link and indirect connection to the target disease via HMMR make it less plausible.,0.75,1.75
2,Ph+ CML-CP frontline (EMA Feb 2026),primekg,kg,llama3.2:3b,1,8,B,5,0.2,0,0,1,1,,kg,insufficient,1.0,,1.0,2.25
2,Gastric/GEJ adenocarcinoma,primekg,kg,llama3.2:3b,0,8,F,7,0.14285714285714285,0,0,0,1,,kg,insufficient,3.0,Targets CD274 with limited association to cancer treatment effects specifically on gastric/GEJ adenocarcinoma.,0.5,3.25
2,Gastric/GEJ adenocarcinoma,primekg,kg,llama3.2:3b,1,8,B,7,0.14285714285714285,0,0,0,1,,kg,insufficient,2.0,"The knowledge graph reports a single association between Drug-8 and CD274, but the relevance of this target to gastric/GEJ adenocarcinoma is unclear.",0.375,2.625
2,Chronic lymphocytic leukemia,primekg,kg,llama3.2:3b,0,8,A,1,1.0,1,1,1,1,,both,consistent,4.0,Mechanistic plausibility due to targets in T-cell activation pathways.,0.625,1.875
2,Chronic lymphocytic leukemia,primekg,kg,llama3.2:3b,1,8,D,4,0.25,0,0,1,1,,prior,conflicting,3.0,"Direct evidence for TEC/TEK/BLK involvement in CLL is lacking; however, these enzymes are key players in immune cell signaling.",0.5,2.375
2,HER2+ early-stage BC (neoadjuvant + adjuvant),primekg,kg,llama3.2:3b,0,8,E,5,0.2,0,0,1,1,,kg,insufficient,1.0,,0.625,2.25
2,HER2+ early-stage BC (neoadjuvant + adjuvant),primekg,kg,llama3.2:3b,1,8,D,2,0.5,0,1,1,1,,both,consistent,5.0,Drug-8's targets are related to cancer therapy and drug transporters involved in cancer treatment.,0.75,1.875
2,HR+/HER2-low breast cancer,primekg,kg,llama3.2:3b,0,8,G,7,0.14285714285714285,0,0,0,1,,kg,conflicting,1.0,,0.125,2.5
2,HR+/HER2-low breast cancer,primekg,kg,llama3.2:3b,1,8,D,3,0.3333333333333333,0,1,1,1,,kg,insufficient,2.0,"While KG links Drug-8 to several transporters and enzymes, the direct evidence for HR+/HER2-low is lacking",0.625,1.75
2,"Pediatric low-grade glioma (+dabrafenib, BRAF V600E)",primekg,kg,llama3.2:3b,0,8,A,3,0.3333333333333333,0,1,1,1,,prior,insufficient,2.0,,0.625,1.75
2,"Pediatric low-grade glioma (+dabrafenib, BRAF V600E)",primekg,kg,llama3.2:3b,1,8,G,1,1.0,1,1,1,1,,both,consistent,4.0,"Drug-7 targets MAP2K2, an enzyme involved in BRAF V600E mutations in gliomas",0.375,2.125
2,Unresectable thymic carcinoma (PMDA),primekg,kg,llama3.2:3b,0,8,A,1,1.0,1,1,1,1,,prior,insufficient,4.0,"Although the knowledge graph does not provide direct evidence for Drug-7 in thymic carcinoma, its targets include SLC22A2 and CYP2B6, which are involved in drug metabolism and have been implicated in various cancers.",0.375,2.5
2,Unresectable thymic carcinoma (PMDA),primekg,kg,llama3.2:3b,1,8,G,5,0.2,0,0,1,1,,both,conflicting,2.0,"While FLT4 is associated with some cancers, its relationship to PMDA in the KG is unclear and conflicts with prior pharmacological knowledge.",0.75,2.0
2,BRAF+ thyroid cancer,primekg,kg,llama3.2:3b,0,8,C,4,0.25,0,0,1,1,,kg,conflicting,2.0,"Targeting BRAF itself is not directly relevant to the disease; however, targeting CCND1 shows some association with SLC5A5.",0.875,2.5
2,BRAF+ thyroid cancer,primekg,kg,llama3.2:3b,1,8,F,8,0.125,0,0,0,1,,prior,insufficient,1.0,Lacks direct evidence linking targets to BRAF+ thyroid cancer,0.5,2.0
2,IDH1-mutated relapsed/refractory MDS,primekg,kg,llama3.2:3b,0,8,G,7,0.14285714285714285,0,0,0,1,,prior,insufficient,1.0,Multiple targets but no direct link to IDH1-mutated relapsed/refractory MDS,0.625,1.75
2,IDH1-mutated relapsed/refractory MDS,primekg,kg,llama3.2:3b,1,8,E,1,1.0,1,1,1,1,,both,consistent,4.0,Drug-8 targets IDH1 and has shown efficacy in treating other diseases with similar molecular mechanisms.,0.125,2.375
2,Biliary tract cancer,primekg,kg,llama3.2:3b,0,8,D,1,1.0,1,1,1,1,,prior,insufficient,2.0,Lack of direct evidence linking Drug-4 to Biliary tract cancer,0.5,2.5
2,Biliary tract cancer,primekg,kg,llama3.2:3b,1,8,D,1,1.0,1,1,1,1,,prior,insufficient,3.0,No clear connections to Biliary tract cancer in the knowledge graph or pharmacological knowledge,0.25,2.75
2,"mCRC BRAF V600E (traditional approval, was accelerated)",primekg,kg,llama3.2:3b,0,8,D,1,1.0,1,1,1,1,,both,consistent,4.0,Strong mechanistic link from the knowledge graph and pharmacological relevance.,1.0,1.5
2,"mCRC BRAF V600E (traditional approval, was accelerated)",primekg,kg,llama3.2:3b,1,8,H,9,0.1111111111111111,0,0,0,1,,,,,,1.0,3.5
2,Gastric/GEJ adenocarcinoma (1L +chemo),primekg,kg,llama3.2:3b,0,8,B,8,0.125,0,0,0,1,,prior,insufficient,1.0,No direct link between Drug-6 and Gastric/GEJ adenocarcinoma exists in the KG,0.625,1.75
2,Gastric/GEJ adenocarcinoma (1L +chemo),primekg,kg,llama3.2:3b,1,8,H,9,0.1111111111111111,0,0,0,1,,,,,,0.42857142857142855,1.8571428571428572
2,Chorea associated with Huntington's disease,drkg,kg,llama3.2:3b,0,8,G,7,0.14285714285714285,0,0,0,1,,prior,insufficient,3.0,Candidate G has multiple targets related to various cellular processes but lacks clear connections to chorea in Huntington's disease.,0.625,2.5
2,Chorea associated with Huntington's disease,drkg,kg,llama3.2:3b,1,8,D,4,0.25,0,0,1,1,,kg,conflicting,1.0,"Inhibits SLC18A2, targets drugbank:BE0008661.",0.375,1.625
2,Chronic thromboembolic pulmonary hypertension,drkg,kg,llama3.2:3b,0,8,F,6,0.16666666666666666,0,0,0,1,,kg,insufficient,1.0,,0.42857142857142855,3.142857142857143
2,Chronic thromboembolic pulmonary hypertension,drkg,kg,llama3.2:3b,1,8,E,2,0.5,0,1,1,1,,prior,conflicting,5.0,,0.42857142857142855,3.0
2,Indolent systemic mastocytosis,drkg,kg,llama3.2:3b,0,8,D,5,0.2,0,0,1,1,,kg,conflicting,1.0,Conflicting targets and pathways for Drug-8 make its potential use uncertain.,0.625,1.75
2,Indolent systemic mastocytosis,drkg,kg,llama3.2:3b,1,8,A,1,1.0,1,1,1,1,,prior,insufficient,3.0,Insufficient evidence in the knowledge graph,0.5,2.0
2,EGPA (expanded),drkg,kg,llama3.2:3b,0,8,C,6,0.16666666666666666,0,0,0,1,,prior,conflicting,1.0,Candidate C has some plausible targets but lacks clear mechanistic links to EGPA.,0.5,1.625
2,EGPA (expanded),drkg,kg,llama3.2:3b,1,8,C,3,0.3333333333333333,0,1,1,1,,both,insufficient,2.0,Lack of evidence links candidates to EGPA (expanded),0.5,2.0
2,Invasive fungal infections pediatric ≥2yr,drkg,kg,llama3.2:3b,0,8,D,3,0.3333333333333333,0,1,1,1,,kg,insufficient,1.0,Mechanistic link between Drug-4 and SMO is reported in the knowledge graph but lacks concrete evidence linking to invasive fungal infections.,0.5,1.375
2,Invasive fungal infections pediatric ≥2yr,drkg,kg,llama3.2:3b,1,8,H,8,0.125,0,0,0,1,,kg,insufficient,1.0,The KG reports interactions with transporters like ABCB1 but lacks direct evidence for invasive fungal infections.,0.625,2.0
2,PKU expanded to ≥12yr,drkg,kg,llama3.2:3b,0,8,B,7,0.14285714285714285,0,0,0,1,,kg,insufficient,1.0,"Inhibits TBXA2R and targets PTGS1, but lacks direct connections to PKU expanded pathophysiology",0.5,1.625
2,PKU expanded to ≥12yr,drkg,kg,llama3.2:3b,1,8,H,8,0.125,0,0,0,1,,kg,insufficient,1.0,KG evidence for H is sparse and conflicts with prior knowledge.,0.875,3.25
2,Nephrotic syndrome,drkg,kg,llama3.2:3b,0,8,E,5,0.2,0,0,1,1,,prior,insufficient,3.0,"targeting XIAP is associated with some cancers, but not Nephrotic syndrome",0.5,1.875
2,Nephrotic syndrome,drkg,kg,llama3.2:3b,1,8,H,8,0.125,0,0,0,1,,kg,insufficient,1.0,Drug-1 does not have a clear association with nephrotic syndrome based on the provided evidence.,0.75,1.875
2,HR+/HER2- node-positive high-risk early breast cancer,drkg,kg,llama3.2:3b,0,8,A,2,0.5,0,1,1,1,,both,insufficient,1.0,"Mechanistic links suggest Drug-4 targets pathways related to immune response, but the relevance to HR+/HER2- node-positive high-risk early breast cancer is unclear.",0.25,1.375
2,HR+/HER2- node-positive high-risk early breast cancer,drkg,kg,llama3.2:3b,1,8,A,3,0.3333333333333333,0,1,1,1,,kg,conflicting,2.0,"Targets multiple proteins, some of which may be relevant to HR+/HER2- node-positive high-risk early breast cancer but mechanistic links are unclear",0.7142857142857143,1.7142857142857142
2,Retinopathy of prematurity,drkg,kg,llama3.2:3b,0,8,A,1,1.0,1,1,1,1,,both,insufficient,3.0,"Drug-7 targets VEGFA and PIGF, which are involved in angiogenesis, a process implicated in retinopathy of prematurity.",0.25,1.75
2,Retinopathy of prematurity,drkg,kg,llama3.2:3b,1,8,A,7,0.14285714285714285,0,0,0,1,,kg,conflicting,1.0,"Inhibiting PGF and VEGFA may have anti-angiogenic effects, but the drug's profile is too broad to draw conclusions about retinopathy of prematurity.",0.75,1.375
2,Agitation associated with Alzheimer's dementia,drkg,kg,llama3.2:3b,0,8,G,8,0.125,0,0,0,1,,kg,insufficient,1.0,"Candidate Drug-6 targets various receptors involved in neurological processes, but the direct relevance to Alzheimer's dementia is limited.",0.75,1.75
2,Agitation associated with Alzheimer's dementia,drkg,kg,llama3.2:3b,1,8,D,1,1.0,1,1,1,1,,both,consistent,4.0,Drug-3 targets several GABA receptors with strong evidence related to Alzheimer's dementia.,0.3333333333333333,1.8333333333333333
2,LDL-C elevation in statin-intolerant dyslipidemia,drkg,kg,llama3.2:3b,0,8,C,5,0.2,0,0,1,1,,kg,insufficient,2.0,"Targeting PPARA may have indirect effects on lipid metabolism, but direct evidence is lacking for its role in treating LDL-C elevation.",0.625,2.125
2,LDL-C elevation in statin-intolerant dyslipidemia,drkg,kg,llama3.2:3b,1,8,B,6,0.16666666666666666,0,0,0,1,,kg,insufficient,1.0,"Targeting PPARA is relevant to lipid metabolism, but the relationship to LDL-C elevation in statin-intolerant dyslipidemia is uncertain",0.625,2.0
2,First-line anemia in lower-risk MDS,drkg,kg,llama3.2:3b,0,8,A,7,0.14285714285714285,0,0,0,1,,prior,insufficient,1.0,No mechanistic links or evidence of relevance,0.5714285714285714,1.8571428571428572
2,First-line anemia in lower-risk MDS,drkg,kg,llama3.2:3b,1,8,E,5,0.2,0,0,1,1,,kg,conflicting,1.0,Lack of clear mechanistic link to anemia,0.625,1.625
2,"Crohn's disease (moderate-severe, refractory)",drkg,kg,llama3.2:3b,0,8,C,4,0.25,0,0,1,1,,prior,insufficient,1.0,Our general knowledge suggests that inhibitors of IL-23 could be useful for treating Crohn's.,0.5,1.625
2,"Crohn's disease (moderate-severe, refractory)",drkg,kg,llama3.2:3b,1,8,F,5,0.2,0,0,1,1,,prior,insufficient,2.0,"Candidate F targets IL23A, but the mechanistic link to Crohn's disease is unclear.",0.25,1.875
2,COVID-19 in severe renal impairment/dialysis,drkg,kg,llama3.2:3b,0,8,H,8,0.125,0,0,0,1,,uncertain,insufficient,1.0,No evidence is available to assess its candidacy for COVID-19 in severe renal impairment/dialysis.,0.625,2.25
2,COVID-19 in severe renal impairment/dialysis,drkg,kg,llama3.2:3b,1,8,F,2,0.5,0,1,1,1,,prior,insufficient,4.0,"Although Drug-F's profile includes several pathways associated with COVID-19, its lack of direct or indirect evidence linking to severe renal impairment/dialysis makes it uncertain.",0.25,3.5
2,MASH with fibrosis,drkg,kg,llama3.2:3b,0,8,B,5,0.2,0,0,1,1,,kg,insufficient,1.0,No mechanistic links to fibrosis are present in the knowledge graph for Drug-8.,0.125,1.75
2,MASH with fibrosis,drkg,kg,llama3.2:3b,1,8,G,7,0.14285714285714285,0,0,0,1,,uncertain,insufficient,2.0,Lacks direct connections to the target disease MASH with fibrosis through the provided knowledge graph.,0.125,2.375
2,Pancreatic NET,drkg,kg,llama3.2:3b,0,8,H,7,0.14285714285714285,0,0,0,1,,prior,conflicting,1.0,,0.5,1.875
2,Pancreatic NET,drkg,kg,llama3.2:3b,1,8,B,5,0.2,0,0,1,1,,kg,conflicting,1.0,"Drug-8 targets multiple pathways including those involved in NET development, but the KG evidence conflicts with some predictions and lacks direct connections to NETs.",0.5,2.125
2,Retinal vein occlusion,drkg,kg,llama3.2:3b,0,8,C,4,0.25,0,0,1,1,,prior,insufficient,1.0,Prior knowledge does not suggest a clear mechanistic link between the targets of Drug-6 and Retinal vein occlusion.,0.375,1.75
2,Retinal vein occlusion,drkg,kg,llama3.2:3b,1,8,E,3,0.3333333333333333,0,1,1,1,,kg,insufficient,5.0,No clear mechanistic links to retinal vein occlusion or associated genes,0.625,3.125
2,Cerebral folate transport deficiency,drkg,kg,llama3.2:3b,0,8,A,2,0.5,0,1,1,1,,kg,insufficient,3.0,"The knowledge graph links drug-1 to FOLR1, but the mechanistic relationship is unclear. Candidates Drug-6, Drug-8, Drug-5, and Drug-4 do not appear to be directly related to cerebral folate transport.",0.5714285714285714,2.0
2,Cerebral folate transport deficiency,drkg,kg,llama3.2:3b,1,8,G,7,0.14285714285714285,0,0,0,1,,kg,insufficient,1.0,Mechanistic links are unclear and do not directly target cerebral folate transport deficiency.,1.0,1.5
2,ILD-associated pulmonary hypertension,drkg,kg,llama3.2:3b,0,8,G,6,0.16666666666666666,0,0,0,1,,kg,conflicting,3.0,Mixed results from knowledge graph and lack of positive evidence for this disease,0.5,2.75
2,ILD-associated pulmonary hypertension,drkg,kg,llama3.2:3b,1,8,A,2,0.5,0,1,1,1,,kg,conflicting,4.0,"Drug-3's activation of PTGER2 shows mechanistic plausibility, but its downregulation of COA7 and upregulation of ZNF226 are unclear.",0.625,3.0
2,Indolent systemic mastocytosis (EMA),drkg,kg,llama3.2:3b,0,8,E,7,0.14285714285714285,0,0,0,1,,kg,insufficient,1.0,Knowledge graph evidence for Drug-5's efficacy in treating EMA is lacking and does not provide clear mechanistic links to the disease.,0.625,2.125
2,Indolent systemic mastocytosis (EMA),drkg,kg,llama3.2:3b,1,8,G,8,0.125,0,0,0,1,,prior,insufficient,1.0,No direct evidence related to the target disease; targets various receptors and pathways less relevant to mastocytosis.,0.375,2.0
2,CRSwNP (eosinophilic chronic rhinosinusitis with nasal polyps),drkg,kg,llama3.2:3b,0,8,C,4,0.25,0,0,1,1,,kg,insufficient,2.0,Limited mechanistic evidence linking Drug-3 and CRSwNP targets,0.5,1.75
2,CRSwNP (eosinophilic chronic rhinosinusitis with nasal polyps),drkg,kg,llama3.2:3b,1,8,A,4,0.25,0,0,1,1,,kg,insufficient,1.0,Lack of specific relevance to CRSwNP pathology and extensive off-target binding make it uncertain whether this drug is effective.,0.875,1.875
2,Chronic hepatitis B (pediatric),drkg,kg,llama3.2:3b,0,8,E,8,0.125,0,0,0,1,,kg,insufficient,1.0,KG evidence is scarce and lacks direct association with the disease.,1.0,2.75
2,Chronic hepatitis B (pediatric),drkg,kg,llama3.2:3b,1,8,C,4,0.25,0,0,1,1,,kg,uncertain,1.0,Target relevance unclear from provided information.,0.875,1.875
2,HoFH in children,drkg,kg,llama3.2:3b,0,8,D,3,0.3333333333333333,0,1,1,1,,prior,insufficient,1.0,"Based on pharmacological knowledge, Drug D's targets do not appear to be directly relevant to HoFH.",0.75,1.5
2,HoFH in children,drkg,kg,llama3.2:3b,1,8,B,6,0.16666666666666666,0,0,0,1,,kg,conflicting,1.0,"The KG evidence for Drug-3's potential in HoFH is conflicting, as its targets do not directly relate to lipid metabolism or signaling pathways.",0.625,2.0
2,Biliary tract cancer 1L,drkg,kg,llama3.2:3b,0,8,H,8,0.125,0,0,0,1,,kg,insufficient,1.0,"KG only provides indirect links to CD274, which is not directly associated with biliary tract cancer 1L.",0.875,2.0
2,Biliary tract cancer 1L,drkg,kg,llama3.2:3b,1,8,F,4,0.25,0,0,1,1,,kg,conflicting,2.0,"The knowledge graph associates Drug-5 with various targets, including CHRM1 and HRH2, which are not immediately related to biliary tract cancer 1L. However, my own pharmacological knowledge suggests that some drugs targeting these pathways may have anti-cancer effects.",0.75,1.875
2,Diabetic retinopathy/DME (EMA Mar+May 2026),drkg,kg,llama3.2:3b,0,8,F,4,0.25,0,0,1,1,,prior,insufficient,2.0,"Upregulating RASSF4 and KLF9 indicates a potential anti-inflammatory effect, which may be beneficial in managing Diabetic retinopathy/DME.",0.75,2.625
2,Diabetic retinopathy/DME (EMA Mar+May 2026),drkg,kg,llama3.2:3b,1,8,G,7,0.14285714285714285,0,0,0,1,,kg,conflicting,1.0,The provided evidence does not establish a direct link between Drug-8 and diabetic retinopathy/DME despite its potential mechanistic relevance.,0.75,1.75
2,Spinal muscular atrophy (pediatric expansion),drkg,kg,llama3.2:3b,0,8,C,4,0.25,0,0,1,1,,prior,insufficient,3.0,Prior pharmacological knowledge suggests that drugs targeting various biological processes may have therapeutic potential for different diseases.,0.0,3.0
2,Spinal muscular atrophy (pediatric expansion),drkg,kg,llama3.2:3b,1,8,E,5,0.2,0,0,1,1,,kg,insufficient,1.0,No mechanistic link to spinal muscular atrophy based on its drug profile.,0.5,3.25
2,High LDL-C with increased CV risk (expanded),drkg,kg,llama3.2:3b,0,8,G,2,0.5,0,1,1,1,,kg,consistent,3.0,Activation of OPRK1 associated with target disease in KG,0.5714285714285714,3.142857142857143
2,High LDL-C with increased CV risk (expanded),drkg,kg,llama3.2:3b,1,8,C,6,0.16666666666666666,0,0,0,1,,prior,insufficient,1.0,Lack of direct mechanistic link to LDL-C regulation; potential role in related metabolic pathways through drugbank:BE0004849,0.375,2.125
2,Polycythaemia vera and essential thrombocytopenia,drkg,kg,llama3.2:3b,0,8,E,3,0.3333333333333333,0,1,1,1,,prior,insufficient,2.0,"Drug-1 activates IFNAR2, which is relevant to the treatment of hematological disorders, but no direct evidence links its mechanism to polycythaemia vera and essential thrombocytopenia.",0.125,1.875
2,Polycythaemia vera and essential thrombocytopenia,drkg,kg,llama3.2:3b,1,8,H,5,0.2,0,0,1,1,,prior,insufficient,1.0,No clear mechanistic connection established between Drug-1 and Polycythaemia vera and essential thrombocytopenia.,0.25,1.625
2,Hidradenitis suppurativa,drkg,kg,llama3.2:3b,0,8,D,1,1.0,1,1,1,1,,both,insufficient,3.0,Insufficient evidence from the knowledge graph and unclear primary mechanism.,0.5714285714285714,1.7142857142857142
2,Hidradenitis suppurativa,drkg,kg,llama3.2:3b,1,8,A,1,1.0,1,1,1,1,,,,,,,
2,Acute HCV pediatric,drkg,kg,llama3.2:3b,0,8,A,1,1.0,1,1,1,1,,,,,,,
2,Acute HCV pediatric,drkg,kg,llama3.2:3b,1,8,B,5,0.2,0,0,1,1,,kg,conflicting,1.0,"Candidate B's profile shows some targets for Acute HCV pediatric, but evidence from the KG conflicts with prior knowledge of drug mechanisms.",0.75,1.75
2,CKD in T2D,drkg,kg,llama3.2:3b,0,8,A,1,1.0,1,1,1,1,,both,consistent,5.0,Strong association with GCG and GLP1R targets CKD in T2D,1.0,2.625
2,CKD in T2D,drkg,kg,llama3.2:3b,1,8,B,6,0.16666666666666666,0,0,0,1,,kg,insufficient,4.0,No direct connection to CKD in T2D through the knowledge graph,0.5,2.75
2,BRAF V600E metastatic NSCLC,drkg,kg,llama3.2:3b,0,8,D,3,0.3333333333333333,0,1,1,1,,kg,conflicting,2.0,"Targets may be relevant to BRAF V600E metastatic NSCLC, but conflicting evidence and lack of mechanistic link make this drug less convincing.",0.42857142857142855,2.0
2,BRAF V600E metastatic NSCLC,drkg,kg,llama3.2:3b,1,8,B,1,1.0,1,1,1,1,,both,consistent,4.0,"Mechanistic links to BRAF inhibit ARAF and RAF1 pathways, which are relevant to BRAF V600E metastatic NSCLC",0.25,2.125
2,Retinal vein occlusion,drkg,kg,llama3.2:3b,0,8,D,7,0.14285714285714285,0,0,0,1,,prior,insufficient,1.0,Candidate D's targets are unclear and do not directly relate to retinal vein occlusion or C20orf181.,0.375,1.875
2,Retinal vein occlusion,drkg,kg,llama3.2:3b,1,8,A,1,1.0,1,1,1,1,,kg,conflicting,2.0,Candidate A's binding to CYP3A4 and Drug-5's inhibitory effect on PDE5A are not directly related to Retinal Vein Occlusion.,0.875,1.625
2,Agitation associated with Alzheimer's dementia,drkg,kg,llama3.2:3b,0,8,B,3,0.3333333333333333,0,1,1,1,,kg,conflicting,2.0,"Candidate B has mechanistic links from the knowledge graph, but its targets are less directly related to Alzheimer's dementia than Candidate D.",0.625,1.875
2,Agitation associated with Alzheimer's dementia,drkg,kg,llama3.2:3b,1,8,C,6,0.16666666666666666,0,0,0,1,,kg,insufficient,1.0,No direct evidence linking drug-3 to agitation associated with Alzheimer's dementia.,0.875,2.0
2,Heterozygous familial hypercholesterolemia,drkg,kg,llama3.2:3b,0,8,C,7,0.14285714285714285,0,0,0,1,,kg,insufficient,2.0,Inhibits PCSK9 is a known effect but not directly related to Heterozygous familial hypercholesterolemia.,0.5,2.0
2,Heterozygous familial hypercholesterolemia,drkg,kg,llama3.2:3b,1,8,C,5,0.2,0,0,1,1,,kg,insufficient,1.0,Lack of direct link to Heterozygous Familial Hypercholesterolemia in the knowledge graph,0.875,1.625
2,Acquired hypofibrinogenemia in cardiovascular surgery,drkg,kg,llama3.2:3b,0,8,C,7,0.14285714285714285,0,0,0,1,,kg,insufficient,1.0,Lack of direct evidence and limited pharmacological relevance,0.5,2.125
2,Acquired hypofibrinogenemia in cardiovascular surgery,drkg,kg,llama3.2:3b,1,8,C,6,0.16666666666666666,0,0,0,1,,prior,conflicting,2.0,"Prior knowledge-based rationale is strong, but KG-evidence for target genes is sparse.",0.625,2.25
2,Crohn's disease,drkg,kg,llama3.2:3b,0,8,C,4,0.25,0,0,1,1,,prior,insufficient,2.0,Targets JAKs but no clear link to Crohn's disease or its associated genes,0.625,1.75
2,Crohn's disease,drkg,kg,llama3.2:3b,1,8,B,2,0.5,0,1,1,1,,kg,conflicting,4.0,"Inhibits JAK1, but the role of JAKs in Crohn's disease is complex and not directly related to CDAN1 or IL37.",1.0,3.0
2,COVID-19 updated strain,drkg,kg,llama3.2:3b,0,8,E,2,0.5,0,1,1,1,,prior,insufficient,2.0,"Inhibits CYP2B6 and CYP1A2, affecting drug metabolism and viral replication",0.375,2.125
2,COVID-19 updated strain,drkg,kg,llama3.2:3b,1,8,C,4,0.25,0,0,1,1,,kg,conflicting,1.0,The mechanistic plausibility is low due to conflicting evidence and lack of direct links to COVID-19 targets.,0.75,1.625
2,HoFH pediatric (EMA),drkg,kg,llama3.2:3b,0,8,E,4,0.25,0,0,1,1,,kg,uncertain,1.0,"The provided evidence for Drug-6 and Drug-7 is limited, making their mechanistic plausibility uncertain",0.75,1.5
2,HoFH pediatric (EMA),drkg,kg,llama3.2:3b,1,8,B,5,0.2,0,0,1,1,,prior,insufficient,1.0,Insufficient information in KG to assess mechanistic plausibility.,0.625,2.125
2,Primary mediastinal large B-cell lymphoma,drkg,kg,llama3.2:3b,0,8,C,4,0.25,0,0,1,1,,kg,conflicting,1.0,Mechanistic links to multiple targets that may not be directly relevant or specific enough.,0.75,2.125
2,Primary mediastinal large B-cell lymphoma,drkg,kg,llama3.2:3b,1,8,A,2,0.5,0,1,1,1,,kg,conflicting,4.0,"Strong target interactions, but mechanism in lymphoma unclear and potential conflicts with established pathways",0.375,2.125
2,TRD monotherapy,drkg,kg,llama3.2:3b,0,8,E,3,0.3333333333333333,0,1,1,1,,kg,conflicting,1.0,Targets several genes involved in TRD monotherapy but lacks clear evidence for its role in the disease.,0.875,1.875
2,TRD monotherapy,drkg,kg,llama3.2:3b,1,8,C,7,0.14285714285714285,0,0,0,1,,kg,conflicting,1.0,Drug-5 targets multiple receptors and genes not directly related to TRD monotherapy.,0.625,2.125
2,Reduce MACE in CVD + obesity/overweight,drkg,kg,llama3.2:3b,0,8,F,3,0.3333333333333333,0,1,1,1,,kg,insufficient,2.0,Activation of GCG and targeting of GLP1R are not directly linked to the target disease.,0.625,2.125
2,Reduce MACE in CVD + obesity/overweight,drkg,kg,llama3.2:3b,1,8,G,6,0.16666666666666666,0,0,0,1,,prior,insufficient,2.0,Prior knowledge suggests that activation of GCG could be beneficial for reducing MACE in CVD + obesity/overweight,0.25,2.75
2,Allergic fungal rhinosinusitis (AFRS) ≥6yr,drkg,kg,llama3.2:3b,0,8,G,5,0.2,0,0,1,1,,prior,insufficient,2.0,No clear evidence linking IL4R targets to AFRS.,0.42857142857142855,2.4285714285714284
2,Allergic fungal rhinosinusitis (AFRS) ≥6yr,drkg,kg,llama3.2:3b,1,8,A,1,1.0,1,1,1,1,,kg,insufficient,3.0,Direct target on IL4R may be relevant for AFRS,0.5,2.25
2,Measles prophylaxis post-exposure,drkg,kg,llama3.2:3b,0,8,C,6,0.16666666666666666,0,0,0,1,,prior,insufficient,1.0,Prior knowledge lacks clear connections between target proteins and disease pathways relevant to measles prophylaxis post-exposure,0.5,2.0
2,Measles prophylaxis post-exposure,drkg,kg,llama3.2:3b,1,8,D,4,0.25,0,0,1,1,,prior,insufficient,3.0,"Interaction with immune cells (FCGRs) could be relevant, but the mechanistic link to measles prophylaxis post-exposure is unclear.",0.75,2.75
2,Obstructive sleep apnea with obesity,drkg,kg,llama3.2:3b,0,8,E,4,0.25,0,0,1,1,,kg,insufficient,1.0,The provided KG evidence lacks clear mechanistic links supporting the relevance of Drug-6 to obstructive sleep apnea with obesity.,0.75,1.75
2,Obstructive sleep apnea with obesity,drkg,kg,llama3.2:3b,1,8,D,1,1.0,1,1,1,1,,prior,consistent,4.0,Activation of MPL has been linked to obesity-related pathways,0.42857142857142855,1.8571428571428572
2,HER2+ solid tumors (tumor-agnostic),drkg,kg,llama3.2:3b,0,8,C,5,0.2,0,0,1,1,,prior,insufficient,3.0,"Inhibition of SLC12A1 and SLC12A2 suggests a possible interaction with HER2+ solid tumors, but more evidence is needed.",0.375,3.125
2,HER2+ solid tumors (tumor-agnostic),drkg,kg,llama3.2:3b,1,8,A,5,0.2,0,0,1,1,,kg,insufficient,1.0,targeting FCGR1A has unclear relevance to the disease,0.5,1.75
2,Heart failure (broadened),drkg,kg,llama3.2:3b,0,8,H,5,0.2,0,0,1,1,,prior,insufficient,1.0,Mechanistic links for Drug-8 are uncertain due to lack of direct connections to heart failure.,0.5,1.875
2,Heart failure (broadened),drkg,kg,llama3.2:3b,1,8,H,8,0.125,0,0,0,1,,both,insufficient,1.0,"KG evidence highlights Drug-1's targets relevant to cardiovascular health, but its direct link to heart failure is unclear due to limited information.",0.25,1.875
2,GVHD + pediatric,drkg,kg,llama3.2:3b,0,8,E,3,0.3333333333333333,0,1,1,1,,kg,conflicting,1.0,"The knowledge graph provides a wide range of targets for Drug-6, but most are not directly related to GVHD + pediatric disease profile and may be over-estimation of drug effectiveness.",0.875,1.375
2,GVHD + pediatric,drkg,kg,llama3.2:3b,1,8,A,1,1.0,1,1,1,1,,prior,insufficient,3.0,Mechanistic links to GVHD + pediatric disease profile components but unclear relevance.,0.625,1.875
2,COVID-19 (expanded population),drkg,kg,llama3.2:3b,0,8,G,7,0.14285714285714285,0,0,0,1,,kg,insufficient,1.0,Drug-8 has insufficient mechanistic links to COVID-19 diseases through the knowledge graph.,0.625,1.875
2,COVID-19 (expanded population),drkg,kg,llama3.2:3b,1,8,A,8,0.125,0,0,0,1,,kg,conflicting,1.0,"Mechanistic links through binding of ATP4B and downregulation of THAP11, but these targets are not directly related to COVID-19",1.0,2.25
2,Delay T1D onset in children ≥1yr,drkg,kg,llama3.2:3b,0,8,C,7,0.14285714285714285,0,0,0,1,,kg,insufficient,2.0,Lack of clear mechanism or connection to the disease.,0.5,2.5
2,Delay T1D onset in children ≥1yr,drkg,kg,llama3.2:3b,1,8,B,3,0.3333333333333333,0,1,1,1,,prior,insufficient,2.0,Lacks direct mechanistic link to T1D,0.5,2.75
2,BRAF+ thyroid cancer,drkg,kg,llama3.2:3b,0,8,H,8,0.125,0,0,0,1,,prior,conflicting,1.0,No direct connection to BRAF+ thyroid cancer established.,0.5,1.625
2,BRAF+ thyroid cancer,drkg,kg,llama3.2:3b,1,8,B,3,0.3333333333333333,0,1,1,1,,prior,conflicting,3.0,"Many pathways are inhibited by Drug-8 (MAPK pathway), which is relevant to BRAF+ thyroid cancer, but some pathways may not be directly related.",0.4,3.4
2,Chronic kidney disease,drkg,kg,llama3.2:3b,0,8,E,2,0.5,0,1,1,1,,prior,insufficient,3.0,No direct relation to MALAT1 or other CKD-associated genes.,0.5,1.875
2,Chronic kidney disease,drkg,kg,llama3.2:3b,1,8,H,9,0.1111111111111111,0,0,0,0,,,,,,,
2,IgG4-related disease,drkg,kg,llama3.2:3b,0,8,C,4,0.25,0,0,1,1,,prior,conflicting,2.0,Candidate C's targets and pathways for IgG4-related disease are not well-supported by the provided evidence or prior knowledge.,0.625,2.625
2,IgG4-related disease,drkg,kg,llama3.2:3b,1,8,G,7,0.14285714285714285,0,0,0,1,,kg,insufficient,1.0,The knowledge graph provides limited information on Drug-8 and its relationship to IgG4-related disease.,0.75,1.75
2,Oral tablet formulation for weight management,drkg,kg,llama3.2:3b,0,8,B,7,0.14285714285714285,0,0,0,1,,prior,insufficient,1.0,Targets multiple receptors and enzymes with limited direct relevance to weight management disease,0.75,2.25
2,Oral tablet formulation for weight management,drkg,kg,llama3.2:3b,1,8,A,3,0.3333333333333333,0,1,1,1,,prior,insufficient,2.0,Has some potential targets related to metabolism but lacks clear connections to weight loss or gain.,0.42857142857142855,2.4285714285714284
2,Follicular lymphoma,drkg,kg,llama3.2:3b,0,8,A,1,1.0,1,1,1,1,,,,,,,
2,Follicular lymphoma,drkg,kg,llama3.2:3b,1,8,H,7,0.14285714285714285,0,0,0,1,,uncertain,insufficient,1.0,,0.5,1.75
2,Palmoplantar pustulosis (PMDA),drkg,kg,llama3.2:3b,0,8,H,8,0.125,0,0,0,1,,kg,insufficient,1.0,Target IL23A but no clear connection to PMDA,0.75,1.75
2,Palmoplantar pustulosis (PMDA),drkg,kg,llama3.2:3b,1,8,D,2,0.5,0,1,1,1,,kg,consistent,4.0,"Targets IL23A, a key player in inflammatory responses.",0.5,1.75
2,Acquired hypothalamic obesity,drkg,kg,llama3.2:3b,0,8,D,1,1.0,1,1,1,1,,prior,insufficient,3.0,Lacks evidence linking to Acquired Hypothalamic Obesity.,0.5,2.5
2,Acquired hypothalamic obesity,drkg,kg,llama3.2:3b,1,8,C,4,0.25,0,0,1,1,,prior,conflicting,2.0,"Activation of MC5R and MC3R may suggest anti-obesity effects, but the lack of mechanistic links to MC4R is concerning.",0.125,1.875
2,Pheochromocytoma/paraganglioma,drkg,kg,llama3.2:3b,0,8,H,8,0.125,0,0,0,1,,kg,insufficient,1.0,"Lacks direct connection to the disease and targets EPAS1, which is not directly related to pheochromocytoma/paraganglioma.",0.625,2.0
2,Pheochromocytoma/paraganglioma,drkg,kg,llama3.2:3b,1,8,E,2,0.5,0,1,1,1,,prior,insufficient,3.0,"Drug-8 targets EPAS1, a transcription factor involved in vascular smooth muscle cell growth",0.125,2.25
2,IgE-mediated food allergy,drkg,kg,llama3.2:3b,0,8,F,1,1.0,1,1,1,1,,prior,conflicting,4.0,Inconsistent with KG evidence for targeting IGHE,0.5,2.75
2,IgE-mediated food allergy,drkg,kg,llama3.2:3b,1,8,B,3,0.3333333333333333,0,1,1,1,,prior,insufficient,2.0,"Targeting FCER1A and MS4A2 are related to mast cell activation, but not directly linked to IgE-mediated food allergy.",0.5,1.625
2,Advanced RCC after PD-1/PD-L1 + VEGF-TKI,drkg,kg,llama3.2:3b,0,8,H,7,0.14285714285714285,0,0,0,1,,prior,insufficient,2.0,Lacks mechanistic connections to RCC progression and may influence unrelated pathways or processes.,0.5,1.625
2,Advanced RCC after PD-1/PD-L1 + VEGF-TKI,drkg,kg,llama3.2:3b,1,8,F,8,0.125,0,0,0,1,,kg,insufficient,1.0,The relevance of Drug-8 for Advanced RCC after PD-1/PD-L1 + VEGF-TKI is uncertain due to limited information.,0.75,2.25
2,COPD,drkg,kg,llama3.2:3b,0,8,G,9,0.1111111111111111,0,0,0,1,,,,,,0.0,4.0
2,COPD,drkg,kg,llama3.2:3b,1,8,B,3,0.3333333333333333,0,1,1,1,,prior,insufficient,4.0,"Although the drug targets IL4R, which has known effects on allergic responses and inflammation, its relevance to COPD is uncertain.",0.625,2.625
2,mHSPC + ADT,drkg,kg,llama3.2:3b,0,8,D,3,0.3333333333333333,0,1,1,1,,prior,insufficient,4.0,No clear targets or pathways implicated in mHSPC + ADT,0.5,3.5
2,mHSPC + ADT,drkg,kg,llama3.2:3b,1,8,E,2,0.5,0,1,1,1,,kg,conflicting,3.0,"Targeting PGR and AR may be relevant for mHSPC + ADT, but evidence is limited.",0.7142857142857143,2.2857142857142856
2,COPD (EMA 2025),drkg,kg,llama3.2:3b,0,8,A,1,1.0,1,1,1,1,,prior,insufficient,3.0,Limited prior knowledge of IL4R's role in COPD,0.375,2.5
2,COPD (EMA 2025),drkg,kg,llama3.2:3b,1,8,B,5,0.2,0,0,1,1,,kg,insufficient,1.0,"IL4R inhibition may be beneficial in some inflammatory conditions, but direct evidence for COPD is lacking.",0.625,1.875
2,dMMR/MSI-H primary advanced endometrial cancer,drkg,kg,llama3.2:3b,0,8,D,1,1.0,1,1,1,1,,prior,insufficient,3.0,Drugs targeting multiple enzymes involved in hormone metabolism and biosynthesis may inhibit cancer growth.,0.125,2.25
2,dMMR/MSI-H primary advanced endometrial cancer,drkg,kg,llama3.2:3b,1,8,C,4,0.25,0,0,1,1,,prior,insufficient,2.0,No clear link between Drug-6 and dMMR/MSI-H primary advanced endometrial cancer based on provided evidence,0.125,2.125
2,Generalized myasthenia gravis,drkg,kg,llama3.2:3b,0,8,G,8,0.125,0,0,0,1,,kg,conflicting,1.0,Targets several genes involved in immune response but lacks clear GMG-specific connections.,0.5,2.0
2,Generalized myasthenia gravis,drkg,kg,llama3.2:3b,1,8,G,7,0.14285714285714285,0,0,0,1,,uncertain,insufficient,1.0,Lacking direct connections to the associated genes and targets unknown pathways without clear relevance to myasthenia gravis.,0.5,1.75
2,Urothelial carcinoma (expanded population),drkg,kg,llama3.2:3b,0,8,E,5,0.2,0,0,1,1,,both,conflicting,2.0,"Targeted against NECTIN4, but evidence is limited and may not be directly relevant to urothelial carcinoma",0.375,2.125
2,Urothelial carcinoma (expanded population),drkg,kg,llama3.2:3b,1,8,D,3,0.3333333333333333,0,1,1,1,,kg,consistent,4.0,Target of NECTIN4 may be relevant in cancer progression.,0.5,2.5
2,Crohn's disease,drkg,kg,llama3.2:3b,0,8,C,6,0.16666666666666666,0,0,0,1,,kg,insufficient,1.0,"Targeted IL23A may be relevant to Crohn's disease, but the provided evidence is limited and does not align with existing knowledge.",1.0,1.625
2,Crohn's disease,drkg,kg,llama3.2:3b,1,8,C,8,0.125,0,0,0,1,,kg,conflicting,1.0,"GALR1 is primarily associated with vision loss and cancer, making C an unlikely candidate for Crohn's disease treatment.",0.625,1.875
2,RAS wild-type HER2+ metastatic colorectal cancer,drkg,kg,llama3.2:3b,0,8,G,6,0.16666666666666666,0,0,0,1,,kg,insufficient,1.0,Knowledge graph evidence only targets ERBB2 without demonstrating mechanistic plausibility for RAS wild-type HER2+ metastatic colorectal cancer.,0.75,2.25
2,RAS wild-type HER2+ metastatic colorectal cancer,drkg,kg,llama3.2:3b,1,8,B,1,1.0,1,1,1,1,,both,consistent,5.0,Direct targeting of ERBB2 makes it a strong candidate.,0.625,2.5
2,Atopic dermatitis,drkg,kg,llama3.2:3b,0,8,B,4,0.25,0,0,1,1,,kg,conflicting,1.0,Conflicts between KG evidence (upregulation of MMP24) and pharmacological knowledge.,0.5,2.0
2,Atopic dermatitis,drkg,kg,llama3.2:3b,1,8,E,5,0.2,0,0,1,1,,kg,insufficient,1.0,Mechanistic relevance of JAK inhibitors in atopic dermatitis is unclear without direct evidence linking them to the disease.,0.875,1.75
2,dMMR recurrent/advanced endometrial cancer,drkg,kg,llama3.2:3b,0,8,G,6,0.16666666666666666,0,0,0,1,,kg,conflicting,1.0,"The drug targets various receptors involved in different pathways, but no clear connections to endometrial cancer are established.",0.625,1.75
2,dMMR recurrent/advanced endometrial cancer,drkg,kg,llama3.2:3b,1,8,F,5,0.2,0,0,1,1,,uncertain,insufficient,1.0,No provided evidence.,0.125,1.875
2,Polymyalgia rheumatica,drkg,kg,llama3.2:3b,0,8,C,6,0.16666666666666666,0,0,0,1,,kg,conflicting,1.0,Mechanism is not directly related to Polymyalgia rheumatica and lacks strong connections to the target disease.,0.875,1.75
2,Polymyalgia rheumatica,drkg,kg,llama3.2:3b,1,8,C,2,0.5,0,1,1,1,,prior,insufficient,3.0,"Although Drug-8 is not directly linked to polymyalgia rheumatica, its targets are involved in immune responses and could be relevant.",0.14285714285714285,2.0
2,Metastatic colorectal cancer,drkg,kg,llama3.2:3b,0,8,H,6,0.16666666666666666,0,0,0,1,,kg,conflicting,4.0,"Drug-3 targets several pathways involved in cell growth and metabolism, but the direct connection to metastatic colorectal cancer is uncertain due to conflicting evidence.",0.75,2.875
2,Metastatic colorectal cancer,drkg,kg,llama3.2:3b,1,8,E,2,0.5,0,1,1,1,,both,consistent,4.0,"Candidate E has both mechanistic links and pharmacological plausibility, targeting multiple enzymes involved in drug metabolism and transport.",0.75,2.125
2,Ulcerative colitis,drkg,kg,llama3.2:3b,0,8,B,1,1.0,1,1,1,1,,kg,insufficient,4.0,Lack of direct link to ulcerative colitis in KG,0.5,2.25
2,Ulcerative colitis,drkg,kg,llama3.2:3b,1,8,A,3,0.3333333333333333,0,1,1,1,,kg,insufficient,1.0,Candidate Drug-8 has a plausible target for the disease but lacks direct connection to Ulcerative Colitis in the knowledge graph.,0.75,1.625
2,MSI-H/dMMR solid tumors (full approval conversion),drkg,kg,llama3.2:3b,0,8,F,2,0.5,0,1,1,1,,kg,consistent,5.0,Mechanistic link from the knowledge graph supports its plausibility due to its targets related to DNA mismatch repair.,0.625,2.5
2,MSI-H/dMMR solid tumors (full approval conversion),drkg,kg,llama3.2:3b,1,8,H,6,0.16666666666666666,0,0,0,1,,prior,conflicting,3.0,Inhibition of PDCD1 has unclear relevance to MSI-H/dMMR solid tumors,0.5,2.375
2,Schnitzler syndrome (Japan),drkg,kg,llama3.2:3b,0,8,B,9,0.1111111111111111,0,0,0,1,,,,,,0.7142857142857143,2.0
2,Schnitzler syndrome (Japan),drkg,kg,llama3.2:3b,1,8,F,2,0.5,0,1,1,1,,kg,consistent,4.0,IL1B association is direct and relevant to the disease,0.75,2.375
2,HR+/HER2- metastatic breast cancer,drkg,kg,llama3.2:3b,0,8,C,7,0.14285714285714285,0,0,0,1,,kg,conflicting,2.0,"Inhibition of PARP enzymes is a known therapeutic strategy in certain cancer types, but its effectiveness in HR+/HER2- metastatic breast cancer is uncertain",0.625,2.25
2,HR+/HER2- metastatic breast cancer,drkg,kg,llama3.2:3b,1,8,D,7,0.14285714285714285,0,0,0,1,,kg,insufficient,1.0,"Inhibiting PARP2 and targeting DNA repair genes may impact cancer progression, but the provided evidence does not establish a clear connection to HR+/HER2- metastatic breast cancer.",0.75,2.125
2,Giant cell arteritis,drkg,kg,llama3.2:3b,0,8,A,1,1.0,1,1,1,1,,both,insufficient,3.0,Lacks direct association with GCA-related genes.,0.3333333333333333,2.0
2,Giant cell arteritis,drkg,kg,llama3.2:3b,1,8,D,2,0.5,0,1,1,1,,prior,conflicting,4.0,Targets multiple JAKs with potential impact on Giant cell arteritis,0.625,2.25
2,Neoadj+adj HNSCC,drkg,kg,llama3.2:3b,0,8,H,7,0.14285714285714285,0,0,0,1,,kg,conflicting,1.0,Lacks direct evidence linking to HNSCC and specificity is unknown.,0.5714285714285714,1.7142857142857142
2,Neoadj+adj HNSCC,drkg,kg,llama3.2:3b,1,8,H,7,0.14285714285714285,0,0,0,1,,kg,conflicting,3.0,"Drug-5 targets PMS2, MSH3, and ALK, which are not directly linked to HNSCC mechanisms in the knowledge graph, but Drug-5 inhibits PDCD1, a protein implicated in cancer progression.",0.2857142857142857,2.5714285714285716
2,Psoriasis in children 6-11 (cream),drkg,kg,llama3.2:3b,0,8,D,7,0.14285714285714285,0,0,0,1,,kg,conflicting,1.0,"Drug-2 inhibits PDE4C, which is not directly associated with psoriasis in the KG. Its inhibition of TNF is more relevant to other inflammatory conditions.",0.625,1.875
2,Psoriasis in children 6-11 (cream),drkg,kg,llama3.2:3b,1,8,C,3,0.3333333333333333,0,1,1,1,,both,consistent,4.0,"Mechanism-based on downregulation of IL17C and targeting PDE4C, which is involved in inflammatory responses.",0.625,2.375
2,dMMR/MSI-H primary advanced endometrial cancer (+chemo),drkg,kg,llama3.2:3b,0,8,H,8,0.125,0,0,0,1,,prior,insufficient,2.0,Could potentially modulate cancer cell proliferation via HIF1A but lacks direct evidence from the KG,0.625,2.5
2,dMMR/MSI-H primary advanced endometrial cancer (+chemo),drkg,kg,llama3.2:3b,1,8,H,5,0.2,0,0,1,1,,kg,insufficient,2.0,Lack of information about the relationship between Drug-8's targets and dMMR/MSI-H primary advanced endometrial cancer (+chemo).,0.8571428571428571,2.7142857142857144
2,Primary immunodeficiency pediatric (EMA),drkg,kg,llama3.2:3b,0,8,E,2,0.5,0,1,1,1,,prior,conflicting,3.0,Targets multiple immune-related proteins but lacks specific EMA links.,0.625,1.875
2,Primary immunodeficiency pediatric (EMA),drkg,kg,llama3.2:3b,1,8,D,4,0.25,0,0,1,1,,kg,conflicting,1.0,Targeting FCGR receptors may be more relevant to autoimmune diseases than Primary Immunodeficiency Pediatric (EMA).,0.5,3.125
2,HR+/HER2- breast cancer,drkg,kg,llama3.2:3b,0,8,D,3,0.3333333333333333,0,1,1,1,,kg,insufficient,2.0,The provided knowledge graph evidence for Drug-2's targets does not directly relate to breast cancer. Its mechanism of action is unclear.,0.625,3.0
2,HR+/HER2- breast cancer,drkg,kg,llama3.2:3b,1,8,D,1,1.0,1,1,1,1,,prior,insufficient,3.0,Drug-8 has no reported Mechanistic Link to HR+/HER2- breast cancer.,0.75,3.0
2,Ulcerative colitis,drkg,kg,llama3.2:3b,0,8,C,9,0.1111111111111111,0,0,0,1,,,,,,0.5714285714285714,2.7142857142857144
2,Ulcerative colitis,drkg,kg,llama3.2:3b,1,8,B,9,0.1111111111111111,0,0,0,1,,,,,,0.6,3.4
2,HER2-mutant NSCLC (PMDA),drkg,kg,llama3.2:3b,0,8,D,1,1.0,1,1,1,1,,kg,conflicting,3.0,Lack of clear association with HER2-mutant NSCLC (PMDA),0.6666666666666666,3.3333333333333335
2,HER2-mutant NSCLC (PMDA),drkg,kg,llama3.2:3b,1,8,F,9,0.1111111111111111,0,0,0,1,,,,,,,
2,Pediatric atopic dermatitis,drkg,kg,llama3.2:3b,0,8,H,8,0.125,0,0,0,1,,kg,conflicting,3.0,Multiple targets with unclear relevance to pediatric atopic dermatitis,0.625,2.0
2,Pediatric atopic dermatitis,drkg,kg,llama3.2:3b,1,8,G,9,0.1111111111111111,0,0,0,1,,,,,,0.7142857142857143,1.8571428571428572
2,HER2-mutant NSCLC (EMA),drkg,kg,llama3.2:3b,0,8,G,7,0.14285714285714285,0,0,0,1,,prior,insufficient,1.0,"Targets FCGR1A and TOP1, but lacks clear links to HER2-mutant NSCLC (EMA)",0.5,1.75
2,HER2-mutant NSCLC (EMA),drkg,kg,llama3.2:3b,1,8,C,7,0.14285714285714285,0,0,0,1,,kg,insufficient,1.0,"Candidate C has inhibition of TOP1 and targets FCGR1A, but its primary action on Drug-8 may not be directly relevant to HER2-mutant NSCLC.",1.0,1.625
2,IV formulation for rheumatic diseases (EMA),drkg,kg,llama3.2:3b,0,8,H,7,0.14285714285714285,0,0,0,1,,kg,insufficient,1.0,"Drug-7 inhibits IL17A, which is not directly related to the EMA target disease.",0.75,1.875
2,IV formulation for rheumatic diseases (EMA),drkg,kg,llama3.2:3b,1,8,B,4,0.25,0,0,1,1,,kg,insufficient,2.0,"Drug-7 only inhibits IL17A, which is not directly linked to IV formulation for rheumatic diseases (EMA).",0.75,2.25
2,Resectable gastric/GEJ adenocarcinoma (neoadj+adj +FLOT),drkg,kg,llama3.2:3b,0,8,C,5,0.2,0,0,1,1,,kg,insufficient,2.0,,0.625,1.625
2,Resectable gastric/GEJ adenocarcinoma (neoadj+adj +FLOT),drkg,kg,llama3.2:3b,1,8,A,1,1.0,1,1,1,1,,kg,conflicting,3.0,"Candidate A targets CD274, which is associated with cancer progression (KG), but also inhibits TNFRSF4 and FKBP1A, which could be relevant to gastric cancer (prior knowledge).",1.0,1.75
2,Antibody-mediated rejection in organ transplantation,drkg,kg,llama3.2:3b,0,8,A,5,0.2,0,0,1,1,,kg,conflicting,1.0,Mechanism unclear due to TP53 target and variable other targets with unclear relevance to antibody-mediated rejection.,0.625,2.0
2,Antibody-mediated rejection in organ transplantation,drkg,kg,llama3.2:3b,1,8,D,4,0.25,0,0,1,1,,prior,insufficient,2.0,No clear mechanistic links to antibody-mediated rejection,0.5,2.125
2,RET-fusion NSCLC (expanded),drkg,kg,llama3.2:3b,0,8,D,3,0.3333333333333333,0,1,1,1,,prior,insufficient,3.0,"No direct link to RET-fusion NSCLC found in KG; however, Drug-8 targets BCHE and ADRA1A, which are associated with gene LINC01234",0.5714285714285714,2.857142857142857
2,RET-fusion NSCLC (expanded),drkg,kg,llama3.2:3b,1,8,F,5,0.2,0,0,1,1,,kg,insufficient,1.0,"The provided evidence for Drug-6 lacks direct links to RET-fusion NSCLC, and its target INS is not specifically associated with the disease.",0.7142857142857143,1.8571428571428572
2,EGPA,drkg,kg,llama3.2:3b,0,8,E,5,0.2,0,0,1,1,,kg,insufficient,1.0,Candidate Drug-1 lacks clear connections to EGPA through its targets MS4A2 and FCER1A.,0.75,1.875
2,EGPA,drkg,kg,llama3.2:3b,1,8,A,1,1.0,1,1,1,1,,both,conflicting,4.0,"Drug-1 targets MS4A2 and FCER1A, associated with EGPA (IL5). However, Drug-1 inhibits IGHE, which is not directly linked to EGPA.",0.875,2.125
2,HR+/HER2- metastatic breast cancer,drkg,kg,llama3.2:3b,0,8,E,5,0.2,0,0,1,1,,kg,conflicting,1.0,Inconsistent JAK1/2 inhibition targets and insufficient mechanistic links to HR+/HER2- metastatic breast cancer in the knowledge graph.,0.875,2.75
2,HR+/HER2- metastatic breast cancer,drkg,kg,llama3.2:3b,1,8,C,7,0.14285714285714285,0,0,0,1,,kg,insufficient,1.0,"Candidate Drug-3 lacks clear connections to DOID:1612 and MESH:D001859 in the KG, making its relevance uncertain.",0.5,1.75
2,Primary humoral immunodeficiency pediatric 2-11yr,drkg,kg,llama3.2:3b,0,8,B,5,0.2,0,0,1,1,,kg,conflicting,4.0,"Drug-1 targets FCGR2C, a receptor involved in immune function, but the provided evidence does not directly relate to primary humoral immunodeficiency.",0.75,2.125
2,Primary humoral immunodeficiency pediatric 2-11yr,drkg,kg,llama3.2:3b,1,8,G,8,0.125,0,0,0,1,,kg,conflicting,3.0,Has multiple potential targets but lacks clear evidence linking FCGR pathway involvement,0.5,3.0
2,Pediatric glioma (EMA),drkg,kg,llama3.2:3b,0,8,B,2,0.5,0,1,1,1,,both,consistent,4.0,Mechanistic links in the knowledge graph and prior pharmacological knowledge support its relevance to glioma.,0.375,2.375
2,Pediatric glioma (EMA),drkg,kg,llama3.2:3b,1,8,F,6,0.16666666666666666,0,0,0,1,,kg,conflicting,2.0,Downregulation of several genes with some relevance to glioma but no clear association with the target disease.,0.625,2.0
2,Juvenile idiopathic arthritis (EMA Feb 2026),drkg,kg,llama3.2:3b,0,8,D,1,1.0,1,1,1,1,,kg,consistent,5.0,Mechanistic evidence links Drug-8 to the disease through its inhibition of JAK1/JAK2 and connections to juvenile idiopathic arthritis.,0.5,1.875
2,Juvenile idiopathic arthritis (EMA Feb 2026),drkg,kg,llama3.2:3b,1,8,F,4,0.25,0,0,1,1,,both,insufficient,2.0,"Although Drug-5 targets GLRA1 and GABRA1, which are associated with Juvenile idiopathic arthritis, the evidence in the KG is limited and does not provide clear connections to the disease.",1.0,1.75
2,Ph+ CML-CP after 2+ TKIs,drkg,kg,llama3.2:3b,0,8,G,7,0.14285714285714285,0,0,0,1,,kg,insufficient,1.0,Limited KG evidence targeting GRIA4/2/1; pharmacological relevance is uncertain,0.625,1.75
2,Ph+ CML-CP after 2+ TKIs,drkg,kg,llama3.2:3b,1,8,D,4,0.25,0,0,1,1,,prior,insufficient,1.0,"Candidate D shows no mechanistic links to CML-CP, despite targeting ABL1, which is relevant but not directly linked to this disease.",0.25,1.75
2,KRAS G12C+ mCRC,drkg,kg,llama3.2:3b,0,8,D,3,0.3333333333333333,0,1,1,1,,kg,conflicting,3.0,"Directly targets KRAS, but lacks specific pathway or disease annotations",0.625,2.25
2,KRAS G12C+ mCRC,drkg,kg,llama3.2:3b,1,8,A,1,1.0,1,1,1,1,,kg,consistent,4.0,"Directly targets KRAS, a known driver of mCRC",0.75,1.875
2,HR+/HER2- early breast cancer (adjuvant),drkg,kg,llama3.2:3b,0,8,F,4,0.25,0,0,1,1,,prior,insufficient,3.0,"Limited evidence linking targets to HR+/HER2- early breast cancer (adjuvant) in the knowledge graph, but potential relevance based on prior knowledge.",0.5,3.0
2,HR+/HER2- early breast cancer (adjuvant),drkg,kg,llama3.2:3b,1,8,G,8,0.125,0,0,0,1,,kg,conflicting,1.0,Inhibits CDK4/6 with conflicting evidence on CDK targets,0.75,1.75
2,First-line anemia in lower-risk MDS,drkg,kg,llama3.2:3b,0,8,A,3,0.3333333333333333,0,1,1,1,,kg,conflicting,2.0,"Lacks clear mechanistic links to the target disease, with broad off-target effects that could impact gene expression or cell signaling pathways",0.75,2.0
2,First-line anemia in lower-risk MDS,drkg,kg,llama3.2:3b,1,8,E,2,0.5,0,1,1,1,,prior,insufficient,4.0,"Some targets have anti-anemic effects, but no clear links with DOID:0050908",0.375,2.75
2,Follicular lymphoma (+obinutuzumab),drkg,kg,llama3.2:3b,0,8,D,1,1.0,1,1,1,1,,prior,insufficient,3.0,Targets specific kinases known to play roles in various cancers.,0.5,2.25
2,Follicular lymphoma (+obinutuzumab),drkg,kg,llama3.2:3b,1,8,E,7,0.14285714285714285,0,0,0,1,,prior,insufficient,1.0,"Pharmacological properties and target specificity suggest potential activity against follicular lymphoma, but evidence is limited.",0.5,2.125
2,1L biliary tract cancer (+gemcitabine+cisplatin),drkg,kg,llama3.2:3b,0,8,H,6,0.16666666666666666,0,0,0,1,,kg,conflicting,2.0,Candidate H has conflicting KG evidence and its efficacy for this disease is uncertain,0.375,2.25
2,1L biliary tract cancer (+gemcitabine+cisplatin),drkg,kg,llama3.2:3b,1,8,E,2,0.5,0,1,1,1,,kg,consistent,5.0,"Targets multiple genes associated with biliary tract cancer (+gemcitabine+cisplatin), including DMBT1 and ARID1A.",0.75,2.75
2,"ALK+ solid tumors (tissue-agnostic, world-first)",drkg,kg,llama3.2:3b,0,8,G,4,0.25,0,0,1,1,,both,consistent,5.0,"Targets multiple pathways involved in ALK signaling, including EML4 and RET, making it a strong candidate.",0.75,2.625
2,"ALK+ solid tumors (tissue-agnostic, world-first)",drkg,kg,llama3.2:3b,1,8,G,7,0.14285714285714285,0,0,0,1,,prior,insufficient,1.0,Lack of clear mechanistic links despite some plausible targets.,0.5,2.125
2,Pediatric BRAF V600E low-grade glioma,drkg,kg,llama3.2:3b,0,8,H,9,0.1111111111111111,0,0,0,1,,,,,,0.4,3.6
2,Pediatric BRAF V600E low-grade glioma,drkg,kg,llama3.2:3b,1,8,F,9,0.1111111111111111,0,0,0,1,,,,,,,
2,Platinum-resistant ovarian carcinoma (PD-L1+ CPS≥1),drkg,kg,llama3.2:3b,0,8,A,6,0.16666666666666666,0,0,0,1,,kg,insufficient,2.0,Targets multiple pathways but no direct evidence on platinum resistance,0.5,2.375
2,Platinum-resistant ovarian carcinoma (PD-L1+ CPS≥1),drkg,kg,llama3.2:3b,1,8,G,8,0.125,0,0,0,1,,kg,conflicting,2.0,CandidateDrug-8 targets multiple genes involved in DNA repair and immune checkpoint regulation but the provided knowledge graph evidence does not provide a clear mechanistic link to PD-L1+ CPS≥1.,0.375,2.75
2,Ph+ CML-CP frontline (EMA Feb 2026),drkg,kg,llama3.2:3b,0,8,E,1,1.0,1,1,1,1,,kg,insufficient,3.0,"Drug-2 targets ABL1, a known therapeutic target for CML-CP.",0.5,2.375
2,Ph+ CML-CP frontline (EMA Feb 2026),drkg,kg,llama3.2:3b,1,8,E,3,0.3333333333333333,0,1,1,1,,both,consistent,5.0,"Direct inhibition of ABL1, a key driver in CML-CP",0.75,2.625
2,Gastric/GEJ adenocarcinoma,drkg,kg,llama3.2:3b,0,8,D,3,0.3333333333333333,0,1,1,1,,prior,insufficient,2.0,Lack of evidence linking Drug-8 targets CD274 and CD80 to gastric/GEJ adenocarcinoma.,0.75,2.25
2,Gastric/GEJ adenocarcinoma,drkg,kg,llama3.2:3b,1,8,C,9,0.1111111111111111,0,0,0,1,,,,,,0.7142857142857143,2.857142857142857
2,Chronic lymphocytic leukemia,drkg,kg,llama3.2:3b,0,8,E,3,0.3333333333333333,0,1,1,1,,prior,insufficient,2.0,Uncertain relevance due to lack of direct connections to CLL pathogenesis.,0.5,2.0
2,Chronic lymphocytic leukemia,drkg,kg,llama3.2:3b,1,8,H,6,0.16666666666666666,0,0,0,1,,prior,insufficient,1.0,Limited information on Drug-8's relevance to CLL,0.5714285714285714,2.4285714285714284
2,HER2+ early-stage BC (neoadjuvant + adjuvant),drkg,kg,llama3.2:3b,0,8,F,6,0.16666666666666666,0,0,0,1,,prior,insufficient,1.0,"Targeting FCGR1A and TOP1 does not directly relate to HER2+ early-stage BC. While these targets may be involved in cancer biology, the evidence is too sparse to support a direct link.",0.25,2.0
2,HER2+ early-stage BC (neoadjuvant + adjuvant),drkg,kg,llama3.2:3b,1,8,G,5,0.2,0,0,1,1,,prior,insufficient,3.0,Targets multiple genes with unclear relevance to HER2+ early-stage BC,0.5,2.375
2,HR+/HER2-low breast cancer,drkg,kg,llama3.2:3b,0,8,G,2,0.5,0,1,1,1,,kg,conflicting,3.0,Targets FCGR1A and TOP1 not directly relevant to the disease profile,0.5,3.5
2,HR+/HER2-low breast cancer,drkg,kg,llama3.2:3b,1,8,F,2,0.5,0,1,1,1,,kg,insufficient,3.0,Limited information about its relevance to HR+/HER2-low breast cancer.,0.625,2.375
2,"Pediatric low-grade glioma (+dabrafenib, BRAF V600E)",drkg,kg,llama3.2:3b,0,8,C,8,0.125,0,0,0,1,,uncertain,insufficient,1.0,Mechanism and pathway relevance unclear.,0.25,1.875
2,"Pediatric low-grade glioma (+dabrafenib, BRAF V600E)",drkg,kg,llama3.2:3b,1,8,C,4,0.25,0,0,1,1,,prior,insufficient,1.0,No direct connections to pediatric low-grade glioma pathology,0.5714285714285714,1.5714285714285714
2,Unresectable thymic carcinoma (PMDA),drkg,kg,llama3.2:3b,0,8,D,1,1.0,1,1,1,1,,prior,insufficient,3.0,"While Drug-7's targets are intriguing, its lack of direct evidence makes it uncertain.",0.5,2.5
2,Unresectable thymic carcinoma (PMDA),drkg,kg,llama3.2:3b,1,8,D,1,1.0,1,1,1,1,,kg,consistent,4.0,Drug-7 targets multiple genes related to PMDA.,0.125,3.125
2,BRAF+ thyroid cancer,drkg,kg,llama3.2:3b,0,8,H,8,0.125,0,0,0,1,,prior,insufficient,1.0,Targets various genes and enzymes but lacks clear connections to BRAF+ thyroid cancer mechanisms.,0.375,1.75
2,BRAF+ thyroid cancer,drkg,kg,llama3.2:3b,1,8,E,2,0.5,0,1,1,1,,both,insufficient,4.0,"Drug-7 inhibits BRAF, RAF1, and ARAF, which are all related to BRAF+ thyroid cancer.",0.25,2.25
2,IDH1-mutated relapsed/refractory MDS,drkg,kg,llama3.2:3b,0,8,F,6,0.16666666666666666,0,0,0,1,,prior,insufficient,1.0,The drug's mechanism of action (inhibiting HRH1) is not directly related to IDH1-mutated relapsed/refractory MDS.,0.375,1.75
2,IDH1-mutated relapsed/refractory MDS,drkg,kg,llama3.2:3b,1,8,G,6,0.16666666666666666,0,0,0,1,,kg,conflicting,2.0,"Drug-8 targets IDH1, which is associated with the disease; however, its binding affinity and efficacy are unknown.",0.625,1.75
2,Biliary tract cancer,drkg,kg,llama3.2:3b,0,8,C,2,0.5,0,1,1,1,,prior,insufficient,3.0,ALK target is associated with the disease via PMS2 in the knowledge graph,0.625,1.75
2,Biliary tract cancer,drkg,kg,llama3.2:3b,1,8,D,1,1.0,1,1,1,1,,kg,insufficient,3.0,,0.7142857142857143,2.0
2,"mCRC BRAF V600E (traditional approval, was accelerated)",drkg,kg,llama3.2:3b,0,8,D,1,1.0,1,1,1,1,,both,consistent,4.0,Mechanistic plausibility due to direct inhibition of BRAF,0.75,1.75
2,"mCRC BRAF V600E (traditional approval, was accelerated)",drkg,kg,llama3.2:3b,1,8,F,2,0.5,0,1,1,1,,both,consistent,5.0,Direct mechanism of action against BRAF,0.625,2.5
2,Gastric/GEJ adenocarcinoma (1L +chemo),drkg,kg,llama3.2:3b,0,8,B,3,0.3333333333333333,0,1,1,1,,prior,insufficient,2.0,Prior knowledge suggests CD274's role in cancer but lacks direct link to gastric/GEJ adenocarcinoma,0.5,1.625
2,Gastric/GEJ adenocarcinoma (1L +chemo),drkg,kg,llama3.2:3b,1,8,A,2,0.5,0,1,1,1,,both,consistent,5.0,Mechanistic plausibility based on immune regulation targets CD274 and CD80,0.625,2.25
2,Chorea associated with Huntington's disease,biokg,kg,llama3.2:3b,0,8,E,3,0.3333333333333333,0,1,1,1,,prior,insufficient,3.0,"Targets proteins involved in histone deacetylation, but no direct link to Huntington's disease found.",0.5,2.75
2,Chorea associated with Huntington's disease,biokg,kg,llama3.2:3b,1,8,C,3,0.3333333333333333,0,1,1,1,,,,,,,
2,Chronic thromboembolic pulmonary hypertension,biokg,kg,llama3.2:3b,0,8,B,2,0.5,0,1,1,1,,kg,insufficient,3.0,"Drug-7 targets FA10 and MDR1, both of which could play roles in vascular health; however, the pathways modulated by drug-7 are not directly linked to CTEPH.",0.8571428571428571,2.0
2,Chronic thromboembolic pulmonary hypertension,biokg,kg,llama3.2:3b,1,8,B,6,0.16666666666666666,0,0,0,1,,kg,conflicting,4.0,"Targets FA10, which does not directly relate to CBLN2 or KCNA5.",0.7142857142857143,2.5714285714285716
2,Indolent systemic mastocytosis,biokg,kg,llama3.2:3b,0,8,E,3,0.3333333333333333,0,1,1,1,,kg,conflicting,4.0,"The knowledge graph suggests Drug-8 may be relevant due to its targets on KIT and MDR1, but the clear agonist activity on ABCG2 is unclear.",0.875,3.0
2,Indolent systemic mastocytosis,biokg,kg,llama3.2:3b,1,8,H,7,0.14285714285714285,0,0,0,1,,kg,conflicting,1.0,"While Drug-8 targets KIT, which is relevant to DOID:349, the knowledge graph also reports associations that are not directly relevant to mastocytosis.",0.8571428571428571,1.8571428571428572
2,EGPA (expanded),biokg,kg,llama3.2:3b,0,8,F,6,0.16666666666666666,0,0,0,1,,kg,insufficient,1.0,Insufficient evidence linking Drug-8 targets to EGPA,0.5,1.875
2,EGPA (expanded),biokg,kg,llama3.2:3b,1,8,C,2,0.5,0,1,1,1,,prior,conflicting,1.0,"The knowledge graph reports IL10 as associated with EGPA, but Drug-8 targets IL5RA, which is a different receptor.",0.375,1.5
2,Invasive fungal infections pediatric ≥2yr,biokg,kg,llama3.2:3b,0,8,H,8,0.125,0,0,0,1,,prior,insufficient,1.0,,0.5,2.0
2,Invasive fungal infections pediatric ≥2yr,biokg,kg,llama3.2:3b,1,8,G,7,0.14285714285714285,0,0,0,1,,prior,insufficient,1.0,No direct evidence from the knowledge graph links retinoid X receptor agonists/antagonists to invasive fungal infections.,0.625,2.25
2,PKU expanded to ≥12yr,biokg,kg,llama3.2:3b,0,8,A,3,0.3333333333333333,0,1,1,1,,kg,uncertain,2.0,Candidate A lacks direct KG evidence linking it to PKU expanded to ≥12yr.,0.75,2.0
2,PKU expanded to ≥12yr,biokg,kg,llama3.2:3b,1,8,G,7,0.14285714285714285,0,0,0,1,,prior,insufficient,1.0,has targets and pathways not directly related to PKU,0.625,1.75
2,Nephrotic syndrome,biokg,kg,llama3.2:3b,0,8,A,3,0.3333333333333333,0,1,1,1,,,,,,,
2,Nephrotic syndrome,biokg,kg,llama3.2:3b,1,8,E,7,0.14285714285714285,0,0,0,1,,kg,conflicting,2.0,CD20 target has no relevance to Nephrotic syndrome.,0.625,2.125
2,HR+/HER2- node-positive high-risk early breast cancer,biokg,kg,llama3.2:3b,0,8,C,6,0.16666666666666666,0,0,0,1,,kg,conflicting,1.0,"The knowledge graph evidence for Drug-7 targets various pathways not directly related to HR+/HER2- node-positive high-risk early breast cancer, and its mechanisms are unclear in this context.",1.0,1.75
2,HR+/HER2- node-positive high-risk early breast cancer,biokg,kg,llama3.2:3b,1,8,E,1,1.0,1,1,1,1,,prior,insufficient,3.0,CDK4 and CDK6 inhibition has shown promise in various cancers.,0.625,1.625
2,Retinopathy of prematurity,biokg,kg,llama3.2:3b,0,8,B,2,0.5,0,1,1,1,,both,consistent,5.0,"Targets PLGF and VEGFB, both involved in angiogenesis, making it a strong candidate for treating Retinopathy of Prematurity.",0.5,2.375
2,Retinopathy of prematurity,biokg,kg,llama3.2:3b,1,8,B,6,0.16666666666666666,0,0,0,1,,kg,insufficient,2.0,No direct mechanistic links to ROp in the knowledge graph,0.75,3.125
2,Agitation associated with Alzheimer's dementia,biokg,kg,llama3.2:3b,0,8,D,1,1.0,1,1,1,1,,prior,insufficient,3.0,MDR1 plays a role in drug transport,0.5,2.3333333333333335
2,Agitation associated with Alzheimer's dementia,biokg,kg,llama3.2:3b,1,8,F,6,0.16666666666666666,0,0,0,1,,kg,insufficient,2.0,"has some relevant targets, including ABCG2 and UD11, but its primary profile is unclear",0.625,3.0
2,LDL-C elevation in statin-intolerant dyslipidemia,biokg,kg,llama3.2:3b,0,8,F,5,0.2,0,0,1,1,,prior,insufficient,1.0,No direct connections to SRAC1 or NAKD2 in the KG do not support this candidate.,0.625,2.5
2,LDL-C elevation in statin-intolerant dyslipidemia,biokg,kg,llama3.2:3b,1,8,E,1,1.0,1,1,1,1,,kg,consistent,5.0,Drug-8 has a direct link to gene SRAC1 via target S22A6.,0.875,2.375
2,First-line anemia in lower-risk MDS,biokg,kg,llama3.2:3b,0,8,C,2,0.5,0,1,1,1,,kg,conflicting,4.0,Mechanism plausibly relevant but specific links to DLK1 and LYL1 require further investigation,0.42857142857142855,2.142857142857143
2,First-line anemia in lower-risk MDS,biokg,kg,llama3.2:3b,1,8,D,3,0.3333333333333333,0,1,1,1,,,,,,,
2,"Crohn's disease (moderate-severe, refractory)",biokg,kg,llama3.2:3b,0,8,C,7,0.14285714285714285,0,0,0,1,,kg,insufficient,2.0,Lacks direct connections to relevant pathways or genes.,0.5,2.75
2,"Crohn's disease (moderate-severe, refractory)",biokg,kg,llama3.2:3b,1,8,D,1,1.0,1,1,1,1,,prior,insufficient,3.0,Targets metabolic pathways relevant to Crohn's disease,0.5,2.0
2,COVID-19 in severe renal impairment/dialysis,biokg,kg,llama3.2:3b,0,8,F,8,0.125,0,0,0,1,,kg,insufficient,1.0,"KG reports Drug-8 targets several transporters involved in renal function, but its relevance to COVID-19 in severe renal impairment/dialysis is unclear and no direct evidence links Drug-8 to the target disease.",0.625,2.125
2,COVID-19 in severe renal impairment/dialysis,biokg,kg,llama3.2:3b,1,8,F,2,0.5,0,1,1,1,,both,consistent,5.0,The mechanistic link from Drug-8 to MRP4 is relevant for COVID-19 treatment in severe renal impairment/dialysis.,0.5,3.0
2,MASH with fibrosis,biokg,kg,llama3.2:3b,0,8,F,8,0.125,0,0,0,1,,kg,insufficient,1.0,Amylase inhibitors target GLP-1R and DPP4; the relevance to fibrosis is unclear without further context.,0.625,1.625
2,MASH with fibrosis,biokg,kg,llama3.2:3b,1,8,G,8,0.125,0,0,0,1,,kg,conflicting,1.0,Multiple targets with unclear connection to fibrosis,1.0,2.25
2,Pancreatic NET,biokg,kg,llama3.2:3b,0,8,A,6,0.16666666666666666,0,0,0,1,,kg,conflicting,2.0,"Drug-8 targets several kinases (RET, MET, CP2C8), but the relationship to Pancreatic NET is not established.",0.625,1.5
2,Pancreatic NET,biokg,kg,llama3.2:3b,1,8,B,5,0.2,0,0,1,1,,prior,conflicting,2.0,"Targets multiple receptors, but no direct connections to Pancreatic NET, and evidence is sparse.",0.75,1.5
2,Retinal vein occlusion,biokg,kg,llama3.2:3b,0,8,G,3,0.3333333333333333,0,1,1,1,,prior,insufficient,1.0,Candidate Drug-7's targets do not show clear mechanistic links to retinal vein occlusion.,0.5,1.75
2,Retinal vein occlusion,biokg,kg,llama3.2:3b,1,8,H,6,0.16666666666666666,0,0,0,1,,,,,,,
2,Cerebral folate transport deficiency,biokg,kg,llama3.2:3b,0,8,B,5,0.2,0,0,1,1,,kg,conflicting,1.0,"Drug-1 targets SYLM, which is not clearly related to cerebral folate transport deficiency according to our knowledge.",0.42857142857142855,1.7142857142857142
2,Cerebral folate transport deficiency,biokg,kg,llama3.2:3b,1,8,E,1,1.0,1,1,1,1,,prior,insufficient,4.0,"Although the KG evidence is limited, Drug-1 targets several transporters involved in folate uptake and metabolism, suggesting potential efficacy against cerebral folate transport deficiency.",0.125,1.875
2,ILD-associated pulmonary hypertension,biokg,kg,llama3.2:3b,0,8,H,5,0.2,0,0,1,1,,kg,conflicting,2.0,"Targets PI2R and P2Y12 receptors, which are not directly related to ILD-associated pulmonary hypertension genes",0.625,1.875
2,ILD-associated pulmonary hypertension,biokg,kg,llama3.2:3b,1,8,G,8,0.125,0,0,0,1,,kg,insufficient,1.0,Mechanistic plausibility could not be assessed due to lack of direct evidence linking drug to ILD-associated pulmonary hypertension.,0.75,2.0
2,Indolent systemic mastocytosis (EMA),biokg,kg,llama3.2:3b,0,8,B,3,0.3333333333333333,0,1,1,1,,kg,conflicting,2.0,"Drug-8 targets KIT and ABCG2, which are involved in mast cell activation, but its other targets are less relevant to EMA.",0.625,1.875
2,Indolent systemic mastocytosis (EMA),biokg,kg,llama3.2:3b,1,8,D,1,1.0,1,1,1,1,,kg,consistent,5.0,"Clear mechanistic links to EMA via relevant targets (KIT, ABCG2, CP2C9, MDR1)",0.5,3.5
2,CRSwNP (eosinophilic chronic rhinosinusitis with nasal polyps),biokg,kg,llama3.2:3b,0,8,B,7,0.14285714285714285,0,0,0,1,,kg,insufficient,1.0,"The knowledge graph reports associations between Drug-8's targets and inflammatory pathways, but the connection to CRSwNP is uncertain due to insufficient evidence.",0.75,2.375
2,CRSwNP (eosinophilic chronic rhinosinusitis with nasal polyps),biokg,kg,llama3.2:3b,1,8,B,5,0.2,0,0,1,1,,kg,conflicting,2.0,targets multiple genes with unclear links to CRSwNP,0.375,1.625
2,Chronic hepatitis B (pediatric),biokg,kg,llama3.2:3b,0,8,A,2,0.5,0,1,1,1,,kg,conflicting,2.0,Targets MRP4 but lacks direct connection to hepatitis B via known pathways,0.5,1.75
2,Chronic hepatitis B (pediatric),biokg,kg,llama3.2:3b,1,8,G,7,0.14285714285714285,0,0,0,1,,kg,insufficient,1.0,Has broad targets but no direct connection to disease or pathways related to hepatitis B,0.625,1.5
2,HoFH in children,biokg,kg,llama3.2:3b,0,8,H,8,0.125,0,0,0,1,,kg,insufficient,2.0,Drug-8 has insufficient evidence from the KG for HoFH and doesn't show any direct connections relevant to this disease.,0.875,2.125
2,HoFH in children,biokg,kg,llama3.2:3b,1,8,G,6,0.16666666666666666,0,0,0,1,,prior,conflicting,2.0,"Some drug targets (e.g., MDR1) have unclear associations with HoFH in children; other targets lack evidence.",0.75,2.5
2,Biliary tract cancer 1L,biokg,kg,llama3.2:3b,0,8,E,1,1.0,1,1,1,1,,both,consistent,4.0,"Drug-8's targets PD1L1 and CD80 have been implicated in various cancers, including those involving immune checkpoint pathways.",0.625,2.375
2,Biliary tract cancer 1L,biokg,kg,llama3.2:3b,1,8,H,8,0.125,0,0,0,1,,prior,conflicting,2.0,Lack of direct links between PD1L1 and cancer mechanisms in the literature,0.375,2.25
2,Diabetic retinopathy/DME (EMA Mar+May 2026),biokg,kg,llama3.2:3b,0,8,F,7,0.14285714285714285,0,0,0,1,,kg,insufficient,1.0,Lack of direct evidence for its relevance to DME,0.5,2.5
2,Diabetic retinopathy/DME (EMA Mar+May 2026),biokg,kg,llama3.2:3b,1,8,D,4,0.25,0,0,1,1,,both,insufficient,1.0,Insufficient evidence in knowledge graph,0.875,1.875
2,Spinal muscular atrophy (pediatric expansion),biokg,kg,llama3.2:3b,0,8,E,3,0.3333333333333333,0,1,1,1,,kg,conflicting,2.0,Targets several GABA receptors and transporters with unclear relevance to SMA,0.625,1.75
2,Spinal muscular atrophy (pediatric expansion),biokg,kg,llama3.2:3b,1,8,G,7,0.14285714285714285,0,0,0,1,,kg,insufficient,1.0,Insufficient knowledge-graph evidence,0.5,1.75
2,High LDL-C with increased CV risk (expanded),biokg,kg,llama3.2:3b,0,8,G,5,0.2,0,0,1,1,,uncertain,insufficient,2.0,Lack of clear connections to the target disease,0.0,2.375
2,High LDL-C with increased CV risk (expanded),biokg,kg,llama3.2:3b,1,8,E,5,0.2,0,0,1,1,,prior,insufficient,1.0,no clear connections to the target disease,0.6666666666666666,2.1666666666666665
2,Polycythaemia vera and essential thrombocytopenia,biokg,kg,llama3.2:3b,0,8,H,7,0.14285714285714285,0,0,0,1,,kg,conflicting,1.0,Mechanism of Drug-1 is unclear and does not directly relate to polycythaemia vera and essential thrombocytopenia.,0.875,1.625
2,Polycythaemia vera and essential thrombocytopenia,biokg,kg,llama3.2:3b,1,8,A,1,1.0,1,1,1,1,,prior,consistent,5.0,Drug-1 targets INAR2; INAR2 mutations are associated with myeloproliferative diseases like Polycythaemia vera.,0.5,2.25
2,Hidradenitis suppurativa,biokg,kg,llama3.2:3b,0,8,B,7,0.14285714285714285,0,0,0,1,,kg,insufficient,3.0,Targeting IL17 is relevant due to its association with hidradenitis suppurativa in the knowledge graph.,0.125,3.5
2,Hidradenitis suppurativa,biokg,kg,llama3.2:3b,1,8,G,7,0.14285714285714285,0,0,0,1,,prior,insufficient,1.0,No direct evidence linking Drug-1's targets CLTR1 and PGH1 to Hidradenitis suppurativa or its pathways.,0.25,2.0
2,Acute HCV pediatric,biokg,kg,llama3.2:3b,0,8,D,3,0.3333333333333333,0,1,1,1,,kg,insufficient,2.0,"The KG provides associations with genes (MDR1 and ABCG2) that are present in HCV pediatric, but no direct links to the disease; therefore, mechanistic plausibility is uncertain.",0.75,1.75
2,Acute HCV pediatric,biokg,kg,llama3.2:3b,1,8,E,2,0.5,0,1,1,1,,prior,insufficient,4.0,"Candidate E targets multiple transporters and pumps (MDR1, ABCG2) with potential antiviral activity but no direct connection to HCV or Hepatitis C pathway.",0.75,3.0
2,CKD in T2D,biokg,kg,llama3.2:3b,0,8,C,2,0.5,0,1,1,1,,both,insufficient,2.0,Drug-8 also targets other pathways that may be relevant to CKD in T2D but evidence is insufficient to confirm mechanistic plausibility.,0.875,1.375
2,CKD in T2D,biokg,kg,llama3.2:3b,1,8,B,7,0.14285714285714285,0,0,0,1,,kg,conflicting,2.0,Targets multiple enzymes and transporters without direct connection to CKD in T2D,0.625,2.5
2,BRAF V600E metastatic NSCLC,biokg,kg,llama3.2:3b,0,8,C,4,0.25,0,0,1,1,,kg,conflicting,3.0,"Targets multiple kinases, including KCJ14 and KCNJ1, but no direct link to BRAF V600E",0.625,2.75
2,BRAF V600E metastatic NSCLC,biokg,kg,llama3.2:3b,1,8,C,5,0.2,0,0,1,1,,kg,insufficient,1.0,"Although Drug-3 modulates pathways relevant to cancer treatment, its evidence for this specific target disease is indirect and not supported by the knowledge graph.",0.25,1.75
2,Retinal vein occlusion,biokg,kg,llama3.2:3b,0,8,E,8,0.125,0,0,0,1,,prior,insufficient,2.0,Lack of direct connections between Drug-8's targets and retinal vein occlusion.,0.5,2.0
2,Retinal vein occlusion,biokg,kg,llama3.2:3b,1,8,D,4,0.25,0,0,1,1,,prior,insufficient,2.0,"There is no direct evidence linking Drug-D to retinal vein occlusion. Although it targets multiple phosphodiesterases, prior knowledge does not support a clear mechanistic link to this disease.",0.375,2.125
2,Agitation associated with Alzheimer's dementia,biokg,kg,llama3.2:3b,0,8,B,5,0.2,0,0,1,1,,kg,conflicting,1.0,"Targets multiple receptors and pathways with unclear relevance to Alzheimer's dementia; however, some pathways may be involved in disease progression.",0.5,1.875
2,Agitation associated with Alzheimer's dementia,biokg,kg,llama3.2:3b,1,8,A,3,0.3333333333333333,0,1,1,1,,kg,insufficient,2.0,Limited mechanistic links to Alzheimer's dementia and unclear relevance of pathways modulated by the drug,0.5,1.75
2,Heterozygous familial hypercholesterolemia,biokg,kg,llama3.2:3b,0,8,A,1,1.0,1,1,1,1,,both,consistent,4.0,Both knowledge graph evidence and pharmacological knowledge support its effectiveness for treating heterozygous familial hypercholesterolemia.,1.0,1.5714285714285714
2,Heterozygous familial hypercholesterolemia,biokg,kg,llama3.2:3b,1,8,E,2,0.5,0,1,1,1,,kg,insufficient,2.0,Targeting PCSK9 is promising for cholesterol-lowering effects but lacks direct evidence linking to other relevant pathways.,0.6666666666666666,1.8333333333333333
2,Acquired hypofibrinogenemia in cardiovascular surgery,biokg,kg,llama3.2:3b,0,8,F,5,0.2,0,0,1,1,,kg,conflicting,2.0,Conflicting KG-provided targets and pathways with DOID:2219,0.7142857142857143,1.8571428571428572
2,Acquired hypofibrinogenemia in cardiovascular surgery,biokg,kg,llama3.2:3b,1,8,A,6,0.16666666666666666,0,0,0,1,,prior,insufficient,1.0,Lacks relevance and evidence supporting its effectiveness in acquired hypofibrinogenemia,0.5,1.75
2,Crohn's disease,biokg,kg,llama3.2:3b,0,8,D,1,1.0,1,1,1,1,,both,consistent,4.0,"Drug-8 targets JAK1, an enzyme crucial for cytokine signaling, potentially influencing IBD pathogenesis.",0.25,2.125
2,Crohn's disease,biokg,kg,llama3.2:3b,1,8,D,1,1.0,1,1,1,1,,kg,consistent,4.0,Unique association with pathway hsa04630 relevant to IBD,0.5,1.75
2,COVID-19 updated strain,biokg,kg,llama3.2:3b,0,8,H,8,0.125,0,0,0,1,,prior,insufficient,1.0,Lack of clear mechanistic links and unclear relevance to COVID-19.,0.5,2.0
2,COVID-19 updated strain,biokg,kg,llama3.2:3b,1,8,G,4,0.25,0,0,1,1,,kg,insufficient,2.0,The knowledge graph evidence for Drug-7 is also sparse and does not provide sufficient mechanistic plausibility for COVID-19.,0.75,2.75
2,HoFH pediatric (EMA),biokg,kg,llama3.2:3b,0,8,F,5,0.2,0,0,1,1,,prior,insufficient,1.0,Targets genes without clear link to HoFH pediatric (EMA),0.5,1.75
2,HoFH pediatric (EMA),biokg,kg,llama3.2:3b,1,8,B,9,0.1111111111111111,0,0,0,1,,,,,,1.0,3.5
2,Primary mediastinal large B-cell lymphoma,biokg,kg,llama3.2:3b,0,8,G,4,0.25,0,0,1,1,,prior,insufficient,2.0,"Candidate G has a target associated with immune response, but its mechanism of action is not directly linked to Primary mediastinal large B-cell lymphoma in the knowledge graph.",0.375,2.0
2,Primary mediastinal large B-cell lymphoma,biokg,kg,llama3.2:3b,1,8,E,2,0.5,0,1,1,1,,kg,conflicting,1.0,"Targets PDCD1, which is relevant to immune regulation but has no clear link to lymphoma",0.625,1.5
2,TRD monotherapy,biokg,kg,llama3.2:3b,0,8,D,1,1.0,1,1,1,1,,prior,insufficient,3.0,"Lacking direct evidence, but targeting androgen receptors relevant to TRD treatment",0.625,1.875
2,TRD monotherapy,biokg,kg,llama3.2:3b,1,8,E,6,0.16666666666666666,0,0,0,1,,kg,insufficient,1.0,Limited relevance to TRD monotherapy; targets NMDA receptors without direct links to genes involved in TRD,0.625,1.75
2,Reduce MACE in CVD + obesity/overweight,biokg,kg,llama3.2:3b,0,8,C,6,0.16666666666666666,0,0,0,1,,prior,conflicting,2.0,Targets relevant pathways (MRDA) but its association with PON2 or CVD + obesity/overweight is unclear.,0.375,1.875
2,Reduce MACE in CVD + obesity/overweight,biokg,kg,llama3.2:3b,1,8,E,1,1.0,1,1,1,1,,kg,consistent,4.0,"Directly targets PON2, associated with disease.",0.5,1.75
2,Allergic fungal rhinosinusitis (AFRS) ≥6yr,biokg,kg,llama3.2:3b,0,8,A,1,1.0,1,1,1,1,,prior,consistent,4.0,Targeting IL4RA is plausible for treating AFRS.,0.5714285714285714,2.142857142857143
2,Allergic fungal rhinosinusitis (AFRS) ≥6yr,biokg,kg,llama3.2:3b,1,8,H,8,0.125,0,0,0,1,,prior,insufficient,2.0,IL4RA's involvement in immune responses does not clearly connect to the pathology of AFRS.,0.5,1.75
2,Measles prophylaxis post-exposure,biokg,kg,llama3.2:3b,0,8,D,4,0.25,0,0,1,1,,prior,insufficient,2.0,Candidate Drug-1 lacks clear associations with Measles prophylaxis post-exposure in both the knowledge graph and drug profile.,0.5,2.25
2,Measles prophylaxis post-exposure,biokg,kg,llama3.2:3b,1,8,H,7,0.14285714285714285,0,0,0,1,,kg,insufficient,1.0,"The provided evidence only reports associations with FCG receptors and other pathways, which may not be directly relevant to measles prophylaxis.",0.875,2.0
2,Obstructive sleep apnea with obesity,biokg,kg,llama3.2:3b,0,8,G,7,0.14285714285714285,0,0,0,1,,kg,insufficient,1.0,Lack of direct connection between Drug-2's targets and the disease profile through either the knowledge graph or pharmacological knowledge.,1.0,1.875
2,Obstructive sleep apnea with obesity,biokg,kg,llama3.2:3b,1,8,G,7,0.14285714285714285,0,0,0,1,,kg,insufficient,1.0,Insufficient mechanistic links to the disease based on the knowledge graph.,0.5,1.75
2,HER2+ solid tumors (tumor-agnostic),biokg,kg,llama3.2:3b,0,8,A,6,0.16666666666666666,0,0,0,1,,both,conflicting,3.0,"Drug-8 targets multiple pathways, but the provided evidence is sparse and conflicts with prior knowledge about HER2+ solid tumors",0.25,2.5
2,HER2+ solid tumors (tumor-agnostic),biokg,kg,llama3.2:3b,1,8,F,4,0.25,0,0,1,1,,prior,insufficient,2.0,Targets multiple enzymes with unclear relevance to HER2+ tumors,0.625,2.25
2,Heart failure (broadened),biokg,kg,llama3.2:3b,0,8,D,4,0.25,0,0,1,1,,kg,insufficient,1.0,"Lack of direct relevance to the disease and unclear mechanisms through targets SC5A2, UD2B4, and others.",1.0,1.625
2,Heart failure (broadened),biokg,kg,llama3.2:3b,1,8,A,3,0.3333333333333333,0,1,1,1,,kg,insufficient,2.0,No direct evidence linking to heart failure,0.75,2.25
2,GVHD + pediatric,biokg,kg,llama3.2:3b,0,8,G,4,0.25,0,0,1,1,,prior,conflicting,5.0,Targets JAK1/2 and CP3A4 with potential relevance but also targets pathways not directly associated with GVHD,0.625,3.75
2,GVHD + pediatric,biokg,kg,llama3.2:3b,1,8,F,7,0.14285714285714285,0,0,0,1,,kg,insufficient,4.0,"Lack of direct association between Drug-6 and GVHD + pediatric disease; however, its profile suggests potential relevance to antineoplastics - protein kinases inhibitors.",0.75,3.625
2,COVID-19 (expanded population),biokg,kg,llama3.2:3b,0,8,G,3,0.3333333333333333,0,1,1,1,,kg,consistent,5.0,Targets multiple transporters relevant to antiviral drug transport and has a strong mechanistic link to COVID-19 treatment,0.375,2.625
2,COVID-19 (expanded population),biokg,kg,llama3.2:3b,1,8,D,3,0.3333333333333333,0,1,1,1,,both,consistent,5.0,"Targets multiple transporters involved in antiviral drug disposition, suggesting potential benefits in reducing viral replication.",0.75,2.5
2,Delay T1D onset in children ≥1yr,biokg,kg,llama3.2:3b,0,8,A,8,0.125,0,0,0,1,,kg,insufficient,2.0,Candidate A has a limited connection to the target disease or pathways and lacks clear mechanisms.,0.625,2.75
2,Delay T1D onset in children ≥1yr,biokg,kg,llama3.2:3b,1,8,A,1,1.0,1,1,1,1,,kg,insufficient,2.0,Mechanistic links for Drug A are not provided.,0.5,2.5
2,BRAF+ thyroid cancer,biokg,kg,llama3.2:3b,0,8,C,4,0.25,0,0,1,1,,both,insufficient,1.0,Targets multiple pathways with no direct connection to BRAF,0.75,2.0
2,BRAF+ thyroid cancer,biokg,kg,llama3.2:3b,1,8,C,3,0.3333333333333333,0,1,1,1,,prior,insufficient,1.0,Drug-8's targets do not show a clear link to the MAPK pathway relevant to BRAF+ thyroid cancer.,0.14285714285714285,1.4285714285714286
2,Chronic kidney disease,biokg,kg,llama3.2:3b,0,8,C,9,0.1111111111111111,0,0,0,1,,,,,,0.5714285714285714,2.0
2,Chronic kidney disease,biokg,kg,llama3.2:3b,1,8,G,6,0.16666666666666666,0,0,0,1,,kg,conflicting,2.0,Drugs targeting multiple unrelated pathways in the knowledge graph.,0.5714285714285714,2.142857142857143
2,IgG4-related disease,biokg,kg,llama3.2:3b,0,8,F,7,0.14285714285714285,0,0,0,1,,prior,insufficient,3.0,Candidate Drug-1 lacks clear mechanistic links to IgG4-related disease despite being a broad-spectrum drug with various targets.,0.5,2.625
2,IgG4-related disease,biokg,kg,llama3.2:3b,1,8,A,1,1.0,1,1,1,1,,prior,insufficient,2.0,"Although the target is CD19 and IgG4R is a plasma cell disorder, no direct connection was found in the knowledge graph between CD19 and IgG4R.",0.5,2.375
2,Oral tablet formulation for weight management,biokg,kg,llama3.2:3b,0,8,G,5,0.2,0,0,1,1,,prior,insufficient,1.0,The presence of multiple receptors in Drug-6 does not provide sufficient evidence to suggest that it is effective for oral tablet formulation for weight management.,0.5,1.75
2,Oral tablet formulation for weight management,biokg,kg,llama3.2:3b,1,8,F,6,0.16666666666666666,0,0,0,1,,,,,,,
2,Follicular lymphoma,biokg,kg,llama3.2:3b,0,8,A,2,0.5,0,1,1,1,,prior,insufficient,3.0,Lack of direct evidence but targets relevant pathway component.,0.625,1.75
2,Follicular lymphoma,biokg,kg,llama3.2:3b,1,8,G,7,0.14285714285714285,0,0,0,1,,prior,insufficient,1.0,Targeting multiple pathways without clear connections to lymphoma makes it a less likely candidate.,0.5,1.75
2,Palmoplantar pustulosis (PMDA),biokg,kg,llama3.2:3b,0,8,H,6,0.16666666666666666,0,0,0,1,,prior,insufficient,1.0,"Lacks clear mechanistic link and targets IL23A, which is more commonly associated with inflammatory conditions",0.375,2.0
2,Palmoplantar pustulosis (PMDA),biokg,kg,llama3.2:3b,1,8,D,4,0.25,0,0,1,1,,prior,insufficient,2.0,"Drug-8 targets IL23A, a protein involved in immune response, but no direct link to PMDA is available in the knowledge graph.",0.625,2.25
2,Acquired hypothalamic obesity,biokg,kg,llama3.2:3b,0,8,C,6,0.16666666666666666,0,0,0,1,,kg,insufficient,2.0,KG evidence on Drug-3's pathway and target does not provide clear rationale for its effectiveness against Acquired hypothalamic obesity.,0.625,2.5
2,Acquired hypothalamic obesity,biokg,kg,llama3.2:3b,1,8,C,6,0.16666666666666666,0,0,0,1,,kg,conflicting,2.0,"While Drug-6 targets multiple genes involved in inflammation and signaling pathways associated with obesity, its primary indication is for Alzheimer-type dementia.",1.0,2.25
2,Pheochromocytoma/paraganglioma,biokg,kg,llama3.2:3b,0,8,D,3,0.3333333333333333,0,1,1,1,,prior,insufficient,2.0,"EPAS1 is involved in hypoxia signaling, which may be relevant to pheochromocytoma/paraganglioma.",0.75,1.75
2,Pheochromocytoma/paraganglioma,biokg,kg,llama3.2:3b,1,8,C,7,0.14285714285714285,0,0,0,1,,kg,insufficient,1.0,Targets EPAS1 with no known connection to pheochromocytoma/paraganglioma.,0.7142857142857143,1.8571428571428572
2,IgE-mediated food allergy,biokg,kg,llama3.2:3b,0,8,A,1,1.0,1,1,1,1,,both,consistent,4.0,Mechanistic links from the knowledge graph support Drug-1's efficacy for IgE-mediated food allergy.,0.75,1.875
2,IgE-mediated food allergy,biokg,kg,llama3.2:3b,1,8,C,2,0.5,0,1,1,1,,both,consistent,5.0,Targets multiple genes involved in IgE-mediated food allergy response (FCERB and FCERA) and modulates pathways associated with the disease.,0.125,2.125
2,Advanced RCC after PD-1/PD-L1 + VEGF-TKI,biokg,kg,llama3.2:3b,0,8,A,7,0.14285714285714285,0,0,0,1,,kg,conflicting,2.0,"Drug-8's target EPAS1 is involved in angiogenesis, but no mechanistic link to advanced RCC after PD-1/PD-L1 + VEGF-TKI is provided by the knowledge graph.",0.42857142857142855,2.142857142857143
2,Advanced RCC after PD-1/PD-L1 + VEGF-TKI,biokg,kg,llama3.2:3b,1,8,D,5,0.2,0,0,1,1,,kg,conflicting,4.0,"Drug-8 targets EPAS1, which is primarily involved in hypoxia signaling. While epas1 has been implicated in various cancers, its direct connection to the PD-1/PD-L1 + VEGF-TKI pathway is unclear.",0.25,2.875
2,COPD,biokg,kg,llama3.2:3b,0,8,C,4,0.25,0,0,1,1,,kg,conflicting,2.0,"The primary target of Drug-8 is IL4RA, which is not directly associated with COPD mechanisms.",0.5,1.75
2,COPD,biokg,kg,llama3.2:3b,1,8,B,6,0.16666666666666666,0,0,0,1,,kg,conflicting,2.0,IL-4/IL-13 pathway is relevant but lacks explicit mechanistic links to COPD.,0.375,1.875
2,mHSPC + ADT,biokg,kg,llama3.2:3b,0,8,F,4,0.25,0,0,1,1,,prior,conflicting,3.0,PRGR and ABCG2 targets do not show direct mechanistic links to mHSPC + ADT,0.5,2.875
2,mHSPC + ADT,biokg,kg,llama3.2:3b,1,8,G,4,0.25,0,0,1,1,,kg,insufficient,2.0,The knowledge graph does not provide direct evidence for Drug-8 and its targets are not directly associated with mHSPC + ADT.,0.75,2.75
2,COPD (EMA 2025),biokg,kg,llama3.2:3b,0,8,C,4,0.25,0,0,1,1,,both,conflicting,1.0,Mechanism unclear due to conflicting targets with IL4RA,0.375,1.75
2,COPD (EMA 2025),biokg,kg,llama3.2:3b,1,8,G,7,0.14285714285714285,0,0,0,1,,prior,insufficient,2.0,No specific information about Drug-8's target is provided.,0.25,2.125
2,dMMR/MSI-H primary advanced endometrial cancer,biokg,kg,llama3.2:3b,0,8,E,4,0.25,0,0,1,1,,kg,insufficient,2.0,Mechanism of action for Drug-8 is unclear and lacks direct link to dMMR/MSI-H.,0.75,2.5
2,dMMR/MSI-H primary advanced endometrial cancer,biokg,kg,llama3.2:3b,1,8,D,5,0.2,0,0,1,1,,kg,insufficient,1.0,No clear mechanistic links to endometrial cancer are reported in the knowledge graph,0.875,2.375
2,Generalized myasthenia gravis,biokg,kg,llama3.2:3b,0,8,C,5,0.2,0,0,1,1,,prior,insufficient,2.0,"Targeting CD19 could be relevant to myasthenia gravis, but potential conflicts with the disease's mechanisms based on other targets.",0.0,2.375
2,Generalized myasthenia gravis,biokg,kg,llama3.2:3b,1,8,A,5,0.2,0,0,1,1,,prior,insufficient,2.0,Lack of direct connection to disease-causing pathways,0.14285714285714285,2.0
2,Urothelial carcinoma (expanded population),biokg,kg,llama3.2:3b,0,8,B,3,0.3333333333333333,0,1,1,1,,kg,conflicting,5.0,Mechanistic links through MDR1 and CP3A4 are not well-established in the context of urothelial carcinoma,0.625,3.0
2,Urothelial carcinoma (expanded population),biokg,kg,llama3.2:3b,1,8,H,8,0.125,0,0,0,1,,kg,insufficient,3.0,Mechanistic link is unclear and lacks direct evidence for urothelial carcinoma.,0.625,3.0
2,Crohn's disease,biokg,kg,llama3.2:3b,0,8,D,1,1.0,1,1,1,1,,kg,consistent,4.0,Target IL23A is associated with Crohn's disease in the knowledge graph.,1.0,1.75
2,Crohn's disease,biokg,kg,llama3.2:3b,1,8,F,4,0.25,0,0,1,1,,prior,insufficient,2.0,The KG-evidence for Drug-8 is sparse and does not support its use in Crohn's disease. Prior knowledge suggests alternative targets.,0.625,1.875
2,RAS wild-type HER2+ metastatic colorectal cancer,biokg,kg,llama3.2:3b,0,8,F,4,0.25,0,0,1,1,,both,conflicting,2.0,"Drug-7 targets several proteins involved in cancer progression and drug resistance (kg), but its primary action on ERBB3 makes it a less direct fit for RAS wild-type HER2+ metastatic colorectal cancer (prior knowledge).",1.0,1.875
2,RAS wild-type HER2+ metastatic colorectal cancer,biokg,kg,llama3.2:3b,1,8,E,4,0.25,0,0,1,1,,kg,conflicting,3.0,"Targets overlap with some known drugs for HER2+ metastatic colorectal cancer, but primary target is unclear",0.5,3.5
2,Atopic dermatitis,biokg,kg,llama3.2:3b,0,8,G,3,0.3333333333333333,0,1,1,1,,prior,insufficient,4.0,"Targeting multiple Janus kinase (JAK) family members may have some therapeutic effect on atopic dermatitis, but the specific pathways and mechanisms involved are not well understood.",0.375,2.5
2,Atopic dermatitis,biokg,kg,llama3.2:3b,1,8,D,3,0.3333333333333333,0,1,1,1,,prior,conflicting,3.0,"While Drug-7 targets JAK3 and SO1B3, its profile also mentions modulating antiviral pathways, which is unrelated to atopic dermatitis.",0.625,2.25
2,dMMR recurrent/advanced endometrial cancer,biokg,kg,llama3.2:3b,0,8,B,4,0.25,0,0,1,1,,kg,conflicting,1.0,"Multiple serotonin receptors targeted, but no clear link to dMMR recurrent/advanced endometrial cancer",0.625,2.25
2,dMMR recurrent/advanced endometrial cancer,biokg,kg,llama3.2:3b,1,8,A,5,0.2,0,0,1,1,,both,conflicting,1.0,Mechanistic links between Drug-8 and dMMR recurrent/advanced endometrial cancer are unclear due to conflicting KG reports.,0.375,1.875
2,Polymyalgia rheumatica,biokg,kg,llama3.2:3b,0,8,A,1,1.0,1,1,1,1,,prior,insufficient,4.0,Lack of direct link from the knowledge graph does not rule out potential effectiveness.,0.5714285714285714,2.0
2,Polymyalgia rheumatica,biokg,kg,llama3.2:3b,1,8,H,8,0.125,0,0,0,1,,prior,insufficient,1.0,"Drug-8 targets multiple Fc-gamma receptors, but the connection to Polymyalgia rheumatica is unclear.",0.5,1.875
2,Metastatic colorectal cancer,biokg,kg,llama3.2:3b,0,8,B,6,0.16666666666666666,0,0,0,1,,kg,conflicting,1.0,"Targets may be relevant but primary profile is antiviral, which may not directly impact cancer cell growth.",0.375,1.625
2,Metastatic colorectal cancer,biokg,kg,llama3.2:3b,1,8,E,2,0.5,0,1,1,1,,prior,conflicting,4.0,"Target of Drug-3 (ALBU) has been implicated in various diseases; however, its direct relevance to metastatic colorectal cancer is uncertain.",0.625,2.375
2,Ulcerative colitis,biokg,kg,llama3.2:3b,0,8,A,2,0.5,0,1,1,1,,both,conflicting,4.0,"Candidate A targets IL23A, which is involved in the immune response, but its association with ulcerative colitis is unclear. Candidate A also targets IL12B, which may be relevant to inflammatory diseases.",0.875,2.125
2,Ulcerative colitis,biokg,kg,llama3.2:3b,1,8,A,2,0.5,0,1,1,1,,both,consistent,4.0,Drug-8's targets IL23A and IL12B are involved in pathways associated with ulcerative colitis,0.5714285714285714,2.142857142857143
2,MSI-H/dMMR solid tumors (full approval conversion),biokg,kg,llama3.2:3b,0,8,G,2,0.5,0,1,1,1,,kg,consistent,5.0,"KG evidence directly links drug-4 to PDCD1, a key player in MSI-H/dMMR solid tumors.",0.75,2.25
2,MSI-H/dMMR solid tumors (full approval conversion),biokg,kg,llama3.2:3b,1,8,D,7,0.14285714285714285,0,0,0,1,,prior,insufficient,2.0,"Drug-4 targets PDCD1, but KG evidence does not suggest a direct link to MSI-H/dMMR tumors.",0.25,2.75
2,Schnitzler syndrome (Japan),biokg,kg,llama3.2:3b,0,8,E,6,0.16666666666666666,0,0,0,1,,prior,insufficient,2.0,"Prior knowledge suggests RDH genes play roles in retinol metabolism, but no direct connections to Schnitzler syndrome were found.",0.375,2.125
2,Schnitzler syndrome (Japan),biokg,kg,llama3.2:3b,1,8,C,6,0.16666666666666666,0,0,0,1,,prior,insufficient,2.0,Targets genes related to neurotransmitter metabolism but lacks direct connection to Schnitzler syndrome,0.5,2.5
2,HR+/HER2- metastatic breast cancer,biokg,kg,llama3.2:3b,0,8,G,4,0.25,0,0,1,1,,prior,insufficient,3.0,"While Drug-6 has a broad set of targets, no direct link to HR+/HER2- metastatic breast cancer is established in the KG.",0.125,3.125
2,HR+/HER2- metastatic breast cancer,biokg,kg,llama3.2:3b,1,8,C,7,0.14285714285714285,0,0,0,1,,kg,insufficient,1.0,No clear mechanistic links in the knowledge graph suggest potential lack of therapeutic relevance for HR+/HER2- metastatic breast cancer.,0.625,1.875
2,Giant cell arteritis,biokg,kg,llama3.2:3b,0,8,G,7,0.14285714285714285,0,0,0,1,,kg,insufficient,2.0,"The knowledge graph only reports targets for Drug-8, but it does not provide a clear mechanistic link to Giant cell arteritis. General pharmacology suggests that targeting specific pathways or proteins may be beneficial.",0.875,2.25
2,Giant cell arteritis,biokg,kg,llama3.2:3b,1,8,E,4,0.25,0,0,1,1,,prior,insufficient,1.0,Lacks strong evidence for its relevance to Giant cell arteritis through the knowledge graph or pharmacological knowledge.,0.5714285714285714,2.2857142857142856
2,Neoadj+adj HNSCC,biokg,kg,llama3.2:3b,0,8,C,5,0.2,0,0,1,1,,prior,insufficient,1.0,No direct connection between its targets and the pathology of HNSCC.,0.375,1.75
2,Neoadj+adj HNSCC,biokg,kg,llama3.2:3b,1,8,B,3,0.3333333333333333,0,1,1,1,,kg,insufficient,3.0,"Candidate B targets pathway PDCD1, but this is not a primary target for HNSCC in the KG.",0.375,2.625
2,Psoriasis in children 6-11 (cream),biokg,kg,llama3.2:3b,0,8,B,2,0.5,0,1,1,1,,prior,insufficient,4.0,"Targets PDE4C and PDE4A, but mechanistic relevance is uncertain without direct connections to the disease.",0.5714285714285714,2.142857142857143
2,Psoriasis in children 6-11 (cream),biokg,kg,llama3.2:3b,1,8,F,9,0.1111111111111111,0,0,0,1,,,,,,0.2857142857142857,2.2857142857142856
2,dMMR/MSI-H primary advanced endometrial cancer (+chemo),biokg,kg,llama3.2:3b,0,8,F,4,0.25,0,0,1,1,,uncertain,insufficient,2.0,Insufficient KG evidence and limited pharmacological knowledge regarding Drug-F's mechanism,0.625,3.0
2,dMMR/MSI-H primary advanced endometrial cancer (+chemo),biokg,kg,llama3.2:3b,1,8,E,3,0.3333333333333333,0,1,1,1,,kg,conflicting,3.0,"Targets multiple ion channels and transporters, some of which may be relevant to cancer but the relevance is uncertain.",0.5,2.0
2,Primary immunodeficiency pediatric (EMA),biokg,kg,llama3.2:3b,0,8,C,6,0.16666666666666666,0,0,0,1,,kg,insufficient,2.0,Targeting GNRHR has no established connection to primary immunodeficiency pediatric.,1.0,2.5714285714285716
2,Primary immunodeficiency pediatric (EMA),biokg,kg,llama3.2:3b,1,8,D,3,0.3333333333333333,0,1,1,1,,prior,insufficient,2.0,"No direct evidence linking Drug-1 to Primary immunodeficiency pediatric (EMA), despite its role in immune system modulation.",0.5,3.0
2,HR+/HER2- breast cancer,biokg,kg,llama3.2:3b,0,8,E,3,0.3333333333333333,0,1,1,1,,kg,conflicting,1.0,"KG evidence links Drug-8 to targets such as TACD2 and TOP1, but these are not directly related to HR+/HER2- breast cancer, and pharmacological knowledge does not support a mechanistic link.",0.875,1.5
2,HR+/HER2- breast cancer,biokg,kg,llama3.2:3b,1,8,E,3,0.3333333333333333,0,1,1,1,,kg,insufficient,2.0,Targets with unclear relevance to breast cancer.,0.5,2.5
2,Ulcerative colitis,biokg,kg,llama3.2:3b,0,8,G,7,0.14285714285714285,0,0,0,1,,kg,conflicting,1.0,"Drug-6 targets IL23A, which is involved in the regulation of immune responses but not directly linked to ulcerative colitis.",0.75,2.25
2,Ulcerative colitis,biokg,kg,llama3.2:3b,1,8,H,7,0.14285714285714285,0,0,0,1,,kg,insufficient,1.0,Targets A1AG2; pathways hsa05321 and Inflammatory bowel disease (IBD) are associated with Ulcerative colitis,0.75,2.125
2,HER2-mutant NSCLC (PMDA),biokg,kg,llama3.2:3b,0,8,F,2,0.5,0,1,1,1,,both,consistent,4.0,"Drug-8 targets multiple proteins associated with cancer, including TOP1 and FCGR1, which could be related to HER2-mutant NSCLC (PMDA).",0.25,1.875
2,HER2-mutant NSCLC (PMDA),biokg,kg,llama3.2:3b,1,8,A,2,0.5,0,1,1,1,,kg,conflicting,4.0,"Drug-8 has some targets matching disease-associated genes, but also targets other pathways.",0.75,2.375
2,Pediatric atopic dermatitis,biokg,kg,llama3.2:3b,0,8,H,8,0.125,0,0,0,1,,kg,insufficient,2.0,Candidate Drug-8's mechanisms of action do not directly align with pediatric atopic dermatitis according to the knowledge graph.,0.625,2.125
2,Pediatric atopic dermatitis,biokg,kg,llama3.2:3b,1,8,H,7,0.14285714285714285,0,0,0,1,,kg,insufficient,1.0,No clear mechanistic link between Drug-8 and pediatric atopic dermatitis based on the knowledge graph,0.625,1.375
2,HER2-mutant NSCLC (EMA),biokg,kg,llama3.2:3b,0,8,E,2,0.5,0,1,1,1,,both,consistent,3.0,Drug-4's association with the PPAR pathway and its targets make it a promising candidate for treating HER2-mutant NSCLC.,0.25,1.625
2,HER2-mutant NSCLC (EMA),biokg,kg,llama3.2:3b,1,8,B,3,0.3333333333333333,0,1,1,1,,kg,conflicting,1.0,"Candidate B has multiple targets that could be relevant to HER2-mutant NSCLC (EMA), but some of its targets (CATL1 and TOP1) are not directly associated with the disease in the knowledge graph.",0.625,1.875
2,IV formulation for rheumatic diseases (EMA),biokg,kg,llama3.2:3b,0,8,C,7,0.14285714285714285,0,0,0,1,,kg,insufficient,3.0,"Candidate C targets IL17, which is involved in inflammation, but the evidence is sparse and does not provide clear mechanistic insight into rheumatic diseases.",0.25,2.75
2,IV formulation for rheumatic diseases (EMA),biokg,kg,llama3.2:3b,1,8,A,2,0.5,0,1,1,1,,kg,consistent,4.0,Mechanistic plausibility is high due to its association with the Antirheumatics - DMARDs pathway and IL17 target.,0.75,2.0
2,Resectable gastric/GEJ adenocarcinoma (neoadj+adj +FLOT),biokg,kg,llama3.2:3b,0,8,G,7,0.14285714285714285,0,0,0,1,,kg,conflicting,2.0,"Candidate G has links to pathways like Vitamin A Deficiency and Retinol Metabolism, but its primary targets are not directly related to gastric/GEJ adenocarcinoma.",0.625,2.125
2,Resectable gastric/GEJ adenocarcinoma (neoadj+adj +FLOT),biokg,kg,llama3.2:3b,1,8,F,6,0.16666666666666666,0,0,0,1,,kg,conflicting,1.0,Mechanism targeting PD1L1 and CD80 is unclear in relation to gastric/GEJ adenocarcinoma.,0.75,1.75
2,Antibody-mediated rejection in organ transplantation,biokg,kg,llama3.2:3b,0,8,E,4,0.25,0,0,1,1,,kg,insufficient,1.0,Targeting CD20 is primarily used in B-cell malignancies and lacks direct evidence for its relevance to ABMRe.,0.8571428571428571,2.0
2,Antibody-mediated rejection in organ transplantation,biokg,kg,llama3.2:3b,1,8,C,5,0.2,0,0,1,1,,prior,insufficient,1.0,Lacks direct mechanistic links and relies on a single protein target.,0.5,2.25
2,RET-fusion NSCLC (expanded),biokg,kg,llama3.2:3b,0,8,C,5,0.2,0,0,1,1,,both,consistent,4.0,Drug-8 targets RET directly and is associated with pathways including Non-small cell lung cancer,0.375,3.0
2,RET-fusion NSCLC (expanded),biokg,kg,llama3.2:3b,1,8,G,2,0.5,0,1,1,1,,kg,conflicting,3.0,Targeting multiple kinases and pathways without direct link to RET or disease.,0.625,1.75
2,EGPA,biokg,kg,llama3.2:3b,0,8,F,4,0.25,0,0,1,1,,kg,conflicting,1.0,"targets FCERB, but evidence is sparse",0.5,1.75
2,EGPA,biokg,kg,llama3.2:3b,1,8,F,6,0.16666666666666666,0,0,0,1,,kg,conflicting,2.0,"Candidate drug F's targets FCERB and FCERA are not directly linked to EGPA in the knowledge graph, but its links through pathways involving SO1B3 (also associated with EGPA) suggest a potential mechanistic plausibility.",0.625,2.25
2,HR+/HER2- metastatic breast cancer,biokg,kg,llama3.2:3b,0,8,G,8,0.125,0,0,0,1,,kg,insufficient,1.0,"Targets TACD2 and FUBP1, which are not strongly associated with HR+/HER2- metastatic breast cancer in the knowledge graph; requires further validation.",0.75,2.125
2,HR+/HER2- metastatic breast cancer,biokg,kg,llama3.2:3b,1,8,C,3,0.3333333333333333,0,1,1,1,,kg,insufficient,2.0,KG evidence for Drug-8 targets UD11 is not established by prior knowledge.,0.5,1.75
2,Primary humoral immunodeficiency pediatric 2-11yr,biokg,kg,llama3.2:3b,0,8,E,4,0.25,0,0,1,1,,prior,insufficient,2.0,"Targeting multiple Fcγ receptors may have some impact on immune function, but the specific connection to Primary humoral immunodeficiency is unclear.",0.25,1.875
2,Primary humoral immunodeficiency pediatric 2-11yr,biokg,kg,llama3.2:3b,1,8,A,2,0.5,0,1,1,1,,both,conflicting,4.0,"Targets multiple receptors involved in immune function, but evidence links to primary humoral immunodeficiency is limited",0.125,2.375
2,Pediatric glioma (EMA),biokg,kg,llama3.2:3b,0,8,D,1,1.0,1,1,1,1,,both,consistent,4.0,"Drug-3 targets NEK11, an inhibitor of microtubule stability, which is also a potential mechanism for anti-glioma action.",0.875,2.25
2,Pediatric glioma (EMA),biokg,kg,llama3.2:3b,1,8,G,6,0.16666666666666666,0,0,0,1,,prior,conflicting,3.0,Targets kinases involved in cell proliferation and survival but lacks specificity for pediatric glioma.,0.375,2.75
2,Juvenile idiopathic arthritis (EMA Feb 2026),biokg,kg,llama3.2:3b,0,8,H,8,0.125,0,0,0,1,,prior,insufficient,1.0,Primarily targets dopamine receptors involved in psychopathology; lack of evidence for relevance to inflammatory conditions,0.125,2.5
2,Juvenile idiopathic arthritis (EMA Feb 2026),biokg,kg,llama3.2:3b,1,8,E,1,1.0,1,1,1,1,,prior,conflicting,4.0,"Targets JAK3, but relationship to Juvenile idiopathic arthritis is uncertain",0.625,2.375
2,Ph+ CML-CP after 2+ TKIs,biokg,kg,llama3.2:3b,0,8,B,3,0.3333333333333333,0,1,1,1,,kg,conflicting,4.0,Targeting CP2D6 may offset the effect of TKIs,0.5,2.5
2,Ph+ CML-CP after 2+ TKIs,biokg,kg,llama3.2:3b,1,8,G,7,0.14285714285714285,0,0,0,1,,,,,,,
2,KRAS G12C+ mCRC,biokg,kg,llama3.2:3b,0,8,D,1,1.0,1,1,1,1,,both,consistent,4.0,"Drug-8 targets RASK, a known KRAS G12C mutation, suggesting a direct mechanistic link to the disease.",1.0,1.5
2,KRAS G12C+ mCRC,biokg,kg,llama3.2:3b,1,8,D,2,0.5,0,1,1,1,,prior,insufficient,3.0,Target RASK is relevant for various diseases but lacks direct association with KRAS G12C+ mCRC.,0.375,2.625
2,HR+/HER2- early breast cancer (adjuvant),biokg,kg,llama3.2:3b,0,8,A,2,0.5,0,1,1,1,,prior,conflicting,3.0,"Targets CDK4 and CP3A4, but CDK6 is less relevant for HR+/HER2- early breast cancer.",0.5,1.75
2,HR+/HER2- early breast cancer (adjuvant),biokg,kg,llama3.2:3b,1,8,H,9,0.1111111111111111,0,0,0,1,,,,,,0.5,4.0
2,First-line anemia in lower-risk MDS,biokg,kg,llama3.2:3b,0,8,A,1,1.0,1,1,1,1,,prior,insufficient,3.0,No direct evidence linking Drug-7 to First-line anemia in lower-risk MDS.,0.5,1.875
2,First-line anemia in lower-risk MDS,biokg,kg,llama3.2:3b,1,8,D,3,0.3333333333333333,0,1,1,1,,kg,conflicting,2.0,"The target profile of Drug-3 includes NTCP, which is not associated with MDS, and its targets do not directly match any known genes involved in DLK1 or LYL1.",0.625,1.875
2,Follicular lymphoma (+obinutuzumab),biokg,kg,llama3.2:3b,0,8,A,1,1.0,1,1,1,1,,kg,potentially consistent,4.0,Targets several enzymes involved in lymphoma,0.5,2.5
2,Follicular lymphoma (+obinutuzumab),biokg,kg,llama3.2:3b,1,8,E,3,0.3333333333333333,0,1,1,1,,kg,consistent,2.0,Candidate Drug-8 targets kinases relevant in lymphoma.,0.75,1.75
2,1L biliary tract cancer (+gemcitabine+cisplatin),biokg,kg,llama3.2:3b,0,8,D,1,1.0,1,1,1,1,,kg,insufficient,2.0,Lack of direct connection to disease through knowledge graph.,0.625,2.25
2,1L biliary tract cancer (+gemcitabine+cisplatin),biokg,kg,llama3.2:3b,1,8,F,3,0.3333333333333333,0,1,1,1,,kg,conflicting,2.0,"Targeting PDCD1 suggests an immune system-related mechanism, but KG-evidence is limited and may not be directly relevant to biliary tract cancer.",0.75,2.125
2,"ALK+ solid tumors (tissue-agnostic, world-first)",biokg,kg,llama3.2:3b,0,8,E,1,1.0,1,1,1,1,,kg,consistent,5.0,Direct targeting of ALK,0.5,1.875
2,"ALK+ solid tumors (tissue-agnostic, world-first)",biokg,kg,llama3.2:3b,1,8,E,1,1.0,1,1,1,1,,kg,insufficient,3.0,Direct ALK targeting is a promising mechanism for ALK+ solid tumors.,0.375,1.5
2,Pediatric BRAF V600E low-grade glioma,biokg,kg,llama3.2:3b,0,8,G,6,0.16666666666666666,0,0,0,1,,kg,conflicting,1.0,Targets multiple enzymes with no clear connections to BRAF pathway dysregulation,0.875,2.5
2,Pediatric BRAF V600E low-grade glioma,biokg,kg,llama3.2:3b,1,8,D,9,0.1111111111111111,0,0,0,1,,,,,,0.5,1.3333333333333333
2,Platinum-resistant ovarian carcinoma (PD-L1+ CPS≥1),biokg,kg,llama3.2:3b,0,8,B,5,0.2,0,0,1,1,,kg,insufficient,1.0,"Candidate B targets PDCD1, which may be involved in immune regulation, but the relevance to PD-L1+ CPS≥1 is uncertain.",0.875,2.125
2,Platinum-resistant ovarian carcinoma (PD-L1+ CPS≥1),biokg,kg,llama3.2:3b,1,8,H,8,0.125,0,0,0,1,,kg,insufficient,2.0,"Target PDCD1, which has no clear link to PD-L1+ CPS≥1 in prior knowledge.",0.875,2.0
2,Ph+ CML-CP frontline (EMA Feb 2026),biokg,kg,llama3.2:3b,0,8,F,2,0.5,0,1,1,1,,kg,conflicting,4.0,"Pathways Endocrine resistance and Antineoplastics - hormones are indirectly related to this disease, but primary targets unclear",0.625,2.375
2,Ph+ CML-CP frontline (EMA Feb 2026),biokg,kg,llama3.2:3b,1,8,B,7,0.14285714285714285,0,0,0,1,,kg,conflicting,2.0,The target on P2Y12 does not directly connect with the known pathways for Ph+ CML-CP frontline treatment.,0.375,2.375
2,Gastric/GEJ adenocarcinoma,biokg,kg,llama3.2:3b,0,8,C,6,0.16666666666666666,0,0,0,1,,kg,conflicting,1.0,"Drug-8's targeting of PD1L1 and CD80 suggested an immune-related mechanism, but its relevance to gastric/GEJ adenocarcinoma is uncertain without further evidence.",0.875,1.875
2,Gastric/GEJ adenocarcinoma,biokg,kg,llama3.2:3b,1,8,A,1,1.0,1,1,1,1,,prior,insufficient,3.0,"Prior knowledge suggests PD-1L1 inhibitors may have anti-tumor effects, but no clear link to gastric adenocarcinoma.",0.375,2.25
2,Chronic lymphocytic leukemia,biokg,kg,llama3.2:3b,0,8,G,4,0.25,0,0,1,1,,kg,conflicting,1.0,"Some kinases targeted by Drug-8 are associated with CLL, but others (e.g., TXK) have conflicting evidence.",0.75,1.75
2,Chronic lymphocytic leukemia,biokg,kg,llama3.2:3b,1,8,A,2,0.5,0,1,1,1,,prior,insufficient,3.0,Lack of direct evidence linking Drug-8 to CLL treatment,0.375,2.125
2,HER2+ early-stage BC (neoadjuvant + adjuvant),biokg,kg,llama3.2:3b,0,8,E,4,0.25,0,0,1,1,,kg,insufficient,1.0,"Targets SC5A6, a protein involved in neuronal function and synaptic plasticity, without clear connections to HER2+ early-stage BC treatment.",0.625,1.75
2,HER2+ early-stage BC (neoadjuvant + adjuvant),biokg,kg,llama3.2:3b,1,8,B,3,0.3333333333333333,0,1,1,1,,prior,insufficient,2.0,"Candidate Drug-5 shows promise due to its association with SC5A8 and CA2D3, both of which are involved in cell signaling pathways relevant to cancer progression.",0.75,1.875
2,HR+/HER2-low breast cancer,biokg,kg,llama3.2:3b,0,8,E,5,0.2,0,0,1,1,,kg,insufficient,1.0,"Targets multiple transporters and enzymes, but no direct evidence linking Drug-8 to HR+/HER2-low breast cancer is reported in the knowledge graph.",0.875,1.5
2,HR+/HER2-low breast cancer,biokg,kg,llama3.2:3b,1,8,B,3,0.3333333333333333,0,1,1,1,,kg,conflicting,5.0,Highly speculative; no clear evidence links Drug-8 to HR+/HER2-low breast cancer.,1.0,3.125
2,"Pediatric low-grade glioma (+dabrafenib, BRAF V600E)",biokg,kg,llama3.2:3b,0,8,E,2,0.5,0,1,1,1,,kg,conflicting,2.0,"Candidate Drug-7 targets MP2K2 and MP2K1, but the knowledge graph does not provide a clear link to pediatric low-grade glioma.",0.625,1.75
2,"Pediatric low-grade glioma (+dabrafenib, BRAF V600E)",biokg,kg,llama3.2:3b,1,8,C,7,0.14285714285714285,0,0,0,1,,prior,insufficient,3.0,involvement in cellular processes is broad and not specific to cancer,0.5,2.25
2,Unresectable thymic carcinoma (PMDA),biokg,kg,llama3.2:3b,0,8,B,7,0.14285714285714285,0,0,0,1,,kg,conflicting,2.0,"Targets multiple growth factor receptors, some of which may not be directly relevant to thymic carcinoma.",0.625,2.5
2,Unresectable thymic carcinoma (PMDA),biokg,kg,llama3.2:3b,1,8,D,1,1.0,1,1,1,1,,kg,insufficient,3.0,Lack of direct associations with thymic carcinoma in the KG,0.625,2.0
2,BRAF+ thyroid cancer,biokg,kg,llama3.2:3b,0,8,D,1,1.0,1,1,1,1,,prior,insufficient,3.0,Direct interaction with the target provides strong mechanistic plausibility.,0.5,1.75
2,BRAF+ thyroid cancer,biokg,kg,llama3.2:3b,1,8,B,6,0.16666666666666666,0,0,0,1,,prior,insufficient,3.0,"Direct targeting of BRAF is promising, but the evidence for its use in thyroid cancer is limited.",0.5714285714285714,2.2857142857142856
2,IDH1-mutated relapsed/refractory MDS,biokg,kg,llama3.2:3b,0,8,A,7,0.14285714285714285,0,0,0,1,,kg,conflicting,3.0,"Drug-8 targets CP2B6, but its connection to IDHC is indirect and lacks clear mechanistic relevance.",0.625,2.25
2,IDH1-mutated relapsed/refractory MDS,biokg,kg,llama3.2:3b,1,8,A,1,1.0,1,1,1,1,,kg,consistent,5.0,"Candidate A targets IDHC, which is not directly related to IDH1-mutated relapsed/refractory MDS but has some pathway overlap with hsa04550.",0.875,3.375
2,Biliary tract cancer,biokg,kg,llama3.2:3b,0,8,D,4,0.25,0,0,1,1,,both,insufficient,2.0,Mechanistic links from the knowledge graph show Drug-8's target PDCD1 has some relevance but is more commonly associated with immune regulation.,0.25,1.875
2,Biliary tract cancer,biokg,kg,llama3.2:3b,1,8,D,7,0.14285714285714285,0,0,0,1,,prior,insufficient,1.0,Drug-8's targets do not appear to be directly relevant to biliary tract cancer or its pathways,0.5,1.625
2,"mCRC BRAF V600E (traditional approval, was accelerated)",biokg,kg,llama3.2:3b,0,8,C,2,0.5,0,1,1,1,,both,conflicting,4.0,"Targets BRAF, which is directly involved in mCRC BRAF V600E, but also targets CCND1 with limited relevance.",0.625,1.75
2,"mCRC BRAF V600E (traditional approval, was accelerated)",biokg,kg,llama3.2:3b,1,8,G,2,0.5,0,1,1,1,,both,consistent,4.0,"Targets include BRAF, a known driver in mCRC",0.5714285714285714,2.0
2,Gastric/GEJ adenocarcinoma (1L +chemo),biokg,kg,llama3.2:3b,0,8,C,6,0.16666666666666666,0,0,0,1,,prior,insufficient,1.0,Lacks clear connections to cancer mechanisms and targets immunotherapy-related proteins,0.625,2.0
2,Gastric/GEJ adenocarcinoma (1L +chemo),biokg,kg,llama3.2:3b,1,8,B,6,0.16666666666666666,0,0,0,1,,kg,conflicting,3.0,"Targets PD1L1 and CD80, but mechanisms not clearly related to gastric/GEJ adenocarcinoma",0.5,2.25
