seed,disease,kg,condition,model,shuffle,pool_size,positive_letter,rank,reciprocal_rank,hit@1,hit@3,hit@5,parsed,error,pos_basis,pos_agreement,pos_confidence,pos_rationale,frac_basis_kg,mean_confidence
3,Agitation associated with Alzheimer's dementia,none,no_kg,llama3.2:3b,0,8,C,3,0.3333333333333333,0,1,1,1,,prior,insufficient,2.0,"Prior pharmacological knowledge indicates a potential role for this drug in modulating dopamine receptors, but KG evidence reports no interaction with the neurotransmitter.",0.625,2.625
3,Agitation associated with Alzheimer's dementia,none,no_kg,llama3.2:3b,1,8,C,8,0.125,0,0,0,1,,kg,conflicting,3.0,Mechanistic links to adrenergic receptors are less relevant to Alzheimer's dementia,0.5,2.5
3,LDL-C elevation in statin-intolerant dyslipidemia,none,no_kg,llama3.2:3b,0,8,E,1,1.0,1,1,1,1,,prior,insufficient,3.0,meets prior knowledge criteria for lipid metabolism but lacks direct evidence,0.75,3.125
3,LDL-C elevation in statin-intolerant dyslipidemia,none,no_kg,llama3.2:3b,1,8,D,4,0.25,0,0,1,1,,kg,insufficient,2.0,No clear mechanistic link to LDL-C elevation in statin-intolerant dyslipidemia,0.625,1.75
3,First-line anemia in lower-risk MDS,none,no_kg,llama3.2:3b,0,8,D,4,0.25,0,0,1,1,,prior,conflicting,2.0,Drug-8 has a known mechanism of action but its direct relevance to first-line anemia in lower-risk MDS is uncertain.,0.625,1.875
3,First-line anemia in lower-risk MDS,none,no_kg,llama3.2:3b,1,8,C,4,0.25,0,0,1,1,,kg,insufficient,3.0,Mechanistic link from Drug-8 -> pathway -> disease First-line anemia in lower-risk MDS is insufficient to support its use.,0.5,2.875
3,Palmoplantar pustulosis (PMDA),none,no_kg,llama3.2:3b,0,8,C,5,0.2,0,0,1,1,,kg,conflicting,2.0,"Knowledge-graph evidence links Drug-8 to a pathway related to PMDA, but this association is not supported by prior pharmacological knowledge or mechanistic understanding.",0.75,2.125
3,Palmoplantar pustulosis (PMDA),none,no_kg,llama3.2:3b,1,8,C,6,0.16666666666666666,0,0,0,1,,kg,consistent,4.0,KG reports association with pathway related to immune response,0.625,2.625
3,Acute HCV pediatric,none,no_kg,llama3.2:3b,0,8,F,5,0.2,0,0,1,1,,kg,conflicting,2.0,"Drug-8 has a reported association with HCV treatment in the knowledge graph, but its mechanism is unclear and may not be relevant to this target disease.",0.625,1.875
3,Acute HCV pediatric,none,no_kg,llama3.2:3b,1,8,B,2,0.5,0,1,1,1,,kg,consistent,3.0,"Mechanistic links from KG show that Drug-8 inhibits the HCV NS5A protein, which is a target for many HCV treatments.",0.875,2.125
3,Oral tablet formulation for weight management,none,no_kg,llama3.2:3b,0,8,H,8,0.125,0,0,0,1,,prior,conflicting,2.0,Prior knowledge suggests Drug-H's mechanism of action is less related to weight management than KG-sources,0.625,3.375
3,Oral tablet formulation for weight management,none,no_kg,llama3.2:3b,1,8,G,8,0.125,0,0,0,1,,kg,uncertain,1.0,Limited information on Drug-6's role in DOID:9970 and unclear primary mechanism,0.625,1.875
3,Nephrotic syndrome,none,no_kg,llama3.2:3b,0,8,E,9,0.1111111111111111,0,0,0,1,,,,,,1.0,4.0
3,Nephrotic syndrome,none,no_kg,llama3.2:3b,1,8,A,8,0.125,0,0,0,1,,,,,,,
3,KRAS G12C+ mCRC,none,no_kg,llama3.2:3b,0,8,B,3,0.3333333333333333,0,1,1,1,,both,conflicting,2.0,KG reports association but with unclear implications,0.625,1.75
3,KRAS G12C+ mCRC,none,no_kg,llama3.2:3b,1,8,G,7,0.14285714285714285,0,0,0,1,,kg,insufficient,2.0,No direct evidence supports plausibility,0.625,2.75
3,Retinal vein occlusion,none,no_kg,llama3.2:3b,0,8,B,2,0.5,0,1,1,1,,kg,consistent,3.0,KG association with retinal vein occlusion and antiplatelet effects make it a promising candidate.,0.875,1.75
3,Retinal vein occlusion,none,no_kg,llama3.2:3b,1,8,F,6,0.16666666666666666,0,0,0,1,,uncertain,insufficient,1.0,No direct evidence from the KG or pharmacological knowledge supports its relevance to retinal vein occlusion.,0.375,2.0
3,TRD monotherapy,none,no_kg,llama3.2:3b,0,8,C,4,0.25,0,0,1,1,,kg,insufficient,2.0,KG lacks evidence for TRD monotherapy effectiveness.,0.5714285714285714,2.0
3,TRD monotherapy,none,no_kg,llama3.2:3b,1,8,E,4,0.25,0,0,1,1,,kg,conflicting,1.0,Conflicting evidence from knowledge graph regarding its mechanism of action,0.5,2.5
3,Reduce MACE in CVD + obesity/overweight,none,no_kg,llama3.2:3b,0,8,B,3,0.3333333333333333,0,1,1,1,,prior,insufficient,2.0,"Candidate B has a prior association with reducing inflammation, which may be relevant to CVD but lacks direct connection to obesity.",0.125,2.25
3,Reduce MACE in CVD + obesity/overweight,none,no_kg,llama3.2:3b,1,8,G,7,0.14285714285714285,0,0,0,1,,both,conflicting,1.0,Conflicts with our knowledge that prefers candidates with direct links to both disease targets.,0.5,1.75
3,Indolent systemic mastocytosis (EMA),none,no_kg,llama3.2:3b,0,8,B,2,0.5,0,1,1,1,,kg,consistent,5.0,Strong mechanistic link to the KIT pathway and EMA.,0.5,3.125
3,Indolent systemic mastocytosis (EMA),none,no_kg,llama3.2:3b,1,8,C,6,0.16666666666666666,0,0,0,1,,kg,conflicting,1.0,"KG evidence suggests that Drug-8 inhibits a pathway involved in mast cell activation, but the specific target and mechanism are unclear.",0.625,2.0
3,IgG4-related disease,none,no_kg,llama3.2:3b,0,8,H,8,0.125,0,0,0,1,,prior,insufficient,2.0,Inhibitor of certain enzymes but pathways do not directly align with IgG4-related disease mechanisms.,0.625,2.125
3,IgG4-related disease,none,no_kg,llama3.2:3b,1,8,C,3,0.3333333333333333,0,1,1,1,,kg,insufficient,2.0,"The available evidence from the knowledge graph does not support a clear link between Drug-C and IgG4-related disease, despite its reported association with immune response pathways.",0.75,1.875
3,COVID-19 (expanded population),none,no_kg,llama3.2:3b,0,8,A,1,1.0,1,1,1,1,,prior,insufficient,4.0,Drug-8 has shown promise in previous studies on respiratory infections.,0.625,2.625
3,COVID-19 (expanded population),none,no_kg,llama3.2:3b,1,8,A,1,1.0,1,1,1,1,,kg,conflicting,4.0,"Mechanistic link: Drug-8 -> COVID-19 -> inflammation pathway; however, this relationship is inconsistent with known anti-inflammatory effects of similar compounds.",0.625,3.0
3,Obstructive sleep apnea with obesity,none,no_kg,llama3.2:3b,0,8,A,1,1.0,1,1,1,1,,prior,insufficient,4.0,Insulin signaling pathway involvement in obesity suggests potential mechanistic relevance.,0.5,2.25
3,Obstructive sleep apnea with obesity,none,no_kg,llama3.2:3b,1,8,A,8,0.125,0,0,0,1,,kg,insufficient,1.0,"The KG evidence for candidate A suggests a link to pain modulation, but its relevance to obstructive sleep apnea with obesity is not established.",0.5,2.125
3,Biliary tract cancer 1L,none,no_kg,llama3.2:3b,0,8,F,1,1.0,1,1,1,1,,kg,consistent,5.0,"KG reports a mechanistic link between drug F and a pathway involved in DNA damage response, which is relevant to biliary tract cancer 1L.",0.75,2.75
3,Biliary tract cancer 1L,none,no_kg,llama3.2:3b,1,8,E,5,0.2,0,0,1,1,,kg,insufficient,1.0,Mechanism of action not clearly linked to Biliary tract cancer 1L,0.5,2.375
3,Retinal vein occlusion,none,no_kg,llama3.2:3b,0,8,B,7,0.14285714285714285,0,0,0,1,,kg,insufficient,2.0,"Candidate Drug-8 has a mechanistic link to the 'inflammation' pathway, which may not be directly related to DOID:1727.",0.75,2.0
3,Retinal vein occlusion,none,no_kg,llama3.2:3b,1,8,A,4,0.25,0,0,1,1,,kg,consistent,2.0,"The knowledge graph links Drug-8 to a pathway involved in anti-inflammatory responses, which may be beneficial for retinal vein occlusion.",0.875,1.875
3,Chorea associated with Huntington's disease,none,no_kg,llama3.2:3b,0,8,H,7,0.14285714285714285,0,0,0,1,,kg,insufficient,1.0,KG reports anti-inflammatory properties but insufficient evidence for Huntington's disease treatment,0.5,1.75
3,Chorea associated with Huntington's disease,none,no_kg,llama3.2:3b,1,8,B,5,0.2,0,0,1,1,,prior,insufficient,1.0,Lacks clear mechanistic plausibility based on prior pharmacological knowledge.,0.5,1.75
3,High LDL-C with increased CV risk (expanded),none,no_kg,llama3.2:3b,0,8,H,6,0.16666666666666666,0,0,0,1,,uncertain,insufficient,2.0,Lacks direct evidence from the knowledge graph linking its mechanism to the disease.,0.375,2.625
3,High LDL-C with increased CV risk (expanded),none,no_kg,llama3.2:3b,1,8,D,1,1.0,1,1,1,1,,prior,insufficient,3.0,"A HMG-CoA reductase inhibitor, known to lower LDL-C.",0.625,2.5
3,Polycythaemia vera and essential thrombocytopenia,none,no_kg,llama3.2:3b,0,8,E,4,0.25,0,0,1,1,,kg,conflicting,3.0,Lacks direct links to DOID:8997 but has mechanistic links indicating its use in conditions related to JAK/STAT signaling.,0.375,2.375
3,Polycythaemia vera and essential thrombocytopenia,none,no_kg,llama3.2:3b,1,8,C,1,1.0,1,1,1,1,,prior,insufficient,4.0,"Given its mechanism as a JAK inhibitor, Drug-1 is plausible as it targets a pathway implicated in both Polycythaemia vera and essential thrombocytopenia.",0.625,2.125
3,Schnitzler syndrome (Japan),none,no_kg,llama3.2:3b,0,8,B,5,0.2,0,0,1,1,,kg,insufficient,2.0,Limited pathway relevance,0.75,2.5
3,Schnitzler syndrome (Japan),none,no_kg,llama3.2:3b,1,8,G,7,0.14285714285714285,0,0,0,1,,kg,insufficient,1.0,"The knowledge graph lacks sufficient evidence for Drug-G's association with Schnitzler syndrome, and prior pharmacological knowledge is limited in this area.",0.625,2.25
3,COVID-19 updated strain,none,no_kg,llama3.2:3b,0,8,C,8,0.125,0,0,0,1,,kg,insufficient,1.0,"Mechanistic links from the knowledge graph show Drug-7's interaction with the ACE2 receptor, but no direct evidence is available to suggest its efficacy in COVID-19.",0.75,2.125
3,COVID-19 updated strain,none,no_kg,llama3.2:3b,1,8,E,1,1.0,1,1,1,1,,both,insufficient,3.0,"KG reports Drug-8 targets the SARS-CoV-2 spike protein, but mechanistic plausibility is uncertain due to lack of clear evidence linking it directly to COVID-19's updated strain",1.0,2.375
3,Delay T1D onset in children ≥1yr,none,no_kg,llama3.2:3b,0,8,B,1,1.0,1,1,1,1,,both,consistent,4.0,Both the KG and prior knowledge suggest that Drug-7 targets a pathway involved in T1D onset delay.,0.875,2.125
3,Delay T1D onset in children ≥1yr,none,no_kg,llama3.2:3b,1,8,A,2,0.5,0,1,1,1,,kg,consistent,4.0,Mechanistic links from the knowledge graph and pharmacological understanding suggest Drug-7 modulates beta-cell function and insulin regulation.,0.875,2.625
3,"mCRC BRAF V600E (traditional approval, was accelerated)",none,no_kg,llama3.2:3b,0,8,H,7,0.14285714285714285,0,0,0,1,,kg,insufficient,1.0,"The knowledge graph lacks direct links between Drug-5 and BRAF V600E treatment, making its effectiveness uncertain.",0.875,1.75
3,"mCRC BRAF V600E (traditional approval, was accelerated)",none,no_kg,llama3.2:3b,1,8,G,7,0.14285714285714285,0,0,0,1,,prior,insufficient,2.0,Inhibitor of MEK pathway but no direct BRAF inhibition evidence or association with mCRC.,0.75,2.125
3,Diabetic retinopathy/DME (EMA Mar+May 2026),none,no_kg,llama3.2:3b,0,8,H,7,0.14285714285714285,0,0,0,1,,prior,insufficient,1.0,No reported association with glucose metabolism or DME pathogenesis,0.5714285714285714,3.0
3,Diabetic retinopathy/DME (EMA Mar+May 2026),none,no_kg,llama3.2:3b,1,8,A,7,0.14285714285714285,0,0,0,1,,kg,conflicting,2.0,,0.5,2.25
3,Cerebral folate transport deficiency,none,no_kg,llama3.2:3b,0,8,C,9,0.1111111111111111,0,0,0,1,,,,,,1.0,4.0
3,Cerebral folate transport deficiency,none,no_kg,llama3.2:3b,1,8,D,1,1.0,1,1,1,1,,prior,conflicting,3.0,"Lack of direct evidence but Drug-D is a folate analogue, suggesting plausible mechanistic link.",0.5,2.25
3,Heart failure (broadened),none,no_kg,llama3.2:3b,0,8,E,6,0.16666666666666666,0,0,0,1,,prior,insufficient,1.0,"Prior pharmacological knowledge suggests potential for its mechanism of action, but KG evidence is limited.",0.375,1.875
3,Heart failure (broadened),none,no_kg,llama3.2:3b,1,8,D,6,0.16666666666666666,0,0,0,1,,kg,insufficient,1.0,KG evidence is lacking for this candidate,0.5,1.75
3,Acquired hypofibrinogenemia in cardiovascular surgery,none,no_kg,llama3.2:3b,0,8,B,4,0.25,0,0,1,1,,kg,insufficient,2.0,Candidate B has mechanistic links potentially related to fibrinogen regulation or clotting disorders but lacks concrete evidence for hypofibrinogenemia.,0.625,2.25
3,Acquired hypofibrinogenemia in cardiovascular surgery,none,no_kg,llama3.2:3b,1,8,D,2,0.5,0,1,1,1,,kg,conflicting,3.0,uncertain mechanism of action,0.5,2.5
3,COPD,none,no_kg,llama3.2:3b,0,8,B,6,0.16666666666666666,0,0,0,1,,prior,insufficient,1.0,Prior knowledge suggests potential efficacy of Drug-8 for treating inflammatory conditions but lacks clear evidence supporting its use for COPD treatment.,0.125,1.875
3,COPD,none,no_kg,llama3.2:3b,1,8,F,6,0.16666666666666666,0,0,0,1,,kg,insufficient,1.0,No direct evidence linking Drug-F to COPD in the KG; its mechanism of inhibiting nitric oxide synthase is not directly related to COPD.,1.0,1.875
3,Chronic hepatitis B (pediatric),none,no_kg,llama3.2:3b,0,8,B,8,0.125,0,0,0,1,,kg,conflicting,1.0,"KG reports an association between Drug-6 and the NF-κB pathway, but prior knowledge suggests that this may not be relevant to Chronic Hepatitis B.",0.875,1.75
3,Chronic hepatitis B (pediatric),none,no_kg,llama3.2:3b,1,8,B,2,0.5,0,1,1,1,,prior,insufficient,3.0,Limited evidence of antiviral activity against HBV in adults,0.5714285714285714,2.2857142857142856
3,HoFH pediatric (EMA),none,no_kg,llama3.2:3b,0,8,H,8,0.125,0,0,0,1,,kg,conflicting,1.0,"KG data shows Drug-7 interacting with the PI3K pathway, but this is also relevant to other diseases, making its relevance to HoFH uncertain.",0.625,2.5
3,HoFH pediatric (EMA),none,no_kg,llama3.2:3b,1,8,B,2,0.5,0,1,1,1,,prior,insufficient,3.0,"Although there is limited KG evidence for candidate B, it has been reported to inhibit a key enzyme involved in lipid metabolism, which is relevant to HoFH pediatric (EMA).",0.75,1.875
3,HR+/HER2- breast cancer,none,no_kg,llama3.2:3b,0,8,B,2,0.5,0,1,1,1,,both,consistent,5.0,Both KG and prior knowledge support its role in HR+/HER2- breast cancer.,0.5,2.375
3,HR+/HER2- breast cancer,none,no_kg,llama3.2:3b,1,8,F,6,0.16666666666666666,0,0,0,1,,kg,insufficient,1.0,Lack of direct evidence from the KG and prior knowledge does not confirm its efficacy in HR+/HER2- breast cancer.,0.75,2.375
3,Retinopathy of prematurity,none,no_kg,llama3.2:3b,0,8,C,6,0.16666666666666666,0,0,0,1,,kg,insufficient,2.0,Candidate Drug-7 lacks clear mechanistic links to DOID:13025,0.75,2.0
3,Retinopathy of prematurity,none,no_kg,llama3.2:3b,1,8,H,8,0.125,0,0,0,1,,kg,insufficient,1.0,Drug-7 has no known associations with pathways relevant to retinopathy of prematurity in the provided knowledge graph evidence.,0.625,2.125
3,Agitation associated with Alzheimer's dementia,none,no_kg,llama3.2:3b,0,8,B,2,0.5,0,1,1,1,,prior,insufficient,3.0,"Buspirone is primarily used to treat anxiety disorders, and its mechanism of action could potentially be relevant for treating agitation in Alzheimer's dementia.",0.5,2.25
3,Agitation associated with Alzheimer's dementia,none,no_kg,llama3.2:3b,1,8,C,9,0.1111111111111111,0,0,0,1,,,,,,,
3,Heterozygous familial hypercholesterolemia,none,no_kg,llama3.2:3b,0,8,F,6,0.16666666666666666,0,0,0,1,,kg,insufficient,2.0,KG shows Drug-7's interactions with lipid metabolism pathways but lacks direct evidence for familial hypercholesterolemia.,0.7142857142857143,1.8571428571428572
3,Heterozygous familial hypercholesterolemia,none,no_kg,llama3.2:3b,1,8,A,2,0.5,0,1,1,1,,kg,insufficient,2.0,No direct evidence linking Drug-5 to HCHV from the KG.,0.5,1.875
3,Indolent systemic mastocytosis,none,no_kg,llama3.2:3b,0,8,D,8,0.125,0,0,0,1,,kg,insufficient,1.0,"Knowledge-graph evidence shows a connection between Drug-8 and ATP binding cassette pathway, which is not directly relevant to Indolent systemic mastocytosis",0.625,1.75
3,Indolent systemic mastocytosis,none,no_kg,llama3.2:3b,1,8,H,6,0.16666666666666666,0,0,0,1,,kg,conflicting,2.0,Mechanism does not directly relate to DOID:349,0.5,1.75
3,Juvenile idiopathic arthritis (EMA Feb 2026),none,no_kg,llama3.2:3b,0,8,E,2,0.5,0,1,1,1,,kg,insufficient,3.0,"Drugs have shown potential treatment effects for Juvenile idiopathic arthritis, but no direct link to the target disease was found",0.875,1.75
3,Juvenile idiopathic arthritis (EMA Feb 2026),none,no_kg,llama3.2:3b,1,8,D,1,1.0,1,1,1,1,,kg,consistent,5.0,"The drug has shown to inhibit TNF-alpha, a key player in the inflammatory process of JIA.",0.875,1.875
3,Invasive fungal infections pediatric ≥2yr,none,no_kg,llama3.2:3b,0,8,H,7,0.14285714285714285,0,0,0,1,,kg,insufficient,1.0,Evidence for Drug-5's mechanism in invasive fungal infections is limited and not directly related to known pathways.,0.8571428571428571,2.142857142857143
3,Invasive fungal infections pediatric ≥2yr,none,no_kg,llama3.2:3b,1,8,F,6,0.16666666666666666,0,0,0,1,,kg,insufficient,2.0,KG mentions interactions with fungal respiration but lacks direct evidence linking Drug-F to antifungal efficacy,0.625,2.5
3,PKU expanded to ≥12yr,none,no_kg,llama3.2:3b,0,8,E,3,0.3333333333333333,0,1,1,1,,kg,conflicting,2.0,"Although Drug-7 is used for other histone-related disorders, its direct application to PKU in older individuals is uncertain.",0.75,1.875
3,PKU expanded to ≥12yr,none,no_kg,llama3.2:3b,1,8,H,8,0.125,0,0,0,1,,kg,insufficient,1.0,Drug-7 has a mechanistic link to the phenylalanine pathway but its efficacy in treating PKU is unknown due to limited KG evidence.,0.75,1.875
3,HR+/HER2-low breast cancer,none,no_kg,llama3.2:3b,0,8,B,1,1.0,1,1,1,1,,prior,insufficient,4.0,May be effective as a PI3K inhibitor,0.625,3.0
3,HR+/HER2-low breast cancer,none,no_kg,llama3.2:3b,1,8,G,7,0.14285714285714285,0,0,0,1,,kg,conflicting,4.0,"Knowledge graph indicates G inhibits a pathway involved in HER2 signaling, but this is not directly supported by prior knowledge",0.625,2.625
3,Spinal muscular atrophy (pediatric expansion),none,no_kg,llama3.2:3b,0,8,H,8,0.125,0,0,0,1,,prior,insufficient,2.0,"While Drug-8's reported effects on muscle relaxation are promising, mechanistic links do not provide sufficient evidence to support its action on spinal muscular atrophy.",0.75,1.875
3,Spinal muscular atrophy (pediatric expansion),none,no_kg,llama3.2:3b,1,8,F,9,0.1111111111111111,0,0,0,1,,,,,,0.0,4.0
3,Chronic kidney disease,none,no_kg,llama3.2:3b,0,8,C,3,0.3333333333333333,0,1,1,1,,prior,conflicting,2.0,Prior knowledge of its role in fibrosis is less relevant to CKD than drug-2's link to blood pressure.,0.5714285714285714,2.142857142857143
3,Chronic kidney disease,none,no_kg,llama3.2:3b,1,8,B,5,0.2,0,0,1,1,,kg,insufficient,1.0,Lack of direct connection to DOID:784 or its related pathways makes Drug-5 uncertain.,1.0,2.142857142857143
3,IgE-mediated food allergy,none,no_kg,llama3.2:3b,0,8,G,7,0.14285714285714285,0,0,0,1,,kg,conflicting,2.0,Drug G modulates the complement pathway but its effect on IgE-mediated food allergy is unclear due to conflicting KG evidence.,0.5,2.25
3,IgE-mediated food allergy,none,no_kg,llama3.2:3b,1,8,D,7,0.14285714285714285,0,0,0,1,,prior,insufficient,1.0,Prior knowledge suggests drug's potential role in regulating histamine levels but KG evidence is limited and conflicting.,0.625,1.75
3,Measles prophylaxis post-exposure,none,no_kg,llama3.2:3b,0,8,F,2,0.5,0,1,1,1,,prior,insufficient,3.0,Unknown mechanism despite historical use for related viral infections.,0.625,2.125
3,Measles prophylaxis post-exposure,none,no_kg,llama3.2:3b,1,8,A,1,1.0,1,1,1,1,,both,consistent,5.0,"Drug-1 targets the measles virus through inhibition of the fusion protein, a mechanism well-supported by both KG and pharmacological knowledge.",0.7142857142857143,2.857142857142857
3,CKD in T2D,none,no_kg,llama3.2:3b,0,8,D,8,0.125,0,0,0,1,,kg,insufficient,1.0,,0.625,2.0
3,CKD in T2D,none,no_kg,llama3.2:3b,1,8,A,8,0.125,0,0,0,1,,prior,insufficient,1.0,Drug-1 has been investigated for its potential as a diuretic but evidence in CKD/T2D is limited.,0.5,1.75
3,dMMR recurrent/advanced endometrial cancer,none,no_kg,llama3.2:3b,0,8,A,2,0.5,0,1,1,1,,kg,insufficient,2.0,Mechanistic link: Drug-8 -> dMMR -> PI3K/AKT pathway -> DOID:1380; prior knowledge suggests anti-cancer effects through PI3K inhibition.,0.75,2.0
3,dMMR recurrent/advanced endometrial cancer,none,no_kg,llama3.2:3b,1,8,D,7,0.14285714285714285,0,0,0,1,,prior,insufficient,1.0,Lack of direct evidence in KG supporting activity against dMMR recurrent/advanced endometrial cancer,0.75,2.0
3,ILD-associated pulmonary hypertension,none,no_kg,llama3.2:3b,0,8,G,4,0.25,0,0,1,1,,kg,insufficient,1.0,"Drug-3 has shown some effects on vascular tone in other contexts, but no clear mechanism is established for ILD-associated pulmonary hypertension.",0.875,1.75
3,ILD-associated pulmonary hypertension,none,no_kg,llama3.2:3b,1,8,H,8,0.125,0,0,0,1,,kg,insufficient,1.0,,0.625,2.0
3,Crohn's disease,none,no_kg,llama3.2:3b,0,8,H,8,0.125,0,0,0,1,,kg,insufficient,1.0,"Lack of direct evidence from KG linking Drug-H to Crohn's disease mechanisms, and no supporting information in pharmacological knowledge.",0.875,2.375
3,Crohn's disease,none,no_kg,llama3.2:3b,1,8,B,5,0.2,0,0,1,1,,both,insufficient,1.0,"Graph evidence is sparse for Drug-8, and prior knowledge does not establish a clear link to Crohn's disease.",0.5,1.75
3,COVID-19 in severe renal impairment/dialysis,none,no_kg,llama3.2:3b,0,8,A,1,1.0,1,1,1,1,,kg,consistent,4.0,Mechanistic link from graph shows Drug-8 inhibits SARS-CoV-2 replication.,0.5,1.75
3,COVID-19 in severe renal impairment/dialysis,none,no_kg,llama3.2:3b,1,8,H,7,0.14285714285714285,0,0,0,1,,prior,insufficient,1.0,Limited data exists on H's potential to treat COVID-19 in renal impairment.,0.75,3.0
3,MASH with fibrosis,none,no_kg,llama3.2:3b,0,8,D,1,1.0,1,1,1,1,,kg,consistent,3.0,Drug-7 has mechanistic links through pathways related to fibrosis and inflammation.,0.6666666666666666,2.5
3,MASH with fibrosis,none,no_kg,llama3.2:3b,1,8,H,8,0.125,0,0,0,1,,kg,conflicting,2.0,Discrepancies in evidence raise concerns about its potential efficacy.,0.625,2.25
3,Urothelial carcinoma (expanded population),none,no_kg,llama3.2:3b,0,8,D,9,0.1111111111111111,0,0,0,1,,,,,,,
3,Urothelial carcinoma (expanded population),none,no_kg,llama3.2:3b,1,8,E,5,0.2,0,0,1,1,,kg,insufficient,1.0,Drug-8 has no reported mechanistic links or pharmacological evidence supporting its use in urothelial carcinoma.,0.7142857142857143,2.0
3,Chronic thromboembolic pulmonary hypertension,none,no_kg,llama3.2:3b,0,8,E,5,0.2,0,0,1,1,,kg,insufficient,1.0,Candidate drug targets a pathway not directly associated with DOID:6432; direct evidence is unavailable.,0.875,1.75
3,Chronic thromboembolic pulmonary hypertension,none,no_kg,llama3.2:3b,1,8,E,5,0.2,0,0,1,1,,kg,insufficient,2.0,"Drug-7 has no reported association with DOID:6432 in the KG but is a calcineurin inhibitor, which could theoretically impact immune responses and inflammation associated with pulmonary hypertension.",0.875,2.75
3,Crohn's disease,none,no_kg,llama3.2:3b,0,8,F,1,1.0,1,1,1,1,,kg,consistent,4.0,"Mechanistic links from the KG suggest F inhibits TNF-alpha pathway, which is involved in inflammation and immune response, key factors in Crohn's disease.",0.875,1.5
3,Crohn's disease,none,no_kg,llama3.2:3b,1,8,D,4,0.25,0,0,1,1,,kg,insufficient,2.0,"Candidate D has a weak mechanistic link to the pathway involved in Crohn's disease, and its efficacy is not well established.",0.75,2.625
3,HoFH in children,none,no_kg,llama3.2:3b,0,8,G,8,0.125,0,0,0,1,,kg,insufficient,2.0,"KG shows associations between Drug-G and pathways related to HoFH, but these are not supported by prior knowledge of its effectiveness.",0.875,2.5
3,HoFH in children,none,no_kg,llama3.2:3b,1,8,C,4,0.25,0,0,1,1,,kg,insufficient,2.0,"The KG reports links between PPARs and bile acid synthesis, but these are not directly related to HoFH treatment.",0.625,1.875
3,First-line anemia in lower-risk MDS,none,no_kg,llama3.2:3b,0,8,C,3,0.3333333333333333,0,1,1,1,,prior,insufficient,2.0,Prior knowledge does not establish a clear mechanistic link between this drug and MDS anemia.,0.5,2.375
3,First-line anemia in lower-risk MDS,none,no_kg,llama3.2:3b,1,8,A,1,1.0,1,1,1,1,,both,insufficient,2.0,Inconsistent with the drug's mechanism of action for HCV treatment.,0.75,1.875
3,Generalized myasthenia gravis,none,no_kg,llama3.2:3b,0,8,G,6,0.16666666666666666,0,0,0,1,,kg,insufficient,1.0,KG evidence on Drug-8's mechanism is unclear and inconsistent with prior knowledge.,0.75,2.375
3,Generalized myasthenia gravis,none,no_kg,llama3.2:3b,1,8,E,3,0.3333333333333333,0,1,1,1,,prior,insufficient,2.0,"While myasthenia gravis is related to the neuromuscular junction, there's no clear link between Drug-8 and its mechanism.",0.75,1.875
3,Acquired hypothalamic obesity,none,no_kg,llama3.2:3b,0,8,B,1,1.0,1,1,1,1,,prior,insufficient,3.0,Drug-7's pharmacological profile aligns with known mechanisms of appetite regulation.,0.75,2.25
3,Acquired hypothalamic obesity,none,no_kg,llama3.2:3b,1,8,H,8,0.125,0,0,0,1,,kg,insufficient,1.0,Mechanistic link from knowledge graph is unclear; no relevant pathways identified in relation to Acquired Hypothalamic Obesity.,1.0,2.5
3,HR+/HER2- node-positive high-risk early breast cancer,none,no_kg,llama3.2:3b,0,8,F,6,0.16666666666666666,0,0,0,1,,kg,insufficient,1.0,Knowledge graph link from drug -> target -> pathway -> disease: Drug-8 has limited mechanistic evidence linking it to HR+ breast cancer.,0.75,1.875
3,HR+/HER2- node-positive high-risk early breast cancer,none,no_kg,llama3.2:3b,1,8,H,8,0.125,0,0,0,1,,prior,insufficient,1.0,Prior knowledge suggests Drug-H may have anti-cancer activity but lacks mechanistic links to HR+/HER2- node-positive breast cancer.,0.625,1.875
3,EGPA,none,no_kg,llama3.2:3b,0,8,H,8,0.125,0,0,0,1,,kg,insufficient,1.0,KG shows H targets a different pathway; prior knowledge does not support its use in EGPA.,0.625,2.5
3,EGPA,none,no_kg,llama3.2:3b,1,8,H,6,0.16666666666666666,0,0,0,1,,kg,insufficient,1.0,,0.625,1.875
3,BRAF+ thyroid cancer,none,no_kg,llama3.2:3b,0,8,H,8,0.125,0,0,0,1,,kg,conflicting,2.0,"Candidate drug is a cell cycle inhibitor, but KG evidence links it to p21 pathway, not BRAF",0.75,2.0
3,BRAF+ thyroid cancer,none,no_kg,llama3.2:3b,1,8,E,4,0.25,0,0,1,1,,prior,insufficient,1.0,"Drug-6 has shown promise as an BRAF inhibitor in preclinical studies, but more evidence is needed to confirm its efficacy and selectivity in BRAF+ thyroid cancer.",0.75,2.0
3,Giant cell arteritis,none,no_kg,llama3.2:3b,0,8,G,7,0.14285714285714285,0,0,0,1,,prior,insufficient,1.0,"Drug-8 has been reported to have vasodilatory effects, but its specific mechanism of action for giant cell arteritis is unknown.",0.75,1.875
3,Giant cell arteritis,none,no_kg,llama3.2:3b,1,8,H,8,0.125,0,0,0,1,,prior,insufficient,1.0,"Prior knowledge of Drug-8's use in other inflammatory conditions, but no direct link to Giant cell arteritis.",0.75,2.75
3,dMMR/MSI-H primary advanced endometrial cancer,none,no_kg,llama3.2:3b,0,8,C,5,0.2,0,0,1,1,,kg,conflicting,1.0,"KG reports Drug-8 as active against endometrial cancer, but the pathway is unclear and contradicts prior knowledge.",0.5714285714285714,2.0
3,dMMR/MSI-H primary advanced endometrial cancer,none,no_kg,llama3.2:3b,1,8,D,1,1.0,1,1,1,1,,both,consistent,4.0,Both the knowledge graph and prior pharmacological knowledge support Drug-8 as a potential candidate for dMMR/MSI-H primary advanced endometrial cancer.,0.6666666666666666,1.8333333333333333
3,Polymyalgia rheumatica,none,no_kg,llama3.2:3b,0,8,C,6,0.16666666666666666,0,0,0,1,,kg,conflicting,2.0,"KG association with inflammatory pathways, but also linked to conditions unrelated to Polymyalgia rheumatica.",0.5,1.75
3,Polymyalgia rheumatica,none,no_kg,llama3.2:3b,1,8,G,3,0.3333333333333333,0,1,1,1,,kg,conflicting,2.0,KG links to a pathway but evidence is indirect,0.5,2.375
3,Ph+ CML-CP frontline (EMA Feb 2026),none,no_kg,llama3.2:3b,0,8,A,3,0.3333333333333333,0,1,1,1,,kg,conflicting,2.0,KG association with pathway 'GTPase Activity' may be relevant but conflicting evidence exists for CML-CP,0.5,1.875
3,Ph+ CML-CP frontline (EMA Feb 2026),none,no_kg,llama3.2:3b,1,8,D,4,0.25,0,0,1,1,,prior,insufficient,2.0,"Based on prior knowledge, Drug candidate D may have potential relevance to Ph+ CML-CP frontline disease but lacks mechanistic links in the knowledge graph.",0.75,2.125
3,Allergic fungal rhinosinusitis (AFRS) ≥6yr,none,no_kg,llama3.2:3b,0,8,H,7,0.14285714285714285,0,0,0,1,,kg,insufficient,2.0,"KG reports H's role in modulating cellular proliferation responses, which might be relevant to AFRS, but no clear mechanistic link is evident.",0.8571428571428571,1.8571428571428572
3,Allergic fungal rhinosinusitis (AFRS) ≥6yr,none,no_kg,llama3.2:3b,1,8,E,3,0.3333333333333333,0,1,1,1,,kg,conflicting,2.0,Targets a different pathway.,0.5,1.8333333333333333
3,RET-fusion NSCLC (expanded),none,no_kg,llama3.2:3b,0,8,D,2,0.5,0,1,1,1,,kg,conflicting,3.0,"Drug-4 has an association with ROS production, which may be relevant to RET fusion oncogenesis, but its efficacy in NSCLC is unclear",0.75,2.5
3,RET-fusion NSCLC (expanded),none,no_kg,llama3.2:3b,1,8,H,6,0.16666666666666666,0,0,0,1,,kg,conflicting,2.0,KG shows association with other pathways not directly relevant to RET-fusion NSCLC,0.42857142857142855,1.5714285714285714
3,"Crohn's disease (moderate-severe, refractory)",none,no_kg,llama3.2:3b,0,8,D,1,1.0,1,1,1,1,,both,consistent,4.0,Strong mechanistic links to the TGF-beta pathway make Drug-2 a top candidate,0.875,2.0
3,"Crohn's disease (moderate-severe, refractory)",none,no_kg,llama3.2:3b,1,8,E,4,0.25,0,0,1,1,,kg,conflicting,1.0,"Drug-7 is associated with the JAK3 pathway in the KG, which may have some relevance to Crohn's disease. However, our knowledge suggests that this pathway may not be as directly involved in the disease as other pathways.",0.8571428571428571,2.0
3,Follicular lymphoma,none,no_kg,llama3.2:3b,0,8,F,4,0.25,0,0,1,1,,kg,insufficient,2.0,Insufficient KG evidence to support a mechanistic link,0.8333333333333334,2.5
3,Follicular lymphoma,none,no_kg,llama3.2:3b,1,8,B,2,0.5,0,1,1,1,,kg,insufficient,3.0,"The KG reports an association between Drug-8 and the PI3K/AKT pathway, which is implicated in follicular lymphoma.",0.5714285714285714,2.0
3,Atopic dermatitis,none,no_kg,llama3.2:3b,0,8,E,2,0.5,0,1,1,1,,prior,insufficient,3.0,"Although histamine plays a role in allergic diseases, the specific evidence linking Drug-7 to Atopic dermatitis is limited.",0.5,2.0
3,Atopic dermatitis,none,no_kg,llama3.2:3b,1,8,B,2,0.5,0,1,1,1,,kg,consistent,4.0,Mechanistic link through IL-4/IL-13 pathway,0.5714285714285714,2.2857142857142856
3,1L biliary tract cancer (+gemcitabine+cisplatin),none,no_kg,llama3.2:3b,0,8,G,4,0.25,0,0,1,1,,kg,insufficient,1.0,Drug-7 has limited mechanistic links to disease 4607 and relies solely on prior knowledge of its role in inhibiting pathway 42 (angiogenesis),0.875,1.75
3,1L biliary tract cancer (+gemcitabine+cisplatin),none,no_kg,llama3.2:3b,1,8,G,6,0.16666666666666666,0,0,0,1,,kg,conflicting,2.0,,0.75,2.375
3,IV formulation for rheumatic diseases (EMA),none,no_kg,llama3.2:3b,0,8,H,8,0.125,0,0,0,1,,prior,insufficient,2.0,Drug H has been investigated for various therapeutic applications but lacks direct evidence for rheumatic diseases.,0.5,2.0
3,IV formulation for rheumatic diseases (EMA),none,no_kg,llama3.2:3b,1,8,A,8,0.125,0,0,0,1,,kg,insufficient,1.0,"The KG reports a mechanistic link between Drug-5 and rheumatic diseases through the PI3K/AKT pathway, but evidence is limited and not supported by prior knowledge.",0.75,1.875
3,BRAF+ thyroid cancer,none,no_kg,llama3.2:3b,0,8,H,8,0.125,0,0,0,1,,kg,insufficient,1.0,"The KG reports an association between Drug H and the mTOR pathway, but this is not directly relevant to BRAF+ thyroid cancer.",0.75,1.875
3,BRAF+ thyroid cancer,none,no_kg,llama3.2:3b,1,8,H,8,0.125,0,0,0,1,,kg,insufficient,1.0,The KG provides little to no evidence linking this drug to BRAF+ thyroid cancer treatment.,0.75,2.375
3,EGPA (expanded),none,no_kg,llama3.2:3b,0,8,F,6,0.16666666666666666,0,0,0,1,,prior,insufficient,2.0,"Prior knowledge indicates potential relevance, but direct KG evidence is lacking.",0.42857142857142855,2.2857142857142856
3,EGPA (expanded),none,no_kg,llama3.2:3b,1,8,F,7,0.14285714285714285,0,0,0,1,,kg,insufficient,1.0,Limited relevance or no known association with EGPA,0.5,2.25
3,Pheochromocytoma/paraganglioma,none,no_kg,llama3.2:3b,0,8,A,1,1.0,1,1,1,1,,kg,insufficient,3.0,Mechanistic links are unclear,0.5714285714285714,2.2857142857142856
3,Pheochromocytoma/paraganglioma,none,no_kg,llama3.2:3b,1,8,C,7,0.14285714285714285,0,0,0,1,,kg,insufficient,1.0,"KG evidence links Drug-8 to the HIF1A pathway, which is not directly implicated in Pheochromocytoma/paraganglioma.",1.0,1.25
3,Pediatric atopic dermatitis,none,no_kg,llama3.2:3b,0,8,E,7,0.14285714285714285,0,0,0,1,,kg,conflicting,1.0,,0.75,1.75
3,Pediatric atopic dermatitis,none,no_kg,llama3.2:3b,1,8,E,6,0.16666666666666666,0,0,0,1,,prior,conflicting,1.0,Prior knowledge suggests that drugs targeting specific pathways may have limited efficacy for atopic dermatitis,0.5,2.5
3,MSI-H/dMMR solid tumors (full approval conversion),none,no_kg,llama3.2:3b,0,8,A,4,0.25,0,0,1,1,,kg,insufficient,2.0,Clear mechanistic plausibility unclear.,0.625,2.875
3,MSI-H/dMMR solid tumors (full approval conversion),none,no_kg,llama3.2:3b,1,8,F,3,0.3333333333333333,0,1,1,1,,prior,insufficient,2.0,"No direct evidence for conversion to full approval, but has been studied in various contexts.",0.5,2.625
3,Psoriasis in children 6-11 (cream),none,no_kg,llama3.2:3b,0,8,H,6,0.16666666666666666,0,0,0,1,,kg-insufficient,insufficient,1.0,,0.0,1.5
3,Psoriasis in children 6-11 (cream),none,no_kg,llama3.2:3b,1,8,H,8,0.125,0,0,0,1,,kg,insufficient,1.0,KG mentions Drug-5 affecting the NF-kB pathway but doesn't clearly establish an association with Psoriasis treatment.,0.75,1.875
3,Pancreatic NET,none,no_kg,llama3.2:3b,0,8,E,6,0.16666666666666666,0,0,0,1,,kg,insufficient,1.0,KG reports a link to the RhoA pathway but lacks relevance to our target disease.,0.5,2.0
3,Pancreatic NET,none,no_kg,llama3.2:3b,1,8,B,3,0.3333333333333333,0,1,1,1,,kg,insufficient,2.0,Biomedical knowledge graph reports Drug-5 interacting with the target of pancreatic NET but no further mechanistic information is provided.,0.625,1.875
3,Ulcerative colitis,none,no_kg,llama3.2:3b,0,8,F,6,0.16666666666666666,0,0,0,1,,kg,conflicting,1.0,"The knowledge graph suggests a link between Drug-2 and Ulcerative colitis, but Drug-F has been reported to have pro-inflammatory effects.",0.75,1.875
3,Ulcerative colitis,none,no_kg,llama3.2:3b,1,8,B,2,0.5,0,1,1,1,,both,consistent,4.0,"Mechanistic links from the KG indicate that Drug-8 inhibits NF-κB signaling, a key pathway involved in inflammatory responses.",0.875,1.75
3,Gastric/GEJ adenocarcinoma (1L +chemo),none,no_kg,llama3.2:3b,0,8,D,8,0.125,0,0,0,1,,prior,insufficient,2.0,"Known anti-metastatic agent with potential anti-cancer effects, but limited evidence specific to gastric/GEJ adenocarcinoma.",0.5,2.0
3,Gastric/GEJ adenocarcinoma (1L +chemo),none,no_kg,llama3.2:3b,1,8,G,5,0.2,0,0,1,1,,kg,conflicting,2.0,"Drug-8 has been reported to have some antitumor activity, but the exact mechanism of action and relevance to gastric/GEJ adenocarcinoma are unclear.",0.5,2.0
3,Hidradenitis suppurativa,none,no_kg,llama3.2:3b,0,8,A,4,0.25,0,0,1,1,,kg,conflicting,1.0,"Potential anti-inflammatory effects, but the target is not HS and its role in HS is unclear.",0.5,2.0
3,Hidradenitis suppurativa,none,no_kg,llama3.2:3b,1,8,A,5,0.2,0,0,1,1,,prior,insufficient,2.0,"Topical corticosteroids have been used to treat various inflammatory skin conditions, but their effectiveness in Hidradenitis suppurativa is limited.",0.5,2.0
3,Biliary tract cancer,none,no_kg,llama3.2:3b,0,8,H,8,0.125,0,0,0,1,,,,,,,
3,Biliary tract cancer,none,no_kg,llama3.2:3b,1,8,G,8,0.125,0,0,0,1,,kg,insufficient,1.0,no evidence for mechanistic action against biliary tract cancer or pathways involved in the disease,0.625,1.75
3,Antibody-mediated rejection in organ transplantation,none,no_kg,llama3.2:3b,0,8,D,1,1.0,1,1,1,1,,prior,insufficient,3.0,Inhibitors of complement component 5 (C5) have shown promise in models of antibody-mediated rejection.,0.625,2.0
3,Antibody-mediated rejection in organ transplantation,none,no_kg,llama3.2:3b,1,8,B,2,0.5,0,1,1,1,,prior,insufficient,3.0,Prior knowledge of immunosuppressive drugs and their mechanism suggests this drug is a strong candidate.,0.625,2.125
3,Neoadj+adj HNSCC,none,no_kg,llama3.2:3b,0,8,H,5,0.2,0,0,1,1,,prior,insufficient,1.0,,0.625,2.125
3,Neoadj+adj HNSCC,none,no_kg,llama3.2:3b,1,8,E,5,0.2,0,0,1,1,,kg,conflicting,1.0,Drug-3's association with pathway 'mTOR signaling' conflicts with its relevance to HNSCC via activation of the mTOR pathway,0.7142857142857143,2.4285714285714284
3,Ulcerative colitis,none,no_kg,llama3.2:3b,0,8,G,7,0.14285714285714285,0,0,0,1,,prior,insufficient,1.0,"The Wnt/beta-catenin pathway is implicated in colorectal cancer, which could limit its efficacy for ulcerative colitis.",0.25,2.25
3,Ulcerative colitis,none,no_kg,llama3.2:3b,1,8,H,7,0.14285714285714285,0,0,0,1,,kg,insufficient,2.0,"The knowledge graph indicates a mechanistic link between Drug-7 and the histamine pathway for allergic responses, but not directly for ulcerative colitis. Prior pharmacological knowledge does not support this association.",0.875,2.25
3,dMMR/MSI-H primary advanced endometrial cancer (+chemo),none,no_kg,llama3.2:3b,0,8,F,5,0.2,0,0,1,1,,kg,conflicting,1.0,KG evidence conflicts with prior knowledge on Drug-8,0.42857142857142855,2.0
3,dMMR/MSI-H primary advanced endometrial cancer (+chemo),none,no_kg,llama3.2:3b,1,8,B,3,0.3333333333333333,0,1,1,1,,kg,consistent,5.0,KG reports Drug-B's association with the PI3K/AKT pathway and its effectiveness for dMMR/MSI-H primary advanced endometrial cancer (+chemo).,0.75,2.375
3,GVHD + pediatric,none,no_kg,llama3.2:3b,0,8,E,5,0.2,0,0,1,1,,prior,conflicting,1.0,Known mechanisms of Drug-5 are conflicting with GVHD + pediatric,0.25,2.0
3,GVHD + pediatric,none,no_kg,llama3.2:3b,1,8,B,2,0.5,0,1,1,1,,kg,conflicting,4.0,"Mechanistic link to GVHD: Drug-5 -> GVHD -> Immune system dysregulation; however, pharmacological knowledge suggests potential immunosuppressive effects.",0.875,2.5
3,Gastric/GEJ adenocarcinoma,none,no_kg,llama3.2:3b,0,8,A,2,0.5,0,1,1,1,,kg,consistent,4.0,"Drug-8 has mechanistic links to both the PI3K/AKT pathway and the NF-κB pathway, which are relevant to gastric/GEJ adenocarcinoma.",0.75,1.875
3,Gastric/GEJ adenocarcinoma,none,no_kg,llama3.2:3b,1,8,B,3,0.3333333333333333,0,1,1,1,,kg,conflicting,2.0,"The KG links Drug-8 to the mTOR pathway, but this pathway's role in gastric/GEJ adenocarcinoma is not well established.",0.75,1.875
3,COPD (EMA 2025),none,no_kg,llama3.2:3b,0,8,A,8,0.125,0,0,0,1,,prior,insufficient,1.0,"Prior knowledge suggests potential bronchodilatory effects, but KG evidence is limited and does not support a mechanistic link",0.5,1.875
3,COPD (EMA 2025),none,no_kg,llama3.2:3b,1,8,B,1,1.0,1,1,1,1,,prior,insufficient,4.0,"Although mechanistic links are not available for Drug-B, its pharmacological class (bradlykinin B2 receptor antagonist) suggests potential relevance to COPD pathology.",0.625,2.625
3,RAS wild-type HER2+ metastatic colorectal cancer,none,no_kg,llama3.2:3b,0,8,H,7,0.14285714285714285,0,0,0,1,,kg,insufficient,1.0,"KG reports Drug-8 as affecting the mTOR pathway, but prior knowledge suggests this is less relevant in HER2+ cancer.",0.7142857142857143,2.4285714285714284
3,RAS wild-type HER2+ metastatic colorectal cancer,none,no_kg,llama3.2:3b,1,8,D,1,1.0,1,1,1,1,,prior,insufficient,4.0,Drug-3 is a PI3K inhibitor with known activity against KRAS mutant cancers,0.625,2.25
3,Primary immunodeficiency pediatric (EMA),none,no_kg,llama3.2:3b,0,8,E,9,0.1111111111111111,0,0,0,1,,,,,,1.0,3.0
3,Primary immunodeficiency pediatric (EMA),none,no_kg,llama3.2:3b,1,8,A,5,0.2,0,0,1,1,,prior,insufficient,3.0,No direct relevance to primary immunodeficiency in Drug-1's known mechanism.,0.625,2.5
3,BRAF V600E metastatic NSCLC,none,no_kg,llama3.2:3b,0,8,G,7,0.14285714285714285,0,0,0,1,,kg,insufficient,1.0,"The KG reports an association between Drug-7 and BRAF V600E metastatic NSCLC, but this evidence is not supported by pharmacological knowledge.",0.75,1.75
3,BRAF V600E metastatic NSCLC,none,no_kg,llama3.2:3b,1,8,F,7,0.14285714285714285,0,0,0,1,,kg,insufficient,1.0,KG provides indirect evidence suggesting its potential effectiveness against BRAF V600E but lacks specificity on the target's mechanism.,0.75,1.75
3,CRSwNP (eosinophilic chronic rhinosinusitis with nasal polyps),none,no_kg,llama3.2:3b,0,8,C,3,0.3333333333333333,0,1,1,1,,kg,insufficient,1.0,"No direct mechanistic link to CRSwNP in the KG, but C is a corticosteroid with anti-inflammatory properties.",0.75,2.25
3,CRSwNP (eosinophilic chronic rhinosinusitis with nasal polyps),none,no_kg,llama3.2:3b,1,8,G,9,0.1111111111111111,0,0,0,1,,,,,,1.0,5.0
3,Pediatric glioma (EMA),none,no_kg,llama3.2:3b,0,8,A,3,0.3333333333333333,0,1,1,1,,kg,consistent,4.0,Associations with pathways relevant to pediatric glioma,0.5,3.25
3,Pediatric glioma (EMA),none,no_kg,llama3.2:3b,1,8,H,8,0.125,0,0,0,1,,prior,insufficient,1.0,I couldn't find any mechanistic links or direct anti-cancer evidence for Drug-H.,0.625,2.75
3,Primary humoral immunodeficiency pediatric 2-11yr,none,no_kg,llama3.2:3b,0,8,D,1,1.0,1,1,1,1,,prior,insufficient,3.0,Common immunosuppressants like cyclosporine and tacrolimus are used to treat primary humoral immunodeficiency.,0.625,2.0
3,Primary humoral immunodeficiency pediatric 2-11yr,none,no_kg,llama3.2:3b,1,8,H,5,0.2,0,0,1,1,,prior,insufficient,1.0,Not commonly used for immunodeficiency treatment,0.5,1.75
3,"ALK+ solid tumors (tissue-agnostic, world-first)",none,no_kg,llama3.2:3b,0,8,F,1,1.0,1,1,1,1,,kg,consistent,5.0,Mechanistic plausibility supported by evidence in the knowledge graph,0.5,2.125
3,"ALK+ solid tumors (tissue-agnostic, world-first)",none,no_kg,llama3.2:3b,1,8,A,6,0.16666666666666666,0,0,0,1,,prior,insufficient,1.0,Drug-1 has been reported to inhibit cancer cell growth but lacks mechanistic links to ALK signaling or pathway involvement.,0.5,1.75
3,Primary mediastinal large B-cell lymphoma,none,no_kg,llama3.2:3b,0,8,A,3,0.3333333333333333,0,1,1,1,,prior,insufficient,1.0,No clear evidence linking Drug-3 to Primary mediastinal large B-cell lymphoma,0.7142857142857143,1.8571428571428572
3,Primary mediastinal large B-cell lymphoma,none,no_kg,llama3.2:3b,1,8,G,6,0.16666666666666666,0,0,0,1,,kg,insufficient,1.0,The provided knowledge graph evidence does not support the use of Drug-5 for Primary mediastinal large B-cell lymphoma.,0.7142857142857143,2.142857142857143
3,HR+/HER2- metastatic breast cancer,none,no_kg,llama3.2:3b,0,8,C,2,0.5,0,1,1,1,,,,,,,
3,HR+/HER2- metastatic breast cancer,none,no_kg,llama3.2:3b,1,8,B,1,1.0,1,1,1,1,,kg,conflicting,1.0,Conflicting association with HER2+ breast cancer treatment.,0.625,2.375
3,HER2+ early-stage BC (neoadjuvant + adjuvant),none,no_kg,llama3.2:3b,0,8,G,3,0.3333333333333333,0,1,1,1,,prior,insufficient,2.0,,0.5,1.75
3,HER2+ early-stage BC (neoadjuvant + adjuvant),none,no_kg,llama3.2:3b,1,8,E,7,0.14285714285714285,0,0,0,1,,kg,insufficient,1.0,"The knowledge graph shows an association between Drug-8 and a pathway involved in cancer cell survival, but its relevance to HER2+ BC is uncertain.",0.875,1.875
3,"Pediatric low-grade glioma (+dabrafenib, BRAF V600E)",none,no_kg,llama3.2:3b,0,8,C,2,0.5,0,1,1,1,,prior,insufficient,3.0,"Has shown efficacy against various cancers with KRAS mutations, potentially linking it to the same pathways affected by BRAF V600E in glioma.",0.5714285714285714,1.5714285714285714
3,"Pediatric low-grade glioma (+dabrafenib, BRAF V600E)",none,no_kg,llama3.2:3b,1,8,B,2,0.5,0,1,1,1,,kg,conflicting,3.0,"Although Drug-6 has a reported association with BRAF inhibition, its link to treatment of pediatric low-grade glioma is not established in the knowledge graph.",0.75,2.125
3,mHSPC + ADT,none,no_kg,llama3.2:3b,0,8,H,7,0.14285714285714285,0,0,0,1,,kg,insufficient,1.0,The KG provides limited information about Drug-8's relationship to the HSPC + ADT pathway or its mechanism of action.,0.8571428571428571,1.8571428571428572
3,mHSPC + ADT,none,no_kg,llama3.2:3b,1,8,A,1,1.0,1,1,1,1,,kg,consistent,4.0,Strong mechanistic link reported in KG,0.625,1.75
3,Pediatric BRAF V600E low-grade glioma,none,no_kg,llama3.2:3b,0,8,E,4,0.25,0,0,1,1,,kg,insufficient,1.0,Mechanistic links for Drug-6 are sparse and do not clearly align with known drug mechanisms relevant to BRAF V600E inhibition.,0.75,2.0
3,Pediatric BRAF V600E low-grade glioma,none,no_kg,llama3.2:3b,1,8,E,5,0.2,0,0,1,1,,kg,insufficient,1.0,lacking reported associations with target disease in knowledge graph and unclear pharmacological relevance,0.5,2.5
3,HER2-mutant NSCLC (EMA),none,no_kg,llama3.2:3b,0,8,F,6,0.16666666666666666,0,0,0,1,,prior,insufficient,3.0,,0.625,2.5
3,HER2-mutant NSCLC (EMA),none,no_kg,llama3.2:3b,1,8,C,7,0.14285714285714285,0,0,0,1,,prior,insufficient,1.0,No clear KG evidence or prior knowledge supporting its use in NSCLC,0.75,2.25
3,Ph+ CML-CP after 2+ TKIs,none,no_kg,llama3.2:3b,0,8,E,5,0.2,0,0,1,1,,prior,insufficient,2.0,Prior target knowledge does not align with KG evidence,0.625,3.625
3,Ph+ CML-CP after 2+ TKIs,none,no_kg,llama3.2:3b,1,8,A,6,0.16666666666666666,0,0,0,1,,kg,insufficient,1.0,"KG reports Drug-7 as an inhibitor of various targets, but its relevance to Ph+ CML-CP after 2+ TKIs is unclear.",0.875,2.25
3,HR+/HER2- metastatic breast cancer,none,no_kg,llama3.2:3b,0,8,D,1,1.0,1,1,1,1,,both,consistent,4.0,Strong evidence linking Drug-4 to the PI3K/AKT pathway relevant to breast cancer progression.,0.7142857142857143,2.2857142857142856
3,HR+/HER2- metastatic breast cancer,none,no_kg,llama3.2:3b,1,8,C,7,0.14285714285714285,0,0,0,1,,kg,insufficient,2.0,Insufficient evidence links Drug-7 to the treatment of HR+/HER2- metastatic breast cancer.,0.5,3.0
3,HER2-mutant NSCLC (PMDA),none,no_kg,llama3.2:3b,0,8,G,6,0.16666666666666666,0,0,0,1,,prior,insufficient,1.0,"Drug-8 has been investigated in other cancer types, but its effectiveness in HER2-mutant NSCLC is unknown.",0.7142857142857143,2.0
3,HER2-mutant NSCLC (PMDA),none,no_kg,llama3.2:3b,1,8,G,4,0.25,0,0,1,1,,kg,conflicting,1.0,Limited KG coverage and inconsistent annotations,0.625,1.75
3,Follicular lymphoma (+obinutuzumab),none,no_kg,llama3.2:3b,0,8,E,2,0.5,0,1,1,1,,prior,insufficient,3.0,Has anti-cancer properties but no direct evidence from KG,0.875,1.875
3,Follicular lymphoma (+obinutuzumab),none,no_kg,llama3.2:3b,1,8,F,3,0.3333333333333333,0,1,1,1,,kg,insufficient,2.0,"The KG reports an association between Drug-8 and the mTOR pathway, which is not directly relevant to follicular lymphoma.",0.625,1.875
3,Platinum-resistant ovarian carcinoma (PD-L1+ CPS≥1),none,no_kg,llama3.2:3b,0,8,E,2,0.5,0,1,1,1,,kg,consistent,4.0,"Drug-6 is reported to inhibit the PD-L1 pathway, which may help overcome immune evasion in PD-L1+ CPS≥1.",0.625,2.25
3,Platinum-resistant ovarian carcinoma (PD-L1+ CPS≥1),none,no_kg,llama3.2:3b,1,8,B,2,0.5,0,1,1,1,,kg,consistent,5.0,The mechanistic link between Drug-6 and PD-L1+ CPS≥1 suggests a plausible anti-cancer effect.,0.625,2.375
3,Resectable gastric/GEJ adenocarcinoma (neoadj+adj +FLOT),none,no_kg,llama3.2:3b,0,8,E,3,0.3333333333333333,0,1,1,1,,prior,insufficient,2.0,Drug-7 has been shown to inhibit a pathway (DOID:3717) that is also associated with the target disease.,0.625,2.25
3,Resectable gastric/GEJ adenocarcinoma (neoadj+adj +FLOT),none,no_kg,llama3.2:3b,1,8,F,3,0.3333333333333333,0,1,1,1,,kg,conflicting,2.0,Drugs B and F have conflicting evidence with the target disease.,0.75,2.5
3,Advanced RCC after PD-1/PD-L1 + VEGF-TKI,none,no_kg,llama3.2:3b,0,8,A,1,1.0,1,1,1,1,,both,consistent,4.0,Mechanistic links from KG and prior knowledge suggest Drug-8 is a plausible candidate.,0.625,1.75
3,Advanced RCC after PD-1/PD-L1 + VEGF-TKI,none,no_kg,llama3.2:3b,1,8,C,4,0.25,0,0,1,1,,both,conflicting,1.0,"Mechanistic link from Drug-8 -> RCC -> PI3K/AKT pathway, but conflicting reports on VEGF pathway involvement; also reported to inhibit mTOR pathway",0.875,2.0
3,HER2+ solid tumors (tumor-agnostic),none,no_kg,llama3.2:3b,0,8,G,7,0.14285714285714285,0,0,0,1,,prior,insufficient,1.0,No specific evidence links Drug-G to HER2 signaling or treatment of solid tumors; its primary indication is for inflammatory bowel disease.,0.5,2.25
3,HER2+ solid tumors (tumor-agnostic),none,no_kg,llama3.2:3b,1,8,G,6,0.16666666666666666,0,0,0,1,,kg,insufficient,1.0,The KG evidence for Drug-8 does not provide clear mechanistic insight into its potential efficacy for treating HER2+ solid tumors.,0.7142857142857143,2.0
3,HR+/HER2- early breast cancer (adjuvant),none,no_kg,llama3.2:3b,0,8,F,6,0.16666666666666666,0,0,0,1,,kg,insufficient,1.0,"Drug-5 has been reported to have anti-cancer activity, but specific evidence for HR+/HER2- early breast cancer is not available.",0.75,2.25
3,HR+/HER2- early breast cancer (adjuvant),none,no_kg,llama3.2:3b,1,8,B,2,0.5,0,1,1,1,,kg,insufficient,3.0,"Biological activity of B is not established in breast cancer, despite its association with the mTOR pathway.",0.625,1.75
3,Chronic lymphocytic leukemia,none,no_kg,llama3.2:3b,0,8,C,3,0.3333333333333333,0,1,1,1,,kg,conflicting,2.0,"Drug-8 has mechanistic links to the MEK pathway, which may be relevant in CLL, but evidence is sparse and conflicts with other knowledge.",0.5714285714285714,2.0
3,Chronic lymphocytic leukemia,none,no_kg,llama3.2:3b,1,8,D,5,0.2,0,0,1,1,,kg,insufficient,1.0,"Drug-8 targets CD38 pathway, with limited KG evidence and conflicting prior knowledge results.",0.75,1.75
3,Unresectable thymic carcinoma (PMDA),none,no_kg,llama3.2:3b,0,8,G,5,0.2,0,0,1,1,,prior,insufficient,2.0,Lacks clear connections to thymic carcinoma and anti-cancer effects,0.625,2.25
3,Unresectable thymic carcinoma (PMDA),none,no_kg,llama3.2:3b,1,8,D,1,1.0,1,1,1,1,,both,consistent,4.0,Mechanistic plausibility and prior knowledge support its use in PMDA.,0.5,2.5
3,IDH1-mutated relapsed/refractory MDS,none,no_kg,llama3.2:3b,0,8,A,1,1.0,1,1,1,1,,both,consistent,5.0,Mechanistic links to IDH1-mutated MDS in the KG and established role as an IDH inhibitor.,0.625,2.75
3,IDH1-mutated relapsed/refractory MDS,none,no_kg,llama3.2:3b,1,8,D,2,0.5,0,1,1,1,,prior,insufficient,4.0,Strong inhibition of histone deacetylases (HDACs),0.375,2.75
3,Metastatic colorectal cancer,none,no_kg,llama3.2:3b,0,8,B,6,0.16666666666666666,0,0,0,1,,kg,conflicting,2.0,Drug-1 has conflicting evidence between the PI3K/AKT pathway and a potential interaction with the NF-κB pathway.,0.75,2.125
3,Metastatic colorectal cancer,none,no_kg,llama3.2:3b,1,8,B,8,0.125,0,0,0,1,,kg,conflicting,2.0,"KG evidence suggests potential pathway targets, but conflicting data regarding effectiveness and clinical trial data support low ranking.",0.625,2.0
3,Agitation associated with Alzheimer's dementia,primekg,kg,llama3.2:3b,0,8,A,2,0.5,0,1,1,1,,both,conflicting,3.0,Targets intersect with multiple pathways but lack clear mechanistic relevance to agitation in Alzheimer's dementia,0.5714285714285714,2.142857142857143
3,Agitation associated with Alzheimer's dementia,primekg,kg,llama3.2:3b,1,8,H,3,0.3333333333333333,0,1,1,1,,prior,insufficient,1.0,No direct evidence linking Drug-8 to Alzheimer's dementia agitation,0.375,1.75
3,LDL-C elevation in statin-intolerant dyslipidemia,primekg,kg,llama3.2:3b,0,8,E,2,0.5,0,1,1,1,,kg,consistent,4.0,Targeting CYP2C8 is a plausible mechanism for treating LDL-C elevation in statin-intolerant dyslipidemia.,0.5,2.5
3,LDL-C elevation in statin-intolerant dyslipidemia,primekg,kg,llama3.2:3b,1,8,G,6,0.16666666666666666,0,0,0,1,,kg,insufficient,1.0,Candidate G has insufficient mechanistic links and evidence linking its targets to LDL-C elevation in statin-intolerant dyslipidemia,0.8571428571428571,2.142857142857143
3,First-line anemia in lower-risk MDS,primekg,kg,llama3.2:3b,0,8,D,3,0.3333333333333333,0,1,1,1,,kg,insufficient,2.0,"While Drug-8 targets ABCG2 and ABCB1, which are involved in drug transport and metabolism, no direct evidence links these targets to anemia treatment or MDS.",0.5,2.25
3,First-line anemia in lower-risk MDS,primekg,kg,llama3.2:3b,1,8,E,6,0.16666666666666666,0,0,0,1,,kg,insufficient,1.0,No clear connections are established in the knowledge graph between Drug-8 and the target disease.,0.625,1.5
3,Palmoplantar pustulosis (PMDA),primekg,kg,llama3.2:3b,0,8,G,7,0.14285714285714285,0,0,0,1,,kg,conflicting,1.0,Candidate's target is not directly connected to PMDA genes,0.5714285714285714,2.0
3,Palmoplantar pustulosis (PMDA),primekg,kg,llama3.2:3b,1,8,A,1,1.0,1,1,1,1,,kg,conflicting,4.0,"Targets IL23A, which is associated with PMDA in the KG, but Drug-8's primary target is IL23A, not a known PMDA gene.",0.5,2.5
3,Acute HCV pediatric,primekg,kg,llama3.2:3b,0,8,H,4,0.25,0,0,1,1,,both,consistent,4.0,Drug H's profile is broad but shows potential relevance due to its interactions with drug transporters and enzymes involved in HCV replication,0.625,2.5
3,Acute HCV pediatric,primekg,kg,llama3.2:3b,1,8,D,2,0.5,0,1,1,1,,both,consistent,4.0,Involves key transporters (ABCG2) and enzymes (CYP3A43/CYP3A5) in HCV replication and hepatotoxicity pathways,0.5,1.875
3,Oral tablet formulation for weight management,primekg,kg,llama3.2:3b,0,8,C,2,0.5,0,1,1,1,,prior,insufficient,4.0,"Prior knowledge suggests that LPL inhibition could influence weight management, but evidence from the KG is limited",0.5,3.125
3,Oral tablet formulation for weight management,primekg,kg,llama3.2:3b,1,8,G,2,0.5,0,1,1,1,,kg,consistent,3.0,"The provided evidence links Drug-8 to multiple targets relevant to weight management, including GLP1R and DPP4, which are involved in glucose metabolism and appetite regulation.",0.875,2.375
3,Nephrotic syndrome,primekg,kg,llama3.2:3b,0,8,D,3,0.3333333333333333,0,1,1,1,,prior,conflicting,4.0,"Targets SLC15A1 and CYP3A4, but its role in nephrotic syndrome is not well-established.",0.625,2.5
3,Nephrotic syndrome,primekg,kg,llama3.2:3b,1,8,A,1,1.0,1,1,1,1,,prior,insufficient,3.0,"Although Drug-1 targets MS4A1, its mechanistic link to nephrotic syndrome is unclear.",0.5,2.5
3,KRAS G12C+ mCRC,primekg,kg,llama3.2:3b,0,8,E,1,1.0,1,1,1,1,,both,consistent,4.0,"Directly targets KRAS, a key driver of KRAS G12C+ mCRC",0.875,1.75
3,KRAS G12C+ mCRC,primekg,kg,llama3.2:3b,1,8,G,7,0.14285714285714285,0,0,0,1,,kg,insufficient,3.0,Targeting KRAS is promising but lacks direct evidence from the knowledge graph,0.5,2.375
3,Retinal vein occlusion,primekg,kg,llama3.2:3b,0,8,B,1,1.0,1,1,1,1,,both,consistent,4.0,"Targets VEGFA, a key player in angiogenesis and vascular permeability.",0.75,1.75
3,Retinal vein occlusion,primekg,kg,llama3.2:3b,1,8,F,6,0.16666666666666666,0,0,0,1,,kg,conflicting,1.0,Lack of direct link and limited evidence targeting VEGFA.,0.5714285714285714,1.7142857142857142
3,TRD monotherapy,primekg,kg,llama3.2:3b,0,8,E,1,1.0,1,1,1,1,,both,consistent,4.0,Strong mechanistic link to TRD monotherapy and genetic nervous system disorder.,0.75,1.625
3,TRD monotherapy,primekg,kg,llama3.2:3b,1,8,G,5,0.2,0,0,1,1,,kg,insufficient,1.0,"Targets GRIN3B and BDNF, which may be relevant for TRD monotherapy, but evidence is sparse and primarily related to schizophrenia.",0.75,2.375
3,Reduce MACE in CVD + obesity/overweight,primekg,kg,llama3.2:3b,0,8,C,5,0.2,0,0,1,1,,both,insufficient,1.0,Targets multiple enzymes and receptors relevant to metabolism and inflammation but with limited direct connections to cardiovascular health,0.625,1.625
3,Reduce MACE in CVD + obesity/overweight,primekg,kg,llama3.2:3b,1,8,B,2,0.5,0,1,1,1,,kg,conflicting,4.0,"Targets multiple enzymes involved in lipid metabolism, but KG does not provide direct links to CVD + obesity/overweight",0.75,2.875
3,Indolent systemic mastocytosis (EMA),primekg,kg,llama3.2:3b,0,8,E,1,1.0,1,1,1,1,,kg,insufficient,3.0,"Targets KIT, a gene associated with EMA, but the strength of this link is uncertain.",0.625,2.25
3,Indolent systemic mastocytosis (EMA),primekg,kg,llama3.2:3b,1,8,B,7,0.14285714285714285,0,0,0,1,,kg,conflicting,1.0,Targets multiple transporters and enzymes that may not be directly relevant to indolent systemic mastocytosis (EMA).,0.5,1.75
3,IgG4-related disease,primekg,kg,llama3.2:3b,0,8,E,5,0.2,0,0,1,1,,kg,conflicting,1.0,Specific target CD19 may not be effective for IgG4-related disease due to its B cell specificity.,0.625,2.0
3,IgG4-related disease,primekg,kg,llama3.2:3b,1,8,D,1,1.0,1,1,1,1,,prior,insufficient,3.0,No direct relevance to fibrosis or inflammation,0.5,2.625
3,COVID-19 (expanded population),primekg,kg,llama3.2:3b,0,8,C,2,0.5,0,1,1,1,,kg,insufficient,3.0,Lack of direct evidence linking targets to COVID-19.,0.75,1.625
3,COVID-19 (expanded population),primekg,kg,llama3.2:3b,1,8,G,3,0.3333333333333333,0,1,1,1,,prior,insufficient,4.0,Prior knowledge links it to liver diseases but lacks direct COVID-19 evidence; significant impact on drug metabolism suggests potential influence on COVID-19.,0.625,3.25
3,Obstructive sleep apnea with obesity,primekg,kg,llama3.2:3b,0,8,C,2,0.5,0,1,1,1,,prior,insufficient,3.0,Targets involve complex pathways but no direct link to DOID:0050848,0.5,1.75
3,Obstructive sleep apnea with obesity,primekg,kg,llama3.2:3b,1,8,B,5,0.2,0,0,1,1,,prior,insufficient,2.0,"No direct connections to P4HTM or EDNRA, and broader target profile suggests potential off-target effects.",0.0,2.75
3,Biliary tract cancer 1L,primekg,kg,llama3.2:3b,0,8,D,1,1.0,1,1,1,1,,both,consistent,4.0,The mechanistic link between CD274 and Biliary tract cancer 1L is supported by the provided evidence.,0.75,2.375
3,Biliary tract cancer 1L,primekg,kg,llama3.2:3b,1,8,E,1,1.0,1,1,1,1,,both,insufficient,4.0,Direct association with CD274 in the knowledge graph,0.5,1.75
3,Retinal vein occlusion,primekg,kg,llama3.2:3b,0,8,A,3,0.3333333333333333,0,1,1,1,,kg,insufficient,2.0,Targets ANGPT2 but lack of relevance to retinal vein occlusion,0.625,1.875
3,Retinal vein occlusion,primekg,kg,llama3.2:3b,1,8,G,3,0.3333333333333333,0,1,1,1,,kg,consistent,5.0,"Strong evidence through the pathway and target VEGFA, a key player in retinal vein occlusion",0.75,3.375
3,Chorea associated with Huntington's disease,primekg,kg,llama3.2:3b,0,8,E,3,0.3333333333333333,0,1,1,1,,kg,insufficient,2.0,"targets some drug metabolism enzymes, but lacks clear relevance to Huntington's disease",0.5,1.75
3,Chorea associated with Huntington's disease,primekg,kg,llama3.2:3b,1,8,F,3,0.3333333333333333,0,1,1,1,,both,insufficient,2.0,"Drug-6 targets multiple enzymes CYP3A5 and CYP2D6, but the relevance to chorea associated with Huntington's disease is unclear due to insufficient knowledge-graph evidence.",0.375,2.0
3,High LDL-C with increased CV risk (expanded),primekg,kg,llama3.2:3b,0,8,C,8,0.125,0,0,0,1,,kg,conflicting,1.0,"KG evidence links Drug-4 to multiple targets, but the relationship between these targets and LDL-C regulation is unclear and conflicts with prior knowledge.",0.75,2.25
3,High LDL-C with increased CV risk (expanded),primekg,kg,llama3.2:3b,1,8,D,1,1.0,1,1,1,1,,kg,insufficient,3.0,"Drug-8 targets PCSK9, which is associated with High LDL-C with increased CV risk in the knowledge graph.",0.375,2.375
3,Polycythaemia vera and essential thrombocytopenia,primekg,kg,llama3.2:3b,0,8,E,1,1.0,1,1,1,1,,prior,insufficient,3.0,"Drug-1 targets IFNAR1 and IFNAR2, which are involved in the regulation of hematopoiesis. While there is limited direct evidence from the knowledge graph linking Drug-1 to polycythaemia vera and essential thrombocytopenia, its potential mechanistic relevance is supported by our own pharmacological knowledge.",0.75,1.75
3,Polycythaemia vera and essential thrombocytopenia,primekg,kg,llama3.2:3b,1,8,B,1,1.0,1,1,1,1,,kg,consistent,4.0,Mechanistic link from KG shows Drug-2 targets MPL and GH1.,0.75,1.875
3,Schnitzler syndrome (Japan),primekg,kg,llama3.2:3b,0,8,E,2,0.5,0,1,1,1,,kg,insufficient,3.0,"Targets ORM1 implicated in Schnitzler syndrome, but evidence is limited",0.75,2.875
3,Schnitzler syndrome (Japan),primekg,kg,llama3.2:3b,1,8,E,2,0.5,0,1,1,1,,kg,conflicting,4.0,"Drug-6 targets IL1B, a gene associated with Schnitzler syndrome (Japan), but KG evidence is sparse and may not accurately reflect the drug's actual mechanism",0.625,2.875
3,COVID-19 updated strain,primekg,kg,llama3.2:3b,0,8,C,5,0.2,0,0,1,1,,prior,insufficient,1.0,"Candidate C targets DDC, a protein with unknown function, which does not have a clear link to COVID-19.",0.375,1.875
3,COVID-19 updated strain,primekg,kg,llama3.2:3b,1,8,A,3,0.3333333333333333,0,1,1,1,,kg,insufficient,2.0,"The knowledge-graph evidence linking Drug-8 to various diseases is sparse or indirect, making it difficult to assess its relevance to COVID-19.",0.75,2.125
3,Delay T1D onset in children ≥1yr,primekg,kg,llama3.2:3b,0,8,E,4,0.25,0,0,1,1,,prior,uncertain,1.0,Lack of reported evidence in the knowledge graph,0.5,2.25
3,Delay T1D onset in children ≥1yr,primekg,kg,llama3.2:3b,1,8,D,8,0.125,0,0,0,1,,kg,insufficient,3.0,Drug-7 has no clear mechanistic link to T1D based on the KG evidence and pharmacological knowledge.,0.75,3.125
3,"mCRC BRAF V600E (traditional approval, was accelerated)",primekg,kg,llama3.2:3b,0,8,C,5,0.2,0,0,1,1,,prior,insufficient,2.0,Potential connections via pathway overlap but lack of direct mechanistic link,0.5,2.75
3,"mCRC BRAF V600E (traditional approval, was accelerated)",primekg,kg,llama3.2:3b,1,8,B,3,0.3333333333333333,0,1,1,1,,both,conflicting,1.0,"Candidate Drug-5 targets BRAF directly, but mechanistic links show that drug-5 could also influence CEBPA-DT and MIR1273C. However, there is no direct evidence linking these genes to mCRC BRAF V600E.",0.75,1.375
3,Diabetic retinopathy/DME (EMA Mar+May 2026),primekg,kg,llama3.2:3b,0,8,G,4,0.25,0,0,1,1,,kg,insufficient,1.0,Insufficient evidence links CandidateDrug-6 to Diabetic retinopathy/DME or its associated genes,0.5,1.8333333333333333
3,Diabetic retinopathy/DME (EMA Mar+May 2026),primekg,kg,llama3.2:3b,1,8,H,8,0.125,0,0,0,1,,kg,insufficient,3.0,Targets multiple receptors not directly related to Diabetic retinopathy/DME (EMA Mar+May 2026),0.625,3.375
3,Cerebral folate transport deficiency,primekg,kg,llama3.2:3b,0,8,H,7,0.14285714285714285,0,0,0,1,,kg,insufficient,2.0,,0.5714285714285714,2.142857142857143
3,Cerebral folate transport deficiency,primekg,kg,llama3.2:3b,1,8,E,5,0.2,0,0,1,1,,prior,insufficient,4.0,Some targets may be indirectly involved in folate metabolism,0.375,2.75
3,Heart failure (broadened),primekg,kg,llama3.2:3b,0,8,E,4,0.25,0,0,1,1,,kg,conflicting,3.0,Targets multiple CYP enzymes with relevance to heart failure but mechanistic link to echinostomiasis is unclear,0.5,3.5
3,Heart failure (broadened),primekg,kg,llama3.2:3b,1,8,E,5,0.2,0,0,1,1,,kg,insufficient,2.0,Lacks direct connections to heart failure or clear mechanistic links with liver function or drug metabolism targets.,0.875,2.25
3,Acquired hypofibrinogenemia in cardiovascular surgery,primekg,kg,llama3.2:3b,0,8,A,3,0.3333333333333333,0,1,1,1,,kg,conflicting,1.0,"Drug-7's target, NTRK1/3/2, suggests potential relevance to cellular signaling pathways involved in platelet function, but the KG does not provide clear evidence for its effectiveness in treating hypofibrinogenemia.",0.5,1.375
3,Acquired hypofibrinogenemia in cardiovascular surgery,primekg,kg,llama3.2:3b,1,8,C,3,0.3333333333333333,0,1,1,1,,prior,insufficient,2.0,No direct mechanistic links established in the knowledge graph or through pharmacological knowledge.,0.625,1.75
3,COPD,primekg,kg,llama3.2:3b,0,8,G,7,0.14285714285714285,0,0,0,1,,prior,insufficient,2.0,"Candidate Drug-G is a potential candidate for COPD treatment due to its association with IL4R, but evidence from the knowledge graph does not explicitly link it to the disease.",0.375,2.375
3,COPD,primekg,kg,llama3.2:3b,1,8,D,8,0.125,0,0,0,1,,kg,conflicting,1.0,"Targets IL4R; while inflammatory pathways are relevant to COPD, the mechanistic link is unclear",0.625,2.625
3,Chronic hepatitis B (pediatric),primekg,kg,llama3.2:3b,0,8,F,8,0.125,0,0,0,1,,kg,insufficient,2.0,Limited connections to key hepatitis B targets or pathways,0.625,2.375
3,Chronic hepatitis B (pediatric),primekg,kg,llama3.2:3b,1,8,E,1,1.0,1,1,1,1,,both,consistent,4.0,Mechanistic plausibility based on drug metabolism targets,0.625,1.75
3,HoFH pediatric (EMA),primekg,kg,llama3.2:3b,0,8,C,3,0.3333333333333333,0,1,1,1,,kg,consistent,4.0,"Drug-5 targets ABCG2 and UGT1A1, both of which are relevant to HoFH pediatric (EMA).",0.42857142857142855,2.857142857142857
3,HoFH pediatric (EMA),primekg,kg,llama3.2:3b,1,8,H,8,0.125,0,0,0,1,,unknown,insufficient,1.0,Lacks information about the target of Drug-8,0.625,1.875
3,HR+/HER2- breast cancer,primekg,kg,llama3.2:3b,0,8,C,5,0.2,0,0,1,1,,kg,conflicting,1.0,Targets receptors but no direct link to HR+/HER2- breast cancer was found in the knowledge graph,0.5,1.375
3,HR+/HER2- breast cancer,primekg,kg,llama3.2:3b,1,8,C,5,0.2,0,0,1,1,,prior,conflicting,1.0,Targets HRH1 but also targets multiple other enzymes that do not directly relate to HR+/HER2- breast cancer,0.625,1.625
3,Retinopathy of prematurity,primekg,kg,llama3.2:3b,0,8,A,1,1.0,1,1,1,1,,kg,insufficient,3.0,"Drugs-7 targets VEGFA and VEGFB are involved in angiogenesis, a key process in retinopathy of prematurity.",0.875,1.875
3,Retinopathy of prematurity,primekg,kg,llama3.2:3b,1,8,B,6,0.16666666666666666,0,0,0,1,,prior,insufficient,2.0,Lack of direct evidence linking Drugs B and A to ROP.,0.5,1.875
3,Agitation associated with Alzheimer's dementia,primekg,kg,llama3.2:3b,0,8,D,1,1.0,1,1,1,1,,,,,,,
3,Agitation associated with Alzheimer's dementia,primekg,kg,llama3.2:3b,1,8,H,9,0.1111111111111111,0,0,0,1,,,,,,0.2857142857142857,1.5714285714285714
3,Heterozygous familial hypercholesterolemia,primekg,kg,llama3.2:3b,0,8,B,8,0.125,0,0,0,1,,prior,consistent,5.0,"Targets PCSK9, a well-established driver of LDLR downregulation and cholesterol levels.",0.375,3.625
3,Heterozygous familial hypercholesterolemia,primekg,kg,llama3.2:3b,1,8,H,3,0.3333333333333333,0,1,1,1,,prior,insufficient,3.0,PCSK9's role in cholesterol synthesis and transport suggests potential relevance but evidence from the KG does not support a direct link.,0.875,1.75
3,Indolent systemic mastocytosis,primekg,kg,llama3.2:3b,0,8,A,2,0.5,0,1,1,1,,both,consistent,5.0,Drug-8's target of ABCG2 and CYP3A4 provides strong mechanistic plausibility.,0.375,2.625
3,Indolent systemic mastocytosis,primekg,kg,llama3.2:3b,1,8,A,1,1.0,1,1,1,1,,both,consistent,4.0,Mechanistic links to KIT and CYP3A4 make it a strong candidate.,0.5,1.75
3,Juvenile idiopathic arthritis (EMA Feb 2026),primekg,kg,llama3.2:3b,0,8,C,6,0.16666666666666666,0,0,0,1,,kg,conflicting,1.0,Targets multiple SLC transporters with unclear relationship to JIA,0.625,2.0
3,Juvenile idiopathic arthritis (EMA Feb 2026),primekg,kg,llama3.2:3b,1,8,F,4,0.25,0,0,1,1,,both,conflicting,1.0,"Targets multiple transporters and enzymes, with KG evidence showing some targets relevant to Juvenile idiopathic arthritis (EMA Feb 2026) but conflicting with other roles",0.25,1.75
3,Invasive fungal infections pediatric ≥2yr,primekg,kg,llama3.2:3b,0,8,B,9,0.1111111111111111,0,0,0,1,,,,,,0.5,2.3333333333333335
3,Invasive fungal infections pediatric ≥2yr,primekg,kg,llama3.2:3b,1,8,H,4,0.25,0,0,1,1,,both,insufficient,2.0,Limited evidence and conflict with pharmacology knowledge for Drug H's targets.,0.875,2.125
3,PKU expanded to ≥12yr,primekg,kg,llama3.2:3b,0,8,A,7,0.14285714285714285,0,0,0,1,,kg,insufficient,1.0,No direct evidence linking Drug-7 to PKU >=12yr,0.375,2.5
3,PKU expanded to ≥12yr,primekg,kg,llama3.2:3b,1,8,E,1,1.0,1,1,1,1,,prior,insufficient,4.0,Has potential relevance to PKU due to COMT's role in phenylalanine metabolism,0.375,2.625
3,HR+/HER2-low breast cancer,primekg,kg,llama3.2:3b,0,8,H,8,0.125,0,0,0,1,,prior,insufficient,3.0,Drug-8 targets several proteins but does not have a direct association with HR+/HER2-low breast cancer in the knowledge graph.,0.125,3.125
3,HR+/HER2-low breast cancer,primekg,kg,llama3.2:3b,1,8,A,6,0.16666666666666666,0,0,0,1,,kg,conflicting,1.0,"Direct mechanistic links found, but conflict with prior knowledge of SLCO1B3 not being directly related to this disease",0.625,1.875
3,Spinal muscular atrophy (pediatric expansion),primekg,kg,llama3.2:3b,0,8,E,3,0.3333333333333333,0,1,1,1,,prior,insufficient,2.0,Associated with metabolism of drugs used in SMA treatment but primary association is with another disease,0.5714285714285714,2.142857142857143
3,Spinal muscular atrophy (pediatric expansion),primekg,kg,llama3.2:3b,1,8,A,2,0.5,0,1,1,1,,kg,insufficient,3.0,Potential impact on SMA-related pathways due to target of SLC47A1 and CYP3A43.,0.42857142857142855,2.0
3,Chronic kidney disease,primekg,kg,llama3.2:3b,0,8,C,2,0.5,0,1,1,1,,kg,consistent,3.0,Targets UGT1A8 and SLC22A8 which have mechanistic links in the knowledge graph to Chronic kidney disease.,0.875,2.125
3,Chronic kidney disease,primekg,kg,llama3.2:3b,1,8,E,5,0.2,0,0,1,1,,kg,conflicting,1.0,Targeting metabolic pathways has no clear connections to DOID:784 despite some indirect associations with the disease through diabetic nephropathy.,0.75,1.5
3,IgE-mediated food allergy,primekg,kg,llama3.2:3b,0,8,A,1,1.0,1,1,1,1,,both,consistent,3.0,Direct links to MS4A2 and FCER1A provide mechanistic plausibility.,0.875,1.375
3,IgE-mediated food allergy,primekg,kg,llama3.2:3b,1,8,F,1,1.0,1,1,1,1,,both,consistent,4.0,"Directly targets ALB, which is involved in histamine transport; provides strong mechanistic plausibility for IgE-mediated food allergy",0.875,2.0
3,Measles prophylaxis post-exposure,primekg,kg,llama3.2:3b,0,8,E,3,0.3333333333333333,0,1,1,1,,kg,insufficient,2.0,Targets proteins involved in immune response and complement pathways,0.875,1.75
3,Measles prophylaxis post-exposure,primekg,kg,llama3.2:3b,1,8,G,3,0.3333333333333333,0,1,1,1,,prior,insufficient,2.0,"While Drug-1 targets several complement regulators, its relevance to measles-specific mechanisms is unclear without additional evidence.",0.75,1.375
3,CKD in T2D,primekg,kg,llama3.2:3b,0,8,A,1,1.0,1,1,1,1,,prior,consistent,4.0,Prior knowledge suggests that drugs targeting GLP1R may be useful for treating diabetes-related complications like CKD.,0.125,3.125
3,CKD in T2D,primekg,kg,llama3.2:3b,1,8,A,1,1.0,1,1,1,1,,both,consistent,4.0,Strong mechanistic link to CKD in T2D through GLP1R targeting,0.5714285714285714,2.142857142857143
3,dMMR recurrent/advanced endometrial cancer,primekg,kg,llama3.2:3b,0,8,H,8,0.125,0,0,0,1,,kg,insufficient,1.0,"DRUG-8 targets PDCD1, but there is no direct association with dMMR recurrent/advanced endometrial cancer in the knowledge graph",0.875,1.375
3,dMMR recurrent/advanced endometrial cancer,primekg,kg,llama3.2:3b,1,8,F,8,0.125,0,0,0,1,,kg,insufficient,1.0,No relevant information available in the KG.,0.5,2.125
3,ILD-associated pulmonary hypertension,primekg,kg,llama3.2:3b,0,8,E,6,0.16666666666666666,0,0,0,1,,prior,insufficient,2.0,"Prior knowledge supports the use of Drug-5 in treating conditions with similar mechanisms, but direct connections to ILD-associated pulmonary hypertension pathways are lacking.",0.125,2.375
3,ILD-associated pulmonary hypertension,primekg,kg,llama3.2:3b,1,8,B,1,1.0,1,1,1,1,,kg,insufficient,4.0,"Targets PTGIR, which is not directly linked to ILD-associated pulmonary hypertension in the KG, but could still be relevant through related pathways.",0.5,2.125
3,Crohn's disease,primekg,kg,llama3.2:3b,0,8,H,8,0.125,0,0,0,1,,kg,insufficient,1.0,"The targets of Drug-8 are relevant to immune system function and metabolism, but the knowledge graph evidence does not support its use in Crohn's disease.",0.75,1.875
3,Crohn's disease,primekg,kg,llama3.2:3b,1,8,A,1,1.0,1,1,1,1,,both,insufficient,3.0,"Candidate A targets multiple transporters and CYPs involved in the transport and metabolism of bile acids, which are known to play a role in Crohn's disease.",0.375,1.875
3,COVID-19 in severe renal impairment/dialysis,primekg,kg,llama3.2:3b,0,8,F,4,0.25,0,0,1,1,,kg,conflicting,3.0,"CYP2C8 target has mechanistic link to drug metabolism, but its relevance to COVID-19's pathophysiology is unclear",0.625,2.25
3,COVID-19 in severe renal impairment/dialysis,primekg,kg,llama3.2:3b,1,8,B,2,0.5,0,1,1,1,,both,consistent,4.0,CYP2C8 target is relevant to renal clearance; CES1 targets a drug transport protein involved in drug disposition,0.625,1.875
3,MASH with fibrosis,primekg,kg,llama3.2:3b,0,8,G,9,0.1111111111111111,0,0,0,1,,,,,,,
3,MASH with fibrosis,primekg,kg,llama3.2:3b,1,8,D,5,0.2,0,0,1,1,,kg,insufficient,2.0,Targets multiple genes and pathways but lacks direct connection to fibrosis or gene expressions associated with MASH with fibrosis.,0.875,2.625
3,Urothelial carcinoma (expanded population),primekg,kg,llama3.2:3b,0,8,E,3,0.3333333333333333,0,1,1,1,,prior,insufficient,2.0,Lacks clear connections to Urothelial carcinoma and has conflicting evidence with Drug-6.,0.625,1.75
3,Urothelial carcinoma (expanded population),primekg,kg,llama3.2:3b,1,8,E,3,0.3333333333333333,0,1,1,1,,prior,insufficient,2.0,"Candidate E targets CYP3A4 and ABCB1, enzymes involved in drug metabolism and transport, which may impact the efficacy of other drugs used for urothelial carcinoma.",0.0,2.125
3,Chronic thromboembolic pulmonary hypertension,primekg,kg,llama3.2:3b,0,8,G,6,0.16666666666666666,0,0,0,1,,prior,insufficient,2.0,No clear link between drug targets and CTEPH,0.0,2.142857142857143
3,Chronic thromboembolic pulmonary hypertension,primekg,kg,llama3.2:3b,1,8,B,7,0.14285714285714285,0,0,0,1,,kg,insufficient,1.0,Lack of direct link to F10 and pulmonary hypertension.,0.75,1.875
3,Crohn's disease,primekg,kg,llama3.2:3b,0,8,F,5,0.2,0,0,1,1,,kg,insufficient,1.0,No clear mechanistic link established in the knowledge graph.,0.5,2.125
3,Crohn's disease,primekg,kg,llama3.2:3b,1,8,C,3,0.3333333333333333,0,1,1,1,,prior,insufficient,2.0,"Drugs targeting PPARG have shown efficacy in inflammatory conditions, and some may affect relevant pathways in Crohn's disease.",0.5,1.75
3,HoFH in children,primekg,kg,llama3.2:3b,0,8,G,4,0.25,0,0,1,1,,prior,insufficient,4.0,Lack of information on Drug-7 and the provided profiles for Drugs 1 and 4 do not show direct relevance to HoFH,0.2857142857142857,3.5714285714285716
3,HoFH in children,primekg,kg,llama3.2:3b,1,8,E,5,0.2,0,0,1,1,,kg,insufficient,1.0,,0.5,2.0
3,First-line anemia in lower-risk MDS,primekg,kg,llama3.2:3b,0,8,B,9,0.1111111111111111,0,0,0,1,,,,,,1.0,4.0
3,First-line anemia in lower-risk MDS,primekg,kg,llama3.2:3b,1,8,A,2,0.5,0,1,1,1,,kg,conflicting,3.0,,0.375,1.75
3,Generalized myasthenia gravis,primekg,kg,llama3.2:3b,0,8,A,3,0.3333333333333333,0,1,1,1,,kg,insufficient,2.0,Lack of direct connection to myasthenia gravis.,0.75,2.125
3,Generalized myasthenia gravis,primekg,kg,llama3.2:3b,1,8,G,7,0.14285714285714285,0,0,0,1,,kg,conflicting,1.0,"Targeting CD19, which is associated with B-cell signaling, but this pathway is less directly linked to myasthenia gravis",0.625,1.75
3,Acquired hypothalamic obesity,primekg,kg,llama3.2:3b,0,8,E,3,0.3333333333333333,0,1,1,1,,kg,insufficient,2.0,Potential target for hypothalamic disease.,0.625,1.75
3,Acquired hypothalamic obesity,primekg,kg,llama3.2:3b,1,8,A,1,1.0,1,1,1,1,,kg,consistent,4.0,"Targeting MC4R, a key receptor in hypothalamic disease.",0.625,2.125
3,HR+/HER2- node-positive high-risk early breast cancer,primekg,kg,llama3.2:3b,0,8,B,3,0.3333333333333333,0,1,1,1,,kg,insufficient,2.0,Association of Drug-8 with ORM2 does not appear to have direct relevance to HR+/HER2- node-positive high-risk early breast cancer,0.875,1.875
3,HR+/HER2- node-positive high-risk early breast cancer,primekg,kg,llama3.2:3b,1,8,H,6,0.16666666666666666,0,0,0,1,,kg,conflicting,3.0,"Drug-8 targets multiple genes not directly implicated in HR+/HER2- node-positive high-risk early breast cancer, and the provided evidence does not establish a clear mechanistic link between Drug-8's target pathways and the disease.",0.5,3.25
3,EGPA,primekg,kg,llama3.2:3b,0,8,C,2,0.5,0,1,1,1,,kg,conflicting,4.0,"VDR's pharmacological relevance is limited, but its involvement in mineral ion homeostasis suggests a possible link to immune system diseases like EGPA.",0.625,2.125
3,EGPA,primekg,kg,llama3.2:3b,1,8,C,8,0.125,0,0,0,1,,kg,conflicting,1.0,Target FCER1A has no established link to EGPA in the KG.,0.75,2.25
3,BRAF+ thyroid cancer,primekg,kg,llama3.2:3b,0,8,E,2,0.5,0,1,1,1,,kg,conflicting,4.0,IL1B is linked to inflammation in the KG but not directly to BRAF+ thyroid cancer; Drug-6's profile also shows associations with other diseases,0.75,2.875
3,BRAF+ thyroid cancer,primekg,kg,llama3.2:3b,1,8,E,2,0.5,0,1,1,1,,prior,insufficient,3.0,"Drug-6 targets IL1B and TNF, which could potentially be involved in BRAF+ thyroid cancer,",0.25,1.75
3,Giant cell arteritis,primekg,kg,llama3.2:3b,0,8,C,8,0.125,0,0,0,1,,prior,insufficient,1.0,"drugs targeting SLCO1B1 and CYP2D6 are indirectly relevant to the disease through their associations with drug targets, but evidence is sparse.",0.5,2.0
3,Giant cell arteritis,primekg,kg,llama3.2:3b,1,8,F,7,0.14285714285714285,0,0,0,1,,prior,insufficient,1.0,Lacks clear mechanistic link to treatment mechanism of giant cell arteritis and overrepresentation in drugs for other conditions.,0.625,1.875
3,dMMR/MSI-H primary advanced endometrial cancer,primekg,kg,llama3.2:3b,0,8,E,8,0.125,0,0,0,1,,kg,insufficient,1.0,"Targets PDCD1, a protein involved in immune regulation, but its connection to dMMR/MSI-H primary advanced endometrial cancer is unclear.",0.625,2.125
3,dMMR/MSI-H primary advanced endometrial cancer,primekg,kg,llama3.2:3b,1,8,F,5,0.2,0,0,1,1,,both,insufficient,2.0,Targets a receptor (PDCD1) relevant to immunotherapy approaches but lacks direct evidence linking it to dMMR/MSI-H primary advanced endometrial cancer mechanisms.,1.0,2.625
3,Polymyalgia rheumatica,primekg,kg,llama3.2:3b,0,8,H,8,0.125,0,0,0,1,,kg,insufficient,1.0,Candidate Drug-8 has mechanistic plausibility due to its targeting of IL6R according to the knowledge graph,0.875,1.75
3,Polymyalgia rheumatica,primekg,kg,llama3.2:3b,1,8,B,5,0.2,0,0,1,1,,kg,conflicting,1.0,Conflicting mechanistic links; IL6R and CYP3A4 are not directly relevant to Polymyalgia rheumatica.,0.875,1.75
3,Ph+ CML-CP frontline (EMA Feb 2026),primekg,kg,llama3.2:3b,0,8,H,7,0.14285714285714285,0,0,0,1,,kg,uncertain,1.0,Insufficient evidence linking Drug-8 to Ph+ CML-CP frontline disease,0.625,2.5
3,Ph+ CML-CP frontline (EMA Feb 2026),primekg,kg,llama3.2:3b,1,8,F,4,0.25,0,0,1,1,,kg,insufficient,2.0,"Mechanism of action through ALB inhibition has potential for treating Ph+ CML-CP frontline (EMA Feb 2026), but evidence from the knowledge graph is limited",0.625,1.875
3,Allergic fungal rhinosinusitis (AFRS) ≥6yr,primekg,kg,llama3.2:3b,0,8,B,2,0.5,0,1,1,1,,kg,consistent,4.0,"Drug-8's target IL4R is well-connected to allergic reactions and immune response, suggesting potential relevance to AFRS.",1.0,1.75
3,Allergic fungal rhinosinusitis (AFRS) ≥6yr,primekg,kg,llama3.2:3b,1,8,A,2,0.5,0,1,1,1,,prior,insufficient,2.0,The mechanistic plausibility of Drug-3 is uncertain due to the limited evidence from the knowledge graph.,0.375,2.625
3,RET-fusion NSCLC (expanded),primekg,kg,llama3.2:3b,0,8,F,6,0.16666666666666666,0,0,0,1,,prior,insufficient,1.0,Lacks specific target on RET and has some overlap with Drug-8 but does not provide sufficient mechanistic plausibility.,0.625,1.75
3,RET-fusion NSCLC (expanded),primekg,kg,llama3.2:3b,1,8,G,8,0.125,0,0,0,1,,prior,insufficient,1.0,Lacks direct link to RET fusion and targets enzymes more commonly associated with cardiovascular diseases,0.5,2.5
3,"Crohn's disease (moderate-severe, refractory)",primekg,kg,llama3.2:3b,0,8,C,5,0.2,0,0,1,1,,prior,insufficient,1.0,"Targets IL23A, a protein involved in inflammatory response, but evidence is limited and not directly related to Crohn's disease",0.375,1.875
3,"Crohn's disease (moderate-severe, refractory)",primekg,kg,llama3.2:3b,1,8,G,2,0.5,0,1,1,1,,kg,consistent,5.0,"Drug-7 targets IL23A, which is directly related to Crohn's disease (moderate-severe, refractory)",0.625,2.375
3,Follicular lymphoma,primekg,kg,llama3.2:3b,0,8,E,1,1.0,1,1,1,1,,kg,consistent,4.0,Mechanistic plausibility provided by CD19 targeting,0.625,1.75
3,Follicular lymphoma,primekg,kg,llama3.2:3b,1,8,F,3,0.3333333333333333,0,1,1,1,,both,conflicting,2.0,"Candidate F targets multiple proteins involved in adrenergic signaling pathways, some of which may interact with genes associated with the disease.",0.75,2.0
3,Atopic dermatitis,primekg,kg,llama3.2:3b,0,8,F,1,1.0,1,1,1,1,,both,consistent,4.0,"The drug targets several transporters and enzymes involved in the pathophysiology of atopic dermatitis, supported by mechanistic links from the knowledge graph.",0.375,1.75
3,Atopic dermatitis,primekg,kg,llama3.2:3b,1,8,D,1,1.0,1,1,1,1,,prior,insufficient,4.0,"Targets ATP6V1G3, a subunit of the H+ATPase in cells, which could plausibly affect skin barrier function.",0.625,2.5
3,1L biliary tract cancer (+gemcitabine+cisplatin),primekg,kg,llama3.2:3b,0,8,D,1,1.0,1,1,1,1,,prior,insufficient,4.0,Drug-6 has relevant but unclear targets for 1L biliary tract cancer,0.5,3.125
3,1L biliary tract cancer (+gemcitabine+cisplatin),primekg,kg,llama3.2:3b,1,8,E,4,0.25,0,0,1,1,,both,insufficient,1.0,"Mechanism of action for Drug-7 does not match the pathway affected in 1L biliary tract cancer. Additionally, target gene PDCD1 is not strongly associated with this disease.",0.7142857142857143,2.4285714285714284
3,IV formulation for rheumatic diseases (EMA),primekg,kg,llama3.2:3b,0,8,H,4,0.25,0,0,1,1,,prior,insufficient,3.0,Drug-1 targets several receptors with some relevance to fibroblastic rheumatism.,0.3333333333333333,2.6666666666666665
3,IV formulation for rheumatic diseases (EMA),primekg,kg,llama3.2:3b,1,8,D,1,1.0,1,1,1,1,,kg,consistent,5.0,Direct mechanistic link through UGT2B7 to fibroblastic rheumatism,0.5,1.75
3,BRAF+ thyroid cancer,primekg,kg,llama3.2:3b,0,8,H,9,0.1111111111111111,0,0,0,0,,,,,,,
3,BRAF+ thyroid cancer,primekg,kg,llama3.2:3b,1,8,E,2,0.5,0,1,1,1,,,,,,,
3,EGPA (expanded),primekg,kg,llama3.2:3b,0,8,G,5,0.2,0,0,1,1,,prior,insufficient,1.0,"Targets IL5RA and FCGR3A, which do not have clear connections to EGPA in the KG or pharmacological knowledge.",0.5,1.375
3,EGPA (expanded),primekg,kg,llama3.2:3b,1,8,C,4,0.25,0,0,1,1,,kg,conflicting,2.0,Drugs targeting IL5RA and FCGR3A are less relevant due to lack of direct connection to EGPA pathways,0.625,2.25
3,Pheochromocytoma/paraganglioma,primekg,kg,llama3.2:3b,0,8,G,7,0.14285714285714285,0,0,0,1,,kg,insufficient,1.0,,0.25,1.875
3,Pheochromocytoma/paraganglioma,primekg,kg,llama3.2:3b,1,8,H,6,0.16666666666666666,0,0,0,1,,both,conflicting,2.0,"Drug-8 targets EPAS1, which does not directly relate to Pheochromocytoma/paraganglioma; the mechanistic plausibility is uncertain due to conflicting evidence.",0.5,2.125
3,Pediatric atopic dermatitis,primekg,kg,llama3.2:3b,0,8,B,1,1.0,1,1,1,1,,kg,consistent,4.0,"Drug-8 targets ABCB1 and CYP3A4, both involved in skin barrier function and drug transport.",0.2857142857142857,1.8571428571428572
3,Pediatric atopic dermatitis,primekg,kg,llama3.2:3b,1,8,C,4,0.25,0,0,1,1,,prior,conflicting,2.0,"AUGBC2 has some relevance to skin conditions, but no direct evidence of association with pediatric atopic dermatitis.",0.5,2.125
3,MSI-H/dMMR solid tumors (full approval conversion),primekg,kg,llama3.2:3b,0,8,C,4,0.25,0,0,1,1,,both,conflicting,1.0,"PDCD1 is an immune checkpoint protein, but its relevance to MSI-H/dMMR solid tumors without further evidence is unclear",0.5,1.75
3,MSI-H/dMMR solid tumors (full approval conversion),primekg,kg,llama3.2:3b,1,8,A,1,1.0,1,1,1,1,,prior,insufficient,3.0,"Drug-6 targets PDCD1, which is involved in immune regulation",0.75,2.25
3,Psoriasis in children 6-11 (cream),primekg,kg,llama3.2:3b,0,8,A,1,1.0,1,1,1,1,,prior,insufficient,3.0,Mechanistic plausibility based on PDE4C involvement in inflammatory pathways.,0.5,3.5
3,Psoriasis in children 6-11 (cream),primekg,kg,llama3.2:3b,1,8,C,4,0.25,0,0,1,1,,prior,insufficient,2.0,"PDE inhibitors have been studied for their anti-inflammatory effects, but there is limited evidence to suggest they are effective in treating psoriasis.",0.125,1.875
3,Pancreatic NET,primekg,kg,llama3.2:3b,0,8,B,4,0.25,0,0,1,1,,kg,conflicting,3.0,Targets both pathways relevant and irrelevant to pancreatic NET development,0.5,2.5
3,Pancreatic NET,primekg,kg,llama3.2:3b,1,8,H,8,0.125,0,0,0,1,,kg,conflicting,1.0,"While some targets relate to cancer progression, the efficacy of Drug-5 in treating pancreatic NET is uncertain due to limited clinical data.",0.625,1.75
3,Ulcerative colitis,primekg,kg,llama3.2:3b,0,8,B,6,0.16666666666666666,0,0,0,1,,kg,conflicting,1.0,"Targets ACHE and BCHE, more commonly associated with pain relief",0.625,2.0
3,Ulcerative colitis,primekg,kg,llama3.2:3b,1,8,C,2,0.5,0,1,1,1,,both,consistent,3.0,Indirect connection through UGT1A8 and bile acid synthesis pathways,0.625,2.0
3,Gastric/GEJ adenocarcinoma (1L +chemo),primekg,kg,llama3.2:3b,0,8,G,3,0.3333333333333333,0,1,1,1,,kg,conflicting,2.0,"Targeting PD-L1 (Drug-8) may be relevant for gastric/GEJ adenocarcinoma, as this pathway is implicated in immune evasion. However, the role of PD-L1 in gastric cancer is not well established.",0.625,1.75
3,Gastric/GEJ adenocarcinoma (1L +chemo),primekg,kg,llama3.2:3b,1,8,A,1,1.0,1,1,1,1,,kg,insufficient,3.0,"The drug targets CD274, but there is no direct evidence linking this pathway to gastric/GEJ adenocarcinoma.",0.625,3.5
3,Hidradenitis suppurativa,primekg,kg,llama3.2:3b,0,8,A,3,0.3333333333333333,0,1,1,1,,prior,insufficient,2.0,"Lack of direct evidence linking Drug-7 targets to Hidradenitis suppurativa, but IL17A is involved in inflammatory pathways.",0.75,2.375
3,Hidradenitis suppurativa,primekg,kg,llama3.2:3b,1,8,G,2,0.5,0,1,1,1,,prior,insufficient,3.0,"While Drug-7 targets IL17A, which is involved in inflammation, no direct association with hidradenitis suppurativa was found in the literature.",0.42857142857142855,2.2857142857142856
3,Biliary tract cancer,primekg,kg,llama3.2:3b,0,8,C,2,0.5,0,1,1,1,,prior,insufficient,2.0,"Targets PDCD1, but no direct evidence link to biliary tract cancer provided",0.5,2.75
3,Biliary tract cancer,primekg,kg,llama3.2:3b,1,8,C,2,0.5,0,1,1,1,,kg,insufficient,2.0,Mechanistic link from C. to Biliary tract cancer is uncertain due to lack of evidence.,0.5,2.375
3,Antibody-mediated rejection in organ transplantation,primekg,kg,llama3.2:3b,0,8,D,3,0.3333333333333333,0,1,1,1,,prior,insufficient,3.0,"Prior knowledge suggests MS4A1 may play a role in various biological processes, but KG evidence is limited and inconclusive.",0.125,2.625
3,Antibody-mediated rejection in organ transplantation,primekg,kg,llama3.2:3b,1,8,F,5,0.2,0,0,1,1,,kg,conflicting,2.0,"The knowledge graph links Drug-1 to MS4A1, but this protein is not directly related to antibody-mediated rejection in organ transplantation.",0.5,2.5
3,Neoadj+adj HNSCC,primekg,kg,llama3.2:3b,0,8,D,2,0.5,0,1,1,1,,prior,insufficient,2.0,"Candidate Drug-3 targets PDCD1, which is involved in immune regulation. While no direct link to HNSCC exists, its immunomodulatory effects raise interest.",0.875,1.5
3,Neoadj+adj HNSCC,primekg,kg,llama3.2:3b,1,8,E,4,0.25,0,0,1,1,,prior,insufficient,2.0,Targeting PDCD1 has no established connection to HNSCC.,0.5,1.875
3,Ulcerative colitis,primekg,kg,llama3.2:3b,0,8,B,8,0.125,0,0,0,1,,kg,insufficient,1.0,Targets IL23A but no clear association with Ulcerative colitis found in the KG.,0.375,2.0
3,Ulcerative colitis,primekg,kg,llama3.2:3b,1,8,H,8,0.125,0,0,0,1,,prior,insufficient,1.0,Lack of mechanistic link and indirect target in inflammatory pathway.,0.5,1.875
3,dMMR/MSI-H primary advanced endometrial cancer (+chemo),primekg,kg,llama3.2:3b,0,8,G,7,0.14285714285714285,0,0,0,1,,kg,insufficient,1.0,"Targets multiple enzymes involved in various cellular processes, but no direct associations with dMMR/MSI-H primary advanced endometrial cancer (+chemo)",0.875,1.875
3,dMMR/MSI-H primary advanced endometrial cancer (+chemo),primekg,kg,llama3.2:3b,1,8,H,7,0.14285714285714285,0,0,0,1,,prior,insufficient,2.0,"Candidate H targets PDCD1, a tumor suppressor gene.",0.5,2.625
3,GVHD + pediatric,primekg,kg,llama3.2:3b,0,8,H,5,0.2,0,0,1,1,,kg,conflicting,3.0,The drug targets JAK1 and JAK2 without clear associations with GVHD + pediatric in the knowledge graph.,0.75,2.625
3,GVHD + pediatric,primekg,kg,llama3.2:3b,1,8,G,7,0.14285714285714285,0,0,0,1,,kg,conflicting,2.0,,0.625,1.875
3,Gastric/GEJ adenocarcinoma,primekg,kg,llama3.2:3b,0,8,G,8,0.125,0,0,0,1,,kg,insufficient,1.0,,0.5,1.5
3,Gastric/GEJ adenocarcinoma,primekg,kg,llama3.2:3b,1,8,E,1,1.0,1,1,1,1,,both,consistent,4.0,Target CD274 is involved in immune checkpoint regulation and is linked to gastric/GEJ adenocarcinoma by the knowledge graph.,0.75,1.875
3,COPD (EMA 2025),primekg,kg,llama3.2:3b,0,8,A,4,0.25,0,0,1,1,,prior,insufficient,3.0,Prior knowledge of IL-4/IL-13 signaling pathway's relevance to asthma suggests some mechanistic plausibility for Drug-6.,0.5,3.125
3,COPD (EMA 2025),primekg,kg,llama3.2:3b,1,8,D,5,0.2,0,0,1,1,,prior,insufficient,1.0,No clear mechanism for treatment,0.25,1.75
3,RAS wild-type HER2+ metastatic colorectal cancer,primekg,kg,llama3.2:3b,0,8,G,8,0.125,0,0,0,1,,kg,conflicting,3.0,,0.625,2.5
3,RAS wild-type HER2+ metastatic colorectal cancer,primekg,kg,llama3.2:3b,1,8,F,4,0.25,0,0,1,1,,uncertain,insufficient,1.0,,0.375,2.25
3,Primary immunodeficiency pediatric (EMA),primekg,kg,llama3.2:3b,0,8,D,2,0.5,0,1,1,1,,kg,consistent,4.0,Strongly associated with primary immunodeficiency pediatric (EMA),0.5,1.875
3,Primary immunodeficiency pediatric (EMA),primekg,kg,llama3.2:3b,1,8,E,1,1.0,1,1,1,1,,both,consistent,4.0,The link between Drug-1 and FCGR3A is strong.,0.625,2.0
3,BRAF V600E metastatic NSCLC,primekg,kg,llama3.2:3b,0,8,F,5,0.2,0,0,1,1,,prior,insufficient,1.0,,0.5714285714285714,1.8571428571428572
3,BRAF V600E metastatic NSCLC,primekg,kg,llama3.2:3b,1,8,C,8,0.125,0,0,0,1,,kg,conflicting,5.0,"Drug-7 targets multiple enzymes and pathways, which may not be directly relevant to BRAF V600E metastatic NSCLC.",0.25,4.25
3,CRSwNP (eosinophilic chronic rhinosinusitis with nasal polyps),primekg,kg,llama3.2:3b,0,8,H,6,0.16666666666666666,0,0,0,1,,uncertain,insufficient,1.0,No information available on the drug's target mechanisms or relationships with CRSwNP.,0.375,1.875
3,CRSwNP (eosinophilic chronic rhinosinusitis with nasal polyps),primekg,kg,llama3.2:3b,1,8,F,3,0.3333333333333333,0,1,1,1,,kg,insufficient,2.0,"Targets NEU2, which might be relevant to respiratory function, but lacks mechanistic links directly from the knowledge graph.",0.5,1.875
3,Pediatric glioma (EMA),primekg,kg,llama3.2:3b,0,8,B,4,0.25,0,0,1,1,,kg,conflicting,2.0,"Targets relevant genes involved in cell cycle regulation and apoptosis, but with limited knowledge graph evidence",0.625,2.25
3,Pediatric glioma (EMA),primekg,kg,llama3.2:3b,1,8,G,4,0.25,0,0,1,1,,prior,conflicting,3.0,Potential impact on drug transport but uncertain relevance to glioma,0.5714285714285714,2.4285714285714284
3,Primary humoral immunodeficiency pediatric 2-11yr,primekg,kg,llama3.2:3b,0,8,D,1,1.0,1,1,1,1,,prior,consistent,5.0,Targets FCGR3A associated with primary humoral immunodeficiency pediatric 2-11yr.,0.625,1.875
3,Primary humoral immunodeficiency pediatric 2-11yr,primekg,kg,llama3.2:3b,1,8,C,9,0.1111111111111111,0,0,0,1,,,,,,1.0,2.4
3,"ALK+ solid tumors (tissue-agnostic, world-first)",primekg,kg,llama3.2:3b,0,8,F,1,1.0,1,1,1,1,,both,consistent,4.0,Targeting ALK aligns with its role in driving cancer progression in ALK+ solid tumors.,0.5,2.125
3,"ALK+ solid tumors (tissue-agnostic, world-first)",primekg,kg,llama3.2:3b,1,8,F,1,1.0,1,1,1,1,,both,consistent,5.0,Direct mechanistic links to the target disease provide strong evidence for its plausibility.,0.25,1.875
3,Primary mediastinal large B-cell lymphoma,primekg,kg,llama3.2:3b,0,8,E,1,1.0,1,1,1,1,,prior,insufficient,4.0,"Drug-5 targets PDCD1, a gene associated with the target disease through mechanistic links in the knowledge graph.",0.25,1.75
3,Primary mediastinal large B-cell lymphoma,primekg,kg,llama3.2:3b,1,8,C,3,0.3333333333333333,0,1,1,1,,prior,insufficient,3.0,"Prior knowledge suggests that targeting PDCD1 may be effective against immune-related conditions, but its relevance to primary mediastinal large B-cell lymphoma is unclear.",0.375,2.125
3,HR+/HER2- metastatic breast cancer,primekg,kg,llama3.2:3b,0,8,F,2,0.5,0,1,1,1,,kg,consistent,4.0,"Targets UGT1A1 and UGT1A9, both of which are involved in glucuronidation pathways that could affect cancer cell metabolism.",0.5,2.625
3,HR+/HER2- metastatic breast cancer,primekg,kg,llama3.2:3b,1,8,E,1,1.0,1,1,1,1,,prior,insufficient,2.0,"Drug-7 targets TOP1, an enzyme implicated in cancer progression, but the target disease has no established association with this pathway.",0.625,2.0
3,HER2+ early-stage BC (neoadjuvant + adjuvant),primekg,kg,llama3.2:3b,0,8,E,1,1.0,1,1,1,1,,kg,conflicting,4.0,"Targets FCGR1A, which is involved in immune response modulation and may affect HER2+ progression.",0.5,2.0
3,HER2+ early-stage BC (neoadjuvant + adjuvant),primekg,kg,llama3.2:3b,1,8,C,7,0.14285714285714285,0,0,0,1,,prior,insufficient,1.0,No direct association with HER2+ early-stage BC in prior knowledge or KG,0.625,1.75
3,"Pediatric low-grade glioma (+dabrafenib, BRAF V600E)",primekg,kg,llama3.2:3b,0,8,A,7,0.14285714285714285,0,0,0,1,,kg,conflicting,1.0,Has multiple targets with unclear relevance to glioma mechanisms without more direct connections to BRAF V600E or similar pathways.,0.5,2.125
3,"Pediatric low-grade glioma (+dabrafenib, BRAF V600E)",primekg,kg,llama3.2:3b,1,8,G,3,0.3333333333333333,0,1,1,1,,kg,conflicting,2.0,"While Drug-6 targets multiple enzymes involved in metabolism, its role in glioma is unclear due to conflicting KG evidence.",0.8571428571428571,2.0
3,mHSPC + ADT,primekg,kg,llama3.2:3b,0,8,H,8,0.125,0,0,0,1,,kg,insufficient,1.0,Insufficient evidence from the knowledge graph for Drug-8's targets UGT1A9 and SLCO1B3 in mHSPC + ADT.,0.625,1.625
3,mHSPC + ADT,primekg,kg,llama3.2:3b,1,8,G,4,0.25,0,0,1,1,,kg,insufficient,2.0,Targets multiple transporters and enzymes involved in drug metabolism and transport but lacks clear connection to mHSPC + ADT,0.625,2.875
3,Pediatric BRAF V600E low-grade glioma,primekg,kg,llama3.2:3b,0,8,E,3,0.3333333333333333,0,1,1,1,,prior,insufficient,1.0,Limited information on its targets' role in cancer therapy,0.5,1.75
3,Pediatric BRAF V600E low-grade glioma,primekg,kg,llama3.2:3b,1,8,G,9,0.1111111111111111,0,0,0,1,,,,,,0.2857142857142857,1.4285714285714286
3,HER2-mutant NSCLC (EMA),primekg,kg,llama3.2:3b,0,8,G,6,0.16666666666666666,0,0,0,1,,kg,insufficient,1.0,No clear mechanistic link between Drug-8 and HER2-mutant NSCLC (EMA).,0.8571428571428571,1.8571428571428572
3,HER2-mutant NSCLC (EMA),primekg,kg,llama3.2:3b,1,8,A,4,0.25,0,0,1,1,,kg,conflicting,1.0,"Drug-8 targets multiple transporters and enzymes involved in HER2 pathway, but its link to NSCLC is indirect.",0.7142857142857143,1.4285714285714286
3,Ph+ CML-CP after 2+ TKIs,primekg,kg,llama3.2:3b,0,8,E,2,0.5,0,1,1,1,,kg,consistent,4.0,"Targets HSD11B2 and SLCO1A2, which could impact ETNK1",0.5,1.875
3,Ph+ CML-CP after 2+ TKIs,primekg,kg,llama3.2:3b,1,8,G,7,0.14285714285714285,0,0,0,1,,kg,insufficient,1.0,No direct connection to CML-CP after 2+ TKIs,0.875,2.125
3,HR+/HER2- metastatic breast cancer,primekg,kg,llama3.2:3b,0,8,D,3,0.3333333333333333,0,1,1,1,,kg,consistent,4.0,PARP2 association with HR+/HER2- metastatic breast cancer,0.625,2.0
3,HR+/HER2- metastatic breast cancer,primekg,kg,llama3.2:3b,1,8,D,2,0.5,0,1,1,1,,both,consistent,4.0,Established role of PARP enzymes in DNA repair,0.5,2.875
3,HER2-mutant NSCLC (PMDA),primekg,kg,llama3.2:3b,0,8,G,6,0.16666666666666666,0,0,0,1,,kg,insufficient,1.0,No direct evidence linking Drug-8 to HER2-mutant NSCLC or its associated genes.,0.5,1.5
3,HER2-mutant NSCLC (PMDA),primekg,kg,llama3.2:3b,1,8,B,7,0.14285714285714285,0,0,0,1,,prior,conflicting,4.0,"Candidate B targets SLCO1B3 and FCGR1A, which have potential relevance to cancer treatment but lack direct evidence for HER2-mutant NSCLC (PMDA).",0.25,3.375
3,Follicular lymphoma (+obinutuzumab),primekg,kg,llama3.2:3b,0,8,G,7,0.14285714285714285,0,0,0,1,,prior,insufficient,1.0,Lack of clear mechanistic relevance; primarily targets related to cancer or kinase activity,0.5,2.5
3,Follicular lymphoma (+obinutuzumab),primekg,kg,llama3.2:3b,1,8,E,1,1.0,1,1,1,1,,both,consistent,4.0,"Drug-8 targets TXK, which is associated with IGH, a gene linked to follicular lymphoma (+obinutuzumab)",0.875,1.875
3,Platinum-resistant ovarian carcinoma (PD-L1+ CPS≥1),primekg,kg,llama3.2:3b,0,8,E,4,0.25,0,0,1,1,,kg,conflicting,1.0,mechanistic profile inconsistent with PD-L1+ CPS≥1; targets PDCD1 not directly related to platinum resistance,0.42857142857142855,1.8571428571428572
3,Platinum-resistant ovarian carcinoma (PD-L1+ CPS≥1),primekg,kg,llama3.2:3b,1,8,F,6,0.16666666666666666,0,0,0,1,,prior,insufficient,4.0,"Targets PDCD1, a protein involved in immune regulation, not directly related to Platinum-resistant ovarian carcinoma's molecular pathways",0.0,3.25
3,Resectable gastric/GEJ adenocarcinoma (neoadj+adj +FLOT),primekg,kg,llama3.2:3b,0,8,C,8,0.125,0,0,0,1,,kg,conflicting,1.0,Targets multiple HTR receptors and CYP enzymes but lacks clear evidence from the KG for this disease despite targeting genes with potential roles in cancer progression (HTR4 and SLC6A4).,0.625,1.875
3,Resectable gastric/GEJ adenocarcinoma (neoadj+adj +FLOT),primekg,kg,llama3.2:3b,1,8,C,4,0.25,0,0,1,1,,kg,conflicting,4.0,"Target CD274 has been linked to cancer immunotherapy, but evidence is sparse on its relevance to gastric cancer",0.5,2.875
3,Advanced RCC after PD-1/PD-L1 + VEGF-TKI,primekg,kg,llama3.2:3b,0,8,D,2,0.5,0,1,1,1,,kg,consistent,4.0,"Targets EPAS1, which is associated with Advanced RCC after PD-1/PD-L1 + VEGF-TKI in the knowledge graph.",0.5,2.25
3,Advanced RCC after PD-1/PD-L1 + VEGF-TKI,primekg,kg,llama3.2:3b,1,8,H,6,0.16666666666666666,0,0,0,1,,kg,consistent,5.0,"EPAS1 is a known driver of angiogenesis, and its inhibition has been shown to have anti-tumor effects in various cancers. The presence of EPAS1 as a target for Drug-8 makes it a highly plausible candidate for treating Advanced RCC after PD-1/PD-L1 + VEGF-TKI",0.375,4.375
3,HER2+ solid tumors (tumor-agnostic),primekg,kg,llama3.2:3b,0,8,H,6,0.16666666666666666,0,0,0,1,,kg,insufficient,1.0,KG evidence reports Drug-8 targets multiple enzymes with no clear connection to HER2+ solid tumors,0.75,1.5
3,HER2+ solid tumors (tumor-agnostic),primekg,kg,llama3.2:3b,1,8,F,3,0.3333333333333333,0,1,1,1,,both,consistent,4.0,transporters and receptors involved in steroid hormone regulation suggest potential impact on tumor growth,1.0,2.125
3,HR+/HER2- early breast cancer (adjuvant),primekg,kg,llama3.2:3b,0,8,E,5,0.2,0,0,1,1,,prior,insufficient,3.0,,0.5,2.5
3,HR+/HER2- early breast cancer (adjuvant),primekg,kg,llama3.2:3b,1,8,F,5,0.2,0,0,1,1,,kg,insufficient,1.0,Targets CDK4 and CDK6 with limited KG evidence,0.5,1.625
3,Chronic lymphocytic leukemia,primekg,kg,llama3.2:3b,0,8,C,5,0.2,0,0,1,1,,kg,insufficient,1.0,"Targets multiple genes, but none have a direct link to Chronic lymphocytic leukemia.",0.625,1.75
3,Chronic lymphocytic leukemia,primekg,kg,llama3.2:3b,1,8,D,4,0.25,0,0,1,1,,kg,consistent,5.0,"TEC is a kinase involved in immune cell signaling, making Drug-8 mechanistically plausible for CLL.",0.75,2.5
3,Unresectable thymic carcinoma (PMDA),primekg,kg,llama3.2:3b,0,8,G,2,0.5,0,1,1,1,,kg,consistent,4.0,"Targets ABCB11 and SLC22A8, relevant to the transport of drugs for BAP1.",0.75,1.875
3,Unresectable thymic carcinoma (PMDA),primekg,kg,llama3.2:3b,1,8,H,8,0.125,0,0,0,1,,kg,insufficient,4.0,Drug-7 has a broad target profile not directly linked to PMDA.,0.625,3.875
3,IDH1-mutated relapsed/refractory MDS,primekg,kg,llama3.2:3b,0,8,E,1,1.0,1,1,1,1,,prior,insufficient,4.0,"Candidate E has no direct relevance to IDH1 but targets SLCO1B3 and ABCG2, which could impact drug disposition.",0.5,2.625
3,IDH1-mutated relapsed/refractory MDS,primekg,kg,llama3.2:3b,1,8,C,5,0.2,0,0,1,1,,kg,conflicting,1.0,"Targets MAOB and MAOA, more relevant to other diseases",0.5,2.125
3,Metastatic colorectal cancer,primekg,kg,llama3.2:3b,0,8,D,1,1.0,1,1,1,1,,prior,insufficient,4.0,"Lack of direct evidence linking the drug to the disease, but potential impact on cancer treatment through other mechanisms.",0.7142857142857143,2.857142857142857
3,Metastatic colorectal cancer,primekg,kg,llama3.2:3b,1,8,F,4,0.25,0,0,1,1,,prior,insufficient,2.0,No direct evidence linking to metastatic colorectal cancer,0.16666666666666666,1.8333333333333333
3,Agitation associated with Alzheimer's dementia,drkg,kg,llama3.2:3b,0,8,F,6,0.16666666666666666,0,0,0,1,,kg,insufficient,2.0,Lacking mechanistic links to agitation in Alzheimer's dementia,0.7142857142857143,2.7142857142857144
3,Agitation associated with Alzheimer's dementia,drkg,kg,llama3.2:3b,1,8,F,4,0.25,0,0,1,1,,kg,conflicting,3.0,Conflicts between KG evidence and known pharmacology regarding target specificity and off-target effects.,0.375,3.875
3,LDL-C elevation in statin-intolerant dyslipidemia,drkg,kg,llama3.2:3b,0,8,F,6,0.16666666666666666,0,0,0,1,,kg,insufficient,1.0,"Lacks direct evidence linking its target to lipid metabolism, and the provided information is not sufficient to assess its plausibility.",0.75,1.875
3,LDL-C elevation in statin-intolerant dyslipidemia,drkg,kg,llama3.2:3b,1,8,B,2,0.5,0,1,1,1,,prior,insufficient,2.0,"Targeting PPARA may have some effect on lipid metabolism, but evidence is limited",0.625,2.125
3,First-line anemia in lower-risk MDS,drkg,kg,llama3.2:3b,0,8,H,5,0.2,0,0,1,1,,kg,insufficient,1.0,Mechanistic links to drugbank targets are not specific enough to be deemed relevant,0.8,2.2
3,First-line anemia in lower-risk MDS,drkg,kg,llama3.2:3b,1,8,D,1,1.0,1,1,1,1,,kg,consistent,3.0,Mechanistic plausibility based on MT-CO1 inhibition,0.7142857142857143,2.857142857142857
3,Palmoplantar pustulosis (PMDA),drkg,kg,llama3.2:3b,0,8,A,4,0.25,0,0,1,1,,prior,insufficient,3.0,Lack of direct evidence linking Drug-8 to Palmoplantar pustulosis (PMDA),0.25,3.75
3,Palmoplantar pustulosis (PMDA),drkg,kg,llama3.2:3b,1,8,F,3,0.3333333333333333,0,1,1,1,,kg,conflicting,2.0,"Targets IL23A, but the relationship between this target and PMDA is unclear based on available knowledge graph evidence.",0.75,1.75
3,Acute HCV pediatric,drkg,kg,llama3.2:3b,0,8,B,6,0.16666666666666666,0,0,0,1,,prior,conflicting,1.0,"KG targets do not directly relate to Acute HCV pediatric, but the profile shows multiple potential benefits through other pathways.",0.5,1.875
3,Acute HCV pediatric,drkg,kg,llama3.2:3b,1,8,H,8,0.125,0,0,0,1,,kg/prior,conflicting,1.0,Mechanism is less specific and lacks direct relevance to HCV target pathways or host genes based on its mechanism of action,0.0,2.0
3,Oral tablet formulation for weight management,drkg,kg,llama3.2:3b,0,8,B,2,0.5,0,1,1,1,,prior,insufficient,3.0,Lack of clear connections to the target disease makes it hard to evaluate its plausibility.,0.125,2.125
3,Oral tablet formulation for weight management,drkg,kg,llama3.2:3b,1,8,E,1,1.0,1,1,1,1,,both,consistent,5.0,Activation of GCG and binding to GLP1R provide strong mechanistic plausibility for weight management.,0.75,2.25
3,Nephrotic syndrome,drkg,kg,llama3.2:3b,0,8,G,7,0.14285714285714285,0,0,0,1,,kg,conflicting,2.0,inhibits MS4A1 which is linked to nephrotic syndrome but lack of direct association with other targets makes it uncertain,0.5,2.5
3,Nephrotic syndrome,drkg,kg,llama3.2:3b,1,8,G,9,0.1111111111111111,0,0,0,1,,,,,,0.5714285714285714,1.8571428571428572
3,KRAS G12C+ mCRC,drkg,kg,llama3.2:3b,0,8,C,3,0.3333333333333333,0,1,1,1,,kg,conflicting,1.0,Direct target on KRAS but conflicting evidence for mechanism,0.5,2.0
3,KRAS G12C+ mCRC,drkg,kg,llama3.2:3b,1,8,B,1,1.0,1,1,1,1,,both,consistent,5.0,"Candidate B targets KRAS, a direct mechanistic link to the disease.",0.625,1.875
3,Retinal vein occlusion,drkg,kg,llama3.2:3b,0,8,H,8,0.125,0,0,0,1,,kg,conflicting,3.0,Targets drugbank:BE0001478 but no clear link to retinal vein occlusion or VEGFA.,0.625,2.375
3,Retinal vein occlusion,drkg,kg,llama3.2:3b,1,8,F,5,0.2,0,0,1,1,,prior,unknown,1.0,Mechanistic link is unknown.,0.375,1.75
3,TRD monotherapy,drkg,kg,llama3.2:3b,0,8,A,2,0.5,0,1,1,1,,kg,conflicting,4.0,Relevant targets but direct KG evidence is limited.,0.75,2.25
3,TRD monotherapy,drkg,kg,llama3.2:3b,1,8,C,3,0.3333333333333333,0,1,1,1,,kg,insufficient,2.0,"No direct link between Drug-4 and TRD monotherapy; however, downregulation of RNF167 could impact relevant pathways.",0.5714285714285714,2.4285714285714284
3,Reduce MACE in CVD + obesity/overweight,drkg,kg,llama3.2:3b,0,8,B,2,0.5,0,1,1,1,,kg,consistent,4.0,"KG evidence supports activation of GLP1R, which is relevant to obesity and CVD.",0.625,2.125
3,Reduce MACE in CVD + obesity/overweight,drkg,kg,llama3.2:3b,1,8,C,8,0.125,0,0,0,1,,kg,insufficient,2.0,Mechanistic link to GLP1R is not directly supported by the knowledge graph for CVD + obesity/overweight,0.75,2.625
3,Indolent systemic mastocytosis (EMA),drkg,kg,llama3.2:3b,0,8,E,8,0.125,0,0,0,1,,prior,insufficient,1.0,Drug-8's target drugbank IDs are unclear in relation to indolent systemic mastocytosis.,0.5,2.125
3,Indolent systemic mastocytosis (EMA),drkg,kg,llama3.2:3b,1,8,H,8,0.125,0,0,0,1,,prior,unsure,1.0,No KG evidence provided,0.5,2.0
3,IgG4-related disease,drkg,kg,llama3.2:3b,0,8,A,4,0.25,0,0,1,1,,prior,insufficient,2.0,Has multiple targets but lacks direct evidence linking it to IgG4-related disease,0.5714285714285714,2.4285714285714284
3,IgG4-related disease,drkg,kg,llama3.2:3b,1,8,B,6,0.16666666666666666,0,0,0,1,,kg,insufficient,1.0,"Drug-6's downregulation of PNMA2 and upregulation of SOD2 suggest potential anti-inflammatory effects, but the lack of direct evidence linking it to IgG4-related disease makes its plausibility uncertain.",0.5714285714285714,1.5714285714285714
3,COVID-19 (expanded population),drkg,kg,llama3.2:3b,0,8,H,8,0.125,0,0,0,1,,prior,insufficient,1.0,No direct association between Drug-8 and COVID-19 disease; prior knowledge suggests potential therapeutic effects of binding various transporters,0.5,2.125
3,COVID-19 (expanded population),drkg,kg,llama3.2:3b,1,8,E,5,0.2,0,0,1,1,,kg,conflicting,1.0,Targets are less directly linked to SARS-CoV-2 infection,0.875,1.75
3,Obstructive sleep apnea with obesity,drkg,kg,llama3.2:3b,0,8,C,3,0.3333333333333333,0,1,1,1,,prior,insufficient,2.0,"Broad range of targets that include CDK8 and FLT3, but their relevance to obstructive sleep apnea with obesity is uncertain.",0.125,1.75
3,Obstructive sleep apnea with obesity,drkg,kg,llama3.2:3b,1,8,D,1,1.0,1,1,1,1,,both,consistent,3.0,Drug-4's downregulation of genes related to inflammation and oxidative stress suggests a potential mechanism for treating obstructive sleep apnea with obesity.,0.625,2.125
3,Biliary tract cancer 1L,drkg,kg,llama3.2:3b,0,8,H,4,0.25,0,0,1,1,,prior,insufficient,2.0,"The targets of Drug-8 are more commonly associated with immunotherapy, but the evidence from the knowledge graph is limited and does not provide clear mechanistic connections to biliary tract cancer.",0.375,1.875
3,Biliary tract cancer 1L,drkg,kg,llama3.2:3b,1,8,B,5,0.2,0,0,1,1,,,,,,,
3,Retinal vein occlusion,drkg,kg,llama3.2:3b,0,8,G,8,0.125,0,0,0,1,,both,insufficient,3.0,Inhibition of SLC5A2 and targeting SLC5A1 could plausibly impact retinal health.,0.5,2.0
3,Retinal vein occlusion,drkg,kg,llama3.2:3b,1,8,D,1,1.0,1,1,1,1,,prior,insufficient,3.0,"No direct evidence linking Drug-5 to Retinal vein occlusion, but its targets CACNA1D and NOS2 have been implicated in vascular diseases.",0.42857142857142855,2.142857142857143
3,Chorea associated with Huntington's disease,drkg,kg,llama3.2:3b,0,8,D,1,1.0,1,1,1,1,,both,insufficient,2.0,"No direct evidence linking D to chorea, but its targets overlap with some HD-related genes.",0.25,3.75
3,Chorea associated with Huntington's disease,drkg,kg,llama3.2:3b,1,8,C,8,0.125,0,0,0,1,,kg,insufficient,1.0,,0.625,2.0
3,High LDL-C with increased CV risk (expanded),drkg,kg,llama3.2:3b,0,8,C,4,0.25,0,0,1,1,,prior,insufficient,1.0,No direct mechanistic links to the target disease.,0.375,2.0
3,High LDL-C with increased CV risk (expanded),drkg,kg,llama3.2:3b,1,8,E,2,0.5,0,1,1,1,,prior,insufficient,2.0,Drug-8 lacks clear connections to any genes associated with lipid metabolism or cardiovascular risk. Further investigation is needed.,0.8,3.0
3,Polycythaemia vera and essential thrombocytopenia,drkg,kg,llama3.2:3b,0,8,B,3,0.3333333333333333,0,1,1,1,,kg,insufficient,2.0,"Activates IFNAR2, which may not directly target IL11 pathway.",0.625,2.0
3,Polycythaemia vera and essential thrombocytopenia,drkg,kg,llama3.2:3b,1,8,A,9,0.1111111111111111,0,0,0,1,,,,,,1.0,4.0
3,Schnitzler syndrome (Japan),drkg,kg,llama3.2:3b,0,8,D,2,0.5,0,1,1,1,,kg,consistent,4.0,Directly targets IL1B,0.5,2.5
3,Schnitzler syndrome (Japan),drkg,kg,llama3.2:3b,1,8,F,6,0.16666666666666666,0,0,0,1,,kg,conflicting,4.0,"The link from Drug-6 to IL1B is clear, but the drug's overall mechanism for treating Schnitzler syndrome is unclear.",0.75,3.375
3,COVID-19 updated strain,drkg,kg,llama3.2:3b,0,8,H,8,0.125,0,0,0,1,,uncertain,insufficient,1.0,Insufficient information available about Drug-8 and its relevance to COVID-19.,0.5,2.75
3,COVID-19 updated strain,drkg,kg,llama3.2:3b,1,8,F,6,0.16666666666666666,0,0,0,1,,prior,insufficient,1.0,Lack of direct evidence linking Drug-1 to COVID-19 makes its mechanistic plausibility uncertain.,0.0,1.75
3,Delay T1D onset in children ≥1yr,drkg,kg,llama3.2:3b,0,8,E,4,0.25,0,0,1,1,,prior,conflicting,4.0,"Some relevant connections, but unclear if directly related",0.6,3.6
3,Delay T1D onset in children ≥1yr,drkg,kg,llama3.2:3b,1,8,F,2,0.5,0,1,1,1,,kg,insufficient,3.0,"Drug-3 inhibits TH, a target for somatostatin analogs, which are used to treat T1D.",0.625,2.375
3,"mCRC BRAF V600E (traditional approval, was accelerated)",drkg,kg,llama3.2:3b,0,8,E,2,0.5,0,1,1,1,,both,consistent,5.0,Direct inhibition of BRAF V600E target protein,0.625,2.25
3,"mCRC BRAF V600E (traditional approval, was accelerated)",drkg,kg,llama3.2:3b,1,8,D,1,1.0,1,1,1,1,,prior,consistent,5.0,Direct inhibition of BRAF V600E provides a clear mechanism.,0.375,2.0
3,Diabetic retinopathy/DME (EMA Mar+May 2026),drkg,kg,llama3.2:3b,0,8,D,6,0.16666666666666666,0,0,0,1,,prior,insufficient,1.0,No clear mechanistic connections to diabetic retinopathy/DME based on provided evidence.,0.375,1.875
3,Diabetic retinopathy/DME (EMA Mar+May 2026),drkg,kg,llama3.2:3b,1,8,H,8,0.125,0,0,0,1,,kg,conflicting,2.0,"Some targets related to the disease, but other profiles are not well-represented.",0.625,1.875
3,Cerebral folate transport deficiency,drkg,kg,llama3.2:3b,0,8,C,5,0.2,0,0,1,1,,kg,conflicting,2.0,Targets multiple unrelated genes and pathways,0.625,2.375
3,Cerebral folate transport deficiency,drkg,kg,llama3.2:3b,1,8,B,2,0.5,0,1,1,1,,prior,conflicting,4.0,Strong prior knowledge suggests GALR1's involvement in folate transport but the provided evidence is limited.,0.5,2.125
3,Heart failure (broadened),drkg,kg,llama3.2:3b,0,8,G,8,0.125,0,0,0,1,,kg,insufficient,2.0,Targets are diverse but lack clear connections to heart failure,0.625,2.25
3,Heart failure (broadened),drkg,kg,llama3.2:3b,1,8,A,2,0.5,0,1,1,1,,prior,insufficient,4.0,Mechanism involving SLC transporters and UGT enzymes that may impact cardiac function.,0.2857142857142857,2.2857142857142856
3,Acquired hypofibrinogenemia in cardiovascular surgery,drkg,kg,llama3.2:3b,0,8,H,8,0.125,0,0,0,1,,prior,insufficient,1.0,No clear mechanistic link to acquired hypofibrinogenemia in cardiovascular surgery and lack of direct evidence,0.5,2.0
3,Acquired hypofibrinogenemia in cardiovascular surgery,drkg,kg,llama3.2:3b,1,8,C,5,0.2,0,0,1,1,,kg,insufficient,1.0,Candidate Drug-2 has numerous off-target effects that reduce its confidence for Acquired hypofibrinogenemia in cardiovascular surgery.,0.875,1.75
3,COPD,drkg,kg,llama3.2:3b,0,8,H,8,0.125,0,0,0,1,,kg,conflicting,2.0,Targets IL4R but no clear mechanistic link to COPD's pathophysiology.,0.5,2.625
3,COPD,drkg,kg,llama3.2:3b,1,8,D,8,0.125,0,0,0,1,,prior,insufficient,1.0,"Targets IL4R, a gene associated with COPD, but evidence is very limited.",0.375,3.375
3,Chronic hepatitis B (pediatric),drkg,kg,llama3.2:3b,0,8,A,1,1.0,1,1,1,1,,prior,conflicting,4.0,"While Drug-6 targets NVA275, which is associated with hepatitis B, its primary mechanisms do not directly suggest a mechanistic link to the disease.",0.25,2.125
3,Chronic hepatitis B (pediatric),drkg,kg,llama3.2:3b,1,8,E,2,0.5,0,1,1,1,,kg,insufficient,3.0,"Targets NVA275, but no direct connection to hepatitis B",0.5714285714285714,2.7142857142857144
3,HoFH pediatric (EMA),drkg,kg,llama3.2:3b,0,8,F,4,0.25,0,0,1,1,,kg,conflicting,2.0,"The knowledge graph suggests that Drug-3 targets the ABCB1 transporter, but pharmacological knowledge indicates that this transporter is not directly implicated in HoFH pediatric. The links to VIP and PGAM1 are unclear.",0.625,2.0
3,HoFH pediatric (EMA),drkg,kg,llama3.2:3b,1,8,D,4,0.25,0,0,1,1,,prior,insufficient,2.0,Candidate D has various targets and mechanisms that do not directly relate to LDLRAP1 or relevant pathways for HoFH.,0.375,1.875
3,HR+/HER2- breast cancer,drkg,kg,llama3.2:3b,0,8,H,8,0.125,0,0,0,1,,kg,insufficient,5.0,The target genes of Drug-8 are not directly linked to HR+/HER2- breast cancer.,0.625,3.875
3,HR+/HER2- breast cancer,drkg,kg,llama3.2:3b,1,8,A,1,1.0,1,1,1,1,,kg,insufficient,2.0,Lack of mechanistic links to HR+/HER2- breast cancer,0.625,3.125
3,Retinopathy of prematurity,drkg,kg,llama3.2:3b,0,8,D,2,0.5,0,1,1,1,,,,,,,
3,Retinopathy of prematurity,drkg,kg,llama3.2:3b,1,8,G,4,0.25,0,0,1,1,,kg,conflicting,4.0,"Targets PIGF and VEGFB, but with conflicting evidence on relevance to DOID:13025 (Retinopathy of Prematurity)",0.875,3.375
3,Agitation associated with Alzheimer's dementia,drkg,kg,llama3.2:3b,0,8,H,6,0.16666666666666666,0,0,0,1,,both,conflicting,1.0,Lack of direct evidence linking Drug-3 to Agitation associated with Alzheimer's dementia despite some associations with relevant pathways,0.75,2.25
3,Agitation associated with Alzheimer's dementia,drkg,kg,llama3.2:3b,1,8,G,4,0.25,0,0,1,1,,kg,insufficient,2.0,No clear mechanistic links to Agitation associated with Alzheimer's dementia (DOID:10652) in the provided evidence.,0.875,2.125
3,Heterozygous familial hypercholesterolemia,drkg,kg,llama3.2:3b,0,8,D,2,0.5,0,1,1,1,,kg,consistent,5.0,Evidence from the knowledge graph shows associations between Drug-5's inhibition of PCSK9 and Heterozygous familial hypercholesterolemia,0.5,3.125
3,Heterozygous familial hypercholesterolemia,drkg,kg,llama3.2:3b,1,8,F,6,0.16666666666666666,0,0,0,1,,kg,insufficient,1.0,Inhibition of PCSK9 affects cholesterol regulation.,0.42857142857142855,2.4285714285714284
3,Indolent systemic mastocytosis,drkg,kg,llama3.2:3b,0,8,E,6,0.16666666666666666,0,0,0,1,,both,insufficient,2.0,Lack of direct evidence linking Drug-6 to mastocytosis; inhibition of OPRM1 has no clear link to the disease,0.75,2.125
3,Indolent systemic mastocytosis,drkg,kg,llama3.2:3b,1,8,B,4,0.25,0,0,1,1,,kg,insufficient,5.0,"KG suggests potential inhibition of OPRM1, but no clear connection to disease pathology",0.5,2.75
3,Juvenile idiopathic arthritis (EMA Feb 2026),drkg,kg,llama3.2:3b,0,8,C,6,0.16666666666666666,0,0,0,1,,kg,conflicting,1.0,"Targets GRB7 and DNAJA3, but mechanism is less directly related to disease.",0.625,1.75
3,Juvenile idiopathic arthritis (EMA Feb 2026),drkg,kg,llama3.2:3b,1,8,A,4,0.25,0,0,1,1,,kg,conflicting,1.0,"While Drug-6 targets several transporters and inhibits JAK1/2, its mechanistic relevance to Juvenile idiopathic arthritis is unclear due to conflicting knowledge-graph evidence.",0.375,1.875
3,Invasive fungal infections pediatric ≥2yr,drkg,kg,llama3.2:3b,0,8,E,2,0.5,0,1,1,1,,both,consistent,4.0,"Targets CYP3A4 and SMO, which could be relevant to fungal infections, but evidence is limited.",0.875,2.75
3,Invasive fungal infections pediatric ≥2yr,drkg,kg,llama3.2:3b,1,8,D,2,0.5,0,1,1,1,,kg,conflicting,3.0,inhibits CYP4F3 which is involved in drug metabolism and has some links to cancer,0.5,2.0
3,PKU expanded to ≥12yr,drkg,kg,llama3.2:3b,0,8,B,3,0.3333333333333333,0,1,1,1,,kg,insufficient,2.0,"Inhibition of BDKRB1 shows some promise, but evidence is limited.",0.625,2.25
3,PKU expanded to ≥12yr,drkg,kg,llama3.2:3b,1,8,A,9,0.1111111111111111,0,0,0,1,,,,,,0.4,3.0
3,HR+/HER2-low breast cancer,drkg,kg,llama3.2:3b,0,8,E,3,0.3333333333333333,0,1,1,1,,prior,conflicting,2.0,"Targeting FCGR1A may have therapeutic effects, but its relevance to HR+/HER2-low breast cancer is uncertain due to conflicting evidence.",0.75,1.875
3,HR+/HER2-low breast cancer,drkg,kg,llama3.2:3b,1,8,B,5,0.2,0,0,1,1,,kg,conflicting,2.0,Drug-8's targets FCGR1A and TOP1 do not align with the knowledge graph evidence for DOID:1612.,0.375,2.875
3,Spinal muscular atrophy (pediatric expansion),drkg,kg,llama3.2:3b,0,8,A,2,0.5,0,1,1,1,,both,consistent,4.0,Mechanistic links from the knowledge graph and prior knowledge suggest potential relevance due to downregulation of EIF5.,0.375,2.25
3,Spinal muscular atrophy (pediatric expansion),drkg,kg,llama3.2:3b,1,8,B,9,0.1111111111111111,0,0,0,1,,,,,,0.5714285714285714,2.7142857142857144
3,Chronic kidney disease,drkg,kg,llama3.2:3b,0,8,C,4,0.25,0,0,1,1,,kg,insufficient,2.0,"No direct evidence links Drug-5 to CKD, but its target INS is involved in glucose metabolism.",0.75,2.25
3,Chronic kidney disease,drkg,kg,llama3.2:3b,1,8,C,6,0.16666666666666666,0,0,0,1,,kg,conflicting,1.0,No direct evidence links DPP4 inhibition to CKD from the knowledge graph,0.625,2.25
3,IgE-mediated food allergy,drkg,kg,llama3.2:3b,0,8,H,8,0.125,0,0,0,1,,kg,conflicting,1.0,,0.5,1.625
3,IgE-mediated food allergy,drkg,kg,llama3.2:3b,1,8,F,1,1.0,1,1,1,1,,prior,insufficient,4.0,"Drug-1 inhibits IGHE directly, aligning with the disease profile.",0.75,1.75
3,Measles prophylaxis post-exposure,drkg,kg,llama3.2:3b,0,8,G,7,0.14285714285714285,0,0,0,1,,kg,consistent,5.0,Targets various immune cells and proteins involved in the immune response making it a plausible candidate for measles prophylaxis post-exposure.,0.75,3.25
3,Measles prophylaxis post-exposure,drkg,kg,llama3.2:3b,1,8,E,4,0.25,0,0,1,1,,kg,insufficient,2.0,Lacks direct mechanistic links to measles prophylaxis post-exposure and targets primarily Fc receptors,0.875,2.25
3,CKD in T2D,drkg,kg,llama3.2:3b,0,8,H,4,0.25,0,0,1,1,,kg,insufficient,2.0,Candidate Drug-8 has limited direct evidence linking it to CKD in T2D based on its target profile.,0.875,2.25
3,CKD in T2D,drkg,kg,llama3.2:3b,1,8,G,8,0.125,0,0,0,1,,prior,insufficient,1.0,Lacks clear connections to CKD in T2D and primarily targets glucagon regulation.,0.625,2.25
3,dMMR recurrent/advanced endometrial cancer,drkg,kg,llama3.2:3b,0,8,H,7,0.14285714285714285,0,0,0,1,,kg,uncertain,1.0,Insufficient information available,0.7142857142857143,1.7142857142857142
3,dMMR recurrent/advanced endometrial cancer,drkg,kg,llama3.2:3b,1,8,E,5,0.2,0,0,1,1,,prior,insufficient,1.0,"Candidate E's potential for dMMR recurrent/advanced endometrial cancer is uncertain due to limited KG evidence and no clear mechanistic link to the disease, with conflicting targets (KCNMB2, ADRB2) that may not be relevant to the disease.",0.5,1.75
3,ILD-associated pulmonary hypertension,drkg,kg,llama3.2:3b,0,8,G,7,0.14285714285714285,0,0,0,1,,prior,conflicting,1.0,"Drug-3's activation of PTGER2 and PTGDR show promise, but its downregulation of COA7 raises concerns about its relevance to ILD-associated pulmonary hypertension.",0.5,1.875
3,ILD-associated pulmonary hypertension,drkg,kg,llama3.2:3b,1,8,F,4,0.25,0,0,1,1,,prior,insufficient,1.0,Mechanistic plausibility based on its inhibition of SCN11A and target CYP2C19 but lacks clear links,0.375,1.75
3,Crohn's disease,drkg,kg,llama3.2:3b,0,8,C,1,1.0,1,1,1,1,,prior,insufficient,3.0,"Candidate C's inhibitory action on JAK1 is a promising starting point, but further research is needed to determine its effectiveness in Crohn's disease.",0.5,2.0
3,Crohn's disease,drkg,kg,llama3.2:3b,1,8,D,3,0.3333333333333333,0,1,1,1,,prior,insufficient,2.0,"Inhibits JAK1, a key enzyme in the signaling pathway of immune cells.",0.5,1.75
3,COVID-19 in severe renal impairment/dialysis,drkg,kg,llama3.2:3b,0,8,A,4,0.25,0,0,1,1,,kg,insufficient,1.0,Mechanistic link from KG for Drug-8 is not provided.,0.5,2.125
3,COVID-19 in severe renal impairment/dialysis,drkg,kg,llama3.2:3b,1,8,G,7,0.14285714285714285,0,0,0,1,,kg,conflicting,1.0,"Candidate G has KG evidence of targeting multiple ion channels and enzymes, but prior knowledge suggests that these targets may not be relevant to COVID-19 in severe renal impairment/dialysis.",0.75,1.375
3,MASH with fibrosis,drkg,kg,llama3.2:3b,0,8,G,7,0.14285714285714285,0,0,0,1,,kg,insufficient,1.0,"Drug-8 targets a specific receptor, but its mechanism of action is unclear and there is no direct evidence linking it to MASH with fibrosis.",0.625,1.75
3,MASH with fibrosis,drkg,kg,llama3.2:3b,1,8,E,4,0.25,0,0,1,1,,prior,insufficient,1.0,Targeting GLP1R does not provide clear mechanistic links to fibrosis.,0.5,2.75
3,Urothelial carcinoma (expanded population),drkg,kg,llama3.2:3b,0,8,H,7,0.14285714285714285,0,0,0,1,,kg,insufficient,1.0,Evidence from knowledge graph is limited and does not provide clear evidence of effectiveness in Urothelial carcinoma.,0.5,2.125
3,Urothelial carcinoma (expanded population),drkg,kg,llama3.2:3b,1,8,E,1,1.0,1,1,1,1,,kg,consistent,5.0,"Drug-8 targets NECTIN4, a protein involved in tumor progression and angiogenesis.",0.7142857142857143,2.0
3,Chronic thromboembolic pulmonary hypertension,drkg,kg,llama3.2:3b,0,8,D,7,0.14285714285714285,0,0,0,1,,prior,insufficient,1.0,No clear evidence linking Drug-7 targets to DOID:6432,0.5,2.0
3,Chronic thromboembolic pulmonary hypertension,drkg,kg,llama3.2:3b,1,8,E,2,0.5,0,1,1,1,,both,conflicting,3.0,"Inhibits F10 and F2, but targets are not directly linked to TBX22 or GDF2 genes in the knowledge graph.",0.25,1.75
3,Crohn's disease,drkg,kg,llama3.2:3b,0,8,B,1,1.0,1,1,1,1,,both,consistent,5.0,"Strongly targets IL23A, directly related to Crohn's disease.",0.625,2.375
3,Crohn's disease,drkg,kg,llama3.2:3b,1,8,C,9,0.1111111111111111,0,0,0,1,,,,,,,
3,HoFH in children,drkg,kg,llama3.2:3b,0,8,G,2,0.5,0,1,1,1,,kg,insufficient,3.0,"Drug-7 targets G6PD, but evidence for its relevance to HoFH is limited.",0.75,1.625
3,HoFH in children,drkg,kg,llama3.2:3b,1,8,D,4,0.25,0,0,1,1,,kg,conflicting,1.0,Candidate D's profile features multiple targets with limited direct relevance to HoFH in children according to KG evidence. Its binding profile does not match the expected interactions needed for effective treatment of HoFH.,0.75,1.875
3,First-line anemia in lower-risk MDS,drkg,kg,llama3.2:3b,0,8,A,3,0.3333333333333333,0,1,1,1,,kg,conflicting,3.0,"Mechanistic links are unclear, and sparse evidence makes assessment difficult.",0.625,2.875
3,First-line anemia in lower-risk MDS,drkg,kg,llama3.2:3b,1,8,D,5,0.2,0,0,1,1,,kg,insufficient,2.0,Lack of clear mechanistic links and conflicting evidence.,0.625,2.125
3,Generalized myasthenia gravis,drkg,kg,llama3.2:3b,0,8,C,5,0.2,0,0,1,1,,prior,conflicting,1.0,"Drug-3 has no clear targets for DOID:437, and some mechanisms appear to be relevant (e.g., downregulating CHAC1), but others are not as directly related.",0.125,1.875
3,Generalized myasthenia gravis,drkg,kg,llama3.2:3b,1,8,D,1,1.0,1,1,1,1,,prior,insufficient,3.0,"Although the provided knowledge graph evidence does not show clear connections to any genes associated with generalized myasthenia gravis, Drug-3 targets GRIN3A and CHRM2, which could plausibly impact myasthenia gravis.",0.5,3.0
3,Acquired hypothalamic obesity,drkg,kg,llama3.2:3b,0,8,C,5,0.2,0,0,1,1,,prior,conflicting,1.0,"The provided evidence for Drug-7 suggests it activates MC4R, but no direct link to Acquired Hypothalamic Obesity was established.",0.625,1.875
3,Acquired hypothalamic obesity,drkg,kg,llama3.2:3b,1,8,C,8,0.125,0,0,0,1,,prior,insufficient,3.0,Activation of MC receptors might suggest a potential effect on obesity but lacks direct evidence and conflicts with other knowledge.,0.375,3.625
3,HR+/HER2- node-positive high-risk early breast cancer,drkg,kg,llama3.2:3b,0,8,B,7,0.14285714285714285,0,0,0,1,,kg,conflicting,4.0,"Mechanistic links for Drug-8 include inhibition of CDKs and targeting multiple genes, but these are not directly related to DOID:1612",0.5,3.375
3,HR+/HER2- node-positive high-risk early breast cancer,drkg,kg,llama3.2:3b,1,8,H,8,0.125,0,0,0,1,,both,conflicting,2.0,"Targets several genes involved in cell signaling pathways and cell cycle regulation, but the mechanistic plausibility is unclear.",0.75,1.625
3,EGPA,drkg,kg,llama3.2:3b,0,8,H,4,0.25,0,0,1,1,,kg,insufficient,3.0,No clear mechanistic links to EGPA,0.42857142857142855,3.2857142857142856
3,EGPA,drkg,kg,llama3.2:3b,1,8,C,4,0.25,0,0,1,1,,kg,conflicting,3.0,Targets MS4A2 and FCER1A involved in allergic responses but no direct link to EGPA,0.42857142857142855,2.5714285714285716
3,BRAF+ thyroid cancer,drkg,kg,llama3.2:3b,0,8,H,9,0.1111111111111111,0,0,0,1,,,,,,,
3,BRAF+ thyroid cancer,drkg,kg,llama3.2:3b,1,8,E,2,0.5,0,1,1,1,,both,insufficient,2.0,"The inhibition of MAPK kinases by Drug-6 may have therapeutic potential for BRAF+ thyroid cancer, but further research is needed to confirm this association.",0.25,1.875
3,Giant cell arteritis,drkg,kg,llama3.2:3b,0,8,A,1,1.0,1,1,1,1,,prior,insufficient,2.0,Lacks mechanistic links to target genes for giant cell arteritis,0.5,2.25
3,Giant cell arteritis,drkg,kg,llama3.2:3b,1,8,H,8,0.125,0,0,0,1,,kg,insufficient,1.0,"Targeting TYK2, JAK3, and JAK2 is unclear in its relevance to Giant cell arteritis.",1.0,2.0
3,dMMR/MSI-H primary advanced endometrial cancer,drkg,kg,llama3.2:3b,0,8,A,9,0.1111111111111111,0,0,0,1,,,,,,0.5,2.1666666666666665
3,dMMR/MSI-H primary advanced endometrial cancer,drkg,kg,llama3.2:3b,1,8,E,2,0.5,0,1,1,1,,kg,insufficient,3.0,Lack of clear mechanistic links despite extensive target list,0.625,1.75
3,Polymyalgia rheumatica,drkg,kg,llama3.2:3b,0,8,D,3,0.3333333333333333,0,1,1,1,,prior,conflicting,2.0,"Drug-8 targets FCGR2B, which is involved in immune responses, but evidence for its role in polymyalgia rheumatica is limited",0.625,1.875
3,Polymyalgia rheumatica,drkg,kg,llama3.2:3b,1,8,B,3,0.3333333333333333,0,1,1,1,,prior,conflicting,2.0,"The knowledge graph suggests targeting IL6R, but this contradicts the primary pathophysiological mechanism of Polymyalgia rheumatica, which involves inflammation and immune system dysregulation.",0.25,1.875
3,Ph+ CML-CP frontline (EMA Feb 2026),drkg,kg,llama3.2:3b,0,8,A,1,1.0,1,1,1,1,,kg,consistent,4.0,Targeting ABL1 with Drug-8 has strong mechanistic plausibility for treating Ph+ CML-CP frontline.,1.0,2.375
3,Ph+ CML-CP frontline (EMA Feb 2026),drkg,kg,llama3.2:3b,1,8,F,3,0.3333333333333333,0,1,1,1,,prior,insufficient,2.0,"Targets ABL1, but its relevance to CML pathogenesis is unclear without additional context",0.5,2.625
3,Allergic fungal rhinosinusitis (AFRS) ≥6yr,drkg,kg,llama3.2:3b,0,8,F,3,0.3333333333333333,0,1,1,1,,prior,insufficient,2.0,Drugs like F lack direct evidence linking them to AFRS despite activating various receptors not directly associated with the disease.,0.375,1.75
3,Allergic fungal rhinosinusitis (AFRS) ≥6yr,drkg,kg,llama3.2:3b,1,8,A,1,1.0,1,1,1,1,,prior,insufficient,3.0,Mechanistic plausibility is uncertain without further information.,0.42857142857142855,3.0
3,RET-fusion NSCLC (expanded),drkg,kg,llama3.2:3b,0,8,D,1,1.0,1,1,1,1,,prior,insufficient,3.0,Lack of direct evidence linking Drug-8 to RET-fusion NSCLC.,0.875,3.375
3,RET-fusion NSCLC (expanded),drkg,kg,llama3.2:3b,1,8,H,5,0.2,0,0,1,1,,kg,insufficient,1.0,lacks direct evidence and mechanistic links to RET-fusion NSCLC (expanded),0.875,2.375
3,"Crohn's disease (moderate-severe, refractory)",drkg,kg,llama3.2:3b,0,8,B,1,1.0,1,1,1,1,,both,consistent,5.0,Direct association with IL23A and involvement in disease pathogenesis,0.625,2.125
3,"Crohn's disease (moderate-severe, refractory)",drkg,kg,llama3.2:3b,1,8,G,7,0.14285714285714285,0,0,0,1,,kg,insufficient,1.0,The evidence for Drug-2 is sparse and does not directly link to Crohn's disease.,0.5,1.875
3,Follicular lymphoma,drkg,kg,llama3.2:3b,0,8,F,4,0.25,0,0,1,1,,prior,insufficient,1.0,"While activating GPR183 may be relevant for certain cancers, the mechanistic link between Drug-5 and Follicular lymphoma is unclear.",0.375,1.75
3,Follicular lymphoma,drkg,kg,llama3.2:3b,1,8,H,8,0.125,0,0,0,1,,kg,insufficient,2.0,Insufficient evidence from the knowledge graph to make a judgment about Drug-H's relevance to follicular lymphoma.,0.75,2.5
3,Atopic dermatitis,drkg,kg,llama3.2:3b,0,8,C,2,0.5,0,1,1,1,,kg,conflicting,1.0,"Candidate Drug-8 has evidence from the knowledge graph, but it is not directly related to atopic dermatitis.",0.875,1.875
3,Atopic dermatitis,drkg,kg,llama3.2:3b,1,8,F,3,0.3333333333333333,0,1,1,1,,prior,conflicting,4.0,"While Drug-7 targets several transporters involved in skin health, its role in atopic dermatitis is unclear due to conflicting KG evidence.",0.5,2.25
3,1L biliary tract cancer (+gemcitabine+cisplatin),drkg,kg,llama3.2:3b,0,8,A,4,0.25,0,0,1,1,,prior,insufficient,2.0,Limited mechanistic relevance despite targeting relevant genes and pathways,0.42857142857142855,1.7142857142857142
3,1L biliary tract cancer (+gemcitabine+cisplatin),drkg,kg,llama3.2:3b,1,8,E,1,1.0,1,1,1,1,,both,consistent,4.0,"Candidate E targets multiple genes involved in DNA repair mechanisms, which could plausibly target 1L biliary tract cancer",0.625,1.875
3,IV formulation for rheumatic diseases (EMA),drkg,kg,llama3.2:3b,0,8,E,5,0.2,0,0,1,1,,kg,conflicting,1.0,Mechanism not relevant to IV formulations,0.625,1.75
3,IV formulation for rheumatic diseases (EMA),drkg,kg,llama3.2:3b,1,8,H,8,0.125,0,0,0,1,,kg,conflicting,1.0,"The knowledge graph links some of Drug-5's targets to rheumatic diseases, but the evidence is limited and conflicting.",0.75,1.625
3,BRAF+ thyroid cancer,drkg,kg,llama3.2:3b,0,8,H,3,0.3333333333333333,0,1,1,1,,prior,insufficient,3.0,"Similar concerns as Drug-1, with no direct evidence linking Drug-8 to BRAF+ thyroid cancer.",0.625,2.125
3,BRAF+ thyroid cancer,drkg,kg,llama3.2:3b,1,8,D,3,0.3333333333333333,0,1,1,1,,kg & prior,conflicting,4.0,"Candidate D has mechanistic links to BRAF+ thyroid cancer via inhibition of ARAF and other targets, but its primary target RAF1 is not directly linked to the disease. Additionally, Drug-8's targeting of PTEN and KRAS may be relevant for cancer treatment in general.",0.125,3.0
3,EGPA (expanded),drkg,kg,llama3.2:3b,0,8,D,2,0.5,0,1,1,1,,kg,consistent,4.0,"Drug-7 targets IL5RA, a protein associated with EGPA; this mechanistic link is supported by the knowledge graph.",1.0,1.75
3,EGPA (expanded),drkg,kg,llama3.2:3b,1,8,F,4,0.25,0,0,1,1,,prior,insufficient,2.0,"Drug-7 targets IL5RA, which is associated with EGPA (expanded) through the KG.",0.625,2.125
3,Pheochromocytoma/paraganglioma,drkg,kg,llama3.2:3b,0,8,H,7,0.14285714285714285,0,0,0,1,,kg,insufficient,1.0,Lacking direct evidence for pheochromocytoma/paraganglioma but has connections to relevant pathways,0.875,1.625
3,Pheochromocytoma/paraganglioma,drkg,kg,llama3.2:3b,1,8,E,1,1.0,1,1,1,1,,both,insufficient,3.0,"Although the mechanistic link between EPAS1 and Pheochromocytoma/paraganglioma is unclear, targeting angiogenesis may be beneficial.",1.0,1.875
3,Pediatric atopic dermatitis,drkg,kg,llama3.2:3b,0,8,D,1,1.0,1,1,1,1,,prior,insufficient,3.0,Lack of direct evidence linking Drug-2 and its targets to pediatric atopic dermatitis,0.625,1.75
3,Pediatric atopic dermatitis,drkg,kg,llama3.2:3b,1,8,E,1,1.0,1,1,1,1,,both,consistent,4.0,Inhibition of HNMT and MAOAs could modulate inflammation relevant to atopic dermatitis.,0.625,2.5
3,MSI-H/dMMR solid tumors (full approval conversion),drkg,kg,llama3.2:3b,0,8,B,6,0.16666666666666666,0,0,0,1,,kg,consistent,4.0,Targets multiple DNA mismatch repair proteins relevant to MSI-H/dMMR solid tumors,0.5714285714285714,2.142857142857143
3,MSI-H/dMMR solid tumors (full approval conversion),drkg,kg,llama3.2:3b,1,8,B,2,0.5,0,1,1,1,,kg,insufficient,1.0,"No direct link to MSI-H/dMMR solid tumors; targets multiple genes, but evidence is sparse",0.75,1.5
3,Psoriasis in children 6-11 (cream),drkg,kg,llama3.2:3b,0,8,E,2,0.5,0,1,1,1,,prior,insufficient,3.0,Drug-5's inhibition of PDE4C targets a pathway implicated in Psoriasis (DOID:4159),0.875,2.125
3,Psoriasis in children 6-11 (cream),drkg,kg,llama3.2:3b,1,8,E,3,0.3333333333333333,0,1,1,1,,prior,insufficient,2.0,Targeting CFTR and INS has not been linked to this disease in the literature,0.5,2.375
3,Pancreatic NET,drkg,kg,llama3.2:3b,0,8,A,1,1.0,1,1,1,1,,kg,consistent,4.0,Mechanistic links from KG to AXL and VEGFA pathways suggest potential relevance for Pancreatic NET.,0.5,1.875
3,Pancreatic NET,drkg,kg,llama3.2:3b,1,8,H,7,0.14285714285714285,0,0,0,1,,kg,conflicting,1.0,No direct evidence linking to NET.,0.5,1.875
3,Ulcerative colitis,drkg,kg,llama3.2:3b,0,8,F,9,0.1111111111111111,0,0,0,1,,,,,,0.0,4.0
3,Ulcerative colitis,drkg,kg,llama3.2:3b,1,8,C,9,0.1111111111111111,0,0,0,1,,,,,,0.5,1.8333333333333333
3,Gastric/GEJ adenocarcinoma (1L +chemo),drkg,kg,llama3.2:3b,0,8,D,1,1.0,1,1,1,1,,prior,insufficient,3.0,"Inhibition of TTK is relevant to cancer treatment, but the KG does not directly connect it to gastric/GEJ adenocarcinoma.",0.25,1.875
3,Gastric/GEJ adenocarcinoma (1L +chemo),drkg,kg,llama3.2:3b,1,8,E,3,0.3333333333333333,0,1,1,1,,prior,insufficient,2.0,"Targeting CD274 and CD80 is relevant to cancer immunotherapy, but the specific connection to gastric adenocarcinoma is not well established.",0.125,1.625
3,Hidradenitis suppurativa,drkg,kg,llama3.2:3b,0,8,C,2,0.5,0,1,1,1,,prior,insufficient,1.0,Lack of mechanistic links to hidradenitis suppurativa.,0.625,2.125
3,Hidradenitis suppurativa,drkg,kg,llama3.2:3b,1,8,E,1,1.0,1,1,1,1,,prior,insufficient,4.0,"Drug-7's inhibition of IL17A is a plausible therapeutic target for Hidradenitis suppurativa, given the disease's association with gene IL1B and IL10",0.625,1.875
3,Biliary tract cancer,drkg,kg,llama3.2:3b,0,8,D,3,0.3333333333333333,0,1,1,1,,prior,insufficient,2.0,"Lack of mechanistic links in the knowledge graph, but PDCD1 targets a pathway involved in cancer.",0.625,2.0
3,Biliary tract cancer,drkg,kg,llama3.2:3b,1,8,G,9,0.1111111111111111,0,0,0,1,,,,,,0.5714285714285714,3.0
3,Antibody-mediated rejection in organ transplantation,drkg,kg,llama3.2:3b,0,8,D,1,1.0,1,1,1,1,,prior,insufficient,4.0,Inhibiting MS4A1 and XIAP suggests anti-apoptotic effects that could be beneficial in reducing antibody-mediated rejection.,0.875,1.875
3,Antibody-mediated rejection in organ transplantation,drkg,kg,llama3.2:3b,1,8,E,3,0.3333333333333333,0,1,1,1,,prior,insufficient,3.0,"Although Drug-1 targets XIAP and ABCB1, which could influence immunosuppressive drugs used in organ transplantation, its effects on antibody-mediated rejection are unclear.",0.125,2.125
3,Neoadj+adj HNSCC,drkg,kg,llama3.2:3b,0,8,A,2,0.5,0,1,1,1,,prior,insufficient,1.0,Lack of clear links to the disease,0.5,2.375
3,Neoadj+adj HNSCC,drkg,kg,llama3.2:3b,1,8,H,5,0.2,0,0,1,1,,prior,conflicting,1.0,Targets multiple genes and receptors involved in cancer cell proliferation,0.5,2.125
3,Ulcerative colitis,drkg,kg,llama3.2:3b,0,8,C,3,0.3333333333333333,0,1,1,1,,prior,insufficient,1.0,Limited evidence linking IL23A to DOID:8577,0.5,2.0
3,Ulcerative colitis,drkg,kg,llama3.2:3b,1,8,H,1,1.0,1,1,1,1,,prior,consistent,2.0,"Candidate H targets IL23A, which is related to MESH:D007078.",0.16666666666666666,1.1666666666666667
3,dMMR/MSI-H primary advanced endometrial cancer (+chemo),drkg,kg,llama3.2:3b,0,8,B,3,0.3333333333333333,0,1,1,1,,both,conflicting,2.0,"Inhibits both BCHE and ACHE, enzymes involved in the metabolism of certain chemo drugs, but no direct link to dMMR/MSI-H or cancer progression.",0.75,1.75
3,dMMR/MSI-H primary advanced endometrial cancer (+chemo),drkg,kg,llama3.2:3b,1,8,H,9,0.1111111111111111,0,0,0,1,,,,,,0.5,2.5
3,GVHD + pediatric,drkg,kg,llama3.2:3b,0,8,E,2,0.5,0,1,1,1,,kg,consistent,4.0,"DRUG-5 targets multiple pathways involved in immune regulation and cell proliferation, which may be relevant to GVHD + pediatric.",0.625,1.75
3,GVHD + pediatric,drkg,kg,llama3.2:3b,1,8,E,3,0.3333333333333333,0,1,1,1,,both,insufficient,3.0,Insufficient mechanistic links to GVHD + pediatric,0.5714285714285714,2.2857142857142856
3,Gastric/GEJ adenocarcinoma,drkg,kg,llama3.2:3b,0,8,B,5,0.2,0,0,1,1,,kg,insufficient,1.0,The provided drug profile lacks direct links relevant to gastric/GEJ adenocarcinoma.,0.5,1.875
3,Gastric/GEJ adenocarcinoma,drkg,kg,llama3.2:3b,1,8,G,7,0.14285714285714285,0,0,0,1,,kg,insufficient,1.0,The provided information for Drug-8 does not explicitly link it to gastric/GEJ adenocarcinoma,0.625,1.75
3,COPD (EMA 2025),drkg,kg,llama3.2:3b,0,8,B,7,0.14285714285714285,0,0,0,1,,prior,insufficient,2.0,No clear mechanism linking Drug-6 to COPD.,0.42857142857142855,3.142857142857143
3,COPD (EMA 2025),drkg,kg,llama3.2:3b,1,8,F,8,0.125,0,0,0,1,,kg,insufficient,1.0,Targeting IL4R has no direct connection to COPD based on the provided knowledge graph evidence.,0.625,1.75
3,RAS wild-type HER2+ metastatic colorectal cancer,drkg,kg,llama3.2:3b,0,8,H,4,0.25,0,0,1,1,,kg,conflicting,1.0,"Drug-8 targets ERBB2, but its primary indication is unknown, and it may not be effective against RAS wild-type HER2+ cancer.",0.625,1.75
3,RAS wild-type HER2+ metastatic colorectal cancer,drkg,kg,llama3.2:3b,1,8,D,2,0.5,0,1,1,1,,prior,insufficient,3.0,Targets ERBB2 and has other mechanisms that could be beneficial for this disease,0.375,1.875
3,Primary immunodeficiency pediatric (EMA),drkg,kg,llama3.2:3b,0,8,D,1,1.0,1,1,1,1,,prior,insufficient,2.0,Lack of direct connections to the immune system,0.5,2.125
3,Primary immunodeficiency pediatric (EMA),drkg,kg,llama3.2:3b,1,8,G,5,0.2,0,0,1,1,,prior,insufficient,1.0,Limited relevance to primary immunodeficiency pediatric (EMA) with no clear mechanistic links,0.375,2.625
3,BRAF V600E metastatic NSCLC,drkg,kg,llama3.2:3b,0,8,B,4,0.25,0,0,1,1,,prior,conflicting,2.0,"Targets MAP2K1, which is involved in the MAPK/ERK pathway, but Drug-7 also targets CCND1 and KRAS, which could be off-target effects.",0.125,2.5
3,BRAF V600E metastatic NSCLC,drkg,kg,llama3.2:3b,1,8,B,9,0.1111111111111111,0,0,0,1,,,,,,,
3,CRSwNP (eosinophilic chronic rhinosinusitis with nasal polyps),drkg,kg,llama3.2:3b,0,8,F,3,0.3333333333333333,0,1,1,1,,kg,insufficient,2.0,Mechanism unclear; targets various genes with unclear relevance to CRSwNP.,0.5,2.125
3,CRSwNP (eosinophilic chronic rhinosinusitis with nasal polyps),drkg,kg,llama3.2:3b,1,8,H,8,0.125,0,0,0,1,,uncertain,insufficient,1.0,No mechanistic link provided,0.5,2.0
3,Pediatric glioma (EMA),drkg,kg,llama3.2:3b,0,8,G,6,0.16666666666666666,0,0,0,1,,kg,insufficient,2.0,No clear mechanistic link to pediatric glioma,0.625,1.75
3,Pediatric glioma (EMA),drkg,kg,llama3.2:3b,1,8,G,4,0.25,0,0,1,1,,both,consistent,4.0,Inhibition of several kinases suggests potential therapeutic effects on cancers like Pediatric Glioma,0.4,2.4
3,Primary humoral immunodeficiency pediatric 2-11yr,drkg,kg,llama3.2:3b,0,8,G,6,0.16666666666666666,0,0,0,1,,prior,conflicting,1.0,Drug-1 targets FCGR receptors but no specific link to primary humoral immunodeficiency pediatric 2-11yr.,0.5,1.75
3,Primary humoral immunodeficiency pediatric 2-11yr,drkg,kg,llama3.2:3b,1,8,B,2,0.5,0,1,1,1,,kg,consistent,4.0,Targets multiple FCGR receptors that could plausibly lead to immunodeficiency.,0.7142857142857143,1.8571428571428572
3,"ALK+ solid tumors (tissue-agnostic, world-first)",drkg,kg,llama3.2:3b,0,8,G,1,1.0,1,1,1,1,,both,consistent,5.0,"Directly targets ALK, a protein overexpressed in ALK+ solid tumors.",0.125,2.125
3,"ALK+ solid tumors (tissue-agnostic, world-first)",drkg,kg,llama3.2:3b,1,8,A,3,0.3333333333333333,0,1,1,1,,both,insufficient,3.0,"While targets ALK and MET, the relevance to solid tumors is unclear.",1.0,2.5714285714285716
3,Primary mediastinal large B-cell lymphoma,drkg,kg,llama3.2:3b,0,8,B,6,0.16666666666666666,0,0,0,1,,prior,insufficient,1.0,Inhibits PDCD1 without clear connection to lymphoma.,0.75,2.0
3,Primary mediastinal large B-cell lymphoma,drkg,kg,llama3.2:3b,1,8,E,4,0.25,0,0,1,1,,kg,insufficient,1.0,Limited evidence from the knowledge graph; Drug-5 targets various genes involved in DNA repair and immune response.,0.5714285714285714,1.7142857142857142
3,HR+/HER2- metastatic breast cancer,drkg,kg,llama3.2:3b,0,8,G,7,0.14285714285714285,0,0,0,1,,prior,insufficient,2.0,Inhibition of CYP3A4 without a clear link to HR+/HER2- metastatic breast cancer.,0.5,2.375
3,HR+/HER2- metastatic breast cancer,drkg,kg,llama3.2:3b,1,8,C,6,0.16666666666666666,0,0,0,1,,kg,conflicting,1.0,Multiple targets with unclear mechanisms of action,1.0,2.1666666666666665
3,HER2+ early-stage BC (neoadjuvant + adjuvant),drkg,kg,llama3.2:3b,0,8,D,1,1.0,1,1,1,1,,prior,insufficient,3.0,Lack of direct connection to HER2+ BC,0.5,2.5
3,HER2+ early-stage BC (neoadjuvant + adjuvant),drkg,kg,llama3.2:3b,1,8,E,3,0.3333333333333333,0,1,1,1,,prior,insufficient,1.0,Limited evidence linking Drug-2 to HER2+ early-stage BC.,0.5,1.875
3,"Pediatric low-grade glioma (+dabrafenib, BRAF V600E)",drkg,kg,llama3.2:3b,0,8,B,2,0.5,0,1,1,1,,both,consistent,4.0,"Inhibition of various MAP2Ks targets pathways involved in glioma growth, supported by KG evidence",0.375,1.875
3,"Pediatric low-grade glioma (+dabrafenib, BRAF V600E)",drkg,kg,llama3.2:3b,1,8,F,6,0.16666666666666666,0,0,0,1,,kg,consistent,5.0,,0.5,2.5
3,mHSPC + ADT,drkg,kg,llama3.2:3b,0,8,B,5,0.2,0,0,1,1,,prior,insufficient,1.0,"Candidate Drug-2 targets SLCO1B1 and CYP3A7, which are relevant to mHSPC + ADT downregulation of several genes.",0.375,1.75
3,mHSPC + ADT,drkg,kg,llama3.2:3b,1,8,C,5,0.2,0,0,1,1,,prior,insufficient,1.0,Prior knowledge suggests drug-2 targets various transporters and enzymes involved in cancer metabolism.,0.5714285714285714,1.8571428571428572
3,Pediatric BRAF V600E low-grade glioma,drkg,kg,llama3.2:3b,0,8,A,4,0.25,0,0,1,1,,prior,insufficient,3.0,"Targets various pathways and genes, some of which may be relevant to BRAF V600E, but evidence is limited.",0.5,2.25
3,Pediatric BRAF V600E low-grade glioma,drkg,kg,llama3.2:3b,1,8,A,2,0.5,0,1,1,1,,both,insufficient,4.0,"Mechanistic links from the knowledge graph suggest Drug-6 could inhibit BRAF V600E low-grade glioma, but these links rely on the KG and may not be universally accepted.",0.75,3.25
3,HER2-mutant NSCLC (EMA),drkg,kg,llama3.2:3b,0,8,C,4,0.25,0,0,1,1,,kg,conflicting,3.0,Targets multiple proteins with unclear relevance to HER2-mutant NSCLC (EMA),0.375,2.375
3,HER2-mutant NSCLC (EMA),drkg,kg,llama3.2:3b,1,8,A,3,0.3333333333333333,0,1,1,1,,kg,insufficient,3.0,Lack of direct targeting of HER2 or related pathways.,0.5,3.75
3,Ph+ CML-CP after 2+ TKIs,drkg,kg,llama3.2:3b,0,8,B,2,0.5,0,1,1,1,,kg,conflicting,3.0,Mechanism lacks specificity for CML-CP,0.625,1.625
3,Ph+ CML-CP after 2+ TKIs,drkg,kg,llama3.2:3b,1,8,B,1,1.0,1,1,1,1,,prior,consistent,5.0,ABL1 inhibition is a well-established mechanism for CML treatment.,0.5,1.875
3,HR+/HER2- metastatic breast cancer,drkg,kg,llama3.2:3b,0,8,C,2,0.5,0,1,1,1,,prior,insufficient,3.0,"CandidateDrug-7 targets various kinases involved in DNA repair and cell cycle regulation, some of which are implicated in breast cancer",0.625,1.75
3,HR+/HER2- metastatic breast cancer,drkg,kg,llama3.2:3b,1,8,G,5,0.2,0,0,1,1,,both,conflicting,4.0,"Drug-7 targets several genes involved in DNA repair pathways, but there is no direct link between these targets and HR+/HER2- metastatic breast cancer in the knowledge graph.",0.625,3.125
3,HER2-mutant NSCLC (PMDA),drkg,kg,llama3.2:3b,0,8,C,8,0.125,0,0,0,1,,both,insufficient,3.0,Candidate C has limited mechanistic links to the target disease and its drug profile lacks clear connections to HER2-mutant NSCLC or its associated genes.,0.625,3.375
3,HER2-mutant NSCLC (PMDA),drkg,kg,llama3.2:3b,1,8,C,3,0.3333333333333333,0,1,1,1,,kg,insufficient,3.0,"Drug-8 targets TOP1, an enzyme involved in DNA replication and repair, which could be relevant to cancer treatment, but further evidence is needed.",0.5,2.375
3,Follicular lymphoma (+obinutuzumab),drkg,kg,llama3.2:3b,0,8,D,6,0.16666666666666666,0,0,0,1,,kg,conflicting,1.0,"KG evidence suggests Drug-8 targets various kinases involved in cancer progression, but the specific link to follicular lymphoma is unclear.",0.625,2.375
3,Follicular lymphoma (+obinutuzumab),drkg,kg,llama3.2:3b,1,8,E,2,0.5,0,1,1,1,,kg,conflicting,1.0,"The provided evidence links Drug-8 to various kinases, but its relevance to follicular lymphoma is unclear.",0.625,1.5
3,Platinum-resistant ovarian carcinoma (PD-L1+ CPS≥1),drkg,kg,llama3.2:3b,0,8,B,1,1.0,1,1,1,1,,kg,consistent,4.0,"Drug-6 targets PDCD1, a key regulator of immune response and PD-L1 expression, suggesting potential anti-PD-L1 activity.",1.0,1.75
3,Platinum-resistant ovarian carcinoma (PD-L1+ CPS≥1),drkg,kg,llama3.2:3b,1,8,B,9,0.1111111111111111,0,0,0,0,,,,,,,
3,Resectable gastric/GEJ adenocarcinoma (neoadj+adj +FLOT),drkg,kg,llama3.2:3b,0,8,C,5,0.2,0,0,1,1,,kg,insufficient,3.0,Targeting CD274 and CD80 does not provide direct mechanistic link to gastric/GEJ adenocarcinoma.,0.5,2.125
3,Resectable gastric/GEJ adenocarcinoma (neoadj+adj +FLOT),drkg,kg,llama3.2:3b,1,8,B,3,0.3333333333333333,0,1,1,1,,prior,insufficient,2.0,Lack of direct connection to gastric adenocarcinoma but targets CD80 and CD274 relevant to immune modulation,0.375,2.5
3,Advanced RCC after PD-1/PD-L1 + VEGF-TKI,drkg,kg,llama3.2:3b,0,8,C,9,0.1111111111111111,0,0,0,1,,,,,,1.0,2.0
3,Advanced RCC after PD-1/PD-L1 + VEGF-TKI,drkg,kg,llama3.2:3b,1,8,B,2,0.5,0,1,1,1,,kg,consistent,5.0,"Targets EPAS1, a pathway involved in RCC progression and angiogenesis",0.5,3.0
3,HER2+ solid tumors (tumor-agnostic),drkg,kg,llama3.2:3b,0,8,C,5,0.2,0,0,1,1,,prior,insufficient,3.0,"Drug-3 targets drugbank:BE0000429 and BE0000366, which may be related to cell proliferation or survival pathways.",0.25,3.0
3,HER2+ solid tumors (tumor-agnostic),drkg,kg,llama3.2:3b,1,8,C,4,0.25,0,0,1,1,,kg,conflicting,1.0,"Drug-8 targets FCGR1A and TOP1, which are involved in cancer biology but not specifically linked to HER2+ solid tumors.",0.5,3.25
3,HR+/HER2- early breast cancer (adjuvant),drkg,kg,llama3.2:3b,0,8,A,1,1.0,1,1,1,1,,,,,,,
3,HR+/HER2- early breast cancer (adjuvant),drkg,kg,llama3.2:3b,1,8,D,1,1.0,1,1,1,1,,prior,insufficient,4.0,Inhibition of CDK4 has anti-tumor effects,0.375,1.75
3,Chronic lymphocytic leukemia,drkg,kg,llama3.2:3b,0,8,D,1,1.0,1,1,1,1,,prior,insufficient,3.0,Lack of direct mechanistic links and weak connections between Drug-8's targets and CLL.,0.625,2.375
3,Chronic lymphocytic leukemia,drkg,kg,llama3.2:3b,1,8,E,3,0.3333333333333333,0,1,1,1,,kg,insufficient,1.0,Candidate Drug-8 has no clear mechanistic link to Chronic Lymphocytic Leukemia based on the provided evidence.,0.75,1.375
3,Unresectable thymic carcinoma (PMDA),drkg,kg,llama3.2:3b,0,8,A,2,0.5,0,1,1,1,,both,consistent,5.0,Strong mechanistic plausibility due to targeted pathways in angiogenesis and tumor growth.,0.5,2.625
3,Unresectable thymic carcinoma (PMDA),drkg,kg,llama3.2:3b,1,8,E,2,0.5,0,1,1,1,,kg,conflicting,4.0,"Candidate Drug-7's inhibition of VEGFA is associated with TCN2, but its targeting of other pathways (RET, FGFR2, KDR) may also be relevant.",0.5,2.0
3,IDH1-mutated relapsed/refractory MDS,drkg,kg,llama3.2:3b,0,8,B,1,1.0,1,1,1,1,,kg,consistent,5.0,Directly targets IDH1,0.5714285714285714,2.4285714285714284
3,IDH1-mutated relapsed/refractory MDS,drkg,kg,llama3.2:3b,1,8,B,6,0.16666666666666666,0,0,0,1,,kg,conflicting,1.0,Direct targeting of IDH1 not supported by provided evidence,0.5,1.75
3,Metastatic colorectal cancer,drkg,kg,llama3.2:3b,0,8,A,4,0.25,0,0,1,1,,both,insufficient,2.0,"Drug-1's interactions with TYMP and TK1, as well as its downregulation of KIF20A, may have some relevance to metastatic colorectal cancer, but more information is needed to confirm its effectiveness.",0.75,2.0
3,Metastatic colorectal cancer,drkg,kg,llama3.2:3b,1,8,C,4,0.25,0,0,1,1,,kg,conflicting,4.0,"While Drug-3 has potential targets for cancer regulation (FOSB), its primary mechanism is less relevant to metastasis.",0.5,3.0
3,Agitation associated with Alzheimer's dementia,biokg,kg,llama3.2:3b,0,8,C,2,0.5,0,1,1,1,,both,consistent,4.0,Targets genes associated with Alzheimer's dementia and modulates pathways relevant to the disease,0.5,2.0
3,Agitation associated with Alzheimer's dementia,biokg,kg,llama3.2:3b,1,8,C,4,0.25,0,0,1,1,,kg,conflicting,1.0,"Mechanistic links suggest Drug-1 targets multiple neurotransmitter systems (TPH2, TPH1), but its primary action on SYWM is unclear in relation to Alzheimer's dementia agitation.",0.625,2.25
3,LDL-C elevation in statin-intolerant dyslipidemia,biokg,kg,llama3.2:3b,0,8,B,6,0.16666666666666666,0,0,0,1,,kg,insufficient,3.0,The provided knowledge graph evidence for Drug-8 is insufficient to judge its mechanistic plausibility.,0.5,2.5
3,LDL-C elevation in statin-intolerant dyslipidemia,biokg,kg,llama3.2:3b,1,8,B,3,0.3333333333333333,0,1,1,1,,both,insufficient,1.0,No direct evidence links B to pathways relevant to LDL-C elevation in statin-intolerant dyslipidemia.,1.0,1.5
3,First-line anemia in lower-risk MDS,biokg,kg,llama3.2:3b,0,8,D,1,1.0,1,1,1,1,,prior,insufficient,4.0,Lack of direct evidence but strong association with pathway hsa04550,0.5,2.0
3,First-line anemia in lower-risk MDS,biokg,kg,llama3.2:3b,1,8,G,7,0.14285714285714285,0,0,0,1,,kg,uncertain,1.0,Insufficient information is available to assess the mechanistic plausibility of Drug-8 for this disease.,0.875,1.5
3,Palmoplantar pustulosis (PMDA),biokg,kg,llama3.2:3b,0,8,C,3,0.3333333333333333,0,1,1,1,,prior,insufficient,2.0,Prior knowledge of IL23A's involvement in inflammation may suggest a potential link to PMDA.,0.5,2.125
3,Palmoplantar pustulosis (PMDA),biokg,kg,llama3.2:3b,1,8,F,3,0.3333333333333333,0,1,1,1,,prior,insufficient,2.0,"Drug-1's mechanism does not directly relate to Palmoplantar pustulosis (PMDA), and its targets do not have a clear mechanistic link to the disease.",0.625,1.75
3,Acute HCV pediatric,biokg,kg,llama3.2:3b,0,8,E,4,0.25,0,0,1,1,,prior,insufficient,2.0,has unclear relationships with the target disease,0.5714285714285714,2.7142857142857144
3,Acute HCV pediatric,biokg,kg,llama3.2:3b,1,8,F,5,0.2,0,0,1,1,,kg,conflicting,2.0,Targets multiple transporters with no direct connections to Acute HCV pediatric,0.8571428571428571,2.142857142857143
3,Oral tablet formulation for weight management,biokg,kg,llama3.2:3b,0,8,B,1,1.0,1,1,1,1,,both,consistent,4.0,"Drug-8 targets GLP1R, a key regulator of appetite and metabolism.",0.75,1.75
3,Oral tablet formulation for weight management,biokg,kg,llama3.2:3b,1,8,H,7,0.14285714285714285,0,0,0,1,,prior,insufficient,1.0,No clear pathway related to weight management is established in the KG.,0.5,2.375
3,Nephrotic syndrome,biokg,kg,llama3.2:3b,0,8,H,7,0.14285714285714285,0,0,0,1,,prior,conflicting,2.0,"Although Drug-1 targets CD20 which has some relevance to Nephrotic syndrome, the mechanistic link is not directly established in the knowledge graph.",0.125,1.75
3,Nephrotic syndrome,biokg,kg,llama3.2:3b,1,8,H,8,0.125,0,0,0,1,,prior,insufficient,1.0,Not directly relevant to renal function or Nephrotic syndrome,0.5,2.25
3,KRAS G12C+ mCRC,biokg,kg,llama3.2:3b,0,8,D,1,1.0,1,1,1,1,,prior,insufficient,2.0,"Lack of direct mechanistic link to KRAS G12C+ mCRC based on provided evidence, but relevant targets in cellular processes",0.5,2.5
3,KRAS G12C+ mCRC,biokg,kg,llama3.2:3b,1,8,A,1,1.0,1,1,1,1,,kg,consistent,4.0,Direct association with KRAS G12C,0.625,1.875
3,Retinal vein occlusion,biokg,kg,llama3.2:3b,0,8,H,8,0.125,0,0,0,1,,prior,conflicting,1.0,Lacks direct evidence and targets multiple proteins with unclear relevance to retinal vein occlusion,0.5,1.75
3,Retinal vein occlusion,biokg,kg,llama3.2:3b,1,8,G,6,0.16666666666666666,0,0,0,1,,kg,insufficient,2.0,Lack of direct connection to retinal vein occlusion or relevant pathways,0.75,1.75
3,TRD monotherapy,biokg,kg,llama3.2:3b,0,8,A,1,1.0,1,1,1,1,,both,consistent,5.0,Strong mechanistic links and evidence from the knowledge graph,0.625,2.125
3,TRD monotherapy,biokg,kg,llama3.2:3b,1,8,B,2,0.5,0,1,1,1,,kg,conflicting,3.0,Targets EF2 have no clear connection to TRD monotherapy,0.42857142857142855,1.8571428571428572
3,Reduce MACE in CVD + obesity/overweight,biokg,kg,llama3.2:3b,0,8,G,7,0.14285714285714285,0,0,0,1,,kg,conflicting,1.0,Targets multiple enzymes with no direct link to PON2 or GRK5.,0.75,2.25
3,Reduce MACE in CVD + obesity/overweight,biokg,kg,llama3.2:3b,1,8,F,7,0.14285714285714285,0,0,0,1,,prior,insufficient,1.0,Lack of direct evidence from the knowledge graph; targets several genes and pathways not directly related to CVD or obesity/overweight.,0.75,2.25
3,Indolent systemic mastocytosis (EMA),biokg,kg,llama3.2:3b,0,8,B,1,1.0,1,1,1,1,,prior,insufficient,4.0,"Drug-8 targets KIT, a receptor known to be involved in mast cell growth and survival.",0.5,1.75
3,Indolent systemic mastocytosis (EMA),biokg,kg,llama3.2:3b,1,8,D,4,0.25,0,0,1,1,,kg,consistent,5.0,Mechanistic plausibility due to ABCG2 targets,0.5,2.375
3,IgG4-related disease,biokg,kg,llama3.2:3b,0,8,B,7,0.14285714285714285,0,0,0,1,,kg,insufficient,1.0,"The connection between Drug-8 and IgG4-related disease is limited to its effects on CD19, which are not directly relevant to the disease.",0.875,2.25
3,IgG4-related disease,biokg,kg,llama3.2:3b,1,8,H,1,1.0,1,1,1,1,,kg,conflicting,5.0,"Drug-8 targets CD19, a B-cell receptor, which is not directly related to the autoimmune mechanisms underlying IgG4-related disease.",0.75,2.0
3,COVID-19 (expanded population),biokg,kg,llama3.2:3b,0,8,D,3,0.3333333333333333,0,1,1,1,,both,conflicting,2.0,"Potential connections to viral entry transporters, but unclear links to some targets",0.625,1.75
3,COVID-19 (expanded population),biokg,kg,llama3.2:3b,1,8,D,1,1.0,1,1,1,1,,prior,insufficient,3.0,Drug-8 targets multiple transporters and pumps which could inhibit viral entry or replication.,0.5,2.75
3,Obstructive sleep apnea with obesity,biokg,kg,llama3.2:3b,0,8,G,8,0.125,0,0,0,1,,prior,insufficient,2.0,Lack of clear associations with EDNRA or obesity-related pathways; targets proteins involved in other biological processes.,0.5,2.5
3,Obstructive sleep apnea with obesity,biokg,kg,llama3.2:3b,1,8,H,8,0.125,0,0,0,1,,uncertain,uncertain,1.0,No evidence provided for Drug-8,0.125,2.25
3,Biliary tract cancer 1L,biokg,kg,llama3.2:3b,0,8,B,5,0.2,0,0,1,1,,prior,insufficient,1.0,Prior knowledge does not suggest a clear anti-cancer effect of targeting PD1L1 or CD80.,0.5,1.5
3,Biliary tract cancer 1L,biokg,kg,llama3.2:3b,1,8,C,5,0.2,0,0,1,1,,kg,conflicting,1.0,Direct evidence from the knowledge graph is scarce or conflicting for Drug-5 and Drug-7,0.75,2.125
3,Retinal vein occlusion,biokg,kg,llama3.2:3b,0,8,G,7,0.14285714285714285,0,0,0,1,,kg,insufficient,2.0,Candidate G targets relevant pathways but has no direct link to Retinal vein occlusion in the knowledge graph.,0.5,2.875
3,Retinal vein occlusion,biokg,kg,llama3.2:3b,1,8,G,7,0.14285714285714285,0,0,0,1,,kg,insufficient,1.0,,0.75,2.0
3,Chorea associated with Huntington's disease,biokg,kg,llama3.2:3b,0,8,D,1,1.0,1,1,1,1,,prior,insufficient,3.0,"Targets ADRB2 and SO1B3, both associated with Huntington's disease in the knowledge graph",0.5,1.75
3,Chorea associated with Huntington's disease,biokg,kg,llama3.2:3b,1,8,E,3,0.3333333333333333,0,1,1,1,,kg,conflicting,2.0,"Lack of direct link to Huntington's disease in the KG, but targeting CP2D6 has some relevance",0.5,1.875
3,High LDL-C with increased CV risk (expanded),biokg,kg,llama3.2:3b,0,8,H,8,0.125,0,0,0,1,,uncertain,conflicting,1.0,,0.375,1.625
3,High LDL-C with increased CV risk (expanded),biokg,kg,llama3.2:3b,1,8,H,8,0.125,0,0,0,1,,prior,conflicting,1.0,No direct connections to pathways related to the target disease.,0.5,1.875
3,Polycythaemia vera and essential thrombocytopenia,biokg,kg,llama3.2:3b,0,8,E,1,1.0,1,1,1,1,,prior,insufficient,4.0,Targets INAR1 and INAR2 involved in blood cell production,0.5,2.375
3,Polycythaemia vera and essential thrombocytopenia,biokg,kg,llama3.2:3b,1,8,D,2,0.5,0,1,1,1,,kg,conflicting,3.0,Targets multiple genes with conflicting evidence on Polycythaemia vera and essential thrombocytopenia,0.5,1.75
3,Schnitzler syndrome (Japan),biokg,kg,llama3.2:3b,0,8,H,9,0.1111111111111111,0,0,0,1,,,,,,1.0,4.0
3,Schnitzler syndrome (Japan),biokg,kg,llama3.2:3b,1,8,H,9,0.1111111111111111,0,0,0,1,,,,,,0.5714285714285714,3.4285714285714284
3,COVID-19 updated strain,biokg,kg,llama3.2:3b,0,8,D,1,1.0,1,1,1,1,,both,insufficient,3.0,"While Drug-7 targets multiple pathways, its primary association with COVID-19 updated strain is uncertain due to the lack of direct connections in the KG.",0.375,2.25
3,COVID-19 updated strain,biokg,kg,llama3.2:3b,1,8,B,2,0.5,0,1,1,1,,prior,insufficient,3.0,"Limited direct relevance to COVID-19 pathology, but modulation of immune response pathways",0.625,1.75
3,Delay T1D onset in children ≥1yr,biokg,kg,llama3.2:3b,0,8,F,5,0.2,0,0,1,1,,uncertain,unknown,1.0,No information provided,0.5,2.0
3,Delay T1D onset in children ≥1yr,biokg,kg,llama3.2:3b,1,8,A,2,0.5,0,1,1,1,,prior,insufficient,3.0,Potential mechanistic plausibility with the disease due to its broad range of targets,0.625,1.875
3,"mCRC BRAF V600E (traditional approval, was accelerated)",biokg,kg,llama3.2:3b,0,8,B,1,1.0,1,1,1,1,,both,consistent,5.0,Directly targets mutated protein in mCRC BRAF V600E,0.875,1.875
3,"mCRC BRAF V600E (traditional approval, was accelerated)",biokg,kg,llama3.2:3b,1,8,A,2,0.5,0,1,1,1,,both,insufficient,4.0,"Evidence from the knowledge graph indicates Drug-5 targets BRAF, but my pharmacological knowledge suggests that this may not be as directly relevant to mCRC BRAF V600E.",0.5,2.375
3,Diabetic retinopathy/DME (EMA Mar+May 2026),biokg,kg,llama3.2:3b,0,8,G,7,0.14285714285714285,0,0,0,1,,prior,insufficient,1.0,Lacks direct evidence linking it to Diabetic retinopathy/DME,0.5,2.5
3,Diabetic retinopathy/DME (EMA Mar+May 2026),biokg,kg,llama3.2:3b,1,8,F,5,0.2,0,0,1,1,,prior,conflicting,1.0,Lack of direct connection between VDR and Diabetic retinopathy/DME (EMA Mar+May 2026).,0.5714285714285714,2.0
3,Cerebral folate transport deficiency,biokg,kg,llama3.2:3b,0,8,E,2,0.5,0,1,1,1,,prior,insufficient,3.0,"Lack of direct links to cerebral folate transport deficiency, but potential off-target effects",0.375,2.375
3,Cerebral folate transport deficiency,biokg,kg,llama3.2:3b,1,8,C,5,0.2,0,0,1,1,,kg,insufficient,1.0,Insufficient mechanistic plausibility due to lack of clear connections between its targets and the disease.,0.375,1.875
3,Heart failure (broadened),biokg,kg,llama3.2:3b,0,8,H,8,0.125,0,0,0,1,,prior,insufficient,3.0,Lack of clear connections between CP1A2 and Heart failure,0.5,2.75
3,Heart failure (broadened),biokg,kg,llama3.2:3b,1,8,F,5,0.2,0,0,1,1,,prior,insufficient,2.0,"Drug-4 targets multiple targets, including CP1A2, but evidence is sparse and lacks direct links to the disease.",0.625,2.75
3,Acquired hypofibrinogenemia in cardiovascular surgery,biokg,kg,llama3.2:3b,0,8,A,1,1.0,1,1,1,1,,kg,insufficient,2.0,,0.625,1.625
3,Acquired hypofibrinogenemia in cardiovascular surgery,biokg,kg,llama3.2:3b,1,8,B,3,0.3333333333333333,0,1,1,1,,kg,insufficient,2.0,No direct connection to the disease or relevant pathways is reported in the knowledge graph.,1.0,1.75
3,COPD,biokg,kg,llama3.2:3b,0,8,E,5,0.2,0,0,1,1,,kg,insufficient,1.0,,0.75,1.75
3,COPD,biokg,kg,llama3.2:3b,1,8,H,7,0.14285714285714285,0,0,0,1,,kg,conflicting,1.0,Target IL4RA is more closely associated with allergic responses than COPD.,0.8571428571428571,2.142857142857143
3,Chronic hepatitis B (pediatric),biokg,kg,llama3.2:3b,0,8,E,2,0.5,0,1,1,1,,both,conflicting,3.0,"KG provides multiple targets, but conflicting information with other drugs (e.g., Drug-8).",0.5,2.125
3,Chronic hepatitis B (pediatric),biokg,kg,llama3.2:3b,1,8,E,3,0.3333333333333333,0,1,1,1,,both,consistent,5.0,Strong mechanistic plausibility through its targets related to MRP4 and SO1B3 pathways.,0.6666666666666666,3.0
3,HoFH pediatric (EMA),biokg,kg,llama3.2:3b,0,8,G,7,0.14285714285714285,0,0,0,1,,prior,insufficient,1.0,,0.75,1.75
3,HoFH pediatric (EMA),biokg,kg,llama3.2:3b,1,8,H,8,0.125,0,0,0,1,,uncertain,insufficient,1.0,Insufficient information is available on Drug-8,0.25,1.75
3,HR+/HER2- breast cancer,biokg,kg,llama3.2:3b,0,8,D,2,0.5,0,1,1,1,,prior,insufficient,1.0,"Candidate Drug-8 targets TACD2, which may be involved in HR+/HER2- breast cancer, but the evidence is limited and not directly linked to the disease.",0.5,1.5
3,HR+/HER2- breast cancer,biokg,kg,llama3.2:3b,1,8,H,8,0.125,0,0,0,1,,kg,insufficient,1.0,Targets multiple unrelated proteins and lacks direct association with HR+/HER2- breast cancer pathways,0.75,1.75
3,Retinopathy of prematurity,biokg,kg,llama3.2:3b,0,8,A,7,0.14285714285714285,0,0,0,1,,kg,conflicting,2.0,Drug-7 targets VEGF family members but the specific connection to retinopathy of prematurity is unclear.,0.75,1.625
3,Retinopathy of prematurity,biokg,kg,llama3.2:3b,1,8,E,4,0.25,0,0,1,1,,kg,consistent,5.0,"Drug-7 targets several key proteins involved in angiogenesis and vascular growth, which are critical for the development of ROP.",0.375,2.375
3,Agitation associated with Alzheimer's dementia,biokg,kg,llama3.2:3b,0,8,B,6,0.16666666666666666,0,0,0,1,,kg,conflicting,1.0,Targets multiple unrelated pathways and genes,0.8571428571428571,2.5714285714285716
3,Agitation associated with Alzheimer's dementia,biokg,kg,llama3.2:3b,1,8,A,5,0.2,0,0,1,1,,both,consistent,5.0,Modulation of N-Metyl-D-aspartic acid receptor antagonists pathway associated with Alzheimer's disease,0.625,2.75
3,Heterozygous familial hypercholesterolemia,biokg,kg,llama3.2:3b,0,8,A,2,0.5,0,1,1,1,,prior,insufficient,3.0,Lacks direct link to PON2 and Heterozygous familial hypercholesterolemia,0.625,2.875
3,Heterozygous familial hypercholesterolemia,biokg,kg,llama3.2:3b,1,8,H,6,0.16666666666666666,0,0,0,1,,kg,insufficient,3.0,"The knowledge graph reports associations, but does not provide clear mechanistic links for Drug-5.",1.0,3.1666666666666665
3,Indolent systemic mastocytosis,biokg,kg,llama3.2:3b,0,8,E,2,0.5,0,1,1,1,,prior,conflicting,3.0,"While some pathways modulated by Drug-2 are relevant to mast cell regulation, conflicts with known pathways and evidence suggest it's less likely to be relevant",0.625,1.875
3,Indolent systemic mastocytosis,biokg,kg,llama3.2:3b,1,8,D,4,0.25,0,0,1,1,,kg,consistent,5.0,Targets related to KIT and ABCG2 suggest a strong link to mastocytosis.,0.75,2.375
3,Juvenile idiopathic arthritis (EMA Feb 2026),biokg,kg,llama3.2:3b,0,8,A,4,0.25,0,0,1,1,,kg,insufficient,1.0,"KG evidence links Drug-6 to several targets and pathways, but the direct connection to Juvenile idiopathic arthritis is unclear without further information.",0.625,1.75
3,Juvenile idiopathic arthritis (EMA Feb 2026),biokg,kg,llama3.2:3b,1,8,G,5,0.2,0,0,1,1,,prior,insufficient,1.0,Lack of direct evidence linking the target molecules to JIA treatment,0.5,1.5
3,Invasive fungal infections pediatric ≥2yr,biokg,kg,llama3.2:3b,0,8,H,6,0.16666666666666666,0,0,0,1,,kg,insufficient,2.0,Lacks direct evidence linking its targets MDR1 and CP3A4 to fungal infections.,0.75,2.375
3,Invasive fungal infections pediatric ≥2yr,biokg,kg,llama3.2:3b,1,8,G,7,0.14285714285714285,0,0,0,1,,kg,insufficient,3.0,Similar lack of direct relevance to antifungal mechanisms from KG,0.75,2.5
3,PKU expanded to ≥12yr,biokg,kg,llama3.2:3b,0,8,E,3,0.3333333333333333,0,1,1,1,,prior,insufficient,2.0,"Targets COMT and ADRB2, which are not directly related to PKU.",0.5,1.5
3,PKU expanded to ≥12yr,biokg,kg,llama3.2:3b,1,8,B,7,0.14285714285714285,0,0,0,1,,kg,insufficient,1.0,Evidence from KG is limited and does not establish a clear link to PKU,0.5,1.625
3,HR+/HER2-low breast cancer,biokg,kg,llama3.2:3b,0,8,G,7,0.14285714285714285,0,0,0,1,,kg,insufficient,1.0,Candidate G's targets in multiple genes without clear biological relevance to HR+/HER2-low breast cancer.,0.5,2.125
3,HR+/HER2-low breast cancer,biokg,kg,llama3.2:3b,1,8,A,2,0.5,0,1,1,1,,both,consistent,4.0,"Multiple targets, including SO1B3 and MRP1, which are relevant to HR+/HER2-low breast cancer",0.5,2.125
3,Spinal muscular atrophy (pediatric expansion),biokg,kg,llama3.2:3b,0,8,E,3,0.3333333333333333,0,1,1,1,,prior,insufficient,2.0,Mechanism lacks direct connection to spinal muscular atrophy.,0.5,2.625
3,Spinal muscular atrophy (pediatric expansion),biokg,kg,llama3.2:3b,1,8,F,6,0.16666666666666666,0,0,0,1,,kg,insufficient,1.0,Lack of direct evidence linking Drug-8 to SMA; no mechanistic links provided in the knowledge graph,0.8571428571428571,1.8571428571428572
3,Chronic kidney disease,biokg,kg,llama3.2:3b,0,8,A,4,0.25,0,0,1,1,,kg,conflicting,1.0,,0.625,1.375
3,Chronic kidney disease,biokg,kg,llama3.2:3b,1,8,H,8,0.125,0,0,0,1,,prior,conflicting,1.0,,0.5,2.0
3,IgE-mediated food allergy,biokg,kg,llama3.2:3b,0,8,G,7,0.14285714285714285,0,0,0,1,,kg,insufficient,1.0,"Targets FCERB and FCERA, which are not directly associated with IFNL3 or NLRP3",0.5,2.25
3,IgE-mediated food allergy,biokg,kg,llama3.2:3b,1,8,F,8,0.125,0,0,0,1,,kg,insufficient,1.0,Lacks direct mechanistic context despite targeting relevant genes,0.5,2.25
3,Measles prophylaxis post-exposure,biokg,kg,llama3.2:3b,0,8,E,2,0.5,0,1,1,1,,kg,conflicting,1.0,Targets FCG receptors not directly linked to measles prophylaxis post-exposure,0.625,1.5
3,Measles prophylaxis post-exposure,biokg,kg,llama3.2:3b,1,8,B,4,0.25,0,0,1,1,,kg,conflicting,1.0,The knowledge graph evidence for Drug-1 is conflicting and does not provide a clear mechanistic link to measles prophylaxis post-exposure.,0.875,1.375
3,CKD in T2D,biokg,kg,llama3.2:3b,0,8,B,6,0.16666666666666666,0,0,0,1,,kg,consistent,5.0,"Targets GLP1R, which is associated with CKD in T2D",0.5714285714285714,3.7142857142857144
3,CKD in T2D,biokg,kg,llama3.2:3b,1,8,G,2,0.5,0,1,1,1,,both,consistent,4.0,"Targets relevant to renal function and glucose metabolism, aligning with the pathophysiology of CKD in T2D.",0.625,1.75
3,dMMR recurrent/advanced endometrial cancer,biokg,kg,llama3.2:3b,0,8,E,8,0.125,0,0,0,1,,kg,insufficient,3.0,no clear evidence of mechanistic relevance to dMMR recurrent/advanced endometrial cancer in the knowledge graph,0.375,2.0
3,dMMR recurrent/advanced endometrial cancer,biokg,kg,llama3.2:3b,1,8,B,3,0.3333333333333333,0,1,1,1,,prior,insufficient,3.0,Targeting of ADRB2 is relevant to hormone regulation but KG evidence is limited,0.625,2.375
3,ILD-associated pulmonary hypertension,biokg,kg,llama3.2:3b,0,8,G,2,0.5,0,1,1,1,,both,consistent,4.0,Connection via gene KCNA5.,0.625,3.125
3,ILD-associated pulmonary hypertension,biokg,kg,llama3.2:3b,1,8,B,2,0.5,0,1,1,1,,prior,conflicting,4.0,"Targeting P2Y12 and PPARD has a potential link to vasoconstriction and pulmonary hypertension, but the KG shows an association with ILD-associated pulmonary hypertension. The mechanism is plausible but not clearly supported by KG evidence.",0.75,2.25
3,Crohn's disease,biokg,kg,llama3.2:3b,0,8,E,2,0.5,0,1,1,1,,kg,insufficient,2.0,Candidate E lacks direct evidence linking its target proteins to Crohn's disease,0.5,1.5
3,Crohn's disease,biokg,kg,llama3.2:3b,1,8,C,4,0.25,0,0,1,1,,kg,insufficient,2.0,Lacks direct links to known pathways related to Crohn's disease,0.625,1.875
3,COVID-19 in severe renal impairment/dialysis,biokg,kg,llama3.2:3b,0,8,B,3,0.3333333333333333,0,1,1,1,,both,conflicting,2.0,"Drug-8 targets several transporters relevant to renal function, but its mechanistic links to COVID-19 treatment are unclear and conflicting with other evidence.",0.25,2.125
3,COVID-19 in severe renal impairment/dialysis,biokg,kg,llama3.2:3b,1,8,B,2,0.5,0,1,1,1,,kg,consistent,4.0,Multiple targets involved in kidney function and drug transport,0.625,2.25
3,MASH with fibrosis,biokg,kg,llama3.2:3b,0,8,C,6,0.16666666666666666,0,0,0,1,,kg,conflicting,1.0,Targets SC6A4 but also targets relevant to depression or other conditions; unclear relevance to MASH with fibrosis.,0.625,1.75
3,MASH with fibrosis,biokg,kg,llama3.2:3b,1,8,G,3,0.3333333333333333,0,1,1,1,,kg,insufficient,2.0,"Targets multiple proteins, including AMY1 and GLP1R, which play roles in fibrogenesis but lack direct evidence.",0.625,2.625
3,Urothelial carcinoma (expanded population),biokg,kg,llama3.2:3b,0,8,D,1,1.0,1,1,1,1,,prior,insufficient,3.0,Drug-2's association with Felodipine Metabolism Pathway is promising.,0.625,2.125
3,Urothelial carcinoma (expanded population),biokg,kg,llama3.2:3b,1,8,H,6,0.16666666666666666,0,0,0,1,,kg,insufficient,1.0,"Similar to Drug-4, the direct relevance of Drug-8 to Urothelial carcinoma is uncertain due to overlapping pathways.",0.875,1.875
3,Chronic thromboembolic pulmonary hypertension,biokg,kg,llama3.2:3b,0,8,H,8,0.125,0,0,0,1,,kg,insufficient,1.0,Lack of direct connection to thromboembolic disease despite targeting relevant pathways.,0.625,1.75
3,Chronic thromboembolic pulmonary hypertension,biokg,kg,llama3.2:3b,1,8,A,1,1.0,1,1,1,1,,both,consistent,4.0,Drug-7 has strong mechanistic plausibility due to its association with Antithrombosis agents pathway.,0.75,2.5
3,Crohn's disease,biokg,kg,llama3.2:3b,0,8,B,3,0.3333333333333333,0,1,1,1,,kg,consistent,5.0,Knowledge graph supports association between Drug-8 and Crohn's disease through its role in modulating the immune response.,0.625,2.25
3,Crohn's disease,biokg,kg,llama3.2:3b,1,8,C,5,0.2,0,0,1,1,,kg,insufficient,1.0,No direct connection to CBAR2 or relevant genes for IBD,0.7142857142857143,1.5714285714285714
3,HoFH in children,biokg,kg,llama3.2:3b,0,8,E,4,0.25,0,0,1,1,,prior,insufficient,1.0,"Drug-2's targets are related to GPCRs, which play roles in various physiological processes, including lipid metabolism.",0.625,1.875
3,HoFH in children,biokg,kg,llama3.2:3b,1,8,E,2,0.5,0,1,1,1,,,,,,,
3,First-line anemia in lower-risk MDS,biokg,kg,llama3.2:3b,0,8,E,5,0.2,0,0,1,1,,uncertain,insufficient,1.0,Insufficient information is available to assess the mechanistic plausibility of Drug-7.,0.375,2.0
3,First-line anemia in lower-risk MDS,biokg,kg,llama3.2:3b,1,8,D,1,1.0,1,1,1,1,,prior,insufficient,3.0,Prior knowledge indicates that drugs targeting VDR could have potential for treating hematologic disorders.,0.375,2.0
3,Generalized myasthenia gravis,biokg,kg,llama3.2:3b,0,8,A,1,1.0,1,1,1,1,,both,consistent,4.0,"CandidateDrug-8 has mechanistic plausibility for generalized myasthenia gravis due to its association with CD19, which is related to the disease through gene MUSK.",1.0,2.0
3,Generalized myasthenia gravis,biokg,kg,llama3.2:3b,1,8,A,1,1.0,1,1,1,1,,kg,consistent,4.0,Mechanistic link to CD19 through the knowledge graph,0.625,1.75
3,Acquired hypothalamic obesity,biokg,kg,llama3.2:3b,0,8,H,8,0.125,0,0,0,1,,kg,uncertain,1.0,Insufficient evidence is available about this drug's potential effect on acquired hypothalamic obesity.,0.625,1.75
3,Acquired hypothalamic obesity,biokg,kg,llama3.2:3b,1,8,F,9,0.1111111111111111,0,0,0,1,,,,,,1.0,4.0
3,HR+/HER2- node-positive high-risk early breast cancer,biokg,kg,llama3.2:3b,0,8,C,5,0.2,0,0,1,1,,prior,insufficient,2.0,Drug-3's targets do not have clear relevance to HR+/HER2-.,0.42857142857142855,2.5714285714285716
3,HR+/HER2- node-positive high-risk early breast cancer,biokg,kg,llama3.2:3b,1,8,B,1,1.0,1,1,1,1,,prior,insufficient,3.0,"Candidate Drug-8 has some known targets that may be relevant to this disease, despite the lack of direct evidence.",0.875,1.375
3,EGPA,biokg,kg,llama3.2:3b,0,8,B,6,0.16666666666666666,0,0,0,1,,prior,conflicting,2.0,Targeted pathways (FCERB/FCERA) not as directly linked to EGPA as other candidates.,0.625,2.125
3,EGPA,biokg,kg,llama3.2:3b,1,8,B,4,0.25,0,0,1,1,,kg,conflicting,1.0,"Targets FCERB and FCERA but no direct link to EGPA provided; however, KG also targets GCR, which is associated with EGPA.",0.875,1.625
3,BRAF+ thyroid cancer,biokg,kg,llama3.2:3b,0,8,D,1,1.0,1,1,1,1,,kg,consistent,4.0,"Targets UD13 and CP3A4, both relevant to BRAF+ thyroid cancer.",0.625,1.75
3,BRAF+ thyroid cancer,biokg,kg,llama3.2:3b,1,8,A,1,1.0,1,1,1,1,,kg,conflicting,3.0,"Mechanistic links targeting UD11 provide some evidence, but it is sparse.",0.75,2.125
3,Giant cell arteritis,biokg,kg,llama3.2:3b,0,8,D,4,0.25,0,0,1,1,,both,conflicting,3.0,"Drug-8 targets several transporters (ABCG2, MDR1) similar to Drug-6, but its primary mechanism involves JAK1 inhibition, which is not directly linked to Giant cell arteritis in the knowledge graph.",0.25,2.5
3,Giant cell arteritis,biokg,kg,llama3.2:3b,1,8,E,2,0.5,0,1,1,1,,prior,insufficient,3.0,Drug-8's connections to Giant cell arteritis are not well-established.,0.625,1.75
3,dMMR/MSI-H primary advanced endometrial cancer,biokg,kg,llama3.2:3b,0,8,A,3,0.3333333333333333,0,1,1,1,,both,conflicting,1.0,"Drug-7's targets span various pathways and drugs, including those for HIV treatment. However, the link to dMMR/MSI-H primary advanced endometrial cancer is unclear without further evidence.",0.625,1.5
3,dMMR/MSI-H primary advanced endometrial cancer,biokg,kg,llama3.2:3b,1,8,A,4,0.25,0,0,1,1,,kg,insufficient,1.0,Targets multiple compounds without clear connections to endometrial cancer.,0.5,1.75
3,Polymyalgia rheumatica,biokg,kg,llama3.2:3b,0,8,G,4,0.25,0,0,1,1,,,,,,,
3,Polymyalgia rheumatica,biokg,kg,llama3.2:3b,1,8,B,2,0.5,0,1,1,1,,kg/prior,conflicting,3.0,"IL6RA involvement in inflammation is plausible, but conflicting targets and pathways limit confidence.",0.125,1.75
3,Ph+ CML-CP frontline (EMA Feb 2026),biokg,kg,llama3.2:3b,0,8,B,3,0.3333333333333333,0,1,1,1,,prior,insufficient,2.0,"Targets AQP7, relevant to various diseases",0.42857142857142855,1.8571428571428572
3,Ph+ CML-CP frontline (EMA Feb 2026),biokg,kg,llama3.2:3b,1,8,F,7,0.14285714285714285,0,0,0,1,,kg,insufficient,2.0,,0.375,1.875
3,Allergic fungal rhinosinusitis (AFRS) ≥6yr,biokg,kg,llama3.2:3b,0,8,H,8,0.125,0,0,0,1,,kg,conflicting,1.0,"Candidate Drug-8's target IL4RA has some relevance to allergic responses, but its mechanism against AFRS is unclear.",0.875,1.875
3,Allergic fungal rhinosinusitis (AFRS) ≥6yr,biokg,kg,llama3.2:3b,1,8,B,2,0.5,0,1,1,1,,kg,insufficient,3.0,"IL4RA is involved in allergic reactions, but its role in AFRS is unclear; however, targeting this receptor might mitigate inflammation and immune responses.",0.375,1.75
3,RET-fusion NSCLC (expanded),biokg,kg,llama3.2:3b,0,8,C,6,0.16666666666666666,0,0,0,1,,prior,insufficient,1.0,No mechanistic relevance due to lack of connection between Drug-C's targets and RET-fusion NSCLC.,0.625,2.125
3,RET-fusion NSCLC (expanded),biokg,kg,llama3.2:3b,1,8,A,1,1.0,1,1,1,1,,both,consistent,4.0,"Drug-8 targets RET, which is associated with the target disease RET-fusion NSCLC (expanded). Drug-8's mechanism aligns well with the known biology of this disease.",0.125,1.75
3,"Crohn's disease (moderate-severe, refractory)",biokg,kg,llama3.2:3b,0,8,B,6,0.16666666666666666,0,0,0,1,,prior,insufficient,2.0,Prior knowledge suggests Drug-7 has a direct impact on the inflammatory bowel disease pathway.,0.5,2.875
3,"Crohn's disease (moderate-severe, refractory)",biokg,kg,llama3.2:3b,1,8,H,8,0.125,0,0,0,1,,kg,conflicting,1.0,Sparse evidence and conflicting connections to multiple pathways,0.75,2.0
3,Follicular lymphoma,biokg,kg,llama3.2:3b,0,8,A,5,0.2,0,0,1,1,,prior,conflicting,2.0,Mechanism unclear and pathways do not align with those of follicular lymphoma.,0.625,2.25
3,Follicular lymphoma,biokg,kg,llama3.2:3b,1,8,F,9,0.1111111111111111,0,0,0,1,,,,,,1.0,4.0
3,Atopic dermatitis,biokg,kg,llama3.2:3b,0,8,E,9,0.1111111111111111,0,0,0,1,,,,,,0.0,4.0
3,Atopic dermatitis,biokg,kg,llama3.2:3b,1,8,E,2,0.5,0,1,1,1,,prior,insufficient,3.0,"No direct link to FILA, but Drug-7 targets multiple kinases involved in inflammatory pathways",0.5,1.875
3,1L biliary tract cancer (+gemcitabine+cisplatin),biokg,kg,llama3.2:3b,0,8,F,4,0.25,0,0,1,1,,kg,conflicting,1.0,Mixed evidence on targets; unlikely to be effective against cancer,0.625,1.625
3,1L biliary tract cancer (+gemcitabine+cisplatin),biokg,kg,llama3.2:3b,1,8,D,1,1.0,1,1,1,1,,kg,consistent,4.0,Mechanistic plausibility provided by the knowledge graph evidence and ACM3's involvement in 1L biliary tract cancer (+gemcitabine+cisplatin),0.5,1.625
3,IV formulation for rheumatic diseases (EMA),biokg,kg,llama3.2:3b,0,8,F,7,0.14285714285714285,0,0,0,1,,prior,conflicting,2.0,"Target IL17 is involved in immune response pathways relevant to rheumatic diseases, but mechanistic links are unclear",0.5,2.125
3,IV formulation for rheumatic diseases (EMA),biokg,kg,llama3.2:3b,1,8,F,5,0.2,0,0,1,1,,prior,insufficient,1.0,Target is an inflammatory cytokine but mechanism of action not directly related to IV formulation,0.625,2.5
3,BRAF+ thyroid cancer,biokg,kg,llama3.2:3b,0,8,H,1,1.0,1,1,1,1,,both,consistent,5.0,"Directly targets BRAF, a known driver in BRAF+ thyroid cancer.",0.625,2.0
3,BRAF+ thyroid cancer,biokg,kg,llama3.2:3b,1,8,D,1,1.0,1,1,1,1,,prior,consistent,3.0,Targeting BRAF directly is plausible for BRAF+ thyroid cancer.,0.5,1.75
3,EGPA (expanded),biokg,kg,llama3.2:3b,0,8,B,5,0.2,0,0,1,1,,prior,insufficient,2.0,"Drug-7's targets do not directly relate to EGPA; however, IL10 is associated with the disease in the knowledge graph.",0.125,2.0
3,EGPA (expanded),biokg,kg,llama3.2:3b,1,8,C,7,0.14285714285714285,0,0,0,1,,prior,insufficient,1.0,"No direct links between Drug-1 and EGPA (expanded) are present in KG, despite PDE3B being associated with the disease via DRB4 gene.",0.5,2.25
3,Pheochromocytoma/paraganglioma,biokg,kg,llama3.2:3b,0,8,E,1,1.0,1,1,1,1,,prior,insufficient,4.0,EPAS1 targets are relevant to blood pressure regulation and vascular tone,0.625,1.75
3,Pheochromocytoma/paraganglioma,biokg,kg,llama3.2:3b,1,8,A,1,1.0,1,1,1,1,,both,consistent,4.0,Direct target of EPAS1 and relevant to pheochromocytoma/paraganglioma,0.25,1.75
3,Pediatric atopic dermatitis,biokg,kg,llama3.2:3b,0,8,G,7,0.14285714285714285,0,0,0,1,,prior,conflicting,2.0,The drug targets some proteins relevant to other diseases and has no direct connections to Pediatric atopic dermatitis or FILA gene.,0.75,2.0
3,Pediatric atopic dermatitis,biokg,kg,llama3.2:3b,1,8,C,3,0.3333333333333333,0,1,1,1,,prior,insufficient,2.0,Drug-7 has some relevant targets but lacks direct evidence linking to the disease profile or pathways related to pediatric atopic dermatitis.,0.125,1.875
3,MSI-H/dMMR solid tumors (full approval conversion),biokg,kg,llama3.2:3b,0,8,G,8,0.125,0,0,0,1,,prior,insufficient,1.0,"Lack of direct evidence, and the pathway is not clearly linked to MSI-H/dMMT",0.5,1.75
3,MSI-H/dMMR solid tumors (full approval conversion),biokg,kg,llama3.2:3b,1,8,G,7,0.14285714285714285,0,0,0,1,,kg,insufficient,1.0,The mechanistic link between Drug-6 and MSI-H/dMMR solid tumors is not established.,0.375,2.5714285714285716
3,Psoriasis in children 6-11 (cream),biokg,kg,llama3.2:3b,0,8,H,7,0.14285714285714285,0,0,0,1,,prior,conflicting,2.0,Targets PDE4C and CP3A4,0.625,2.0
3,Psoriasis in children 6-11 (cream),biokg,kg,llama3.2:3b,1,8,C,3,0.3333333333333333,0,1,1,1,,prior,insufficient,2.0,PDE4 modulation is plausible but CP3A4 association is unclear.,0.625,2.25
3,Pancreatic NET,biokg,kg,llama3.2:3b,0,8,G,7,0.14285714285714285,0,0,0,1,,kg,insufficient,2.0,"Similar to Drug-5, the direct link between Drug-3 and Pancreatic NET is unclear without more specific information.",0.5,2.0
3,Pancreatic NET,biokg,kg,llama3.2:3b,1,8,H,8,0.125,0,0,0,1,,prior,insufficient,1.0,"VGFR2 and MET targets do not directly relate to Pancreatic NET; however, these receptors might be involved in other diseases that could indirectly affect Pancreatic NET.",0.25,1.25
3,Ulcerative colitis,biokg,kg,llama3.2:3b,0,8,E,1,1.0,1,1,1,1,,both,consistent,4.0,Targets IL23A and IL12B associated with Ulcerative colitis through pathway IBD,0.5714285714285714,2.7142857142857144
3,Ulcerative colitis,biokg,kg,llama3.2:3b,1,8,B,3,0.3333333333333333,0,1,1,1,,prior,insufficient,2.0,"The knowledge graph suggests a mechanistic link for Drug-B to target pathway Inflammatory bowel disease (IBD), but the exact relationship between IL23A and ulcerative colitis symptoms is unclear.",0.75,2.0
3,Gastric/GEJ adenocarcinoma (1L +chemo),biokg,kg,llama3.2:3b,0,8,G,7,0.14285714285714285,0,0,0,1,,prior,insufficient,1.0,Lack of clear mechanistic connection to gastric/GEJ adenocarcinoma,0.5,2.5
3,Gastric/GEJ adenocarcinoma (1L +chemo),biokg,kg,llama3.2:3b,1,8,E,2,0.5,0,1,1,1,,both,consistent,3.0,"Candidate Drug-8 targets PD1L1, a checkpoint inhibitor, which is a promising therapeutic target for various cancers.",0.875,1.75
3,Hidradenitis suppurativa,biokg,kg,llama3.2:3b,0,8,H,7,0.14285714285714285,0,0,0,1,,prior,insufficient,2.0,Lacks mechanistic links to hidradenitis suppurativa and targets a single gene with no pathway association.,0.5,2.5
3,Hidradenitis suppurativa,biokg,kg,llama3.2:3b,1,8,E,3,0.3333333333333333,0,1,1,1,,prior,insufficient,2.0,"Targets IL17, a cytokine involved in inflammation, but association with Hidradenitis suppurativa is indirect.",0.5,1.75
3,Biliary tract cancer,biokg,kg,llama3.2:3b,0,8,E,1,1.0,1,1,1,1,,both,insufficient,3.0,No direct mechanistic links found in the knowledge graph,0.5,2.625
3,Biliary tract cancer,biokg,kg,llama3.2:3b,1,8,D,2,0.5,0,1,1,1,,kg,conflicting,2.0,"One report links target to biliary tract cancer, while others do not.",0.5714285714285714,1.7142857142857142
3,Antibody-mediated rejection in organ transplantation,biokg,kg,llama3.2:3b,0,8,D,1,1.0,1,1,1,1,,prior,consistent,4.0,"targets ADA2B and ADA1A, involved in immune system regulation",0.5,1.75
3,Antibody-mediated rejection in organ transplantation,biokg,kg,llama3.2:3b,1,8,H,7,0.14285714285714285,0,0,0,1,,prior,insufficient,5.0,Uncertain relevance to the target disease,0.2857142857142857,3.0
3,Neoadj+adj HNSCC,biokg,kg,llama3.2:3b,0,8,F,2,0.5,0,1,1,1,,both,insufficient,2.0,Lacks direct evidence for HNSCC pathogenesis,1.0,2.4285714285714284
3,Neoadj+adj HNSCC,biokg,kg,llama3.2:3b,1,8,H,8,0.125,0,0,0,1,,prior,conflicting,1.0,No clear link to HNSCC in the knowledge graph,0.625,2.25
3,Ulcerative colitis,biokg,kg,llama3.2:3b,0,8,G,8,0.125,0,0,0,1,,prior,insufficient,1.0,Lacks direct evidence for Ulcerative Colitis and targets a single protein with no known association with the disease,0.5,1.75
3,Ulcerative colitis,biokg,kg,llama3.2:3b,1,8,B,2,0.5,0,1,1,1,,prior,insufficient,2.0,"Prior knowledge suggests potential therapeutic effects on inflammatory diseases like Ulcerative colitis, but no clear mechanistic link to the disease.",0.42857142857142855,1.8571428571428572
3,dMMR/MSI-H primary advanced endometrial cancer (+chemo),biokg,kg,llama3.2:3b,0,8,G,7,0.14285714285714285,0,0,0,1,,prior,insufficient,1.0,Insufficient evidence linking the target to endometrial cancer treatment.,0.5,2.25
3,dMMR/MSI-H primary advanced endometrial cancer (+chemo),biokg,kg,llama3.2:3b,1,8,B,5,0.2,0,0,1,1,,kg/prior,conflicting,1.0,"Drug-8 modulates several pathways, including Pantothenate and CoA Biosynthesis; however, no clear link to dMMR/MSI-H primary advanced endometrial cancer (+chemo) is provided",0.125,1.75
3,GVHD + pediatric,biokg,kg,llama3.2:3b,0,8,A,1,1.0,1,1,1,1,,prior,consistent,3.0,"Drug-5's targets JAK1 and JAK2 have been implicated in GVHD, and its modulation of the Antineoplastics - protein kinases inhibitors pathway is relevant to cancer treatment, a common comorbidity in pediatric GVHD patients.",0.375,1.75
3,GVHD + pediatric,biokg,kg,llama3.2:3b,1,8,A,1,1.0,1,1,1,1,,kg,conflicting,4.0,"Candidate A targets JAK1 and JAK2, which are relevant to GVHD + pediatric, but its primary mechanism is antineoplastics - protein kinases inhibitors, not directly related to the disease.",0.875,1.75
3,Gastric/GEJ adenocarcinoma,biokg,kg,llama3.2:3b,0,8,F,5,0.2,0,0,1,1,,kg,insufficient,1.0,Lack of direct evidence linking PD1L1 and CD80 to gastric/GEJ adenocarcinoma.,0.8571428571428571,2.142857142857143
3,Gastric/GEJ adenocarcinoma,biokg,kg,llama3.2:3b,1,8,A,2,0.5,0,1,1,1,,kg,conflicting,2.0,PD1L1 is a promising target but its connection to gastric/GEJ adenocarcinoma is unclear.,0.625,1.625
3,COPD (EMA 2025),biokg,kg,llama3.2:3b,0,8,D,3,0.3333333333333333,0,1,1,1,,both,consistent,4.0,"Drug-6 targets IL4RA, which is involved in immune response and could be relevant to COPD (EMA 2025).",0.625,2.5
3,COPD (EMA 2025),biokg,kg,llama3.2:3b,1,8,C,8,0.125,0,0,0,1,,prior,conflicting,1.0,Prior knowledge suggests pathways involving IL4RA are not directly related to COPD.,0.5,1.75
3,RAS wild-type HER2+ metastatic colorectal cancer,biokg,kg,llama3.2:3b,0,8,B,6,0.16666666666666666,0,0,0,1,,both,insufficient,2.0,Insufficient evidence linking Drug-8 to RAS wild-type HER2+ metastatic colorectal cancer despite its ERBB2 target.,0.625,1.75
3,RAS wild-type HER2+ metastatic colorectal cancer,biokg,kg,llama3.2:3b,1,8,B,2,0.5,0,1,1,1,,both,consistent,4.0,"Targets ERBB3 and ABCG2 relevant to HER2+ breast cancer, but its relevance to colorectal cancer is unclear",0.25,1.75
3,Primary immunodeficiency pediatric (EMA),biokg,kg,llama3.2:3b,0,8,C,5,0.2,0,0,1,1,,kg,conflicting,2.0,Weak evidence for targeting GNRHR in this disease.,0.625,2.0
3,Primary immunodeficiency pediatric (EMA),biokg,kg,llama3.2:3b,1,8,F,6,0.16666666666666666,0,0,0,1,,kg,insufficient,1.0,Drug-1 targets several immune-related receptors but lacks a clear mechanistic link to primary immunodeficiency pediatric based on available evidence.,0.75,1.875
3,BRAF V600E metastatic NSCLC,biokg,kg,llama3.2:3b,0,8,H,4,0.25,0,0,1,1,,kg,conflicting,3.0,"Targets BRAF, but evidence is sparse and conflicts with other targets.",0.5,3.25
3,BRAF V600E metastatic NSCLC,biokg,kg,llama3.2:3b,1,8,D,4,0.25,0,0,1,1,,prior,insufficient,3.0,"Prior knowledge suggests potential anti-cancer effects, but KG evidence is limited and does not support a clear link to BRAF V600E.",0.25,2.25
3,CRSwNP (eosinophilic chronic rhinosinusitis with nasal polyps),biokg,kg,llama3.2:3b,0,8,G,2,0.5,0,1,1,1,,prior,insufficient,3.0,"While AHR is involved in various diseases, its direct connection to CRSwNP is unclear.",0.625,1.75
3,CRSwNP (eosinophilic chronic rhinosinusitis with nasal polyps),biokg,kg,llama3.2:3b,1,8,B,8,0.125,0,0,0,1,,kg,insufficient,1.0,Mechanism of action is unclear and does not align with known pharmacological effects for CRSwNP.,0.5,1.75
3,Pediatric glioma (EMA),biokg,kg,llama3.2:3b,0,8,B,7,0.14285714285714285,0,0,0,1,,kg,conflicting,1.0,Drug-7's mechanisms target multiple kinases but do not have a direct connection to pediatric glioma.,0.875,1.75
3,Pediatric glioma (EMA),biokg,kg,llama3.2:3b,1,8,D,1,1.0,1,1,1,1,,both,consistent,4.0,Drug-5 has multiple pathways and targets that are associated with pediatric glioma disease (EMA) in the knowledge graph.,0.3333333333333333,2.3333333333333335
3,Primary humoral immunodeficiency pediatric 2-11yr,biokg,kg,llama3.2:3b,0,8,B,2,0.5,0,1,1,1,,kg,consistent,5.0,Strong mechanistic link to FCG receptors relevant to B-cell development and differentiation,0.625,3.0
3,Primary humoral immunodeficiency pediatric 2-11yr,biokg,kg,llama3.2:3b,1,8,B,2,0.5,0,1,1,1,,prior,insufficient,3.0,Targeted FCGRBs may be relevant but the provided evidence is limited and not directly related to humoral immunodeficiency,0.5,2.0
3,"ALK+ solid tumors (tissue-agnostic, world-first)",biokg,kg,llama3.2:3b,0,8,C,5,0.2,0,0,1,1,,kg,conflicting,1.0,"Targets TPMT and IFNG, enzymes involved in different processes unrelated to ALK+ solid tumors",0.5,2.25
3,"ALK+ solid tumors (tissue-agnostic, world-first)",biokg,kg,llama3.2:3b,1,8,A,1,1.0,1,1,1,1,,prior,insufficient,3.0,Targeting ALK is a plausible but unproven strategy for ALK+ solid tumors.,0.75,1.625
3,Primary mediastinal large B-cell lymphoma,biokg,kg,llama3.2:3b,0,8,A,3,0.3333333333333333,0,1,1,1,,kg,conflicting,2.0,"The knowledge graph links Drug-5 to PDCD1, but also suggests a potential interaction with PGH1 and PGH2. However, the relevance of these interactions to primary mediastinal large B-cell lymphoma is unclear.",0.5,1.875
3,Primary mediastinal large B-cell lymphoma,biokg,kg,llama3.2:3b,1,8,F,6,0.16666666666666666,0,0,0,1,,kg,conflicting,1.0,,0.5,2.0
3,HR+/HER2- metastatic breast cancer,biokg,kg,llama3.2:3b,0,8,H,8,0.125,0,0,0,1,,prior,insufficient,1.0,"Has some targets related to drug metabolism and transport, which may not directly relate to breast cancer biology.",0.375,1.75
3,HR+/HER2- metastatic breast cancer,biokg,kg,llama3.2:3b,1,8,H,8,0.125,0,0,0,1,,prior,insufficient,1.0,"Targets multiple receptors and enzymes, which may have an impact on anxiety but lacks direct evidence to HR+/HER2- metastatic breast cancer",0.5,2.25
3,HER2+ early-stage BC (neoadjuvant + adjuvant),biokg,kg,llama3.2:3b,0,8,D,1,1.0,1,1,1,1,,both,insufficient,3.0,Lack of direct evidence from the KG and unclear relevance to HER2+ disease,0.25,1.75
3,HER2+ early-stage BC (neoadjuvant + adjuvant),biokg,kg,llama3.2:3b,1,8,F,4,0.25,0,0,1,1,,,,,,,
3,"Pediatric low-grade glioma (+dabrafenib, BRAF V600E)",biokg,kg,llama3.2:3b,0,8,G,3,0.3333333333333333,0,1,1,1,,prior,insufficient,2.0,Drug-6's target A1AG1 has some relevance to cancer biology.,0.5,2.25
3,"Pediatric low-grade glioma (+dabrafenib, BRAF V600E)",biokg,kg,llama3.2:3b,1,8,G,4,0.25,0,0,1,1,,kg,insufficient,2.0,targeting multiple proteins with unclear links to glioma,0.625,2.375
3,mHSPC + ADT,biokg,kg,llama3.2:3b,0,8,D,7,0.14285714285714285,0,0,0,1,,kg,conflicting,2.0,"Targets ABCG2 and PRGR, but also SO1B3 and other transporters not directly associated with mHSPC + ADT in the KG.",0.625,2.875
3,mHSPC + ADT,biokg,kg,llama3.2:3b,1,8,E,3,0.3333333333333333,0,1,1,1,,kg,insufficient,3.0,"Targets PRGR and ABCG2, which are involved in cell growth and differentiation; however, no direct association with CDKA2 or TPBG in the KG.",0.75,3.125
3,Pediatric BRAF V600E low-grade glioma,biokg,kg,llama3.2:3b,0,8,H,7,0.14285714285714285,0,0,0,1,,prior,insufficient,3.0,"Candidate H targets multiple pathways including LIMK1 and NEK11, but the relationship to BRAF V600E low-grade glioma is unclear.",0.2857142857142857,2.5714285714285716
3,Pediatric BRAF V600E low-grade glioma,biokg,kg,llama3.2:3b,1,8,A,2,0.5,0,1,1,1,,both,conflicting,4.0,"Direct BRAF target with downstream components, but some targets are not relevant",0.75,2.0
3,HER2-mutant NSCLC (EMA),biokg,kg,llama3.2:3b,0,8,G,7,0.14285714285714285,0,0,0,1,,kg,insufficient,1.0,Lack of direct associations with HER2-mutant NSCLC and no clear relevance to the target disease,0.625,1.75
3,HER2-mutant NSCLC (EMA),biokg,kg,llama3.2:3b,1,8,A,9,0.1111111111111111,0,0,0,1,,,,,,0.6,1.6
3,Ph+ CML-CP after 2+ TKIs,biokg,kg,llama3.2:3b,0,8,H,8,0.125,0,0,0,1,,kg,insufficient,1.0,Insufficient information to assess mechanistic plausibility.,0.625,1.75
3,Ph+ CML-CP after 2+ TKIs,biokg,kg,llama3.2:3b,1,8,F,6,0.16666666666666666,0,0,0,1,,uncertain,insufficient,1.0,No direct evidence of Drug-7's efficacy against CML-CP was found in the knowledge graph,0.625,2.25
3,HR+/HER2- metastatic breast cancer,biokg,kg,llama3.2:3b,0,8,H,8,0.125,0,0,0,1,,both,conflicting,4.0,"While it targets PARP2 and PARP1, its relationship to ABCG2 and MDR1 is unclear.",0.75,3.25
3,HR+/HER2- metastatic breast cancer,biokg,kg,llama3.2:3b,1,8,F,2,0.5,0,1,1,1,,both,consistent,4.0,"KG targets PARP1/2, which is implicated in DNA repair and cell cycle regulation, relevant to breast cancer treatment.",0.5,2.125
3,HER2-mutant NSCLC (PMDA),biokg,kg,llama3.2:3b,0,8,F,6,0.16666666666666666,0,0,0,1,,kg,insufficient,1.0,"Targets multiple proteins involved in cancer metabolism and ion transport, but direct link to HER2-mutant NSCLC (PMDA) unclear.",0.875,1.875
3,HER2-mutant NSCLC (PMDA),biokg,kg,llama3.2:3b,1,8,F,3,0.3333333333333333,0,1,1,1,,kg,conflicting,2.0,Targets multiple genes and pathways relevant to HER2-mutant NSCLC but evidence is sparse,0.625,1.75
3,Follicular lymphoma (+obinutuzumab),biokg,kg,llama3.2:3b,0,8,D,2,0.5,0,1,1,1,,both,consistent,4.0,"Candidate Drug-8 targets multiple kinases (BMX, FRK, FGR, TEC, ITK, BLK) with strong mechanistic links to the target disease.",0.875,1.875
3,Follicular lymphoma (+obinutuzumab),biokg,kg,llama3.2:3b,1,8,H,1,1.0,1,1,1,1,,kg,conflicting,4.0,Targets multiple kinases involved in cell signaling pathways that may be relevant to lymphoma progression.,0.5,2.0
3,Platinum-resistant ovarian carcinoma (PD-L1+ CPS≥1),biokg,kg,llama3.2:3b,0,8,B,1,1.0,1,1,1,1,,kg,consistent,4.0,"Drug-6 targets PDCD1, a key molecule in PD-L1+ ovarian carcinoma, making it mechanistically plausible.",0.625,2.25
3,Platinum-resistant ovarian carcinoma (PD-L1+ CPS≥1),biokg,kg,llama3.2:3b,1,8,G,6,0.16666666666666666,0,0,0,1,,kg,insufficient,2.0,"The drug targets PDCD1, but the mechanistic links to PD-L1+ CPS≥1 are unclear and may be indirect.",1.0,2.5
3,Resectable gastric/GEJ adenocarcinoma (neoadj+adj +FLOT),biokg,kg,llama3.2:3b,0,8,G,7,0.14285714285714285,0,0,0,1,,prior,insufficient,1.0,Limited evidence from the knowledge graph regarding the relevance of PD1L1 and CD80 to gastric/GEJ adenocarcinoma.,0.375,1.875
3,Resectable gastric/GEJ adenocarcinoma (neoadj+adj +FLOT),biokg,kg,llama3.2:3b,1,8,G,7,0.14285714285714285,0,0,0,1,,prior,insufficient,1.0,No direct evidence from the knowledge graph supports its potential mechanisms for this disease.,0.5,1.875
3,Advanced RCC after PD-1/PD-L1 + VEGF-TKI,biokg,kg,llama3.2:3b,0,8,B,4,0.25,0,0,1,1,,kg,consistent,5.0,EPAS1 is highly relevant to angiogenesis and potential resistance in RCC.,0.375,2.25
3,Advanced RCC after PD-1/PD-L1 + VEGF-TKI,biokg,kg,llama3.2:3b,1,8,B,6,0.16666666666666666,0,0,0,1,,kg,insufficient,1.0,"Direct targeting of EPAS1 is promising, but further analysis is needed to determine relevance to Advanced RCC.",0.75,1.5
3,HER2+ solid tumors (tumor-agnostic),biokg,kg,llama3.2:3b,0,8,B,4,0.25,0,0,1,1,,both,insufficient,2.0,KG links Drug-8 to various targets without direct connections to HER2+ solid tumors.,0.375,1.625
3,HER2+ solid tumors (tumor-agnostic),biokg,kg,llama3.2:3b,1,8,E,4,0.25,0,0,1,1,,kg,insufficient,3.0,Lacking direct mechanistic links to HER2+,0.75,3.125
3,HR+/HER2- early breast cancer (adjuvant),biokg,kg,llama3.2:3b,0,8,F,5,0.2,0,0,1,1,,kg,insufficient,1.0,Lack of clear connections to HR+/HER2- breast cancer in either KG profile or my own knowledge.,0.625,1.5
3,HR+/HER2- early breast cancer (adjuvant),biokg,kg,llama3.2:3b,1,8,C,2,0.5,0,1,1,1,,kg,consistent,4.0,"Candidate C targets CDK6 and CDK4, which are relevant to cell cycle regulation and proliferation in cancer cells.",0.875,2.125
3,Chronic lymphocytic leukemia,biokg,kg,llama3.2:3b,0,8,D,3,0.3333333333333333,0,1,1,1,,kg,consistent,5.0,"KG links Drug-8 to several kinases and tyrosine kinases involved in cell proliferation and survival, all relevant to CLL's pathophysiology.",0.7142857142857143,3.0
3,Chronic lymphocytic leukemia,biokg,kg,llama3.2:3b,1,8,E,1,1.0,1,1,1,1,,prior,insufficient,3.0,BMX targets multiple kinases relevant to T-cell activation and CLL.,0.5714285714285714,1.8571428571428572
3,Unresectable thymic carcinoma (PMDA),biokg,kg,llama3.2:3b,0,8,E,3,0.3333333333333333,0,1,1,1,,prior,insufficient,2.0,Targeting various vascular growth factors may affect cell proliferation or survival in thymic carcinoma.,0.625,2.0
3,Unresectable thymic carcinoma (PMDA),biokg,kg,llama3.2:3b,1,8,B,7,0.14285714285714285,0,0,0,1,,both,consistent,4.0,"Targets multiple FGFRs, which are involved in various cancers",0.75,2.5
3,IDH1-mutated relapsed/refractory MDS,biokg,kg,llama3.2:3b,0,8,B,7,0.14285714285714285,0,0,0,1,,kg,conflicting,4.0,"KG associates Drug-8 with several targets associated with IDH1-mutated relapsed/refractory MDS, but its other targets have limited relevance to the disease.",0.5,3.25
3,IDH1-mutated relapsed/refractory MDS,biokg,kg,llama3.2:3b,1,8,F,2,0.5,0,1,1,1,,both,conflicting,4.0,"Targets multiple genes and pathways associated with IDH1-mutated relapsed/refractory MDS, but pathway relevance is uncertain",0.375,2.375
3,Metastatic colorectal cancer,biokg,kg,llama3.2:3b,0,8,E,5,0.2,0,0,1,1,,prior,insufficient,1.0,No direct connection to metastatic colorectal cancer,0.5,2.25
3,Metastatic colorectal cancer,biokg,kg,llama3.2:3b,1,8,D,2,0.5,0,1,1,1,,kg,insufficient,3.0,"Targets S28A1, which is not clearly linked to metastatic colorectal cancer",0.625,1.75
