seed,disease,kg,condition,model,shuffle,pool_size,positive_letter,rank,reciprocal_rank,hit@1,hit@3,hit@5,parsed,error,pos_basis,pos_agreement,pos_confidence,pos_rationale,frac_basis_kg,mean_confidence
2,Chorea associated with Huntington's disease,none,no_kg,llama3.3:70b,0,8,C,6,0.16666666666666666,0,0,0,1,,kg,insufficient,2.0,Drug-8's potential is uncertain due to sparse evidence from the knowledge graph and limited prior knowledge of its application in Huntington's disease.,0.5,2.5
2,Chorea associated with Huntington's disease,none,no_kg,llama3.3:70b,1,8,H,9,0.1111111111111111,0,0,0,1,,,,,,1.0,4.0
2,Chronic thromboembolic pulmonary hypertension,none,no_kg,llama3.3:70b,0,8,G,4,0.25,0,0,1,1,,both,conflicting,2.0,"Drug-7 presents a mixed picture due to conflicting evidence between its known effects on coagulation pathways and the sparse, potentially contradictory associations in the knowledge graph.",0.625,1.875
2,Chronic thromboembolic pulmonary hypertension,none,no_kg,llama3.3:70b,1,8,B,7,0.14285714285714285,0,0,0,1,,prior,insufficient,1.0,Prior pharmacological knowledge does not strongly support Drug-7 for treating Chronic thromboembolic pulmonary hypertension due to lack of direct evidence.,0.5,1.875
2,Indolent systemic mastocytosis,none,no_kg,llama3.3:70b,0,8,C,4,0.25,0,0,1,1,,prior,insufficient,2.0,"Without specific evidence, Drug-8's potential is speculative but it could interfere with mast cell function based on its chemical structure.",0.625,2.375
2,Indolent systemic mastocytosis,none,no_kg,llama3.3:70b,1,8,E,4,0.25,0,0,1,1,,prior,insufficient,2.0,"Drug-8 might have off-target effects beneficial for mastocytosis, but without direct evidence, its potential is speculative.",0.5,2.375
2,EGPA (expanded),none,no_kg,llama3.3:70b,0,8,D,2,0.5,0,1,1,1,,both,consistent,4.0,"Drug-8 has a reported mechanistic link to EGPA through its target and pathway associations in the knowledge graph, supported by general pharmacological principles.",0.25,2.0
2,EGPA (expanded),none,no_kg,llama3.3:70b,1,8,C,7,0.14285714285714285,0,0,0,1,,kg,conflicting,1.0,"Drug-8 has some evidence from the knowledge graph but it is conflicted and does not strongly support its use for EGPA, lacking clear mechanistic links.",0.5,1.875
2,Invasive fungal infections pediatric ≥2yr,none,no_kg,llama3.3:70b,0,8,C,5,0.2,0,0,1,1,,prior,insufficient,2.0,"Without specific evidence, Drug-4's potential is uncertain, but its class may have some antifungal properties.",0.5,2.75
2,Invasive fungal infections pediatric ≥2yr,none,no_kg,llama3.3:70b,1,8,H,8,0.125,0,0,0,1,,prior,insufficient,1.0,"Drug-4 has no clear association with antifungal properties or mechanisms from either the knowledge graph or prior pharmacological knowledge, making its potential for treating invasive fungal infections low.",0.5,2.375
2,PKU expanded to ≥12yr,none,no_kg,llama3.3:70b,0,8,D,5,0.2,0,0,1,1,,prior,insufficient,2.0,Drug-8's potential as a therapeutic agent in metabolic disorders is unclear due to lack of information linking it directly to PKU pathways or mechanisms.,0.0,1.875
2,PKU expanded to ≥12yr,none,no_kg,llama3.3:70b,1,8,E,5,0.2,0,0,1,1,,prior,insufficient,1.0,Drug-8's potential effect on PKU is highly speculative due to the absence of any relevant information.,0.0,1.5
2,Nephrotic syndrome,none,no_kg,llama3.3:70b,0,8,H,8,0.125,0,0,0,1,,prior,insufficient,1.0,Drug-1 (H) has no evident link to the treatment of Nephrotic syndrome through either knowledge graph evidence or pharmacological properties.,0.25,1.875
2,Nephrotic syndrome,none,no_kg,llama3.3:70b,1,8,D,1,1.0,1,1,1,1,,both,consistent,5.0,Drug-1 has strong mechanistic links to pathways involved in Nephrotic syndrome through the knowledge graph and aligns with prior pharmacological understanding of disease pathology.,0.5,2.375
2,HR+/HER2- node-positive high-risk early breast cancer,none,no_kg,llama3.3:70b,0,8,B,3,0.3333333333333333,0,1,1,1,,kg,consistent,4.0,Drug-7 has been associated with modulation of a pathway relevant to HER2- breast cancer in the knowledge graph.,0.375,3.0
2,HR+/HER2- node-positive high-risk early breast cancer,none,no_kg,llama3.3:70b,1,8,A,2,0.5,0,1,1,1,,kg,consistent,3.0,"Drug-7 is associated with cell cycle regulation pathways, potentially beneficial in high-risk early breast cancer.",0.25,1.875
2,Retinopathy of prematurity,none,no_kg,llama3.3:70b,0,8,H,8,0.125,0,0,0,1,,prior,conflicting,1.0,"Drug-7 has conflicting information regarding its potential effects on relevant pathways, making it the least likely candidate.",0.25,2.125
2,Retinopathy of prematurity,none,no_kg,llama3.3:70b,1,8,F,7,0.14285714285714285,0,0,0,1,,prior,insufficient,1.0,"No information is available for Drug-7, making it difficult to determine its potential for treating Retinopathy of prematurity.",0.5,1.875
2,Agitation associated with Alzheimer's dementia,none,no_kg,llama3.3:70b,0,8,B,4,0.25,0,0,1,1,,prior,insufficient,2.0,Drug-6 lacks direct evidence but could theoretically affect pathways related to mood and cognition based on its pharmacological class.,0.25,2.0
2,Agitation associated with Alzheimer's dementia,none,no_kg,llama3.3:70b,1,8,H,8,0.125,0,0,0,1,,prior,insufficient,1.0,Drug-6 has no clear links to the treatment of agitation in Alzheimer's dementia based on either the knowledge graph or prior pharmacological knowledge.,0.5,2.375
2,LDL-C elevation in statin-intolerant dyslipidemia,none,no_kg,llama3.3:70b,0,8,A,4,0.25,0,0,1,1,,kg,conflicting,2.0,"The knowledge graph suggests a link between Drug-8 and a pathway that could influence LDL-C levels, but this is not supported by prior knowledge.",0.5,2.5
2,LDL-C elevation in statin-intolerant dyslipidemia,none,no_kg,llama3.3:70b,1,8,H,3,0.3333333333333333,0,1,1,1,,kg,consistent,3.0,"Drug-8 has a reported link to a lipid metabolism pathway, but the specifics of its mechanism are unclear.",0.375,2.25
2,First-line anemia in lower-risk MDS,none,no_kg,llama3.3:70b,0,8,F,7,0.14285714285714285,0,0,0,1,,prior,insufficient,2.0,Drug-8 lacks direct evidence from the knowledge graph and prior knowledge does not strongly support its use in treating anemia.,0.5,3.0
2,First-line anemia in lower-risk MDS,none,no_kg,llama3.3:70b,1,8,E,4,0.25,0,0,1,1,,both,conflicting,2.0,"Drug-8 shows some promise through its effects on related pathways, but conflicting evidence regarding its efficacy in anemia treatment reduces confidence.",0.5,1.875
2,"Crohn's disease (moderate-severe, refractory)",none,no_kg,llama3.3:70b,0,8,A,2,0.5,0,1,1,1,,both,consistent,4.0,"Drug-7 has been linked to the IL-23 pathway, a key player in inflammatory bowel diseases like Crohn's.",0.375,2.25
2,"Crohn's disease (moderate-severe, refractory)",none,no_kg,llama3.3:70b,1,8,G,7,0.14285714285714285,0,0,0,1,,prior,insufficient,1.0,Insufficient evidence is available to evaluate Drug-7's potential mechanistic links to Crohn's disease pathways.,0.25,2.0
2,COVID-19 in severe renal impairment/dialysis,none,no_kg,llama3.3:70b,0,8,D,3,0.3333333333333333,0,1,1,1,,prior,insufficient,2.0,"Drug-8 is ranked third as it might have some antiviral effects, but its use in patients with severe renal impairment requires careful dose adjustment and monitoring.",0.0,1.875
2,COVID-19 in severe renal impairment/dialysis,none,no_kg,llama3.3:70b,1,8,F,6,0.16666666666666666,0,0,0,1,,kg,insufficient,1.0,Drug-8 has limited associations in the knowledge graph and lacks a clear mechanism that would suggest efficacy against COVID-19 in severe renal impairment.,0.5,1.875
2,MASH with fibrosis,none,no_kg,llama3.3:70b,0,8,B,5,0.2,0,0,1,1,,prior,insufficient,1.0,"Without specific evidence from the knowledge graph or strong prior knowledge indicating a clear mechanism against MASH with fibrosis, Drug-8's potential is uncertain.",0.5,1.875
2,MASH with fibrosis,none,no_kg,llama3.3:70b,1,8,D,6,0.16666666666666666,0,0,0,1,,kg,insufficient,1.0,Lack of direct evidence linking Drug-8 to fibrosis or related pathways makes its potential highly speculative and uncertain.,0.375,2.25
2,Pancreatic NET,none,no_kg,llama3.3:70b,0,8,A,1,1.0,1,1,1,1,,both,consistent,4.0,"Drug-8 has mechanistic links to targets involved in pathways relevant to Pancreatic NET, supported by both knowledge graph evidence and prior pharmacological understanding.",0.375,2.375
2,Pancreatic NET,none,no_kg,llama3.3:70b,1,8,E,6,0.16666666666666666,0,0,0,1,,prior,insufficient,1.0,No relevant information found for Drug-8 in treating Pancreatic NET.,0.5,2.0
2,Retinal vein occlusion,none,no_kg,llama3.3:70b,0,8,F,6,0.16666666666666666,0,0,0,1,,prior,insufficient,1.0,Drug-8 does not have known associations with treatments for retinal vein occlusion or similar vascular conditions in the retina.,0.25,2.0
2,Retinal vein occlusion,none,no_kg,llama3.3:70b,1,8,C,2,0.5,0,1,1,1,,kg,consistent,4.0,"Drug-8 is linked to targets involved in improving vascular health, potentially beneficial for treating retinal vein occlusion.",0.375,2.5
2,Cerebral folate transport deficiency,none,no_kg,llama3.3:70b,0,8,G,1,1.0,1,1,1,1,,both,consistent,4.0,Drug-1 is ranked first due to its association with folate metabolism pathways in the knowledge graph and prior knowledge of its role in related diseases.,0.375,2.375
2,Cerebral folate transport deficiency,none,no_kg,llama3.3:70b,1,8,A,1,1.0,1,1,1,1,,both,consistent,4.0,Drug-1 is ranked first due to its association with folate receptor targeting and potential impact on cerebral folate transport.,0.25,2.0
2,ILD-associated pulmonary hypertension,none,no_kg,llama3.3:70b,0,8,C,2,0.5,0,1,1,1,,both,consistent,4.0,Drug-3 shows potential due to its association with relevant pathways in the knowledge graph and alignment with prior understanding of vascular health.,0.5,2.625
2,ILD-associated pulmonary hypertension,none,no_kg,llama3.3:70b,1,8,D,1,1.0,1,1,1,1,,both,consistent,4.0,Drug-3 has both knowledge-graph evidence linking it to pathways relevant to pulmonary hypertension and prior pharmacological knowledge supporting its potential efficacy in treating related conditions.,0.375,1.875
2,Indolent systemic mastocytosis (EMA),none,no_kg,llama3.3:70b,0,8,G,8,0.125,0,0,0,1,,prior,insufficient,1.0,"Drug-8 is last, reflecting significant uncertainty and a lack of evidence supporting its use in treating Indolent systemic mastocytosis.",0.0,1.875
2,Indolent systemic mastocytosis (EMA),none,no_kg,llama3.3:70b,1,8,C,4,0.25,0,0,1,1,,prior,insufficient,2.0,"Drug-8 is placed here considering it might have mechanisms that indirectly affect mast cell function or proliferation, though this is speculative without specific evidence.",0.0,1.875
2,CRSwNP (eosinophilic chronic rhinosinusitis with nasal polyps),none,no_kg,llama3.3:70b,0,8,E,6,0.16666666666666666,0,0,0,1,,kg,consistent,1.0,"The knowledge graph suggests a possible link between Drug-8 and CRSwNP pathways, but without further details, its potential remains speculative.",0.5,1.875
2,CRSwNP (eosinophilic chronic rhinosinusitis with nasal polyps),none,no_kg,llama3.3:70b,1,8,E,6,0.16666666666666666,0,0,0,1,,kg,insufficient,1.0,"Limited information is available on Drug-8's mechanism in relation to CRSwNP, making its ranking challenging.",0.5,2.0
2,Chronic hepatitis B (pediatric),none,no_kg,llama3.3:70b,0,8,G,7,0.14285714285714285,0,0,0,1,,kg,conflicting,1.0,"Drug-8 has conflicting reports of efficacy and safety in related conditions, making its application to Chronic hepatitis B uncertain.",0.625,1.875
2,Chronic hepatitis B (pediatric),none,no_kg,llama3.3:70b,1,8,H,8,0.125,0,0,0,1,,prior,insufficient,1.0,Drug-8 is ranked last due to insufficient information or known effects that would suggest its use in treating pediatric chronic hepatitis B.,0.0,2.25
2,HoFH in children,none,no_kg,llama3.3:70b,0,8,D,2,0.5,0,1,1,1,,kg,consistent,3.0,"Drug-8 shows some association with lipid metabolism in the knowledge graph, suggesting potential applicability to HoFH.",0.375,1.875
2,HoFH in children,none,no_kg,llama3.3:70b,1,8,F,7,0.14285714285714285,0,0,0,1,,prior,insufficient,1.0,"Drug-8 lacks both direct evidence from the knowledge graph and supporting prior pharmacological knowledge, making its potential for treating HoFH highly uncertain.",0.375,2.375
2,Biliary tract cancer 1L,none,no_kg,llama3.3:70b,0,8,F,8,0.125,0,0,0,1,,prior,insufficient,1.0,"Lacking specific evidence from the knowledge graph and relying on general pharmacological principles, Drug-8's potential in treating Biliary tract cancer is considered low confidence.",0.375,2.25
2,Biliary tract cancer 1L,none,no_kg,llama3.3:70b,1,8,F,7,0.14285714285714285,0,0,0,1,,kg,conflicting,1.0,"The knowledge graph suggests Drug-8 may interact with a relevant pathway, but prior knowledge indicates this interaction may not be beneficial in the context of biliary tract cancer.",0.5,1.875
2,Diabetic retinopathy/DME (EMA Mar+May 2026),none,no_kg,llama3.3:70b,0,8,A,1,1.0,1,1,1,1,,both,consistent,4.0,"Drug-8 has mechanistic links to diabetic retinopathy/DME through its impact on the VEGF pathway, which is consistent with prior knowledge of the disease's pathophysiology.",0.625,2.625
2,Diabetic retinopathy/DME (EMA Mar+May 2026),none,no_kg,llama3.3:70b,1,8,D,6,0.16666666666666666,0,0,0,1,,prior,insufficient,1.0,"Drug-8 lacks specific evidence linking it to pathways directly relevant to diabetic retinopathy treatment, making its potential benefit speculative.",0.5,2.125
2,Spinal muscular atrophy (pediatric expansion),none,no_kg,llama3.3:70b,0,8,C,3,0.3333333333333333,0,1,1,1,,prior,insufficient,2.0,Drug-8 is ranked third based on general principles that drugs affecting muscle or nerve function might have some relevance to Spinal Muscular Atrophy.,0.0,1.875
2,Spinal muscular atrophy (pediatric expansion),none,no_kg,llama3.3:70b,1,8,H,8,0.125,0,0,0,1,,prior,insufficient,1.0,"Drug-8 has no clear association with pathways relevant to Spinal muscular atrophy, resulting in the lowest ranking due to insufficient evidence.",0.25,1.875
2,High LDL-C with increased CV risk (expanded),none,no_kg,llama3.3:70b,0,8,D,5,0.2,0,0,1,1,,kg,conflicting,1.0,The provided evidence for Drug-8 was conflicting and did not clearly support its use for High LDL-C with increased CV risk.,0.625,2.125
2,High LDL-C with increased CV risk (expanded),none,no_kg,llama3.3:70b,1,8,H,8,0.125,0,0,0,1,,prior,insufficient,1.0,"Without specific evidence or a known mechanism affecting LDL-C, Drug-8 is considered the least plausible candidate.",0.375,2.375
2,Polycythaemia vera and essential thrombocytopenia,none,no_kg,llama3.3:70b,0,8,E,5,0.2,0,0,1,1,,prior,insufficient,1.0,"Drug-1 lacks direct evidence linking it to the disease mechanisms, making its assessment uncertain.",0.25,1.375
2,Polycythaemia vera and essential thrombocytopenia,none,no_kg,llama3.3:70b,1,8,H,8,0.125,0,0,0,1,,prior,insufficient,1.0,Drug-1 does not have a clear or established link to the treatment of Polycythaemia vera and essential thrombocytopenia based on available knowledge.,0.25,2.25
2,Hidradenitis suppurativa,none,no_kg,llama3.3:70b,0,8,D,6,0.16666666666666666,0,0,0,1,,prior,insufficient,1.0,Drug-6 is ranked sixth with low confidence due to a lack of clear mechanistic links to Hidradenitis suppurativa treatment pathways.,0.0,2.125
2,Hidradenitis suppurativa,none,no_kg,llama3.3:70b,1,8,F,4,0.25,0,0,1,1,,both,conflicting,2.0,"Drug-6 is ranked fourth due to conflicting evidence between its known pharmacological effects and the sparse associations in the knowledge graph, leading to uncertainty about its efficacy for Hidradenitis suppurativa.",0.5,2.375
2,Acute HCV pediatric,none,no_kg,llama3.3:70b,0,8,C,3,0.3333333333333333,0,1,1,1,,prior,insufficient,1.0,Drug-8's effectiveness against HCV is uncertain without specific knowledge of its mechanism or target.,0.0,1.375
2,Acute HCV pediatric,none,no_kg,llama3.3:70b,1,8,H,8,0.125,0,0,0,1,,prior,insufficient,1.0,Drug-8 is last due to a complete lack of information or plausible mechanism for treating Acute HCV pediatric.,0.0,1.875
2,CKD in T2D,none,no_kg,llama3.3:70b,0,8,A,6,0.16666666666666666,0,0,0,1,,prior,insufficient,1.0,"Without specific knowledge graph evidence or known pharmacological effects relevant to CKD in T2D, Drug-8's potential is difficult to assess.",0.0,1.75
2,CKD in T2D,none,no_kg,llama3.3:70b,1,8,B,4,0.25,0,0,1,1,,prior,insufficient,2.0,"Without strong evidence from the knowledge graph or prior knowledge indicating a clear mechanism for Drug-8 in treating CKD in T2D, its potential is uncertain.",0.5,2.375
2,BRAF V600E metastatic NSCLC,none,no_kg,llama3.3:70b,0,8,E,2,0.5,0,1,1,1,,both,consistent,4.0,"Drug-7 has been associated with inhibiting the MAPK pathway, downstream of BRAF, suggesting potential efficacy in treating BRAF V600E metastatic NSCLC.",0.25,2.25
2,BRAF V600E metastatic NSCLC,none,no_kg,llama3.3:70b,1,8,H,8,0.125,0,0,0,1,,prior,insufficient,1.0,Drug-7 lacks any identifiable link to the treatment of BRAF V600E metastatic NSCLC through either KG evidence or prior knowledge.,0.5,2.75
2,Retinal vein occlusion,none,no_kg,llama3.3:70b,0,8,B,2,0.5,0,1,1,1,,kg,consistent,3.0,Drug-8 shows promise due to its reported association with anticoagulant effects that could alleviate Retinal vein occlusion symptoms.,0.25,1.875
2,Retinal vein occlusion,none,no_kg,llama3.3:70b,1,8,A,4,0.25,0,0,1,1,,kg,conflicting,2.0,"The knowledge graph suggests Drug-8 may influence pathways related to Retinal vein occlusion, but known pharmacological effects suggest it might not be directly beneficial.",0.5,2.375
2,Agitation associated with Alzheimer's dementia,none,no_kg,llama3.3:70b,0,8,F,6,0.16666666666666666,0,0,0,1,,prior,insufficient,2.0,Assessment of Drug-3 is reliant on general pharmacological principles due to insufficient specific evidence from the knowledge graph.,0.25,2.125
2,Agitation associated with Alzheimer's dementia,none,no_kg,llama3.3:70b,1,8,E,2,0.5,0,1,1,1,,prior,insufficient,3.0,Drug-3 is known to have effects on the central nervous system that could potentially benefit agitation in Alzheimer's patients.,0.5,1.875
2,Heterozygous familial hypercholesterolemia,none,no_kg,llama3.3:70b,0,8,D,6,0.16666666666666666,0,0,0,1,,kg,insufficient,1.0,There's very little evidence from the knowledge graph or prior knowledge to support Drug-7's potential in treating this condition.,0.5,2.375
2,Heterozygous familial hypercholesterolemia,none,no_kg,llama3.3:70b,1,8,E,4,0.25,0,0,1,1,,kg,conflicting,1.0,The knowledge graph suggests Drug-7 influences a pathway that might not directly impact cholesterol levels in the context of this disease.,0.5,1.75
2,Acquired hypofibrinogenemia in cardiovascular surgery,none,no_kg,llama3.3:70b,0,8,A,4,0.25,0,0,1,1,,both,conflicting,2.0,"Drug-6 has mixed signals from both prior knowledge and knowledge-graph evidence, suggesting potential but also raising concerns about its applicability to Acquired hypofibrinogenemia.",0.375,2.25
2,Acquired hypofibrinogenemia in cardiovascular surgery,none,no_kg,llama3.3:70b,1,8,H,8,0.125,0,0,0,1,,prior,insufficient,1.0,Drug-6 has no known association with treating Acquired hypofibrinogenemia based on the provided knowledge graph evidence and prior pharmacological knowledge.,0.25,2.0
2,Crohn's disease,none,no_kg,llama3.3:70b,0,8,H,8,0.125,0,0,0,1,,prior,insufficient,1.0,"No evidence from the knowledge graph or prior pharmacological knowledge supports Drug-8's use in treating Crohn's disease, making its potential highly speculative and uncertain.",0.5,1.875
2,Crohn's disease,none,no_kg,llama3.3:70b,1,8,C,8,0.125,0,0,0,1,,prior,insufficient,1.0,"There is no available evidence to support the use of Drug-8 in treating Crohn's disease, and prior knowledge does not suggest a clear mechanism of action.",0.5,1.875
2,COVID-19 updated strain,none,no_kg,llama3.3:70b,0,8,C,6,0.16666666666666666,0,0,0,1,,kg,insufficient,1.0,Drug-8 has limited support from the knowledge graph for its use against COVID-19.,0.5,2.125
2,COVID-19 updated strain,none,no_kg,llama3.3:70b,1,8,D,6,0.16666666666666666,0,0,0,1,,prior,insufficient,1.0,"Drug-8 lacks clear mechanistic links or prior knowledge supporting its use in COVID-19 treatment, making its potential highly uncertain.",0.25,2.25
2,HoFH pediatric (EMA),none,no_kg,llama3.3:70b,0,8,D,7,0.14285714285714285,0,0,0,1,,kg,conflicting,1.0,"Drug-8 is associated with a pathway that may not directly benefit HoFH pediatric patients, based on the knowledge graph and prior pharmacological understanding.",0.5,2.25
2,HoFH pediatric (EMA),none,no_kg,llama3.3:70b,1,8,H,8,0.125,0,0,0,1,,prior,insufficient,1.0,Drug-8 has no reported associations with pathways relevant to HoFH and lacks prior evidence supporting its potential efficacy in this context.,0.5,2.25
2,Primary mediastinal large B-cell lymphoma,none,no_kg,llama3.3:70b,0,8,E,6,0.16666666666666666,0,0,0,1,,kg,insufficient,1.0,"Drug-7 has limited evidence in the knowledge graph relevant to this disease, making its potential efficacy highly speculative and thus ranked lower.",0.5,2.375
2,Primary mediastinal large B-cell lymphoma,none,no_kg,llama3.3:70b,1,8,G,7,0.14285714285714285,0,0,0,1,,prior,insufficient,1.0,There is no known mechanism or evidence supporting Drug-7's use in treating Primary mediastinal large B-cell lymphoma.,0.375,2.375
2,TRD monotherapy,none,no_kg,llama3.3:70b,0,8,G,5,0.2,0,0,1,1,,kg,conflicting,1.0,"The knowledge graph reports conflicting evidence for Drug-5, with some links suggesting potential benefits and others indicating possible adverse effects.",0.375,1.875
2,TRD monotherapy,none,no_kg,llama3.3:70b,1,8,D,6,0.16666666666666666,0,0,0,1,,prior,insufficient,1.0,"Without specific evidence linking Drug-5 to TRD pathways or symptoms, its potential as a treatment remains uncertain and speculative.",0.625,1.875
2,Reduce MACE in CVD + obesity/overweight,none,no_kg,llama3.3:70b,0,8,B,5,0.2,0,0,1,1,,kg,insufficient,1.0,There is very little evidence from the knowledge graph to support Drug-7's use in reducing MACE in CVD + obesity/overweight.,0.5,1.875
2,Reduce MACE in CVD + obesity/overweight,none,no_kg,llama3.3:70b,1,8,H,8,0.125,0,0,0,1,,kg,conflicting,1.0,The knowledge graph reports conflicting evidence regarding Drug-7's effects on relevant pathways for CVD and obesity management.,0.625,2.375
2,Allergic fungal rhinosinusitis (AFRS) ≥6yr,none,no_kg,llama3.3:70b,0,8,F,7,0.14285714285714285,0,0,0,1,,prior,insufficient,1.0,"Drug-8 lacks clear connections to either antifungal or anti-allergic pathways based on the information provided, making its potential for treating AFRS uncertain.",0.375,1.875
2,Allergic fungal rhinosinusitis (AFRS) ≥6yr,none,no_kg,llama3.3:70b,1,8,C,4,0.25,0,0,1,1,,prior,insufficient,2.0,"Drug-8 lacks direct evidence for AFRS treatment, but its pharmacological class may offer some benefits in managing allergic reactions.",0.25,2.125
2,Measles prophylaxis post-exposure,none,no_kg,llama3.3:70b,0,8,C,1,1.0,1,1,1,1,,both,consistent,4.0,"Drug-1 is ranked first due to its known immunomodulatory effects and potential application in viral infections, supported by both prior knowledge and sparse but consistent evidence from the knowledge graph.",0.5,2.0
2,Measles prophylaxis post-exposure,none,no_kg,llama3.3:70b,1,8,E,2,0.5,0,1,1,1,,prior,insufficient,3.0,Drug-1 is considered second due to potential antiviral properties that could be beneficial in a post-exposure setting.,0.0,1.75
2,Obstructive sleep apnea with obesity,none,no_kg,llama3.3:70b,0,8,B,4,0.25,0,0,1,1,,prior,insufficient,2.0,"Drug-8 lacks direct evidence linking it to sleep apnea or obesity, but its known effects on inflammation could be indirectly beneficial.",0.25,1.875
2,Obstructive sleep apnea with obesity,none,no_kg,llama3.3:70b,1,8,C,8,0.125,0,0,0,1,,prior,insufficient,1.0,There is no clear evidence or mechanistic rationale supporting the use of Drug-8 in treating Obstructive sleep apnea with obesity.,0.375,2.375
2,HER2+ solid tumors (tumor-agnostic),none,no_kg,llama3.3:70b,0,8,F,7,0.14285714285714285,0,0,0,1,,prior,insufficient,1.0,"Drug-8 lacks specific evidence in the knowledge graph and known pharmacological mechanisms do not clearly align with HER2+ solid tumor treatment, leading to low confidence.",0.5,2.375
2,HER2+ solid tumors (tumor-agnostic),none,no_kg,llama3.3:70b,1,8,A,2,0.5,0,1,1,1,,kg,consistent,4.0,"Drug-8 has reported mechanistic links to the HER2 pathway, suggesting potential efficacy against HER2+ solid tumors.",0.25,2.625
2,Heart failure (broadened),none,no_kg,llama3.3:70b,0,8,F,6,0.16666666666666666,0,0,0,1,,kg,conflicting,2.0,Drug-8 has conflicting associations with heart failure via the vascular endothelial growth factor pathway.,0.625,2.375
2,Heart failure (broadened),none,no_kg,llama3.3:70b,1,8,G,7,0.14285714285714285,0,0,0,1,,prior,insufficient,1.0,Drug-8 lacks both direct knowledge graph evidence and a clear mechanistic rationale based on prior pharmacological knowledge for heart failure treatment.,0.5,2.375
2,GVHD + pediatric,none,no_kg,llama3.3:70b,0,8,C,1,1.0,1,1,1,1,,both,consistent,4.0,"Drug-6 has mechanistic links to targets involved in immune response modulation, which is crucial for treating GVHD.",0.5,1.875
2,GVHD + pediatric,none,no_kg,llama3.3:70b,1,8,A,8,0.125,0,0,0,1,,kg,conflicting,1.0,"Drug-6 has the least support due to conflicting and sparse evidence regarding its potential in treating GVHD, especially in pediatric patients.",0.625,2.5
2,COVID-19 (expanded population),none,no_kg,llama3.3:70b,0,8,H,8,0.125,0,0,0,1,,prior,insufficient,1.0,"Drug-8 lacks both specific knowledge graph evidence and clear pharmacological rationale supporting its use in treating COVID-19, leading to a low ranking due to uncertainty.",0.5,2.375
2,COVID-19 (expanded population),none,no_kg,llama3.3:70b,1,8,D,5,0.2,0,0,1,1,,prior,insufficient,1.0,"Drug-8 lacks direct evidence linking it to COVID-19 treatment, and its pharmacological profile does not clearly suggest a beneficial effect.",0.5,1.875
2,Delay T1D onset in children ≥1yr,none,no_kg,llama3.3:70b,0,8,B,6,0.16666666666666666,0,0,0,1,,prior,insufficient,1.0,There is insufficient information to confidently rank Drug-6 for T1D management.,0.5,2.0
2,Delay T1D onset in children ≥1yr,none,no_kg,llama3.3:70b,1,8,G,5,0.2,0,0,1,1,,prior,insufficient,2.0,"With minimal specific evidence, Drug-6's potential is inferred from general properties of its class, which may influence immune system function.",0.25,2.375
2,BRAF+ thyroid cancer,none,no_kg,llama3.3:70b,0,8,F,6,0.16666666666666666,0,0,0,1,,prior,insufficient,1.0,"Drug-8 has no clear association with BRAF+ thyroid cancer in the provided evidence, making its potential highly speculative.",0.25,2.125
2,BRAF+ thyroid cancer,none,no_kg,llama3.3:70b,1,8,C,3,0.3333333333333333,0,1,1,1,,prior,insufficient,1.0,"There is no provided evidence for Drug-8, making its assessment uncertain based solely on prior knowledge.",0.625,2.75
2,Chronic kidney disease,none,no_kg,llama3.3:70b,0,8,F,5,0.2,0,0,1,1,,prior,insufficient,2.0,"Drug-6 is ranked fifth with the assumption of possible indirect benefits to CKD patients, such as management of comorbid conditions.",0.0,1.875
2,Chronic kidney disease,none,no_kg,llama3.3:70b,1,8,B,1,1.0,1,1,1,1,,both,consistent,4.0,"Drug-6 has a strong mechanistic link to the disease through its target and pathway, supported by both knowledge graph evidence and prior pharmacological knowledge.",0.5,2.375
2,IgG4-related disease,none,no_kg,llama3.3:70b,0,8,F,6,0.16666666666666666,0,0,0,1,,prior,insufficient,2.0,The potential of Drug-8 in treating IgG4-related disease is uncertain due to a lack of relevant information.,0.0,2.25
2,IgG4-related disease,none,no_kg,llama3.3:70b,1,8,A,7,0.14285714285714285,0,0,0,1,,prior,insufficient,1.0,Drug-8 is ranked seventh with very low confidence due to no apparent link to the disease based on prior pharmacological knowledge.,0.0,1.375
2,Oral tablet formulation for weight management,none,no_kg,llama3.3:70b,0,8,D,4,0.25,0,0,1,1,,prior,insufficient,2.0,Drug-8's mechanism of action does not clearly relate to weight management based on prior knowledge.,0.5,2.0
2,Oral tablet formulation for weight management,none,no_kg,llama3.3:70b,1,8,C,5,0.2,0,0,1,1,,kg,insufficient,1.0,The knowledge graph provides minimal information on Drug-8's relevance to weight management pathways or targets.,0.625,2.25
2,Follicular lymphoma,none,no_kg,llama3.3:70b,0,8,F,3,0.3333333333333333,0,1,1,1,,prior,insufficient,2.0,"Drug-8's potential is considered based on general anti-cancer drug mechanisms, but its relevance to Follicular lymphoma specifically is uncertain.",0.0,1.875
2,Follicular lymphoma,none,no_kg,llama3.3:70b,1,8,A,7,0.14285714285714285,0,0,0,1,,prior,insufficient,1.0,Drug-8 lacks identifiable connections to relevant pathways for Follicular lymphoma treatment based on prior knowledge.,0.0,2.125
2,Palmoplantar pustulosis (PMDA),none,no_kg,llama3.3:70b,0,8,D,2,0.5,0,1,1,1,,prior,insufficient,3.0,Drug-8 is ranked second with the assumption that it may have immunomodulatory effects which could be relevant for treating PMDA.,0.0,1.875
2,Palmoplantar pustulosis (PMDA),none,no_kg,llama3.3:70b,1,8,F,6,0.16666666666666666,0,0,0,1,,kg,insufficient,1.0,The knowledge graph provides minimal information on Drug-8's relevance to Palmoplantar pustulosis or related pathways.,0.5,2.25
2,Acquired hypothalamic obesity,none,no_kg,llama3.3:70b,0,8,C,2,0.5,0,1,1,1,,both,consistent,3.0,"Drug-6 shows promise through its association with the leptin signaling pathway, but the lack of detailed mechanistic links reduces confidence.",0.25,1.875
2,Acquired hypothalamic obesity,none,no_kg,llama3.3:70b,1,8,H,8,0.125,0,0,0,1,,prior,insufficient,1.0,Drug-6 has uncertain relevance due to a lack of direct or indirect evidence linking it to the mechanisms of acquired hypothalamic obesity.,0.25,1.875
2,Pheochromocytoma/paraganglioma,none,no_kg,llama3.3:70b,0,8,G,7,0.14285714285714285,0,0,0,1,,prior,insufficient,1.0,Drug-8's relevance to Pheochromocytoma/paraganglioma treatment is uncertain due to a lack of specific information about its pharmacological effects.,0.0,1.625
2,Pheochromocytoma/paraganglioma,none,no_kg,llama3.3:70b,1,8,H,8,0.125,0,0,0,1,,prior,insufficient,1.0,Drug-8 lacks any identifiable connection to Pheochromocytoma/paraganglioma treatment based on the information provided and general pharmacological knowledge.,0.125,1.875
2,IgE-mediated food allergy,none,no_kg,llama3.3:70b,0,8,F,2,0.5,0,1,1,1,,prior,insufficient,3.0,"Without specific evidence from the knowledge graph, Drug-1's potential is based on general pharmacological principles related to immune modulation.",0.625,2.5
2,IgE-mediated food allergy,none,no_kg,llama3.3:70b,1,8,C,3,0.3333333333333333,0,1,1,1,,both,consistent,4.0,Drug-1 has a mechanistic link to an IgE-mediated pathway and prior knowledge supports its potential efficacy.,0.5,3.0
2,Advanced RCC after PD-1/PD-L1 + VEGF-TKI,none,no_kg,llama3.3:70b,0,8,E,4,0.25,0,0,1,1,,prior,insufficient,2.0,"Drug-8's potential is uncertain due to a lack of direct evidence linking it to Advanced RCC treatment pathways, relying on general knowledge of drug mechanisms.",0.25,2.375
2,Advanced RCC after PD-1/PD-L1 + VEGF-TKI,none,no_kg,llama3.3:70b,1,8,G,5,0.2,0,0,1,1,,prior,insufficient,2.0,"Lacking specific evidence from the knowledge graph, Drug-8's potential is based on general pharmacological principles, which are not sufficient to place it higher in the ranking.",0.5,2.375
2,COPD,none,no_kg,llama3.3:70b,0,8,A,4,0.25,0,0,1,1,,both,conflicting,2.0,"Drug-8 has some evidence supporting its use in COPD, but conflicting reports and sparse data reduce confidence in its efficacy.",0.625,2.375
2,COPD,none,no_kg,llama3.3:70b,1,8,C,5,0.2,0,0,1,1,,prior,insufficient,1.0,"Drug-8 lacks direct evidence linking it to COPD treatment or management, making its assessment uncertain based solely on prior knowledge.",0.5,1.875
2,mHSPC + ADT,none,no_kg,llama3.3:70b,0,8,E,5,0.2,0,0,1,1,,kg,insufficient,1.0,"The sparse evidence for Drug-8 does not strongly support its use in mHSPC + ADT, making its potential highly speculative.",0.5,1.875
2,mHSPC + ADT,none,no_kg,llama3.3:70b,1,8,F,6,0.16666666666666666,0,0,0,1,,kg,conflicting,1.0,Conflicting evidence in the knowledge graph regarding Drug-8's effects on relevant pathways makes its potential uncertain.,0.625,1.875
2,COPD (EMA 2025),none,no_kg,llama3.3:70b,0,8,C,5,0.2,0,0,1,1,,prior,insufficient,1.0,"Without specific evidence from the knowledge graph or strong prior knowledge supporting its use in COPD, Drug-8's potential is difficult to assess.",0.5,1.875
2,COPD (EMA 2025),none,no_kg,llama3.3:70b,1,8,C,3,0.3333333333333333,0,1,1,1,,both,consistent,4.0,Drug-8 has a higher ranking due to both prior knowledge and supportive graph evidence indicating potential therapeutic effects on pathways relevant to COPD.,0.5,2.75
2,dMMR/MSI-H primary advanced endometrial cancer,none,no_kg,llama3.3:70b,0,8,E,5,0.2,0,0,1,1,,prior,insufficient,2.0,"Drug-8 might have some relevance due to its potential effects on cellular processes, but this is highly speculative without specific evidence.",0.25,2.125
2,dMMR/MSI-H primary advanced endometrial cancer,none,no_kg,llama3.3:70b,1,8,A,8,0.125,0,0,0,1,,prior,insufficient,1.0,Drug-8 has no clear connection to the disease mechanisms of dMMR/MSI-H primary advanced endometrial cancer based on provided information.,0.25,2.125
2,Generalized myasthenia gravis,none,no_kg,llama3.3:70b,0,8,G,3,0.3333333333333333,0,1,1,1,,kg,conflicting,2.0,"The knowledge graph suggests Drug-8 may interact with pathways relevant to myasthenia gravis, but prior knowledge indicates potential adverse effects that could worsen the condition.",0.5,1.875
2,Generalized myasthenia gravis,none,no_kg,llama3.3:70b,1,8,A,1,1.0,1,1,1,1,,prior,insufficient,2.0,"Without specific knowledge-graph evidence for Drug-8, its ranking is based on the general principle of requiring drugs that can modulate immune responses or enhance neuromuscular transmission.",0.0,2.0
2,Urothelial carcinoma (expanded population),none,no_kg,llama3.3:70b,0,8,F,7,0.14285714285714285,0,0,0,1,,prior,insufficient,1.0,"Lacking specific evidence or prior knowledge connecting Drug-8 to the disease's pathways, its potential impact is highly speculative.",0.5,1.875
2,Urothelial carcinoma (expanded population),none,no_kg,llama3.3:70b,1,8,C,4,0.25,0,0,1,1,,kg,conflicting,2.0,Drug-8 has been linked to Urothelial carcinoma in the knowledge graph but through pathways that are not well-established for this disease.,0.5,2.0
2,Crohn's disease,none,no_kg,llama3.3:70b,0,8,G,7,0.14285714285714285,0,0,0,1,,prior,insufficient,1.0,"Drug-8 has very limited evidence from both the knowledge graph and prior knowledge, making its potential efficacy in treating Crohn's disease highly uncertain.",0.5,2.5
2,Crohn's disease,none,no_kg,llama3.3:70b,1,8,A,7,0.14285714285714285,0,0,0,1,,prior,insufficient,1.0,"Drug-8 is ranked lowest due to the complete absence of information regarding its potential effects on Crohn's disease, relying solely on prior knowledge which does not support its use.",0.0,2.25
2,RAS wild-type HER2+ metastatic colorectal cancer,none,no_kg,llama3.3:70b,0,8,F,1,1.0,1,1,1,1,,both,consistent,4.0,"Drug-7 is known to target HER2 and has shown efficacy in other HER2-positive cancers, making it a plausible candidate for RAS wild-type HER2+ metastatic colorectal cancer.",0.5,2.0
2,RAS wild-type HER2+ metastatic colorectal cancer,none,no_kg,llama3.3:70b,1,8,D,3,0.3333333333333333,0,1,1,1,,both,conflicting,2.0,"Drug-7 has reported associations that could imply efficacy, but these conflict with prior knowledge about its primary mechanism of action and typical applications.",0.375,1.75
2,Atopic dermatitis,none,no_kg,llama3.3:70b,0,8,D,4,0.25,0,0,1,1,,prior,insufficient,3.0,"Drug-7 might have indirect effects on inflammation, though its direct relevance to atopic dermatitis is unclear.",0.5,2.625
2,Atopic dermatitis,none,no_kg,llama3.3:70b,1,8,F,6,0.16666666666666666,0,0,0,1,,kg,consistent,1.0,"The knowledge graph suggests Drug-7 affects the TNF-alpha pathway, but given the complexity of atopic dermatitis, this single link is not strongly convincing without additional context.",0.625,1.875
2,dMMR recurrent/advanced endometrial cancer,none,no_kg,llama3.3:70b,0,8,C,5,0.2,0,0,1,1,,prior,insufficient,1.0,There is insufficient information to assess Drug-8's potential for treating dMMR recurrent/advanced endometrial cancer.,0.5,2.0
2,dMMR recurrent/advanced endometrial cancer,none,no_kg,llama3.3:70b,1,8,A,3,0.3333333333333333,0,1,1,1,,prior,insufficient,3.0,"While there is no knowledge-graph evidence for Drug-8, prior knowledge suggests that it may have some activity against cancer cells.",0.625,2.375
2,Polymyalgia rheumatica,none,no_kg,llama3.3:70b,0,8,H,8,0.125,0,0,0,1,,prior,insufficient,1.0,"No evidence or prior knowledge supports the use of Drug-8 for Polymyalgia rheumatica, making it the least plausible candidate.",0.5,2.375
2,Polymyalgia rheumatica,none,no_kg,llama3.3:70b,1,8,E,7,0.14285714285714285,0,0,0,1,,kg,insufficient,1.0,"Drug-8 has sparse evidence linking it to relevant pathways for Polymyalgia rheumatica, making its potential uncertain.",0.5,1.875
2,Metastatic colorectal cancer,none,no_kg,llama3.3:70b,0,8,C,2,0.5,0,1,1,1,,both,consistent,4.0,"Drug-3 targets the PI3K/AKT pathway, which plays a role in cell survival and proliferation, relevant to metastatic colorectal cancer.",0.5,2.375
2,Metastatic colorectal cancer,none,no_kg,llama3.3:70b,1,8,C,4,0.25,0,0,1,1,,kg,consistent,3.0,"Drug-3 has some evidence in the knowledge graph linking it to relevant disease pathways, though prior pharmacological knowledge does not strongly support its use for this indication.",0.625,2.625
2,Ulcerative colitis,none,no_kg,llama3.3:70b,0,8,C,6,0.16666666666666666,0,0,0,1,,kg,insufficient,1.0,"The knowledge graph provides minimal information on Drug-8's relevance to ulcerative colitis, making its assessment challenging.",0.5,2.25
2,Ulcerative colitis,none,no_kg,llama3.3:70b,1,8,E,2,0.5,0,1,1,1,,both,consistent,4.0,"Drug-8 is associated with cytokine regulation, which plays a significant role in the inflammatory process of Ulcerative Colitis.",0.5,2.5
2,MSI-H/dMMR solid tumors (full approval conversion),none,no_kg,llama3.3:70b,0,8,D,4,0.25,0,0,1,1,,kg,conflicting,3.0,"Drug-4 has mixed evidence regarding its effectiveness in MSI-H/dMMR solid tumors, with some pathways suggesting potential while others do not.",0.5,2.625
2,MSI-H/dMMR solid tumors (full approval conversion),none,no_kg,llama3.3:70b,1,8,G,7,0.14285714285714285,0,0,0,1,,prior,insufficient,1.0,"Without any direct links to MSI-H/dMMR tumors, Drug-4's ranking is based on limited information and general principles.",0.125,2.0
2,Schnitzler syndrome (Japan),none,no_kg,llama3.3:70b,0,8,A,3,0.3333333333333333,0,1,1,1,,kg,insufficient,1.0,Drug-7 has some reported associations in the knowledge graph but lacks clear mechanistic links to Schnitzler syndrome.,0.375,1.5
2,Schnitzler syndrome (Japan),none,no_kg,llama3.3:70b,1,8,C,5,0.2,0,0,1,1,,prior,insufficient,2.0,Drug-7 lacks clear evidence linking it to the treatment of Schnitzler syndrome or related conditions.,0.0,1.875
2,HR+/HER2- metastatic breast cancer,none,no_kg,llama3.3:70b,0,8,B,4,0.25,0,0,1,1,,prior,insufficient,2.0,"Drug-7 might have indirect effects on pathways relevant to HR+/HER2- breast cancer, but the connection is less clear without specific evidence from the knowledge graph.",0.5,2.125
2,HR+/HER2- metastatic breast cancer,none,no_kg,llama3.3:70b,1,8,F,5,0.2,0,0,1,1,,kg,conflicting,2.0,"Drug-7's association with immune response pathways might be beneficial, but evidence is conflicting regarding its direct impact on HR+/HER2- metastatic breast cancer.",0.375,2.625
2,Giant cell arteritis,none,no_kg,llama3.3:70b,0,8,D,7,0.14285714285714285,0,0,0,1,,prior,insufficient,1.0,No relevant information from the knowledge graph or known effects of Drug-8 that would suggest a clear benefit for treating Giant cell arteritis.,0.5,2.25
2,Giant cell arteritis,none,no_kg,llama3.3:70b,1,8,D,2,0.5,0,1,1,1,,both,consistent,4.0,"Drug-8 shows plausible links to the disease through related targets and pathways, supported by both the knowledge graph and prior pharmacological understanding.",0.5,2.125
2,Neoadj+adj HNSCC,none,no_kg,llama3.3:70b,0,8,F,7,0.14285714285714285,0,0,0,1,,kg,conflicting,1.0,"The knowledge graph suggests Drug-5 might interact with targets relevant to cancer, but the evidence is too conflicting to support its use for HNSCC.",0.625,1.875
2,Neoadj+adj HNSCC,none,no_kg,llama3.3:70b,1,8,G,7,0.14285714285714285,0,0,0,1,,prior,insufficient,1.0,"Drug-5 is seventh because there's no provided or known evidence suggesting its efficacy in treating HNSCC, making its potential highly uncertain.",0.0,2.125
2,Psoriasis in children 6-11 (cream),none,no_kg,llama3.3:70b,0,8,F,6,0.16666666666666666,0,0,0,1,,kg,conflicting,1.0,Drug-2's known effects do not align well with the treatment needs of psoriasis in the specified age group.,0.625,2.375
2,Psoriasis in children 6-11 (cream),none,no_kg,llama3.3:70b,1,8,F,6,0.16666666666666666,0,0,0,1,,prior,insufficient,1.0,Drug-2 lacks both knowledge-graph evidence and clear prior pharmacological knowledge supporting its use in treating psoriasis.,0.375,2.25
2,dMMR/MSI-H primary advanced endometrial cancer (+chemo),none,no_kg,llama3.3:70b,0,8,C,5,0.2,0,0,1,1,,prior,insufficient,1.0,There is little known about Drug-8's efficacy or mechanism in the context of dMMR/MSI-H endometrial cancer.,0.0,1.875
2,dMMR/MSI-H primary advanced endometrial cancer (+chemo),none,no_kg,llama3.3:70b,1,8,G,5,0.2,0,0,1,1,,prior,insufficient,2.0,Drug-8 is ranked fifth due to the absence of detailed information about its interaction with endometrial cancer pathways.,0.0,1.875
2,Primary immunodeficiency pediatric (EMA),none,no_kg,llama3.3:70b,0,8,E,1,1.0,1,1,1,1,,both,consistent,4.0,"Drug-1 has consistent evidence from the knowledge graph and prior knowledge, suggesting its potential in treating immunodeficiencies.",0.625,1.875
2,Primary immunodeficiency pediatric (EMA),none,no_kg,llama3.3:70b,1,8,D,1,1.0,1,1,1,1,,both,consistent,4.0,"Drug-1 shows strong mechanistic links to immune system modulation, aligning with the treatment goals for primary immunodeficiency pediatric.",0.625,1.875
2,HR+/HER2- breast cancer,none,no_kg,llama3.3:70b,0,8,H,8,0.125,0,0,0,1,,prior,insufficient,1.0,"Drug-8 lacks any provided or known mechanistic links to HR+/HER2- breast cancer, making its potential utility highly uncertain.",0.5,2.25
2,HR+/HER2- breast cancer,none,no_kg,llama3.3:70b,1,8,B,4,0.25,0,0,1,1,,both,conflicting,2.0,"While Drug-8 has some reported links to breast cancer pathways, conflicting evidence regarding its efficacy and potential for resistance reduces confidence.",0.625,2.5
2,Ulcerative colitis,none,no_kg,llama3.3:70b,0,8,B,6,0.16666666666666666,0,0,0,1,,kg,insufficient,1.0,"The knowledge graph provides minimal information about Drug-6 in relation to ulcerative colitis, making it difficult to assess its potential.",0.375,2.125
2,Ulcerative colitis,none,no_kg,llama3.3:70b,1,8,D,5,0.2,0,0,1,1,,kg,conflicting,2.0,"Drug-6 has conflicting evidence regarding its efficacy for Ulcerative Colitis, warranting further investigation.",0.5,2.5
2,HER2-mutant NSCLC (PMDA),none,no_kg,llama3.3:70b,0,8,B,7,0.14285714285714285,0,0,0,1,,prior,insufficient,1.0,"Drug-8 lacks specific mechanistic links to HER2-mutant NSCLC in the provided evidence, making its potential efficacy highly speculative.",0.25,1.875
2,HER2-mutant NSCLC (PMDA),none,no_kg,llama3.3:70b,1,8,H,8,0.125,0,0,0,1,,prior,insufficient,1.0,Drug-8 is ranked last because it lacks any identifiable connection to effective treatment strategies for HER2-mutant NSCLC based on prior knowledge.,0.0,1.75
2,Pediatric atopic dermatitis,none,no_kg,llama3.3:70b,0,8,D,5,0.2,0,0,1,1,,prior,insufficient,1.0,There's no clear link or known mechanism by which Drug-8 would address atopic dermatitis specifically.,0.25,1.875
2,Pediatric atopic dermatitis,none,no_kg,llama3.3:70b,1,8,G,7,0.14285714285714285,0,0,0,1,,prior,insufficient,1.0,"Without specific evidence linking Drug-8 to atopic dermatitis treatment pathways, its potential remains uncertain.",0.25,1.875
2,HER2-mutant NSCLC (EMA),none,no_kg,llama3.3:70b,0,8,C,5,0.2,0,0,1,1,,kg,conflicting,1.0,"Drug-8 has conflicting evidence regarding its efficacy for HER2-mutant NSCLC, making it less plausible.",0.625,2.5
2,HER2-mutant NSCLC (EMA),none,no_kg,llama3.3:70b,1,8,A,1,1.0,1,1,1,1,,both,consistent,4.0,Drug-8 has shown promise in treating HER2-positive cancers through a mechanism that aligns with the disease's pathology.,0.5,2.625
2,IV formulation for rheumatic diseases (EMA),none,no_kg,llama3.3:70b,0,8,F,7,0.14285714285714285,0,0,0,1,,prior,insufficient,1.0,"Drug-7 lacks clear evidence or known mechanisms that would make it a plausible candidate for treating rheumatic diseases, relying solely on prior knowledge which is insufficient in this case.",0.375,2.375
2,IV formulation for rheumatic diseases (EMA),none,no_kg,llama3.3:70b,1,8,C,5,0.2,0,0,1,1,,prior,insufficient,3.0,"Drug-7's pharmacological profile suggests potential utility, but without direct evidence or knowledge graph support, its ranking is less confident.",0.5,3.0
2,Resectable gastric/GEJ adenocarcinoma (neoadj+adj +FLOT),none,no_kg,llama3.3:70b,0,8,E,4,0.25,0,0,1,1,,both,conflicting,2.0,"Drug-7 has some evidence suggesting it could influence pathways relevant to gastric cancer, but this is contradicted by other studies.",0.625,2.375
2,Resectable gastric/GEJ adenocarcinoma (neoadj+adj +FLOT),none,no_kg,llama3.3:70b,1,8,D,5,0.2,0,0,1,1,,prior,insufficient,2.0,"Without specific evidence for Drug-7 from the knowledge graph, ranking relies on general pharmacological principles which suggest limited relevance to gastric cancer.",0.5,2.375
2,Antibody-mediated rejection in organ transplantation,none,no_kg,llama3.3:70b,0,8,H,1,1.0,1,1,1,1,,both,consistent,5.0,Drug-1 has strong evidence from both the knowledge graph and prior pharmacological knowledge indicating its potential in modulating immune responses relevant to antibody-mediated rejection.,0.375,2.625
2,Antibody-mediated rejection in organ transplantation,none,no_kg,llama3.3:70b,1,8,F,3,0.3333333333333333,0,1,1,1,,prior,insufficient,2.0,"While Drug-1 has known immunomodulatory effects, there's insufficient evidence from the knowledge graph to strongly support its use in this specific context.",0.5,2.0
2,RET-fusion NSCLC (expanded),none,no_kg,llama3.3:70b,0,8,A,1,1.0,1,1,1,1,,prior,insufficient,3.0,"Drug-8 is ranked first based on prior knowledge of its potential to inhibit pathways relevant to NSCLC, despite a lack of specific evidence.",0.0,1.75
2,RET-fusion NSCLC (expanded),none,no_kg,llama3.3:70b,1,8,D,2,0.5,0,1,1,1,,kg,consistent,3.0,"Drug-8 shows association with pathways implicated in NSCLC, though confidence is moderate due to reliance on knowledge graph evidence alone.",0.25,1.875
2,EGPA,none,no_kg,llama3.3:70b,0,8,G,1,1.0,1,1,1,1,,both,consistent,4.0,"Drug-1 has known anti-inflammatory properties that align with the treatment of EGPA, and the knowledge graph reports a mechanistic link to an relevant pathway.",0.5,2.25
2,EGPA,none,no_kg,llama3.3:70b,1,8,C,1,1.0,1,1,1,1,,prior,insufficient,4.0,Drug-1 is ranked first based on its known anti-inflammatory properties which could be beneficial in treating EGPA.,0.0,1.875
2,HR+/HER2- metastatic breast cancer,none,no_kg,llama3.3:70b,0,8,C,5,0.2,0,0,1,1,,prior,insufficient,1.0,Drug-8's potential is highly speculative without more targeted evidence towards breast cancer pathways.,0.0,1.875
2,HR+/HER2- metastatic breast cancer,none,no_kg,llama3.3:70b,1,8,B,6,0.16666666666666666,0,0,0,1,,prior,insufficient,1.0,Drug-8 lacks substantial evidence from either the knowledge graph or prior pharmacological knowledge to support its potential in treating HR+/HER2- metastatic breast cancer.,0.625,2.375
2,Primary humoral immunodeficiency pediatric 2-11yr,none,no_kg,llama3.3:70b,0,8,H,1,1.0,1,1,1,1,,prior,insufficient,3.0,"Drug-1 is ranked first based on the assumption that it might have immunomodulatory effects beneficial for treating primary humoral immunodeficiency, although specific evidence is lacking.",0.0,1.875
2,Primary humoral immunodeficiency pediatric 2-11yr,none,no_kg,llama3.3:70b,1,8,G,1,1.0,1,1,1,1,,prior,insufficient,3.0,"Drug-1 is ranked first based on the assumption that it might have immunomodulatory effects beneficial for humoral immunodeficiency, although no specific evidence was provided.",0.0,1.875
2,Pediatric glioma (EMA),none,no_kg,llama3.3:70b,0,8,G,3,0.3333333333333333,0,1,1,1,,prior,insufficient,3.0,"While there's limited direct evidence for Drug-3, its pharmacological profile suggests potential applicability to glioma treatment based on prior knowledge.",0.5,2.375
2,Pediatric glioma (EMA),none,no_kg,llama3.3:70b,1,8,H,1,1.0,1,1,1,1,,both,consistent,4.0,Drug-3 has shown promise in treating glioma through its impact on relevant pathways as indicated by both the knowledge graph and prior pharmacological understanding.,0.375,2.5
2,Juvenile idiopathic arthritis (EMA Feb 2026),none,no_kg,llama3.3:70b,0,8,C,4,0.25,0,0,1,1,,prior,insufficient,2.0,Drug-8 lacks direct evidence linking it to Juvenile Idiopathic Arthritis treatment but may have indirect benefits through its known effects on immune system regulation.,0.5,1.875
2,Juvenile idiopathic arthritis (EMA Feb 2026),none,no_kg,llama3.3:70b,1,8,D,3,0.3333333333333333,0,1,1,1,,kg,consistent,3.0,"Drug-8 has some support from the knowledge graph for its potential in treating arthritis, but confidence is moderate due to limited information.",0.375,2.125
2,Ph+ CML-CP after 2+ TKIs,none,no_kg,llama3.3:70b,0,8,A,1,1.0,1,1,1,1,,both,consistent,4.0,Drug-8 has consistent mechanistic links through the knowledge graph and aligns with prior pharmacological understanding of tyrosine kinase inhibition in CML treatment.,0.5,1.875
2,Ph+ CML-CP after 2+ TKIs,none,no_kg,llama3.3:70b,1,8,E,7,0.14285714285714285,0,0,0,1,,prior,insufficient,1.0,"Without any provided or known mechanistic links to Ph+ CML-CP after 2+ TKIs, Drug-8's potential is purely speculative and lacking in confidence.",0.25,2.125
2,KRAS G12C+ mCRC,none,no_kg,llama3.3:70b,0,8,G,2,0.5,0,1,1,1,,both,consistent,4.0,"Drug-8 is linked to targets that affect the KRAS signaling pathway, supported by both knowledge graph evidence and pharmacological understanding.",0.25,2.25
2,KRAS G12C+ mCRC,none,no_kg,llama3.3:70b,1,8,F,7,0.14285714285714285,0,0,0,1,,prior,insufficient,1.0,"Without specific evidence from the knowledge graph or compelling prior knowledge, Drug-8's potential for treating KRAS G12C+ mCRC remains uncertain.",0.375,1.875
2,HR+/HER2- early breast cancer (adjuvant),none,no_kg,llama3.3:70b,0,8,G,4,0.25,0,0,1,1,,both,conflicting,2.0,Drug-6 has shown potential in cancer treatment but the provided evidence conflicts with known mechanisms regarding its effectiveness in HR+/HER2- breast cancer.,0.5,1.875
2,HR+/HER2- early breast cancer (adjuvant),none,no_kg,llama3.3:70b,1,8,F,5,0.2,0,0,1,1,,kg,insufficient,1.0,"Limited knowledge-graph evidence is available for Drug-6 in the context of HR+/HER2- early breast cancer, making its assessment uncertain.",0.5,2.25
2,First-line anemia in lower-risk MDS,none,no_kg,llama3.3:70b,0,8,D,5,0.2,0,0,1,1,,prior,insufficient,2.0,"Without specific mechanistic links provided for Drug-7, its potential benefit is speculative based on general pharmacological principles.",0.5,2.375
2,First-line anemia in lower-risk MDS,none,no_kg,llama3.3:70b,1,8,C,5,0.2,0,0,1,1,,prior,insufficient,2.0,"Drug-7 lacks clear connections to anemia treatment based on available information, making its potential uncertain.",0.0,2.125
2,Follicular lymphoma (+obinutuzumab),none,no_kg,llama3.3:70b,0,8,D,4,0.25,0,0,1,1,,prior,insufficient,2.0,Drug-8 is placed here due to a lack of information suggesting it would be particularly effective against follicular lymphoma.,0.0,1.875
2,Follicular lymphoma (+obinutuzumab),none,no_kg,llama3.3:70b,1,8,G,7,0.14285714285714285,0,0,0,1,,both,conflicting,1.0,Drug-8 has significant conflicting evidence between its known pharmacological effects and the associations reported in the knowledge graph regarding follicular lymphoma.,0.625,2.375
2,1L biliary tract cancer (+gemcitabine+cisplatin),none,no_kg,llama3.3:70b,0,8,H,8,0.125,0,0,0,1,,kg,conflicting,1.0,"Drug-6 has reported associations that conflict with established pharmacological knowledge, making its potential in treating biliary tract cancer highly uncertain.",0.625,1.875
2,1L biliary tract cancer (+gemcitabine+cisplatin),none,no_kg,llama3.3:70b,1,8,G,3,0.3333333333333333,0,1,1,1,,prior,insufficient,2.0,"While Drug-6 has potential based on pharmacological properties, there's insufficient evidence from the knowledge graph to support its ranking.",0.5,1.875
2,"ALK+ solid tumors (tissue-agnostic, world-first)",none,no_kg,llama3.3:70b,0,8,A,1,1.0,1,1,1,1,,both,consistent,4.0,"Drug-8 has a known mechanism of action that aligns with ALK inhibition, supported by both prior knowledge and sparse but consistent knowledge-graph evidence.",0.25,2.0
2,"ALK+ solid tumors (tissue-agnostic, world-first)",none,no_kg,llama3.3:70b,1,8,D,4,0.25,0,0,1,1,,kg,conflicting,3.0,"The knowledge graph suggests Drug-8 may interact with a pathway relevant to the disease, but this conflicts with prior knowledge about its primary mechanism of action.",0.5,2.625
2,Pediatric BRAF V600E low-grade glioma,none,no_kg,llama3.3:70b,0,8,E,5,0.2,0,0,1,1,,prior,insufficient,1.0,"Without evidence directly connecting Drug-5 to the disease's mechanisms, its potential is speculative based on general pharmacological properties.",0.25,2.0
2,Pediatric BRAF V600E low-grade glioma,none,no_kg,llama3.3:70b,1,8,H,8,0.125,0,0,0,1,,prior,insufficient,2.0,There is not enough information available to assess Drug-5's effectiveness in treating Pediatric BRAF V600E low-grade glioma.,0.25,2.75
2,Platinum-resistant ovarian carcinoma (PD-L1+ CPS≥1),none,no_kg,llama3.3:70b,0,8,H,8,0.125,0,0,0,1,,prior,insufficient,1.0,"Without specific evidence or a clear mechanism related to Platinum-resistant ovarian carcinoma, Drug-8's potential is highly speculative.",0.5,1.875
2,Platinum-resistant ovarian carcinoma (PD-L1+ CPS≥1),none,no_kg,llama3.3:70b,1,8,C,8,0.125,0,0,0,1,,prior,insufficient,1.0,"With no relevant evidence from the knowledge graph and limited prior knowledge on Drug-8's effects on PD-L1+ tumors, its potential is highly uncertain.",0.5,2.875
2,Ph+ CML-CP frontline (EMA Feb 2026),none,no_kg,llama3.3:70b,0,8,E,6,0.16666666666666666,0,0,0,1,,prior,insufficient,1.0,"No evidence was provided for Drug-8, making its assessment highly speculative and uncertain.",0.375,2.125
2,Ph+ CML-CP frontline (EMA Feb 2026),none,no_kg,llama3.3:70b,1,8,F,6,0.16666666666666666,0,0,0,1,,prior,insufficient,1.0,"There is no provided evidence for Drug-8's efficacy in Ph+ CML-CP, and prior knowledge does not strongly support its use.",0.5,2.5
2,Gastric/GEJ adenocarcinoma,none,no_kg,llama3.3:70b,0,8,H,8,0.125,0,0,0,1,,kg,insufficient,1.0,"Drug-8 lacks substantial evidence or mechanistic links to gastric/GEJ adenocarcinoma, making its assessment uncertain.",0.5,2.25
2,Gastric/GEJ adenocarcinoma,none,no_kg,llama3.3:70b,1,8,H,8,0.125,0,0,0,1,,prior,insufficient,1.0,Drug-8 has no apparent connection to the treatment of Gastric/GEJ adenocarcinoma based on available information.,0.25,2.125
2,Chronic lymphocytic leukemia,none,no_kg,llama3.3:70b,0,8,B,4,0.25,0,0,1,1,,kg,conflicting,2.0,"The knowledge graph reports a link between Drug-8 and the NF-kB pathway, but prior knowledge suggests this may not be relevant to CLL.",0.5,1.875
2,Chronic lymphocytic leukemia,none,no_kg,llama3.3:70b,1,8,C,4,0.25,0,0,1,1,,prior,conflicting,3.0,Drug-8's known pharmacological profile does not strongly support its use in leukemia treatment based on current understanding.,0.5,2.5
2,HER2+ early-stage BC (neoadjuvant + adjuvant),none,no_kg,llama3.3:70b,0,8,D,6,0.16666666666666666,0,0,0,1,,prior,insufficient,1.0,There is no known mechanism or evidence suggesting Drug-8 would be effective against HER2+ breast cancer.,0.625,2.375
2,HER2+ early-stage BC (neoadjuvant + adjuvant),none,no_kg,llama3.3:70b,1,8,G,7,0.14285714285714285,0,0,0,1,,kg,conflicting,1.0,"Drug-8 shows conflicting mechanistic links in the knowledge graph, suggesting its potential may be limited or not directly applicable to HER2+ breast cancer.",0.625,2.25
2,HR+/HER2-low breast cancer,none,no_kg,llama3.3:70b,0,8,A,3,0.3333333333333333,0,1,1,1,,prior,insufficient,2.0,"While Drug-8 has been used in cancer treatments, its application to HR+/HER2-low breast cancer specifically is less clear without direct evidence from the knowledge graph.",0.5,2.0
2,HR+/HER2-low breast cancer,none,no_kg,llama3.3:70b,1,8,F,6,0.16666666666666666,0,0,0,1,,kg,conflicting,1.0,"The knowledge graph evidence for Drug-8 is sparse and sometimes conflicting, leading to uncertainty about its potential effectiveness in HR+/HER2-low breast cancer.",0.5,1.875
2,"Pediatric low-grade glioma (+dabrafenib, BRAF V600E)",none,no_kg,llama3.3:70b,0,8,F,5,0.2,0,0,1,1,,kg,consistent,2.0,"The knowledge graph indicates Drug-7's involvement in relevant pathways, but the lack of detailed mechanistic information limits confidence in its potential.",0.5,2.0
2,"Pediatric low-grade glioma (+dabrafenib, BRAF V600E)",none,no_kg,llama3.3:70b,1,8,A,1,1.0,1,1,1,1,,both,consistent,5.0,Drug-7 has a strong mechanistic link to BRAF V600E and pediatric low-grade glioma through the MAPK pathway.,0.625,2.75
2,Unresectable thymic carcinoma (PMDA),none,no_kg,llama3.3:70b,0,8,F,4,0.25,0,0,1,1,,prior,insufficient,2.0,"Without specific knowledge graph evidence for Drug-7, its ranking relies on general pharmacological principles that suggest potential but unconfirmed utility in thymic carcinoma.",0.5,1.875
2,Unresectable thymic carcinoma (PMDA),none,no_kg,llama3.3:70b,1,8,E,3,0.3333333333333333,0,1,1,1,,prior,insufficient,2.0,"Without specific knowledge graph evidence, Drug-7's potential is inferred from its pharmacological properties which might be beneficial in cancer treatment.",0.5,1.875
2,BRAF+ thyroid cancer,none,no_kg,llama3.3:70b,0,8,H,8,0.125,0,0,0,1,,prior,insufficient,2.0,"No direct evidence is available for Drug-7, but prior knowledge suggests it may have some effect on related pathways.",0.25,2.75
2,BRAF+ thyroid cancer,none,no_kg,llama3.3:70b,1,8,D,4,0.25,0,0,1,1,,both,conflicting,2.0,"Drug-7 has been associated with both positive and negative impacts on pathways related to BRAF+ thyroid cancer, necessitating further investigation.",0.625,3.0
2,IDH1-mutated relapsed/refractory MDS,none,no_kg,llama3.3:70b,0,8,B,2,0.5,0,1,1,1,,prior,insufficient,2.0,"Drug-8 is ranked second due to its known effects on cellular pathways that could potentially intersect with IDH1 mutation impacts, but direct evidence is needed for a stronger assessment.",0.0,2.0
2,IDH1-mutated relapsed/refractory MDS,none,no_kg,llama3.3:70b,1,8,H,8,0.125,0,0,0,1,,prior,insufficient,1.0,Drug-8's mechanism of action does not clearly align with the therapeutic needs of IDH1-mutated relapsed/refractory MDS.,0.25,1.875
2,Biliary tract cancer,none,no_kg,llama3.3:70b,0,8,A,1,1.0,1,1,1,1,,both,consistent,4.0,Drug-8 has mechanistic links through the knowledge graph and aligns with prior pharmacological understanding of its potential efficacy in cancer treatment.,0.625,1.875
2,Biliary tract cancer,none,no_kg,llama3.3:70b,1,8,E,2,0.5,0,1,1,1,,both,consistent,4.0,"Drug-8 affects the MAPK/ERK pathway, known for its role in tumor growth and metastasis in various cancers including Biliary tract cancer.",0.25,2.25
2,"mCRC BRAF V600E (traditional approval, was accelerated)",none,no_kg,llama3.3:70b,0,8,F,7,0.14285714285714285,0,0,0,1,,kg,conflicting,1.0,"The knowledge graph provides conflicting information about Drug-7's relevance to the disease, making its potential uncertain.",0.625,2.375
2,"mCRC BRAF V600E (traditional approval, was accelerated)",none,no_kg,llama3.3:70b,1,8,E,5,0.2,0,0,1,1,,prior,insufficient,2.0,There is limited information available to assess Drug-7's potential effectiveness against mCRC BRAF V600E based on its known pharmacological properties.,0.5,2.375
2,Gastric/GEJ adenocarcinoma (1L +chemo),none,no_kg,llama3.3:70b,0,8,G,4,0.25,0,0,1,1,,kg,conflicting,2.0,"Drug-6 has mixed reports regarding its effectiveness against pathways relevant to gastric adenocarcinoma, warranting further investigation.",0.375,2.0
2,Gastric/GEJ adenocarcinoma (1L +chemo),none,no_kg,llama3.3:70b,1,8,C,7,0.14285714285714285,0,0,0,1,,kg,conflicting,1.0,"Drug-6 has reported associations in the knowledge graph that are inconsistent with effective treatments for gastric cancer, suggesting low potential efficacy.",0.5,2.375
2,Chorea associated with Huntington's disease,primekg,kg,llama3.3:70b,0,8,F,5,0.2,0,0,1,1,,prior,insufficient,1.0,"Drug-8 targets CYP3A5 and CYP2D6, which are involved in drug metabolism, but there is no clear link to Huntington's disease or its associated genes.",0.0,1.25
2,Chorea associated with Huntington's disease,primekg,kg,llama3.3:70b,1,8,C,6,0.16666666666666666,0,0,0,1,,prior,insufficient,1.0,"Drug-8 primarily targets cytochrome P450 enzymes, which are involved in drug metabolism and lack a direct link to the pathophysiology of chorea or Huntington's disease.",0.0,1.875
2,Chronic thromboembolic pulmonary hypertension,primekg,kg,llama3.3:70b,0,8,A,7,0.14285714285714285,0,0,0,1,,prior,insufficient,1.0,Drug-7 targets F10 and ABCB1 but there's no clear connection given between these targets and Chronic thromboembolic pulmonary hypertension pathways.,0.0,1.5
2,Chronic thromboembolic pulmonary hypertension,primekg,kg,llama3.3:70b,1,8,A,4,0.25,0,0,1,1,,kg,conflicting,2.0,"Drug-7 targets F10, which is involved in coagulation, but its relation to chronic thromboembolic pulmonary hypertension is unclear and potentially conflicting.",0.25,1.875
2,Indolent systemic mastocytosis,primekg,kg,llama3.3:70b,0,8,F,9,0.1111111111111111,0,0,0,1,,,,,,1.0,5.0
2,Indolent systemic mastocytosis,primekg,kg,llama3.3:70b,1,8,H,1,1.0,1,1,1,1,,both,consistent,5.0,"Drug-8 targets KIT, a gene directly associated with Indolent systemic mastocytosis, providing a strong mechanistic link.",0.25,1.625
2,EGPA (expanded),primekg,kg,llama3.3:70b,0,8,F,1,1.0,1,1,1,1,,both,consistent,4.0,"Drug-8 targets IL5RA and FCGR3A, which are relevant to immune system diseases like EGPA.",0.125,1.75
2,EGPA (expanded),primekg,kg,llama3.3:70b,1,8,F,1,1.0,1,1,1,1,,both,consistent,5.0,"Drug-8 targets IL5RA, which is relevant to immune system diseases like EGPA.",0.125,2.125
2,Invasive fungal infections pediatric ≥2yr,primekg,kg,llama3.3:70b,0,8,C,1,1.0,1,1,1,1,,prior,insufficient,2.0,"Drug-4 targets ABCB1 and CYP3A4, which are involved in drug metabolism, but without direct evidence linking these targets to invasive fungal infections, its potential is speculative.",0.0,1.5
2,Invasive fungal infections pediatric ≥2yr,primekg,kg,llama3.3:70b,1,8,A,2,0.5,0,1,1,1,,prior,insufficient,2.0,"Drug-4 targets ABCB1 and CYP3A4, which are involved in drug transport and metabolism, respectively, but like Drug-2, its direct relevance to treating fungal infections is not established.",0.0,1.25
2,PKU expanded to ≥12yr,primekg,kg,llama3.3:70b,0,8,E,5,0.2,0,0,1,1,,prior,insufficient,1.0,"No information is available for Drug-8, making it impossible to assess its mechanistic plausibility.",0.0,1.875
2,PKU expanded to ≥12yr,primekg,kg,llama3.3:70b,1,8,G,7,0.14285714285714285,0,0,0,1,,prior,insufficient,1.0,"No information is provided about Drug-7's targets or mechanism of action, making it impossible to assess its potential for treating PKU.",0.0,1.375
2,Nephrotic syndrome,primekg,kg,llama3.3:70b,0,8,A,3,0.3333333333333333,0,1,1,1,,prior,insufficient,2.0,"Drug-1 targets MS4A1, a component of the B cell receptor complex, which might influence immune responses but lacks clear connection to nephrotic syndrome's pathophysiology.",0.25,1.5
2,Nephrotic syndrome,primekg,kg,llama3.3:70b,1,8,B,2,0.5,0,1,1,1,,prior,insufficient,2.0,"Drug-1 targets MS4A1, which lacks a clear connection to Nephrotic syndrome mechanisms based on provided information.",0.0,2.0
2,HR+/HER2- node-positive high-risk early breast cancer,primekg,kg,llama3.3:70b,0,8,B,1,1.0,1,1,1,1,,prior,insufficient,2.0,"Drug-7 targets CDK6, which is involved in cell cycle regulation and could potentially be relevant to cancer treatment.",0.0,1.25
2,HR+/HER2- node-positive high-risk early breast cancer,primekg,kg,llama3.3:70b,1,8,B,1,1.0,1,1,1,1,,prior,insufficient,2.0,"Drug-7 targets CDK6, which is involved in cell cycle progression and could be relevant to cancer treatment, although its direct connection to HR+/HER2- breast cancer is not established.",0.0,1.25
2,Retinopathy of prematurity,primekg,kg,llama3.3:70b,0,8,A,1,1.0,1,1,1,1,,both,consistent,4.0,"Drug-7 targets VEGFA, which may be relevant to retinal disease and angiogenesis.",0.125,1.625
2,Retinopathy of prematurity,primekg,kg,llama3.3:70b,1,8,G,1,1.0,1,1,1,1,,both,consistent,4.0,"Drug-7 targets VEGFA and VEGFB, which are related to angiogenesis and potentially relevant to retinal disease including Retinopathy of prematurity.",0.125,1.625
2,Agitation associated with Alzheimer's dementia,primekg,kg,llama3.3:70b,0,8,C,2,0.5,0,1,1,1,,prior,insufficient,3.0,"Drug-6 targets serotonin and dopamine receptors, which could indirectly influence mood and agitation, although the connection is less direct than that of GABA receptors.",0.125,2.25
2,Agitation associated with Alzheimer's dementia,primekg,kg,llama3.3:70b,1,8,F,2,0.5,0,1,1,1,,both,consistent,4.0,"Drug-6 targets adrenergic and serotonin receptors, which play roles in mood regulation and could be relevant to treating agitation.",0.25,2.375
2,LDL-C elevation in statin-intolerant dyslipidemia,primekg,kg,llama3.3:70b,0,8,A,8,0.125,0,0,0,1,,prior,insufficient,1.0,"No information is available for Drug-8, making it difficult to assess its potential as a candidate for treating LDL-C elevation.",0.375,1.875
2,LDL-C elevation in statin-intolerant dyslipidemia,primekg,kg,llama3.3:70b,1,8,D,6,0.16666666666666666,0,0,0,1,,prior,insufficient,1.0,"No evidence is provided for Drug-8, making it impossible to assess its mechanistic plausibility.",0.5,2.0
2,First-line anemia in lower-risk MDS,primekg,kg,llama3.3:70b,0,8,B,6,0.16666666666666666,0,0,0,1,,prior,insufficient,1.0,"No information about Drug-8's targets or mechanisms was provided, making its assessment for treating anemia in MDS highly uncertain.",0.0,1.75
2,First-line anemia in lower-risk MDS,primekg,kg,llama3.3:70b,1,8,B,7,0.14285714285714285,0,0,0,1,,prior,insufficient,1.0,"No information about Drug-8's targets or mechanisms is provided, making its assessment for anemia in MDS highly uncertain.",0.0,1.25
2,"Crohn's disease (moderate-severe, refractory)",primekg,kg,llama3.3:70b,0,8,D,1,1.0,1,1,1,1,,both,consistent,4.0,"Drug-7 targets IL23A, which is related to the IL23R gene associated with Crohn's disease.",0.25,2.0
2,"Crohn's disease (moderate-severe, refractory)",primekg,kg,llama3.3:70b,1,8,D,1,1.0,1,1,1,1,,both,consistent,5.0,"Drug-7 targets IL23A, which is closely related to the IL23R gene associated with Crohn's disease, providing a strong mechanistic link.",0.25,2.25
2,COVID-19 in severe renal impairment/dialysis,primekg,kg,llama3.3:70b,0,8,A,1,1.0,1,1,1,1,,both,consistent,4.0,Drug-8 targets multiple transporters that could influence renal function and drug disposition in patients with severe renal impairment.,0.25,1.875
2,COVID-19 in severe renal impairment/dialysis,primekg,kg,llama3.3:70b,1,8,H,3,0.3333333333333333,0,1,1,1,,both,consistent,3.0,"Drug-8 targets transporters and enzymes that could affect drug disposition in patients with severe renal impairment, potentially impacting COVID-19 treatment.",0.375,2.0
2,MASH with fibrosis,primekg,kg,llama3.3:70b,0,8,D,1,1.0,1,1,1,1,,prior,insufficient,2.0,"Drug-8 targets GLP1R, which has implications in metabolic diseases, potentially relevant to fatty liver disease related to MASH with fibrosis.",0.0,1.125
2,MASH with fibrosis,primekg,kg,llama3.3:70b,1,8,D,3,0.3333333333333333,0,1,1,1,,prior,insufficient,2.0,"Drug-8 targets several enzymes and receptors, including DPP4, which has been implicated in fibrosis in some contexts, but the connection to MASH with fibrosis is indirect at best.",0.125,2.0
2,Pancreatic NET,primekg,kg,llama3.3:70b,0,8,D,1,1.0,1,1,1,1,,both,consistent,4.0,"Drug-8 targets RET, a gene associated with cancer development, suggesting a potential therapeutic effect on Pancreatic NET.",0.375,1.625
2,Pancreatic NET,primekg,kg,llama3.3:70b,1,8,G,1,1.0,1,1,1,1,,both,consistent,4.0,"Drug-8 targets RET, which is involved in cellular signaling pathways related to cancer, making it a plausible candidate for treating Pancreatic NET.",0.375,2.0
2,Retinal vein occlusion,primekg,kg,llama3.3:70b,0,8,C,1,1.0,1,1,1,1,,both,consistent,4.0,"Drug-8 targets VEGFA, which is directly associated with Retinal vein occlusion, providing a clear mechanistic link.",0.125,1.625
2,Retinal vein occlusion,primekg,kg,llama3.3:70b,1,8,D,1,1.0,1,1,1,1,,both,consistent,5.0,"Drug-8 targets VEGFA, which is directly associated with Retinal vein occlusion in the knowledge graph.",0.125,1.75
2,Cerebral folate transport deficiency,primekg,kg,llama3.3:70b,0,8,C,2,0.5,0,1,1,1,,prior,insufficient,2.0,"Drug-1 targets SLC16A10 and SLC16A2, which are involved in monocarboxylate transport, but their relation to folate transport is unclear.",0.125,1.5
2,Cerebral folate transport deficiency,primekg,kg,llama3.3:70b,1,8,C,3,0.3333333333333333,0,1,1,1,,prior,insufficient,2.0,"Drug-1's targets do not clearly relate to folate metabolism or transport based on the provided knowledge graph evidence, but prior knowledge suggests a potential indirect link.",0.25,1.875
2,ILD-associated pulmonary hypertension,primekg,kg,llama3.3:70b,0,8,C,3,0.3333333333333333,0,1,1,1,,prior,insufficient,2.0,"Drug-3's targets include PTGIR and PPARD, which have some relevance to vascular health, but their connection to ILD-associated pulmonary hypertension is speculative.",0.0,1.875
2,ILD-associated pulmonary hypertension,primekg,kg,llama3.3:70b,1,8,D,1,1.0,1,1,1,1,,prior,insufficient,3.0,"Drug-3's target PPARD has a potential indirect link to vascular health, making it a speculative candidate for ILD-associated pulmonary hypertension.",0.0,2.0
2,Indolent systemic mastocytosis (EMA),primekg,kg,llama3.3:70b,0,8,A,1,1.0,1,1,1,1,,both,consistent,5.0,"Drug-8 targets KIT, a gene associated with Indolent systemic mastocytosis (EMA), providing a strong mechanistic link.",0.125,1.75
2,Indolent systemic mastocytosis (EMA),primekg,kg,llama3.3:70b,1,8,D,1,1.0,1,1,1,1,,both,consistent,4.0,"Drug-8 targets KIT, which is directly associated with Indolent systemic mastocytosis (EMA), providing a clear mechanistic link.",0.125,1.625
2,CRSwNP (eosinophilic chronic rhinosinusitis with nasal polyps),primekg,kg,llama3.3:70b,0,8,C,5,0.2,0,0,1,1,,prior,insufficient,2.0,"No information is provided for Drug-8, making its assessment entirely speculative and uncertain.",0.5,2.375
2,CRSwNP (eosinophilic chronic rhinosinusitis with nasal polyps),primekg,kg,llama3.3:70b,1,8,D,8,0.125,0,0,0,1,,prior,insufficient,1.0,No information is available to assess Drug-8's potential effects on CRSwNP.,0.25,1.875
2,Chronic hepatitis B (pediatric),primekg,kg,llama3.3:70b,0,8,F,3,0.3333333333333333,0,1,1,1,,prior,insufficient,1.0,Drug-8 targets several transporters and enzymes but lacks clear relevance to Chronic hepatitis B (pediatric) based on the provided information.,0.0,1.25
2,Chronic hepatitis B (pediatric),primekg,kg,llama3.3:70b,1,8,E,3,0.3333333333333333,0,1,1,1,,prior,insufficient,2.0,Drug-8 targets several transporters and enzymes which could influence drug disposition but lacks clear relevance to Chronic hepatitis B (pediatric).,0.125,1.75
2,HoFH in children,primekg,kg,llama3.3:70b,0,8,D,5,0.2,0,0,1,1,,prior,insufficient,1.0,"No information is available on Drug-8's targets or mechanisms, making its potential for treating HoFH uncertain.",0.5,1.5
2,HoFH in children,primekg,kg,llama3.3:70b,1,8,D,7,0.14285714285714285,0,0,0,1,,prior,insufficient,1.0,"Like Drug-7, no details are given about Drug-8's targets or effects, precluding any meaningful evaluation of its suitability for HoFH treatment.",0.125,1.625
2,Biliary tract cancer 1L,primekg,kg,llama3.3:70b,0,8,C,1,1.0,1,1,1,1,,prior,insufficient,2.0,"Drug-8 targets CD274, which is involved in immune regulation, and may have potential in cancer treatment, although its direct link to Biliary tract cancer 1L is unclear.",0.125,1.5
2,Biliary tract cancer 1L,primekg,kg,llama3.3:70b,1,8,C,1,1.0,1,1,1,1,,both,consistent,4.0,"Drug-8 targets CD274, which is involved in immune checkpoint regulation and may have a role in cancer treatment, including potentially Biliary tract cancer 1L.",0.125,2.0
2,Diabetic retinopathy/DME (EMA Mar+May 2026),primekg,kg,llama3.3:70b,0,8,A,1,1.0,1,1,1,1,,both,consistent,4.0,"Drug-8 targets ANGPT2 and VEGFA, which are implicated in the vascular changes associated with diabetic retinopathy.",0.125,1.375
2,Diabetic retinopathy/DME (EMA Mar+May 2026),primekg,kg,llama3.3:70b,1,8,F,1,1.0,1,1,1,1,,both,consistent,5.0,"Drug-8 targets ANGPT2 and VEGFA, which are directly related to the pathogenesis of diabetic retinopathy through angiogenesis and vascular permeability.",0.125,2.0
2,Spinal muscular atrophy (pediatric expansion),primekg,kg,llama3.3:70b,0,8,C,6,0.16666666666666666,0,0,0,1,,prior,insufficient,1.0,"No information is provided about Drug-6's targets or mechanism, making it impossible to assess its potential for treating Spinal muscular atrophy.",0.125,1.25
2,Spinal muscular atrophy (pediatric expansion),primekg,kg,llama3.3:70b,1,8,H,7,0.14285714285714285,0,0,0,1,,prior,insufficient,2.0,"Drug-8 targets several enzymes involved in drug metabolism, but like Drug-3, its relevance to Spinal muscular atrophy (pediatric expansion) is speculative without direct evidence.",0.0,1.5
2,High LDL-C with increased CV risk (expanded),primekg,kg,llama3.3:70b,0,8,A,1,1.0,1,1,1,1,,both,consistent,5.0,"Drug-8 directly targets PCSK9, a key gene associated with High LDL-C and CV risk.",0.125,1.75
2,High LDL-C with increased CV risk (expanded),primekg,kg,llama3.3:70b,1,8,A,1,1.0,1,1,1,1,,both,consistent,5.0,"Drug-8 targets PCSK9, a well-established target for reducing LDL-C levels.",0.125,1.75
2,Polycythaemia vera and essential thrombocytopenia,primekg,kg,llama3.3:70b,0,8,C,1,1.0,1,1,1,1,,both,consistent,4.0,"Drug-1 targets IFNAR1 and IFNAR2, which are related to the disease-associated gene IFNA2, suggesting a potential therapeutic effect.",0.125,1.75
2,Polycythaemia vera and essential thrombocytopenia,primekg,kg,llama3.3:70b,1,8,C,1,1.0,1,1,1,1,,both,consistent,4.0,"Drug-1 targets IFNAR1 and IFNAR2, which could be relevant to the disease due to its association with gene IFNA2.",0.125,1.75
2,Hidradenitis suppurativa,primekg,kg,llama3.3:70b,0,8,F,1,1.0,1,1,1,1,,both,consistent,4.0,"Drug-6 targets IL17A, which is involved in inflammatory responses and could be relevant to Hidradenitis suppurativa given the disease's inflammatory nature.",0.125,2.125
2,Hidradenitis suppurativa,primekg,kg,llama3.3:70b,1,8,E,1,1.0,1,1,1,1,,both,consistent,4.0,"Drug-6 targets IL17A, which is involved in inflammatory processes potentially relevant to Hidradenitis suppurativa.",0.125,2.0
2,Acute HCV pediatric,primekg,kg,llama3.3:70b,0,8,E,1,1.0,1,1,1,1,,prior,insufficient,2.0,Drug-8 targets several CYP enzymes which could be involved in liver metabolism and potentially influence the disease indirectly.,0.0,1.375
2,Acute HCV pediatric,primekg,kg,llama3.3:70b,1,8,H,2,0.5,0,1,1,1,,both,consistent,3.0,"Drug-8 targets several cytochrome P450 enzymes and transporters relevant to liver metabolism, suggesting a possible impact on the disease.",0.375,2.0
2,CKD in T2D,primekg,kg,llama3.3:70b,0,8,G,2,0.5,0,1,1,1,,prior,insufficient,2.0,"Drug-7 targets HTR2A, which is involved in various physiological processes, but its relevance to CKD in T2D is unclear.",0.0,1.75
2,CKD in T2D,primekg,kg,llama3.3:70b,1,8,H,1,1.0,1,1,1,1,,prior,insufficient,2.0,"Drug-8 targets DPP4, which is involved in glucose metabolism and might indirectly influence CKD in T2D progression.",0.25,1.375
2,BRAF V600E metastatic NSCLC,primekg,kg,llama3.3:70b,0,8,C,1,1.0,1,1,1,1,,both,consistent,5.0,"Drug-7 directly targets BRAF, a primary mutation in BRAF V600E metastatic NSCLC.",0.125,1.875
2,BRAF V600E metastatic NSCLC,primekg,kg,llama3.3:70b,1,8,G,1,1.0,1,1,1,1,,both,consistent,5.0,"Drug-7 directly targets BRAF, a crucial mutation in BRAF V600E metastatic NSCLC, providing a strong mechanistic rationale for its potential effectiveness.",0.125,2.125
2,Retinal vein occlusion,primekg,kg,llama3.3:70b,0,8,A,1,1.0,1,1,1,1,,both,consistent,4.0,"Drug-8 targets VEGFA, which is directly associated with Retinal vein occlusion in the knowledge graph.",0.125,1.625
2,Retinal vein occlusion,primekg,kg,llama3.3:70b,1,8,E,1,1.0,1,1,1,1,,both,consistent,5.0,"Drug-8 targets VEGFA, which is directly associated with Retinal vein occlusion.",0.125,1.75
2,Agitation associated with Alzheimer's dementia,primekg,kg,llama3.3:70b,0,8,D,3,0.3333333333333333,0,1,1,1,,both,consistent,3.0,"Drug-3 targets GRIN3A, a glutamate receptor subunit, which plays a role in neurodegenerative diseases like Alzheimer's.",0.25,2.25
2,Agitation associated with Alzheimer's dementia,primekg,kg,llama3.3:70b,1,8,E,3,0.3333333333333333,0,1,1,1,,prior,insufficient,2.0,"Drug-3 targets various enzymes and receptors, including some related to neurological functions, but its relevance to agitation in Alzheimer's dementia is speculative without more direct evidence.",0.125,1.875
2,Heterozygous familial hypercholesterolemia,primekg,kg,llama3.3:70b,0,8,F,1,1.0,1,1,1,1,,both,consistent,5.0,"Drug-7 targets PCSK9, which is directly associated with Heterozygous familial hypercholesterolemia.",0.125,1.75
2,Heterozygous familial hypercholesterolemia,primekg,kg,llama3.3:70b,1,8,E,1,1.0,1,1,1,1,,both,consistent,5.0,"Drug-7 targets PCSK9, a key protein in cholesterol metabolism associated with Heterozygous familial hypercholesterolemia.",0.125,1.875
2,Acquired hypofibrinogenemia in cardiovascular surgery,primekg,kg,llama3.3:70b,0,8,B,8,0.125,0,0,0,1,,prior,insufficient,1.0,"No information is provided about Drug-6's targets, making it impossible to assess its mechanistic plausibility for treating Acquired hypofibrinogenemia.",0.125,1.75
2,Acquired hypofibrinogenemia in cardiovascular surgery,primekg,kg,llama3.3:70b,1,8,C,6,0.16666666666666666,0,0,0,1,,prior,insufficient,1.0,"No information is provided about Drug-6's targets, making it impossible to assess its mechanistic plausibility.",0.125,2.0
2,Crohn's disease,primekg,kg,llama3.3:70b,0,8,C,6,0.16666666666666666,0,0,0,1,,prior,insufficient,2.0,"Drug-8 targets a range of enzymes and transporters involved in drug metabolism and transport, but its potential therapeutic effect on Crohn's disease is speculative.",0.125,2.25
2,Crohn's disease,primekg,kg,llama3.3:70b,1,8,D,2,0.5,0,1,1,1,,prior,insufficient,3.0,"Drug-8 targets JAK1, which is involved in immune response, but the connection to Crohn's disease is indirect and requires further evidence.",0.125,1.875
2,COVID-19 updated strain,primekg,kg,llama3.3:70b,0,8,G,8,0.125,0,0,0,1,,prior,insufficient,1.0,"Drug-8 lacks any provided information on its targets or pharmacological effects, making it impossible to assess its relevance to COVID-19 treatment.",0.125,1.5
2,COVID-19 updated strain,primekg,kg,llama3.3:70b,1,8,G,7,0.14285714285714285,0,0,0,1,,prior,insufficient,1.0,"No information is provided about the targets of Drug-8, rendering assessment impossible based on the given data.",0.25,1.5
2,HoFH pediatric (EMA),primekg,kg,llama3.3:70b,0,8,F,5,0.2,0,0,1,1,,prior,insufficient,1.0,No relevant targets or mechanisms are known for Drug-8 in relation to HoFH pediatric.,0.0,1.5
2,HoFH pediatric (EMA),primekg,kg,llama3.3:70b,1,8,D,6,0.16666666666666666,0,0,0,1,,prior,insufficient,1.0,"No information is available for Drug-8, making its assessment uncertain.",0.0,1.125
2,Primary mediastinal large B-cell lymphoma,primekg,kg,llama3.3:70b,0,8,F,7,0.14285714285714285,0,0,0,1,,prior,insufficient,2.0,Drug-2's targets are varied but do not directly link to the disease's associated genes or pathways as provided.,0.125,1.875
2,Primary mediastinal large B-cell lymphoma,primekg,kg,llama3.3:70b,1,8,D,1,1.0,1,1,1,1,,both,consistent,4.0,"Drug-7 targets PDCD1, which is involved in immune checkpoint regulation, a potentially relevant mechanism for treating Primary mediastinal large B-cell lymphoma.",0.125,2.0
2,TRD monotherapy,primekg,kg,llama3.3:70b,0,8,H,4,0.25,0,0,1,1,,prior,insufficient,2.0,"No information is provided about Drug-5's relevance to TRD monotherapy in the knowledge graph, but its targeting of GRIN genes and BDNF suggests potential for neurological effects.",0.125,2.125
2,TRD monotherapy,primekg,kg,llama3.3:70b,1,8,G,1,1.0,1,1,1,1,,both,consistent,4.0,"Drug-5 targets GRIN and BDNF genes, which are related to neurotransmission and neuroplasticity, making it a plausible candidate for TRD monotherapy.",0.25,1.875
2,Reduce MACE in CVD + obesity/overweight,primekg,kg,llama3.3:70b,0,8,A,1,1.0,1,1,1,1,,both,consistent,4.0,"Drug-7 targets GLP1R and DPP4, which are related to glucose metabolism and have implications for cardiovascular health in the context of obesity/overweight.",0.25,1.875
2,Reduce MACE in CVD + obesity/overweight,primekg,kg,llama3.3:70b,1,8,H,9,0.1111111111111111,0,0,0,1,,,,,,1.0,4.0
2,Allergic fungal rhinosinusitis (AFRS) ≥6yr,primekg,kg,llama3.3:70b,0,8,B,1,1.0,1,1,1,1,,both,consistent,4.0,"Drug-8 targets IL4R, which is involved in allergic responses, making it a plausible candidate for treating AFRS.",0.125,1.75
2,Allergic fungal rhinosinusitis (AFRS) ≥6yr,primekg,kg,llama3.3:70b,1,8,G,1,1.0,1,1,1,1,,prior,insufficient,4.0,"Drug-3 targets alkaline phosphatase enzymes which might be involved in inflammatory responses, making it a potential candidate for treating AFRS based on prior knowledge.",0.5,2.0
2,Measles prophylaxis post-exposure,primekg,kg,llama3.3:70b,0,8,G,1,1.0,1,1,1,1,,prior,insufficient,2.0,"Drug-1 targets components of the immune system, which might be relevant for measles prophylaxis post-exposure, although the connection is indirect and speculative.",0.125,1.25
2,Measles prophylaxis post-exposure,primekg,kg,llama3.3:70b,1,8,C,2,0.5,0,1,1,1,,both,consistent,3.0,"Drug-1 targets components of the complement system and Fc receptors, which play roles in immune response regulation and could potentially influence measles infection dynamics.",0.25,1.875
2,Obstructive sleep apnea with obesity,primekg,kg,llama3.3:70b,0,8,C,5,0.2,0,0,1,1,,prior,insufficient,1.0,"No information is available for Drug-8, making it impossible to assess its potential for treating obstructive sleep apnea with obesity.",0.0,1.25
2,Obstructive sleep apnea with obesity,primekg,kg,llama3.3:70b,1,8,G,8,0.125,0,0,0,1,,prior,insufficient,1.0,"Drug-8 has no provided targets or evidence, making it impossible to assess its mechanistic plausibility for treating obstructive sleep apnea with obesity.",0.0,1.75
2,HER2+ solid tumors (tumor-agnostic),primekg,kg,llama3.3:70b,0,8,E,2,0.5,0,1,1,1,,prior,insufficient,2.0,"Drug-8 targets multiple transporters and enzymes, which could potentially affect drug disposition or tumor metabolism, though no direct link to HER2+ solid tumors is provided.",0.0,1.5
2,HER2+ solid tumors (tumor-agnostic),primekg,kg,llama3.3:70b,1,8,A,1,1.0,1,1,1,1,,both,consistent,4.0,"Drug-8's targets include transporters and enzymes that could affect drug disposition in cancer cells, suggesting a plausible mechanism for treating HER2+ solid tumors.",0.375,1.75
2,Heart failure (broadened),primekg,kg,llama3.3:70b,0,8,H,8,0.125,0,0,0,1,,prior,insufficient,1.0,Drug-8 targets several CYP enzymes and UGTs but lacks direct evidence linking these targets to heart failure mechanisms.,0.375,1.875
2,Heart failure (broadened),primekg,kg,llama3.3:70b,1,8,H,8,0.125,0,0,0,1,,prior,insufficient,1.0,"Drug-8 targets various CYP enzymes and UGTs, which are important for drug metabolism but do not provide a clear mechanistic link to treating heart failure.",0.0,2.0
2,GVHD + pediatric,primekg,kg,llama3.3:70b,0,8,A,3,0.3333333333333333,0,1,1,1,,prior,insufficient,2.0,"Drug-6 targets JAK1 and JAK2, which are involved in immune responses, but its relevance to GVHD + pediatric is unclear.",0.25,2.0
2,GVHD + pediatric,primekg,kg,llama3.3:70b,1,8,F,1,1.0,1,1,1,1,,both,consistent,4.0,"Drug-6 targets JAK1 and JAK2, which are involved in immune response pathways relevant to GVHD.",0.375,1.625
2,COVID-19 (expanded population),primekg,kg,llama3.3:70b,0,8,F,7,0.14285714285714285,0,0,0,1,,prior,insufficient,2.0,"Drug-8's multiple targets suggest potential for various interactions, but direct relevance to COVID-19 requires more specific evidence.",0.25,2.25
2,COVID-19 (expanded population),primekg,kg,llama3.3:70b,1,8,D,4,0.25,0,0,1,1,,prior,insufficient,2.0,"Drug-8's targets include various enzymes and transporters that could influence drug metabolism or disease pathways, but without direct evidence linking these to COVID-19, its potential is speculative.",0.25,1.875
2,Delay T1D onset in children ≥1yr,primekg,kg,llama3.3:70b,0,8,F,7,0.14285714285714285,0,0,0,1,,prior,insufficient,1.0,"No information is available for Drug-6, making its assessment uncertain.",0.0,1.625
2,Delay T1D onset in children ≥1yr,primekg,kg,llama3.3:70b,1,8,D,8,0.125,0,0,0,1,,prior,insufficient,1.0,"No information is provided about Drug-6's targets or mechanisms, making its assessment for T1D highly uncertain.",0.0,1.375
2,BRAF+ thyroid cancer,primekg,kg,llama3.3:70b,0,8,E,1,1.0,1,1,1,1,,both,consistent,4.0,"Drug-8 targets multiple inflammatory pathways, including IL1B and TNF, which may be relevant to treating BRAF+ thyroid cancer.",0.5,2.0
2,BRAF+ thyroid cancer,primekg,kg,llama3.3:70b,1,8,H,1,1.0,1,1,1,1,,both,insufficient,3.0,"Drug-8 targets a range of enzymes and proteins that could indirectly affect cancer pathways, offering a plausible mechanism despite lack of direct evidence.",0.125,1.75
2,Chronic kidney disease,primekg,kg,llama3.3:70b,0,8,B,4,0.25,0,0,1,1,,prior,insufficient,2.0,"Drug-6 targets various transporters and enzymes, but their relevance to CKD is unclear without direct associations.",0.125,1.875
2,Chronic kidney disease,primekg,kg,llama3.3:70b,1,8,C,4,0.25,0,0,1,1,,prior,insufficient,2.0,"Drug-6 targets several UDP-glucuronosyltransferases and transporters, which are involved in drug metabolism and transport, but its relevance to CKD is uncertain.",0.0,1.875
2,IgG4-related disease,primekg,kg,llama3.3:70b,0,8,C,1,1.0,1,1,1,1,,both,consistent,4.0,"Drug-8 targets CD19, which is involved in immune system regulation and may be relevant to IgG4-related disease treatment.",0.125,2.125
2,IgG4-related disease,primekg,kg,llama3.3:70b,1,8,D,1,1.0,1,1,1,1,,both,consistent,4.0,"Drug-8 targets CD19, which plays a role in immune system regulation, potentially benefiting IgG4-related disease treatment.",0.125,1.875
2,Oral tablet formulation for weight management,primekg,kg,llama3.3:70b,0,8,H,1,1.0,1,1,1,1,,both,consistent,5.0,"Drug-8 targets GLP1R, a receptor known for its role in glucose metabolism and appetite regulation, making it highly plausible for weight management.",0.125,2.0
2,Oral tablet formulation for weight management,primekg,kg,llama3.3:70b,1,8,C,1,1.0,1,1,1,1,,both,consistent,4.0,"Drug-8 targets GLP1R, which is related to glucose metabolism and weight management, making it a mechanistically plausible candidate.",0.125,1.875
2,Follicular lymphoma,primekg,kg,llama3.3:70b,0,8,G,1,1.0,1,1,1,1,,both,consistent,4.0,"Drug-8 targets CD19, a protein expressed on the surface of B cells, which are relevant to Follicular lymphoma, a type of B-cell non-Hodgkin lymphoma.",0.125,1.875
2,Follicular lymphoma,primekg,kg,llama3.3:70b,1,8,E,1,1.0,1,1,1,1,,both,consistent,5.0,"Drug-8 targets CD19, a protein relevant to B-cell non-Hodgkin lymphoma, making it the most plausible candidate.",0.125,1.75
2,Palmoplantar pustulosis (PMDA),primekg,kg,llama3.3:70b,0,8,C,1,1.0,1,1,1,1,,both,consistent,4.0,"Drug-8 targets IL23A, which is closely related to the disease-associated gene IL23R, providing a plausible mechanism for treating Palmoplantar pustulosis.",0.125,1.5
2,Palmoplantar pustulosis (PMDA),primekg,kg,llama3.3:70b,1,8,G,1,1.0,1,1,1,1,,both,consistent,5.0,"Drug-8 targets IL23A, which is closely related to the disease-associated gene IL23R, providing a strong mechanistic link.",0.125,2.0
2,Acquired hypothalamic obesity,primekg,kg,llama3.3:70b,0,8,F,1,1.0,1,1,1,1,,both,consistent,5.0,"Drug-6 targets MC4R, which plays a crucial role in energy homeostasis and appetite regulation, making it a strong candidate for treating Acquired hypothalamic obesity.",0.5,2.0
2,Acquired hypothalamic obesity,primekg,kg,llama3.3:70b,1,8,D,1,1.0,1,1,1,1,,both,consistent,4.0,"Drug-6 targets MC4R, which plays a crucial role in energy balance and appetite regulation, making it a plausible candidate for acquired hypothalamic obesity.",0.625,1.875
2,Pheochromocytoma/paraganglioma,primekg,kg,llama3.3:70b,0,8,C,5,0.2,0,0,1,1,,prior,conflicting,1.0,"Drug-8 targets EPAS1, which does not have a clear connection to the disease mechanisms outlined in the profile.",0.25,1.75
2,Pheochromocytoma/paraganglioma,primekg,kg,llama3.3:70b,1,8,D,4,0.25,0,0,1,1,,kg,conflicting,1.0,"Drug-8 targets EPAS1, which has an unclear relationship with Pheochromocytoma/paraganglioma, making its relevance uncertain.",0.375,1.75
2,IgE-mediated food allergy,primekg,kg,llama3.3:70b,0,8,C,1,1.0,1,1,1,1,,both,consistent,5.0,"Drug-1 targets MS4A2 and FCER1A, directly implicating it in IgE-mediated responses.",0.125,1.875
2,IgE-mediated food allergy,primekg,kg,llama3.3:70b,1,8,A,1,1.0,1,1,1,1,,both,consistent,4.0,"Drug-1 targets MS4A2 and FCER1A, which are involved in immune responses, making it a plausible candidate for IgE-mediated food allergy.",0.5,1.75
2,Advanced RCC after PD-1/PD-L1 + VEGF-TKI,primekg,kg,llama3.3:70b,0,8,A,2,0.5,0,1,1,1,,kg,insufficient,3.0,"Drug-8 targets EPAS1, but there is limited information on its relevance to Advanced RCC.",0.25,2.125
2,Advanced RCC after PD-1/PD-L1 + VEGF-TKI,primekg,kg,llama3.3:70b,1,8,H,4,0.25,0,0,1,1,,prior,insufficient,2.0,"Drug-8 targets EPAS1, which is involved in hypoxia response, potentially relevant to cancer but lacks direct evidence for Advanced RCC treatment.",0.0,1.875
2,COPD,primekg,kg,llama3.3:70b,0,8,A,1,1.0,1,1,1,1,,both,consistent,4.0,"Drug-8 targets IL4R, which plays a role in inflammation, making it a plausible candidate for treating COPD.",0.5,1.875
2,COPD,primekg,kg,llama3.3:70b,1,8,B,1,1.0,1,1,1,1,,both,consistent,4.0,"Drug-8 targets IL4R, which is involved in inflammatory processes relevant to COPD.",0.125,1.875
2,mHSPC + ADT,primekg,kg,llama3.3:70b,0,8,B,1,1.0,1,1,1,1,,both,insufficient,3.0,"Drug-8 targets multiple transporters and enzymes, including some involved in drug metabolism and hormone regulation, which could be relevant to prostate cancer treatment.",0.25,1.75
2,mHSPC + ADT,primekg,kg,llama3.3:70b,1,8,B,1,1.0,1,1,1,1,,prior,insufficient,4.0,"Drug-8 targets a variety of proteins including some involved in drug transport and metabolism, which could be relevant to cancer treatment by potentially affecting the distribution and efficacy of chemotherapeutic agents.",0.0,2.25
2,COPD (EMA 2025),primekg,kg,llama3.3:70b,0,8,E,6,0.16666666666666666,0,0,0,1,,prior,insufficient,1.0,"Drug-8 targets IL4R, which is involved in allergic responses, but its connection to COPD is indirect and uncertain.",0.125,1.875
2,COPD (EMA 2025),primekg,kg,llama3.3:70b,1,8,H,8,0.125,0,0,0,1,,prior,insufficient,2.0,"Drug-8 targets IL4R, which is involved in immune responses, but its relevance to COPD is speculative without further evidence on its impact on respiratory inflammation or disease progression.",0.0,2.0
2,dMMR/MSI-H primary advanced endometrial cancer,primekg,kg,llama3.3:70b,0,8,F,6,0.16666666666666666,0,0,0,1,,prior,insufficient,1.0,"Drug-8 targets PDCD1, which is not clearly related to the disease mechanism, making its relevance uncertain.",0.5,2.0
2,dMMR/MSI-H primary advanced endometrial cancer,primekg,kg,llama3.3:70b,1,8,H,8,0.125,0,0,0,1,,prior,insufficient,1.0,"Drug-8 targets PDCD1, but without further information on how this relates to dMMR/MSI-H primary advanced endometrial cancer, its potential is unclear.",0.125,1.875
2,Generalized myasthenia gravis,primekg,kg,llama3.3:70b,0,8,D,5,0.2,0,0,1,1,,both,conflicting,2.0,"Drug-8 targets CD19, which is involved in immune responses, but its relevance to Generalized myasthenia gravis is indirect and may not address the disease's primary mechanisms.",0.25,1.75
2,Generalized myasthenia gravis,primekg,kg,llama3.3:70b,1,8,F,6,0.16666666666666666,0,0,0,1,,prior,insufficient,1.0,No information provided about Drug-6's targets or mechanisms makes it impossible to assess its potential for treating Generalized myasthenia gravis.,0.125,2.125
2,Urothelial carcinoma (expanded population),primekg,kg,llama3.3:70b,0,8,D,1,1.0,1,1,1,1,,prior,insufficient,2.0,"Drug-8's target of ABCB1 and CYP3A4 might imply some relevance to cancer treatment due to their roles in drug resistance and metabolism, but this connection is highly indirect.",0.0,1.25
2,Urothelial carcinoma (expanded population),primekg,kg,llama3.3:70b,1,8,H,1,1.0,1,1,1,1,,prior,insufficient,2.0,"Drug-8 targets ABCB1 and CYP3A4, which are involved in drug metabolism and could potentially impact cancer treatment, although the direct link to Urothelial carcinoma is unclear.",0.0,1.25
2,Crohn's disease,primekg,kg,llama3.3:70b,0,8,B,1,1.0,1,1,1,1,,both,consistent,5.0,"Drug-8 targets IL23A, which is associated with the immune response and inflammation in Crohn's disease.",0.5,2.0
2,Crohn's disease,primekg,kg,llama3.3:70b,1,8,H,1,1.0,1,1,1,1,,both,consistent,5.0,"Drug-8 targets IL23A, which is associated with the IL23R gene implicated in Crohn's disease, making it a strong candidate.",0.125,1.75
2,RAS wild-type HER2+ metastatic colorectal cancer,primekg,kg,llama3.3:70b,0,8,C,1,1.0,1,1,1,1,,both,consistent,4.0,"Drug-7 targets ERBB3, which is part of the HER2 pathway, making it a potentially relevant target for HER2+ metastatic colorectal cancer.",0.25,1.875
2,RAS wild-type HER2+ metastatic colorectal cancer,primekg,kg,llama3.3:70b,1,8,F,1,1.0,1,1,1,1,,both,consistent,4.0,"Drug-7 targets ERBB3, which is related to the HER2 pathway, providing a plausible mechanistic link to RAS wild-type HER2+ metastatic colorectal cancer.",0.125,1.625
2,Atopic dermatitis,primekg,kg,llama3.3:70b,0,8,E,2,0.5,0,1,1,1,,both,consistent,3.0,"Drug-7 targets JAK1 and JAK3, which are involved in immune signaling pathways potentially relevant to Atopic dermatitis.",0.375,1.875
2,Atopic dermatitis,primekg,kg,llama3.3:70b,1,8,E,3,0.3333333333333333,0,1,1,1,,kg,conflicting,2.0,Drug-7's diverse target profile lacks a clear connection to Atopic dermatitis mechanisms.,0.25,1.875
2,dMMR recurrent/advanced endometrial cancer,primekg,kg,llama3.3:70b,0,8,D,5,0.2,0,0,1,1,,prior,insufficient,1.0,"Drug-8 targets PDCD1, which is primarily known for its role in immune checkpoint regulation, making its relevance to endometrial cancer uncertain without further evidence.",0.25,1.875
2,dMMR recurrent/advanced endometrial cancer,primekg,kg,llama3.3:70b,1,8,C,2,0.5,0,1,1,1,,prior,insufficient,2.0,"Immune checkpoint inhibitors like Drug-8 targeting PDCD1 may have potential in treating various cancers, but its relevance to dMMR endometrial cancer is uncertain.",0.125,1.625
2,Polymyalgia rheumatica,primekg,kg,llama3.3:70b,0,8,A,1,1.0,1,1,1,1,,both,consistent,4.0,"Drug-8 targets IL6R, which is involved in inflammation and potentially relevant to treating Polymyalgia rheumatica.",0.125,1.5
2,Polymyalgia rheumatica,primekg,kg,llama3.3:70b,1,8,C,1,1.0,1,1,1,1,,both,consistent,4.0,"Drug-8 targets IL6R, which is relevant to rheumatologic disorders, making it a plausible candidate for treating Polymyalgia rheumatica.",0.125,2.0
2,Metastatic colorectal cancer,primekg,kg,llama3.3:70b,0,8,H,1,1.0,1,1,1,1,,both,consistent,4.0,"Drug-3 targets several transporters and enzymes involved in nucleotide metabolism, which could be relevant to cancer cell proliferation.",0.125,1.875
2,Metastatic colorectal cancer,primekg,kg,llama3.3:70b,1,8,C,1,1.0,1,1,1,1,,both,consistent,4.0,"Drug-3 targets several transporters and enzymes involved in nucleotide metabolism, which could be relevant to cancer cell proliferation.",0.125,1.875
2,Ulcerative colitis,primekg,kg,llama3.3:70b,0,8,H,1,1.0,1,1,1,1,,both,consistent,4.0,"Drug-8 targets IL23A, which is associated with the immune response and potentially relevant to Ulcerative Colitis treatment.",0.125,1.75
2,Ulcerative colitis,primekg,kg,llama3.3:70b,1,8,A,1,1.0,1,1,1,1,,both,consistent,4.0,"Drug-8 targets IL23A, which is related to the IL23R gene associated with Ulcerative Colitis.",0.125,1.875
2,MSI-H/dMMR solid tumors (full approval conversion),primekg,kg,llama3.3:70b,0,8,B,1,1.0,1,1,1,1,,both,consistent,4.0,"Drug-4 targets PDCD1, an immune checkpoint that could be relevant for treating MSI-H/dMMR solid tumors.",0.125,2.0
2,MSI-H/dMMR solid tumors (full approval conversion),primekg,kg,llama3.3:70b,1,8,C,1,1.0,1,1,1,1,,both,consistent,4.0,"Drug-4 targets PDCD1, a known checkpoint in cancer immunity, which could be relevant to treating MSI-H/dMMR solid tumors.",0.5,1.5
2,Schnitzler syndrome (Japan),primekg,kg,llama3.3:70b,0,8,C,1,1.0,1,1,1,1,,both,consistent,4.0,"Drug-7 targets IL1B, which is related to the inflammatory pathway associated with Schnitzler syndrome, making it a plausible candidate.",0.125,2.25
2,Schnitzler syndrome (Japan),primekg,kg,llama3.3:70b,1,8,B,1,1.0,1,1,1,1,,both,consistent,4.0,"Drug-7 targets IL1B, which is closely related to the disease-associated gene IL1RN, suggesting a potential therapeutic effect.",0.125,1.5
2,HR+/HER2- metastatic breast cancer,primekg,kg,llama3.3:70b,0,8,H,2,0.5,0,1,1,1,,both,consistent,5.0,"Drug-7 targets PARP1 and PARP2, which are directly relevant to cancer therapy, especially in breast cancer where PARP inhibitors have shown efficacy.",0.375,2.25
2,HR+/HER2- metastatic breast cancer,primekg,kg,llama3.3:70b,1,8,H,1,1.0,1,1,1,1,,both,consistent,4.0,"Drug-7 targets PARP1 and PARP2, which are involved in DNA repair pathways relevant to cancer treatment.",0.25,1.5
2,Giant cell arteritis,primekg,kg,llama3.3:70b,0,8,D,1,1.0,1,1,1,1,,both,consistent,4.0,"Drug-8's targeting of JAK1 provides a plausible mechanism for treating Giant cell arteritis, given the role of JAK inhibitors in autoimmune diseases.",0.125,1.75
2,Giant cell arteritis,primekg,kg,llama3.3:70b,1,8,G,1,1.0,1,1,1,1,,both,consistent,4.0,"Drug-8 targets JAK1, which is involved in immune responses and could be relevant to treating Giant cell arteritis.",0.125,1.875
2,Neoadj+adj HNSCC,primekg,kg,llama3.3:70b,0,8,F,1,1.0,1,1,1,1,,prior,insufficient,4.0,"Drug-6 targets FLT3 and FLT4, which are involved in angiogenesis, a process relevant to cancer progression including HNSCC.",0.0,2.0
2,Neoadj+adj HNSCC,primekg,kg,llama3.3:70b,1,8,D,1,1.0,1,1,1,1,,both,consistent,4.0,"Drug-5 targets PDCD1, which is involved in immune checkpoint pathways relevant to cancer treatment, including potentially HNSCC.",0.125,2.0
2,Psoriasis in children 6-11 (cream),primekg,kg,llama3.3:70b,0,8,B,1,1.0,1,1,1,1,,prior,insufficient,2.0,"Drug-2 targets PDE4 enzymes, which are involved in inflammation pathways relevant to psoriasis, although direct evidence linking Drug-2 to psoriasis treatment is lacking.",0.0,1.25
2,Psoriasis in children 6-11 (cream),primekg,kg,llama3.3:70b,1,8,H,1,1.0,1,1,1,1,,prior,insufficient,4.0,Drug-2 targets PDE4 enzymes which are involved in inflammatory processes relevant to psoriasis.,0.5,2.125
2,dMMR/MSI-H primary advanced endometrial cancer (+chemo),primekg,kg,llama3.3:70b,0,8,H,6,0.16666666666666666,0,0,0,1,,prior,insufficient,2.0,"Drug-8 targets PDCD1, which is involved in immune checkpoint regulation, but its relevance to dMMR/MSI-H primary advanced endometrial cancer is uncertain without further context.",0.0,2.0
2,dMMR/MSI-H primary advanced endometrial cancer (+chemo),primekg,kg,llama3.3:70b,1,8,B,1,1.0,1,1,1,1,,both,consistent,4.0,"Drug-8 targets PDCD1, which is a potential target for cancer immunotherapy, and may be relevant to treating dMMR/MSI-H primary advanced endometrial cancer (+chemo).",0.125,1.875
2,Primary immunodeficiency pediatric (EMA),primekg,kg,llama3.3:70b,0,8,F,1,1.0,1,1,1,1,,both,consistent,5.0,"Drug-1 targets FCGR3A, which is associated with Primary immunodeficiency pediatric (EMA), making it a strong candidate.",0.125,2.0
2,Primary immunodeficiency pediatric (EMA),primekg,kg,llama3.3:70b,1,8,F,1,1.0,1,1,1,1,,both,consistent,5.0,"Drug-1 targets FCGR3A, which is directly associated with Primary immunodeficiency pediatric (EMA), providing a strong mechanistic link.",0.125,1.75
2,HR+/HER2- breast cancer,primekg,kg,llama3.3:70b,0,8,H,5,0.2,0,0,1,1,,prior,insufficient,1.0,"Drug-8 targets various proteins (TACSTD2, UGT1A1), but without a clear connection to HR+/HER2- breast cancer pathways.",0.25,1.75
2,HR+/HER2- breast cancer,primekg,kg,llama3.3:70b,1,8,A,4,0.25,0,0,1,1,,kg,insufficient,2.0,"Drug-8 targets TACSTD2 and UGT1A1, but their connection to HR+/HER2- breast cancer is not well established.",0.375,1.875
2,Ulcerative colitis,primekg,kg,llama3.3:70b,0,8,C,1,1.0,1,1,1,1,,both,consistent,4.0,"Drug-6 targets IL23A, which is related to the disease-associated gene IL23R, providing a plausible mechanism for treating Ulcerative Colitis.",0.125,1.5
2,Ulcerative colitis,primekg,kg,llama3.3:70b,1,8,D,1,1.0,1,1,1,1,,both,consistent,5.0,"Drug-6 targets IL23A, which is closely related to the disease-associated gene IL23R, suggesting a potential therapeutic effect.",0.125,2.5
2,HER2-mutant NSCLC (PMDA),primekg,kg,llama3.3:70b,0,8,C,6,0.16666666666666666,0,0,0,1,,kg,insufficient,2.0,"Drug-8 targets a range of proteins including SLC47A2 and ABCC1, but the relevance to HER2-mutant NSCLC is unclear due to the lack of direct associations in the knowledge graph.",0.375,2.25
2,HER2-mutant NSCLC (PMDA),primekg,kg,llama3.3:70b,1,8,F,3,0.3333333333333333,0,1,1,1,,kg,insufficient,2.0,"Drug-8 targets a variety of proteins including transporters and enzymes, but the connection to HER2-mutant NSCLC is not clearly established.",0.375,1.5
2,Pediatric atopic dermatitis,primekg,kg,llama3.3:70b,0,8,G,1,1.0,1,1,1,1,,both,consistent,4.0,"Drug-8 targets JAK1, which is involved in immune response and inflammation, making it a plausible candidate for treating pediatric atopic dermatitis.",0.375,2.25
2,Pediatric atopic dermatitis,primekg,kg,llama3.3:70b,1,8,H,4,0.25,0,0,1,1,,both,insufficient,2.0,Drug-8 targets several enzymes and transporters but lacks specific evidence linking it to pediatric atopic dermatitis mechanisms.,0.5,2.25
2,HER2-mutant NSCLC (EMA),primekg,kg,llama3.3:70b,0,8,E,5,0.2,0,0,1,1,,prior,insufficient,2.0,"Drug-8 targets several genes, including SLC47A2 and ABCC1, but their relevance to HER2-mutant NSCLC (EMA) is unclear.",0.125,1.875
2,HER2-mutant NSCLC (EMA),primekg,kg,llama3.3:70b,1,8,B,2,0.5,0,1,1,1,,prior,insufficient,2.0,"Drug-8 targets multiple transporters and enzymes, yet its relevance to HER2-mutant NSCLC is unclear due to lack of direct associations.",0.0,1.625
2,IV formulation for rheumatic diseases (EMA),primekg,kg,llama3.3:70b,0,8,G,1,1.0,1,1,1,1,,both,consistent,5.0,"Drug-7 targets IL17A, a cytokine involved in inflammatory processes relevant to rheumatic diseases.",0.125,2.0
2,IV formulation for rheumatic diseases (EMA),primekg,kg,llama3.3:70b,1,8,A,1,1.0,1,1,1,1,,both,consistent,5.0,"Drug-7 targets IL17A, a cytokine involved in inflammatory responses, which is relevant to rheumatic diseases.",0.125,2.0
2,Resectable gastric/GEJ adenocarcinoma (neoadj+adj +FLOT),primekg,kg,llama3.3:70b,0,8,C,5,0.2,0,0,1,1,,prior,insufficient,1.0,"Without specific targets or mechanisms related to gastric adenocarcinoma, Drug-7's potential is speculative based on general immunomodulatory effects through CD274 targeting.",0.25,1.875
2,Resectable gastric/GEJ adenocarcinoma (neoadj+adj +FLOT),primekg,kg,llama3.3:70b,1,8,F,3,0.3333333333333333,0,1,1,1,,both,consistent,3.0,"Drug-7 targets CD274 (PD-L1), which is involved in immune evasion by cancer cells, suggesting potential for immunotherapy in treating Resectable gastric/GEJ adenocarcinoma.",0.5,2.125
2,Antibody-mediated rejection in organ transplantation,primekg,kg,llama3.3:70b,0,8,A,2,0.5,0,1,1,1,,prior,insufficient,2.0,"Drug-1 targets MS4A1, but without direct evidence linking this target to the disease, its potential is uncertain.",0.125,1.75
2,Antibody-mediated rejection in organ transplantation,primekg,kg,llama3.3:70b,1,8,D,1,1.0,1,1,1,1,,both,consistent,4.0,"Drug-1 targets MS4A1, which is related to immune cell function, making it a plausible candidate for treating antibody-mediated rejection.",0.375,1.875
2,RET-fusion NSCLC (expanded),primekg,kg,llama3.3:70b,0,8,G,1,1.0,1,1,1,1,,both,consistent,5.0,"Drug-8 directly targets RET, a crucial gene in RET-fusion NSCLC, making it the most plausible candidate.",0.125,1.75
2,RET-fusion NSCLC (expanded),primekg,kg,llama3.3:70b,1,8,F,8,0.125,0,0,0,1,,both,consistent,3.0,"Although Drug-8 is the most promising due to targeting RET, Drug-8's profile also includes targets like FLT4 and FGFR3 which might have indirect effects on cancer pathways.",0.25,1.875
2,EGPA,primekg,kg,llama3.3:70b,0,8,E,1,1.0,1,1,1,1,,both,consistent,4.0,"Drug-1 targets MS4A2 and FCER1A, which might be linked to immune system diseases like EGPA.",0.125,1.875
2,EGPA,primekg,kg,llama3.3:70b,1,8,E,1,1.0,1,1,1,1,,both,consistent,4.0,"Drug-1 targets MS4A2 and FCER1A, which are related to immune system function, making it a plausible candidate for EGPA.",0.125,2.0
2,HR+/HER2- metastatic breast cancer,primekg,kg,llama3.3:70b,0,8,E,5,0.2,0,0,1,1,,prior,insufficient,1.0,No information is available for Drug-6 to assess its relevance to HR+/HER2- metastatic breast cancer.,0.0,1.25
2,HR+/HER2- metastatic breast cancer,primekg,kg,llama3.3:70b,1,8,B,3,0.3333333333333333,0,1,1,1,,kg,consistent,2.0,"Drug-8 targets UGT1A1 and TOP1, which could imply some relevance to cancer treatment through DNA topoisomerase inhibition or metabolic pathways.",0.375,1.875
2,Primary humoral immunodeficiency pediatric 2-11yr,primekg,kg,llama3.3:70b,0,8,D,1,1.0,1,1,1,1,,both,consistent,5.0,"Drug-1 targets FCGR3A, a gene associated with the target disease, providing a direct mechanistic link.",0.125,1.875
2,Primary humoral immunodeficiency pediatric 2-11yr,primekg,kg,llama3.3:70b,1,8,F,1,1.0,1,1,1,1,,both,consistent,5.0,"Drug-1 targets FCGR3A, a gene associated with Primary humoral immunodeficiency pediatric 2-11yr, providing a strong mechanistic link.",0.125,1.75
2,Pediatric glioma (EMA),primekg,kg,llama3.3:70b,0,8,C,4,0.25,0,0,1,1,,prior,insufficient,2.0,"Drug-3 targets SLCO1B3 and SLC22A8, which are involved in drug transport, but its connection to Pediatric glioma (EMA) is unclear.",0.0,1.875
2,Pediatric glioma (EMA),primekg,kg,llama3.3:70b,1,8,B,1,1.0,1,1,1,1,,prior,insufficient,2.0,"Drug-3 is ranked first due to its broad range of targets which might indirectly influence tumor growth or survival pathways in Pediatric glioma (EMA), although no direct connection is known.",0.0,1.25
2,Juvenile idiopathic arthritis (EMA Feb 2026),primekg,kg,llama3.3:70b,0,8,E,9,0.1111111111111111,0,0,0,1,,,,,,1.0,4.0
2,Juvenile idiopathic arthritis (EMA Feb 2026),primekg,kg,llama3.3:70b,1,8,B,1,1.0,1,1,1,1,,both,consistent,4.0,"Drug-8 targets JAK1 and JAK3, which are crucial in immune response pathways relevant to Juvenile Idiopathic Arthritis.",0.125,1.625
2,Ph+ CML-CP after 2+ TKIs,primekg,kg,llama3.3:70b,0,8,C,7,0.14285714285714285,0,0,0,1,,prior,insufficient,1.0,"No information is provided about Drug-8's targets or mechanisms, making its potential effect on Ph+ CML-CP entirely speculative.",0.0,1.25
2,Ph+ CML-CP after 2+ TKIs,primekg,kg,llama3.3:70b,1,8,A,6,0.16666666666666666,0,0,0,1,,prior,insufficient,1.0,"Like Drug-6, no target information is available for Drug-8, leading to uncertainty about its potential effectiveness in Ph+ CML-CP.",0.0,1.75
2,KRAS G12C+ mCRC,primekg,kg,llama3.3:70b,0,8,B,1,1.0,1,1,1,1,,both,consistent,5.0,"Drug-8 directly targets KRAS, which is a key gene associated with KRAS G12C+ mCRC.",0.125,2.0
2,KRAS G12C+ mCRC,primekg,kg,llama3.3:70b,1,8,H,1,1.0,1,1,1,1,,both,consistent,5.0,"Drug-8 directly targets the KRAS gene, which is associated with the target disease.",0.125,1.625
2,HR+/HER2- early breast cancer (adjuvant),primekg,kg,llama3.3:70b,0,8,E,2,0.5,0,1,1,1,,prior,insufficient,3.0,"Drug-6 targets CDK4 and CDK6, which are involved in cell cycle progression, but its relevance to HR+/HER2- breast cancer is uncertain without further evidence.",0.125,2.125
2,HR+/HER2- early breast cancer (adjuvant),primekg,kg,llama3.3:70b,1,8,A,2,0.5,0,1,1,1,,kg,insufficient,3.0,"Drug-6 targets CDK4 and CDK6, which are involved in cell cycle progression but lacks direct association with HR+/HER2- breast cancer.",0.25,2.0
2,First-line anemia in lower-risk MDS,primekg,kg,llama3.3:70b,0,8,F,7,0.14285714285714285,0,0,0,1,,prior,insufficient,1.0,"Drug-7 lacks provided target information, preventing any informed speculation about its potential in treating anemia in MDS.",0.0,1.5
2,First-line anemia in lower-risk MDS,primekg,kg,llama3.3:70b,1,8,G,7,0.14285714285714285,0,0,0,1,,prior,insufficient,1.0,"No information about Drug-7's targets or effects is provided, rendering any judgment highly uncertain and speculative.",0.0,1.625
2,Follicular lymphoma (+obinutuzumab),primekg,kg,llama3.3:70b,0,8,C,2,0.5,0,1,1,1,,prior,insufficient,2.0,"Drug-8 targets several tyrosine kinases, some of which are involved in signaling pathways relevant to cancer cell proliferation.",0.0,1.5
2,Follicular lymphoma (+obinutuzumab),primekg,kg,llama3.3:70b,1,8,B,1,1.0,1,1,1,1,,prior,insufficient,3.0,Drug-8's targeting of various kinases could potentially disrupt signaling pathways involved in lymphoma cell proliferation and survival.,0.25,1.625
2,1L biliary tract cancer (+gemcitabine+cisplatin),primekg,kg,llama3.3:70b,0,8,E,5,0.2,0,0,1,1,,prior,insufficient,2.0,"Drug-6 targets PDCD1, which is involved in immune checkpoint regulation, but its relevance to biliary tract cancer treatment is unclear without further evidence.",0.25,2.125
2,1L biliary tract cancer (+gemcitabine+cisplatin),primekg,kg,llama3.3:70b,1,8,E,8,0.125,0,0,0,1,,prior,insufficient,1.0,"Drug-6 targets PDCD1, which is involved in immune checkpoint regulation, but without specific evidence linking it to biliary tract cancer treatment, its potential remains speculative.",0.0,1.25
2,"ALK+ solid tumors (tissue-agnostic, world-first)",primekg,kg,llama3.3:70b,0,8,F,1,1.0,1,1,1,1,,both,consistent,5.0,"Drug-8 directly targets ALK, which is associated with ALK+ solid tumors.",0.125,1.875
2,"ALK+ solid tumors (tissue-agnostic, world-first)",primekg,kg,llama3.3:70b,1,8,C,1,1.0,1,1,1,1,,both,consistent,5.0,"Drug-8 directly targets ALK, a crucial factor in ALK+ solid tumors, providing a clear mechanistic link to the disease.",0.375,1.75
2,Pediatric BRAF V600E low-grade glioma,primekg,kg,llama3.3:70b,0,8,D,4,0.25,0,0,1,1,,prior,insufficient,2.0,"Drug-5 has multiple targets including NEK11, SIK1, and several transporters and enzymes, yet lacks a clear mechanistic link to Pediatric BRAF V600E low-grade glioma.",0.0,1.625
2,Pediatric BRAF V600E low-grade glioma,primekg,kg,llama3.3:70b,1,8,E,6,0.16666666666666666,0,0,0,1,,prior,insufficient,1.0,"Drug-5 targets various proteins, but without specific knowledge graph evidence linking these targets to Pediatric BRAF V600E low-grade glioma, its potential effectiveness is highly uncertain.",0.0,1.625
2,Platinum-resistant ovarian carcinoma (PD-L1+ CPS≥1),primekg,kg,llama3.3:70b,0,8,G,1,1.0,1,1,1,1,,both,consistent,4.0,"Drug-8 targets PDCD1, which is closely related to PD-L1 and thus may have a direct impact on the disease.",0.125,1.625
2,Platinum-resistant ovarian carcinoma (PD-L1+ CPS≥1),primekg,kg,llama3.3:70b,1,8,H,1,1.0,1,1,1,1,,both,consistent,4.0,"Drug-8 targets PDCD1, which is related to the PD-L1+ status of the disease, making it a plausible candidate.",0.125,1.875
2,Ph+ CML-CP frontline (EMA Feb 2026),primekg,kg,llama3.3:70b,0,8,H,8,0.125,0,0,0,1,,prior,insufficient,1.0,"Drug-8 has no information regarding its targets, rendering its potential impact on Ph+ CML-CP frontline completely uncertain.",0.0,1.5
2,Ph+ CML-CP frontline (EMA Feb 2026),primekg,kg,llama3.3:70b,1,8,H,8,0.125,0,0,0,1,,prior,insufficient,1.0,"Drug-8 lacks any provided information on targets or mechanisms of action, rendering its assessment for Ph+ CML-CP impossible based on the given data.",0.125,1.5
2,Gastric/GEJ adenocarcinoma,primekg,kg,llama3.3:70b,0,8,A,2,0.5,0,1,1,1,,prior,insufficient,2.0,"Drug-8 targets CD274, which is involved in immune checkpoint regulation, but its direct link to Gastric/GEJ adenocarcinoma treatment is unclear.",0.0,1.25
2,Gastric/GEJ adenocarcinoma,primekg,kg,llama3.3:70b,1,8,B,1,1.0,1,1,1,1,,prior,insufficient,2.0,"Drug-8 targets CD274, which is involved in immune regulation, and although there's no direct link to Gastric/GEJ adenocarcinoma, immunotherapy has shown promise in various cancers.",0.375,1.25
2,Chronic lymphocytic leukemia,primekg,kg,llama3.3:70b,0,8,B,1,1.0,1,1,1,1,,both,consistent,4.0,"Drug-8 targets several kinases involved in B-cell signaling, which could be relevant to CLL treatment.",0.125,1.625
2,Chronic lymphocytic leukemia,primekg,kg,llama3.3:70b,1,8,B,1,1.0,1,1,1,1,,both,insufficient,3.0,"Drug-8 targets several kinases (TEC, TXK, BLK, FRK, ITK, BMX, PTK6) which could potentially impact signaling pathways relevant to leukemia, although direct connections to Chronic lymphocytic leukemia are not provided.",0.125,2.0
2,HER2+ early-stage BC (neoadjuvant + adjuvant),primekg,kg,llama3.3:70b,0,8,E,7,0.14285714285714285,0,0,0,1,,prior,insufficient,1.0,Drug-8 targets multiple genes involved in transport and metabolism but does not show a direct link to pathways relevant for HER2+ breast cancer treatment.,0.0,1.25
2,HER2+ early-stage BC (neoadjuvant + adjuvant),primekg,kg,llama3.3:70b,1,8,C,5,0.2,0,0,1,1,,prior,insufficient,2.0,"Drug-8 targets a range of proteins including transporters and enzymes, but without specific knowledge graph evidence linking it to HER2+ BC or its associated genes, its relevance is uncertain.",0.0,2.0
2,HR+/HER2-low breast cancer,primekg,kg,llama3.3:70b,0,8,F,6,0.16666666666666666,0,0,0,1,,both,consistent,3.0,Drug-8 targets SLCO1B3 and other transporters which might influence drug disposition in HR+/HER2-low breast cancer.,0.375,2.0
2,HR+/HER2-low breast cancer,primekg,kg,llama3.3:70b,1,8,E,5,0.2,0,0,1,1,,prior,insufficient,2.0,"Drug-8 targets various transporters, including SLCO1B3 and ABCC1, but its relevance to HR+/HER2-low breast cancer is uncertain due to lack of direct evidence.",0.5,2.25
2,"Pediatric low-grade glioma (+dabrafenib, BRAF V600E)",primekg,kg,llama3.3:70b,0,8,A,3,0.3333333333333333,0,1,1,1,,kg,insufficient,2.0,"Drug-7 targets various enzymes, but its profile in the knowledge graph does not clearly indicate a connection to Pediatric low-grade glioma.",0.5,1.75
2,"Pediatric low-grade glioma (+dabrafenib, BRAF V600E)",primekg,kg,llama3.3:70b,1,8,H,8,0.125,0,0,0,1,,prior,insufficient,1.0,"Drug-7 targets several enzymes involved in xenobiotic metabolism, but no clear link to the MAPK/ERK pathway or glioma treatment, although it does target UGT1A3 and CYP2C8 which may have some indirect effects.",0.0,1.25
2,Unresectable thymic carcinoma (PMDA),primekg,kg,llama3.3:70b,0,8,F,6,0.16666666666666666,0,0,0,1,,prior,insufficient,1.0,"Drug-7 targets various genes, but none of them are directly related to Unresectable thymic carcinoma (PMDA), making it a less plausible candidate.",0.0,1.25
2,Unresectable thymic carcinoma (PMDA),primekg,kg,llama3.3:70b,1,8,C,5,0.2,0,0,1,1,,prior,insufficient,1.0,"Drug-7 has a broad range of targets including AOX1 and several SLC transporters, but without specific evidence linking these to thymic carcinoma, its potential is highly uncertain.",0.0,1.5
2,BRAF+ thyroid cancer,primekg,kg,llama3.3:70b,0,8,H,1,1.0,1,1,1,1,,both,consistent,5.0,"Drug-7 directly targets BRAF, a crucial gene in BRAF+ thyroid cancer pathology.",0.125,1.75
2,BRAF+ thyroid cancer,primekg,kg,llama3.3:70b,1,8,H,1,1.0,1,1,1,1,,both,consistent,5.0,"Drug-7 directly targets BRAF, a key gene in BRAF+ thyroid cancer, providing a clear mechanistic link.",0.125,2.25
2,IDH1-mutated relapsed/refractory MDS,primekg,kg,llama3.3:70b,0,8,D,1,1.0,1,1,1,1,,both,consistent,5.0,"Drug-8 directly targets IDH1, which is mutated in the target disease, providing a strong mechanistic link.",0.125,1.875
2,IDH1-mutated relapsed/refractory MDS,primekg,kg,llama3.3:70b,1,8,E,1,1.0,1,1,1,1,,both,consistent,5.0,"Drug-8 directly targets IDH1, a key mutation in IDH1-mutated relapsed/refractory MDS.",0.125,2.25
2,Biliary tract cancer,primekg,kg,llama3.3:70b,0,8,E,4,0.25,0,0,1,1,,prior,insufficient,2.0,"Drug-8 targets PDCD1, which plays a role in immune checkpoint regulation, but without specific evidence linking it to Biliary tract cancer, its potential is uncertain.",0.25,1.625
2,Biliary tract cancer,primekg,kg,llama3.3:70b,1,8,A,7,0.14285714285714285,0,0,0,1,,both,consistent,4.0,"Drug-8 targets PDCD1, which is involved in immune checkpoint regulation, a mechanism relevant to cancer treatment, including potentially Biliary tract cancer.",0.5,2.125
2,"mCRC BRAF V600E (traditional approval, was accelerated)",primekg,kg,llama3.3:70b,0,8,B,1,1.0,1,1,1,1,,both,consistent,5.0,"Drug-7 targets BRAF, a crucial gene mutation in mCRC BRAF V600E, providing a strong mechanistic link to the disease.",0.125,2.0
2,"mCRC BRAF V600E (traditional approval, was accelerated)",primekg,kg,llama3.3:70b,1,8,G,1,1.0,1,1,1,1,,both,consistent,5.0,"Drug-7 targets BRAF, a key mutation in mCRC BRAF V600E, providing a direct mechanistic link to the disease.",0.125,1.75
2,Gastric/GEJ adenocarcinoma (1L +chemo),primekg,kg,llama3.3:70b,0,8,G,1,1.0,1,1,1,1,,both,consistent,4.0,"Drug-6 targets CD274, which is involved in immune checkpoint regulation, a plausible mechanism for treating cancer.",0.25,2.125
2,Gastric/GEJ adenocarcinoma (1L +chemo),primekg,kg,llama3.3:70b,1,8,D,6,0.16666666666666666,0,0,0,1,,both,consistent,3.0,"Drug-6 targets CD274 (PD-L1), a checkpoint protein involved in immune evasion by cancer cells, suggesting potential utility in immunotherapy approaches for Gastric/GEJ adenocarcinoma.",0.25,1.5
2,Chorea associated with Huntington's disease,drkg,kg,llama3.3:70b,0,8,C,6,0.16666666666666666,0,0,0,1,,prior,insufficient,1.0,"Drug-8's profile lacks direct connections to the biological processes underlying Chorea associated with Huntington's disease, leading to uncertainty about its potential effectiveness.",0.375,1.875
2,Chorea associated with Huntington's disease,drkg,kg,llama3.3:70b,1,8,C,5,0.2,0,0,1,1,,prior,insufficient,1.0,Drug-8's primary interactions with cytochrome P450 enzymes do not suggest a direct link to the pathology of Huntington's disease.,0.125,1.75
2,Chronic thromboembolic pulmonary hypertension,drkg,kg,llama3.3:70b,0,8,D,1,1.0,1,1,1,1,,both,consistent,4.0,Drug-7's inhibition of coagulation factors F10 and F2 aligns with potential therapeutic mechanisms for treating Chronic thromboembolic pulmonary hypertension.,1.0,4.0
2,Chronic thromboembolic pulmonary hypertension,drkg,kg,llama3.3:70b,1,8,F,2,0.5,0,1,1,1,,prior,insufficient,3.0,"Drug-7's anticoagulant properties could be beneficial in a thromboembolic condition, though direct evidence is lacking.",0.375,1.75
2,Indolent systemic mastocytosis,drkg,kg,llama3.3:70b,0,8,A,7,0.14285714285714285,0,0,0,1,,prior,insufficient,1.0,"No information is provided for Drug-8, making its assessment purely speculative.",0.125,2.125
2,Indolent systemic mastocytosis,drkg,kg,llama3.3:70b,1,8,D,8,0.125,0,0,0,1,,prior,insufficient,1.0,"Lacking any specific details on its mechanism or targets relevant to mastocytosis, Drug-8 remains a completely uncertain candidate for treatment.",0.125,1.75
2,EGPA (expanded),drkg,kg,llama3.3:70b,0,8,D,1,1.0,1,1,1,1,,both,consistent,4.0,"Drug-8 targets IL5RA, which is related to the disease-associated gene IL5, providing a plausible mechanism for treating EGPA.",0.25,1.875
2,EGPA (expanded),drkg,kg,llama3.3:70b,1,8,E,2,0.5,0,1,1,1,,both,consistent,3.0,"Drug-8 targets IL5RA, which is related to the EGPA-associated gene IL5, suggesting potential therapeutic relevance.",0.25,1.75
2,Invasive fungal infections pediatric ≥2yr,drkg,kg,llama3.3:70b,0,8,D,1,1.0,1,1,1,1,,both,consistent,4.0,Drug-4's interaction with CYP3A4 suggests potential relevance to antifungal drug metabolism.,0.25,1.75
2,Invasive fungal infections pediatric ≥2yr,drkg,kg,llama3.3:70b,1,8,E,6,0.16666666666666666,0,0,0,1,,prior,insufficient,1.0,Drug-4's interactions with enzymes and transporters involved in drug metabolism do not clearly relate to antifungal activity or treatment of invasive fungal infections.,0.5,1.5
2,PKU expanded to ≥12yr,drkg,kg,llama3.3:70b,0,8,A,8,0.125,0,0,0,1,,prior,insufficient,1.0,"Drug-8 lacks any provided evidence or known mechanism that would suggest its use in treating PKU, making its potential highly uncertain.",0.375,1.375
2,PKU expanded to ≥12yr,drkg,kg,llama3.3:70b,1,8,E,7,0.14285714285714285,0,0,0,1,,prior,insufficient,1.0,"No information is provided for Drug-8, making it impossible to assess its mechanistic plausibility for treating PKU.",0.0,1.375
2,Nephrotic syndrome,drkg,kg,llama3.3:70b,0,8,C,4,0.25,0,0,1,1,,prior,insufficient,1.0,"Drug-1's inhibition of MS4A1 and targeting of XIAP could imply immunomodulatory effects, but its relevance to Nephrotic syndrome is unclear.",0.125,1.125
2,Nephrotic syndrome,drkg,kg,llama3.3:70b,1,8,F,6,0.16666666666666666,0,0,0,1,,prior,insufficient,1.0,"Drug-1's inhibition of MS4A1 and targeting of XIAP, ABCB1, and TP53 could have implications for various diseases but lacks direct connection to Nephrotic syndrome mechanisms.",0.0,1.25
2,HR+/HER2- node-positive high-risk early breast cancer,drkg,kg,llama3.3:70b,0,8,F,1,1.0,1,1,1,1,,both,consistent,5.0,"Drug-7 inhibits CDK4 and CDK6, key regulators of the cell cycle that are often dysregulated in breast cancer.",0.125,1.625
2,HR+/HER2- node-positive high-risk early breast cancer,drkg,kg,llama3.3:70b,1,8,F,1,1.0,1,1,1,1,,both,consistent,5.0,"Drug-7 inhibits CDK4 and CDK6, which are key regulators of cell cycle progression and have been implicated in breast cancer.",0.5,2.0
2,Retinopathy of prematurity,drkg,kg,llama3.3:70b,0,8,C,1,1.0,1,1,1,1,,both,consistent,4.0,Drug-7's inhibition of VEGFA and KDR suggests a plausible mechanism for treating Retinopathy of Prematurity by potentially modulating pathological angiogenesis.,0.125,1.875
2,Retinopathy of prematurity,drkg,kg,llama3.3:70b,1,8,G,1,1.0,1,1,1,1,,both,consistent,4.0,"Drug-7's inhibition of VEGFA, a key factor in angiogenesis, aligns with the pathophysiology of Retinopathy of Prematurity.",0.125,1.75
2,Agitation associated with Alzheimer's dementia,drkg,kg,llama3.3:70b,0,8,A,1,1.0,1,1,1,1,,both,consistent,4.0,Drug-6's activation of HTR1A and inhibition of HTR2A suggest potential benefits in regulating mood and agitation.,0.375,2.0
2,Agitation associated with Alzheimer's dementia,drkg,kg,llama3.3:70b,1,8,D,1,1.0,1,1,1,1,,both,consistent,5.0,Drug-6's action on serotonin receptors aligns with known treatments for agitation in Alzheimer's dementia.,0.25,2.125
2,LDL-C elevation in statin-intolerant dyslipidemia,drkg,kg,llama3.3:70b,0,8,B,1,1.0,1,1,1,1,,both,consistent,4.0,"Drug-8 targets PPARA, which is involved in lipid metabolism and could potentially help in managing LDL-C elevation.",0.125,1.5
2,LDL-C elevation in statin-intolerant dyslipidemia,drkg,kg,llama3.3:70b,1,8,A,1,1.0,1,1,1,1,,both,consistent,5.0,"Drug-8 targets PPARA, which is involved in lipid metabolism and may help reduce LDL-C levels.",0.125,2.0
2,First-line anemia in lower-risk MDS,drkg,kg,llama3.3:70b,0,8,C,8,0.125,0,0,0,1,,prior,insufficient,1.0,"No information is provided for Drug-8, making any assessment of its potential for treating anemia in MDS entirely speculative and thus ranked last.",0.25,1.625
2,First-line anemia in lower-risk MDS,drkg,kg,llama3.3:70b,1,8,A,8,0.125,0,0,0,1,,prior,insufficient,1.0,"No information is available for Drug-8, making its potential efficacy completely uncertain.",0.0,1.5
2,"Crohn's disease (moderate-severe, refractory)",drkg,kg,llama3.3:70b,0,8,H,8,0.125,0,0,0,1,,both,consistent,4.0,"Drug-7 directly targets IL23A, a cytokine implicated in inflammatory bowel diseases like Crohn's disease, making it the most plausible candidate based on the provided evidence.",0.25,2.0
2,"Crohn's disease (moderate-severe, refractory)",drkg,kg,llama3.3:70b,1,8,D,1,1.0,1,1,1,1,,both,consistent,5.0,"Drug-7 targets IL23A, a cytokine involved in inflammatory responses relevant to Crohn's disease.",0.125,2.125
2,COVID-19 in severe renal impairment/dialysis,drkg,kg,llama3.3:70b,0,8,D,7,0.14285714285714285,0,0,0,1,,prior,insufficient,1.0,"Drug-8 lacks provided knowledge-graph evidence, making it difficult to assess its mechanistic plausibility for treating COVID-19 in severe renal impairment.",0.625,1.875
2,COVID-19 in severe renal impairment/dialysis,drkg,kg,llama3.3:70b,1,8,A,7,0.14285714285714285,0,0,0,1,,prior,insufficient,1.0,"No evidence is provided for Drug-8, making its ranking uncertain.",0.5,1.625
2,MASH with fibrosis,drkg,kg,llama3.3:70b,0,8,E,2,0.5,0,1,1,1,,both,consistent,3.0,"Drug-8 targets GLP1R, which has been implicated in anti-fibrotic effects, although the direct link to MASH with fibrosis is less clear.",0.75,1.875
2,MASH with fibrosis,drkg,kg,llama3.3:70b,1,8,H,7,0.14285714285714285,0,0,0,1,,prior,insufficient,1.0,"Drug-8's activation of GCG and targeting GLP1R does not directly relate to known mechanisms of MASH with fibrosis, based on the information given.",0.625,1.875
2,Pancreatic NET,drkg,kg,llama3.3:70b,0,8,D,2,0.5,0,1,1,1,,both,consistent,4.0,"Drug-8's inhibition of multiple kinases, including AXL and MET, may interfere with tumor growth and angiogenesis in Pancreatic NET.",0.625,2.25
2,Pancreatic NET,drkg,kg,llama3.3:70b,1,8,A,1,1.0,1,1,1,1,,both,consistent,4.0,Drug-8 inhibits multiple kinases that could be involved in cancer pathways relevant to Pancreatic NET.,0.5,1.75
2,Retinal vein occlusion,drkg,kg,llama3.3:70b,0,8,F,5,0.2,0,0,1,1,,prior,insufficient,1.0,"No information is available for Drug-8, making it impossible to assess its potential for treating retinal vein occlusion.",0.625,1.875
2,Retinal vein occlusion,drkg,kg,llama3.3:70b,1,8,D,6,0.16666666666666666,0,0,0,1,,prior,insufficient,1.0,"No information is provided for Drug-8, but since there's no data on Drug-5 or Drug-4 directly linking them to Retinal vein occlusion through relevant targets, they are ranked lower due to lack of direct connection.",0.375,1.5
2,Cerebral folate transport deficiency,drkg,kg,llama3.3:70b,0,8,A,3,0.3333333333333333,0,1,1,1,,kg,conflicting,1.0,Drug-1's profile shows associations with various targets and transporters but does not provide a clear mechanistic link to the disease.,0.375,1.125
2,Cerebral folate transport deficiency,drkg,kg,llama3.3:70b,1,8,D,2,0.5,0,1,1,1,,prior,insufficient,3.0,"While there is no direct evidence from the knowledge graph, Drug-1's interactions with transporters and enzymes involved in amino acid metabolism might indirectly affect folate transport.",0.5,2.0
2,ILD-associated pulmonary hypertension,drkg,kg,llama3.3:70b,0,8,D,7,0.14285714285714285,0,0,0,1,,prior,insufficient,1.0,Drug-3's activation of various PTGER receptors and other targets does not provide a clear mechanistic link to the therapeutic modulation of ILD-associated pulmonary hypertension without additional context or evidence.,0.25,1.875
2,ILD-associated pulmonary hypertension,drkg,kg,llama3.3:70b,1,8,A,9,0.1111111111111111,0,0,0,1,,,,,,1.0,4.0
2,Indolent systemic mastocytosis (EMA),drkg,kg,llama3.3:70b,0,8,E,5,0.2,0,0,1,1,,prior,insufficient,1.0,"No information is provided about Drug-8, making it impossible to assess its potential for treating Indolent systemic mastocytosis.",0.25,1.5
2,Indolent systemic mastocytosis (EMA),drkg,kg,llama3.3:70b,1,8,E,6,0.16666666666666666,0,0,0,1,,prior,insufficient,1.0,"No provided evidence links Drug-8 to mastocytosis, making any assessment of its potential entirely speculative and uncertain.",0.375,2.0
2,CRSwNP (eosinophilic chronic rhinosinusitis with nasal polyps),drkg,kg,llama3.3:70b,0,8,D,7,0.14285714285714285,0,0,0,1,,prior,insufficient,1.0,"No evidence is provided for Drug-8, making its potential efficacy in treating CRSwNP completely uncertain.",0.375,2.25
2,CRSwNP (eosinophilic chronic rhinosinusitis with nasal polyps),drkg,kg,llama3.3:70b,1,8,C,7,0.14285714285714285,0,0,0,1,,prior,insufficient,1.0,"No information is provided for Drug-8, making it impossible to assess its potential efficacy for CRSwNP based on the given data.",0.375,2.25
2,Chronic hepatitis B (pediatric),drkg,kg,llama3.3:70b,0,8,C,6,0.16666666666666666,0,0,0,1,,kg,insufficient,1.0,Drug-8's targets as listed do not provide a clear mechanistic link to the treatment of chronic hepatitis B.,0.25,1.5
2,Chronic hepatitis B (pediatric),drkg,kg,llama3.3:70b,1,8,D,4,0.25,0,0,1,1,,prior,insufficient,1.0,Drug-5's activation of opioid receptors and binding to CYP enzymes does not provide a clear mechanistic link to treating Chronic hepatitis B (pediatric).,0.0,1.375
2,HoFH in children,drkg,kg,llama3.3:70b,0,8,D,6,0.16666666666666666,0,0,0,1,,prior,insufficient,1.0,"No evidence is provided for Drug-8, making it difficult to assess its potential effectiveness in treating HoFH.",0.25,1.75
2,HoFH in children,drkg,kg,llama3.3:70b,1,8,F,6,0.16666666666666666,0,0,0,1,,prior,insufficient,1.0,"No information is provided about Drug-8's targets or mechanisms, making it impossible to assess its relevance to HoFH.",0.125,1.625
2,Biliary tract cancer 1L,drkg,kg,llama3.3:70b,0,8,H,1,1.0,1,1,1,1,,both,consistent,4.0,"Drug-8 targets CD274 and CD80, which could modulate immune responses relevant to cancer treatment.",0.625,1.875
2,Biliary tract cancer 1L,drkg,kg,llama3.3:70b,1,8,E,1,1.0,1,1,1,1,,both,consistent,4.0,"Drug-8 targets CD274 and CD80, which are involved in immune checkpoint regulation, a potential therapeutic strategy for Biliary tract cancer 1L.",0.625,1.875
2,Diabetic retinopathy/DME (EMA Mar+May 2026),drkg,kg,llama3.3:70b,0,8,F,8,0.125,0,0,0,1,,prior,insufficient,1.0,"No data is available for Drug-8, making it impossible to evaluate its mechanistic plausibility for diabetic retinopathy.",0.0,1.25
2,Diabetic retinopathy/DME (EMA Mar+May 2026),drkg,kg,llama3.3:70b,1,8,A,5,0.2,0,0,1,1,,prior,insufficient,1.0,"No information is available for Drug-8, making it impossible to assess its potential for Diabetic retinopathy/DME.",0.375,1.875
2,Spinal muscular atrophy (pediatric expansion),drkg,kg,llama3.3:70b,0,8,G,7,0.14285714285714285,0,0,0,1,,prior,insufficient,1.0,"No information is provided for Drug-8, making it impossible to assess its potential for treating SMA.",0.625,1.875
2,Spinal muscular atrophy (pediatric expansion),drkg,kg,llama3.3:70b,1,8,H,8,0.125,0,0,0,1,,prior,insufficient,1.0,"No information is provided for Drug-8, making it impossible to assess its mechanistic plausibility for treating SMA.",0.375,2.125
2,High LDL-C with increased CV risk (expanded),drkg,kg,llama3.3:70b,0,8,F,7,0.14285714285714285,0,0,0,1,,prior,insufficient,1.0,"No evidence was provided for Drug-5, making it impossible to assess its potential efficacy for High LDL-C with increased CV risk.",0.25,1.875
2,High LDL-C with increased CV risk (expanded),drkg,kg,llama3.3:70b,1,8,F,8,0.125,0,0,0,1,,prior,insufficient,1.0,"No information is available for Drug-8, making its ranking uncertain.",0.125,1.625
2,Polycythaemia vera and essential thrombocytopenia,drkg,kg,llama3.3:70b,0,8,F,1,1.0,1,1,1,1,,both,consistent,4.0,Drug-1's activation of IFNAR1 and IFNAR2 provides a plausible mechanistic link to modulating immune responses potentially relevant to Polycythaemia vera and essential thrombocytopenia.,0.5,1.5
2,Polycythaemia vera and essential thrombocytopenia,drkg,kg,llama3.3:70b,1,8,E,1,1.0,1,1,1,1,,both,consistent,4.0,Drug-1's activation of IFNAR2 and IFNAR1 may indirectly influence the disease through immune modulation related to genes like IL11 and IFNA2.,0.125,1.875
2,Hidradenitis suppurativa,drkg,kg,llama3.3:70b,0,8,H,1,1.0,1,1,1,1,,prior,insufficient,4.0,"Drug-6 inhibits IL17A, which is involved in inflammation and may be relevant to Hidradenitis suppurativa.",0.25,1.75
2,Hidradenitis suppurativa,drkg,kg,llama3.3:70b,1,8,C,1,1.0,1,1,1,1,,both,consistent,4.0,"Drug-6 inhibits IL17A, which is involved in inflammatory processes potentially relevant to Hidradenitis suppurativa.",0.125,1.875
2,Acute HCV pediatric,drkg,kg,llama3.3:70b,0,8,B,4,0.25,0,0,1,1,,kg,insufficient,2.0,"Drug-8's targets include several transporters and enzymes, but without direct evidence linking these to HCV treatment mechanisms.",0.5,2.0
2,Acute HCV pediatric,drkg,kg,llama3.3:70b,1,8,G,4,0.25,0,0,1,1,,prior,insufficient,2.0,"Drug-8 targets transporters and enzymes involved in drug metabolism, which could have indirect effects on viral infections but lacks direct evidence for HCV.",0.0,1.75
2,CKD in T2D,drkg,kg,llama3.3:70b,0,8,G,1,1.0,1,1,1,1,,both,consistent,4.0,Drug-8's activation of GCG suggests a potential beneficial effect on glucose metabolism and possibly renal function in T2D patients.,0.375,1.875
2,CKD in T2D,drkg,kg,llama3.3:70b,1,8,G,1,1.0,1,1,1,1,,both,consistent,4.0,Drug-8's activation of GCG is a plausible mechanism for treating CKD in T2D given its role in glucose metabolism.,0.375,2.0
2,BRAF V600E metastatic NSCLC,drkg,kg,llama3.3:70b,0,8,F,1,1.0,1,1,1,1,,both,consistent,5.0,"Drug-7 directly inhibits BRAF, a crucial element in the BRAF V600E metastatic NSCLC pathway.",0.25,1.75
2,BRAF V600E metastatic NSCLC,drkg,kg,llama3.3:70b,1,8,A,1,1.0,1,1,1,1,,both,consistent,5.0,"Drug-7 directly inhibits BRAF, a primary target in BRAF V600E metastatic NSCLC.",0.25,1.75
2,Retinal vein occlusion,drkg,kg,llama3.3:70b,0,8,F,6,0.16666666666666666,0,0,0,1,,prior,insufficient,1.0,"No information is provided about Drug-8's targets or mechanisms, making its plausibility uncertain.",0.25,1.875
2,Retinal vein occlusion,drkg,kg,llama3.3:70b,1,8,F,8,0.125,0,0,0,1,,prior,insufficient,1.0,"No information was provided for Drug-8, making it impossible to assess its potential impact on Retinal vein occlusion.",0.375,1.75
2,Agitation associated with Alzheimer's dementia,drkg,kg,llama3.3:70b,0,8,A,6,0.16666666666666666,0,0,0,1,,prior,insufficient,1.0,"There is no clear connection between Drug-3's targets and the pathophysiology of agitation in Alzheimer's dementia, making its potential effectiveness highly speculative.",0.375,1.625
2,Agitation associated with Alzheimer's dementia,drkg,kg,llama3.3:70b,1,8,B,3,0.3333333333333333,0,1,1,1,,prior,insufficient,2.0,"While Drug-3 targets various proteins, none are directly linked to Alzheimer's disease or agitation in the provided knowledge graph, requiring reliance on prior knowledge of potential off-target effects.",0.25,1.875
2,Heterozygous familial hypercholesterolemia,drkg,kg,llama3.3:70b,0,8,F,8,0.125,0,0,0,1,,prior,insufficient,1.0,No specific targets or mechanisms are provided for Drug-5 to assess its relevance to Heterozygous familial hypercholesterolemia beyond general knowledge.,0.125,1.625
2,Heterozygous familial hypercholesterolemia,drkg,kg,llama3.3:70b,1,8,C,1,1.0,1,1,1,1,,both,consistent,5.0,"Drug-7 inhibits PCSK9, a key protein in cholesterol metabolism, making it highly relevant for treating Heterozygous familial hypercholesterolemia.",0.125,1.5
2,Acquired hypofibrinogenemia in cardiovascular surgery,drkg,kg,llama3.3:70b,0,8,B,5,0.2,0,0,1,1,,prior,insufficient,1.0,"No information is provided about Drug-6, making it impossible to assess its potential for treating the disease.",0.25,1.125
2,Acquired hypofibrinogenemia in cardiovascular surgery,drkg,kg,llama3.3:70b,1,8,E,5,0.2,0,0,1,1,,prior,insufficient,1.0,"No evidence is provided for Drug-6, making it impossible to assess its mechanistic plausibility.",0.0,1.125
2,Crohn's disease,drkg,kg,llama3.3:70b,0,8,H,1,1.0,1,1,1,1,,both,consistent,4.0,Drug-8's inhibition of JAK1 aligns with the therapeutic strategy of targeting inflammatory pathways in Crohn's disease.,0.25,2.0
2,Crohn's disease,drkg,kg,llama3.3:70b,1,8,H,2,0.5,0,1,1,1,,both,consistent,3.0,"Drug-8 inhibits JAK1, which is involved in inflammatory signaling pathways relevant to Crohn's disease.",0.25,1.875
2,COVID-19 updated strain,drkg,kg,llama3.3:70b,0,8,E,8,0.125,0,0,0,1,,prior,insufficient,1.0,"No evidence is provided for Drug-8, making it impossible to assess its mechanistic plausibility.",0.25,1.625
2,COVID-19 updated strain,drkg,kg,llama3.3:70b,1,8,B,7,0.14285714285714285,0,0,0,1,,prior,insufficient,1.0,"No information is provided for Drug-8, making it impossible to assess its potential efficacy against COVID-19.",0.375,1.875
2,HoFH pediatric (EMA),drkg,kg,llama3.3:70b,0,8,D,3,0.3333333333333333,0,1,1,1,,prior,insufficient,1.0,"No evidence is provided for Drug-8, making it impossible to assess its mechanistic plausibility for treating HoFH.",0.5,1.75
2,HoFH pediatric (EMA),drkg,kg,llama3.3:70b,1,8,F,6,0.16666666666666666,0,0,0,1,,prior,insufficient,1.0,"No information is provided for Drug-8, making it impossible to assess its mechanistic plausibility for HoFH treatment.",0.375,1.625
2,Primary mediastinal large B-cell lymphoma,drkg,kg,llama3.3:70b,0,8,B,1,1.0,1,1,1,1,,both,consistent,4.0,"Drug-7's inhibition of PDCD1 and targeting of genes involved in DNA repair (MSH2, MSH3, MLH1) suggests potential for immunomodulation and genomic stability, relevant to lymphoma treatment.",0.25,1.875
2,Primary mediastinal large B-cell lymphoma,drkg,kg,llama3.3:70b,1,8,D,1,1.0,1,1,1,1,,both,consistent,4.0,Drug-7's inhibition of PDCD1 provides a plausible mechanism for treating Primary mediastinal large B-cell lymphoma through immunotherapy.,0.625,1.75
2,TRD monotherapy,drkg,kg,llama3.3:70b,0,8,G,2,0.5,0,1,1,1,,both,consistent,3.0,"Drug-5's targeting of glutamate receptors may be relevant to treating TRD, given the involvement of glutamatergic systems in depression.",0.25,1.875
2,TRD monotherapy,drkg,kg,llama3.3:70b,1,8,B,2,0.5,0,1,1,1,,prior,insufficient,3.0,"While Drug-5 targets NTRK2, which is involved in neural signaling, the lack of direct evidence linking it to TRD monotherapy reduces confidence.",0.25,2.0
2,Reduce MACE in CVD + obesity/overweight,drkg,kg,llama3.3:70b,0,8,E,1,1.0,1,1,1,1,,both,consistent,4.0,"Drug-7's activation of GCG and targeting of GLP1R suggests potential benefits for cardiovascular health and metabolic regulation, aligning with the treatment of CVD + obesity/overweight.",0.375,1.875
2,Reduce MACE in CVD + obesity/overweight,drkg,kg,llama3.3:70b,1,8,E,1,1.0,1,1,1,1,,both,consistent,4.0,Drug-7's action on GCG and GLP1R suggests a potential benefit for cardiovascular health and glucose metabolism.,0.125,2.0
2,Allergic fungal rhinosinusitis (AFRS) ≥6yr,drkg,kg,llama3.3:70b,0,8,D,1,1.0,1,1,1,1,,both,consistent,4.0,"Drug-8 targets IL4R, a key receptor in allergic responses, providing a clear mechanistic link to AFRS.",0.375,2.0
2,Allergic fungal rhinosinusitis (AFRS) ≥6yr,drkg,kg,llama3.3:70b,1,8,H,1,1.0,1,1,1,1,,both,consistent,4.0,"Drug-8 targets IL4R, which plays a role in allergic responses, making it a plausible candidate for treating AFRS.",0.625,2.0
2,Measles prophylaxis post-exposure,drkg,kg,llama3.3:70b,0,8,C,1,1.0,1,1,1,1,,both,consistent,4.0,"Drug-1 targets FCGR receptors, which are involved in immune response and could potentially play a role in measles prophylaxis.",0.25,1.5
2,Measles prophylaxis post-exposure,drkg,kg,llama3.3:70b,1,8,C,2,0.5,0,1,1,1,,both,consistent,3.0,"Drug-1's targeting of Fc gamma receptors could potentially influence antibody-mediated responses, which might be relevant for measles prophylaxis post-exposure.",0.375,1.75
2,Obstructive sleep apnea with obesity,drkg,kg,llama3.3:70b,0,8,B,5,0.2,0,0,1,1,,prior,insufficient,1.0,"No knowledge graph evidence is available for Drug-8, making it difficult to assess its mechanistic plausibility for treating obstructive sleep apnea with obesity.",0.5,1.875
2,Obstructive sleep apnea with obesity,drkg,kg,llama3.3:70b,1,8,G,9,0.1111111111111111,0,0,0,1,,,,,,1.0,4.0
2,HER2+ solid tumors (tumor-agnostic),drkg,kg,llama3.3:70b,0,8,C,7,0.14285714285714285,0,0,0,1,,kg,conflicting,1.0,"Drug-8 targets FCGR1A and TOP1, but these do not clearly align with the primary pathways for treating HER2+ solid tumors, suggesting a potential mismatch.",0.5,1.75
2,HER2+ solid tumors (tumor-agnostic),drkg,kg,llama3.3:70b,1,8,H,5,0.2,0,0,1,1,,prior,insufficient,2.0,Drug-8's targets do not directly relate to known mechanisms for treating HER2+ solid tumors.,0.5,2.0
2,Heart failure (broadened),drkg,kg,llama3.3:70b,0,8,B,6,0.16666666666666666,0,0,0,1,,kg,insufficient,1.0,Drug-8's binding to various transporters and enzymes does not provide a clear mechanistic link to heart failure.,0.375,1.875
2,Heart failure (broadened),drkg,kg,llama3.3:70b,1,8,F,7,0.14285714285714285,0,0,0,1,,prior,insufficient,1.0,Drug-8's profile lacks clear connections to heart failure mechanisms based on the provided information.,0.75,2.375
2,GVHD + pediatric,drkg,kg,llama3.3:70b,0,8,B,9,0.1111111111111111,0,0,0,1,,,,,,1.0,4.0
2,GVHD + pediatric,drkg,kg,llama3.3:70b,1,8,C,9,0.1111111111111111,0,0,0,1,,,,,,1.0,4.0
2,COVID-19 (expanded population),drkg,kg,llama3.3:70b,0,8,A,7,0.14285714285714285,0,0,0,1,,prior,insufficient,1.0,"Drug-8 lacks provided evidence, making it impossible to assess its mechanistic plausibility for COVID-19 treatment based on the given information.",0.375,1.875
2,COVID-19 (expanded population),drkg,kg,llama3.3:70b,1,8,H,8,0.125,0,0,0,1,,prior,insufficient,1.0,"No information was provided for Drug-8, making its assessment for COVID-19 treatment impossible.",0.5,1.875
2,Delay T1D onset in children ≥1yr,drkg,kg,llama3.3:70b,0,8,C,8,0.125,0,0,0,1,,prior,insufficient,1.0,"Drug-6 lacks any provided evidence or known mechanism that could be linked to delaying T1D onset, making its assessment purely speculative.",0.125,1.625
2,Delay T1D onset in children ≥1yr,drkg,kg,llama3.3:70b,1,8,C,8,0.125,0,0,0,1,,prior,insufficient,1.0,"No information is available for Drug-6, making it impossible to assess its potential for delaying T1D onset.",0.375,2.125
2,BRAF+ thyroid cancer,drkg,kg,llama3.3:70b,0,8,A,1,1.0,1,1,1,1,,both,consistent,5.0,"Drug-8 inhibits MAP2K1 and MAP2K2, key components of the MAPK pathway implicated in BRAF+ thyroid cancer.",0.125,2.0
2,BRAF+ thyroid cancer,drkg,kg,llama3.3:70b,1,8,B,1,1.0,1,1,1,1,,both,consistent,5.0,Drug-8's inhibition of MAP2K1 and MAP2K2 aligns with the disease's reliance on the MAPK/ERK pathway.,0.25,1.625
2,Chronic kidney disease,drkg,kg,llama3.3:70b,0,8,E,1,1.0,1,1,1,1,,both,consistent,4.0,"Drug-6's inhibition of SLC5A2 and targeting of INS may relate to glucose regulation, potentially benefiting chronic kidney disease management.",0.375,2.0
2,Chronic kidney disease,drkg,kg,llama3.3:70b,1,8,A,1,1.0,1,1,1,1,,both,consistent,4.0,"Drug-6 targets INS and inhibits SLC5A2, which are related to glucose metabolism and could be beneficial in treating CKD complications such as diabetic nephropathy.",0.375,2.0
2,IgG4-related disease,drkg,kg,llama3.3:70b,0,8,F,6,0.16666666666666666,0,0,0,1,,prior,insufficient,1.0,"No information was provided for Drug-8, making it impossible to assess its mechanistic plausibility.",0.375,1.625
2,IgG4-related disease,drkg,kg,llama3.3:70b,1,8,E,7,0.14285714285714285,0,0,0,1,,prior,insufficient,1.0,"No information is provided about Drug-8's targets or mechanisms, making it impossible to assess its potential effectiveness for IgG4-related disease.",0.625,1.875
2,Oral tablet formulation for weight management,drkg,kg,llama3.3:70b,0,8,F,1,1.0,1,1,1,1,,both,consistent,4.0,Drug-8's activation of GCG and targeting of GLP1R suggests a potential role in glucose metabolism and weight management.,0.25,1.875
2,Oral tablet formulation for weight management,drkg,kg,llama3.3:70b,1,8,B,1,1.0,1,1,1,1,,both,consistent,5.0,Drug-8's activation of GCG and targeting of GLP1R aligns with established mechanisms for weight management.,0.125,1.75
2,Follicular lymphoma,drkg,kg,llama3.3:70b,0,8,E,3,0.3333333333333333,0,1,1,1,,prior,insufficient,1.0,"No evidence was provided for Drug-8, making it difficult to assess its potential for treating Follicular lymphoma.",0.375,2.0
2,Follicular lymphoma,drkg,kg,llama3.3:70b,1,8,B,1,1.0,1,1,1,1,,prior,insufficient,1.0,"No evidence was provided for Drug-8, making it impossible to assess its plausibility.",0.75,2.625
2,Palmoplantar pustulosis (PMDA),drkg,kg,llama3.3:70b,0,8,H,1,1.0,1,1,1,1,,both,consistent,4.0,"Drug-8 targets IL23A, which is implicated in inflammatory skin diseases, making it a plausible candidate for palmoplantar pustulosis.",0.375,1.875
2,Palmoplantar pustulosis (PMDA),drkg,kg,llama3.3:70b,1,8,G,2,0.5,0,1,1,1,,both,consistent,4.0,"Drug-8 targets IL23A, and given IL-23's role in inflammatory diseases like psoriasis, it may have a mechanistic plausibility for PMDA.",0.5,2.0
2,Acquired hypothalamic obesity,drkg,kg,llama3.3:70b,0,8,H,1,1.0,1,1,1,1,,both,consistent,5.0,"Drug-6 is the most promising candidate due to its activation of MC4R, a gene directly associated with Acquired hypothalamic obesity.",0.125,1.75
2,Acquired hypothalamic obesity,drkg,kg,llama3.3:70b,1,8,E,1,1.0,1,1,1,1,,both,consistent,5.0,"Drug-6 activates MC4R, a gene directly associated with Acquired hypothalamic obesity.",0.375,1.75
2,Pheochromocytoma/paraganglioma,drkg,kg,llama3.3:70b,0,8,E,1,1.0,1,1,1,1,,both,consistent,4.0,"Drug-8 targets EPAS1, which is involved in the hypoxia-inducible factor pathway relevant to pheochromocytoma/paraganglioma.",0.125,1.875
2,Pheochromocytoma/paraganglioma,drkg,kg,llama3.3:70b,1,8,D,1,1.0,1,1,1,1,,both,consistent,4.0,"Drug-8 targets EPAS1, which might be relevant given the disease's association with metabolic pathways.",0.25,1.875
2,IgE-mediated food allergy,drkg,kg,llama3.3:70b,0,8,H,1,1.0,1,1,1,1,,both,consistent,5.0,"Drug-1 inhibits IGHE, a gene directly associated with IgE-mediated food allergy, providing strong mechanistic plausibility.",0.125,2.125
2,IgE-mediated food allergy,drkg,kg,llama3.3:70b,1,8,B,1,1.0,1,1,1,1,,both,consistent,5.0,"Drug-1 inhibits IGHE, a gene directly associated with IgE-mediated food allergy, providing a clear mechanistic link.",0.125,1.75
2,Advanced RCC after PD-1/PD-L1 + VEGF-TKI,drkg,kg,llama3.3:70b,0,8,E,4,0.25,0,0,1,1,,prior,insufficient,2.0,"Drug-8 targets EPAS1, which is involved in hypoxia signaling, but the evidence is limited and its relevance to Advanced RCC is uncertain.",0.25,2.0
2,Advanced RCC after PD-1/PD-L1 + VEGF-TKI,drkg,kg,llama3.3:70b,1,8,G,1,1.0,1,1,1,1,,both,consistent,4.0,"Drug-8 targets EPAS1, which is a key regulator in the hypoxia pathway often implicated in renal cell carcinoma, providing a plausible mechanism for treating Advanced RCC.",0.5,1.875
2,COPD,drkg,kg,llama3.3:70b,0,8,F,5,0.2,0,0,1,1,,prior,insufficient,1.0,"Drug-8 targets IL4R, which could influence immune responses, but without direct evidence linking it to COPD mechanisms, its potential is uncertain.",0.25,1.875
2,COPD,drkg,kg,llama3.3:70b,1,8,D,6,0.16666666666666666,0,0,0,1,,prior,conflicting,1.0,"Drug-8 targets IL4R, which is involved in allergic responses, but its direct relevance to COPD is uncertain and may conflict with typical treatment strategies.",0.375,1.875
2,mHSPC + ADT,drkg,kg,llama3.3:70b,0,8,A,1,1.0,1,1,1,1,,both,consistent,4.0,"Drug-8 targets PGR and AR, which could be relevant to the treatment of mHSPC + ADT given the disease's association with hormonal regulation.",0.5,1.875
2,mHSPC + ADT,drkg,kg,llama3.3:70b,1,8,C,1,1.0,1,1,1,1,,both,consistent,4.0,"Drug-8 targets PGR and AR, which may have a mechanistic link to the disease given its hormonal aspects.",0.375,1.625
2,COPD (EMA 2025),drkg,kg,llama3.3:70b,0,8,G,4,0.25,0,0,1,1,,prior,insufficient,2.0,"Drug-8 targets IL4R, which is involved in allergic responses and inflammation, but the relevance to COPD specifically is not well-established based on provided information.",0.25,2.0
2,COPD (EMA 2025),drkg,kg,llama3.3:70b,1,8,F,8,0.125,0,0,0,1,,prior,insufficient,1.0,The lack of information on Drug-8's targets and pathways makes its potential impact on COPD unknown.,0.5,1.875
2,dMMR/MSI-H primary advanced endometrial cancer,drkg,kg,llama3.3:70b,0,8,B,8,0.125,0,0,0,1,,prior,insufficient,1.0,No evidence is provided for Drug-8 in the knowledge graph or through prior knowledge to assess its potential for treating endometrial cancer.,0.25,2.0
2,dMMR/MSI-H primary advanced endometrial cancer,drkg,kg,llama3.3:70b,1,8,B,6,0.16666666666666666,0,0,0,1,,prior,insufficient,1.0,"No evidence is provided for Drug-8, making it difficult to assess its mechanistic plausibility for treating dMMR/MSI-H primary advanced endometrial cancer.",0.75,2.0
2,Generalized myasthenia gravis,drkg,kg,llama3.3:70b,0,8,B,6,0.16666666666666666,0,0,0,1,,prior,insufficient,1.0,"No information is provided about Drug-8's targets or mechanism, making its potential for treating myasthenia gravis completely uncertain.",0.125,1.625
2,Generalized myasthenia gravis,drkg,kg,llama3.3:70b,1,8,B,2,0.5,0,1,1,1,,prior,insufficient,1.0,No evidence is provided to assess Drug-8's potential for treating Generalized myasthenia gravis.,0.5,1.75
2,Urothelial carcinoma (expanded population),drkg,kg,llama3.3:70b,0,8,F,6,0.16666666666666666,0,0,0,1,,kg,insufficient,1.0,"Drug-8's single target, NECTIN4, does not provide sufficient evidence for its potential in treating Urothelial carcinoma.",0.5,1.625
2,Urothelial carcinoma (expanded population),drkg,kg,llama3.3:70b,1,8,G,8,0.125,0,0,0,1,,prior,insufficient,1.0,"Drug-8 targets NECTIN4, but without further context or evidence linking this target to urothelial carcinoma, its relevance is uncertain.",0.375,1.875
2,Crohn's disease,drkg,kg,llama3.3:70b,0,8,E,1,1.0,1,1,1,1,,both,consistent,5.0,"Drug-8 targets IL23A, which plays a role in inflammatory bowel diseases like Crohn's disease.",0.375,2.5
2,Crohn's disease,drkg,kg,llama3.3:70b,1,8,B,1,1.0,1,1,1,1,,kg,consistent,4.0,"Drug-8 targets IL23A, which is involved in immune response and may be relevant to treating Crohn's disease.",0.125,1.5
2,RAS wild-type HER2+ metastatic colorectal cancer,drkg,kg,llama3.3:70b,0,8,B,1,1.0,1,1,1,1,,both,consistent,4.0,"Drug-7 targets ERBB2, which is a key player in HER2+ disease, making it a plausible candidate.",0.25,2.0
2,RAS wild-type HER2+ metastatic colorectal cancer,drkg,kg,llama3.3:70b,1,8,E,1,1.0,1,1,1,1,,both,consistent,4.0,"Drug-7 targets ERBB2, which is relevant to HER2+ cancer.",0.25,1.625
2,Atopic dermatitis,drkg,kg,llama3.3:70b,0,8,B,1,1.0,1,1,1,1,,both,consistent,4.0,"Drug-7's inhibition of JAK1 and JAK2 aligns with the known role of these kinases in immune response and inflammation, making it a plausible candidate for treating atopic dermatitis.",0.25,1.875
2,Atopic dermatitis,drkg,kg,llama3.3:70b,1,8,B,1,1.0,1,1,1,1,,both,consistent,4.0,Drug-7's inhibition of JAK1 and JAK2 suggests potential anti-inflammatory effects relevant to atopic dermatitis.,0.125,1.625
2,dMMR recurrent/advanced endometrial cancer,drkg,kg,llama3.3:70b,0,8,H,8,0.125,0,0,0,1,,prior,insufficient,1.0,"Similar to Drug-7 and Drug-5, Drug-8 has no provided evidence regarding its potential effects on dMMR recurrent/advanced endometrial cancer, leading to a low ranking due to insufficient information.",0.625,2.125
2,dMMR recurrent/advanced endometrial cancer,drkg,kg,llama3.3:70b,1,8,F,8,0.125,0,0,0,1,,prior,insufficient,1.0,"Drug-8 lacks any provided information, rendering it impossible to evaluate its mechanistic plausibility for the target disease.",0.0,1.375
2,Polymyalgia rheumatica,drkg,kg,llama3.3:70b,0,8,C,1,1.0,1,1,1,1,,both,consistent,4.0,"Drug-8 targets IL6R, which could potentially modulate inflammatory responses relevant to Polymyalgia rheumatica.",0.25,1.875
2,Polymyalgia rheumatica,drkg,kg,llama3.3:70b,1,8,H,1,1.0,1,1,1,1,,both,consistent,4.0,"Drug-8 targets IL6R, which is related to the immune response and potentially relevant to treating Polymyalgia rheumatica.",0.25,1.875
2,Metastatic colorectal cancer,drkg,kg,llama3.3:70b,0,8,E,1,1.0,1,1,1,1,,both,consistent,4.0,"Drug-3's profile suggests potential anti-tumor effects through the downregulation of genes like PSRC1, KAT6B, and CDCA8, and upregulation of tumor suppressor-related genes like TP53 and LOXL1.",0.5,1.875
2,Metastatic colorectal cancer,drkg,kg,llama3.3:70b,1,8,B,1,1.0,1,1,1,1,,both,consistent,4.0,Drug-3's interactions suggest potential anti-tumor effects through modulation of cell cycle and survival pathways.,0.5,1.625
2,Ulcerative colitis,drkg,kg,llama3.3:70b,0,8,A,1,1.0,1,1,1,1,,both,consistent,4.0,"Drug-8 targets IL12B, which plays a role in the immune response and could be beneficial for treating Ulcerative Colitis.",0.25,1.875
2,Ulcerative colitis,drkg,kg,llama3.3:70b,1,8,B,1,1.0,1,1,1,1,,both,consistent,4.0,"Drug-8 targets IL12B, which is involved in the immune response and could be relevant to treating ulcerative colitis.",0.375,2.0
2,MSI-H/dMMR solid tumors (full approval conversion),drkg,kg,llama3.3:70b,0,8,G,1,1.0,1,1,1,1,,both,consistent,5.0,Drug-4's inhibition of PDCD1 and targeting of DNA mismatch repair genes aligns well with the disease mechanism.,0.75,2.0
2,MSI-H/dMMR solid tumors (full approval conversion),drkg,kg,llama3.3:70b,1,8,C,1,1.0,1,1,1,1,,both,consistent,5.0,"Drug-4 targets genes directly involved in the mismatch repair pathway, providing a clear mechanistic link to MSI-H/dMMR solid tumors.",0.75,2.0
2,Schnitzler syndrome (Japan),drkg,kg,llama3.3:70b,0,8,C,1,1.0,1,1,1,1,,both,consistent,5.0,"Drug-7 inhibits IL1B, which is directly associated with Schnitzler syndrome, making it the most plausible candidate.",0.125,1.75
2,Schnitzler syndrome (Japan),drkg,kg,llama3.3:70b,1,8,G,1,1.0,1,1,1,1,,kg,consistent,5.0,"Drug-7 inhibits IL1B, a gene associated with Schnitzler syndrome.",0.125,2.25
2,HR+/HER2- metastatic breast cancer,drkg,kg,llama3.3:70b,0,8,H,1,1.0,1,1,1,1,,both,consistent,5.0,"Drug-7's inhibition of PARP1 and PARP2 aligns with targeted therapies in breast cancer, especially in tumors with homologous recombination repair defects.",0.375,2.125
2,HR+/HER2- metastatic breast cancer,drkg,kg,llama3.3:70b,1,8,H,1,1.0,1,1,1,1,,both,consistent,5.0,Drug-7's inhibition of PARP1 and PARP2 provides a strong mechanistic link to HR+/HER2- metastatic breast cancer.,0.625,2.0
2,Giant cell arteritis,drkg,kg,llama3.3:70b,0,8,C,1,1.0,1,1,1,1,,both,consistent,4.0,Drug-8's inhibition of JAK1 is mechanistically plausible for treating Giant cell arteritis given the disease's immune-related gene associations.,0.125,1.625
2,Giant cell arteritis,drkg,kg,llama3.3:70b,1,8,F,1,1.0,1,1,1,1,,both,consistent,4.0,Drug-8's inhibition of JAK1 aligns with the immune response component of Giant cell arteritis.,0.5,1.875
2,Neoadj+adj HNSCC,drkg,kg,llama3.3:70b,0,8,B,1,1.0,1,1,1,1,,both,consistent,4.0,"Drug-5 targets PDCD1, which is associated with immune responses relevant to cancer treatment, including HNSCC.",0.375,2.5
2,Neoadj+adj HNSCC,drkg,kg,llama3.3:70b,1,8,B,2,0.5,0,1,1,1,,kg,insufficient,3.0,"Drug-5 targets genes involved in DNA repair and immune response, which could be relevant to cancer treatment, but lacks direct evidence linking it to HNSCC.",0.375,2.25
2,Psoriasis in children 6-11 (cream),drkg,kg,llama3.3:70b,0,8,G,1,1.0,1,1,1,1,,both,consistent,4.0,"Drug-2 inhibits PDE4, which is a known target for treating psoriasis, and also targets TNF, a key player in the inflammatory process of the disease.",0.375,1.875
2,Psoriasis in children 6-11 (cream),drkg,kg,llama3.3:70b,1,8,H,1,1.0,1,1,1,1,,both,consistent,5.0,"Drug-2 inhibits PDE4 enzymes, a known target for psoriasis treatment.",0.125,2.25
2,dMMR/MSI-H primary advanced endometrial cancer (+chemo),drkg,kg,llama3.3:70b,0,8,F,6,0.16666666666666666,0,0,0,1,,prior,insufficient,1.0,"No information is provided about Drug-8's targets or mechanisms of action, making it impossible to assess its potential for treating endometrial cancer.",0.875,2.125
2,dMMR/MSI-H primary advanced endometrial cancer (+chemo),drkg,kg,llama3.3:70b,1,8,F,8,0.125,0,0,0,1,,prior,insufficient,1.0,"No information is available for Drug-8, making it impossible to assess its mechanistic plausibility for dMMR/MSI-H primary advanced endometrial cancer.",0.375,2.0
2,Primary immunodeficiency pediatric (EMA),drkg,kg,llama3.3:70b,0,8,D,1,1.0,1,1,1,1,,both,consistent,4.0,"Drug-1 targets FCGR genes, which are crucial for immune response, making it a plausible candidate.",0.375,1.5
2,Primary immunodeficiency pediatric (EMA),drkg,kg,llama3.3:70b,1,8,E,1,1.0,1,1,1,1,,both,consistent,4.0,"Drug-1 targets Fc gamma receptors, which could be relevant to immune system function, making it a potentially plausible candidate for treating Primary immunodeficiency pediatric (EMA).",0.375,1.625
2,HR+/HER2- breast cancer,drkg,kg,llama3.3:70b,0,8,H,8,0.125,0,0,0,1,,prior,insufficient,1.0,"No information is provided for Drug-8, making its plausibility completely uncertain.",0.375,1.875
2,HR+/HER2- breast cancer,drkg,kg,llama3.3:70b,1,8,H,8,0.125,0,0,0,1,,prior,insufficient,1.0,"No information is available for Drug-8, leading to an uncertain ranking based solely on prior knowledge, which does not support its potential in treating HR+/HER2- breast cancer.",0.375,2.0
2,Ulcerative colitis,drkg,kg,llama3.3:70b,0,8,H,1,1.0,1,1,1,1,,both,consistent,5.0,"Drug-6 targets IL23A, which is directly implicated in the pathogenesis of Ulcerative Colitis, providing a strong mechanistic rationale for its potential effectiveness.",0.25,1.625
2,Ulcerative colitis,drkg,kg,llama3.3:70b,1,8,F,1,1.0,1,1,1,1,,both,consistent,5.0,"Drug-6 targets IL23A, a key player in inflammatory bowel diseases like ulcerative colitis.",0.25,2.125
2,HER2-mutant NSCLC (PMDA),drkg,kg,llama3.3:70b,0,8,G,6,0.16666666666666666,0,0,0,1,,prior,insufficient,1.0,"Drug-8's targets are not clearly linked to pathways or genes specifically implicated in HER2-mutant NSCLC, making its potential impact highly speculative.",0.0,1.875
2,HER2-mutant NSCLC (PMDA),drkg,kg,llama3.3:70b,1,8,H,8,0.125,0,0,0,1,,prior,insufficient,1.0,"Drug-8 targets FCGR1A and TOP1, but the relevance of these targets to HER2-mutant NSCLC is not established in the provided information.",0.125,1.625
2,Pediatric atopic dermatitis,drkg,kg,llama3.3:70b,0,8,E,1,1.0,1,1,1,1,,both,consistent,4.0,Drug-8's inhibition of JAK1 suggests potential for modulating immune responses relevant to atopic dermatitis.,0.375,2.0
2,Pediatric atopic dermatitis,drkg,kg,llama3.3:70b,1,8,F,1,1.0,1,1,1,1,,both,consistent,4.0,"Drug-8's inhibition of JAK1, a key regulator of immune responses, suggests potential efficacy in treating atopic dermatitis.",0.375,2.25
2,HER2-mutant NSCLC (EMA),drkg,kg,llama3.3:70b,0,8,B,5,0.2,0,0,1,1,,prior,insufficient,1.0,"Drug-8 targets FCGR1A and TOP1, which could imply effects on immune response and DNA replication, but its potential impact on HER2-mutant NSCLC is uncertain and lacks supporting evidence.",0.0,1.5
2,HER2-mutant NSCLC (EMA),drkg,kg,llama3.3:70b,1,8,G,6,0.16666666666666666,0,0,0,1,,prior,insufficient,1.0,"Drug-8's targets like FCGR1A and TOP1 might be relevant in cancer therapy, but without specific knowledge linking it to HER2-mutant NSCLC mechanisms, its potential is highly speculative.",0.0,1.875
2,IV formulation for rheumatic diseases (EMA),drkg,kg,llama3.3:70b,0,8,H,2,0.5,0,1,1,1,,prior,consistent,3.0,"Drug-7's inhibition of IL17A is relevant to inflammation, which is a component of rheumatic diseases, although direct evidence from the knowledge graph is lacking.",0.375,1.875
2,IV formulation for rheumatic diseases (EMA),drkg,kg,llama3.3:70b,1,8,G,3,0.3333333333333333,0,1,1,1,,prior,insufficient,2.0,"Drug-7's inhibition of IL17A, a cytokine involved in inflammation, might be relevant to rheumatic diseases, but the connection is indirect.",0.25,1.875
2,Resectable gastric/GEJ adenocarcinoma (neoadj+adj +FLOT),drkg,kg,llama3.3:70b,0,8,F,3,0.3333333333333333,0,1,1,1,,both,consistent,4.0,Drug-7's targeting of CD274 (PD-L1) and CD80 suggests an immunomodulatory effect that could enhance anti-tumor immune responses.,0.875,2.875
2,Resectable gastric/GEJ adenocarcinoma (neoadj+adj +FLOT),drkg,kg,llama3.3:70b,1,8,C,2,0.5,0,1,1,1,,kg,consistent,4.0,"Drug-7 targets CD274 and CD80, which are involved in immune responses and could be relevant to cancer treatment, though their direct link to gastric/GEJ adenocarcinoma is less clear.",0.5,2.875
2,Antibody-mediated rejection in organ transplantation,drkg,kg,llama3.3:70b,0,8,B,2,0.5,0,1,1,1,,kg,consistent,3.0,"Drug-1 targets XIAP, a protein involved in apoptosis regulation, which could potentially modulate the immune response in antibody-mediated rejection.",0.625,2.125
2,Antibody-mediated rejection in organ transplantation,drkg,kg,llama3.3:70b,1,8,D,1,1.0,1,1,1,1,,both,consistent,4.0,"Drug-1 inhibits MS4A1 and targets XIAP, which could be relevant to immune response modulation in antibody-mediated rejection.",0.375,2.0
2,RET-fusion NSCLC (expanded),drkg,kg,llama3.3:70b,0,8,E,6,0.16666666666666666,0,0,0,1,,prior,insufficient,1.0,"No information is provided about Drug-4's mechanism or targets, making assessment impossible.",0.625,1.5
2,RET-fusion NSCLC (expanded),drkg,kg,llama3.3:70b,1,8,C,7,0.14285714285714285,0,0,0,1,,prior,insufficient,1.0,"No information is provided about Drug-8's targets or effects, leading to a lack of confidence in its potential efficacy for RET-fusion NSCLC.",0.125,1.375
2,EGPA,drkg,kg,llama3.3:70b,0,8,B,1,1.0,1,1,1,1,,prior,insufficient,2.0,"Drug-1 targets MS4A2 and FCER1A, which are involved in immune responses, but its connection to EGPA is indirect and speculative.",0.0,1.375
2,EGPA,drkg,kg,llama3.3:70b,1,8,F,1,1.0,1,1,1,1,,prior,insufficient,3.0,"Drug-1 targets MS4A2 and FCER1A, which are involved in immune responses, potentially implicating it in diseases like EGPA that involve immune system dysregulation.",0.0,1.375
2,HR+/HER2- metastatic breast cancer,drkg,kg,llama3.3:70b,0,8,F,8,0.125,0,0,0,1,,prior,insufficient,1.0,"No information was given for Drug-8, resulting in uncertainty regarding its potential effectiveness against HR+/HER2- metastatic breast cancer.",0.375,1.625
2,HR+/HER2- metastatic breast cancer,drkg,kg,llama3.3:70b,1,8,B,7,0.14285714285714285,0,0,0,1,,prior,insufficient,1.0,Lack of information on Drug-8's mechanisms or targets makes it impossible to assess its potential for treating HR+/HER2- metastatic breast cancer.,0.375,1.875
2,Primary humoral immunodeficiency pediatric 2-11yr,drkg,kg,llama3.3:70b,0,8,B,1,1.0,1,1,1,1,,both,consistent,5.0,"Drug-1 targets multiple Fc gamma receptors, which are directly involved in immune responses, making it highly plausible for treating immunodeficiency.",0.42857142857142855,2.2857142857142856
2,Primary humoral immunodeficiency pediatric 2-11yr,drkg,kg,llama3.3:70b,1,8,H,1,1.0,1,1,1,1,,both,consistent,4.0,"Drug-1 targets Fc gamma receptors which are involved in the immune response, making it a plausible candidate for treating Primary humoral immunodeficiency pediatric 2-11yr.",0.125,1.75
2,Pediatric glioma (EMA),drkg,kg,llama3.3:70b,0,8,B,1,1.0,1,1,1,1,,both,consistent,4.0,"Drug-3's inhibition of BRAF, RAF1, and MAPK1 provides a plausible mechanism for treating pediatric glioma.",0.5,2.125
2,Pediatric glioma (EMA),drkg,kg,llama3.3:70b,1,8,C,1,1.0,1,1,1,1,,both,consistent,4.0,Drug-3's inhibition of BRAF and MAPK1 provides a plausible mechanism for treating pediatric glioma.,0.5,1.75
2,Juvenile idiopathic arthritis (EMA Feb 2026),drkg,kg,llama3.3:70b,0,8,C,1,1.0,1,1,1,1,,both,consistent,4.0,"Drug-8 inhibits JAK1 and JAK2, which are relevant to immune responses and potentially to treating Juvenile Idiopathic Arthritis.",0.125,1.5
2,Juvenile idiopathic arthritis (EMA Feb 2026),drkg,kg,llama3.3:70b,1,8,C,1,1.0,1,1,1,1,,both,consistent,4.0,Drug-8's inhibition of JAK1 and JAK2 provides a plausible mechanism for reducing inflammation in Juvenile Idiopathic Arthritis.,0.125,1.875
2,Ph+ CML-CP after 2+ TKIs,drkg,kg,llama3.3:70b,0,8,E,1,1.0,1,1,1,1,,both,consistent,5.0,"Drug-8 targets ABL1, a well-established target in CML treatment, making it the most promising candidate.",0.5,1.625
2,Ph+ CML-CP after 2+ TKIs,drkg,kg,llama3.3:70b,1,8,B,1,1.0,1,1,1,1,,both,consistent,5.0,"Drug-8 targets ABL1, a key protein in the pathogenesis of Ph+ CML-CP.",0.125,1.625
2,KRAS G12C+ mCRC,drkg,kg,llama3.3:70b,0,8,H,1,1.0,1,1,1,1,,both,consistent,5.0,"Drug-8 directly targets KRAS, a key driver of KRAS G12C+ mCRC.",0.875,2.125
2,KRAS G12C+ mCRC,drkg,kg,llama3.3:70b,1,8,A,1,1.0,1,1,1,1,,both,consistent,5.0,"Drug-8 directly targets KRAS, a key player in the disease mechanism of KRAS G12C+ mCRC.",0.125,1.875
2,HR+/HER2- early breast cancer (adjuvant),drkg,kg,llama3.3:70b,0,8,F,1,1.0,1,1,1,1,,both,consistent,5.0,"Drug-6 inhibits CDK4 and CDK6, which are crucial for cell cycle progression in cancer cells.",0.5,2.0
2,HR+/HER2- early breast cancer (adjuvant),drkg,kg,llama3.3:70b,1,8,D,1,1.0,1,1,1,1,,both,consistent,5.0,"Drug-6 inhibits CDK4 and CDK6, which are directly involved in the cell cycle regulation relevant to breast cancer.",0.25,2.125
2,First-line anemia in lower-risk MDS,drkg,kg,llama3.3:70b,0,8,C,6,0.16666666666666666,0,0,0,1,,prior,insufficient,1.0,"Drug-7 is ranked sixth because no information about its targets or effects is provided, making it impossible to assess its potential for treating anemia in MDS.",0.0,1.5
2,First-line anemia in lower-risk MDS,drkg,kg,llama3.3:70b,1,8,A,8,0.125,0,0,0,1,,prior,insufficient,1.0,"Drug-7 lacks provided evidence, making its potential for treating anemia in MDS completely speculative and thus ranked last.",0.0,1.125
2,Follicular lymphoma (+obinutuzumab),drkg,kg,llama3.3:70b,0,8,D,3,0.3333333333333333,0,1,1,1,,prior,insufficient,2.0,Drug-8 targets several kinases but lacks direct evidence linking these targets to Follicular lymphoma treatment mechanisms.,0.125,1.5
2,Follicular lymphoma (+obinutuzumab),drkg,kg,llama3.3:70b,1,8,G,1,1.0,1,1,1,1,,both,consistent,4.0,"Drug-8 targets kinases, which could be relevant to cancer treatment, including Follicular lymphoma.",0.25,1.625
2,1L biliary tract cancer (+gemcitabine+cisplatin),drkg,kg,llama3.3:70b,0,8,A,5,0.2,0,0,1,1,,kg,conflicting,2.0,"Drug-6's targets and inhibitions do not clearly align with the target disease, and its mechanism of action is unclear.",0.375,2.0
2,1L biliary tract cancer (+gemcitabine+cisplatin),drkg,kg,llama3.3:70b,1,8,H,5,0.2,0,0,1,1,,both,conflicting,2.0,"Drug-6 targets PDCD1 and other genes involved in immune responses, which might be relevant to cancer treatment, but the direct link to biliary tract cancer is unclear or conflicting with prior knowledge.",0.25,2.0
2,"ALK+ solid tumors (tissue-agnostic, world-first)",drkg,kg,llama3.3:70b,0,8,H,1,1.0,1,1,1,1,,both,consistent,5.0,"Drug-8 directly inhibits ALK, a key target in ALK+ solid tumors.",0.625,2.0
2,"ALK+ solid tumors (tissue-agnostic, world-first)",drkg,kg,llama3.3:70b,1,8,E,1,1.0,1,1,1,1,,both,consistent,5.0,"Drug-8 directly inhibits ALK, a primary target in ALK+ solid tumors, as indicated by the knowledge graph and consistent with pharmacological principles.",0.625,1.75
2,Pediatric BRAF V600E low-grade glioma,drkg,kg,llama3.3:70b,0,8,A,1,1.0,1,1,1,1,,both,consistent,5.0,"Drug-5 inhibits BRAF, a crucial target in Pediatric BRAF V600E low-grade glioma.",0.125,1.875
2,Pediatric BRAF V600E low-grade glioma,drkg,kg,llama3.3:70b,1,8,D,1,1.0,1,1,1,1,,both,consistent,5.0,"Drug-5 inhibits BRAF, a crucial target in Pediatric BRAF V600E low-grade glioma, making it the most plausible candidate.",0.25,1.625
2,Platinum-resistant ovarian carcinoma (PD-L1+ CPS≥1),drkg,kg,llama3.3:70b,0,8,F,1,1.0,1,1,1,1,,both,consistent,5.0,Drug-8's inhibition of PDCD1 and targeting of CD274 (PD-L1) directly relates to the disease's immune evasion mechanism.,0.125,1.75
2,Platinum-resistant ovarian carcinoma (PD-L1+ CPS≥1),drkg,kg,llama3.3:70b,1,8,H,1,1.0,1,1,1,1,,both,consistent,5.0,"Drug-8 inhibits PDCD1 (PD-1), a crucial immune checkpoint in cancer, making it highly plausible for treating PD-L1+ Platinum-resistant ovarian carcinoma.",0.125,2.125
2,Ph+ CML-CP frontline (EMA Feb 2026),drkg,kg,llama3.3:70b,0,8,A,1,1.0,1,1,1,1,,both,consistent,5.0,"Drug-8 targets ABL1, a key protein in the pathogenesis of Ph+ CML-CP.",0.125,1.75
2,Ph+ CML-CP frontline (EMA Feb 2026),drkg,kg,llama3.3:70b,1,8,C,1,1.0,1,1,1,1,,both,consistent,5.0,"Drug-8 targets ABL1, a key player in the pathogenesis of CML, making it a highly plausible candidate.",0.5,1.625
2,Gastric/GEJ adenocarcinoma,drkg,kg,llama3.3:70b,0,8,C,9,0.1111111111111111,0,0,0,1,,,,,,1.0,5.0
2,Gastric/GEJ adenocarcinoma,drkg,kg,llama3.3:70b,1,8,E,1,1.0,1,1,1,1,,both,consistent,4.0,"Drug-8 targets CD274 and CD80, which are related to immune checkpoint regulation, a relevant mechanism in cancer treatment.",0.5,1.875
2,Chronic lymphocytic leukemia,drkg,kg,llama3.3:70b,0,8,D,1,1.0,1,1,1,1,,both,consistent,4.0,"Drug-8 targets kinases involved in cancer-relevant signaling pathways, making it a plausible candidate for treating CLL.",0.5,1.625
2,Chronic lymphocytic leukemia,drkg,kg,llama3.3:70b,1,8,D,1,1.0,1,1,1,1,,both,consistent,4.0,"Drug-8 targets kinases such as BMX, TEC, and ITK, which are involved in cell signaling pathways relevant to cancer, including leukemia.",0.5,2.0
2,HER2+ early-stage BC (neoadjuvant + adjuvant),drkg,kg,llama3.3:70b,0,8,E,6,0.16666666666666666,0,0,0,1,,kg,conflicting,1.0,The relevance of Drug-8's targets to HER2+ BC is uncertain due to conflicting evidence and lack of direct connection.,0.5,1.875
2,HER2+ early-stage BC (neoadjuvant + adjuvant),drkg,kg,llama3.3:70b,1,8,H,8,0.125,0,0,0,1,,prior,insufficient,1.0,Drug-8's targets do not directly link to known breast cancer pathways or mechanisms with the provided information.,0.25,1.5
2,HR+/HER2-low breast cancer,drkg,kg,llama3.3:70b,0,8,A,2,0.5,0,1,1,1,,kg,insufficient,3.0,"Drug-8 targets FCGR1A and TOP1, but the direct relevance to HR+/HER2-low breast cancer is unclear.",0.625,1.875
2,HR+/HER2-low breast cancer,drkg,kg,llama3.3:70b,1,8,H,8,0.125,0,0,0,1,,prior,insufficient,1.0,Drug-8's targeting of FCGR1A and TOP1 does not directly relate to known mechanisms of HR+/HER2-low breast cancer.,0.625,1.625
2,"Pediatric low-grade glioma (+dabrafenib, BRAF V600E)",drkg,kg,llama3.3:70b,0,8,B,2,0.5,0,1,1,1,,kg,insufficient,2.0,"Drug-7's inhibition of MAP2K family members could be relevant, but its connection to glioma treatment is less clear.",0.375,1.625
2,"Pediatric low-grade glioma (+dabrafenib, BRAF V600E)",drkg,kg,llama3.3:70b,1,8,F,4,0.25,0,0,1,1,,prior,insufficient,2.0,"The knowledge graph evidence for Drug-6 is limited, but prior knowledge suggests that targeting GUCY1A2 and MAOA may have some anticancer effects.",0.5,2.0
2,Unresectable thymic carcinoma (PMDA),drkg,kg,llama3.3:70b,0,8,B,1,1.0,1,1,1,1,,both,consistent,4.0,"Drug-7's inhibition of kinases like FLT1, KDR, and FGFR2 provides a plausible mechanism for treating thymic carcinoma.",0.25,1.875
2,Unresectable thymic carcinoma (PMDA),drkg,kg,llama3.3:70b,1,8,E,9,0.1111111111111111,0,0,0,1,,,,,,1.0,4.0
2,BRAF+ thyroid cancer,drkg,kg,llama3.3:70b,0,8,F,1,1.0,1,1,1,1,,both,consistent,5.0,"Drug-7 directly inhibits BRAF, a primary target in BRAF+ thyroid cancer.",0.625,1.875
2,BRAF+ thyroid cancer,drkg,kg,llama3.3:70b,1,8,E,1,1.0,1,1,1,1,,both,consistent,5.0,"Drug-7 directly inhibits BRAF, a primary target in BRAF+ thyroid cancer.",0.5,1.75
2,IDH1-mutated relapsed/refractory MDS,drkg,kg,llama3.3:70b,0,8,A,1,1.0,1,1,1,1,,both,consistent,5.0,"Drug-8 directly targets IDH1, a key gene associated with IDH1-mutated relapsed/refractory MDS.",0.125,2.375
2,IDH1-mutated relapsed/refractory MDS,drkg,kg,llama3.3:70b,1,8,D,1,1.0,1,1,1,1,,both,consistent,5.0,"Drug-8 directly targets IDH1, a key mutation in IDH1-mutated relapsed/refractory MDS.",0.125,2.25
2,Biliary tract cancer,drkg,kg,llama3.3:70b,0,8,E,1,1.0,1,1,1,1,,both,consistent,4.0,"Drug-8 targets multiple genes involved in DNA repair and immune response, which could be beneficial for treating Biliary tract cancer.",0.375,1.875
2,Biliary tract cancer,drkg,kg,llama3.3:70b,1,8,E,1,1.0,1,1,1,1,,both,consistent,4.0,Drug-8's inhibition of PDCD1 and other targets relevant to cancer treatment makes it a plausible candidate for Biliary tract cancer.,0.5,2.0
2,"mCRC BRAF V600E (traditional approval, was accelerated)",drkg,kg,llama3.3:70b,0,8,H,1,1.0,1,1,1,1,,both,consistent,5.0,"Drug-7 inhibits BRAF, a key target in mCRC BRAF V600E.",0.125,1.75
2,"mCRC BRAF V600E (traditional approval, was accelerated)",drkg,kg,llama3.3:70b,1,8,F,9,0.1111111111111111,0,0,0,1,,,,,,1.0,5.0
2,Gastric/GEJ adenocarcinoma (1L +chemo),drkg,kg,llama3.3:70b,0,8,A,1,1.0,1,1,1,1,,both,consistent,4.0,"Drug-6 targets CD274, an immune checkpoint relevant in cancer treatment, providing a plausible mechanism for treating Gastric/GEJ adenocarcinoma.",0.5,1.875
2,Gastric/GEJ adenocarcinoma (1L +chemo),drkg,kg,llama3.3:70b,1,8,C,1,1.0,1,1,1,1,,both,consistent,4.0,"Drug-6 targets CD274 and CD80, which are involved in immune checkpoint pathways, suggesting potential for immunotherapy in cancer treatment.",0.5,2.375
2,Chorea associated with Huntington's disease,biokg,kg,llama3.3:70b,0,8,H,4,0.25,0,0,1,1,,prior,insufficient,2.0,"Drug-8 targets cytochrome P450 enzymes, similar to Drug-6, but its connection to Huntington's disease is also unclear.",0.0,1.625
2,Chorea associated with Huntington's disease,biokg,kg,llama3.3:70b,1,8,C,6,0.16666666666666666,0,0,0,1,,prior,insufficient,1.0,"Drug-8 primarily targets cytochrome P450 enzymes which are involved in drug metabolism, making its connection to Huntington's disease highly indirect and speculative.",0.0,1.25
2,Chronic thromboembolic pulmonary hypertension,biokg,kg,llama3.3:70b,0,8,C,1,1.0,1,1,1,1,,both,consistent,4.0,Drug-7's association with antithrombosis agents and its target FA10 suggest a potential mechanistic link to chronic thromboembolic pulmonary hypertension.,0.375,2.125
2,Chronic thromboembolic pulmonary hypertension,biokg,kg,llama3.3:70b,1,8,E,1,1.0,1,1,1,1,,both,consistent,4.0,"Drug-7 modulates antithrombosis agents, which could be beneficial in treating Chronic thromboembolic pulmonary hypertension.",0.25,1.5
2,Indolent systemic mastocytosis,biokg,kg,llama3.3:70b,0,8,H,1,1.0,1,1,1,1,,both,consistent,5.0,"Drug-8 targets KIT, which is directly implicated in mast cell proliferation and thus potentially beneficial for treating Indolent systemic mastocytosis.",0.75,2.0
2,Indolent systemic mastocytosis,biokg,kg,llama3.3:70b,1,8,A,1,1.0,1,1,1,1,,both,consistent,5.0,"Drug-8 targets KIT, a well-known target for mastocytosis treatment.",0.375,2.0
2,EGPA (expanded),biokg,kg,llama3.3:70b,0,8,G,1,1.0,1,1,1,1,,both,consistent,4.0,"Drug-8 targets IL5RA, which may be relevant to immune responses in EGPA.",0.25,1.875
2,EGPA (expanded),biokg,kg,llama3.3:70b,1,8,B,1,1.0,1,1,1,1,,both,consistent,4.0,"Drug-8 targets IL5RA, which may be relevant to EGPA given the disease's association with immune system genes.",0.375,1.875
2,Invasive fungal infections pediatric ≥2yr,biokg,kg,llama3.3:70b,0,8,E,9,0.1111111111111111,0,0,0,1,,,,,,1.0,5.0
2,Invasive fungal infections pediatric ≥2yr,biokg,kg,llama3.3:70b,1,8,G,1,1.0,1,1,1,1,,both,consistent,5.0,"Drug-4 is directly associated with antifungal agents and targets relevant to fungal infection treatment, making it the most plausible candidate.",0.125,1.625
2,PKU expanded to ≥12yr,biokg,kg,llama3.3:70b,0,8,D,3,0.3333333333333333,0,1,1,1,,prior,insufficient,1.0,"No information is provided for Drug-8, making it difficult to assess its potential efficacy for PKU.",0.0,1.25
2,PKU expanded to ≥12yr,biokg,kg,llama3.3:70b,1,8,F,7,0.14285714285714285,0,0,0,1,,prior,insufficient,1.0,"No information is provided for Drug-8, making it impossible to assess its potential for treating PKU.",0.125,1.75
2,Nephrotic syndrome,biokg,kg,llama3.3:70b,0,8,E,7,0.14285714285714285,0,0,0,1,,prior,insufficient,1.0,"Drug-1 targets CD20, which is primarily associated with B cell function and immune responses, but its connection to Nephrotic syndrome is not evident.",0.0,1.25
2,Nephrotic syndrome,biokg,kg,llama3.3:70b,1,8,A,1,1.0,1,1,1,1,,prior,insufficient,3.0,"Drug-1 targets CD20, which is involved in immune responses and might be beneficial for treating Nephrotic syndrome.",0.25,1.625
2,HR+/HER2- node-positive high-risk early breast cancer,biokg,kg,llama3.3:70b,0,8,G,1,1.0,1,1,1,1,,both,consistent,4.0,"Drug-7 targets CDK4 and CDK6, which are involved in cell cycle control and may be relevant to breast cancer treatment.",0.5,1.875
2,HR+/HER2- node-positive high-risk early breast cancer,biokg,kg,llama3.3:70b,1,8,H,1,1.0,1,1,1,1,,both,consistent,4.0,"Drug-7 targets CDK4 and CDK6, which are relevant to cell cycle regulation in cancer cells.",0.5,1.75
2,Retinopathy of prematurity,biokg,kg,llama3.3:70b,0,8,F,1,1.0,1,1,1,1,,both,consistent,4.0,"Drug-7 targets VEGFA, which is involved in angiogenesis and thus potentially relevant to treating Retinopathy of Prematurity.",0.125,1.875
2,Retinopathy of prematurity,biokg,kg,llama3.3:70b,1,8,C,1,1.0,1,1,1,1,,both,consistent,4.0,"Drug-7 targets PLGF, VEGFB, and VEGFA, which are involved in angiogenesis, a crucial aspect of Retinopathy of prematurity.",0.125,1.625
2,Agitation associated with Alzheimer's dementia,biokg,kg,llama3.3:70b,0,8,C,1,1.0,1,1,1,1,,both,consistent,4.0,"Drug-6 targets multiple receptors, including 5HT2A and DRD2, which are involved in neurological pathways related to agitation and Alzheimer's disease.",0.25,1.75
2,Agitation associated with Alzheimer's dementia,biokg,kg,llama3.3:70b,1,8,E,8,0.125,0,0,0,1,,prior,insufficient,1.0,"Drug-7 targets various transporters and proteins, but its potential for treating agitation in Alzheimer's dementia is unclear.",0.375,1.125
2,LDL-C elevation in statin-intolerant dyslipidemia,biokg,kg,llama3.3:70b,0,8,B,4,0.25,0,0,1,1,,prior,insufficient,1.0,"No specific targets or pathways are mentioned for Drug-8, making it impossible to assess its mechanistic plausibility based on the provided information.",0.0,1.375
2,LDL-C elevation in statin-intolerant dyslipidemia,biokg,kg,llama3.3:70b,1,8,D,4,0.25,0,0,1,1,,prior,insufficient,1.0,No information provided about Drug-8's mechanism or targets makes its assessment purely speculative.,0.375,1.75
2,First-line anemia in lower-risk MDS,biokg,kg,llama3.3:70b,0,8,D,2,0.5,0,1,1,1,,prior,insufficient,1.0,"No evidence is provided for Drug-8, making it impossible to assess its potential effectiveness for treating first-line anemia in lower-risk MDS.",0.5,1.625
2,First-line anemia in lower-risk MDS,biokg,kg,llama3.3:70b,1,8,H,8,0.125,0,0,0,1,,prior,insufficient,1.0,"No information is provided for Drug-8, making its assessment entirely speculative.",0.25,1.875
2,"Crohn's disease (moderate-severe, refractory)",biokg,kg,llama3.3:70b,0,8,C,1,1.0,1,1,1,1,,both,consistent,5.0,"Drug-7 targets IL23A, a key player in inflammatory responses relevant to Crohn's disease.",0.125,2.0
2,"Crohn's disease (moderate-severe, refractory)",biokg,kg,llama3.3:70b,1,8,F,1,1.0,1,1,1,1,,both,consistent,4.0,"Drug-7 targets IL23A, which is involved in the JAK-STAT signaling pathway associated with Crohn's disease.",0.125,1.625
2,COVID-19 in severe renal impairment/dialysis,biokg,kg,llama3.3:70b,0,8,F,9,0.1111111111111111,0,0,0,1,,,,,,1.0,4.0
2,COVID-19 in severe renal impairment/dialysis,biokg,kg,llama3.3:70b,1,8,E,9,0.1111111111111111,0,0,0,1,,,,,,1.0,4.0
2,MASH with fibrosis,biokg,kg,llama3.3:70b,0,8,A,2,0.5,0,1,1,1,,kg,insufficient,2.0,"Despite multiple targets, Drug-8 lacks direct evidence linking it to MASH with fibrosis, making its potential effectiveness uncertain.",0.5,1.5
2,MASH with fibrosis,biokg,kg,llama3.3:70b,1,8,C,1,1.0,1,1,1,1,,both,consistent,4.0,"Drug-8 targets multiple enzymes involved in fibrosis pathways, making it a plausible candidate for treating MASH with fibrosis.",0.5,1.875
2,Pancreatic NET,biokg,kg,llama3.3:70b,0,8,A,1,1.0,1,1,1,1,,both,consistent,4.0,"Drug-8 targets RET, which has been implicated in the pathogenesis of various cancers including pancreatic neuroendocrine tumors.",0.125,1.625
2,Pancreatic NET,biokg,kg,llama3.3:70b,1,8,A,1,1.0,1,1,1,1,,both,consistent,4.0,"Drug-8 targets RET, which is a receptor tyrosine kinase involved in cell signaling pathways that can contribute to tumor growth and development, making it a potentially relevant target for Pancreatic NET treatment.",0.25,2.0
2,Retinal vein occlusion,biokg,kg,llama3.3:70b,0,8,E,8,0.125,0,0,0,1,,prior,insufficient,1.0,"No information is provided for Drug-8, making it impossible to assess its mechanistic plausibility for treating retinal vein occlusion.",0.125,2.125
2,Retinal vein occlusion,biokg,kg,llama3.3:70b,1,8,E,7,0.14285714285714285,0,0,0,1,,prior,insufficient,1.0,"No evidence is provided for Drug-5, making it impossible to assess its mechanistic plausibility.",0.375,1.875
2,Cerebral folate transport deficiency,biokg,kg,llama3.3:70b,0,8,F,6,0.16666666666666666,0,0,0,1,,prior,insufficient,1.0,Drug-1's action on several pathways related to antibiotic mechanisms does not relate to folate transport or cerebral health directly.,0.0,1.125
2,Cerebral folate transport deficiency,biokg,kg,llama3.3:70b,1,8,G,7,0.14285714285714285,0,0,0,1,,prior,insufficient,2.0,"Drug-1 modulates several antibiotic-related pathways, but its relevance to cerebral folate transport deficiency is unclear.",0.0,1.75
2,ILD-associated pulmonary hypertension,biokg,kg,llama3.3:70b,0,8,F,1,1.0,1,1,1,1,,prior,insufficient,3.0,"Drug-3 targets PPARD and P2Y12, which could potentially influence vascular tone or inflammation relevant to pulmonary hypertension.",0.0,1.5
2,ILD-associated pulmonary hypertension,biokg,kg,llama3.3:70b,1,8,E,1,1.0,1,1,1,1,,both,consistent,4.0,"Drug-3 targets PPARD, which has been implicated in cardiovascular diseases, providing a plausible link to ILD-associated pulmonary hypertension.",0.25,1.875
2,Indolent systemic mastocytosis (EMA),biokg,kg,llama3.3:70b,0,8,A,1,1.0,1,1,1,1,,both,consistent,4.0,"Drug-8 targets KIT, which is a known target in mastocytosis treatment.",0.125,1.625
2,Indolent systemic mastocytosis (EMA),biokg,kg,llama3.3:70b,1,8,D,1,1.0,1,1,1,1,,both,consistent,5.0,"Drug-8 targets KIT, a key receptor involved in mastocytosis, providing a clear mechanistic link to the disease.",0.375,1.875
2,CRSwNP (eosinophilic chronic rhinosinusitis with nasal polyps),biokg,kg,llama3.3:70b,0,8,B,1,1.0,1,1,1,1,,prior,insufficient,2.0,Lack of information about Drug-8's targets or pathways makes it difficult to assess its potential efficacy for CRSwNP.,0.25,1.5
2,CRSwNP (eosinophilic chronic rhinosinusitis with nasal polyps),biokg,kg,llama3.3:70b,1,8,G,7,0.14285714285714285,0,0,0,1,,prior,insufficient,1.0,"No information is provided for Drug-8, making it impossible to evaluate its mechanistic plausibility for CRSwNP.",0.125,1.875
2,Chronic hepatitis B (pediatric),biokg,kg,llama3.3:70b,0,8,F,1,1.0,1,1,1,1,,prior,insufficient,2.0,"Drug-8 is ranked first due to its broad target profile, which might include off-target effects relevant to Chronic hepatitis B (pediatric), although this is highly speculative.",0.0,1.375
2,Chronic hepatitis B (pediatric),biokg,kg,llama3.3:70b,1,8,H,3,0.3333333333333333,0,1,1,1,,prior,insufficient,2.0,"Drug-8 targets several transporters and enzymes, which might influence drug metabolism or transport in the liver, potentially affecting the disease indirectly.",0.0,1.375
2,HoFH in children,biokg,kg,llama3.3:70b,0,8,G,7,0.14285714285714285,0,0,0,1,,prior,insufficient,1.0,"No evidence is provided for Drug-8, making it difficult to assess its relevance to HoFH.",0.125,1.5
2,HoFH in children,biokg,kg,llama3.3:70b,1,8,B,3,0.3333333333333333,0,1,1,1,,prior,insufficient,2.0,"No evidence is provided for Drug-8, making it difficult to assess its mechanistic plausibility for HoFH.",0.125,2.25
2,Biliary tract cancer 1L,biokg,kg,llama3.3:70b,0,8,E,1,1.0,1,1,1,1,,both,consistent,4.0,Drug-8's targeting of immune checkpoint molecules PD1L1 and CD80 provides a plausible mechanism for treating cancer.,0.125,1.875
2,Biliary tract cancer 1L,biokg,kg,llama3.3:70b,1,8,G,2,0.5,0,1,1,1,,prior,insufficient,3.0,"Drug-8 targets PD1L1 and CD80, which are involved in immune regulation; checkpoint inhibitors like those targeting PD1/PD-L1 have been used in cancer treatment.",0.0,2.125
2,Diabetic retinopathy/DME (EMA Mar+May 2026),biokg,kg,llama3.3:70b,0,8,E,2,0.5,0,1,1,1,,prior,insufficient,2.0,"No evidence was provided for Drug-8, but prior knowledge suggests that some drugs may have off-target effects that could potentially impact Diabetic retinopathy/DME.",0.5,2.375
2,Diabetic retinopathy/DME (EMA Mar+May 2026),biokg,kg,llama3.3:70b,1,8,A,7,0.14285714285714285,0,0,0,1,,prior,insufficient,1.0,No evidence is available to support or refute the use of Drug-8 in treating Diabetic retinopathy/DME.,0.125,1.875
2,Spinal muscular atrophy (pediatric expansion),biokg,kg,llama3.3:70b,0,8,C,6,0.16666666666666666,0,0,0,1,,prior,insufficient,1.0,"No information is given about Drug-8, so its potential for treating Spinal Muscular Atrophy cannot be evaluated.",0.125,1.5
2,Spinal muscular atrophy (pediatric expansion),biokg,kg,llama3.3:70b,1,8,A,2,0.5,0,1,1,1,,prior,insufficient,1.0,"No evidence was provided for Drug-8, making it difficult to assess its plausibility for treating Spinal muscular atrophy.",0.125,1.125
2,High LDL-C with increased CV risk (expanded),biokg,kg,llama3.3:70b,0,8,B,7,0.14285714285714285,0,0,0,1,,prior,insufficient,1.0,"No specific information is provided for Drug-8, making it difficult to assess its relevance to High LDL-C with increased CV risk.",0.0,1.625
2,High LDL-C with increased CV risk (expanded),biokg,kg,llama3.3:70b,1,8,C,5,0.2,0,0,1,1,,prior,insufficient,1.0,No specific information is provided for Drug-8 that links it to the treatment of High LDL-C or related pathways.,0.125,1.25
2,Polycythaemia vera and essential thrombocytopenia,biokg,kg,llama3.3:70b,0,8,C,5,0.2,0,0,1,1,,prior,insufficient,1.0,"Drug-1's targets include INAR2 and CP1A2, but their relevance to Polycythaemia vera is unknown.",0.0,1.375
2,Polycythaemia vera and essential thrombocytopenia,biokg,kg,llama3.3:70b,1,8,B,6,0.16666666666666666,0,0,0,1,,prior,insufficient,1.0,Drug-1's targets do not provide a direct link to the disease's known genetic associations or typical pharmacological interventions.,0.0,1.25
2,Hidradenitis suppurativa,biokg,kg,llama3.3:70b,0,8,D,1,1.0,1,1,1,1,,both,consistent,4.0,"Drug-6 targets IL17 and is associated with antirheumatics, which may be beneficial for treating Hidradenitis suppurativa given its inflammatory aspects.",0.125,1.625
2,Hidradenitis suppurativa,biokg,kg,llama3.3:70b,1,8,G,1,1.0,1,1,1,1,,both,consistent,4.0,"Drug-6 targets IL17, which is involved in inflammatory responses, making it a plausible candidate for treating Hidradenitis suppurativa.",0.25,1.75
2,Acute HCV pediatric,biokg,kg,llama3.3:70b,0,8,D,2,0.5,0,1,1,1,,kg,insufficient,2.0,"Drug-8 targets several cytochrome P450 enzymes and transporters, which could influence drug metabolism but lacks direct evidence linking it to Acute HCV pediatric treatment.",0.25,1.5
2,Acute HCV pediatric,biokg,kg,llama3.3:70b,1,8,G,2,0.5,0,1,1,1,,prior,insufficient,2.0,"Drug-8 targets several CYP enzymes and transporters, but without direct evidence linking it to HCV treatment, its potential is speculative.",0.125,1.5
2,CKD in T2D,biokg,kg,llama3.3:70b,0,8,F,9,0.1111111111111111,0,0,0,1,,,,,,1.0,4.0
2,CKD in T2D,biokg,kg,llama3.3:70b,1,8,B,1,1.0,1,1,1,1,,prior,insufficient,3.0,"Drug-8 targets GLP1R, which is relevant to diabetes management and potentially beneficial for CKD in T2D patients due to its role in glucose homeostasis.",0.125,1.75
2,BRAF V600E metastatic NSCLC,biokg,kg,llama3.3:70b,0,8,F,7,0.14285714285714285,0,0,0,1,,prior,insufficient,1.0,"Like Drug-8, the lack of information on Drug-7's relevance to BRAF V600E metastatic NSCLC makes its ranking speculative.",0.125,1.75
2,BRAF V600E metastatic NSCLC,biokg,kg,llama3.3:70b,1,8,G,1,1.0,1,1,1,1,,both,consistent,5.0,"Drug-7 directly targets BRAF, a key mutation in BRAF V600E metastatic NSCLC, making it the most plausible candidate.",0.125,1.75
2,Retinal vein occlusion,biokg,kg,llama3.3:70b,0,8,G,5,0.2,0,0,1,1,,prior,insufficient,1.0,"No information is provided about Drug-8's targets or pathways, making its potential effect on retinal vein occlusion completely uncertain.",0.625,1.5
2,Retinal vein occlusion,biokg,kg,llama3.3:70b,1,8,H,8,0.125,0,0,0,1,,prior,insufficient,1.0,"No information about Drug-8's targets or mechanism is available, making its potential for treating retinal vein occlusion highly uncertain.",0.75,1.875
2,Agitation associated with Alzheimer's dementia,biokg,kg,llama3.3:70b,0,8,D,2,0.5,0,1,1,1,,both,consistent,4.0,"Drug-3 modulates the N-Methyl-D-aspartic acid receptor pathway, which is involved in neurological disorders and may be relevant to agitation in Alzheimer's dementia.",0.25,2.0
2,Agitation associated with Alzheimer's dementia,biokg,kg,llama3.3:70b,1,8,F,2,0.5,0,1,1,1,,kg,consistent,4.0,"Drug-3 modulates the N-Metyl-D-aspartic acid receptor antagonists pathway, which may have some relevance to treating agitation associated with Alzheimer's dementia.",0.25,2.125
2,Heterozygous familial hypercholesterolemia,biokg,kg,llama3.3:70b,0,8,A,1,1.0,1,1,1,1,,both,consistent,5.0,"Drug-7 targets PCSK9, a well-established target for cholesterol-lowering therapies, making it highly plausible for treating Heterozygous familial hypercholesterolemia.",0.125,1.625
2,Heterozygous familial hypercholesterolemia,biokg,kg,llama3.3:70b,1,8,C,1,1.0,1,1,1,1,,both,consistent,5.0,"Drug-7 targets PCSK9, a well-established target for cholesterol reduction, directly linking it to the treatment of Heterozygous familial hypercholesterolemia.",0.125,2.0
2,Acquired hypofibrinogenemia in cardiovascular surgery,biokg,kg,llama3.3:70b,0,8,F,9,0.1111111111111111,0,0,0,1,,,,,,1.0,3.0
2,Acquired hypofibrinogenemia in cardiovascular surgery,biokg,kg,llama3.3:70b,1,8,E,6,0.16666666666666666,0,0,0,1,,prior,insufficient,1.0,Drug-6 is ranked sixth due to a complete lack of information about its targets and pathways.,0.25,1.625
2,Crohn's disease,biokg,kg,llama3.3:70b,0,8,B,1,1.0,1,1,1,1,,both,consistent,5.0,"Drug-8 targets JAK1, which is involved in the JAK-STAT signaling pathway associated with Crohn's disease.",0.125,2.25
2,Crohn's disease,biokg,kg,llama3.3:70b,1,8,D,1,1.0,1,1,1,1,,both,consistent,4.0,"Drug-8 targets JAK1, which is involved in the JAK-STAT signaling pathway associated with Crohn's disease.",0.25,2.0
2,COVID-19 updated strain,biokg,kg,llama3.3:70b,0,8,D,7,0.14285714285714285,0,0,0,1,,prior,insufficient,1.0,"No evidence is provided for Drug-8, leading to a purely speculative assessment based on prior knowledge.",0.5,1.75
2,COVID-19 updated strain,biokg,kg,llama3.3:70b,1,8,B,9,0.1111111111111111,0,0,0,1,,,,,,1.0,4.0
2,HoFH pediatric (EMA),biokg,kg,llama3.3:70b,0,8,B,7,0.14285714285714285,0,0,0,1,,prior,insufficient,1.0,"No information about Drug-8 is provided, making it impossible to assess its potential for treating HoFH pediatric (EMA).",0.625,1.25
2,HoFH pediatric (EMA),biokg,kg,llama3.3:70b,1,8,G,7,0.14285714285714285,0,0,0,1,,prior,insufficient,1.0,"No information is available for Drug-8, preventing any assessment of its potential in treating HoFH pediatric (EMA).",0.0,1.125
2,Primary mediastinal large B-cell lymphoma,biokg,kg,llama3.3:70b,0,8,B,1,1.0,1,1,1,1,,both,consistent,4.0,"Drug-7 targets PDCD1, which is associated with immune checkpoint inhibition relevant to lymphoma treatment.",0.625,1.625
2,Primary mediastinal large B-cell lymphoma,biokg,kg,llama3.3:70b,1,8,B,1,1.0,1,1,1,1,,both,consistent,5.0,"Drug-7 targets PDCD1, which is implicated in cancer immune checkpoint pathways.",0.5,1.875
2,TRD monotherapy,biokg,kg,llama3.3:70b,0,8,C,5,0.2,0,0,1,1,,both,consistent,4.0,"Drug-5's targets and pathways, including N-Metyl-D-aspartic acid receptor antagonists, show some relevance to neurological disorders but are less directly connected to TRD monotherapy.",0.5,2.375
2,TRD monotherapy,biokg,kg,llama3.3:70b,1,8,G,1,1.0,1,1,1,1,,both,consistent,4.0,Drug-5's modulation of N-Methyl-D-aspartic acid receptor antagonists pathway aligns with its potential in treating depression.,0.5,2.0
2,Reduce MACE in CVD + obesity/overweight,biokg,kg,llama3.3:70b,0,8,F,5,0.2,0,0,1,1,,prior,insufficient,1.0,Drug-6's mechanism does not clearly relate to the target disease based on available information.,0.125,1.75
2,Reduce MACE in CVD + obesity/overweight,biokg,kg,llama3.3:70b,1,8,E,4,0.25,0,0,1,1,,prior,insufficient,2.0,"Drug-3 targets RIR1 and RIR2, but their connection to the target disease is unclear.",0.0,1.75
2,Allergic fungal rhinosinusitis (AFRS) ≥6yr,biokg,kg,llama3.3:70b,0,8,E,1,1.0,1,1,1,1,,both,consistent,4.0,"Drug-8 targets IL4RA, which is involved in allergic responses, making it a mechanistically plausible candidate for treating AFRS.",0.25,2.0
2,Allergic fungal rhinosinusitis (AFRS) ≥6yr,biokg,kg,llama3.3:70b,1,8,E,1,1.0,1,1,1,1,,both,consistent,4.0,"Drug-8 targets IL4RA, which is involved in allergic responses, making it a plausible candidate for treating AFRS.",0.25,1.875
2,Measles prophylaxis post-exposure,biokg,kg,llama3.3:70b,0,8,G,2,0.5,0,1,1,1,,prior,insufficient,2.0,"Drug-1 targets various FCG receptors and complement components, potentially influencing immune responses, but lacks specific evidence for measles prophylaxis.",0.5,1.25
2,Measles prophylaxis post-exposure,biokg,kg,llama3.3:70b,1,8,B,5,0.2,0,0,1,1,,kg,conflicting,2.0,"Drug-1 targets several genes, but none of them appear directly related to measles prophylaxis post-exposure based on the knowledge graph evidence provided.",0.5,2.0
2,Obstructive sleep apnea with obesity,biokg,kg,llama3.3:70b,0,8,F,6,0.16666666666666666,0,0,0,1,,prior,insufficient,1.0,"No evidence was provided for Drug-8, making it impossible to assess its potential for treating Obstructive sleep apnea with obesity.",0.375,2.125
2,Obstructive sleep apnea with obesity,biokg,kg,llama3.3:70b,1,8,G,8,0.125,0,0,0,1,,prior,insufficient,1.0,"No evidence was provided for Drug-8, making it impossible to evaluate its potential efficacy for obstructive sleep apnea with obesity.",0.375,1.875
2,HER2+ solid tumors (tumor-agnostic),biokg,kg,llama3.3:70b,0,8,B,2,0.5,0,1,1,1,,kg,insufficient,2.0,"Although Drug-8 targets multiple proteins, none are directly linked to HER2+ solid tumors in the provided knowledge graph.",0.625,1.625
2,HER2+ solid tumors (tumor-agnostic),biokg,kg,llama3.3:70b,1,8,H,7,0.14285714285714285,0,0,0,1,,kg,insufficient,1.0,Drug-8 targets various proteins but lacks a clear mechanistic link to HER2+ solid tumors in the provided evidence.,0.75,1.75
2,Heart failure (broadened),biokg,kg,llama3.3:70b,0,8,C,6,0.16666666666666666,0,0,0,1,,kg,conflicting,1.0,Drug-8's modulation of the Antidiabetics pathway does not clearly relate to heart failure mechanisms based on the provided information.,0.5,1.875
2,Heart failure (broadened),biokg,kg,llama3.3:70b,1,8,F,3,0.3333333333333333,0,1,1,1,,prior,conflicting,3.0,"While Drug-8 targets several enzymes, its connection to heart failure is uncertain and may be indirect or unrelated.",0.375,1.875
2,GVHD + pediatric,biokg,kg,llama3.3:70b,0,8,B,1,1.0,1,1,1,1,,both,consistent,4.0,"Drug-6 modulates pathways related to protein kinases inhibitors, which could be relevant for GVHD treatment given the disease's association with genes like CTLA4 and IL17.",0.25,1.625
2,GVHD + pediatric,biokg,kg,llama3.3:70b,1,8,D,1,1.0,1,1,1,1,,both,consistent,4.0,"Drug-6 targets JAK1 and JAK2, which are involved in immune responses relevant to GVHD.",0.5,1.5
2,COVID-19 (expanded population),biokg,kg,llama3.3:70b,0,8,E,5,0.2,0,0,1,1,,kg,insufficient,1.0,Drug-8's targets do not clearly align with known COVID-19 treatment mechanisms based on provided knowledge graph evidence.,0.625,1.875
2,COVID-19 (expanded population),biokg,kg,llama3.3:70b,1,8,G,3,0.3333333333333333,0,1,1,1,,prior,insufficient,1.0,"Drug-8's targeting of transporters like MRP4 and MDR1 might influence drug disposition in COVID-19 patients, but lacks direct relevance to the disease's pathophysiology.",0.0,1.125
2,Delay T1D onset in children ≥1yr,biokg,kg,llama3.3:70b,0,8,A,8,0.125,0,0,0,1,,prior,insufficient,1.0,Drug-6 has no provided evidence or known mechanisms that would suggest a potential role in delaying T1D onset.,0.0,1.25
2,Delay T1D onset in children ≥1yr,biokg,kg,llama3.3:70b,1,8,F,7,0.14285714285714285,0,0,0,1,,prior,insufficient,1.0,"No information is provided about Drug-6, making it impossible to assess its potential for delaying T1D onset.",0.0,1.375
2,BRAF+ thyroid cancer,biokg,kg,llama3.3:70b,0,8,B,1,1.0,1,1,1,1,,both,consistent,3.0,"Drug-8 targets TNFA, which could be involved in cancer progression, making it a potential candidate for BRAF+ thyroid cancer.",0.375,1.5
2,BRAF+ thyroid cancer,biokg,kg,llama3.3:70b,1,8,B,1,1.0,1,1,1,1,,both,consistent,4.0,"Drug-8's targets include genes related to inflammation and signaling, which could indirectly relate to cancer progression, including BRAF+ thyroid cancer.",0.75,2.0
2,Chronic kidney disease,biokg,kg,llama3.3:70b,0,8,F,3,0.3333333333333333,0,1,1,1,,prior,insufficient,2.0,Drug-6 targets various proteins but lacks direct association with Chronic kidney disease pathways or genes.,0.0,1.375
2,Chronic kidney disease,biokg,kg,llama3.3:70b,1,8,G,1,1.0,1,1,1,1,,prior,insufficient,2.0,"Drug-6 targets several transporters which might be relevant in kidney function, but without direct evidence linking these to CKD, its potential is speculative.",0.25,1.25
2,IgG4-related disease,biokg,kg,llama3.3:70b,0,8,F,6,0.16666666666666666,0,0,0,1,,prior,insufficient,1.0,"Drug-8 targets CD19, a marker for B cells, but without more context on how it affects IgG4-related disease pathways, its potential is speculative.",0.125,1.5
2,IgG4-related disease,biokg,kg,llama3.3:70b,1,8,A,1,1.0,1,1,1,1,,both,consistent,4.0,"Drug-8 targets CD19, which is involved in B-cell activation and proliferation, making it a plausible candidate for treating an autoimmune disease like IgG4-related disease.",0.375,1.875
2,Oral tablet formulation for weight management,biokg,kg,llama3.3:70b,0,8,A,1,1.0,1,1,1,1,,both,consistent,4.0,"Drug-8 targets GLP1R, which is involved in glucose metabolism and has implications for weight management, making it a plausible candidate.",0.125,1.875
2,Oral tablet formulation for weight management,biokg,kg,llama3.3:70b,1,8,B,1,1.0,1,1,1,1,,both,consistent,5.0,"Drug-8 targets GLP1R and LIPL, which are directly related to glucose and lipid metabolism, making it a strong candidate for weight management.",0.125,1.75
2,Follicular lymphoma,biokg,kg,llama3.3:70b,0,8,G,7,0.14285714285714285,0,0,0,1,,prior,insufficient,1.0,"No information is provided about Drug-7's targets or mechanisms, making it impossible to assess its potential for treating Follicular lymphoma.",0.0,1.375
2,Follicular lymphoma,biokg,kg,llama3.3:70b,1,8,D,8,0.125,0,0,0,1,,prior,insufficient,1.0,"Similar to Drug-7, no details are available for Drug-8, preventing any meaningful evaluation of its potential efficacy against Follicular lymphoma.",0.0,1.625
2,Palmoplantar pustulosis (PMDA),biokg,kg,llama3.3:70b,0,8,B,1,1.0,1,1,1,1,,both,consistent,4.0,"Drug-8 targets IL23A, which is implicated in autoimmune and inflammatory conditions, making it a plausible candidate for treating PMDA.",0.375,1.5
2,Palmoplantar pustulosis (PMDA),biokg,kg,llama3.3:70b,1,8,E,1,1.0,1,1,1,1,,both,consistent,4.0,"Drug-8 targets IL23A, which is implicated in autoimmune and inflammatory diseases, providing a plausible mechanistic link to PMDA.",0.25,1.875
2,Acquired hypothalamic obesity,biokg,kg,llama3.3:70b,0,8,E,5,0.2,0,0,1,1,,prior,insufficient,1.0,"No evidence is provided for Drug-6, making it difficult to assess its potential for treating Acquired hypothalamic obesity.",0.5,2.0
2,Acquired hypothalamic obesity,biokg,kg,llama3.3:70b,1,8,D,4,0.25,0,0,1,1,,prior,insufficient,1.0,"No evidence is provided for Drug-6, making it impossible to assess its mechanistic plausibility for treating Acquired Hypothalamic Obesity.",0.5,1.125
2,Pheochromocytoma/paraganglioma,biokg,kg,llama3.3:70b,0,8,C,1,1.0,1,1,1,1,,kg,consistent,4.0,"Drug-8 targets EPAS1, which is related to hypoxia-inducible factor pathways that may be involved in pheochromocytoma/paraganglioma.",0.25,1.875
2,Pheochromocytoma/paraganglioma,biokg,kg,llama3.3:70b,1,8,B,1,1.0,1,1,1,1,,both,consistent,4.0,"Drug-8 targets EPAS1, which may play a role in tumor growth and hypoxia regulation relevant to Pheochromocytoma/paraganglioma.",0.125,1.875
2,IgE-mediated food allergy,biokg,kg,llama3.3:70b,0,8,B,1,1.0,1,1,1,1,,both,consistent,5.0,"Drug-1 targets FCERB and FCERA, which are directly related to the allergic response pathway, making it a strong candidate for treating IgE-mediated food allergy.",0.125,1.875
2,IgE-mediated food allergy,biokg,kg,llama3.3:70b,1,8,F,9,0.1111111111111111,0,0,0,1,,,,,,1.0,4.0
2,Advanced RCC after PD-1/PD-L1 + VEGF-TKI,biokg,kg,llama3.3:70b,0,8,B,5,0.2,0,0,1,1,,prior,conflicting,1.0,"Drug-8 targets EPAS1, which may be involved in hypoxia response, but its direct connection to Advanced RCC treatment is uncertain and potentially conflicting with prior knowledge.",0.5,2.0
2,Advanced RCC after PD-1/PD-L1 + VEGF-TKI,biokg,kg,llama3.3:70b,1,8,B,7,0.14285714285714285,0,0,0,1,,prior,insufficient,1.0,"Drug-8 targets EPAS1, but without more context or evidence linking this target to Advanced RCC treatment, its potential is unclear.",0.625,2.5
2,COPD,biokg,kg,llama3.3:70b,0,8,C,2,0.5,0,1,1,1,,prior,insufficient,2.0,"Drug-8 targets IL4RA, which could imply an immunomodulatory effect potentially relevant to COPD, although the direct connection is speculative.",0.0,1.5
2,COPD,biokg,kg,llama3.3:70b,1,8,C,5,0.2,0,0,1,1,,prior,insufficient,2.0,No provided evidence supports or refutes Drug-7's potential in treating COPD.,0.5,2.375
2,mHSPC + ADT,biokg,kg,llama3.3:70b,0,8,D,3,0.3333333333333333,0,1,1,1,,kg,conflicting,2.0,"Drug-8 targets PRGR and ANDR, which may be related to prostate cancer, but its connection to mHSPC + ADT is indirect and conflicting with prior knowledge.",0.375,1.5
2,mHSPC + ADT,biokg,kg,llama3.3:70b,1,8,G,1,1.0,1,1,1,1,,both,consistent,5.0,"Drug-8 targets ANDR, which is directly relevant to prostate cancer treatment, especially in the context of mHSPC + ADT.",0.125,1.875
2,COPD (EMA 2025),biokg,kg,llama3.3:70b,0,8,B,4,0.25,0,0,1,1,,prior,insufficient,2.0,"Drug-8's targeting of IL4RA might be relevant to COPD treatment, considering the role of interleukins in inflammation, but its specific connection to COPD is not well-established.",0.0,1.625
2,COPD (EMA 2025),biokg,kg,llama3.3:70b,1,8,F,7,0.14285714285714285,0,0,0,1,,kg,insufficient,1.0,"Drug-8 targets IL4RA, but without additional context or direct associations with COPD-related genes or pathways, its relevance is uncertain.",0.75,1.75
2,dMMR/MSI-H primary advanced endometrial cancer,biokg,kg,llama3.3:70b,0,8,A,8,0.125,0,0,0,1,,prior,insufficient,1.0,"No evidence was provided for Drug-8, making it impossible to assess its potential for treating dMMR/MSI-H primary advanced endometrial cancer.",0.375,1.625
2,dMMR/MSI-H primary advanced endometrial cancer,biokg,kg,llama3.3:70b,1,8,C,6,0.16666666666666666,0,0,0,1,,prior,insufficient,1.0,"No information is provided for Drug-6 or Drug-8, making them equally uncertain but less favorable due to the absence of any potential leads.",0.25,1.625
2,Generalized myasthenia gravis,biokg,kg,llama3.3:70b,0,8,F,3,0.3333333333333333,0,1,1,1,,prior,insufficient,1.0,"Drug-8 targets CD19, which is not associated with Generalized myasthenia gravis in the provided knowledge graph or prior knowledge.",0.0,1.5
2,Generalized myasthenia gravis,biokg,kg,llama3.3:70b,1,8,B,3,0.3333333333333333,0,1,1,1,,prior,insufficient,1.0,"Drug-8 targets CD19, a B-cell marker, which is not directly related to myasthenia gravis.",0.0,1.125
2,Urothelial carcinoma (expanded population),biokg,kg,llama3.3:70b,0,8,F,8,0.125,0,0,0,1,,prior,insufficient,1.0,"Drug-8's information is too limited to establish a plausible link to Urothelial carcinoma treatment mechanisms, making its assessment purely speculative.",0.375,2.0
2,Urothelial carcinoma (expanded population),biokg,kg,llama3.3:70b,1,8,B,5,0.2,0,0,1,1,,kg,insufficient,1.0,Drug-8 targets several proteins but lacks clear connection to pathways relevant for Urothelial carcinoma.,0.375,1.5
2,Crohn's disease,biokg,kg,llama3.3:70b,0,8,A,1,1.0,1,1,1,1,,both,consistent,4.0,"Drug-8 targets IL23A, which plays a role in inflammatory processes relevant to Crohn's disease.",0.125,1.5
2,Crohn's disease,biokg,kg,llama3.3:70b,1,8,A,1,1.0,1,1,1,1,,both,consistent,4.0,"Drug-8 targets IL23A, which is involved in inflammatory processes relevant to Crohn's disease.",0.375,1.875
2,RAS wild-type HER2+ metastatic colorectal cancer,biokg,kg,llama3.3:70b,0,8,E,1,1.0,1,1,1,1,,both,consistent,4.0,"Drug-7 targets ERBB2, which is relevant to HER2+ disease, providing a plausible mechanistic link.",0.5,2.0
2,RAS wild-type HER2+ metastatic colorectal cancer,biokg,kg,llama3.3:70b,1,8,G,1,1.0,1,1,1,1,,both,consistent,5.0,"Drug-7 targets ERBB2, which is a key target in HER2+ cancers, making it the most plausible candidate.",0.25,1.625
2,Atopic dermatitis,biokg,kg,llama3.3:70b,0,8,G,3,0.3333333333333333,0,1,1,1,,prior,insufficient,2.0,"Drug-7's targets include JAK3 and JAK1, which are involved in immune responses, but the direct connection to Atopic dermatitis is unclear.",0.25,1.875
2,Atopic dermatitis,biokg,kg,llama3.3:70b,1,8,F,1,1.0,1,1,1,1,,both,consistent,4.0,"Drug-7 targets JAK3, which is involved in immune responses relevant to Atopic dermatitis, providing a plausible mechanistic link.",0.25,1.75
2,dMMR recurrent/advanced endometrial cancer,biokg,kg,llama3.3:70b,0,8,A,8,0.125,0,0,0,1,,prior,insufficient,1.0,"Drug-8 has no provided evidence, leading to a low confidence ranking due to the complete lack of information on its potential efficacy in treating endometrial cancer.",0.5,1.5
2,dMMR recurrent/advanced endometrial cancer,biokg,kg,llama3.3:70b,1,8,E,8,0.125,0,0,0,1,,prior,insufficient,1.0,Lack of information on Drug-8's targets or pathways makes it impossible to assess its mechanistic plausibility for treating dMMR endometrial cancer.,0.125,1.5
2,Polymyalgia rheumatica,biokg,kg,llama3.3:70b,0,8,D,1,1.0,1,1,1,1,,both,consistent,4.0,"Drug-8 targets IL6RA, which is relevant to inflammatory processes, and its action on multiple receptors suggests potential for modulating immune responses implicated in Polymyalgia rheumatica.",0.25,1.875
2,Polymyalgia rheumatica,biokg,kg,llama3.3:70b,1,8,D,1,1.0,1,1,1,1,,both,consistent,4.0,"Drug-8 targets IL6RA, which is involved in inflammatory pathways potentially relevant to Polymyalgia rheumatica.",0.875,2.0
2,Metastatic colorectal cancer,biokg,kg,llama3.3:70b,0,8,A,2,0.5,0,1,1,1,,kg,conflicting,1.0,"Drug-3 targets several proteins but lacks a clear mechanistic link to colorectal cancer pathways, making its relevance uncertain.",0.625,1.125
2,Metastatic colorectal cancer,biokg,kg,llama3.3:70b,1,8,G,2,0.5,0,1,1,1,,prior,insufficient,1.0,Lack of direct relevance to metastatic colorectal cancer mechanisms in the provided pathways for Drug-3.,0.375,1.125
2,Ulcerative colitis,biokg,kg,llama3.3:70b,0,8,B,1,1.0,1,1,1,1,,both,consistent,5.0,"Drug-8 targets IL23A and IL12B, which are directly related to inflammatory pathways relevant to Ulcerative Colitis.",0.125,1.875
2,Ulcerative colitis,biokg,kg,llama3.3:70b,1,8,H,1,1.0,1,1,1,1,,both,consistent,4.0,"Drug-8 targets IL23A and IL12B, which are involved in inflammatory pathways relevant to Ulcerative Colitis.",0.25,1.875
2,MSI-H/dMMR solid tumors (full approval conversion),biokg,kg,llama3.3:70b,0,8,G,1,1.0,1,1,1,1,,prior,insufficient,2.0,"No direct evidence was provided for Drug-4 or any other drug, but PDCD1 is a known target in cancer immunotherapy.",0.5,1.625
2,MSI-H/dMMR solid tumors (full approval conversion),biokg,kg,llama3.3:70b,1,8,E,1,1.0,1,1,1,1,,both,consistent,4.0,"Drug-4 targets PDCD1, an immune checkpoint that is often targeted in cancer therapies, particularly for tumors with high mutational burden like MSI-H/dMMR solid tumors.",0.125,2.0
2,Schnitzler syndrome (Japan),biokg,kg,llama3.3:70b,0,8,A,1,1.0,1,1,1,1,,both,consistent,4.0,"Drug-7 targets IL1B, which is closely related to the disease-associated gene IL1RA, suggesting potential efficacy in treating Schnitzler syndrome.",0.125,2.125
2,Schnitzler syndrome (Japan),biokg,kg,llama3.3:70b,1,8,B,1,1.0,1,1,1,1,,both,consistent,4.0,"Drug B targets IL1B, which is closely related to the disease-associated gene IL1RA, suggesting potential therapeutic effect.",0.125,1.625
2,HR+/HER2- metastatic breast cancer,biokg,kg,llama3.3:70b,0,8,H,8,0.125,0,0,0,1,,both,consistent,4.0,"Drug-7 targets PARP1 and PARP2, which are relevant in breast cancer treatment, providing a plausible mechanism for HR+/HER2- metastatic breast cancer.",0.25,1.875
2,HR+/HER2- metastatic breast cancer,biokg,kg,llama3.3:70b,1,8,C,2,0.5,0,1,1,1,,both,consistent,4.0,Drug-7's targeting of PARP1 and PARP2 provides a plausible mechanism for treating HR+/HER2- metastatic breast cancer by exploiting DNA repair pathways.,0.625,1.75
2,Giant cell arteritis,biokg,kg,llama3.3:70b,0,8,G,2,0.5,0,1,1,1,,prior,insufficient,2.0,"Drug-8's profile was more directly related to inflammation through JAK1 targeting than the other candidates, but without direct evidence, Drug-5 and others are hard to prioritize based solely on prior knowledge.",0.0,1.375
2,Giant cell arteritis,biokg,kg,llama3.3:70b,1,8,C,3,0.3333333333333333,0,1,1,1,,kg,insufficient,2.0,"Drug-8 targets several enzymes and transporters, but the connection to Giant cell arteritis is indirect and based on potential immunomodulatory effects.",0.25,1.5
2,Neoadj+adj HNSCC,biokg,kg,llama3.3:70b,0,8,E,5,0.2,0,0,1,1,,prior,insufficient,1.0,"Drug-5 targets PDCD1, which is involved in immune checkpoint regulation, but without more specific evidence linking it to HNSCC treatment, its relevance remains speculative.",0.125,1.5
2,Neoadj+adj HNSCC,biokg,kg,llama3.3:70b,1,8,B,6,0.16666666666666666,0,0,0,1,,prior,insufficient,1.0,"Drug-5 targets PDCD1, which is involved in immune regulation, but its relevance to HNSCC treatment is unclear without further evidence.",0.25,1.875
2,Psoriasis in children 6-11 (cream),biokg,kg,llama3.3:70b,0,8,A,1,1.0,1,1,1,1,,both,consistent,4.0,"Drug-2 targets PDE4 subtypes, which are involved in inflammatory processes relevant to psoriasis.",0.5,2.125
2,Psoriasis in children 6-11 (cream),biokg,kg,llama3.3:70b,1,8,B,1,1.0,1,1,1,1,,prior,insufficient,3.0,"Drug-2 targets PDE4 enzymes, which are involved in inflammation pathways and may be relevant to treating psoriasis.",0.125,1.75
2,dMMR/MSI-H primary advanced endometrial cancer (+chemo),biokg,kg,llama3.3:70b,0,8,D,7,0.14285714285714285,0,0,0,1,,prior,insufficient,1.0,"No evidence was provided for Drug-8, making it difficult to assess its mechanistic plausibility.",0.75,1.875
2,dMMR/MSI-H primary advanced endometrial cancer (+chemo),biokg,kg,llama3.3:70b,1,8,B,8,0.125,0,0,0,1,,prior,insufficient,1.0,"No evidence or targets are provided for Drug-8, making it impossible to evaluate its potential effectiveness against dMMR/MSI-H primary advanced endometrial cancer.",0.375,1.625
2,Primary immunodeficiency pediatric (EMA),biokg,kg,llama3.3:70b,0,8,H,9,0.1111111111111111,0,0,0,1,,,,,,1.0,4.0
2,Primary immunodeficiency pediatric (EMA),biokg,kg,llama3.3:70b,1,8,G,1,1.0,1,1,1,1,,both,consistent,4.0,"Drug-1 targets immune-related receptors, suggesting a plausible link to treating immunodeficiencies.",0.25,1.625
2,HR+/HER2- breast cancer,biokg,kg,llama3.3:70b,0,8,D,5,0.2,0,0,1,1,,prior,insufficient,1.0,No direct or indirect evidence links Drug-8's targets to HR+/HER2- breast cancer mechanisms in the provided information.,0.5,1.875
2,HR+/HER2- breast cancer,biokg,kg,llama3.3:70b,1,8,E,8,0.125,0,0,0,1,,prior,insufficient,1.0,The targets and pathways associated with Drug-8 do not provide a clear link to the treatment of HR+/HER2- breast cancer.,0.125,1.75
2,Ulcerative colitis,biokg,kg,llama3.3:70b,0,8,G,1,1.0,1,1,1,1,,both,consistent,4.0,"Drug-6 targets IL23A, which is involved in inflammatory processes relevant to Ulcerative Colitis.",0.125,1.625
2,Ulcerative colitis,biokg,kg,llama3.3:70b,1,8,H,1,1.0,1,1,1,1,,both,consistent,5.0,"Drug-6 targets IL23A, a cytokine involved in inflammatory processes relevant to Ulcerative Colitis.",0.125,2.125
2,HER2-mutant NSCLC (PMDA),biokg,kg,llama3.3:70b,0,8,G,1,1.0,1,1,1,1,,prior,insufficient,2.0,"Drug-8 targets a variety of proteins including some involved in cancer-related processes, making it a potential candidate based on prior knowledge alone.",0.25,1.375
2,HER2-mutant NSCLC (PMDA),biokg,kg,llama3.3:70b,1,8,A,2,0.5,0,1,1,1,,prior,insufficient,2.0,"Drug-8's targets, such as TOP1 and MRP1, are involved in DNA replication and drug resistance, which could be relevant to cancer treatment, but there is no direct evidence linking it to HER2-mutant NSCLC.",0.0,1.25
2,Pediatric atopic dermatitis,biokg,kg,llama3.3:70b,0,8,E,3,0.3333333333333333,0,1,1,1,,kg,conflicting,3.0,"Drug-8 targets ABCG2 and other enzymes, but its relevance to pediatric atopic dermatitis is unclear due to the lack of direct mechanistic links.",0.5,1.875
2,Pediatric atopic dermatitis,biokg,kg,llama3.3:70b,1,8,H,8,0.125,0,0,0,1,,prior,insufficient,1.0,"Like other candidates, Drug-8 lacks direct evidence linking it to pediatric atopic dermatitis treatment mechanisms.",0.125,1.625
2,HER2-mutant NSCLC (EMA),biokg,kg,llama3.3:70b,0,8,H,8,0.125,0,0,0,1,,prior,insufficient,1.0,"Drug-8's targets include a variety of enzymes and receptors not directly associated with treating HER2-mutant NSCLC, making its mechanistic plausibility low.",0.125,1.5
2,HER2-mutant NSCLC (EMA),biokg,kg,llama3.3:70b,1,8,D,4,0.25,0,0,1,1,,prior,insufficient,1.0,Drug-8's targets do not clearly align with known oncogenic pathways or common cancer therapeutic strategies based on provided information.,0.0,1.375
2,IV formulation for rheumatic diseases (EMA),biokg,kg,llama3.3:70b,0,8,G,1,1.0,1,1,1,1,,both,consistent,5.0,"Drug-7 modulates the Antirheumatics - DMARDs and biological agents pathway and targets IL17, which is a key player in rheumatic diseases.",0.25,2.125
2,IV formulation for rheumatic diseases (EMA),biokg,kg,llama3.3:70b,1,8,C,1,1.0,1,1,1,1,,both,consistent,5.0,"Drug-7 modulates antirheumatics pathways and targets IL17, which is directly relevant to rheumatic diseases.",0.25,2.0
2,Resectable gastric/GEJ adenocarcinoma (neoadj+adj +FLOT),biokg,kg,llama3.3:70b,0,8,H,2,0.5,0,1,1,1,,both,consistent,4.0,"Drug-7 targets PD1L1, an immune checkpoint molecule that is often overexpressed in cancer cells, making it a plausible candidate for immunotherapy.",0.5,2.0
2,Resectable gastric/GEJ adenocarcinoma (neoadj+adj +FLOT),biokg,kg,llama3.3:70b,1,8,E,1,1.0,1,1,1,1,,both,consistent,5.0,"Drug-7 targets PD1L1, a known target in cancer immunotherapy, providing a strong mechanistic link to the treatment of gastric/GEJ adenocarcinoma.",0.375,2.0
2,Antibody-mediated rejection in organ transplantation,biokg,kg,llama3.3:70b,0,8,C,1,1.0,1,1,1,1,,both,consistent,5.0,"Drug-1 targets CD20, a key player in B cell biology and thus potentially relevant to antibody-mediated rejection.",0.625,1.75
2,Antibody-mediated rejection in organ transplantation,biokg,kg,llama3.3:70b,1,8,B,1,1.0,1,1,1,1,,both,consistent,5.0,"Drug-1 targets CD20, a key marker for B cells involved in antibody production, making it highly relevant to treating antibody-mediated rejection.",0.625,1.875
2,RET-fusion NSCLC (expanded),biokg,kg,llama3.3:70b,0,8,A,1,1.0,1,1,1,1,,both,consistent,5.0,"Drug-8 directly targets RET, a gene associated with RET-fusion NSCLC.",0.125,2.0
2,RET-fusion NSCLC (expanded),biokg,kg,llama3.3:70b,1,8,E,1,1.0,1,1,1,1,,both,consistent,5.0,"Drug-8 directly targets RET, a gene associated with RET-fusion NSCLC, providing a strong mechanistic link.",0.125,1.625
2,EGPA,biokg,kg,llama3.3:70b,0,8,B,3,0.3333333333333333,0,1,1,1,,prior,insufficient,2.0,"Drug-1's targets (FCERB, FCERA) are related to allergic responses, which might be tangentially relevant to EGPA, but the connection is indirect and speculative.",0.125,1.625
2,EGPA,biokg,kg,llama3.3:70b,1,8,D,1,1.0,1,1,1,1,,prior,insufficient,3.0,"Drug-1 targets FCERB and FCERA, which might be involved in immune responses potentially relevant to EGPA.",0.5,1.625
2,HR+/HER2- metastatic breast cancer,biokg,kg,llama3.3:70b,0,8,E,1,1.0,1,1,1,1,,prior,insufficient,2.0,"Although there's no direct evidence linking Drug-8 to breast cancer, its targets like TOP1 are involved in DNA replication and transcription, which could be relevant to cancer treatment.",0.25,1.375
2,HR+/HER2- metastatic breast cancer,biokg,kg,llama3.3:70b,1,8,F,3,0.3333333333333333,0,1,1,1,,kg,consistent,2.0,"Drug-8 targets TOP1, which is involved in DNA replication and could be relevant to cancer treatment, but its connection to breast cancer is not well-established.",0.375,1.875
2,Primary humoral immunodeficiency pediatric 2-11yr,biokg,kg,llama3.3:70b,0,8,H,1,1.0,1,1,1,1,,both,consistent,4.0,"Drug-1 targets immune-related receptors, making it a plausible candidate for treating immunodeficiency.",0.125,1.625
2,Primary humoral immunodeficiency pediatric 2-11yr,biokg,kg,llama3.3:70b,1,8,C,1,1.0,1,1,1,1,,both,consistent,4.0,"Drug-1 targets Fc gamma receptors, which are relevant to immune responses and thus plausible for treating Primary humoral immunodeficiency.",0.375,1.625
2,Pediatric glioma (EMA),biokg,kg,llama3.3:70b,0,8,C,2,0.5,0,1,1,1,,both,consistent,3.0,"Drug-3 targets BRAF and RAF1, which are part of the MAPK/ERK pathway involved in cell division and survival, potentially relevant to glioma treatment.",0.25,2.0
2,Pediatric glioma (EMA),biokg,kg,llama3.3:70b,1,8,A,1,1.0,1,1,1,1,,both,consistent,4.0,"Drug-3 targets BRAF, a known oncogene in gliomas, providing a plausible mechanistic link to pediatric glioma.",0.125,1.875
2,Juvenile idiopathic arthritis (EMA Feb 2026),biokg,kg,llama3.3:70b,0,8,G,1,1.0,1,1,1,1,,both,consistent,4.0,"Drug-8 targets JAK3, which is involved in immune responses and could be relevant to treating autoimmune diseases like JIA.",0.25,1.875
2,Juvenile idiopathic arthritis (EMA Feb 2026),biokg,kg,llama3.3:70b,1,8,G,1,1.0,1,1,1,1,,both,consistent,4.0,"Drug-8 targets JAK3, which is involved in immune responses and could be relevant to treating JIA, given the disease's autoimmune nature.",0.25,1.875
2,Ph+ CML-CP after 2+ TKIs,biokg,kg,llama3.3:70b,0,8,D,4,0.25,0,0,1,1,,prior,insufficient,1.0,"No information is provided for Drug-8, making its assessment purely speculative.",0.375,1.375
2,Ph+ CML-CP after 2+ TKIs,biokg,kg,llama3.3:70b,1,8,B,6,0.16666666666666666,0,0,0,1,,prior,insufficient,1.0,"No evidence is available for Drug-8, making it difficult to assess its potential for treating Ph+ CML-CP.",0.5,1.875
2,KRAS G12C+ mCRC,biokg,kg,llama3.3:70b,0,8,B,1,1.0,1,1,1,1,,both,consistent,4.0,"Drug-8 targets RASK, which is closely related to the KRAS pathway implicated in KRAS G12C+ mCRC.",0.25,1.875
2,KRAS G12C+ mCRC,biokg,kg,llama3.3:70b,1,8,B,1,1.0,1,1,1,1,,kg,consistent,5.0,"Drug-8 targets RASK, which is directly related to the KRAS pathway, making it a promising candidate for treating KRAS G12C+ mCRC.",0.375,2.125
2,HR+/HER2- early breast cancer (adjuvant),biokg,kg,llama3.3:70b,0,8,E,1,1.0,1,1,1,1,,both,consistent,4.0,"Drug-5 targets ESR1 and is associated with estrogen receptor agonists/antagonists, making it a plausible candidate for HR+/HER2- breast cancer.",0.375,1.875
2,HR+/HER2- early breast cancer (adjuvant),biokg,kg,llama3.3:70b,1,8,F,2,0.5,0,1,1,1,,prior,insufficient,3.0,"While Drug-6 targets CDK4 and CDK6, which are involved in cell cycle progression, its direct relevance to HR+/HER2- breast cancer is less clear without specific pathway modulation information.",0.125,1.875
2,First-line anemia in lower-risk MDS,biokg,kg,llama3.3:70b,0,8,H,1,1.0,1,1,1,1,,prior,insufficient,2.0,"Drug-7 has no provided evidence, but its unknown mechanism might potentially target relevant pathways for anemia in MDS.",0.375,1.5
2,First-line anemia in lower-risk MDS,biokg,kg,llama3.3:70b,1,8,B,4,0.25,0,0,1,1,,prior,insufficient,1.0,"No data is available for Drug-7, making its assessment for MDS-related anemia impossible based on the provided information.",0.0,1.125
2,Follicular lymphoma (+obinutuzumab),biokg,kg,llama3.3:70b,0,8,F,1,1.0,1,1,1,1,,prior,insufficient,3.0,"Drug-8 targets several kinases involved in cell signaling pathways, which could be relevant to cancer treatment, including Follicular lymphoma.",0.5,1.875
2,Follicular lymphoma (+obinutuzumab),biokg,kg,llama3.3:70b,1,8,A,1,1.0,1,1,1,1,,prior,insufficient,3.0,"Drug-8 targets several kinases (BMX, FRK, FGR, TXK, TEC, ITK, BLK, PTK6) which could potentially be involved in cancer cell signaling pathways.",0.0,1.75
2,1L biliary tract cancer (+gemcitabine+cisplatin),biokg,kg,llama3.3:70b,0,8,F,6,0.16666666666666666,0,0,0,1,,prior,insufficient,1.0,"Drug-6 targets PDCD1, which is involved in immune checkpoint regulation; while this has implications for cancer treatment, its direct relevance to biliary tract cancer is not established with the given information.",0.125,1.625
2,1L biliary tract cancer (+gemcitabine+cisplatin),biokg,kg,llama3.3:70b,1,8,D,2,0.5,0,1,1,1,,prior,insufficient,3.0,"Drug-6 targets PDCD1, which is involved in immune checkpoint regulation, and may have potential as an immunotherapy for cancer.",0.5,1.75
2,"ALK+ solid tumors (tissue-agnostic, world-first)",biokg,kg,llama3.3:70b,0,8,E,1,1.0,1,1,1,1,,both,consistent,5.0,"Drug-8 directly targets ALK, which is a primary target for treating ALK+ solid tumors.",0.25,1.75
2,"ALK+ solid tumors (tissue-agnostic, world-first)",biokg,kg,llama3.3:70b,1,8,H,1,1.0,1,1,1,1,,both,consistent,5.0,"Drug-8 directly targets ALK, which is a key characteristic of the target disease, making it the most plausible candidate.",0.125,1.625
2,Pediatric BRAF V600E low-grade glioma,biokg,kg,llama3.3:70b,0,8,A,1,1.0,1,1,1,1,,both,consistent,5.0,"Drug-5 directly targets BRAF, a crucial mutation in Pediatric BRAF V600E low-grade glioma.",0.75,2.125
2,Pediatric BRAF V600E low-grade glioma,biokg,kg,llama3.3:70b,1,8,D,1,1.0,1,1,1,1,,both,consistent,5.0,"Drug-5 directly targets BRAF, which is a crucial mutation in Pediatric BRAF V600E low-grade glioma.",0.125,2.25
2,Platinum-resistant ovarian carcinoma (PD-L1+ CPS≥1),biokg,kg,llama3.3:70b,0,8,E,1,1.0,1,1,1,1,,both,consistent,4.0,"Drug-8 targets PDCD1, which is closely related to the PD-L1 biomarker of the target disease.",0.5,1.625
2,Platinum-resistant ovarian carcinoma (PD-L1+ CPS≥1),biokg,kg,llama3.3:70b,1,8,B,1,1.0,1,1,1,1,,both,consistent,4.0,"Drug-8 targets PDCD1, which is relevant to the disease, as PD-L1 is a target in cancer immunotherapy.",0.125,1.625
2,Ph+ CML-CP frontline (EMA Feb 2026),biokg,kg,llama3.3:70b,0,8,E,7,0.14285714285714285,0,0,0,1,,prior,insufficient,1.0,No information provided about Drug-8's targets or pathways makes it impossible to assess its mechanistic plausibility.,0.375,2.0
2,Ph+ CML-CP frontline (EMA Feb 2026),biokg,kg,llama3.3:70b,1,8,A,7,0.14285714285714285,0,0,0,1,,prior,insufficient,1.0,"No information was provided for Drug-8, making it impossible to assess its relevance to Ph+ CML-CP treatment.",0.5,1.625
2,Gastric/GEJ adenocarcinoma,biokg,kg,llama3.3:70b,0,8,C,3,0.3333333333333333,0,1,1,1,,both,consistent,3.0,"Drug-8 targets PD1L1, which is involved in immune checkpoint regulation and has been implicated in cancer immunotherapy, providing a mechanistic link to Gastric/GEJ adenocarcinoma treatment.",0.375,2.25
2,Gastric/GEJ adenocarcinoma,biokg,kg,llama3.3:70b,1,8,A,1,1.0,1,1,1,1,,both,consistent,4.0,"Drug-8 targets PD1L1 and CD80, which are involved in immune checkpoint regulation, a known mechanism for cancer treatment.",0.375,1.75
2,Chronic lymphocytic leukemia,biokg,kg,llama3.3:70b,0,8,E,1,1.0,1,1,1,1,,both,insufficient,3.0,"Drug-8 targets various kinases which could potentially influence signaling pathways relevant to cancer, including leukemia, although no direct link to Chronic lymphocytic leukemia is provided.",0.125,1.5
2,Chronic lymphocytic leukemia,biokg,kg,llama3.3:70b,1,8,H,1,1.0,1,1,1,1,,prior,insufficient,3.0,"Drug-8 targets various kinases, which could be relevant to cancer treatment, including potentially in leukemia, given the role of kinase signaling in cell proliferation and survival.",0.0,1.875
2,HER2+ early-stage BC (neoadjuvant + adjuvant),biokg,kg,llama3.3:70b,0,8,H,1,1.0,1,1,1,1,,prior,insufficient,2.0,"Drug-8 targets TOP1, which is involved in DNA replication and could potentially affect rapidly dividing cancer cells, although this is speculative without direct evidence of its efficacy in HER2+ breast cancer.",0.25,1.125
2,HER2+ early-stage BC (neoadjuvant + adjuvant),biokg,kg,llama3.3:70b,1,8,E,1,1.0,1,1,1,1,,both,consistent,4.0,"Drug-8 targets TOP1, which has a known role in cancer therapy, suggesting potential relevance to HER2+ breast cancer.",0.625,1.75
2,HR+/HER2-low breast cancer,biokg,kg,llama3.3:70b,0,8,E,6,0.16666666666666666,0,0,0,1,,kg,insufficient,1.0,The relevance of Drug-8's targets to HR+/HER2-low breast cancer is not apparent from the provided information.,0.625,1.125
2,HR+/HER2-low breast cancer,biokg,kg,llama3.3:70b,1,8,D,4,0.25,0,0,1,1,,prior,insufficient,1.0,"Drug-8's targets include TOP1, which is involved in DNA replication, but without specific evidence linking it to breast cancer, its potential is uncertain.",0.0,1.25
2,"Pediatric low-grade glioma (+dabrafenib, BRAF V600E)",biokg,kg,llama3.3:70b,0,8,B,6,0.16666666666666666,0,0,0,1,,prior,insufficient,1.0,"There is insufficient evidence to support Drug-7's use in treating Pediatric low-grade glioma, and its targets do not clearly relate to the disease.",0.5,1.875
2,"Pediatric low-grade glioma (+dabrafenib, BRAF V600E)",biokg,kg,llama3.3:70b,1,8,D,6,0.16666666666666666,0,0,0,1,,prior,insufficient,1.0,"Drug-7's targeting of various enzymes and transporters suggests potential effects on drug metabolism and transport, but its relevance to Pediatric low-grade glioma is highly uncertain.",0.125,2.0
2,Unresectable thymic carcinoma (PMDA),biokg,kg,llama3.3:70b,0,8,G,1,1.0,1,1,1,1,,both,consistent,4.0,Drug-7's targeting of multiple receptors involved in cancer-related pathways suggests a potential mechanistic link to Unresectable thymic carcinoma (PMDA).,0.125,2.0
2,Unresectable thymic carcinoma (PMDA),biokg,kg,llama3.3:70b,1,8,B,2,0.5,0,1,1,1,,prior,insufficient,2.0,"Drug-7 targets several growth factor receptors (VGFR1, FGFRs), which are often involved in cancer progression, suggesting potential based on prior knowledge of receptor tyrosine kinase inhibitors.",0.125,1.25
2,BRAF+ thyroid cancer,biokg,kg,llama3.3:70b,0,8,B,1,1.0,1,1,1,1,,both,consistent,5.0,"Drug-7 directly targets BRAF, a primary mutation in BRAF+ thyroid cancer, making it highly plausible for treatment.",0.125,1.75
2,BRAF+ thyroid cancer,biokg,kg,llama3.3:70b,1,8,E,1,1.0,1,1,1,1,,both,consistent,5.0,"Drug-7 directly targets BRAF, a key mutation in BRAF+ thyroid cancer.",0.5,1.625
2,IDH1-mutated relapsed/refractory MDS,biokg,kg,llama3.3:70b,0,8,E,1,1.0,1,1,1,1,,both,consistent,4.0,"Drug-8 targets IDHC, which is related to the disease's association with IDH1 mutations, making it a plausible candidate.",0.5,1.625
2,IDH1-mutated relapsed/refractory MDS,biokg,kg,llama3.3:70b,1,8,B,1,1.0,1,1,1,1,,both,consistent,4.0,"Drug-8 targets IDHC, which is directly associated with the disease, providing a clear mechanistic link.",0.125,1.75
2,Biliary tract cancer,biokg,kg,llama3.3:70b,0,8,A,4,0.25,0,0,1,1,,prior,insufficient,2.0,"Drug-8 targets PDCD1, which is involved in immune regulation, but its direct relevance to Biliary tract cancer treatment is unclear without more specific evidence.",0.125,1.875
2,Biliary tract cancer,biokg,kg,llama3.3:70b,1,8,D,7,0.14285714285714285,0,0,0,1,,prior,insufficient,1.0,"Drug-8 targets PDCD1, which is involved in immune checkpoint regulation and could be relevant to cancer treatment, but without more specific information about its mechanism or relation to Biliary tract cancer, its potential is uncertain.",0.125,1.625
2,"mCRC BRAF V600E (traditional approval, was accelerated)",biokg,kg,llama3.3:70b,0,8,C,1,1.0,1,1,1,1,,both,consistent,5.0,"Drug-7 targets BRAF, which is a key player in the mCRC BRAF V600E disease pathway.",0.375,1.75
2,"mCRC BRAF V600E (traditional approval, was accelerated)",biokg,kg,llama3.3:70b,1,8,F,9,0.1111111111111111,0,0,0,1,,,,,,1.0,5.0
2,Gastric/GEJ adenocarcinoma (1L +chemo),biokg,kg,llama3.3:70b,0,8,H,1,1.0,1,1,1,1,,both,consistent,4.0,"Drug-6 targets PD1L1 and CD80, which are relevant to immune checkpoint inhibition in cancer treatment.",0.625,1.625
2,Gastric/GEJ adenocarcinoma (1L +chemo),biokg,kg,llama3.3:70b,1,8,G,1,1.0,1,1,1,1,,both,consistent,4.0,"Drug-6 targets PD1L1 and CD80, which are related to immune checkpoint pathways relevant to cancer treatment.",0.5,1.625
