seed,disease,kg,condition,model,shuffle,pool_size,positive_letter,rank,reciprocal_rank,hit@1,hit@3,hit@5,parsed,error,pos_basis,pos_agreement,pos_confidence,pos_rationale,frac_basis_kg,mean_confidence
3,Agitation associated with Alzheimer's dementia,none,no_kg,llama3.1:8b,0,8,B,6,0.16666666666666666,0,0,0,1,,kg,conflicting,1.0,The knowledge graph links Drug-8 to the BDNF pathway but also reports conflicting evidence regarding its efficacy in Alzheimer's disease.,0.625,1.875
3,Agitation associated with Alzheimer's dementia,none,no_kg,llama3.1:8b,1,8,F,1,1.0,1,1,1,1,,both,consistent,5.0,"Drug-8 is repurposed for agitation in Alzheimer's dementia based on strong mechanistic links involving cholinergic pathway modulation, a key target in this disease.",0.75,2.375
3,LDL-C elevation in statin-intolerant dyslipidemia,none,no_kg,llama3.1:8b,0,8,E,4,0.25,0,0,1,1,,kg,insufficient,2.0,"No clear mechanistic link to LDL-C elevation in statin-intolerant dyslipidemia; associated with ABCG1 (target), but pathway and disease connection is unclear",0.75,3.5
3,LDL-C elevation in statin-intolerant dyslipidemia,none,no_kg,llama3.1:8b,1,8,E,7,0.14285714285714285,0,0,0,1,,kg,insufficient,1.0,No direct evidence links Drug-8 to LDL-C regulation or lipid metabolism; KG evidence is sparse and unverified.,0.75,2.375
3,First-line anemia in lower-risk MDS,none,no_kg,llama3.1:8b,0,8,G,5,0.2,0,0,1,1,,kg,insufficient,1.0,No relevant target associations for Drug-8 in the knowledge graph,0.75,2.5
3,First-line anemia in lower-risk MDS,none,no_kg,llama3.1:8b,1,8,B,1,1.0,1,1,1,1,,both,consistent,4.0,"Drug-8 is linked to a pathway (Wnt signaling) implicated in erythropoiesis regulation, and its use in MDS patients has been reported.",0.75,2.5
3,Palmoplantar pustulosis (PMDA),none,no_kg,llama3.1:8b,0,8,H,8,0.125,0,0,0,1,,prior,insufficient,1.0,"Without sufficient evidence from the knowledge graph and lacking a clear pharmacological rationale, Drug-8's potential for treating PMDA is uncertain.",0.625,2.0
3,Palmoplantar pustulosis (PMDA),none,no_kg,llama3.1:8b,1,8,H,8,0.125,0,0,0,1,,kg,insufficient,2.0,"There's a mechanistic link between Drug-8 and IL-17, but evidence is weak and indirect.",0.75,2.25
3,Acute HCV pediatric,none,no_kg,llama3.1:8b,0,8,A,1,1.0,1,1,1,1,,both,consistent,4.0,Drug-8 has a mechanistic link to HCV through the PI3K/AKT pathway and is known to inhibit viral replication in liver cells.,0.5,2.5
3,Acute HCV pediatric,none,no_kg,llama3.1:8b,1,8,A,3,0.3333333333333333,0,1,1,1,,kg,conflicting,2.0,"The KG reports a link between Drug-8 and HCV via the MAPK pathway, but I'm uncertain about its relevance due to conflicting evidence on this pathway's involvement in HCV.",0.75,3.25
3,Oral tablet formulation for weight management,none,no_kg,llama3.1:8b,0,8,B,7,0.14285714285714285,0,0,0,1,,prior,insufficient,3.0,"As a treatment for other metabolic disorders, Drug-8 might have some mechanistic plausibility for weight management, but the evidence is sparse.",0.75,2.125
3,Oral tablet formulation for weight management,none,no_kg,llama3.1:8b,1,8,H,8,0.125,0,0,0,1,,kg,conflicting,4.0,"Some association with weight gain, conflicting with the target disease",0.5,3.0
3,Nephrotic syndrome,none,no_kg,llama3.1:8b,0,8,G,6,0.16666666666666666,0,0,0,1,,prior,insufficient,4.0,"Based on general pharmacological knowledge, this drug has some potential for nephroprotective effects but lacks direct evidence.",0.625,3.125
3,Nephrotic syndrome,none,no_kg,llama3.1:8b,1,8,G,2,0.5,0,1,1,1,,prior,insufficient,4.0,Angiotensin II receptor blockers (ARBs) like Drug-1 are commonly used in nephrotic syndrome due to their anti-proteinuric effects.,0.625,3.0
3,KRAS G12C+ mCRC,none,no_kg,llama3.1:8b,0,8,D,2,0.5,0,1,1,1,,kg,consistent,4.0,"Drug-8 has a mechanistic link to KRAS G12C through the RAF pathway; however, the KG evidence is limited.",0.875,2.75
3,KRAS G12C+ mCRC,none,no_kg,llama3.1:8b,1,8,F,7,0.14285714285714285,0,0,0,1,,kg,insufficient,1.0,No direct evidence was found for Drug-8's mechanism of action in KRAS G12C+ mCRC.,0.875,2.625
3,Retinal vein occlusion,none,no_kg,llama3.1:8b,0,8,F,5,0.2,0,0,1,1,,kg,insufficient,3.0,"Drug-8 has a mechanistic link to fibrosis pathway, but no clear association with Retinal vein occlusion.",0.75,2.125
3,Retinal vein occlusion,none,no_kg,llama3.1:8b,1,8,C,6,0.16666666666666666,0,0,0,1,,kg,insufficient,3.0,"Drug-8 -> VEGF, but no direct association with retinal vein occlusion is provided.",0.5,2.5
3,TRD monotherapy,none,no_kg,llama3.1:8b,0,8,G,2,0.5,0,1,1,1,,kg,insufficient,3.0,The KG provides limited information on Drug-8's mechanisms; further research would be needed to establish a connection to TRD monotherapy.,0.75,1.875
3,TRD monotherapy,none,no_kg,llama3.1:8b,1,8,F,6,0.16666666666666666,0,0,0,1,,prior,insufficient,1.0,No clear mechanistic links or prior evidence support Drug-8's use in TRD monotherapy.,0.75,2.625
3,Reduce MACE in CVD + obesity/overweight,none,no_kg,llama3.1:8b,0,8,C,4,0.25,0,0,1,1,,prior,insufficient,2.0,"Drug-8 has been associated with weight loss in some studies, which could be beneficial for patients with obesity/overweight.",0.625,1.875
3,Reduce MACE in CVD + obesity/overweight,none,no_kg,llama3.1:8b,1,8,G,1,1.0,1,1,1,1,,kg,consistent,5.0,"Drug-8 is associated with the PPARγ pathway, which has been implicated in obesity and CVD.",0.625,3.125
3,Indolent systemic mastocytosis (EMA),none,no_kg,llama3.1:8b,0,8,H,8,0.125,0,0,0,1,,prior,insufficient,2.0,No evidence provided; pharmacological profile does not strongly suggest efficacy against the target disease,0.5,3.5
3,Indolent systemic mastocytosis (EMA),none,no_kg,llama3.1:8b,1,8,E,7,0.14285714285714285,0,0,0,1,,kg,insufficient,1.0,"Like Drug-7, no evidence is provided for Drug-8's mechanism of action in this disease.",0.75,2.25
3,IgG4-related disease,none,no_kg,llama3.1:8b,0,8,D,6,0.16666666666666666,0,0,0,1,,prior,insufficient,2.0,"Based on my pharmacological knowledge, Drug-8 may have immunosuppressive properties that could be beneficial for IgG4-related disease.",0.75,2.0
3,IgG4-related disease,none,no_kg,llama3.1:8b,1,8,F,6,0.16666666666666666,0,0,0,1,,kg,conflicting,1.0,"Knowledge graph reports a link to IL-17 signaling pathway, but this is not typically associated with IgG4-related disease.",0.75,2.0
3,COVID-19 (expanded population),none,no_kg,llama3.1:8b,0,8,F,6,0.16666666666666666,0,0,0,1,,kg,insufficient,1.0,No direct KG evidence linking Drug-8 to COVID-19; my prior knowledge is limited in this area.,0.75,2.375
3,COVID-19 (expanded population),none,no_kg,llama3.1:8b,1,8,F,5,0.2,0,0,1,1,,kg,insufficient,1.0,No clear mechanistic link in the knowledge graph,0.875,2.375
3,Obstructive sleep apnea with obesity,none,no_kg,llama3.1:8b,0,8,G,4,0.25,0,0,1,1,,prior,insufficient,3.0,Lack of knowledge about Drug-8's mechanism prevents a strong assessment.,0.75,2.875
3,Obstructive sleep apnea with obesity,none,no_kg,llama3.1:8b,1,8,A,6,0.16666666666666666,0,0,0,1,,kg,insufficient,2.0,"The knowledge graph shows a link between Drug-8 and DOID:0050848 through mTOR, but the relevance of this pathway is uncertain.",0.625,2.375
3,Biliary tract cancer 1L,none,no_kg,llama3.1:8b,0,8,E,6,0.16666666666666666,0,0,0,1,,prior,insufficient,4.0,Possible anti-proliferative effects; further evidence is needed for Biliary tract cancer relevance.,0.5,2.75
3,Biliary tract cancer 1L,none,no_kg,llama3.1:8b,1,8,B,4,0.25,0,0,1,1,,kg,conflicting,2.0,"KG evidence suggests Drug-8 may be involved in Biliary tract cancer 1L (DOID:4607), but prior knowledge notes it has a narrow therapeutic index.",0.625,2.875
3,Retinal vein occlusion,none,no_kg,llama3.1:8b,0,8,G,6,0.16666666666666666,0,0,0,1,,prior,insufficient,3.0,Drug-8 has been used in ophthalmic conditions but lacks a clear mechanistic connection to RVO.,0.625,2.625
3,Retinal vein occlusion,none,no_kg,llama3.1:8b,1,8,D,7,0.14285714285714285,0,0,0,1,,prior,insufficient,2.0,"Although no direct link is found, its use in treating vascular diseases suggests some potential for Retinal vein occlusion treatment.",0.75,2.125
3,Chorea associated with Huntington's disease,none,no_kg,llama3.1:8b,0,8,C,5,0.2,0,0,1,1,,kg,insufficient,3.0,The link provided for Drug-6 is sparse and doesn't directly implicate it in Huntington's disease pathology.,0.625,3.625
3,Chorea associated with Huntington's disease,none,no_kg,llama3.1:8b,1,8,H,8,0.125,0,0,0,1,,kg,insufficient,1.0,The knowledge graph does not provide clear evidence linking Drug-6 to Huntington's disease or related pathways.,0.75,2.5
3,High LDL-C with increased CV risk (expanded),none,no_kg,llama3.1:8b,0,8,H,7,0.14285714285714285,0,0,0,1,,kg,conflicting,1.0,Sparse and conflicting associations in the knowledge graph; unclear mechanistic link to High LDL-C disease,0.5,2.75
3,High LDL-C with increased CV risk (expanded),none,no_kg,llama3.1:8b,1,8,G,7,0.14285714285714285,0,0,0,1,,kg,insufficient,4.0,"The knowledge graph links Drug-8 to a target involved in lipid metabolism (target: HMGCR), but this association is not directly relevant to High LDL-C and CV risk.",0.5,3.375
3,Polycythaemia vera and essential thrombocytopenia,none,no_kg,llama3.1:8b,0,8,D,2,0.5,0,1,1,1,,prior,insufficient,4.0,"Based on general pharmacological knowledge, this drug has potential mechanisms relevant to the disease but no direct evidence is provided.",0.75,2.625
3,Polycythaemia vera and essential thrombocytopenia,none,no_kg,llama3.1:8b,1,8,E,5,0.2,0,0,1,1,,kg,conflicting,3.0,"Mechanistic link (Drug-1 -> PIK3CA -> PI3K/AKT pathway), but also a conflicting mechanistic link to mTOR pathway",0.625,3.75
3,Schnitzler syndrome (Japan),none,no_kg,llama3.1:8b,0,8,A,7,0.14285714285714285,0,0,0,1,,kg,insufficient,2.0,The knowledge graph reports no direct associations for Drug-6 and Schnitzler syndrome.,0.75,2.75
3,Schnitzler syndrome (Japan),none,no_kg,llama3.1:8b,1,8,D,1,1.0,1,1,1,1,,both,consistent,4.0,Drug-6 is linked to IL-1β (a key player in Schnitzler syndrome) and has a known anti-inflammatory effect.,0.625,2.5
3,COVID-19 updated strain,none,no_kg,llama3.1:8b,0,8,F,6,0.16666666666666666,0,0,0,1,,kg,insufficient,1.0,KG reports a link to the JAK/STAT pathway but does not provide sufficient detail for a confident assessment.,0.5,2.25
3,COVID-19 updated strain,none,no_kg,llama3.1:8b,1,8,E,6,0.16666666666666666,0,0,0,1,,prior,insufficient,1.0,Drug-8 has shown promise in treating other respiratory infections but lacks direct evidence for COVID-19 updated strain.,0.875,2.0
3,Delay T1D onset in children ≥1yr,none,no_kg,llama3.1:8b,0,8,B,4,0.25,0,0,1,1,,kg,conflicting,3.0,"The knowledge graph links Drug-7 to the NOD-like receptor pathway, but this pathway's relevance to T1D is disputed.",0.75,3.25
3,Delay T1D onset in children ≥1yr,none,no_kg,llama3.1:8b,1,8,F,2,0.5,0,1,1,1,,both,consistent,5.0,Evidence suggests potential in regulating T-cell function (Drug-7 -> CD4+ T-cell activation -> DOID:9744),0.625,3.125
3,"mCRC BRAF V600E (traditional approval, was accelerated)",none,no_kg,llama3.1:8b,0,8,F,3,0.3333333333333333,0,1,1,1,,kg,insufficient,2.0,"A sparse mechanistic link is reported for Drug-5 -> PI3K pathway, which might be relevant but requires further investigation.",0.5714285714285714,2.4285714285714284
3,"mCRC BRAF V600E (traditional approval, was accelerated)",none,no_kg,llama3.1:8b,1,8,B,4,0.25,0,0,1,1,,kg,insufficient,2.0,"The KG mentions Drug-5 targeting AKT1 in cancer, but this is not directly relevant to BRAF V600E mCRC.",0.625,2.75
3,Diabetic retinopathy/DME (EMA Mar+May 2026),none,no_kg,llama3.1:8b,0,8,H,8,0.125,0,0,0,1,,kg,insufficient,1.0,The knowledge graph does not provide a clear indication of how Drug-8 is related to diabetic retinopathy/DME.,0.75,2.25
3,Diabetic retinopathy/DME (EMA Mar+May 2026),none,no_kg,llama3.1:8b,1,8,F,6,0.16666666666666666,0,0,0,1,,kg,insufficient,2.0,"The knowledge graph reports an association between Drug-8 and the TGF-β pathway, but this is not a clear indication of its mechanistic plausibility for Diabetic Retinopathy/DME.",0.625,2.375
3,Cerebral folate transport deficiency,none,no_kg,llama3.1:8b,0,8,F,2,0.5,0,1,1,1,,prior,insufficient,4.0,"While no direct link exists in the KG, I believe Drug-1 could plausibly affect folate transport due to its known mechanism of action.",0.625,2.375
3,Cerebral folate transport deficiency,none,no_kg,llama3.1:8b,1,8,C,1,1.0,1,1,1,1,,prior,insufficient,4.0,Drug-1's mechanism is similar to folate metabolism,0.5,2.5
3,Heart failure (broadened),none,no_kg,llama3.1:8b,0,8,D,1,1.0,1,1,1,1,,both,consistent,5.0,"Drug-4 has strong mechanistic links to the renin-angiotensin-aldosterone system (RAAS), a key pathway in heart failure.",0.75,2.5
3,Heart failure (broadened),none,no_kg,llama3.1:8b,1,8,C,3,0.3333333333333333,0,1,1,1,,prior,insufficient,4.0,"Based on pharmacological knowledge, Drug-4 has beta-blocking activity that could be beneficial for heart failure.",0.875,2.625
3,Acquired hypofibrinogenemia in cardiovascular surgery,none,no_kg,llama3.1:8b,0,8,B,1,1.0,1,1,1,1,,both,consistent,5.0,Drug-7 is linked to the pathway 'blood coagulation' and has been shown to affect factor IX activity.,1.0,3.0
3,Acquired hypofibrinogenemia in cardiovascular surgery,none,no_kg,llama3.1:8b,1,8,A,1,1.0,1,1,1,1,,prior,insufficient,4.0,"Based on pharmacological knowledge, Drug-7 has a plausible mechanism for affecting coagulation pathways, but no direct evidence was found in the knowledge graph.",0.75,2.375
3,COPD,none,no_kg,llama3.1:8b,0,8,G,2,0.5,0,1,1,1,,kg,consistent,3.0,"The KG suggests a mechanistic link between Drug-8 and the pathway associated with COPD, but this is not well-supported by prior knowledge",0.625,2.875
3,COPD,none,no_kg,llama3.1:8b,1,8,D,8,0.125,0,0,0,1,,kg,insufficient,1.0,There is no evidence from the knowledge graph to support or refute Drug-8's mechanistic plausibility for COPD.,0.75,2.125
3,Chronic hepatitis B (pediatric),none,no_kg,llama3.1:8b,0,8,E,5,0.2,0,0,1,1,,kg,insufficient,3.0,Insufficient evidence from the KG to evaluate Drug-6's plausibility for this disease.,0.75,3.0
3,Chronic hepatitis B (pediatric),none,no_kg,llama3.1:8b,1,8,E,3,0.3333333333333333,0,1,1,1,,kg,insufficient,5.0,No mechanistic links were found for Drug-6.,0.625,3.75
3,HoFH pediatric (EMA),none,no_kg,llama3.1:8b,0,8,H,8,0.125,0,0,0,1,,prior,insufficient,2.0,"While there is no direct evidence from the KG for Drug-8's efficacy in HoFH pediatric, it has been used off-label for similar conditions.",0.625,2.25
3,HoFH pediatric (EMA),none,no_kg,llama3.1:8b,1,8,D,1,1.0,1,1,1,1,,both,consistent,5.0,"Drug-8 has a mechanistic link to HMGCR -> LDLR -> PCSK9 pathway, which is relevant to HoFH pediatric.",0.5,2.5
3,HR+/HER2- breast cancer,none,no_kg,llama3.1:8b,0,8,G,2,0.5,0,1,1,1,,kg,consistent,5.0,"Drug-8 is linked to ER signaling pathway, which is relevant for HR+/HER2- breast cancer.",0.5,3.125
3,HR+/HER2- breast cancer,none,no_kg,llama3.1:8b,1,8,D,4,0.25,0,0,1,1,,prior,insufficient,2.0,I don't have enough information to confidently assess Drug-8's mechanistic plausibility for HR+/HER2- breast cancer.,0.75,2.125
3,Retinopathy of prematurity,none,no_kg,llama3.1:8b,0,8,F,7,0.14285714285714285,0,0,0,1,,kg,conflicting,2.0,"The KG suggests a mechanistic link between Drug-7 and the PI3K/AKT pathway (implicated in Retinopathy of Prematurity), but this is contradicted by its known action as an adenosine receptor antagonist.",0.75,2.625
3,Retinopathy of prematurity,none,no_kg,llama3.1:8b,1,8,A,3,0.3333333333333333,0,1,1,1,,prior,conflicting,2.0,"While Drug-7 is used for a related condition (diabetic retinopathy), KG evidence suggests no direct link to Retinopathy of Prematurity.",0.625,2.625
3,Agitation associated with Alzheimer's dementia,none,no_kg,llama3.1:8b,0,8,C,5,0.2,0,0,1,1,,kg,conflicting,4.0,"Drug-3 has a link to the GABAergic system (target: GABRA1), but also has some conflicting evidence of affecting other pathways.",0.625,2.25
3,Agitation associated with Alzheimer's dementia,none,no_kg,llama3.1:8b,1,8,G,4,0.25,0,0,1,1,,both,conflicting,1.0,"The knowledge-graph evidence for Drug-3 suggests a connection to Alzheimer's disease, but it also targets pathways not directly related to agitation.",0.75,2.0
3,Heterozygous familial hypercholesterolemia,none,no_kg,llama3.1:8b,0,8,F,6,0.16666666666666666,0,0,0,1,,prior,insufficient,1.0,"Based on general knowledge of bile acid sequestrants, Drug-5 might have some mechanistic plausibility for reducing LDL-C.",0.75,1.75
3,Heterozygous familial hypercholesterolemia,none,no_kg,llama3.1:8b,1,8,H,7,0.14285714285714285,0,0,0,1,,kg,insufficient,1.0,The knowledge graph does not provide any direct evidence linking Drug-5 to heterozygous familial hypercholesterolemia.,0.875,2.25
3,Indolent systemic mastocytosis,none,no_kg,llama3.1:8b,0,8,C,5,0.2,0,0,1,1,,prior,insufficient,2.0,Lack of direct or indirect KG evidence and limited pharmacological relevance to the disease's underlying biology.,0.625,2.5
3,Indolent systemic mastocytosis,none,no_kg,llama3.1:8b,1,8,D,4,0.25,0,0,1,1,,both,conflicting,2.0,"The knowledge graph links Drug-8 to the PI3K/AKT pathway, which may be relevant; however, prior knowledge suggests this pathway's involvement is less direct in mastocytosis.",0.625,2.5
3,Juvenile idiopathic arthritis (EMA Feb 2026),none,no_kg,llama3.1:8b,0,8,A,2,0.5,0,1,1,1,,kg,insufficient,3.0,No clear mechanistic link provided for Drug-6 and its relation to JIA.,0.625,1.875
3,Juvenile idiopathic arthritis (EMA Feb 2026),none,no_kg,llama3.1:8b,1,8,F,6,0.16666666666666666,0,0,0,1,,prior,consistent,4.0,This drug has shown anti-inflammatory effects in animal models.,0.625,2.875
3,Invasive fungal infections pediatric ≥2yr,none,no_kg,llama3.1:8b,0,8,F,4,0.25,0,0,1,1,,kg,conflicting,1.0,"The KG links Drug-5 to a target involved in fungal infections, but also indicates involvement in another disease area, which might be inconsistent with antifungal activity.",0.5,2.125
3,Invasive fungal infections pediatric ≥2yr,none,no_kg,llama3.1:8b,1,8,D,4,0.25,0,0,1,1,,kg,insufficient,2.0,,0.75,2.75
3,PKU expanded to ≥12yr,none,no_kg,llama3.1:8b,0,8,D,3,0.3333333333333333,0,1,1,1,,prior,insufficient,4.0,"Based on general knowledge, Drug-7 has some plausible mechanism for PKU treatment",0.375,2.625
3,PKU expanded to ≥12yr,none,no_kg,llama3.1:8b,1,8,H,8,0.125,0,0,0,1,,kg,insufficient,1.0,No direct evidence from the KG; would require further investigation to assess relevance.,0.75,2.0
3,HR+/HER2-low breast cancer,none,no_kg,llama3.1:8b,0,8,A,5,0.2,0,0,1,1,,kg,insufficient,1.0,"No direct KG evidence is provided for Drug-8, and its relevance to HR+/HER2-low breast cancer is unknown.",0.875,2.25
3,HR+/HER2-low breast cancer,none,no_kg,llama3.1:8b,1,8,B,7,0.14285714285714285,0,0,0,1,,kg,insufficient,3.0,The knowledge graph does not provide sufficient evidence to assess Drug-8's plausibility for this disease.,0.5,3.0
3,Spinal muscular atrophy (pediatric expansion),none,no_kg,llama3.1:8b,0,8,F,7,0.14285714285714285,0,0,0,1,,kg,conflicting,1.0,"The KG reports an association with the PI3K pathway, but also mentions potential toxicity concerns.",0.75,2.5
3,Spinal muscular atrophy (pediatric expansion),none,no_kg,llama3.1:8b,1,8,B,2,0.5,0,1,1,1,,both,insufficient,3.0,"Drug-8 has some target/pathway connections relevant to the disease, but the evidence is limited and requires further consideration.",0.625,1.875
3,Chronic kidney disease,none,no_kg,llama3.1:8b,0,8,E,6,0.16666666666666666,0,0,0,1,,prior,insufficient,4.0,"Based on pharmacological knowledge, Drug-5 has a mechanism of action that could potentially benefit patients with Chronic Kidney Disease.",0.625,2.875
3,Chronic kidney disease,none,no_kg,llama3.1:8b,1,8,A,5,0.2,0,0,1,1,,prior,insufficient,1.0,"Based on general pharmacological knowledge, Drug-5 may have some off-target effects relevant to CKD, but no direct evidence is provided.",0.75,1.875
3,IgE-mediated food allergy,none,no_kg,llama3.1:8b,0,8,C,1,1.0,1,1,1,1,,both,consistent,4.0,Drug-1 inhibits JAK/STAT pathway which is associated with IgE-mediated food allergy.,0.75,2.5
3,IgE-mediated food allergy,none,no_kg,llama3.1:8b,1,8,D,1,1.0,1,1,1,1,,both,consistent,5.0,"Drug-1 has mechanistic links to mast cell stabilization (target: HMCES) and IgE regulation (pathway: IL-4 signaling), which is relevant for IgE-mediated food allergy.",0.75,2.625
3,Measles prophylaxis post-exposure,none,no_kg,llama3.1:8b,0,8,B,1,1.0,1,1,1,1,,both,consistent,4.0,"Drug-1 has mechanistic links to target-123, which is involved in the measles prophylaxis post-exposure pathway.",0.625,2.375
3,Measles prophylaxis post-exposure,none,no_kg,llama3.1:8b,1,8,F,1,1.0,1,1,1,1,,both,consistent,4.0,Drug-1 has a mechanistic link to Interferon-gamma signaling pathway -> Measles prophylaxis post-exposure.,0.75,1.875
3,CKD in T2D,none,no_kg,llama3.1:8b,0,8,C,4,0.25,0,0,1,1,,kg,conflicting,2.0,"The knowledge graph shows a conflicting link between Drug-8 and the Wnt/β-catenin pathway, which is not supported by prior knowledge for CKD/T2D.",0.75,2.875
3,CKD in T2D,none,no_kg,llama3.1:8b,1,8,F,4,0.25,0,0,1,1,,prior,insufficient,3.0,"While Drug-8 has some known effects on renal function, its direct relevance to CKD in T2D is unclear.",0.75,2.625
3,dMMR recurrent/advanced endometrial cancer,none,no_kg,llama3.1:8b,0,8,A,6,0.16666666666666666,0,0,0,1,,kg,insufficient,2.0,"Possible interaction with DNA damage response, but evidence is sparse for this disease.",0.75,2.625
3,dMMR recurrent/advanced endometrial cancer,none,no_kg,llama3.1:8b,1,8,D,4,0.25,0,0,1,1,,both,conflicting,2.0,"The KG links Drug-8 to DNA damage response pathways, but this is somewhat conflicting with its known mechanism of action; more evidence is needed",0.625,3.375
3,ILD-associated pulmonary hypertension,none,no_kg,llama3.1:8b,0,8,E,2,0.5,0,1,1,1,,prior,insufficient,3.0,Pharmacological knowledge suggests Drug-3 could be repurposed for ILD-associated pulmonary hypertension due to its mechanism of action.,0.625,2.0
3,ILD-associated pulmonary hypertension,none,no_kg,llama3.1:8b,1,8,F,7,0.14285714285714285,0,0,0,1,,kg,insufficient,2.0,"There's some association between Drug-3 and the disease in the KG, but without more context, it's hard to assess its mechanistic plausibility.",0.875,2.625
3,Crohn's disease,none,no_kg,llama3.1:8b,0,8,D,1,1.0,1,1,1,1,,both,consistent,5.0,Drug-8 has strong connections to NF-kappa B signaling and IL17 signaling pathways.,0.625,2.625
3,Crohn's disease,none,no_kg,llama3.1:8b,1,8,A,7,0.14285714285714285,0,0,0,1,,prior,insufficient,1.0,There is no strong evidence to support Drug-8 as a candidate for repurposing against Crohn's disease.,0.625,1.875
3,COVID-19 in severe renal impairment/dialysis,none,no_kg,llama3.1:8b,0,8,C,5,0.2,0,0,1,1,,kg,insufficient,2.0,"The KG links Drug-3 to mTOR pathway activation (cellular stress), but this is not directly relevant for COVID-19 in severe renal impairment/dialysis.",0.5,2.0
3,COVID-19 in severe renal impairment/dialysis,none,no_kg,llama3.1:8b,1,8,H,8,0.125,0,0,0,1,,kg,insufficient,1.0,No clear mechanistic link was found in the KG for Drug-8 (H).,0.625,1.875
3,MASH with fibrosis,none,no_kg,llama3.1:8b,0,8,G,6,0.16666666666666666,0,0,0,1,,prior,insufficient,1.0,Uncertain about Drug-8's role in MASH with fibrosis due to lack of relevant evidence from either the knowledge graph or pharmacological knowledge.,0.5,2.125
3,MASH with fibrosis,none,no_kg,llama3.1:8b,1,8,H,8,0.125,0,0,0,1,,kg,insufficient,1.0,Knowledge-graph evidence shows no direct link to pathways involved in fibrosis or MASH mechanisms for Drug-8.,0.75,2.25
3,Urothelial carcinoma (expanded population),none,no_kg,llama3.1:8b,0,8,C,1,1.0,1,1,1,1,,both,consistent,5.0,Strong mechanistic link through PI3K/AKT pathway,0.5,2.875
3,Urothelial carcinoma (expanded population),none,no_kg,llama3.1:8b,1,8,D,8,0.125,0,0,0,1,,kg,insufficient,2.0,No clear mechanistic links to relevant targets or pathways in the KG.,0.75,3.0
3,Chronic thromboembolic pulmonary hypertension,none,no_kg,llama3.1:8b,0,8,D,1,1.0,1,1,1,1,,both,consistent,5.0,Drug-7 has evidence linking to endothelin receptors (mechanistically relevant) and is used for pulmonary arterial hypertension.,0.5,2.75
3,Chronic thromboembolic pulmonary hypertension,none,no_kg,llama3.1:8b,1,8,G,5,0.2,0,0,1,1,,kg,conflicting,2.0,The knowledge graph reports conflicting evidence for Drug-7's involvement in the target disease.,0.875,2.375
3,Crohn's disease,none,no_kg,llama3.1:8b,0,8,C,5,0.2,0,0,1,1,,kg,insufficient,2.0,"The KG links Drug-8 to TNF-alpha and the NF-kappaB pathway, but this is an indirect link and not directly related to Crohn's disease.",0.75,1.875
3,Crohn's disease,none,no_kg,llama3.1:8b,1,8,A,1,1.0,1,1,1,1,,kg,consistent,4.0,"Strong association with the IL-12/23 pathway, which is implicated in Crohn's disease.",0.625,3.0
3,HoFH in children,none,no_kg,llama3.1:8b,0,8,H,8,0.125,0,0,0,1,,prior,insufficient,4.0,"Based on prior pharmacological knowledge, Drug-8 may be effective in treating HoFH due to its mechanism of action.",0.75,3.0
3,HoFH in children,none,no_kg,llama3.1:8b,1,8,D,6,0.16666666666666666,0,0,0,1,,kg,insufficient,1.0,Mechanistic link: D -> LDLR -> HOHF; but insufficient evidence is available to assess its potential efficacy.,0.75,2.125
3,First-line anemia in lower-risk MDS,none,no_kg,llama3.1:8b,0,8,H,8,0.125,0,0,0,1,,prior,insufficient,1.0,"Drug-7 has some potential off-target effects that may be relevant to anemia treatment, but there is no direct evidence.",0.5,2.0
3,First-line anemia in lower-risk MDS,none,no_kg,llama3.1:8b,1,8,C,6,0.16666666666666666,0,0,0,1,,prior,insufficient,5.0,"Pharmacological knowledge indicates Drug-3 could have potential benefits for anemia, but the evidence is indirect and requires cautious interpretation.",0.75,3.25
3,Generalized myasthenia gravis,none,no_kg,llama3.1:8b,0,8,A,4,0.25,0,0,1,1,,kg,insufficient,1.0,There is no clear mechanistic link in the knowledge graph for Drug-8 to generalized myasthenia gravis.,0.625,1.875
3,Generalized myasthenia gravis,none,no_kg,llama3.1:8b,1,8,G,4,0.25,0,0,1,1,,kg,insufficient,1.0,Unclear relation to myasthenia gravis; needs further investigation.,0.75,1.875
3,Acquired hypothalamic obesity,none,no_kg,llama3.1:8b,0,8,E,1,1.0,1,1,1,1,,both,consistent,5.0,"Drug-7 has a mechanism that targets the mTOR pathway, which is implicated in Acquired Hypothalamic Obesity.",0.75,3.0
3,Acquired hypothalamic obesity,none,no_kg,llama3.1:8b,1,8,H,8,0.125,0,0,0,1,,prior,insufficient,4.0,"Given its pharmacological profile, Drug-7 has a potential mechanism for treating Acquired Hypothalamic Obesity.",0.75,3.0
3,HR+/HER2- node-positive high-risk early breast cancer,none,no_kg,llama3.1:8b,0,8,E,5,0.2,0,0,1,1,,kg,insufficient,1.0,Mechanistic link: Drug-8 -> Not specified -> Pathway not specified -> Breast Cancer. Lack of clear evidence or target makes this difficult to assess.,0.875,2.25
3,HR+/HER2- node-positive high-risk early breast cancer,none,no_kg,llama3.1:8b,1,8,G,4,0.25,0,0,1,1,,kg,insufficient,1.0,No direct evidence is provided linking Drug-8 to the target disease or relevant pathways.,0.625,2.375
3,EGPA,none,no_kg,llama3.1:8b,0,8,C,3,0.3333333333333333,0,1,1,1,,both,conflicting,2.0,"Knowledge graph indicates a link to IL4 -> JAK/STAT pathway -> EGPA, but our prior knowledge suggests limited efficacy.",0.75,1.875
3,EGPA,none,no_kg,llama3.1:8b,1,8,D,2,0.5,0,1,1,1,,both,insufficient,3.0,"Some KG links suggest involvement in pathways related to EGPA; however, pharmacological knowledge suggests potential efficacy due to off-target effects.",0.875,2.375
3,BRAF+ thyroid cancer,none,no_kg,llama3.1:8b,0,8,H,8,0.125,0,0,0,1,,prior,insufficient,5.0,No KG evidence available for Drug-6; not a plausible candidate based on pharmacological knowledge.,0.75,2.375
3,BRAF+ thyroid cancer,none,no_kg,llama3.1:8b,1,8,D,3,0.3333333333333333,0,1,1,1,,kg,insufficient,4.0,"The KG mentions a link between Drug-6 and the PI3K/AKT pathway, but this is not directly related to BRAF+ thyroid cancer.",0.75,3.0
3,Giant cell arteritis,none,no_kg,llama3.1:8b,0,8,H,8,0.125,0,0,0,1,,prior,insufficient,1.0,There is no information from either the knowledge graph or my pharmacological expertise suggesting Drug-8's relevance to giant cell arteritis.,0.625,2.125
3,Giant cell arteritis,none,no_kg,llama3.1:8b,1,8,B,5,0.2,0,0,1,1,,prior,insufficient,1.0,No relevant evidence provided; mechanistic plausibility based on incomplete prior pharmacological knowledge of Drug-8,0.625,2.375
3,dMMR/MSI-H primary advanced endometrial cancer,none,no_kg,llama3.1:8b,0,8,C,1,1.0,1,1,1,1,,both,consistent,4.0,"Drug-8 has mechanistic links to PI3K/AKT pathway, which is associated with dMMR/MSI-H primary advanced endometrial cancer.",0.625,2.125
3,dMMR/MSI-H primary advanced endometrial cancer,none,no_kg,llama3.1:8b,1,8,A,6,0.16666666666666666,0,0,0,1,,prior,insufficient,3.0,We have no information about Drug-8's relevance to this disease; its ranking is based on our own knowledge of pharmacological principles.,0.625,2.625
3,Polymyalgia rheumatica,none,no_kg,llama3.1:8b,0,8,F,7,0.14285714285714285,0,0,0,1,,prior,insufficient,1.0,I have no prior knowledge about Drug-8's potential for treating polymyalgia rheumatica.,0.75,1.875
3,Polymyalgia rheumatica,none,no_kg,llama3.1:8b,1,8,F,6,0.16666666666666666,0,0,0,1,,prior,insufficient,1.0,Our understanding suggests it may have some anti-inflammatory effects but lacks direct evidence or mechanistic links to Polymyalgia rheumatica in the KG.,0.75,1.875
3,Ph+ CML-CP frontline (EMA Feb 2026),none,no_kg,llama3.1:8b,0,8,B,1,1.0,1,1,1,1,,kg,consistent,4.0,B has a mechanistic link to BTK (DOID:0060576) which is involved in chronic myeloid leukemia signaling,0.75,2.75
3,Ph+ CML-CP frontline (EMA Feb 2026),none,no_kg,llama3.1:8b,1,8,D,1,1.0,1,1,1,1,,both,consistent,4.0,Drug-8 is linked to BCR-ABL inhibition via pathways implicated in CML-CP.,0.625,3.0
3,Allergic fungal rhinosinusitis (AFRS) ≥6yr,none,no_kg,llama3.1:8b,0,8,D,4,0.25,0,0,1,1,,kg,insufficient,1.0,Limited evidence of association with the IL-17 pathway or relevant disease targets.,0.625,1.875
3,Allergic fungal rhinosinusitis (AFRS) ≥6yr,none,no_kg,llama3.1:8b,1,8,C,4,0.25,0,0,1,1,,kg,conflicting,2.0,"Drug-8 has a mechanistic link to IL-17, but this is conflicting with prior knowledge that IL-17 is involved in AFRS",0.625,3.0
3,RET-fusion NSCLC (expanded),none,no_kg,llama3.1:8b,0,8,F,6,0.16666666666666666,0,0,0,1,,kg,insufficient,2.0,"There's no clear connection to the disease in the KG, and it doesn't seem like a plausible candidate based on pharmacological knowledge.",0.875,2.75
3,RET-fusion NSCLC (expanded),none,no_kg,llama3.1:8b,1,8,G,7,0.14285714285714285,0,0,0,1,,kg,insufficient,3.0,No clear mechanism of action or direct link to RET-fusion NSCLC was found in the knowledge graph for Drug-8.,0.75,3.0
3,"Crohn's disease (moderate-severe, refractory)",none,no_kg,llama3.1:8b,0,8,E,2,0.5,0,1,1,1,,kg,consistent,3.0,"Drug-7 has a mechanistic link to JAK/STAT inhibition, which is a relevant pathway in Crohn's disease.",0.75,2.375
3,"Crohn's disease (moderate-severe, refractory)",none,no_kg,llama3.1:8b,1,8,D,5,0.2,0,0,1,1,,kg,conflicting,4.0,"The knowledge graph suggests an association between Drug-7 and the IL-17 pathway, but this is conflicting with general pharmacological knowledge that suggests targeting IL-17 may not be effective in treating Crohn's disease.",0.625,2.375
3,Follicular lymphoma,none,no_kg,llama3.1:8b,0,8,D,1,1.0,1,1,1,1,,both,consistent,4.0,"Drug-8 is associated with JAK/STAT pathway, which is implicated in follicular lymphoma.",0.625,1.875
3,Follicular lymphoma,none,no_kg,llama3.1:8b,1,8,C,7,0.14285714285714285,0,0,0,1,,prior,insufficient,2.0,No clear KG evidence or pharmacological rationale exists for Drug-8.,0.625,3.0
3,Atopic dermatitis,none,no_kg,llama3.1:8b,0,8,C,3,0.3333333333333333,0,1,1,1,,prior,insufficient,4.0,"As a Janus kinase (JAK) inhibitor, Drug-7 is known to modulate immune responses and could plausibly impact Atopic dermatitis; however, the knowledge graph provides no direct evidence for this association.",0.75,2.5
3,Atopic dermatitis,none,no_kg,llama3.1:8b,1,8,B,1,1.0,1,1,1,1,,both,consistent,4.0,"Drug-7 targets IL-13, a key cytokine involved in atopic dermatitis pathology.",0.75,3.0
3,1L biliary tract cancer (+gemcitabine+cisplatin),none,no_kg,llama3.1:8b,0,8,C,7,0.14285714285714285,0,0,0,1,,kg,insufficient,1.0,The knowledge graph does not provide sufficient information to assess Drug-7's mechanistic plausibility for this disease.,0.75,2.375
3,1L biliary tract cancer (+gemcitabine+cisplatin),none,no_kg,llama3.1:8b,1,8,A,3,0.3333333333333333,0,1,1,1,,prior,insufficient,2.0,Insufficient knowledge graph evidence to assess mechanistic plausibility.,0.75,2.875
3,IV formulation for rheumatic diseases (EMA),none,no_kg,llama3.1:8b,0,8,B,3,0.3333333333333333,0,1,1,1,,prior,conflicting,2.0,"While there is some indication of a connection between Drug-5 and inflammation (a relevant pathway for rheumatic diseases), this conflicts with known pharmacology that suggests it's primarily used for another condition.",0.625,2.25
3,IV formulation for rheumatic diseases (EMA),none,no_kg,llama3.1:8b,1,8,H,6,0.16666666666666666,0,0,0,1,,kg,conflicting,1.0,"The knowledge graph links Drug-5 to a target involved in the ERK signaling pathway, but this is not directly related to rheumatic diseases.",0.625,2.375
3,BRAF+ thyroid cancer,none,no_kg,llama3.1:8b,0,8,G,6,0.16666666666666666,0,0,0,1,,kg,insufficient,2.0,"No clear mechanistic link was found between Drug-8 and BRAF+ thyroid cancer, despite being reported to target MEK.",0.875,2.375
3,BRAF+ thyroid cancer,none,no_kg,llama3.1:8b,1,8,E,7,0.14285714285714285,0,0,0,1,,kg,insufficient,1.0,Drug-8 targets a G-protein coupled receptor but no direct evidence for BRAF+ thyroid cancer,0.875,1.875
3,EGPA (expanded),none,no_kg,llama3.1:8b,0,8,E,3,0.3333333333333333,0,1,1,1,,prior,insufficient,4.0,Has some mechanistic plausibility based on pharmacological properties,0.5,2.75
3,EGPA (expanded),none,no_kg,llama3.1:8b,1,8,C,7,0.14285714285714285,0,0,0,1,,kg,insufficient,1.0,No clear rationale exists for using Drug-7 in EGPA treatment based on the provided evidence.,0.625,2.75
3,Pheochromocytoma/paraganglioma,none,no_kg,llama3.1:8b,0,8,D,3,0.3333333333333333,0,1,1,1,,kg,insufficient,2.0,Mechanistic link: Drug-8 -> Not specified in the provided graph; requires additional information to assess plausibility.,0.625,2.375
3,Pheochromocytoma/paraganglioma,none,no_kg,llama3.1:8b,1,8,G,7,0.14285714285714285,0,0,0,1,,kg,insufficient,4.0,KG provides insufficient information on Drug-8's mechanistic link to Pheochromocytoma/paraganglioma.,0.75,3.25
3,Pediatric atopic dermatitis,none,no_kg,llama3.1:8b,0,8,E,8,0.125,0,0,0,1,,kg,insufficient,1.0,No clear mechanistic link from Drug-8 to atopic dermatitis or related pathways is provided in the knowledge graph.,0.75,1.875
3,Pediatric atopic dermatitis,none,no_kg,llama3.1:8b,1,8,H,8,0.125,0,0,0,1,,prior,insufficient,1.0,No clear evidence from the knowledge graph; its primary use is in a different disease context.,0.625,2.375
3,MSI-H/dMMR solid tumors (full approval conversion),none,no_kg,llama3.1:8b,0,8,H,8,0.125,0,0,0,1,,kg,insufficient,1.0,The evidence for Drug-6 is sparse and does not clearly link to a relevant mechanism of action in MSI-H/dMMR tumors.,0.875,1.875
3,MSI-H/dMMR solid tumors (full approval conversion),none,no_kg,llama3.1:8b,1,8,F,5,0.2,0,0,1,1,,kg,insufficient,1.0,"Drug-6 has a single reported association with the p53 pathway, which is not directly related to MSI-H/dMMR solid tumors.",0.625,2.625
3,Psoriasis in children 6-11 (cream),none,no_kg,llama3.1:8b,0,8,G,2,0.5,0,1,1,1,,kg,insufficient,3.0,Limited evidence from the graph for Drug-5's potential targets and pathways.,0.75,3.0
3,Psoriasis in children 6-11 (cream),none,no_kg,llama3.1:8b,1,8,B,5,0.2,0,0,1,1,,prior,insufficient,1.0,No clear mechanistic link between Drug-5 and psoriasis in children; KG evidence is absent.,0.5,2.625
3,Pancreatic NET,none,no_kg,llama3.1:8b,0,8,C,3,0.3333333333333333,0,1,1,1,,prior,insufficient,4.0,"As a kinase inhibitor, Drug-5 has potential for treating Pancreatic NET due to its mechanism of action against various cancer-related targets.",0.75,2.625
3,Pancreatic NET,none,no_kg,llama3.1:8b,1,8,G,4,0.25,0,0,1,1,,kg,insufficient,2.0,"Mechanistic link through EGFR pathway to pancreatic NET; however, evidence is sparse and I'm not familiar with this drug's pharmacology.",0.875,2.875
3,Ulcerative colitis,none,no_kg,llama3.1:8b,0,8,H,8,0.125,0,0,0,1,,prior,insufficient,1.0,Unknown pharmacological properties and no relevant associations to ulcerative colitis or inflammatory diseases,0.75,3.0
3,Ulcerative colitis,none,no_kg,llama3.1:8b,1,8,E,3,0.3333333333333333,0,1,1,1,,prior,insufficient,2.0,"While no direct evidence was found, its known anti-inflammatory properties make it a plausible candidate for Ulcerative colitis treatment.",0.625,2.25
3,Gastric/GEJ adenocarcinoma (1L +chemo),none,no_kg,llama3.1:8b,0,8,F,5,0.2,0,0,1,1,,prior,insufficient,3.0,Pharmacological properties suggest it might interfere with cellular processes but lacks direct evidence from the knowledge graph.,0.625,3.0
3,Gastric/GEJ adenocarcinoma (1L +chemo),none,no_kg,llama3.1:8b,1,8,D,7,0.14285714285714285,0,0,0,1,,kg,conflicting,2.0,KG shows conflicting associations for Drug-8's mechanistic links to gastric adenocarcinoma; prior knowledge suggests it may not be the best candidate.,0.875,2.25
3,Hidradenitis suppurativa,none,no_kg,llama3.1:8b,0,8,B,8,0.125,0,0,0,1,,prior,insufficient,1.0,No direct evidence from KG or prior knowledge for Drug-7's mechanism in HS,0.625,2.0
3,Hidradenitis suppurativa,none,no_kg,llama3.1:8b,1,8,D,7,0.14285714285714285,0,0,0,1,,kg,insufficient,2.0,No clear mechanistic link between Drug-7 and a relevant pathway in Hidradenitis suppurativa is provided.,0.625,2.625
3,Biliary tract cancer,none,no_kg,llama3.1:8b,0,8,H,6,0.16666666666666666,0,0,0,1,,prior,insufficient,2.0,"As a kinase inhibitor, Drug-6 may have some anti-cancer effects; however, its specific relevance to biliary tract cancer is unclear without more direct evidence.",0.625,2.375
3,Biliary tract cancer,none,no_kg,llama3.1:8b,1,8,F,2,0.5,0,1,1,1,,kg,consistent,3.0,Drug-6 has a reported mechanistic link to the PI3K/AKT pathway (involved in cell survival) through its interaction with AKT1.,0.75,1.875
3,Antibody-mediated rejection in organ transplantation,none,no_kg,llama3.1:8b,0,8,A,4,0.25,0,0,1,1,,kg,conflicting,1.0,"The KG associates Drug-1 with a pathway linked to antibody-mediated rejection, but this association conflicts with my knowledge of its primary mechanism.",0.75,1.875
3,Antibody-mediated rejection in organ transplantation,none,no_kg,llama3.1:8b,1,8,C,1,1.0,1,1,1,1,,both,consistent,5.0,"Drug-1 targets CD137, which is involved in T-cell activation and may contribute to antibody-mediated rejection.",0.875,2.25
3,Neoadj+adj HNSCC,none,no_kg,llama3.1:8b,0,8,B,4,0.25,0,0,1,1,,kg,consistent,5.0,Drug-3 has a strong mechanistic link to EGFR signaling pathway -> HNSCC via tyrosine kinase inhibition.,0.75,2.625
3,Neoadj+adj HNSCC,none,no_kg,llama3.1:8b,1,8,E,8,0.125,0,0,0,1,,kg,conflicting,1.0,"KG evidence suggests a possible link between Drug-3 and the target disease, but prior knowledge casts doubt on this association.",0.625,2.125
3,Ulcerative colitis,none,no_kg,llama3.1:8b,0,8,E,5,0.2,0,0,1,1,,kg,insufficient,1.0,"No clear link from the knowledge graph, and we are unsure of the relevance",0.75,2.375
3,Ulcerative colitis,none,no_kg,llama3.1:8b,1,8,A,3,0.3333333333333333,0,1,1,1,,prior,insufficient,2.0,"Prior knowledge of anti-inflammatory effects suggests some potential, but no strong evidence",0.625,2.25
3,dMMR/MSI-H primary advanced endometrial cancer (+chemo),none,no_kg,llama3.1:8b,0,8,F,6,0.16666666666666666,0,0,0,1,,prior,insufficient,3.0,No specific evidence for Drug-7 and advanced endometrial cancer,0.625,3.0
3,dMMR/MSI-H primary advanced endometrial cancer (+chemo),none,no_kg,llama3.1:8b,1,8,F,7,0.14285714285714285,0,0,0,1,,prior,insufficient,1.0,"Lack of clear mechanistic link or association reported, and known to target different pathways; unlikely to be effective.",0.25,2.625
3,GVHD + pediatric,none,no_kg,llama3.1:8b,0,8,C,5,0.2,0,0,1,1,,prior,insufficient,1.0,"No mechanistic links or prior pharmacological knowledge supports Drug-5's efficacy in GVHD, making it uncertain.",0.625,2.375
3,GVHD + pediatric,none,no_kg,llama3.1:8b,1,8,C,4,0.25,0,0,1,1,,kg,insufficient,1.0,"KG reports associations, but no clear mechanistic links to GVHD + pediatric (DOID:0081267).",0.625,2.5
3,Gastric/GEJ adenocarcinoma,none,no_kg,llama3.1:8b,0,8,E,8,0.125,0,0,0,1,,kg,insufficient,1.0,,0.625,3.125
3,Gastric/GEJ adenocarcinoma,none,no_kg,llama3.1:8b,1,8,H,8,0.125,0,0,0,1,,kg,conflicting,1.0,The knowledge graph evidence for Drug-8 is sparse and does not align well with known pathways in gastric/GEJ adenocarcinoma.,0.75,2.875
3,COPD (EMA 2025),none,no_kg,llama3.1:8b,0,8,H,6,0.16666666666666666,0,0,0,1,,prior,insufficient,2.0,"No evidence from the knowledge graph links Drug-6 to any relevant pathways or targets for COPD, and it lacks a clear pharmacological mechanism related to the disease.",0.5,3.5
3,COPD (EMA 2025),none,no_kg,llama3.1:8b,1,8,E,7,0.14285714285714285,0,0,0,1,,kg,conflicting,1.0,"The knowledge graph associates Drug-6 with the PI3K/AKT pathway, but also notes a conflicting association with an unrelated pathway.",0.625,2.25
3,RAS wild-type HER2+ metastatic colorectal cancer,none,no_kg,llama3.1:8b,0,8,E,5,0.2,0,0,1,1,,kg,insufficient,1.0,There is no clear mechanistic evidence linking Drug-8 to targets or pathways relevant to this specific cancer type.,1.0,3.375
3,RAS wild-type HER2+ metastatic colorectal cancer,none,no_kg,llama3.1:8b,1,8,G,7,0.14285714285714285,0,0,0,1,,prior,insufficient,1.0,"Based solely on prior knowledge, Drug-8's mechanism does not clearly link it to the pathways involved in RAS wild-type HER2+ metastatic colorectal cancer.",0.5,2.625
3,Primary immunodeficiency pediatric (EMA),none,no_kg,llama3.1:8b,0,8,D,1,1.0,1,1,1,1,,both,consistent,4.0,"Drug-1 is a known inhibitor of the PI3K/AKT pathway, which is associated with primary immunodeficiency diseases.",0.875,2.0
3,Primary immunodeficiency pediatric (EMA),none,no_kg,llama3.1:8b,1,8,G,4,0.25,0,0,1,1,,kg,consistent,3.0,"Drug-1 is associated with the PI3K/AKT pathway, which is involved in immune cell signaling.",0.75,2.875
3,BRAF V600E metastatic NSCLC,none,no_kg,llama3.1:8b,0,8,E,6,0.16666666666666666,0,0,0,1,,kg,insufficient,3.0,No direct mechanistic link provided,0.75,3.375
3,BRAF V600E metastatic NSCLC,none,no_kg,llama3.1:8b,1,8,G,7,0.14285714285714285,0,0,0,1,,kg,conflicting,4.0,Conflicting evidence from knowledge graph; Drug-7 has a mechanistic link through the PI3K pathway but also has a conflicting link to a different target.,0.625,3.125
3,CRSwNP (eosinophilic chronic rhinosinusitis with nasal polyps),none,no_kg,llama3.1:8b,0,8,H,8,0.125,0,0,0,1,,kg,insufficient,1.0,Sparse association with CRSwNP in the KG but lacks clear mechanistic link to nasal polyp formation,0.75,2.625
3,CRSwNP (eosinophilic chronic rhinosinusitis with nasal polyps),none,no_kg,llama3.1:8b,1,8,A,2,0.5,0,1,1,1,,kg,insufficient,3.0,No strong evidence or mechanistic link reported for Drug-8 and CRSwNP,0.625,2.625
3,Pediatric glioma (EMA),none,no_kg,llama3.1:8b,0,8,G,7,0.14285714285714285,0,0,0,1,,kg,conflicting,2.0,"The KG evidence for Drug-7 suggests a link to PI3K/AKT signaling pathway, but this is conflicting with my knowledge that it's primarily associated with other diseases.",0.75,2.75
3,Pediatric glioma (EMA),none,no_kg,llama3.1:8b,1,8,G,3,0.3333333333333333,0,1,1,1,,prior,insufficient,2.0,"Based on pharmacological properties, Drug-7 has a potential for CNS penetration, but KG evidence is lacking.",0.625,1.75
3,Primary humoral immunodeficiency pediatric 2-11yr,none,no_kg,llama3.1:8b,0,8,F,3,0.3333333333333333,0,1,1,1,,kg,consistent,3.0,Drug-1 is linked to TNFRSF17/BCMA in the KG.,0.625,3.0
3,Primary humoral immunodeficiency pediatric 2-11yr,none,no_kg,llama3.1:8b,1,8,B,1,1.0,1,1,1,1,,kg,consistent,5.0,"Drug-1 is associated with IL4 signaling, which regulates B cell development and function.",0.5714285714285714,2.4285714285714284
3,"ALK+ solid tumors (tissue-agnostic, world-first)",none,no_kg,llama3.1:8b,0,8,B,1,1.0,1,1,1,1,,both,consistent,5.0,"Drug-7 has mechanistic links to ALK+ solid tumors through the PI3K/AKT pathway, which is also a common target for many successful cancer therapies.",0.75,2.25
3,"ALK+ solid tumors (tissue-agnostic, world-first)",none,no_kg,llama3.1:8b,1,8,F,7,0.14285714285714285,0,0,0,1,,kg,insufficient,1.0,The knowledge graph does not provide any associations for Drug-7 related to the target disease or pathway.,0.625,2.5
3,Primary mediastinal large B-cell lymphoma,none,no_kg,llama3.1:8b,0,8,H,8,0.125,0,0,0,1,,prior,insufficient,1.0,Drug-5 has some potential as an immunomodulator but lacks direct evidence linking it to primary mediastinal large B-cell lymphoma.,0.5,2.25
3,Primary mediastinal large B-cell lymphoma,none,no_kg,llama3.1:8b,1,8,C,3,0.3333333333333333,0,1,1,1,,prior,insufficient,5.0,"Based on pharmacological knowledge of similar compounds, Drug-5 has potential anti-cancer properties but no direct evidence for this disease.",0.75,3.0
3,HR+/HER2- metastatic breast cancer,none,no_kg,llama3.1:8b,0,8,H,8,0.125,0,0,0,1,,kg,conflicting,1.0,"The knowledge graph links Drug-7 to the PI3K/AKT signaling pathway, but my knowledge raises concerns about its potential off-target effects",0.625,2.25
3,HR+/HER2- metastatic breast cancer,none,no_kg,llama3.1:8b,1,8,F,6,0.16666666666666666,0,0,0,1,,kg,conflicting,1.0,KG shows conflicting evidence; the link is not directly related to HR+/HER2- metastatic breast cancer.,0.625,2.5
3,HER2+ early-stage BC (neoadjuvant + adjuvant),none,no_kg,llama3.1:8b,0,8,E,5,0.2,0,0,1,1,,kg,insufficient,3.0,"There's a mechanistic link in the KG between Drug-8 and the CDK4/6 pathway, which is involved in BC; however, this evidence is not strongly supported by prior knowledge.",0.875,2.875
3,HER2+ early-stage BC (neoadjuvant + adjuvant),none,no_kg,llama3.1:8b,1,8,E,5,0.2,0,0,1,1,,kg,insufficient,1.0,Knowledge graph shows distant association with a related disease but lacks clear connection to HER2+ BC,0.625,3.375
3,"Pediatric low-grade glioma (+dabrafenib, BRAF V600E)",none,no_kg,llama3.1:8b,0,8,A,1,1.0,1,1,1,1,,kg,consistent,5.0,Drug-6 has a mechanistic link to MAPK signaling pathway -> BRAF V600E mutation -> Pediatric low-grade glioma.,0.625,3.0
3,"Pediatric low-grade glioma (+dabrafenib, BRAF V600E)",none,no_kg,llama3.1:8b,1,8,A,3,0.3333333333333333,0,1,1,1,,prior,insufficient,4.0,"No knowledge graph evidence was provided for Drug-6; however, it is known to target a relevant pathway in other diseases.",0.625,2.75
3,mHSPC + ADT,none,no_kg,llama3.1:8b,0,8,B,5,0.2,0,0,1,1,,kg,insufficient,2.0,Drug-8's direct link to mHSPC + ADT through the knowledge graph is sparse; it may still be relevant due to its general mechanism.,0.875,2.125
3,mHSPC + ADT,none,no_kg,llama3.1:8b,1,8,F,2,0.5,0,1,1,1,,prior,insufficient,3.0,"Apoptosis-related target and pathway involvement, but no direct KG links to mHSPC+ADT.",0.5,2.125
3,Pediatric BRAF V600E low-grade glioma,none,no_kg,llama3.1:8b,0,8,A,6,0.16666666666666666,0,0,0,1,,prior,insufficient,1.0,"Based on my pharmacological knowledge, Drug-6 has some potential off-target effects relevant to BRAF V600E glioma.",0.875,1.875
3,Pediatric BRAF V600E low-grade glioma,none,no_kg,llama3.1:8b,1,8,C,4,0.25,0,0,1,1,,both,conflicting,2.0,"The knowledge graph reports a link between Drug-6 and the PI3K/AKT pathway (KG), but this is unlikely to be effective against BRAF V600E mutations.",0.625,2.625
3,HER2-mutant NSCLC (EMA),none,no_kg,llama3.1:8b,0,8,H,2,0.5,0,1,1,1,,kg,insufficient,1.0,There is no clear mechanistic link provided in the knowledge graph for Drug-8.,0.75,2.75
3,HER2-mutant NSCLC (EMA),none,no_kg,llama3.1:8b,1,8,F,3,0.3333333333333333,0,1,1,1,,kg,conflicting,3.0,"Drug-8 shows conflicting mechanistic links to pathways involved in disease, making its efficacy uncertain.",0.625,3.0
3,Ph+ CML-CP after 2+ TKIs,none,no_kg,llama3.1:8b,0,8,F,2,0.5,0,1,1,1,,kg,consistent,4.0,"Drug-7 is associated with PI3K, which is involved in the pathogenesis of CML-CP.",0.625,2.5
3,Ph+ CML-CP after 2+ TKIs,none,no_kg,llama3.1:8b,1,8,F,5,0.2,0,0,1,1,,prior,insufficient,1.0,"With no KG evidence and a lack of clear mechanistic plausibility based on prior knowledge, Drug-7 is uncertain.",0.625,2.125
3,HR+/HER2- metastatic breast cancer,none,no_kg,llama3.1:8b,0,8,E,7,0.14285714285714285,0,0,0,1,,kg,insufficient,1.0,"Limited mechanistic links are provided for Drug-7, making it uncertain for this disease target.",0.75,2.25
3,HR+/HER2- metastatic breast cancer,none,no_kg,llama3.1:8b,1,8,H,6,0.16666666666666666,0,0,0,1,,prior,insufficient,1.0,There is limited mechanistic evidence for Drug-7's efficacy in HR+/HER2- metastatic breast cancer.,0.75,2.875
3,HER2-mutant NSCLC (PMDA),none,no_kg,llama3.1:8b,0,8,C,8,0.125,0,0,0,1,,prior,insufficient,1.0,My prior knowledge suggests Drug-8 may not be directly relevant to HER2-mutant NSCLC.,0.625,2.625
3,HER2-mutant NSCLC (PMDA),none,no_kg,llama3.1:8b,1,8,B,6,0.16666666666666666,0,0,0,1,,kg,insufficient,1.0,No direct evidence is provided for Drug-8's association with HER2 or NSCLC.,0.625,2.25
3,Follicular lymphoma (+obinutuzumab),none,no_kg,llama3.1:8b,0,8,F,7,0.14285714285714285,0,0,0,1,,kg,insufficient,1.0,The evidence for Drug-8's association with follicular lymphoma is insufficient to support a ranking.,0.875,2.625
3,Follicular lymphoma (+obinutuzumab),none,no_kg,llama3.1:8b,1,8,A,4,0.25,0,0,1,1,,prior,insufficient,3.0,No relevant information provided,0.625,3.0
3,Platinum-resistant ovarian carcinoma (PD-L1+ CPS≥1),none,no_kg,llama3.1:8b,0,8,B,1,1.0,1,1,1,1,,kg,consistent,5.0,Mechanistic link: Drug-6 -> PD-L1 (inhibitor) -> pathway (JAK/STAT) -> disease (platinum-resistant ovarian carcinoma),0.625,2.75
3,Platinum-resistant ovarian carcinoma (PD-L1+ CPS≥1),none,no_kg,llama3.1:8b,1,8,D,2,0.5,0,1,1,1,,kg,consistent,5.0,Mechanistic link via pathway inhibition and reported efficacy in similar cases,0.625,3.875
3,Resectable gastric/GEJ adenocarcinoma (neoadj+adj +FLOT),none,no_kg,llama3.1:8b,0,8,H,4,0.25,0,0,1,1,,prior,insufficient,3.0,"Limited evidence; known to have anti-inflammatory properties, which may be relevant",0.625,3.375
3,Resectable gastric/GEJ adenocarcinoma (neoadj+adj +FLOT),none,no_kg,llama3.1:8b,1,8,E,2,0.5,0,1,1,1,,both,consistent,4.0,"Drug-7 targets the MEK/ERK pathway, which is relevant to adenocarcinoma, although its evidence is not as strong as Drug-1's.",0.75,2.5
3,Advanced RCC after PD-1/PD-L1 + VEGF-TKI,none,no_kg,llama3.1:8b,0,8,C,5,0.2,0,0,1,1,,prior,insufficient,2.0,"No clear mechanistic link was found in the knowledge graph, and prior knowledge does not strongly support this candidate.",0.625,2.0
3,Advanced RCC after PD-1/PD-L1 + VEGF-TKI,none,no_kg,llama3.1:8b,1,8,H,7,0.14285714285714285,0,0,0,1,,kg,insufficient,1.0,There is no clear mechanistic link between Drug-8 and the treatment of Advanced RCC after PD-1/PD-L1 + VEGF-TKI in the knowledge graph.,0.75,2.875
3,HER2+ solid tumors (tumor-agnostic),none,no_kg,llama3.1:8b,0,8,G,7,0.14285714285714285,0,0,0,1,,kg,insufficient,4.0,"Some knowledge graph links suggest Drug-8 might be involved in pathways related to cancer progression, but the relevance to HER2+ is unclear.",0.625,3.375
3,HER2+ solid tumors (tumor-agnostic),none,no_kg,llama3.1:8b,1,8,E,6,0.16666666666666666,0,0,0,1,,kg,conflicting,1.0,"The knowledge graph suggests a link between Drug-8 and the ERBB2 gene, but this appears to be unrelated to its actual mechanism of action.",0.75,2.125
3,HR+/HER2- early breast cancer (adjuvant),none,no_kg,llama3.1:8b,0,8,F,3,0.3333333333333333,0,1,1,1,,kg,conflicting,3.0,"The knowledge graph links Drug-5 to the MAPK pathway through ERK inhibition, but this does not directly relate to HR+/HER2- early breast cancer.",0.625,2.625
3,HR+/HER2- early breast cancer (adjuvant),none,no_kg,llama3.1:8b,1,8,B,4,0.25,0,0,1,1,,kg,conflicting,2.0,"The provided evidence for Drug-5 involves a link through the VEGF pathway, which is not directly related to HR+/HER2- breast cancer; however, it has been explored in other contexts.",0.75,2.875
3,Chronic lymphocytic leukemia,none,no_kg,llama3.1:8b,0,8,B,4,0.25,0,0,1,1,,kg,insufficient,2.0,No clear association or mechanism is reported for Drug-8.,0.625,2.5
3,Chronic lymphocytic leukemia,none,no_kg,llama3.1:8b,1,8,C,6,0.16666666666666666,0,0,0,1,,kg,insufficient,1.0,"The provided evidence does not support a mechanistic link for Drug-8 in CLL, and its pharmacological profile doesn't strongly suggest relevance to this disease.",0.75,3.0
3,Unresectable thymic carcinoma (PMDA),none,no_kg,llama3.1:8b,0,8,C,5,0.2,0,0,1,1,,prior,insufficient,3.0,"Based on my knowledge, Drug-7 has some potential as an immunotherapeutic agent, but no direct evidence in the KG",0.75,2.375
3,Unresectable thymic carcinoma (PMDA),none,no_kg,llama3.1:8b,1,8,D,3,0.3333333333333333,0,1,1,1,,kg,conflicting,2.0,"The knowledge graph shows an association between Drug-7 and EGFR pathway, but this relationship is not strongly established in the literature.",0.625,3.375
3,IDH1-mutated relapsed/refractory MDS,none,no_kg,llama3.1:8b,0,8,D,7,0.14285714285714285,0,0,0,1,,kg,conflicting,1.0,"Drug-8's evidence links it to the Hedgehog pathway (KG), which seems unrelated to IDH1-mutated MDS based on prior knowledge.",0.75,2.75
3,IDH1-mutated relapsed/refractory MDS,none,no_kg,llama3.1:8b,1,8,H,8,0.125,0,0,0,1,,prior,insufficient,1.0,"No KG evidence is available for Drug-8, and its mechanism of action does not suggest strong relevance to MDS",0.625,3.0
3,Metastatic colorectal cancer,none,no_kg,llama3.1:8b,0,8,B,7,0.14285714285714285,0,0,0,1,,kg,insufficient,1.0,There is no clear mechanistic link between Drug-1 and metastatic colorectal cancer in the knowledge graph.,0.625,2.875
3,Metastatic colorectal cancer,none,no_kg,llama3.1:8b,1,8,G,1,1.0,1,1,1,1,,both,consistent,4.0,"Drug-1's association with the PI3K/AKT pathway is consistent with its role in promoting cell survival and metastasis, a known mechanism in colorectal cancer.",0.875,1.75
3,Agitation associated with Alzheimer's dementia,primekg,kg,llama3.1:8b,0,8,B,7,0.14285714285714285,0,0,0,1,,kg,conflicting,3.0,"The knowledge graph links Drug-8 to various receptors and transporters. However, the lack of direct connection to Alzheimer's disease or agitation makes this candidate less plausible.",1.0,2.875
3,Agitation associated with Alzheimer's dementia,primekg,kg,llama3.1:8b,1,8,H,4,0.25,0,0,1,1,,prior,insufficient,5.0,"No direct associations with the target disease were found in the knowledge graph, but Drug-8 targets ADRA1B/HTR2A, which are involved in neurotransmission and may have implications for Alzheimer's disease.",0.75,3.25
3,LDL-C elevation in statin-intolerant dyslipidemia,primekg,kg,llama3.1:8b,0,8,D,9,0.1111111111111111,0,0,0,1,,,,,,0.5714285714285714,3.0
3,LDL-C elevation in statin-intolerant dyslipidemia,primekg,kg,llama3.1:8b,1,8,E,5,0.2,0,0,1,1,,prior,insufficient,2.0,No clear links between its targets and LDL-C metabolism; may have indirect effects on lipid homeostasis,0.5,3.25
3,First-line anemia in lower-risk MDS,primekg,kg,llama3.1:8b,0,8,F,2,0.5,0,1,1,1,,both,insufficient,3.0,"While Drug-7's targets are not directly related to first-line anemia in lower-risk MDS, some have associations with other myelodysplastic syndromes or conditions.",0.25,1.75
3,First-line anemia in lower-risk MDS,primekg,kg,llama3.1:8b,1,8,B,7,0.14285714285714285,0,0,0,1,,prior,insufficient,5.0,No mechanistic links were found between Drug-8 and the disease; its pharmacological properties are not well understood.,0.75,3.125
3,Palmoplantar pustulosis (PMDA),primekg,kg,llama3.1:8b,0,8,B,1,1.0,1,1,1,1,,kg,consistent,5.0,"Drug-8 targets IL23A, which is associated with Palmoplantar pustulosis (PMDA) through the IL23R gene.",0.75,2.25
3,Palmoplantar pustulosis (PMDA),primekg,kg,llama3.1:8b,1,8,D,1,1.0,1,1,1,1,,kg,consistent,4.0,"Drug-8 targets IL23A, which is associated with the disease via gene IL23R.",0.5,2.0
3,Acute HCV pediatric,primekg,kg,llama3.1:8b,0,8,F,6,0.16666666666666666,0,0,0,1,,kg,conflicting,4.0,"While Drug-8 targets several ABC transporters and UGT1A1, these are not directly linked to the disease's gene associations in the knowledge graph.",0.625,2.875
3,Acute HCV pediatric,primekg,kg,llama3.1:8b,1,8,B,1,1.0,1,1,1,1,,both,consistent,4.0,"Drug-8 targets UGT1A1 and CYP3A7, which are involved in liver metabolism and may be relevant to HCV treatment.",0.75,1.875
3,Oral tablet formulation for weight management,primekg,kg,llama3.1:8b,0,8,C,1,1.0,1,1,1,1,,both,consistent,5.0,Targeting GLP1R with Drug-8 has a clear mechanistic link to weight management.,0.5714285714285714,3.0
3,Oral tablet formulation for weight management,primekg,kg,llama3.1:8b,1,8,A,1,1.0,1,1,1,1,,both,consistent,4.0,"Drug-8 targets GLP1R, which is a key receptor in appetite regulation and weight management.",0.625,1.75
3,Nephrotic syndrome,primekg,kg,llama3.1:8b,0,8,A,1,1.0,1,1,1,1,,both,consistent,4.0,"Drug-1 targets MS4A1, which is associated with kidney function and disease (related to nephrosis), making it a plausible candidate for treating Nephrotic syndrome.",0.5,1.875
3,Nephrotic syndrome,primekg,kg,llama3.1:8b,1,8,H,6,0.16666666666666666,0,0,0,1,,prior,insufficient,2.0,"MS4A1 is involved in immune function, which does not seem directly relevant to nephrotic syndrome.",0.625,2.625
3,KRAS G12C+ mCRC,primekg,kg,llama3.1:8b,0,8,B,1,1.0,1,1,1,1,,prior,insufficient,5.0,Direct targeting of KRAS makes Drug-8 a strong candidate for KRAS G12C+ mCRC.,0.375,2.625
3,KRAS G12C+ mCRC,primekg,kg,llama3.1:8b,1,8,E,1,1.0,1,1,1,1,,kg,consistent,5.0,"Drug-8 directly targets KRAS, which is the mutated gene in this disease.",0.625,2.0
3,Retinal vein occlusion,primekg,kg,llama3.1:8b,0,8,E,1,1.0,1,1,1,1,,both,consistent,5.0,"Drug-8 targets VEGFA, which is associated with retinal vein occlusion.",0.875,2.375
3,Retinal vein occlusion,primekg,kg,llama3.1:8b,1,8,C,2,0.5,0,1,1,1,,both,consistent,5.0,"Targets VEGFA, which is associated with Retinal Vein Occlusion in the knowledge graph and plays a role in angiogenesis and vascular permeability.",0.5,2.125
3,TRD monotherapy,primekg,kg,llama3.1:8b,0,8,D,5,0.2,0,0,1,1,,kg,insufficient,1.0,"The knowledge graph does not provide direct links between Drug-8's targets and TRD monotherapy, making it uncertain.",0.375,1.75
3,TRD monotherapy,primekg,kg,llama3.1:8b,1,8,B,1,1.0,1,1,1,1,,both,consistent,5.0,"Drug-8 targets GRIN2A and BDNF, which are associated with endogenous depression.",0.5,2.5
3,Reduce MACE in CVD + obesity/overweight,primekg,kg,llama3.1:8b,0,8,A,2,0.5,0,1,1,1,,both,insufficient,3.0,"Drug-8 targets several pathways, but the knowledge graph lacks mechanistic links to CVD + obesity/overweight.",0.375,1.875
3,Reduce MACE in CVD + obesity/overweight,primekg,kg,llama3.1:8b,1,8,E,1,1.0,1,1,1,1,,prior,insufficient,4.0,"Drug-8 targets GLP1R, which is related to obesity and metabolic disease.",0.5,2.875
3,Indolent systemic mastocytosis (EMA),primekg,kg,llama3.1:8b,0,8,F,1,1.0,1,1,1,1,,both,consistent,5.0,"Drug-8 targets KIT, a gene associated with indolent systemic mastocytosis.",0.625,3.5
3,Indolent systemic mastocytosis (EMA),primekg,kg,llama3.1:8b,1,8,G,1,1.0,1,1,1,1,,both,consistent,5.0,Direct targeting of KIT and its involvement in the disease make Drug-8 a strong candidate.,0.75,1.875
3,IgG4-related disease,primekg,kg,llama3.1:8b,0,8,D,2,0.5,0,1,1,1,,both,insufficient,3.0,"CD19 targeting by Drug-8 suggests potential efficacy in B-cell mediated diseases, but direct evidence linking CD19 to IgG4-related disease is lacking.",0.75,2.375
3,IgG4-related disease,primekg,kg,llama3.1:8b,1,8,D,5,0.2,0,0,1,1,,prior,insufficient,1.0,"Similarly, no direct mechanistic link to IgG4-related disease is apparent for Drug-8 based on the knowledge graph or general pharmacological knowledge.",0.375,1.875
3,COVID-19 (expanded population),primekg,kg,llama3.1:8b,0,8,E,8,0.125,0,0,0,1,,kg,insufficient,1.0,The knowledge graph does not provide a clear link between Drug-8's targets and COVID-19 pathogenesis.,0.875,2.375
3,COVID-19 (expanded population),primekg,kg,llama3.1:8b,1,8,F,6,0.16666666666666666,0,0,0,1,,kg,conflicting,4.0,"The knowledge graph reports associations between Drug-8 and several targets, but some of these (e.g. CYP2C8) are also targeted by Drug-7.",0.875,3.125
3,Obstructive sleep apnea with obesity,primekg,kg,llama3.1:8b,0,8,F,5,0.2,0,0,1,1,,prior,insufficient,1.0,No relevant evidence or pharmacological knowledge to evaluate this candidate.,0.75,2.5
3,Obstructive sleep apnea with obesity,primekg,kg,llama3.1:8b,1,8,C,5,0.2,0,0,1,1,,prior,insufficient,2.0,No relevant mechanistic links or targets were found for Drug-8.,0.625,2.625
3,Biliary tract cancer 1L,primekg,kg,llama3.1:8b,0,8,B,7,0.14285714285714285,0,0,0,1,,kg,insufficient,1.0,"Drug-8 targets CD274, which is associated with immune response and not directly related to the genetic alterations in biliary tract cancer.",0.875,2.0
3,Biliary tract cancer 1L,primekg,kg,llama3.1:8b,1,8,D,1,1.0,1,1,1,1,,kg,consistent,4.0,"Drug-8 targets CD274, which is involved in immune responses and has been associated with cancer treatment.",1.0,2.25
3,Retinal vein occlusion,primekg,kg,llama3.1:8b,0,8,C,1,1.0,1,1,1,1,,both,consistent,5.0,"Drug-8 targets VEGFA, which is associated with Retinal Vein Occlusion.",0.625,3.375
3,Retinal vein occlusion,primekg,kg,llama3.1:8b,1,8,G,1,1.0,1,1,1,1,,both,consistent,4.0,"Drug-8 targets VEGFA, which is associated with RVO, and ANGPT2, a regulator of angiogenesis implicated in vascular diseases.",0.875,1.75
3,Chorea associated with Huntington's disease,primekg,kg,llama3.1:8b,0,8,B,2,0.5,0,1,1,1,,kg,insufficient,2.0,CYP450 targets lack direct connections to Huntington's disease gene associations,0.375,3.625
3,Chorea associated with Huntington's disease,primekg,kg,llama3.1:8b,1,8,A,2,0.5,0,1,1,1,,kg,insufficient,3.0,"The targets CYP3A5, CYP2D6, and CYP3A4 are not directly linked to the disease mechanisms associated with Huntington's chorea.",0.5,3.625
3,High LDL-C with increased CV risk (expanded),primekg,kg,llama3.1:8b,0,8,B,1,1.0,1,1,1,1,,kg,consistent,5.0,"Drug-8 targets PCSK9, which is directly associated with High LDL-C with increased CV risk (expanded) in the disease profile.",0.25,2.5714285714285716
3,High LDL-C with increased CV risk (expanded),primekg,kg,llama3.1:8b,1,8,B,1,1.0,1,1,1,1,,both,consistent,5.0,"Drug-8 targets PCSK9, which is a known target for reducing LDL-C levels.",0.75,2.75
3,Polycythaemia vera and essential thrombocytopenia,primekg,kg,llama3.1:8b,0,8,E,2,0.5,0,1,1,1,,prior,insufficient,4.0,"While Drug-1 targets IFNAR1 and IFNAR2, there is no clear link to this disease in the knowledge graph.",0.375,2.25
3,Polycythaemia vera and essential thrombocytopenia,primekg,kg,llama3.1:8b,1,8,D,2,0.5,0,1,1,1,,both,consistent,3.0,"Drug-1 targets IFNAR1 and IFNAR2, which are related to the treatment of polycythemia vera and essential thrombocytopenia.",0.625,1.75
3,Schnitzler syndrome (Japan),primekg,kg,llama3.1:8b,0,8,E,1,1.0,1,1,1,1,,both,consistent,4.0,"Drug-6 targets IL1B, which is directly related to the disease's association with gene IL1RN.",0.625,1.875
3,Schnitzler syndrome (Japan),primekg,kg,llama3.1:8b,1,8,B,1,1.0,1,1,1,1,,kg,consistent,5.0,"Drug-6 targets IL1B, which is associated with unexplained periodic fever syndrome.",0.75,2.0
3,COVID-19 updated strain,primekg,kg,llama3.1:8b,0,8,F,8,0.125,0,0,0,1,,prior,insufficient,1.0,"There is no KG evidence for Drug-8, and its relevance to COVID-19 is unknown.",0.375,2.25
3,COVID-19 updated strain,primekg,kg,llama3.1:8b,1,8,H,8,0.125,0,0,0,1,,prior,insufficient,5.0,"Based on prior knowledge, Drug-4 has antiviral properties that could be beneficial in COVID-19.",0.625,3.25
3,Delay T1D onset in children ≥1yr,primekg,kg,llama3.1:8b,0,8,H,8,0.125,0,0,0,1,,kg,insufficient,1.0,No target information available,0.5,2.75
3,Delay T1D onset in children ≥1yr,primekg,kg,llama3.1:8b,1,8,C,9,0.1111111111111111,0,0,0,1,,,,,,0.7142857142857143,2.142857142857143
3,"mCRC BRAF V600E (traditional approval, was accelerated)",primekg,kg,llama3.1:8b,0,8,A,3,0.3333333333333333,0,1,1,1,,both,consistent,4.0,"Drug-5 targets BRAF directly, which is a key driver of mCRC BRAF V600E.",1.0,2.625
3,"mCRC BRAF V600E (traditional approval, was accelerated)",primekg,kg,llama3.1:8b,1,8,H,1,1.0,1,1,1,1,,both,consistent,5.0,"Drug-5 targets BRAF, which is a key driver of mCRC BRAF V600E, and has a strong mechanistic link.",1.0,2.25
3,Diabetic retinopathy/DME (EMA Mar+May 2026),primekg,kg,llama3.1:8b,0,8,A,1,1.0,1,1,1,1,,both,consistent,4.0,"Drug-8 targets VEGFA, a key mediator of angiogenesis in diabetic retinopathy/DME.",0.75,1.875
3,Diabetic retinopathy/DME (EMA Mar+May 2026),primekg,kg,llama3.1:8b,1,8,H,1,1.0,1,1,1,1,,both,consistent,4.0,"Drug-8 targets ANGPT2 and VEGFA, which are involved in angiogenesis and vascular permeability, respectively, making it a plausible candidate for Diabetic Retinopathy/DME.",0.625,2.625
3,Cerebral folate transport deficiency,primekg,kg,llama3.1:8b,0,8,H,2,0.5,0,1,1,1,,prior,insufficient,4.0,"Drug-1 targets LARS1 and BCAT1, which are involved in the metabolism of amino acids related to folate metabolism.",0.25,3.0
3,Cerebral folate transport deficiency,primekg,kg,llama3.1:8b,1,8,E,1,1.0,1,1,1,1,,both,consistent,5.0,"Drug-1's target LARS2 is a mitochondrial leucyl-tRNA synthetase involved in folate-dependent aminoacylation, which could plausibly contribute to folate metabolism disorders.",0.5,2.25
3,Heart failure (broadened),primekg,kg,llama3.1:8b,0,8,C,6,0.16666666666666666,0,0,0,1,,kg,insufficient,1.0,The targets include various cytochromes and transporters but lack a clear association with heart failure in the knowledge graph.,1.0,1.875
3,Heart failure (broadened),primekg,kg,llama3.1:8b,1,8,F,5,0.2,0,0,1,1,,kg,conflicting,2.0,"The knowledge graph links Drug-4's targets (including UGT1A9 and CYP2C9) to various pathways, but this evidence conflicts with known pharmacology of these enzymes in heart failure.",0.5,3.625
3,Acquired hypofibrinogenemia in cardiovascular surgery,primekg,kg,llama3.1:8b,0,8,F,7,0.14285714285714285,0,0,0,1,,kg,insufficient,5.0,"Drug-5 targets FLT receptors and other transporters, but direct involvement in coagulation disorders or platelet function is unclear.",0.5,4.0
3,Acquired hypofibrinogenemia in cardiovascular surgery,primekg,kg,llama3.1:8b,1,8,A,5,0.2,0,0,1,1,,kg,conflicting,1.0,"The KG associates Drug-2 with CYP3A4, which is also targeted by other drugs. However, this connection seems indirect and less relevant to platelet function.",0.625,2.25
3,COPD,primekg,kg,llama3.1:8b,0,8,E,3,0.3333333333333333,0,1,1,1,,kg,insufficient,2.0,"The knowledge graph reports a target for IL4R, but we have no information on its relevance to COPD.",0.875,2.5
3,COPD,primekg,kg,llama3.1:8b,1,8,C,4,0.25,0,0,1,1,,kg,insufficient,3.0,"The KG reports Drug-8 targets IL4R, but this is less directly related to COPD pathophysiology.",0.5,3.625
3,Chronic hepatitis B (pediatric),primekg,kg,llama3.1:8b,0,8,G,4,0.25,0,0,1,1,,kg,conflicting,2.0,"Drug-6 targets several enzymes and transporters, but its targets are not clearly connected to hepatitis B virus infection",0.5,2.25
3,Chronic hepatitis B (pediatric),primekg,kg,llama3.1:8b,1,8,D,5,0.2,0,0,1,1,,prior,insufficient,1.0,Drug-6's targets are mostly involved in metabolic processes and do not directly relate to the disease mechanisms of hepatitis B.,0.375,2.25
3,HoFH pediatric (EMA),primekg,kg,llama3.1:8b,0,8,E,2,0.5,0,1,1,1,,prior,insufficient,3.0,No direct target/pathway associations with HoFH pediatric genes or pathways,0.625,2.375
3,HoFH pediatric (EMA),primekg,kg,llama3.1:8b,1,8,C,4,0.25,0,0,1,1,,prior,insufficient,2.0,"The knowledge graph mentions ABCB11 as a target of Drug-8, but I am uncertain about its relevance to HoFH pediatric (EMA).",0.25,1.875
3,HR+/HER2- breast cancer,primekg,kg,llama3.1:8b,0,8,G,5,0.2,0,0,1,1,,prior,insufficient,3.0,No direct evidence links Drug-8 to HR+/HER2- breast cancer; its targets are not associated with the disease.,0.625,3.125
3,HR+/HER2- breast cancer,primekg,kg,llama3.1:8b,1,8,C,7,0.14285714285714285,0,0,0,1,,kg,insufficient,1.0,Limited evidence connects TOP1 and FUBP1 to HR+/HER2- breast cancer.,0.75,1.75
3,Retinopathy of prematurity,primekg,kg,llama3.1:8b,0,8,F,1,1.0,1,1,1,1,,both,consistent,5.0,"Drug-7 targets VEGFA, which is associated with retinal disease and potentially linked to ROP through angiogenesis",0.625,2.5
3,Retinopathy of prematurity,primekg,kg,llama3.1:8b,1,8,F,1,1.0,1,1,1,1,,kg,consistent,4.0,"Drug-7 targets VEGFA, which is involved in angiogenesis and can contribute to retinopathy of prematurity.",0.375,4.25
3,Agitation associated with Alzheimer's dementia,primekg,kg,llama3.1:8b,0,8,B,6,0.16666666666666666,0,0,0,1,,kg,insufficient,1.0,"Drug-3 targets several enzymes and receptors, but the knowledge graph does not provide direct associations with agitation associated with Alzheimer's dementia.",0.75,2.125
3,Agitation associated with Alzheimer's dementia,primekg,kg,llama3.1:8b,1,8,E,2,0.5,0,1,1,1,,prior,insufficient,3.0,No clear mechanistic link between Drug-3's targets and Agitation associated with Alzheimer's dementia.,0.75,1.75
3,Heterozygous familial hypercholesterolemia,primekg,kg,llama3.1:8b,0,8,F,1,1.0,1,1,1,1,,both,consistent,5.0,"Directly targets PCSK9, a key gene associated with Heterozygous familial hypercholesterolemia.",0.875,2.0
3,Heterozygous familial hypercholesterolemia,primekg,kg,llama3.1:8b,1,8,C,1,1.0,1,1,1,1,,kg,consistent,5.0,"Drug-5 targets PCSK9, which is associated with heterozygous familial hypercholesterolemia.",0.25,2.625
3,Indolent systemic mastocytosis,primekg,kg,llama3.1:8b,0,8,E,1,1.0,1,1,1,1,,both,consistent,5.0,"Drug-8 targets KIT, a gene associated with the disease.",0.625,2.0
3,Indolent systemic mastocytosis,primekg,kg,llama3.1:8b,1,8,B,1,1.0,1,1,1,1,,both,consistent,4.0,"Drug-8 targets KIT, which is directly associated with the disease.",0.625,2.125
3,Juvenile idiopathic arthritis (EMA Feb 2026),primekg,kg,llama3.1:8b,0,8,D,1,1.0,1,1,1,1,,both,consistent,4.0,"Drug-6 targets JAK3, which is a potential therapeutic target for juvenile idiopathic arthritis.",0.625,1.875
3,Juvenile idiopathic arthritis (EMA Feb 2026),primekg,kg,llama3.1:8b,1,8,G,2,0.5,0,1,1,1,,kg,consistent,5.0,"Drug-8 targets ABCB1, which is involved in the transport of various compounds and could influence drug efficacy or toxicity in Juvenile idiopathic arthritis.",0.75,2.875
3,Invasive fungal infections pediatric ≥2yr,primekg,kg,llama3.1:8b,0,8,B,9,0.1111111111111111,0,0,0,1,,,,,,0.7142857142857143,2.857142857142857
3,Invasive fungal infections pediatric ≥2yr,primekg,kg,llama3.1:8b,1,8,H,5,0.2,0,0,1,1,,kg,insufficient,1.0,"Drug-5 targets ABCB1 and CYP3A4, which are more related to drug-drug interactions or toxicity than direct involvement in fungal infections.",0.75,1.75
3,PKU expanded to ≥12yr,primekg,kg,llama3.1:8b,0,8,B,5,0.2,0,0,1,1,,kg,insufficient,2.0,"CYP3A4 is targeted by Drug-4, but it's not directly related to PKU; other targets are also unrelated",0.75,2.5
3,PKU expanded to ≥12yr,primekg,kg,llama3.1:8b,1,8,C,6,0.16666666666666666,0,0,0,1,,prior,insufficient,1.0,No information is available for Drug-7.,0.75,2.625
3,HR+/HER2-low breast cancer,primekg,kg,llama3.1:8b,0,8,A,1,1.0,1,1,1,1,,both,consistent,4.0,"Drug-8 targets SLCO1B3 and SLCO1B1, which are involved in the transport of hormones, potentially impacting HR+/HER2-low breast cancer.",0.75,2.625
3,HR+/HER2-low breast cancer,primekg,kg,llama3.1:8b,1,8,B,7,0.14285714285714285,0,0,0,1,,kg,insufficient,2.0,"While Drug-8 targets several genes involved in drug transport and metabolism, there is no direct association with HR+/HER2-low breast cancer.",0.75,2.875
3,Spinal muscular atrophy (pediatric expansion),primekg,kg,llama3.1:8b,0,8,D,5,0.2,0,0,1,1,,kg,insufficient,4.0,"Drug-8 targets various enzymes and transporters, including FMO3 and CYP1A1, which are related to other diseases.",0.75,4.0
3,Spinal muscular atrophy (pediatric expansion),primekg,kg,llama3.1:8b,1,8,D,7,0.14285714285714285,0,0,0,1,,kg,conflicting,2.0,"Drug-8 targets multiple CYP enzymes (CYP3A43, CYP2J2, CYP3A7, and CYP1A1), which have varying associations with the disease, making its relevance uncertain.",0.875,2.375
3,Chronic kidney disease,primekg,kg,llama3.1:8b,0,8,E,4,0.25,0,0,1,1,,kg,conflicting,2.0,"The knowledge graph shows associations between Drug-5 targets and UGT enzymes, but I'm uncertain about the relevance of these to chronic kidney disease.",0.75,2.625
3,Chronic kidney disease,primekg,kg,llama3.1:8b,1,8,E,4,0.25,0,0,1,1,,kg,insufficient,2.0,"While Drug-5 targets various transporters and metabolizing enzymes, their association with chronic kidney disease is unclear.",0.75,2.5
3,IgE-mediated food allergy,primekg,kg,llama3.1:8b,0,8,G,1,1.0,1,1,1,1,,both,consistent,4.0,"Drug-7 targets MS4A2, a key player in IgE-mediated allergic responses.",0.875,2.375
3,IgE-mediated food allergy,primekg,kg,llama3.1:8b,1,8,D,1,1.0,1,1,1,1,,both,consistent,5.0,"Drug-1 targets MS4A2, a key mediator of IgE responses, and FCER1A, involved in mast cell activation.",0.875,2.125
3,Measles prophylaxis post-exposure,primekg,kg,llama3.1:8b,0,8,G,1,1.0,1,1,1,1,,kg,insufficient,2.0,Lack of clear association between Drug-1 targets and measles prophylaxis post-exposure.,0.75,2.375
3,Measles prophylaxis post-exposure,primekg,kg,llama3.1:8b,1,8,F,1,1.0,1,1,1,1,,both,consistent,5.0,"Drug-1 targets CD46, which is associated with Measles prophylaxis post-exposure in the knowledge graph and has a plausible mechanism of action.",0.25,2.25
3,CKD in T2D,primekg,kg,llama3.1:8b,0,8,H,8,0.125,0,0,0,1,,prior,insufficient,1.0,"No information is available for Drug-8, so we rely on our own pharmacological knowledge to consider its potential mechanism.",0.75,2.625
3,CKD in T2D,primekg,kg,llama3.1:8b,1,8,E,3,0.3333333333333333,0,1,1,1,,prior,insufficient,4.0,"Although Drug-8 targets various proteins, there is no direct evidence linking them to CKD in T2D (DOID:784), making its mechanistic plausibility uncertain.",0.875,3.25
3,dMMR recurrent/advanced endometrial cancer,primekg,kg,llama3.1:8b,0,8,F,8,0.125,0,0,0,1,,prior,insufficient,1.0,"There is no clear mechanistic link between Drug-8's target, PDCD1, and the disease.",0.75,2.0
3,dMMR recurrent/advanced endometrial cancer,primekg,kg,llama3.1:8b,1,8,E,1,1.0,1,1,1,1,,prior,insufficient,3.0,"Drug-8 targets PDCD1, a protein involved in immune regulation, which may be relevant to cancer treatment.",0.5,2.5
3,ILD-associated pulmonary hypertension,primekg,kg,llama3.1:8b,0,8,F,4,0.25,0,0,1,1,,prior,insufficient,5.0,"While Drug-3 targets CYP2C9, there is no direct connection to ILD-associated pulmonary hypertension in the knowledge graph.",0.5,4.25
3,ILD-associated pulmonary hypertension,primekg,kg,llama3.1:8b,1,8,B,1,1.0,1,1,1,1,,both,consistent,5.0,"Drug-3 targets PTGIR, which is involved in vascular smooth muscle contraction, a key process in pulmonary hypertension.",0.625,3.875
3,Crohn's disease,primekg,kg,llama3.1:8b,0,8,B,5,0.2,0,0,1,1,,prior,insufficient,1.0,Many direct associations but no clear link to Crohn's disease; several targets have indirect roles in immune response and inflammation,0.625,2.0
3,Crohn's disease,primekg,kg,llama3.1:8b,1,8,E,2,0.5,0,1,1,1,,both,insufficient,3.0,"Drug-8 targets CYP3A4, a shared target with some other candidates; however, its primary targets (JAK1 and SLCO1B1) are less clear in relation to Crohn's disease.",1.0,2.875
3,COVID-19 in severe renal impairment/dialysis,primekg,kg,llama3.1:8b,0,8,G,1,1.0,1,1,1,1,,both,consistent,4.0,"Drug-6 targets ABCC2 and ABCG2, which are transporters involved in the metabolism of various drugs; this suggests potential efficacy against COVID-19 in severe renal impairment/dialysis.",1.0,1.875
3,COVID-19 in severe renal impairment/dialysis,primekg,kg,llama3.1:8b,1,8,E,2,0.5,0,1,1,1,,kg,insufficient,4.0,"Transporter targets may be relevant for drug-drug interactions or renal function; however, direct evidence is lacking.",1.0,3.375
3,MASH with fibrosis,primekg,kg,llama3.1:8b,0,8,E,5,0.2,0,0,1,1,,kg,insufficient,1.0,No direct connections between GLP1R/DPP4/AMY1C and fibrosis or related conditions are evident from the knowledge graph.,0.75,2.125
3,MASH with fibrosis,primekg,kg,llama3.1:8b,1,8,B,7,0.14285714285714285,0,0,0,1,,kg,conflicting,1.0,"Drug-8 targets multiple enzymes and receptors; however, the presence of DPP4 (a target for diabetes drugs) suggests a potential link to liver disease, but the lack of evidence for MASH with fibrosis makes this candidate less promising.",0.75,2.0
3,Urothelial carcinoma (expanded population),primekg,kg,llama3.1:8b,0,8,E,2,0.5,0,1,1,1,,both,consistent,4.0,"While ABCB1 association is present in both Drug-8 and the disease, CYP3A4 involvement adds plausibility.",0.375,2.125
3,Urothelial carcinoma (expanded population),primekg,kg,llama3.1:8b,1,8,A,5,0.2,0,0,1,1,,kg,consistent,2.0,"Drug-8 targets NECTIN4 and ABCB1; however, these associations do not directly relate to the known pathways involved in urothelial carcinoma.",0.625,2.375
3,Chronic thromboembolic pulmonary hypertension,primekg,kg,llama3.1:8b,0,8,E,7,0.14285714285714285,0,0,0,1,,kg,insufficient,2.0,The association between Drug-5's numerous targets and chronic thromboembolic pulmonary hypertension is unclear due to the lack of specific connections.,0.875,2.375
3,Chronic thromboembolic pulmonary hypertension,primekg,kg,llama3.1:8b,1,8,A,8,0.125,0,0,0,1,,kg,insufficient,1.0,"Drug-7 targets F10 and ABCB1, but there is no clear connection to chronic thromboembolic pulmonary hypertension based on the knowledge graph.",0.875,2.125
3,Crohn's disease,primekg,kg,llama3.1:8b,0,8,A,1,1.0,1,1,1,1,,both,consistent,4.0,Strong association with IL23A and evidence of involvement in Crohn's disease pathogenesis.,0.625,1.875
3,Crohn's disease,primekg,kg,llama3.1:8b,1,8,A,1,1.0,1,1,1,1,,both,,4.0,"Drug-8 targets IL23A, which is associated with Crohn's disease.",0.5,2.75
3,HoFH in children,primekg,kg,llama3.1:8b,0,8,F,7,0.14285714285714285,0,0,0,1,,prior,insufficient,1.0,"Without any evidence from the knowledge graph, Drug-8's plausibility relies on prior pharmacological knowledge, which does not provide a clear connection to HoFH in children.",0.75,1.875
3,HoFH in children,primekg,kg,llama3.1:8b,1,8,F,6,0.16666666666666666,0,0,0,1,,kg,insufficient,1.0,No relevant targets are reported for Drug-8 in the knowledge graph,0.625,2.5
3,First-line anemia in lower-risk MDS,primekg,kg,llama3.1:8b,0,8,D,5,0.2,0,0,1,1,,prior,insufficient,1.0,Prior knowledge does not suggest a mechanistic link to anemia in lower-risk MDS.,0.625,2.125
3,First-line anemia in lower-risk MDS,primekg,kg,llama3.1:8b,1,8,F,6,0.16666666666666666,0,0,0,1,,prior,insufficient,1.0,No clear connection to the disease can be inferred based on prior knowledge or the provided evidence.,0.75,2.375
3,Generalized myasthenia gravis,primekg,kg,llama3.1:8b,0,8,G,1,1.0,1,1,1,1,,kg,consistent,5.0,"Drug-8 targets CD19, which is involved in immune response and could be relevant to an autoimmune disease like Generalized Myasthenia Gravis.",0.25,2.75
3,Generalized myasthenia gravis,primekg,kg,llama3.1:8b,1,8,F,3,0.3333333333333333,0,1,1,1,,both,consistent,4.0,"Drug-8 targets CD19, which is involved in B-cell function; the disease profile mentions autoimmune disease of peripheral nervous system and immune-mediated acquired neuromuscular junction disease.",0.75,2.375
3,Acquired hypothalamic obesity,primekg,kg,llama3.1:8b,0,8,C,1,1.0,1,1,1,1,,kg,consistent,5.0,Targeting MC4R directly addresses a key pathway involved in hypothalamic obesity.,0.625,2.0
3,Acquired hypothalamic obesity,primekg,kg,llama3.1:8b,1,8,G,1,1.0,1,1,1,1,,kg,consistent,5.0,"Drug-7 targets MC4R, a key receptor in energy homeostasis and feeding behavior.",0.75,2.5
3,HR+/HER2- node-positive high-risk early breast cancer,primekg,kg,llama3.1:8b,0,8,G,5,0.2,0,0,1,1,,kg,insufficient,2.0,No clear mechanistic link between Drug-8's targets and HR+/HER2- node-positive high-risk early breast cancer.,1.0,2.0
3,HR+/HER2- node-positive high-risk early breast cancer,primekg,kg,llama3.1:8b,1,8,H,8,0.125,0,0,0,1,,kg,insufficient,1.0,"The KG links Drug-8 to various targets, but none have clear associations with HR+/HER2- node-positive high-risk early breast cancer.",0.875,1.875
3,EGPA,primekg,kg,llama3.1:8b,0,8,D,1,1.0,1,1,1,1,,prior,insufficient,5.0,Lack of direct connection to EGPA's gene associations.,0.625,2.375
3,EGPA,primekg,kg,llama3.1:8b,1,8,H,8,0.125,0,0,0,1,,kg,consistent,3.0,"Drug-1 targets MS4A2, which is involved in immune system function, but the evidence is limited.",0.5,3.875
3,BRAF+ thyroid cancer,primekg,kg,llama3.1:8b,0,8,A,1,1.0,1,1,1,1,,both,consistent,4.0,"Drug-6 targets IL6 and TNF, which are implicated in inflammation and can contribute to cancer progression, consistent with the KG's indication of a link between BRAF+ thyroid cancer and CXCL10 (an inflammatory chemokine).",0.375,2.625
3,BRAF+ thyroid cancer,primekg,kg,llama3.1:8b,1,8,E,2,0.5,0,1,1,1,,both,consistent,5.0,"Drug-6 targets various genes involved in inflammation and cell proliferation, which are relevant to BRAF+ thyroid cancer.",0.875,2.875
3,Giant cell arteritis,primekg,kg,llama3.1:8b,0,8,G,8,0.125,0,0,0,1,,prior,conflicting,2.0,"SLCO1B1 and JAK1 are relevant to inflammatory responses, but the presence of conflicting targets (CYP2D6, ABCG2, CYP3A4) makes this candidate less convincing.",0.5,2.25
3,Giant cell arteritis,primekg,kg,llama3.1:8b,1,8,D,1,1.0,1,1,1,1,,both,consistent,5.0,"Drug-8 targets JAK1, which is involved in inflammation and could be relevant to Giant cell arteritis.",0.625,2.0
3,dMMR/MSI-H primary advanced endometrial cancer,primekg,kg,llama3.1:8b,0,8,C,4,0.25,0,0,1,1,,kg,insufficient,1.0,No direct link between Drug-8 target PDCD1 and dMMR/MSI-H primary advanced endometrial cancer.,0.625,2.125
3,dMMR/MSI-H primary advanced endometrial cancer,primekg,kg,llama3.1:8b,1,8,C,6,0.16666666666666666,0,0,0,1,,kg,insufficient,1.0,"The knowledge graph reports an association between Drug-8 and PDCD1; however, the relevance of this target to dMMR/MSI-H primary advanced endometrial cancer is unclear.",1.0,1.875
3,Polymyalgia rheumatica,primekg,kg,llama3.1:8b,0,8,F,7,0.14285714285714285,0,0,0,1,,kg,conflicting,2.0,"Drug-8 targets CYP3A4, which is also targeted by Drug-4 and may be involved in drug interactions",0.875,2.5
3,Polymyalgia rheumatica,primekg,kg,llama3.1:8b,1,8,B,1,1.0,1,1,1,1,,both,consistent,4.0,"Drug-8 targets IL6R, which is related to inflammation; given polymyalgia rheumatica's relation to syndromic disease and myopathy, its profile suggests mechanistic plausibility.",1.0,1.75
3,Ph+ CML-CP frontline (EMA Feb 2026),primekg,kg,llama3.1:8b,0,8,D,4,0.25,0,0,1,1,,prior,insufficient,1.0,No relevant evidence from the KG or my own knowledge; a more in-depth review is required to assess its potential.,0.625,2.0
3,Ph+ CML-CP frontline (EMA Feb 2026),primekg,kg,llama3.1:8b,1,8,H,8,0.125,0,0,0,1,,prior,insufficient,1.0,Lack of evidence makes it uncertain if Drug-8 is mechanistically plausible for Ph+ CML-CP frontline.,0.25,1.875
3,Allergic fungal rhinosinusitis (AFRS) ≥6yr,primekg,kg,llama3.1:8b,0,8,D,1,1.0,1,1,1,1,,kg,consistent,4.0,"Drug-8 targets IL4R, which is involved in inflammatory responses and could be relevant to AFRS.",0.375,2.625
3,Allergic fungal rhinosinusitis (AFRS) ≥6yr,primekg,kg,llama3.1:8b,1,8,B,1,1.0,1,1,1,1,,both,consistent,4.0,"Drug-8 targets IL4R, which is involved in allergic reactions and could be relevant to AFRS ≥6yr",0.875,2.75
3,RET-fusion NSCLC (expanded),primekg,kg,llama3.1:8b,0,8,F,1,1.0,1,1,1,1,,both,consistent,5.0,Direct link to RET through Drug-8's target makes it a strong candidate.,0.5,2.0
3,RET-fusion NSCLC (expanded),primekg,kg,llama3.1:8b,1,8,G,1,1.0,1,1,1,1,,both,consistent,5.0,"Drug-8 targets RET, which is associated with the disease through gene associations in the knowledge graph.",0.5,2.0
3,"Crohn's disease (moderate-severe, refractory)",primekg,kg,llama3.1:8b,0,8,C,1,1.0,1,1,1,1,,kg,consistent,5.0,"Drug-3 targets IL23R, a gene associated with Crohn's disease.",0.75,2.75
3,"Crohn's disease (moderate-severe, refractory)",primekg,kg,llama3.1:8b,1,8,A,1,1.0,1,1,1,1,,kg,consistent,4.0,"Drug-7 targets IL23A, a key regulator in the IL-23 pathway implicated in Crohn's disease.",1.0,1.875
3,Follicular lymphoma,primekg,kg,llama3.1:8b,0,8,E,1,1.0,1,1,1,1,,both,consistent,5.0,"Drug-8 targets CD19, which is a key cell surface antigen in B-cell lymphomas like follicular lymphoma.",0.5,2.375
3,Follicular lymphoma,primekg,kg,llama3.1:8b,1,8,H,1,1.0,1,1,1,1,,both,consistent,5.0,"Drug-8 targets CD19, which is a well-known marker for B-cell lymphomas.",0.625,2.5
3,Atopic dermatitis,primekg,kg,llama3.1:8b,0,8,A,8,0.125,0,0,0,1,,kg,consistent,5.0,"JAK3 and SLCO1B3/SLC22A2 targets are associated with atopic dermatitis, making Drug-7 a strong candidate.",0.875,3.5
3,Atopic dermatitis,primekg,kg,llama3.1:8b,1,8,H,8,0.125,0,0,0,1,,kg,conflicting,2.0,"The knowledge graph reports associations between Drug-7 targets (JAK3) and atopic dermatitis, but some of these targets are also involved in immune regulation, which may not be directly relevant.",1.0,2.25
3,1L biliary tract cancer (+gemcitabine+cisplatin),primekg,kg,llama3.1:8b,0,8,C,6,0.16666666666666666,0,0,0,1,,prior,insufficient,2.0,The knowledge graph does not provide information about Drug-1's targets (PDE3A/CYP1A2) and their connection to biliary tract cancer.,0.625,2.25
3,1L biliary tract cancer (+gemcitabine+cisplatin),primekg,kg,llama3.1:8b,1,8,H,7,0.14285714285714285,0,0,0,1,,kg,insufficient,1.0,No clear link between Drug-7's target PDCD1 and biliary tract cancer.,0.75,1.875
3,IV formulation for rheumatic diseases (EMA),primekg,kg,llama3.1:8b,0,8,G,1,1.0,1,1,1,1,,prior,insufficient,3.0,IL-17A is a key cytokine in rheumatoid arthritis and its inhibition has shown promise in treating autoimmune diseases.,0.5,2.625
3,IV formulation for rheumatic diseases (EMA),primekg,kg,llama3.1:8b,1,8,H,1,1.0,1,1,1,1,,both,consistent,5.0,"Drug-2 targets IL17A, which is a cytokine involved in inflammation and autoimmunity, making it a plausible candidate for rheumatic diseases.",0.625,2.0
3,BRAF+ thyroid cancer,primekg,kg,llama3.1:8b,0,8,D,2,0.5,0,1,1,1,,both,consistent,4.0,"Drug-8 targets BRAF, which is a key driver of BRAF+ thyroid cancer.",0.25,2.625
3,BRAF+ thyroid cancer,primekg,kg,llama3.1:8b,1,8,C,1,1.0,1,1,1,1,,both,consistent,4.0,"Drug-8 targets BRAF, which is directly implicated in BRAF+ thyroid cancer.",0.5,1.75
3,EGPA (expanded),primekg,kg,llama3.1:8b,0,8,E,3,0.3333333333333333,0,1,1,1,,both,insufficient,3.0,"Drug-7 targets IL5RA, which is involved in the regulation of eosinophils, but its connection to EGPA (expanded) is unclear.",0.75,2.375
3,EGPA (expanded),primekg,kg,llama3.1:8b,1,8,G,1,1.0,1,1,1,1,,kg,consistent,4.0,"Drug-7 targets IL5RA and FCGR3A, which are related to immune system disease and anti-neutrophil antibody associated vasculitis, respectively.",1.0,3.75
3,Pheochromocytoma/paraganglioma,primekg,kg,llama3.1:8b,0,8,H,8,0.125,0,0,0,1,,kg,insufficient,1.0,The target of Drug-8 does not appear to be strongly linked to pheochromocytoma/paraganglioma.,0.625,1.75
3,Pheochromocytoma/paraganglioma,primekg,kg,llama3.1:8b,1,8,H,2,0.5,0,1,1,1,,kg,consistent,3.0,"EPAS1 is involved in hypoxia-inducible factor regulation, which could be relevant given the benign neoplasm aspect of Pheochromocytoma/paraganglioma.",0.625,2.0
3,Pediatric atopic dermatitis,primekg,kg,llama3.1:8b,0,8,F,3,0.3333333333333333,0,1,1,1,,kg,consistent,4.0,"Drug-8 targets ABCG2, which is involved in skin barrier function and could be relevant to atopic dermatitis.",0.375,2.375
3,Pediatric atopic dermatitis,primekg,kg,llama3.1:8b,1,8,B,6,0.16666666666666666,0,0,0,1,,both,conflicting,1.0,"Drug-8 has many off-target effects, but none of its targets are directly related to pediatric atopic dermatitis or its associated pathways.",1.0,3.5714285714285716
3,MSI-H/dMMR solid tumors (full approval conversion),primekg,kg,llama3.1:8b,0,8,E,2,0.5,0,1,1,1,,kg,consistent,4.0,"Drug E targets PDCD1, which is associated with immune checkpoint inhibition and has shown promise in MSI-H/dMMR solid tumors.",0.75,2.0
3,MSI-H/dMMR solid tumors (full approval conversion),primekg,kg,llama3.1:8b,1,8,C,2,0.5,0,1,1,1,,kg,insufficient,3.0,The knowledge graph does not provide sufficient evidence for Drug-6 to directly target MSI-H/dMMR solid tumors.,1.0,1.875
3,Psoriasis in children 6-11 (cream),primekg,kg,llama3.1:8b,0,8,E,2,0.5,0,1,1,1,,prior,insufficient,5.0,PDE4 inhibition has shown efficacy in adult psoriasis; it may be worth exploring for pediatric patients as well.,0.625,2.625
3,Psoriasis in children 6-11 (cream),primekg,kg,llama3.1:8b,1,8,D,1,1.0,1,1,1,1,,both,consistent,5.0,"Drug-5 targets PDE4 enzymes, which are relevant to psoriasis pathogenesis and have been targeted by other drugs for this disease.",0.75,2.625
3,Pancreatic NET,primekg,kg,llama3.1:8b,0,8,B,1,1.0,1,1,1,1,,both,consistent,4.0,"Drug-5 targets RET, which is related to pancreatic neoplasm in the disease profile.",0.75,2.875
3,Pancreatic NET,primekg,kg,llama3.1:8b,1,8,B,1,1.0,1,1,1,1,,kg,consistent,5.0,"RET and MET targets are strongly associated with Pancreatic NET, making Drug-5 a top candidate for repurposing.",0.75,2.875
3,Ulcerative colitis,primekg,kg,llama3.1:8b,0,8,D,1,1.0,1,1,1,1,,kg,consistent,5.0,"Drug-8 targets IL23A, which is associated with ulcerative colitis in the knowledge graph.",0.625,2.875
3,Ulcerative colitis,primekg,kg,llama3.1:8b,1,8,B,1,1.0,1,1,1,1,,kg,consistent,5.0,"Drug-8 targets IL23A and IL12B, which are associated with ulcerative colitis through the knowledge graph.",0.625,2.375
3,Gastric/GEJ adenocarcinoma (1L +chemo),primekg,kg,llama3.1:8b,0,8,D,3,0.3333333333333333,0,1,1,1,,kg,consistent,2.0,"Drug-8 targets CD274, which is related to Gastric/GEJ adenocarcinoma in the knowledge graph.",0.375,2.0
3,Gastric/GEJ adenocarcinoma (1L +chemo),primekg,kg,llama3.1:8b,1,8,E,1,1.0,1,1,1,1,,kg,consistent,4.0,"Drug-8 targets CD274, which is a known marker of immune checkpoint activation in cancer.",0.75,1.875
3,Hidradenitis suppurativa,primekg,kg,llama3.1:8b,0,8,B,1,1.0,1,1,1,1,,both,consistent,5.0,"Drug-7 targets IL17A, which is involved in inflammatory responses relevant to Hidradenitis suppurativa.",0.125,2.25
3,Hidradenitis suppurativa,primekg,kg,llama3.1:8b,1,8,E,1,1.0,1,1,1,1,,prior,insufficient,3.0,"Drug-7 targets IL17A, which is relevant to inflammatory diseases",0.5,2.875
3,Biliary tract cancer,primekg,kg,llama3.1:8b,0,8,G,7,0.14285714285714285,0,0,0,1,,kg,insufficient,1.0,PDCD1 is not associated with Biliary Tract Cancer in the knowledge graph.,0.875,2.25
3,Biliary tract cancer,primekg,kg,llama3.1:8b,1,8,A,6,0.16666666666666666,0,0,0,1,,kg,insufficient,1.0,"The KG reports Drug-6 targets PDCD1, but its role in Biliary tract cancer is unclear.",0.625,2.5
3,Antibody-mediated rejection in organ transplantation,primekg,kg,llama3.1:8b,0,8,E,5,0.2,0,0,1,1,,prior,insufficient,1.0,The target of MS4A1 is not directly related to antibody-mediated rejection in organ transplantation.,0.375,2.375
3,Antibody-mediated rejection in organ transplantation,primekg,kg,llama3.1:8b,1,8,F,6,0.16666666666666666,0,0,0,1,,prior,insufficient,1.0,"The target of Drug-1 is MS4A1, which is not directly associated with the disease.",0.5,2.125
3,Neoadj+adj HNSCC,primekg,kg,llama3.1:8b,0,8,E,5,0.2,0,0,1,1,,prior,insufficient,1.0,No known association between PDCD1 and Neoadj+adj HNSCC.,0.75,2.125
3,Neoadj+adj HNSCC,primekg,kg,llama3.1:8b,1,8,G,8,0.125,0,0,0,1,,prior,insufficient,1.0,There is no clear mechanistic link between Drug-3 and Neoadj+adj HNSCC in the knowledge graph or based on my prior knowledge.,0.875,2.125
3,Ulcerative colitis,primekg,kg,llama3.1:8b,0,8,F,1,1.0,1,1,1,1,,both,consistent,4.0,"Drug-7 targets IL23A, which is associated with Ulcerative Colitis in the knowledge graph.",0.5,2.875
3,Ulcerative colitis,primekg,kg,llama3.1:8b,1,8,F,1,1.0,1,1,1,1,,both,consistent,5.0,"Drug-5 targets ADRA1B, which is associated with ulcerative colitis, and also targets other receptors involved in inflammation.",0.625,2.375
3,dMMR/MSI-H primary advanced endometrial cancer (+chemo),primekg,kg,llama3.1:8b,0,8,A,4,0.25,0,0,1,1,,kg,insufficient,2.0,"While Drug-8 targets PDCD1, there is no clear connection to the disease's associated genes or pathways.",1.0,3.0
3,dMMR/MSI-H primary advanced endometrial cancer (+chemo),primekg,kg,llama3.1:8b,1,8,E,7,0.14285714285714285,0,0,0,1,,kg,insufficient,2.0,"PDCD1 is a target of Drug-8, but its involvement in endometrial cancer progression is unclear from the provided information.",0.75,2.5
3,GVHD + pediatric,primekg,kg,llama3.1:8b,0,8,D,1,1.0,1,1,1,1,,both,consistent,4.0,"Drug-5 targets JAK1, which is related to IL10 and IFNG, indicating a plausible mechanism for GVHD + pediatric.",0.5,2.0
3,GVHD + pediatric,primekg,kg,llama3.1:8b,1,8,G,1,1.0,1,1,1,1,,both,consistent,5.0,"Drug-1 targets CHUK, which is related to immune response and could be relevant for GVHD + pediatric.",0.75,2.375
3,Gastric/GEJ adenocarcinoma,primekg,kg,llama3.1:8b,0,8,A,2,0.5,0,1,1,1,,prior,insufficient,3.0,"Drug-8 targets CD274, a protein involved in immune response.",0.625,3.125
3,Gastric/GEJ adenocarcinoma,primekg,kg,llama3.1:8b,1,8,D,2,0.5,0,1,1,1,,kg,consistent,5.0,"Directly targets CD274, which is involved in immune response regulation in cancer.",0.5,2.25
3,COPD (EMA 2025),primekg,kg,llama3.1:8b,0,8,D,6,0.16666666666666666,0,0,0,1,,kg,conflicting,3.0,"Target IL4R may be related to COPD through inflammation pathways, but Drug-6's potential off-target effects need further consideration",0.7142857142857143,2.2857142857142856
3,COPD (EMA 2025),primekg,kg,llama3.1:8b,1,8,B,3,0.3333333333333333,0,1,1,1,,prior,insufficient,2.0,"IL4R is involved in immune responses, but its direct connection to COPD needs more evidence.",0.625,1.75
3,RAS wild-type HER2+ metastatic colorectal cancer,primekg,kg,llama3.1:8b,0,8,H,8,0.125,0,0,0,1,,kg,conflicting,1.0,"Drug-8 targets several transporters and receptors, but some of these (e.g., ABCG2) may be more relevant to other diseases or mechanisms; the KG evidence is conflicting with my prior knowledge.",0.875,2.5
3,RAS wild-type HER2+ metastatic colorectal cancer,primekg,kg,llama3.1:8b,1,8,B,3,0.3333333333333333,0,1,1,1,,kg,insufficient,2.0,"Drug-8 targets various transporters and enzymes, but none seem directly related to RAS wild-type HER2+ metastatic colorectal cancer.",0.875,2.875
3,Primary immunodeficiency pediatric (EMA),primekg,kg,llama3.1:8b,0,8,H,1,1.0,1,1,1,1,,both,consistent,5.0,Direct association with FCGR3A.,0.625,2.0
3,Primary immunodeficiency pediatric (EMA),primekg,kg,llama3.1:8b,1,8,C,1,1.0,1,1,1,1,,both,consistent,5.0,"Drug-1 targets FCGR3A, which is directly related to primary immunodeficiency due to a genetic defect in innate immunity.",0.25,2.0
3,BRAF V600E metastatic NSCLC,primekg,kg,llama3.1:8b,0,8,D,1,1.0,1,1,1,1,,both,consistent,4.0,"Drug-7 targets BRAF directly, which is a key driver of BRAF V600E metastatic NSCLC.",0.5,2.125
3,BRAF V600E metastatic NSCLC,primekg,kg,llama3.1:8b,1,8,B,1,1.0,1,1,1,1,,both,consistent,5.0,"Drug-7 targets BRAF, a key driver mutation in NSCLC, and has a consistent mechanistic link to the disease.",0.42857142857142855,2.2857142857142856
3,CRSwNP (eosinophilic chronic rhinosinusitis with nasal polyps),primekg,kg,llama3.1:8b,0,8,A,1,1.0,1,1,1,1,,prior,insufficient,2.0,"No evidence was provided for Drug-8, but its mechanism of action is unknown.",0.875,2.375
3,CRSwNP (eosinophilic chronic rhinosinusitis with nasal polyps),primekg,kg,llama3.1:8b,1,8,G,8,0.125,0,0,0,1,,kg,insufficient,1.0,No information about Drug-8's targets or potential relevance to CRSwNP.,0.875,3.125
3,Pediatric glioma (EMA),primekg,kg,llama3.1:8b,0,8,A,8,0.125,0,0,0,1,,kg,insufficient,1.0,"The KG links Drug-7 to various targets (e.g., NEK11), but none of these have a clear connection to pediatric glioma based on my prior knowledge.",0.75,3.0
3,Pediatric glioma (EMA),primekg,kg,llama3.1:8b,1,8,E,7,0.14285714285714285,0,0,0,1,,kg,insufficient,1.0,"The targets listed for Drug-7 do not have any clear associations with pediatric glioma-related genes, and their relevance is uncertain.",0.875,1.75
3,Primary humoral immunodeficiency pediatric 2-11yr,primekg,kg,llama3.1:8b,0,8,C,1,1.0,1,1,1,1,,both,consistent,4.0,Directly targets FCGR3A associated with the disease.,0.5,1.875
3,Primary humoral immunodeficiency pediatric 2-11yr,primekg,kg,llama3.1:8b,1,8,H,1,1.0,1,1,1,1,,kg,consistent,5.0,Directly targets FCGR3A.,0.5,2.875
3,"ALK+ solid tumors (tissue-agnostic, world-first)",primekg,kg,llama3.1:8b,0,8,A,1,1.0,1,1,1,1,,both,consistent,5.0,"Drug-7 targets ALK, which is the defining characteristic of this disease.",0.2857142857142857,2.4285714285714284
3,"ALK+ solid tumors (tissue-agnostic, world-first)",primekg,kg,llama3.1:8b,1,8,D,1,1.0,1,1,1,1,,kg,consistent,5.0,"Drug-7 targets ALK, which is directly related to the target disease ALK+ solid tumors.",0.875,2.0
3,Primary mediastinal large B-cell lymphoma,primekg,kg,llama3.1:8b,0,8,D,1,1.0,1,1,1,1,,kg,consistent,5.0,"Drug-5 targets PDCD1, which is associated with the disease through NECTIN2.",0.5,2.625
3,Primary mediastinal large B-cell lymphoma,primekg,kg,llama3.1:8b,1,8,G,2,0.5,0,1,1,1,,kg,insufficient,3.0,"Drug-8 targets CYP2D6, but no direct link to the disease or its associated genes is provided.",0.5,2.125
3,HR+/HER2- metastatic breast cancer,primekg,kg,llama3.1:8b,0,8,E,3,0.3333333333333333,0,1,1,1,,kg,insufficient,3.0,"Drug-7 targets TOP1, but there's no direct evidence linking HR+/HER2- metastatic breast cancer to TOP1.",0.875,4.25
3,HR+/HER2- metastatic breast cancer,primekg,kg,llama3.1:8b,1,8,B,6,0.16666666666666666,0,0,0,1,,prior,insufficient,2.0,"The targets of Drug-7 (TACSTD2, UGT1A1, FUBP1, TOP1) are not directly associated with HR+/HER2- metastatic breast cancer in the knowledge graph.",0.5,2.125
3,HER2+ early-stage BC (neoadjuvant + adjuvant),primekg,kg,llama3.1:8b,0,8,D,1,1.0,1,1,1,1,,kg,consistent,5.0,"Drug-8 targets SLCO1B3, which is related to the transport of chemotherapeutic agents in cancer cells.",0.75,2.625
3,HER2+ early-stage BC (neoadjuvant + adjuvant),primekg,kg,llama3.1:8b,1,8,D,7,0.14285714285714285,0,0,0,1,,kg,conflicting,2.0,"Drug-8 targets several proteins involved in various pathways, but its association with FCGR1A and GAA is unclear in the context of this disease.",0.75,1.875
3,"Pediatric low-grade glioma (+dabrafenib, BRAF V600E)",primekg,kg,llama3.1:8b,0,8,H,8,0.125,0,0,0,1,,kg,insufficient,5.0,There is insufficient evidence to assess Drug-6's mechanistic plausibility for this disease.,1.0,4.0
3,"Pediatric low-grade glioma (+dabrafenib, BRAF V600E)",primekg,kg,llama3.1:8b,1,8,D,1,1.0,1,1,1,1,,both,consistent,5.0,"Drug-6 targets BRAF, which is directly implicated in the disease due to the presence of the BRAF V600E mutation.",0.75,2.25
3,mHSPC + ADT,primekg,kg,llama3.1:8b,0,8,A,1,1.0,1,1,1,1,,both,consistent,4.0,"Drug-8 targets ABCG2, which is known to be involved in the transport of chemotherapeutic agents, and its inhibition could potentially affect mHSPC + ADT.",0.875,2.875
3,mHSPC + ADT,primekg,kg,llama3.1:8b,1,8,D,2,0.5,0,1,1,1,,kg,consistent,4.0,"Drug-8 targets ABCG2, which is known to be involved in drug transport and could potentially interact with mHSPC + ADT-related pathways.",0.75,2.25
3,Pediatric BRAF V600E low-grade glioma,primekg,kg,llama3.1:8b,0,8,E,3,0.3333333333333333,0,1,1,1,,prior,insufficient,2.0,No relevant targets or pathways were found in the KG that would indicate Drug-6's plausibility for this disease.,0.625,1.875
3,Pediatric BRAF V600E low-grade glioma,primekg,kg,llama3.1:8b,1,8,F,8,0.125,0,0,0,1,,kg,insufficient,1.0,I am not aware of any targets for Drug-5 that are relevant to this disease.,0.625,3.0
3,HER2-mutant NSCLC (EMA),primekg,kg,llama3.1:8b,0,8,E,3,0.3333333333333333,0,1,1,1,,kg,insufficient,2.0,"The targets of Drug-8 are involved in various cellular processes, but no clear link to HER2-mutant NSCLC is provided in the knowledge graph.",0.5,2.375
3,HER2-mutant NSCLC (EMA),primekg,kg,llama3.1:8b,1,8,B,1,1.0,1,1,1,1,,both,consistent,5.0,"Drug-8 targets SLCO1B3 and SLCO1B1, which are involved in transporting chemotherapy drugs, making it a plausible candidate for HER2-mutant NSCLC.",0.625,2.25
3,Ph+ CML-CP after 2+ TKIs,primekg,kg,llama3.1:8b,0,8,D,3,0.3333333333333333,0,1,1,1,,kg,insufficient,2.0,There is no clear connection between the targets of Drug-7 and the disease profile of Ph+ CML-CP after 2+ TKIs.,0.75,2.375
3,Ph+ CML-CP after 2+ TKIs,primekg,kg,llama3.1:8b,1,8,H,8,0.125,0,0,0,1,,kg,insufficient,1.0,No information about Drug-7's targets or mechanism of action was provided.,0.625,2.125
3,HR+/HER2- metastatic breast cancer,primekg,kg,llama3.1:8b,0,8,F,2,0.5,0,1,1,1,,kg,insufficient,3.0,"While Drug-7 targets PARP1 and ABCG2, its relevance to HR+/HER2- metastatic breast cancer is unclear without more evidence.",0.75,1.875
3,HR+/HER2- metastatic breast cancer,primekg,kg,llama3.1:8b,1,8,A,4,0.25,0,0,1,1,,kg,consistent,3.0,Drug-7's targets PARP2 and ABCG2 are associated with cancer metabolism and multidrug resistance in the knowledge graph.,0.375,2.5
3,HER2-mutant NSCLC (PMDA),primekg,kg,llama3.1:8b,0,8,E,3,0.3333333333333333,0,1,1,1,,kg,conflicting,4.0,"Some targets of Drug-8 (GAA, CTSB) are associated with the disease via the knowledge graph, while others lack clear connections.",1.0,2.625
3,HER2-mutant NSCLC (PMDA),primekg,kg,llama3.1:8b,1,8,B,4,0.25,0,0,1,1,,kg,insufficient,1.0,The knowledge graph does not report any associations between Drug-8's targets and HER2-mutant NSCLC.,0.75,2.25
3,Follicular lymphoma (+obinutuzumab),primekg,kg,llama3.1:8b,0,8,F,5,0.2,0,0,1,1,,kg,conflicting,2.0,"Drug-8 targets multiple proteins, but no clear mechanistic link to follicular lymphoma is established in the knowledge graph.",0.875,2.375
3,Follicular lymphoma (+obinutuzumab),primekg,kg,llama3.1:8b,1,8,E,4,0.25,0,0,1,1,,both,conflicting,2.0,"While targeting TEC and TXK may seem relevant, the knowledge graph's associations with these targets are not strongly linked to follicular lymphoma.",0.875,2.5
3,Platinum-resistant ovarian carcinoma (PD-L1+ CPS≥1),primekg,kg,llama3.1:8b,0,8,C,4,0.25,0,0,1,1,,both,insufficient,5.0,"PDCD1, targeted by Drug-6, plays a role in immune response, which is relevant given the disease's PD-L1+ status.",0.625,2.625
3,Platinum-resistant ovarian carcinoma (PD-L1+ CPS≥1),primekg,kg,llama3.1:8b,1,8,C,6,0.16666666666666666,0,0,0,1,,kg,insufficient,1.0,"The KG only mentions Drug-6 targeting PDCD1, but no direct connection to PD-L1+ CPS≥1 was found.",0.75,1.75
3,Resectable gastric/GEJ adenocarcinoma (neoadj+adj +FLOT),primekg,kg,llama3.1:8b,0,8,A,1,1.0,1,1,1,1,,prior,insufficient,4.0,"Drug-7 targets CD274, but its relevance to the disease is unclear based on available evidence.",0.625,3.0
3,Resectable gastric/GEJ adenocarcinoma (neoadj+adj +FLOT),primekg,kg,llama3.1:8b,1,8,G,8,0.125,0,0,0,1,,kg,consistent,3.0,"Drug-7 targets CD274, which is involved in immune response; this pathway is related to gastric/GEJ adenocarcinoma",1.0,2.625
3,Advanced RCC after PD-1/PD-L1 + VEGF-TKI,primekg,kg,llama3.1:8b,0,8,F,8,0.125,0,0,0,1,,kg,insufficient,2.0,"EPAS1 target of Drug-8 is related to cancer hypoxia and angiogenesis, but its direct relationship to Advanced RCC after PD-1/PD-L1 + VEGF-TKI is unclear.",0.875,2.75
3,Advanced RCC after PD-1/PD-L1 + VEGF-TKI,primekg,kg,llama3.1:8b,1,8,F,7,0.14285714285714285,0,0,0,1,,kg,insufficient,1.0,"Drug-8 targets EPAS1, which is associated with kidney function, but it lacks direct connections to the disease-related genes or pathways.",0.625,2.5
3,HER2+ solid tumors (tumor-agnostic),primekg,kg,llama3.1:8b,0,8,E,7,0.14285714285714285,0,0,0,1,,kg,insufficient,1.0,The multiple targets of Drug-8 do not strongly align with the biology of HER2+ solid tumors.,0.625,2.625
3,HER2+ solid tumors (tumor-agnostic),primekg,kg,llama3.1:8b,1,8,C,8,0.125,0,0,0,1,,kg,conflicting,1.0,The multiple targets for Drug-8 include some involved in drug transport but none are directly linked to HER2+ solid tumor cells.,0.75,1.875
3,HR+/HER2- early breast cancer (adjuvant),primekg,kg,llama3.1:8b,0,8,G,1,1.0,1,1,1,1,,both,consistent,4.0,"CDK6 inhibition has been explored in breast cancer, and CDK4 is a well-established target in this disease. The knowledge graph's association of CDK6 with HR+/HER2- early breast cancer supports its candidacy.",0.625,1.875
3,HR+/HER2- early breast cancer (adjuvant),primekg,kg,llama3.1:8b,1,8,G,2,0.5,0,1,1,1,,both,insufficient,3.0,"CDK4/6 inhibition has shown efficacy in HR+/HER2- breast cancer, but no direct association is reported in the KG.",0.625,2.875
3,Chronic lymphocytic leukemia,primekg,kg,llama3.1:8b,0,8,D,1,1.0,1,1,1,1,,both,consistent,4.0,"Drug-8 targets ITK and BLK, which are involved in B-cell development and signaling pathways relevant to CLL.",0.5,2.375
3,Chronic lymphocytic leukemia,primekg,kg,llama3.1:8b,1,8,B,1,1.0,1,1,1,1,,both,consistent,4.0,"Drug-8 targets TEC and TXK, which are both kinases implicated in B-cell development and signaling.",0.625,2.625
3,Unresectable thymic carcinoma (PMDA),primekg,kg,llama3.1:8b,0,8,G,8,0.125,0,0,0,1,,kg,insufficient,2.0,"KG targets multiple transporters; however, no direct links to Unresectable thymic carcinoma (PMDA).",0.875,2.75
3,Unresectable thymic carcinoma (PMDA),primekg,kg,llama3.1:8b,1,8,A,5,0.2,0,0,1,1,,kg,conflicting,4.0,"Drug-7 targets FLT4, which is associated with lymphangiogenesis and could be relevant to Unresectable thymic carcinoma; however, its other targets are not directly related.",0.75,2.125
3,IDH1-mutated relapsed/refractory MDS,primekg,kg,llama3.1:8b,0,8,E,1,1.0,1,1,1,1,,both,consistent,5.0,"Drug-8 targets IDH1, directly addressing the disease's underlying mutation.",0.75,2.5
3,IDH1-mutated relapsed/refractory MDS,primekg,kg,llama3.1:8b,1,8,G,1,1.0,1,1,1,1,,both,consistent,5.0,"Drug-8 targets IDH1, which is directly related to the disease.",0.625,2.0
3,Metastatic colorectal cancer,primekg,kg,llama3.1:8b,0,8,A,3,0.3333333333333333,0,1,1,1,,kg,insufficient,2.0,"While Drug-1 targets various nucleoside transporters, there is no direct association with metastatic colorectal cancer in the knowledge graph.",1.0,2.0
3,Metastatic colorectal cancer,primekg,kg,llama3.1:8b,1,8,F,2,0.5,0,1,1,1,,kg,insufficient,3.0,"Some targets of Drug-1 are related to metabolism and transport, which may be relevant to cancer treatment, but there is not enough evidence to rank it higher.",0.5,1.875
3,Agitation associated with Alzheimer's dementia,drkg,kg,llama3.1:8b,0,8,C,4,0.25,0,0,1,1,,both,conflicting,3.0,"While Drug-8 targets some relevant receptors (e.g., HTR1A), its profile also includes conflicting evidence with established pharmacology for Alzheimer's disease (e.g., inhibiting HTR2A).",0.75,2.875
3,Agitation associated with Alzheimer's dementia,drkg,kg,llama3.1:8b,1,8,F,1,1.0,1,1,1,1,,kg,consistent,4.0,Drug-8's activity on serotonin receptors and dopamine receptors suggests it may have an effect on agitation in Alzheimer's patients.,1.0,2.375
3,LDL-C elevation in statin-intolerant dyslipidemia,drkg,kg,llama3.1:8b,0,8,A,3,0.3333333333333333,0,1,1,1,,kg,insufficient,5.0,"Targeting PPARA is a plausible mechanism for affecting lipid metabolism, but there's limited evidence provided.",0.875,3.125
3,LDL-C elevation in statin-intolerant dyslipidemia,drkg,kg,llama3.1:8b,1,8,F,6,0.16666666666666666,0,0,0,1,,kg,consistent,1.0,"Drug-8 targets PPARA, which is relevant to lipid metabolism; however, this connection is less direct than Drug-5's target.",1.0,2.0
3,First-line anemia in lower-risk MDS,drkg,kg,llama3.1:8b,0,8,B,6,0.16666666666666666,0,0,0,1,,kg,insufficient,1.0,There is no clear link between Drug-8's targets and the genes associated with first-line anemia in lower-risk MDS.,0.625,2.125
3,First-line anemia in lower-risk MDS,drkg,kg,llama3.1:8b,1,8,G,8,0.125,0,0,0,1,,,,,,1.0,2.3333333333333335
3,Palmoplantar pustulosis (PMDA),drkg,kg,llama3.1:8b,0,8,F,2,0.5,0,1,1,1,,prior,insufficient,3.0,The mechanism of action for Drug-7 is unclear without more information on GUCY1A2's role in PMDA.,0.875,2.375
3,Palmoplantar pustulosis (PMDA),drkg,kg,llama3.1:8b,1,8,B,1,1.0,1,1,1,1,,prior,insufficient,5.0,"Drug-8 targets IL23A, which is associated with various inflammatory and autoimmune diseases.",0.875,2.625
3,Acute HCV pediatric,drkg,kg,llama3.1:8b,0,8,F,2,0.5,0,1,1,1,,kg,consistent,4.0,"Drug-8 targets ABCG2, which is involved in HCV infection and has a mechanistic link to the disease.",0.625,2.5
3,Acute HCV pediatric,drkg,kg,llama3.1:8b,1,8,E,5,0.2,0,0,1,1,,kg,insufficient,2.0,Many targets are not directly related to the disease; KG evidence sparse and difficult to interpret without more context.,0.5,2.5
3,Oral tablet formulation for weight management,drkg,kg,llama3.1:8b,0,8,A,1,1.0,1,1,1,1,,both,consistent,5.0,Drug-8's activation of GCG is a strong mechanistic link to weight management.,0.625,1.875
3,Oral tablet formulation for weight management,drkg,kg,llama3.1:8b,1,8,B,1,1.0,1,1,1,1,,both,consistent,5.0,"Drug-8 activates GCG, which is related to MESH:D016640, a pathway involved in oral tablet formulation for weight management.",0.5,2.25
3,Nephrotic syndrome,drkg,kg,llama3.1:8b,0,8,B,3,0.3333333333333333,0,1,1,1,,prior,insufficient,3.0,"While Drug-1 targets XIAP and ABCB1, which are not directly associated with Nephrotic syndrome, its mechanism of action is unclear.",0.5,2.25
3,Nephrotic syndrome,drkg,kg,llama3.1:8b,1,8,D,2,0.5,0,1,1,1,,prior,insufficient,3.0,"While Drug-1's targets do not directly match the disease's gene associations, its inhibition of MS4A1 and XIAP suggests potential therapeutic effects.",0.625,2.0
3,KRAS G12C+ mCRC,drkg,kg,llama3.1:8b,0,8,F,1,1.0,1,1,1,1,,kg,consistent,5.0,Direct target KRAS makes Drug-8 a strong candidate for KRAS G12C+ mCRC.,0.875,2.375
3,KRAS G12C+ mCRC,drkg,kg,llama3.1:8b,1,8,A,1,1.0,1,1,1,1,,kg,consistent,5.0,"Drug-8 targets KRAS, which is the key mutation in this disease.",0.75,2.0
3,Retinal vein occlusion,drkg,kg,llama3.1:8b,0,8,G,5,0.2,0,0,1,1,,kg,insufficient,1.0,No relevant evidence is provided for Drug-8.,0.75,2.875
3,Retinal vein occlusion,drkg,kg,llama3.1:8b,1,8,G,7,0.14285714285714285,0,0,0,1,,prior,insufficient,1.0,No information is available for Drug-8.,0.625,1.875
3,TRD monotherapy,drkg,kg,llama3.1:8b,0,8,D,7,0.14285714285714285,0,0,0,1,,kg,conflicting,1.0,"The knowledge graph reports targeting of glutamate receptors (GRIN) by Drug-8, but these are not directly linked to TRD monotherapy.",0.75,2.5
3,TRD monotherapy,drkg,kg,llama3.1:8b,1,8,H,8,0.125,0,0,0,1,,kg,conflicting,1.0,"Targeting various glutamate receptors may have implications for neurological disorders, but the knowledge graph does not provide clear connections to TRD monotherapy.",0.875,2.125
3,Reduce MACE in CVD + obesity/overweight,drkg,kg,llama3.1:8b,0,8,G,6,0.16666666666666666,0,0,0,1,,kg,insufficient,1.0,"While Drug-8 activates GCG and targets GLP1R, which are involved in glucose metabolism, the knowledge graph does not provide strong evidence linking it to reducing MACE in CVD + obesity/overweight.",0.625,1.75
3,Reduce MACE in CVD + obesity/overweight,drkg,kg,llama3.1:8b,1,8,E,2,0.5,0,1,1,1,,prior,consistent,5.0,GLP1R targeting and GCG activation suggest potential cardiovascular and metabolic benefits,0.75,3.125
3,Indolent systemic mastocytosis (EMA),drkg,kg,llama3.1:8b,0,8,C,2,0.5,0,1,1,1,,kg,insufficient,3.0,Limited information is available for Drug-8 to assess its mechanistic plausibility for ISM.,0.875,2.25
3,Indolent systemic mastocytosis (EMA),drkg,kg,llama3.1:8b,1,8,A,2,0.5,0,1,1,1,,prior,insufficient,3.0,"While no direct evidence from the knowledge graph is provided, Drug-8 might be considered based on its potential mechanism of action.",0.75,2.0
3,IgG4-related disease,drkg,kg,llama3.1:8b,0,8,G,8,0.125,0,0,0,1,,kg,insufficient,1.0,"No information provided for Drug-7 (note: only one candidate with this name was listed, so I assume it is actually Drug-6 or another drug not present in the list)",0.875,2.5
3,IgG4-related disease,drkg,kg,llama3.1:8b,1,8,G,8,0.125,0,0,0,1,,unknown,insufficient,1.0,There is not enough information provided about Drug-3 to assess its mechanistic plausibility for IgG4-related disease.,0.625,2.25
3,COVID-19 (expanded population),drkg,kg,llama3.1:8b,0,8,A,8,0.125,0,0,0,1,,kg,insufficient,1.0,The KG provides no information on Drug-8's mechanism or relevance to COVID-19.,0.625,2.5
3,COVID-19 (expanded population),drkg,kg,llama3.1:8b,1,8,D,7,0.14285714285714285,0,0,0,1,,prior,insufficient,1.0,There is no relevant evidence for Drug-8; its relevance to COVID-19 is unknown.,0.625,2.5
3,Obstructive sleep apnea with obesity,drkg,kg,llama3.1:8b,0,8,E,8,0.125,0,0,0,1,,kg,insufficient,1.0,Insufficient information is available to assess Drug-8's relevance to OSAO.,0.75,2.625
3,Obstructive sleep apnea with obesity,drkg,kg,llama3.1:8b,1,8,D,3,0.3333333333333333,0,1,1,1,,prior,insufficient,1.0,No associations with the disease or related targets,0.375,1.5
3,Biliary tract cancer 1L,drkg,kg,llama3.1:8b,0,8,D,7,0.14285714285714285,0,0,0,1,,kg,insufficient,2.0,Drug-8's targets CD274 and CD80 are more related to immune response than Biliary tract cancer 1L.,0.875,2.875
3,Biliary tract cancer 1L,drkg,kg,llama3.1:8b,1,8,E,4,0.25,0,0,1,1,,prior,insufficient,2.0,"The KG evidence for Drug-8 only shows targeting of CD274 and CD80, which are not directly related to Biliary tract cancer 1L.",0.75,2.125
3,Retinal vein occlusion,drkg,kg,llama3.1:8b,0,8,B,4,0.25,0,0,1,1,,kg,insufficient,1.0,"The knowledge graph associates HPSE with retinal vein occlusion, but there's no clear connection to Drug-8.",0.625,2.125
3,Retinal vein occlusion,drkg,kg,llama3.1:8b,1,8,A,8,0.125,0,0,0,1,,kg,insufficient,1.0,"Without explicit evidence linking Drug-8 to vascular function or inflammation in the context of RVO, I relied on my prior knowledge.",0.875,2.25
3,Chorea associated with Huntington's disease,drkg,kg,llama3.1:8b,0,8,G,7,0.14285714285714285,0,0,0,1,,kg,insufficient,1.0,"While Drug-6 targets several CYP enzymes, its relevance to chorea associated with Huntington's disease is uncertain without further evidence.",0.75,2.25
3,Chorea associated with Huntington's disease,drkg,kg,llama3.1:8b,1,8,C,5,0.2,0,0,1,1,,kg,insufficient,1.0,This drug targets multiple enzymes and transporters but none are mentioned in the disease profile or related to Chorea associated with Huntington's disease.,0.5714285714285714,2.4285714285714284
3,High LDL-C with increased CV risk (expanded),drkg,kg,llama3.1:8b,0,8,B,2,0.5,0,1,1,1,,kg,insufficient,3.0,There is no direct evidence linking Drug-8 to high LDL-C with increased CV risk in the KG.,0.875,2.125
3,High LDL-C with increased CV risk (expanded),drkg,kg,llama3.1:8b,1,8,A,8,0.125,0,0,0,1,,prior,insufficient,1.0,"No clear connection to High LDL-C with increased CV risk (expanded) in the knowledge graph; however, based on general pharmacological knowledge, Drug-8 may have some effects related to lipid regulation.",0.625,2.25
3,Polycythaemia vera and essential thrombocytopenia,drkg,kg,llama3.1:8b,0,8,C,2,0.5,0,1,1,1,,kg,consistent,4.0,Drug-1's activation of IFNAR2 is consistent with the knowledge graph's association between IFNA2 and polycythaemia vera and essential thrombocytopenia.,0.875,2.75
3,Polycythaemia vera and essential thrombocytopenia,drkg,kg,llama3.1:8b,1,8,D,2,0.5,0,1,1,1,,prior,insufficient,3.0,Activating IFNAR1 and IFNAR2 may have some effect on the disease-related pathways,0.75,2.75
3,Schnitzler syndrome (Japan),drkg,kg,llama3.1:8b,0,8,H,4,0.25,0,0,1,1,,both,consistent,4.0,"Drug-6 directly inhibits IL1B, a key gene associated with Schnitzler syndrome.",0.5714285714285714,2.5714285714285716
3,Schnitzler syndrome (Japan),drkg,kg,llama3.1:8b,1,8,B,1,1.0,1,1,1,1,,kg,consistent,5.0,Direct inhibition of IL1B,0.375,2.625
3,COVID-19 updated strain,drkg,kg,llama3.1:8b,0,8,G,7,0.14285714285714285,0,0,0,1,,uncertain,insufficient,1.0,No evidence provided or assessable in the knowledge graph,0.375,2.5
3,COVID-19 updated strain,drkg,kg,llama3.1:8b,1,8,D,1,1.0,1,1,1,1,,prior,insufficient,3.0,"Drug-4 has some indirect relationship with immune response through CYSLTR2 activation, but no direct evidence linking it to COVID-19.",0.75,2.75
3,Delay T1D onset in children ≥1yr,drkg,kg,llama3.1:8b,0,8,E,5,0.2,0,0,1,1,,prior,insufficient,2.0,Insufficient evidence is provided to assess Drug-7.,0.5,3.125
3,Delay T1D onset in children ≥1yr,drkg,kg,llama3.1:8b,1,8,B,8,0.125,0,0,0,1,,prior,insufficient,3.0,"Based on prior knowledge of drug mechanisms, Drug-7 may have some relevance due to its targets, but no direct links are found in the knowledge graph.",0.75,3.125
3,"mCRC BRAF V600E (traditional approval, was accelerated)",drkg,kg,llama3.1:8b,0,8,G,1,1.0,1,1,1,1,,both,consistent,5.0,"Drug-5 directly inhibits BRAF, making it a strong candidate for this disease.",1.0,2.25
3,"mCRC BRAF V600E (traditional approval, was accelerated)",drkg,kg,llama3.1:8b,1,8,D,1,1.0,1,1,1,1,,kg,consistent,5.0,Direct inhibition of BRAF V600E is a well-established mechanism for treating mCRC with this mutation.,0.75,2.75
3,Diabetic retinopathy/DME (EMA Mar+May 2026),drkg,kg,llama3.1:8b,0,8,C,5,0.2,0,0,1,1,,prior,insufficient,2.0,The provided evidence does not suggest a clear mechanistic link between Drug-8 and diabetic retinopathy/DME.,0.25,2.25
3,Diabetic retinopathy/DME (EMA Mar+May 2026),drkg,kg,llama3.1:8b,1,8,A,7,0.14285714285714285,0,0,0,1,,prior,insufficient,1.0,"Based on general pharmacological knowledge, Drug-8 may have potential as a candidate for treating Diabetic retinopathy/DME due to its anti-inflammatory properties.",0.75,2.25
3,Cerebral folate transport deficiency,drkg,kg,llama3.1:8b,0,8,B,6,0.16666666666666666,0,0,0,1,,kg,insufficient,1.0,"Drug-1's targets include INS and SLC7A5, but there is no clear connection to cerebral folate transport deficiency.",0.875,1.5
3,Cerebral folate transport deficiency,drkg,kg,llama3.1:8b,1,8,F,5,0.2,0,0,1,1,,kg,conflicting,1.0,"Drug-1 activates GALR1 and GALR2, which are not directly related to folate transport or its associated genes.",0.5714285714285714,2.5714285714285716
3,Heart failure (broadened),drkg,kg,llama3.1:8b,0,8,G,7,0.14285714285714285,0,0,0,1,,kg,insufficient,1.0,"The knowledge graph mentions Drug-4's interactions with various transporters and enzymes, but no direct link to heart failure (broadened) is established.",0.8571428571428571,2.4285714285714284
3,Heart failure (broadened),drkg,kg,llama3.1:8b,1,8,B,3,0.3333333333333333,0,1,1,1,,kg,insufficient,2.0,The knowledge graph provides limited information about Drug-4's mechanism of action in relation to heart failure.,0.75,2.25
3,Acquired hypofibrinogenemia in cardiovascular surgery,drkg,kg,llama3.1:8b,0,8,G,7,0.14285714285714285,0,0,0,1,,prior,insufficient,1.0,No information is available to assess Drug-G's mechanistic plausibility for Acquired hypofibrinogenemia in cardiovascular surgery.,0.75,1.875
3,Acquired hypofibrinogenemia in cardiovascular surgery,drkg,kg,llama3.1:8b,1,8,B,5,0.2,0,0,1,1,,kg,insufficient,1.0,"Drug-3 (B) has a broad range of targets, but none are directly related to coagulation pathways in the KG.",0.625,1.875
3,COPD,drkg,kg,llama3.1:8b,0,8,E,1,1.0,1,1,1,1,,prior,consistent,4.0,Targeting IL-4R could modulate the inflammatory response in COPD.,0.625,1.875
3,COPD,drkg,kg,llama3.1:8b,1,8,E,2,0.5,0,1,1,1,,both,insufficient,3.0,"No direct KG evidence links Drug-8's target IL4R to COPD; however, IL4R is involved in inflammatory responses that might be relevant to COPD.",0.75,2.5
3,Chronic hepatitis B (pediatric),drkg,kg,llama3.1:8b,0,8,F,4,0.25,0,0,1,1,,kg,consistent,3.0,"Drug-6 targets NVA275, which is associated with pathways relevant to liver diseases.",0.2857142857142857,2.5714285714285716
3,Chronic hepatitis B (pediatric),drkg,kg,llama3.1:8b,1,8,B,5,0.2,0,0,1,1,,kg,conflicting,4.0,"Drug-6's targets include some related to immune response, but the knowledge graph also lists NVA275, which may be a conflict or incomplete information.",0.5,2.5
3,HoFH pediatric (EMA),drkg,kg,llama3.1:8b,0,8,C,5,0.2,0,0,1,1,,prior,insufficient,1.0,"No knowledge graph evidence is available for Drug-8, and my pharmacological knowledge does not suggest a clear association with HoFH pediatric.",0.875,1.875
3,HoFH pediatric (EMA),drkg,kg,llama3.1:8b,1,8,B,1,1.0,1,1,1,1,,both,consistent,5.0,"Drug-8's targets (ABCB11 and ABCC2) are involved in lipid transport, which is relevant to HoFH pediatric; its link to LDLRAP1 gene is also plausible based on provided evidence.",0.75,3.25
3,HR+/HER2- breast cancer,drkg,kg,llama3.1:8b,0,8,D,6,0.16666666666666666,0,0,0,1,,prior,insufficient,1.0,No relevant evidence was found in the knowledge graph for Drug-D's mechanism of action.,0.875,2.125
3,HR+/HER2- breast cancer,drkg,kg,llama3.1:8b,1,8,H,8,0.125,0,0,0,1,,uncertain,,,,0.625,3.142857142857143
3,Retinopathy of prematurity,drkg,kg,llama3.1:8b,0,8,A,2,0.5,0,1,1,1,,kg,consistent,4.0,"Drug-7 inhibits VEGFA, a key player in the angiogenic pathway related to Retinopathy of prematurity.",0.875,2.25
3,Retinopathy of prematurity,drkg,kg,llama3.1:8b,1,8,B,1,1.0,1,1,1,1,,kg,consistent,5.0,"Drug-7 inhibits VEGFA, which is associated with Retinopathy of Prematurity.",0.625,3.125
3,Agitation associated with Alzheimer's dementia,drkg,kg,llama3.1:8b,0,8,C,6,0.16666666666666666,0,0,0,1,,prior,insufficient,3.0,No direct evidence links Drug-3 to the molecular pathways involved in agitation associated with Alzheimer's dementia.,0.375,3.0
3,Agitation associated with Alzheimer's dementia,drkg,kg,llama3.1:8b,1,8,F,6,0.16666666666666666,0,0,0,1,,prior,insufficient,1.0,The targets associated with Drug-3 do not directly relate to agitation associated with Alzheimer's dementia.,0.625,2.0
3,Heterozygous familial hypercholesterolemia,drkg,kg,llama3.1:8b,0,8,C,1,1.0,1,1,1,1,,both,consistent,4.0,"Drug-5 inhibits PCSK9, a key gene involved in familial hypercholesterolemia.",0.75,2.5714285714285716
3,Heterozygous familial hypercholesterolemia,drkg,kg,llama3.1:8b,1,8,D,1,1.0,1,1,1,1,,both,consistent,4.0,"Drug-5 inhibits PCSK9, which is a key gene associated with the target disease.",0.75,2.625
3,Indolent systemic mastocytosis,drkg,kg,llama3.1:8b,0,8,F,8,0.125,0,0,0,1,,kg,insufficient,1.0,"No relevant evidence is provided for Drug-8, making it difficult to assess its potential for treating ISM.",0.875,1.875
3,Indolent systemic mastocytosis,drkg,kg,llama3.1:8b,1,8,H,8,0.125,0,0,0,1,,prior,insufficient,1.0,"No information is available for Drug-8; without evidence, it's difficult to assess its potential efficacy in Indolent systemic mastocytosis.",0.5,2.75
3,Juvenile idiopathic arthritis (EMA Feb 2026),drkg,kg,llama3.1:8b,0,8,C,2,0.5,0,1,1,1,,prior,insufficient,3.0,"Although no specific evidence links Drug-6 to Juvenile idiopathic arthritis, its inhibition of JAK1 and JAK2 suggests potential efficacy.",0.875,1.75
3,Juvenile idiopathic arthritis (EMA Feb 2026),drkg,kg,llama3.1:8b,1,8,B,3,0.3333333333333333,0,1,1,1,,kg,insufficient,2.0,"The knowledge graph reports that Drug-6 inhibits JAK1 and JAK2, but this is not directly related to the disease's associated genes.",0.625,2.125
3,Invasive fungal infections pediatric ≥2yr,drkg,kg,llama3.1:8b,0,8,F,2,0.5,0,1,1,1,,prior,insufficient,3.0,"No clear mechanistic links between Drug-5 and invasive fungal infections; however, its inhibition of CYP3A4 may be relevant.",0.75,1.875
3,Invasive fungal infections pediatric ≥2yr,drkg,kg,llama3.1:8b,1,8,H,7,0.14285714285714285,0,0,0,1,,prior,insufficient,1.0,"Given the lack of provided evidence and unclear relevance to invasive fungal infections, ranking is uncertain.",0.625,2.25
3,PKU expanded to ≥12yr,drkg,kg,llama3.1:8b,0,8,C,5,0.2,0,0,1,1,,kg,insufficient,1.0,No relevant evidence is provided for Drug-7.,0.875,2.375
3,PKU expanded to ≥12yr,drkg,kg,llama3.1:8b,1,8,H,9,0.1111111111111111,0,0,0,1,,,,,,0.8571428571428571,2.4285714285714284
3,HR+/HER2-low breast cancer,drkg,kg,llama3.1:8b,0,8,B,6,0.16666666666666666,0,0,0,1,,kg,conflicting,4.0,"Drug-8's inhibition of TOP1 may be relevant to DNA damage response, but its connection to HR+/HER2-low breast cancer is unclear.",0.8571428571428571,3.142857142857143
3,HR+/HER2-low breast cancer,drkg,kg,llama3.1:8b,1,8,G,8,0.125,0,0,0,1,,kg,insufficient,1.0,The targets FCGR1A and TOP1 of Drug-8 are not directly linked to HR+/HER2-low breast cancer.,0.875,2.125
3,Spinal muscular atrophy (pediatric expansion),drkg,kg,llama3.1:8b,0,8,B,4,0.25,0,0,1,1,,kg,insufficient,2.0,The lack of direct evidence connecting Drug-8 to Spinal Muscular Atrophy mechanisms makes its ranking uncertain.,0.875,2.5
3,Spinal muscular atrophy (pediatric expansion),drkg,kg,llama3.1:8b,1,8,A,3,0.3333333333333333,0,1,1,1,,kg,insufficient,1.0,No direct mechanistic links are provided for Drug-8.,0.5,1.5
3,Chronic kidney disease,drkg,kg,llama3.1:8b,0,8,G,3,0.3333333333333333,0,1,1,1,,kg,consistent,4.0,"Drug-5 targets DPP4, which is related to MESH:D000740 (diabetes insipidus), a related condition to chronic kidney disease.",0.875,3.0
3,Chronic kidney disease,drkg,kg,llama3.1:8b,1,8,G,4,0.25,0,0,1,1,,kg,insufficient,5.0,"The knowledge graph only shows that Drug-5 binds DPP4 and inhibits SLC5A2/1, without clear connections to Chronic Kidney Disease.",0.625,3.0
3,IgE-mediated food allergy,drkg,kg,llama3.1:8b,0,8,B,1,1.0,1,1,1,1,,both,consistent,5.0,"Drug-1 inhibits IGHE, which is directly associated with IgE-mediated food allergy.",0.875,2.25
3,IgE-mediated food allergy,drkg,kg,llama3.1:8b,1,8,G,1,1.0,1,1,1,1,,both,consistent,5.0,"Drug-1 inhibits IGHE, a gene associated with IgE-mediated food allergy, and targets MS4A2, which is involved in mast cell activation.",0.625,2.0
3,Measles prophylaxis post-exposure,drkg,kg,llama3.1:8b,0,8,B,7,0.14285714285714285,0,0,0,1,,kg,conflicting,2.0,"The extensive list of targets for Drug-1 suggests a complex mechanism, but no direct link to measles prophylaxis post-exposure is evident.",0.625,2.25
3,Measles prophylaxis post-exposure,drkg,kg,llama3.1:8b,1,8,C,3,0.3333333333333333,0,1,1,1,,prior,insufficient,5.0,"The Fc receptors targeted by Drug-1 are involved in the immune response, but there is no direct connection to measles prophylaxis.",0.625,3.0
3,CKD in T2D,drkg,kg,llama3.1:8b,0,8,A,2,0.5,0,1,1,1,,prior,insufficient,4.0,"While activating GCG and targeting GLP1R are relevant to T2D management, the direct link between these mechanisms and CKD in T2D is less clear.",0.875,2.5
3,CKD in T2D,drkg,kg,llama3.1:8b,1,8,F,1,1.0,1,1,1,1,,both,consistent,4.0,"Drug-7's inhibition of PI3K pathway, a key regulator of inflammation and cell survival, is supported by both the KG (PIK3C2G, PIK3R5) and prior knowledge.",1.0,2.25
3,dMMR recurrent/advanced endometrial cancer,drkg,kg,llama3.1:8b,0,8,A,2,0.5,0,1,1,1,,kg,consistent,3.0,"Drug-5's inhibition of AKT1, a key oncogenic kinase in many cancers, suggests potential efficacy against dMMR endometrial cancer.",0.875,1.875
3,dMMR recurrent/advanced endometrial cancer,drkg,kg,llama3.1:8b,1,8,A,3,0.3333333333333333,0,1,1,1,,kg,insufficient,2.0,The knowledge graph does not provide sufficient evidence to assess mechanistic plausibility for Drug-8,0.875,2.625
3,ILD-associated pulmonary hypertension,drkg,kg,llama3.1:8b,0,8,C,5,0.2,0,0,1,1,,prior,insufficient,3.0,The broad target profile of Drug-3 makes it difficult to predict its efficacy for this disease.,0.375,2.625
3,ILD-associated pulmonary hypertension,drkg,kg,llama3.1:8b,1,8,H,8,0.125,0,0,0,1,,prior,insufficient,1.0,The actions of Drug-3 do not appear directly relevant to this disease based on prior knowledge,0.625,1.875
3,Crohn's disease,drkg,kg,llama3.1:8b,0,8,G,4,0.25,0,0,1,1,,prior,insufficient,1.0,Lack of clear connections between Drug-8's targets and Crohn's disease pathophysiology.,0.625,1.875
3,Crohn's disease,drkg,kg,llama3.1:8b,1,8,D,1,1.0,1,1,1,1,,kg,consistent,5.0,"Drug-8's inhibition of JAK1 and targeting of TYK2, JAK3, and JAK2 suggest a plausible mechanism for Crohn's disease.",1.0,3.125
3,COVID-19 in severe renal impairment/dialysis,drkg,kg,llama3.1:8b,0,8,H,8,0.125,0,0,0,1,,kg,insufficient,1.0,The knowledge graph doesn't provide direct evidence for Drug-8's efficacy against COVID-19.,0.75,1.875
3,COVID-19 in severe renal impairment/dialysis,drkg,kg,llama3.1:8b,1,8,C,7,0.14285714285714285,0,0,0,1,,kg,insufficient,5.0,No relevant information is provided in the knowledge graph to assess its potential for treating COVID-19 in severe renal impairment.,0.75,4.5
3,MASH with fibrosis,drkg,kg,llama3.1:8b,0,8,H,7,0.14285714285714285,0,0,0,1,,kg,insufficient,1.0,The evidence for Drug-8 focuses on glucose regulation and GLP1R activation; there is no clear link to fibrosis or MASH disease.,1.0,1.5
3,MASH with fibrosis,drkg,kg,llama3.1:8b,1,8,B,2,0.5,0,1,1,1,,prior,insufficient,3.0,"Limited knowledge-graph evidence and no clear connection to fibrosis mechanisms; however, some off-target effects might be beneficial",0.75,2.25
3,Urothelial carcinoma (expanded population),drkg,kg,llama3.1:8b,0,8,F,1,1.0,1,1,1,1,,kg,consistent,4.0,"Drug-8 targets NECTIN4, a gene associated with urothelial carcinoma",1.0,2.5
3,Urothelial carcinoma (expanded population),drkg,kg,llama3.1:8b,1,8,E,4,0.25,0,0,1,1,,prior,insufficient,3.0,"Targeting NECTIN4 by Drug-8 might be relevant in modulating cell-cell interactions, but more information is needed",0.5,3.125
3,Chronic thromboembolic pulmonary hypertension,drkg,kg,llama3.1:8b,0,8,H,8,0.125,0,0,0,1,,prior,insufficient,1.0,"While Drug-7 inhibits some coagulation factors, its relevance to the disease is unclear",0.625,1.75
3,Chronic thromboembolic pulmonary hypertension,drkg,kg,llama3.1:8b,1,8,A,1,1.0,1,1,1,1,,both,consistent,5.0,"Drug-7's inhibition of F10 and F2 aligns with the disease profile's association with genes related to coagulation and fibrinolysis, making it a plausible candidate.",0.5,2.375
3,Crohn's disease,drkg,kg,llama3.1:8b,0,8,H,1,1.0,1,1,1,1,,both,consistent,5.0,"Drug-1 targets KCNMB1 and GRK2, which are related to inflammation, a key component of Crohn's disease.",0.625,2.75
3,Crohn's disease,drkg,kg,llama3.1:8b,1,8,E,3,0.3333333333333333,0,1,1,1,,kg,consistent,4.0,"Drug-8 targets IL23A, which is a key cytokine involved in Crohn's disease.",0.875,2.5
3,HoFH in children,drkg,kg,llama3.1:8b,0,8,A,6,0.16666666666666666,0,0,0,1,,kg,conflicting,1.0,No clear associations between Drug-8 and HoFH in children,0.875,1.875
3,HoFH in children,drkg,kg,llama3.1:8b,1,8,F,8,0.125,0,0,0,1,,prior,insufficient,1.0,"The knowledge graph has no data on Drug-8, and prior pharmacological knowledge cannot compensate for this lack of evidence.",0.625,2.125
3,First-line anemia in lower-risk MDS,drkg,kg,llama3.1:8b,0,8,C,7,0.14285714285714285,0,0,0,1,,prior,insufficient,1.0,No direct evidence linking Drug-7 to MDS-related genes or pathways,0.75,2.25
3,First-line anemia in lower-risk MDS,drkg,kg,llama3.1:8b,1,8,F,5,0.2,0,0,1,1,,prior,insufficient,1.0,No information available for Drug-7.,0.625,1.875
3,Generalized myasthenia gravis,drkg,kg,llama3.1:8b,0,8,G,8,0.125,0,0,0,1,,prior,insufficient,1.0,"No relevant evidence is provided for Drug-8, making its mechanistic plausibility uncertain.",0.5,2.375
3,Generalized myasthenia gravis,drkg,kg,llama3.1:8b,1,8,G,8,0.125,0,0,0,1,,uncertain,insufficient,1.0,We have insufficient information about Drug-8 to assess its mechanistic plausibility.,0.625,2.125
3,Acquired hypothalamic obesity,drkg,kg,llama3.1:8b,0,8,B,1,1.0,1,1,1,1,,kg,consistent,5.0,"Drug-7 activates MC4R, which is associated with the disease.",0.625,2.375
3,Acquired hypothalamic obesity,drkg,kg,llama3.1:8b,1,8,E,1,1.0,1,1,1,1,,both,consistent,5.0,"Drug-7 activates MC4R, a direct target associated with the disease.",0.5,3.2857142857142856
3,HR+/HER2- node-positive high-risk early breast cancer,drkg,kg,llama3.1:8b,0,8,D,5,0.2,0,0,1,1,,prior,insufficient,4.0,"Based on pharmacological knowledge, drugs inhibiting CDK4/6 and targeting CCND2 are potential candidates for HR+/HER2- node-positive high-risk early breast cancer.",0.875,2.375
3,HR+/HER2- node-positive high-risk early breast cancer,drkg,kg,llama3.1:8b,1,8,A,1,1.0,1,1,1,1,,kg,consistent,5.0,Inhibits CCND1/CCNE1 cell cycle regulators often upregulated in HR+/HER2- breast cancer.,0.375,1.875
3,EGPA,drkg,kg,llama3.1:8b,0,8,D,1,1.0,1,1,1,1,,prior,insufficient,4.0,"Drug-1 targets MS4A2, which is associated with allergic reactions, but there's no direct link to EGPA.",0.875,2.375
3,EGPA,drkg,kg,llama3.1:8b,1,8,E,7,0.14285714285714285,0,0,0,1,,kg,insufficient,1.0,"The knowledge graph reports associations between Drug-1 and various targets, but these do not directly relate to EGPA's associated genes",0.875,1.875
3,BRAF+ thyroid cancer,drkg,kg,llama3.1:8b,0,8,F,1,1.0,1,1,1,1,,both,consistent,5.0,"Drug-6's inhibition of MAP2K1/2 and other kinases, relevant to BRAF+ thyroid cancer",0.875,2.375
3,BRAF+ thyroid cancer,drkg,kg,llama3.1:8b,1,8,A,1,1.0,1,1,1,1,,both,consistent,4.0,"Drug-6 inhibits multiple MAP2Ks (enzymes downstream of BRAF) and MAP3K1 (an upstream regulator), suggesting it may target the MAPK pathway involved in BRAF+ thyroid cancer.",0.75,4.5
3,Giant cell arteritis,drkg,kg,llama3.1:8b,0,8,G,1,1.0,1,1,1,1,,kg,consistent,5.0,"Drug-8's inhibition of JAK1 and targeting of TYK2, JAK3, and JAK2 could be related to the disease genes, particularly NOS2 and IL10.",0.75,2.625
3,Giant cell arteritis,drkg,kg,llama3.1:8b,1,8,C,1,1.0,1,1,1,1,,prior,insufficient,3.0,"Drug-8's targeting of JAK1 and TYK2 suggests potential anti-inflammatory effects, which could be beneficial in treating Giant Cell Arteritis.",0.625,2.625
3,dMMR/MSI-H primary advanced endometrial cancer,drkg,kg,llama3.1:8b,0,8,F,5,0.2,0,0,1,1,,kg,insufficient,2.0,No relevant evidence was found for Drug-8.,0.875,2.125
3,dMMR/MSI-H primary advanced endometrial cancer,drkg,kg,llama3.1:8b,1,8,F,6,0.16666666666666666,0,0,0,1,,kg,insufficient,1.0,The provided evidence for Drug-8 is not available.,0.75,2.125
3,Polymyalgia rheumatica,drkg,kg,llama3.1:8b,0,8,E,6,0.16666666666666666,0,0,0,1,,kg,insufficient,1.0,"The knowledge graph does not provide direct links between Drug-8's targets and polymyalgia rheumatica, making its mechanistic plausibility uncertain.",0.75,2.125
3,Polymyalgia rheumatica,drkg,kg,llama3.1:8b,1,8,F,5,0.2,0,0,1,1,,prior,insufficient,2.0,"Inhibition of ACHE by Drug-7 is not directly linked to Polymyalgia rheumatica, but it's a plausible starting point given the lack of clear evidence.",0.75,1.875
3,Ph+ CML-CP frontline (EMA Feb 2026),drkg,kg,llama3.1:8b,0,8,H,1,1.0,1,1,1,1,,kg,consistent,4.0,"Drug-8 targets ABL1, which is a key driver of CML-CP.",0.75,1.875
3,Ph+ CML-CP frontline (EMA Feb 2026),drkg,kg,llama3.1:8b,1,8,G,1,1.0,1,1,1,1,,kg,consistent,4.0,"Drug-8 directly targets ABL1, the aberrant tyrosine kinase in Ph+ CML-CP.",0.75,1.875
3,Allergic fungal rhinosinusitis (AFRS) ≥6yr,drkg,kg,llama3.1:8b,0,8,C,1,1.0,1,1,1,1,,kg,consistent,4.0,"Drug-8 targets IL4R, which is relevant to AFRS given the disease's immunological aspects.",0.75,3.0
3,Allergic fungal rhinosinusitis (AFRS) ≥6yr,drkg,kg,llama3.1:8b,1,8,B,1,1.0,1,1,1,1,,kg,consistent,4.0,"Drug-8 targets IL4R, which is involved in the regulation of immune response and could potentially modulate AFRS.",0.625,2.375
3,RET-fusion NSCLC (expanded),drkg,kg,llama3.1:8b,0,8,A,1,1.0,1,1,1,1,,both,consistent,5.0,"Drug-8 activates ADORA2A, which is not directly associated with RET-fusion NSCLC, but its activation of adenosine receptors may have anti-tumor effects.",0.75,2.75
3,RET-fusion NSCLC (expanded),drkg,kg,llama3.1:8b,1,8,E,7,0.14285714285714285,0,0,0,1,,kg,insufficient,1.0,There is no relevant KG evidence for Drug-5 or Drug-8 in relation to RET-fusion NSCLC.,0.75,1.875
3,"Crohn's disease (moderate-severe, refractory)",drkg,kg,llama3.1:8b,0,8,E,1,1.0,1,1,1,1,,kg,consistent,5.0,"Drug-7 targets IL23A, which is a key player in the pathogenesis of Crohn's disease.",0.875,2.75
3,"Crohn's disease (moderate-severe, refractory)",drkg,kg,llama3.1:8b,1,8,C,1,1.0,1,1,1,1,,kg,consistent,5.0,"Drug-7 targets IL23A, a cytokine involved in Crohn's disease pathology.",0.75,2.75
3,Follicular lymphoma,drkg,kg,llama3.1:8b,0,8,B,7,0.14285714285714285,0,0,0,1,,kg,insufficient,2.0,The knowledge graph reports no clear mechanistic links between Drug-8 and follicular lymphoma.,1.0,3.0
3,Follicular lymphoma,drkg,kg,llama3.1:8b,1,8,D,5,0.2,0,0,1,1,,prior,insufficient,1.0,No relevant evidence is provided for Drug-8,0.75,2.0
3,Atopic dermatitis,drkg,kg,llama3.1:8b,0,8,H,7,0.14285714285714285,0,0,0,1,,kg,consistent,4.0,Drug-7's inhibition of JAK1 and JAK2 suggests anti-inflammatory effects relevant to atopic dermatitis.,0.875,3.0
3,Atopic dermatitis,drkg,kg,llama3.1:8b,1,8,G,2,0.5,0,1,1,1,,kg,consistent,3.0,"Drug-7 inhibits JAK1/JAK2, which are involved in inflammatory signaling pathways relevant to atopic dermatitis.",1.0,1.875
3,1L biliary tract cancer (+gemcitabine+cisplatin),drkg,kg,llama3.1:8b,0,8,A,4,0.25,0,0,1,1,,prior,conflicting,1.0,"KG evidence suggests targeting mismatch repair genes (PMS2, MSH3), which is not relevant for this disease.",0.5,1.875
3,1L biliary tract cancer (+gemcitabine+cisplatin),drkg,kg,llama3.1:8b,1,8,A,5,0.2,0,0,1,1,,kg,conflicting,1.0,"Drug-7 targets some genes involved in DNA repair and cell cycle regulation, but the evidence is conflicting and doesn't directly link to biliary tract cancer",0.875,2.125
3,IV formulation for rheumatic diseases (EMA),drkg,kg,llama3.1:8b,0,8,G,2,0.5,0,1,1,1,,kg,consistent,4.0,Inhibition of IL17A by Drug-5 is supported by the knowledge graph and may be relevant to rheumatic diseases.,0.5,3.75
3,IV formulation for rheumatic diseases (EMA),drkg,kg,llama3.1:8b,1,8,F,1,1.0,1,1,1,1,,kg,consistent,5.0,"Drug-5 inhibits IL17A, which is relevant to rheumatic diseases as indicated by the disease profile.",0.75,2.0
3,BRAF+ thyroid cancer,drkg,kg,llama3.1:8b,0,8,B,1,1.0,1,1,1,1,,both,consistent,5.0,"Drug-8 inhibits BRAF, which is a key driver in BRAF+ thyroid cancer.",0.75,2.25
3,BRAF+ thyroid cancer,drkg,kg,llama3.1:8b,1,8,F,1,1.0,1,1,1,1,,both,consistent,5.0,Directly inhibits BRAF and other cancer-related targets.,0.5,2.5
3,EGPA (expanded),drkg,kg,llama3.1:8b,0,8,G,1,1.0,1,1,1,1,,both,consistent,5.0,"Drug-7 targets IL5RA, which is associated with EGPA disease profile",0.625,3.0
3,EGPA (expanded),drkg,kg,llama3.1:8b,1,8,D,1,1.0,1,1,1,1,,prior,insufficient,4.0,"Drug-7 targets IL5RA, which is associated with EGPA in the knowledge graph",0.625,3.125
3,Pheochromocytoma/paraganglioma,drkg,kg,llama3.1:8b,0,8,D,6,0.16666666666666666,0,0,0,1,,kg,insufficient,3.0,"Drug-8 targets EPAS1, but its relevance to Pheochromocytoma/paraganglioma is uncertain.",0.75,2.625
3,Pheochromocytoma/paraganglioma,drkg,kg,llama3.1:8b,1,8,E,7,0.14285714285714285,0,0,0,1,,prior,insufficient,1.0,Prior pharmacological knowledge does not strongly suggest a link to Pheochromocytoma/paraganglioma.,0.7142857142857143,2.4285714285714284
3,Pediatric atopic dermatitis,drkg,kg,llama3.1:8b,0,8,B,2,0.5,0,1,1,1,,both,consistent,4.0,"JAK inhibitors like Drug-8 target key inflammatory pathways involved in atopic dermatitis, making them a promising candidate.",0.75,2.5
3,Pediatric atopic dermatitis,drkg,kg,llama3.1:8b,1,8,B,2,0.5,0,1,1,1,,prior,insufficient,4.0,"While Drug-8 targets JAK1, TYK2, and other cytokine receptors involved in inflammation, the evidence is insufficient to directly link these targets to pediatric atopic dermatitis.",0.75,2.375
3,MSI-H/dMMR solid tumors (full approval conversion),drkg,kg,llama3.1:8b,0,8,C,1,1.0,1,1,1,1,,both,consistent,4.0,"Drug-6 targets PMS2, a gene involved in DNA mismatch repair, which is often deficient in MSI-H/dMMR solid tumors.",0.875,1.875
3,MSI-H/dMMR solid tumors (full approval conversion),drkg,kg,llama3.1:8b,1,8,A,3,0.3333333333333333,0,1,1,1,,kg,consistent,5.0,"Drug-6 targets PMS2 and MLH1, which are key proteins involved in DNA mismatch repair.",0.875,3.75
3,Psoriasis in children 6-11 (cream),drkg,kg,llama3.1:8b,0,8,H,8,0.125,0,0,0,1,,kg,insufficient,1.0,"The KG evidence for Drug-5 inhibits PDE4C and TNF, but no clear connection to psoriasis in children is established.",1.0,1.875
3,Psoriasis in children 6-11 (cream),drkg,kg,llama3.1:8b,1,8,E,1,1.0,1,1,1,1,,kg,consistent,4.0,"Drug-5 inhibits PDE4 and TNF, which are involved in inflammation pathways relevant to psoriasis.",1.0,2.25
3,Pancreatic NET,drkg,kg,llama3.1:8b,0,8,B,2,0.5,0,1,1,1,,both,consistent,4.0,"Drug-5 inhibits RET, a receptor tyrosine kinase involved in tumor growth and metastasis, which is relevant to Pancreatic NET. Additionally, the multiple targets of Drug-5 suggest broad activity.",0.75,1.875
3,Pancreatic NET,drkg,kg,llama3.1:8b,1,8,G,7,0.14285714285714285,0,0,0,1,,kg,insufficient,1.0,The knowledge graph shows that Drug-5 is actually listed as candidate E.,0.875,1.875
3,Ulcerative colitis,drkg,kg,llama3.1:8b,0,8,E,1,1.0,1,1,1,1,,prior,insufficient,4.0,"Given the lack of evidence in the knowledge graph, its mechanistic plausibility relies on prior pharmacological knowledge that IL-12 is involved in inflammatory responses, making it a plausible candidate for ulcerative colitis.",0.625,2.375
3,Ulcerative colitis,drkg,kg,llama3.1:8b,1,8,F,2,0.5,0,1,1,1,,prior,insufficient,3.0,"Drug-8's target IL12B is involved in inflammation, which is a key aspect of Ulcerative colitis",0.5,3.0
3,Gastric/GEJ adenocarcinoma (1L +chemo),drkg,kg,llama3.1:8b,0,8,F,3,0.3333333333333333,0,1,1,1,,prior,insufficient,2.0,"While Drug-7's mechanism is not directly related to gastric/GEJ adenocarcinoma, it has been explored in other cancer types.",0.875,2.0
3,Gastric/GEJ adenocarcinoma (1L +chemo),drkg,kg,llama3.1:8b,1,8,E,4,0.25,0,0,1,1,,kg,consistent,2.0,"Drug-8 targets CD274 and CD80, which are immune checkpoint molecules, but their relevance to gastric/GEJ adenocarcinoma is unclear.",0.75,1.875
3,Hidradenitis suppurativa,drkg,kg,llama3.1:8b,0,8,D,1,1.0,1,1,1,1,,kg,consistent,4.0,"Drug-7 inhibits IL17A, which is associated with the disease.",0.75,2.75
3,Hidradenitis suppurativa,drkg,kg,llama3.1:8b,1,8,H,2,0.5,0,1,1,1,,prior,insufficient,3.0,"No direct evidence from the knowledge graph, but IL17A inhibition is a plausible mechanistic link to Hidradenitis suppurativa.",0.625,2.125
3,Biliary tract cancer,drkg,kg,llama3.1:8b,0,8,A,4,0.25,0,0,1,1,,prior,conflicting,1.0,"My pharmacological knowledge suggests that Drug-6's targets (PDCD1, MSH2) are not directly related to biliary tract cancer.",0.625,2.25
3,Biliary tract cancer,drkg,kg,llama3.1:8b,1,8,B,7,0.14285714285714285,0,0,0,1,,kg,conflicting,2.0,"Drug-6 targets mismatch repair genes, which are more relevant to other types of cancer",0.75,3.0
3,Antibody-mediated rejection in organ transplantation,drkg,kg,llama3.1:8b,0,8,F,3,0.3333333333333333,0,1,1,1,,prior,insufficient,5.0,"Although Drug-1's mechanisms are not directly related to the target disease, its inhibition of MS4A1 and ABCB1 suggests potential immunomodulatory effects.",0.875,3.75
3,Antibody-mediated rejection in organ transplantation,drkg,kg,llama3.1:8b,1,8,C,4,0.25,0,0,1,1,,prior,insufficient,1.0,"Some indirect connections through pathways involved in cell signaling, but evidence is sparse and inconclusive.",0.625,2.25
3,Neoadj+adj HNSCC,drkg,kg,llama3.1:8b,0,8,E,3,0.3333333333333333,0,1,1,1,,kg,insufficient,2.0,"There is no direct evidence linking Drug-3's targets to Neoadj+adj HNSCC; however, its inhibition of PDCD1 and other immune-related targets suggests potential plausibility.",1.0,1.875
3,Neoadj+adj HNSCC,drkg,kg,llama3.1:8b,1,8,A,8,0.125,0,0,0,1,,kg,consistent,5.0,"Drug-3 targets several mismatch repair proteins (PMS2, MSH3, ALK), which are associated with Neoadj+adj HNSCC in the knowledge graph.",0.25,3.125
3,Ulcerative colitis,drkg,kg,llama3.1:8b,0,8,A,1,1.0,1,1,1,1,,kg,consistent,5.0,"Drug-7 targets IL23A, which is involved in the pathogenesis of ulcerative colitis.",0.875,2.5
3,Ulcerative colitis,drkg,kg,llama3.1:8b,1,8,B,1,1.0,1,1,1,1,,kg,consistent,4.0,"Drug-7 targets IL23A, which is a key player in the immune response and inflammation associated with ulcerative colitis.",0.75,2.375
3,dMMR/MSI-H primary advanced endometrial cancer (+chemo),drkg,kg,llama3.1:8b,0,8,F,7,0.14285714285714285,0,0,0,1,,prior,insufficient,1.0,No information is provided about Drug-8's mechanism of action or potential efficacy in this disease.,0.875,2.375
3,dMMR/MSI-H primary advanced endometrial cancer (+chemo),drkg,kg,llama3.1:8b,1,8,D,8,0.125,0,0,0,1,,kg,insufficient,1.0,No direct evidence links Drug-8 to known targets or pathways involved in dMMR/MSI-H primary advanced endometrial cancer.,0.625,1.75
3,GVHD + pediatric,drkg,kg,llama3.1:8b,0,8,A,8,0.125,0,0,0,1,,kg,conflicting,1.0,"The targets and mechanisms listed for Drug-5 conflict with the disease's genetic profile, as several of the targeted genes are not associated with GVHD.",0.625,2.75
3,GVHD + pediatric,drkg,kg,llama3.1:8b,1,8,H,8,0.125,0,0,0,1,,prior,insufficient,1.0,Drug-5 has complex mechanisms but lacks direct connections to the pathophysiology of GVHD + pediatric based on the knowledge graph,0.625,2.375
3,Gastric/GEJ adenocarcinoma,drkg,kg,llama3.1:8b,0,8,G,6,0.16666666666666666,0,0,0,1,,kg,insufficient,2.0,"The knowledge graph provides limited evidence for Drug-8, and its targets are not strongly associated with gastric/GEJ adenocarcinoma.",0.75,3.25
3,Gastric/GEJ adenocarcinoma,drkg,kg,llama3.1:8b,1,8,B,2,0.5,0,1,1,1,,prior,insufficient,5.0,"Lack of direct evidence in the KG; however, targeting CD274 and CD80 may be relevant for cancer immunotherapy.",0.75,2.625
3,COPD (EMA 2025),drkg,kg,llama3.1:8b,0,8,A,4,0.25,0,0,1,1,,prior,insufficient,3.0,No direct association with COPD-related pathways or targets.,0.75,2.875
3,COPD (EMA 2025),drkg,kg,llama3.1:8b,1,8,A,3,0.3333333333333333,0,1,1,1,,kg,insufficient,2.0,"Drug-6 targets IL4R, which may be relevant for inflammatory diseases, but its direct connection to COPD is not established.",0.625,1.875
3,RAS wild-type HER2+ metastatic colorectal cancer,drkg,kg,llama3.1:8b,0,8,F,1,1.0,1,1,1,1,,kg,consistent,5.0,"Drug-8 targets ERBB2, which is a key driver in HER2+ cancers, making it a strong candidate for repurposing.",0.875,2.625
3,RAS wild-type HER2+ metastatic colorectal cancer,drkg,kg,llama3.1:8b,1,8,A,1,1.0,1,1,1,1,,prior,insufficient,3.0,"No explicit evidence links Drug-8 to RAS wild-type HER2+ metastatic colorectal cancer, but targeting ERBB2 is relevant given the disease's HER2+ characteristic.",0.75,1.875
3,Primary immunodeficiency pediatric (EMA),drkg,kg,llama3.1:8b,0,8,F,4,0.25,0,0,1,1,,prior,insufficient,2.0,"The targets of Drug-1 are mostly related to the complement system, which may not be directly relevant to primary immunodeficiency pediatric.",0.625,2.0
3,Primary immunodeficiency pediatric (EMA),drkg,kg,llama3.1:8b,1,8,F,4,0.25,0,0,1,1,,prior,conflicting,3.0,"Targeting FCGRs may be relevant, but the provided targets don't directly indicate a link to primary immunodeficiency pediatric",0.875,3.0
3,BRAF V600E metastatic NSCLC,drkg,kg,llama3.1:8b,0,8,G,1,1.0,1,1,1,1,,both,consistent,5.0,"Drug-7 has a strong association with BRAF inhibition, which is a known target in BRAF V600E metastatic NSCLC.",0.625,1.875
3,BRAF V600E metastatic NSCLC,drkg,kg,llama3.1:8b,1,8,C,1,1.0,1,1,1,1,,both,consistent,5.0,"Drug-7 targets BRAF directly and also inhibits other RAF family members, which are involved in this disease.",0.625,2.142857142857143
3,CRSwNP (eosinophilic chronic rhinosinusitis with nasal polyps),drkg,kg,llama3.1:8b,0,8,E,7,0.14285714285714285,0,0,0,1,,uncertain,insufficient,1.0,No relevant evidence is provided for Drug-8.,0.625,2.75
3,CRSwNP (eosinophilic chronic rhinosinusitis with nasal polyps),drkg,kg,llama3.1:8b,1,8,A,2,0.5,0,1,1,1,,kg,insufficient,2.0,"While Drug-8 targets multiple genes, the provided evidence does not clearly connect these targets to CRSwNP mechanisms.",1.0,2.125
3,Pediatric glioma (EMA),drkg,kg,llama3.1:8b,0,8,E,1,1.0,1,1,1,1,,kg,consistent,4.0,Drug-7's inhibition of RAF1 and MAPK1 suggests potential anti-proliferative effects in pediatric glioma.,0.75,3.0
3,Pediatric glioma (EMA),drkg,kg,llama3.1:8b,1,8,G,6,0.16666666666666666,0,0,0,1,,kg,conflicting,3.0,"Drug-7 downregulates several genes, but also upregulates some genes involved in cell proliferation and survival. However, the conflicting evidence makes it difficult to rank higher.",0.875,2.875
3,Primary humoral immunodeficiency pediatric 2-11yr,drkg,kg,llama3.1:8b,0,8,F,1,1.0,1,1,1,1,,prior,insufficient,3.0,"Given its targets of FCGRs, Drug-1 may modulate immune response relevant to primary humoral immunodeficiency.",0.75,2.375
3,Primary humoral immunodeficiency pediatric 2-11yr,drkg,kg,llama3.1:8b,1,8,H,1,1.0,1,1,1,1,,both,consistent,4.0,"Drug-1 targets several Fc receptors, which are crucial for immune function and humoral immunity.",1.0,2.25
3,"ALK+ solid tumors (tissue-agnostic, world-first)",drkg,kg,llama3.1:8b,0,8,E,1,1.0,1,1,1,1,,both,consistent,5.0,Direct inhibition of ALK by Drug-7 provides strong evidence for its effectiveness in treating ALK+ solid tumors.,0.5,2.375
3,"ALK+ solid tumors (tissue-agnostic, world-first)",drkg,kg,llama3.1:8b,1,8,H,1,1.0,1,1,1,1,,kg,consistent,5.0,"Drug-7 directly inhibits ALK, a key driver of ALK+ solid tumors.",0.875,2.25
3,Primary mediastinal large B-cell lymphoma,drkg,kg,llama3.1:8b,0,8,C,3,0.3333333333333333,0,1,1,1,,kg,insufficient,2.0,"While Drug-5 targets several proteins, none have a clear connection to Primary mediastinal large B-cell lymphoma.",1.0,1.875
3,Primary mediastinal large B-cell lymphoma,drkg,kg,llama3.1:8b,1,8,A,1,1.0,1,1,1,1,,both,consistent,4.0,"Drug-5 targets several genes involved in DNA mismatch repair and homologous recombination, which are relevant to B-cell lymphomas.",0.5,2.375
3,HR+/HER2- metastatic breast cancer,drkg,kg,llama3.1:8b,0,8,H,8,0.125,0,0,0,1,,uncertain,,,,0.75,2.7142857142857144
3,HR+/HER2- metastatic breast cancer,drkg,kg,llama3.1:8b,1,8,A,4,0.25,0,0,1,1,,kg,conflicting,3.0,"The knowledge graph reports various interactions for Drug-3, but some of these (e.g., downregulation of RNF167) do not clearly relate to HR+/HER2- metastatic breast cancer.",0.875,3.5
3,HER2+ early-stage BC (neoadjuvant + adjuvant),drkg,kg,llama3.1:8b,0,8,C,4,0.25,0,0,1,1,,both,conflicting,3.0,"Targets MAOB, MAOA, and COMT, but the relevance to HER2+ BC is unclear",0.75,2.5
3,HER2+ early-stage BC (neoadjuvant + adjuvant),drkg,kg,llama3.1:8b,1,8,D,6,0.16666666666666666,0,0,0,1,,kg,insufficient,5.0,No clear association with HER2+ signaling pathways or relevant targets.,0.75,3.5
3,"Pediatric low-grade glioma (+dabrafenib, BRAF V600E)",drkg,kg,llama3.1:8b,0,8,H,1,1.0,1,1,1,1,,both,consistent,5.0,"Drug-6 inhibits MAP2K1 and KRAS, which are both involved in the MAPK pathway relevant to glioma.",0.5,2.75
3,"Pediatric low-grade glioma (+dabrafenib, BRAF V600E)",drkg,kg,llama3.1:8b,1,8,B,1,1.0,1,1,1,1,,both,consistent,4.0,"Drug-6 inhibits MAP2K5 and KRAS, which are involved in pediatric low-grade glioma pathogenesis.",0.75,1.75
3,mHSPC + ADT,drkg,kg,llama3.1:8b,0,8,E,2,0.5,0,1,1,1,,kg,consistent,3.0,"Drug-8 targets the AR and PGR pathways, which are associated with mHSPC + ADT.",0.875,1.75
3,mHSPC + ADT,drkg,kg,llama3.1:8b,1,8,G,3,0.3333333333333333,0,1,1,1,,prior,insufficient,2.0,The knowledge graph's sparse links (only PGR and AR targets) do not provide strong mechanistic connections to mHSPC + ADT,0.875,2.25
3,Pediatric BRAF V600E low-grade glioma,drkg,kg,llama3.1:8b,0,8,F,1,1.0,1,1,1,1,,both,consistent,5.0,"Drug-6 inhibits BRAF, which is the mutated protein driving Pediatric BRAF V600E low-grade glioma.",0.625,2.5
3,Pediatric BRAF V600E low-grade glioma,drkg,kg,llama3.1:8b,1,8,B,2,0.5,0,1,1,1,,kg,consistent,3.0,"Drug-6 inhibits BRAF, which is a direct association with the target disease.",0.5,2.5
3,HER2-mutant NSCLC (EMA),drkg,kg,llama3.1:8b,0,8,F,5,0.2,0,0,1,1,,kg,insufficient,1.0,"The knowledge graph only mentions Drug-8 targeting FCGR1A and TOP1, which are not directly associated with HER2-mutant NSCLC.",0.875,2.125
3,HER2-mutant NSCLC (EMA),drkg,kg,llama3.1:8b,1,8,A,2,0.5,0,1,1,1,,kg,consistent,3.0,"Candidate A targets TOP1, which is involved in DNA replication and repair, a pathway that may be relevant to HER2-mutant NSCLC.",0.75,2.5
3,Ph+ CML-CP after 2+ TKIs,drkg,kg,llama3.1:8b,0,8,C,1,1.0,1,1,1,1,,prior,insufficient,4.0,"Based on prior knowledge of ABL1's role in CML-CP and TKI resistance, Drug-7 (C) is the top candidate.",0.75,1.875
3,Ph+ CML-CP after 2+ TKIs,drkg,kg,llama3.1:8b,1,8,H,1,1.0,1,1,1,1,,both,consistent,5.0,"Drug-7 directly targets ABL1, a key driver of Ph+ CML-CP",1.0,2.25
3,HR+/HER2- metastatic breast cancer,drkg,kg,llama3.1:8b,0,8,E,2,0.5,0,1,1,1,,both,consistent,3.0,"Drug-7 also targets ATM and ATR, which are involved in DNA damage response pathways, making it a plausible candidate",0.625,1.875
3,HR+/HER2- metastatic breast cancer,drkg,kg,llama3.1:8b,1,8,F,1,1.0,1,1,1,1,,both,consistent,5.0,Targets BRCA2 and PARP2/1 are relevant to HR+/HER2- metastatic breast cancer.,0.5,2.5
3,HER2-mutant NSCLC (PMDA),drkg,kg,llama3.1:8b,0,8,H,7,0.14285714285714285,0,0,0,1,,prior,insufficient,2.0,"Targets FCGR1A and TOP1, suggesting some relevance to immune response or DNA repair, but no clear link to HER2-mutant NSCLC.",0.0,3.5
3,HER2-mutant NSCLC (PMDA),drkg,kg,llama3.1:8b,1,8,H,8,0.125,0,0,0,1,,kg,insufficient,1.0,"The knowledge graph's associations with Drug-8 do not provide a clear link to HER2-mutant NSCLC, making it uncertain for repurposing.",0.75,1.75
3,Follicular lymphoma (+obinutuzumab),drkg,kg,llama3.1:8b,0,8,D,3,0.3333333333333333,0,1,1,1,,kg,consistent,4.0,"The targets of Drug-8 (BMX, TEC, TXK) have been implicated in cancer signaling pathways",0.875,3.0
3,Follicular lymphoma (+obinutuzumab),drkg,kg,llama3.1:8b,1,8,C,3,0.3333333333333333,0,1,1,1,,prior,insufficient,4.0,"Some TK inhibitors may be beneficial for B-cell lymphomas, but no specific evidence is provided for Drug-8.",0.625,3.125
3,Platinum-resistant ovarian carcinoma (PD-L1+ CPS≥1),drkg,kg,llama3.1:8b,0,8,B,3,0.3333333333333333,0,1,1,1,,prior,insufficient,2.0,"The given evidence does not clearly link Drug-6 to the target disease, but its effects on PDCD1 could imply some relevance",0.625,2.625
3,Platinum-resistant ovarian carcinoma (PD-L1+ CPS≥1),drkg,kg,llama3.1:8b,1,8,A,1,1.0,1,1,1,1,,kg,consistent,4.0,"Drug-6 targets CD274, which is involved in immune evasion, a hallmark of Platinum-resistant ovarian carcinoma.",0.625,1.75
3,Resectable gastric/GEJ adenocarcinoma (neoadj+adj +FLOT),drkg,kg,llama3.1:8b,0,8,E,1,1.0,1,1,1,1,,both,consistent,5.0,"Drug-7 targets CD274, which is a PD-L1 inhibitor, and has shown efficacy in various cancers.",0.75,2.875
3,Resectable gastric/GEJ adenocarcinoma (neoadj+adj +FLOT),drkg,kg,llama3.1:8b,1,8,H,8,0.125,0,0,0,1,,kg,insufficient,2.0,The evidence for Drug-7 targets two immune-related molecules without clear connection to the disease.,0.875,2.375
3,Advanced RCC after PD-1/PD-L1 + VEGF-TKI,drkg,kg,llama3.1:8b,0,8,C,2,0.5,0,1,1,1,,prior,insufficient,3.0,"Given its potential role in cellular adaptation and response to hypoxia, Drug-8's mechanism may have some relevance to RCC.",0.75,1.875
3,Advanced RCC after PD-1/PD-L1 + VEGF-TKI,drkg,kg,llama3.1:8b,1,8,H,8,0.125,0,0,0,1,,kg,insufficient,1.0,The targeting of EPAS1 by Drug-8 does not have a clear connection to RCC or the given disease context.,0.75,2.0
3,HER2+ solid tumors (tumor-agnostic),drkg,kg,llama3.1:8b,0,8,D,7,0.14285714285714285,0,0,0,1,,kg,insufficient,2.0,"The knowledge graph shows Drug-8's targets FCGR1A and TOP1; however, the evidence is insufficient to assess its mechanistic plausibility for HER2+ solid tumors.",0.875,3.0
3,HER2+ solid tumors (tumor-agnostic),drkg,kg,llama3.1:8b,1,8,F,6,0.16666666666666666,0,0,0,1,,prior,insufficient,3.0,The provided evidence for Drug-7 is insufficient to assess its mechanistic plausibility for HER2+ solid tumors.,0.375,3.0
3,HR+/HER2- early breast cancer (adjuvant),drkg,kg,llama3.1:8b,0,8,G,1,1.0,1,1,1,1,,kg,consistent,5.0,"Drug-6 activates OPRK1, which is a known target in breast cancer treatment.",0.875,2.375
3,HR+/HER2- early breast cancer (adjuvant),drkg,kg,llama3.1:8b,1,8,D,1,1.0,1,1,1,1,,both,consistent,5.0,CDK4/6 inhibition is a well-established target in breast cancer therapy.,0.5,2.625
3,Chronic lymphocytic leukemia,drkg,kg,llama3.1:8b,0,8,D,3,0.3333333333333333,0,1,1,1,,kg,consistent,4.0,Drug-8's targeting of BMX is listed in the knowledge graph as an association with chronic lymphocytic leukemia.,0.875,2.75
3,Chronic lymphocytic leukemia,drkg,kg,llama3.1:8b,1,8,D,5,0.2,0,0,1,1,,kg,insufficient,2.0,"The targets of Drug-8 (BMX, TEC, TXK) do not have obvious links to chronic lymphocytic leukemia.",0.75,2.375
3,Unresectable thymic carcinoma (PMDA),drkg,kg,llama3.1:8b,0,8,H,3,0.3333333333333333,0,1,1,1,,prior,insufficient,2.0,"Based on my pharmacological knowledge of angiogenesis inhibitors, Drug-7 may have some potential for treating unresectable thymic carcinoma (PMDA), but the KG evidence is too sparse to be conclusive.",0.5,1.875
3,Unresectable thymic carcinoma (PMDA),drkg,kg,llama3.1:8b,1,8,C,1,1.0,1,1,1,1,,kg,consistent,4.0,"Drug-7 inhibits FLT1 and KDR, which are implicated in angiogenesis relevant to PDMA.",0.75,2.25
3,IDH1-mutated relapsed/refractory MDS,drkg,kg,llama3.1:8b,0,8,D,2,0.5,0,1,1,1,,kg,consistent,5.0,"Drug-8 directly targets IDH1, which is a key factor in the disease mechanism of IDH1-mutated relapsed/refractory MDS.",0.75,2.5
3,IDH1-mutated relapsed/refractory MDS,drkg,kg,llama3.1:8b,1,8,C,1,1.0,1,1,1,1,,kg,consistent,5.0,"Drug-8 targets IDH1, which is directly associated with the target disease.",0.25,2.25
3,Metastatic colorectal cancer,drkg,kg,llama3.1:8b,0,8,B,7,0.14285714285714285,0,0,0,1,,kg,conflicting,2.0,The knowledge graph reports both downregulation and upregulation of various targets by Drug-1; our pharmacological knowledge suggests that this conflicting evidence may indicate a lack of specificity or efficacy.,0.75,2.375
3,Metastatic colorectal cancer,drkg,kg,llama3.1:8b,1,8,A,3,0.3333333333333333,0,1,1,1,,kg,conflicting,4.0,"Some associations suggest potential efficacy (e.g., upregulation of SPAG4), but others (e.g., downregulation of PSRC1) raise concerns.",0.75,3.125
3,Agitation associated with Alzheimer's dementia,biokg,kg,llama3.1:8b,0,8,B,3,0.3333333333333333,0,1,1,1,,kg,conflicting,2.0,"Drug-8 targets DRD2, but the association between dopamine receptors and agitation in Alzheimer's dementia is complex and not strongly supported by the knowledge graph.",0.625,2.5
3,Agitation associated with Alzheimer's dementia,biokg,kg,llama3.1:8b,1,8,D,5,0.2,0,0,1,1,,prior,insufficient,3.0,"Drug-8 targets various receptors and transporters, but none are directly linked to Alzheimer's disease in the KG or my knowledge.",0.375,2.75
3,LDL-C elevation in statin-intolerant dyslipidemia,biokg,kg,llama3.1:8b,0,8,B,2,0.5,0,1,1,1,,prior,insufficient,5.0,Lack of clear evidence linking Drug-8 to relevant pathways or targets,0.75,3.125
3,LDL-C elevation in statin-intolerant dyslipidemia,biokg,kg,llama3.1:8b,1,8,D,5,0.2,0,0,1,1,,prior,insufficient,1.0,There's no clear evidence linking Drug-8 to the disease,0.25,1.75
3,First-line anemia in lower-risk MDS,biokg,kg,llama3.1:8b,0,8,F,7,0.14285714285714285,0,0,0,1,,prior,insufficient,1.0,No evidence was provided for Drug-8; prior knowledge does not suggest a direct link to anemia in MDS.,0.875,2.5
3,First-line anemia in lower-risk MDS,biokg,kg,llama3.1:8b,1,8,G,7,0.14285714285714285,0,0,0,1,,uncertain,insufficient,1.0,Insufficient information available for Drug-8 to assess its mechanistic plausibility.,0.625,1.875
3,Palmoplantar pustulosis (PMDA),biokg,kg,llama3.1:8b,0,8,F,1,1.0,1,1,1,1,,kg,consistent,4.0,"Drug-8 targets IL23A, a cytokine involved in inflammatory diseases.",0.625,2.5
3,Palmoplantar pustulosis (PMDA),biokg,kg,llama3.1:8b,1,8,G,1,1.0,1,1,1,1,,kg,consistent,5.0,"Directly targets IL23A, a key player in inflammatory diseases like psoriasis.",0.875,2.375
3,Acute HCV pediatric,biokg,kg,llama3.1:8b,0,8,B,4,0.25,0,0,1,1,,prior,conflicting,1.0,"Drug-8 targets ABCG2, but its association with Acute HCV pediatric is unclear due to conflicting evidence and lack of direct connections.",0.125,1.75
3,Acute HCV pediatric,biokg,kg,llama3.1:8b,1,8,C,7,0.14285714285714285,0,0,0,1,,kg,conflicting,1.0,"Drug-8 targets ABCG2 and CP3A5, but the knowledge graph also mentions associations with Acute HCV pediatric through pathways that don't strongly support repurposing.",0.5,2.25
3,Oral tablet formulation for weight management,biokg,kg,llama3.1:8b,0,8,H,1,1.0,1,1,1,1,,both,consistent,4.0,"Drug-8 targets GLP1R and LIPL, which are involved in thermogenesis and lipolysis.",0.5,3.625
3,Oral tablet formulation for weight management,biokg,kg,llama3.1:8b,1,8,H,1,1.0,1,1,1,1,,both,consistent,5.0,"Drug-8 targets GLP1R and DPP4, which are involved in glucose metabolism and could potentially impact weight management.",0.625,2.5
3,Nephrotic syndrome,biokg,kg,llama3.1:8b,0,8,E,3,0.3333333333333333,0,1,1,1,,prior,insufficient,5.0,"Given Drug-1's mechanism as a CD20 inhibitor, it may not be directly relevant to Nephrotic syndrome, but its immunosuppressive effects could indirectly benefit the disease.",0.875,2.375
3,Nephrotic syndrome,biokg,kg,llama3.1:8b,1,8,C,3,0.3333333333333333,0,1,1,1,,prior,insufficient,2.0,"Drug-1 targets CD20, but there is no established link between CD20 and nephrotic syndrome.",0.0,1.875
3,KRAS G12C+ mCRC,biokg,kg,llama3.1:8b,0,8,C,5,0.2,0,0,1,1,,kg,insufficient,3.0,"RASK is not a well-established target in cancer research, and its connection to KRAS G12C+ mCRC is unclear.",0.875,2.625
3,KRAS G12C+ mCRC,biokg,kg,llama3.1:8b,1,8,H,1,1.0,1,1,1,1,,kg,consistent,4.0,"Drug-8 targets RASK, but the knowledge graph is sparse on this association.",1.0,1.75
3,Retinal vein occlusion,biokg,kg,llama3.1:8b,0,8,H,8,0.125,0,0,0,1,,kg,insufficient,1.0,No evidence provided for Drug-8,0.75,2.5
3,Retinal vein occlusion,biokg,kg,llama3.1:8b,1,8,G,8,0.125,0,0,0,1,,uncertain,insufficient,1.0,No information available for Drug-8.,0.75,2.125
3,TRD monotherapy,biokg,kg,llama3.1:8b,0,8,A,2,0.5,0,1,1,1,,kg,consistent,4.0,"Drug-8 modulates the N-Metyl-D-aspartic acid receptor antagonists pathway, which has some mechanistic connection to TRD monotherapy.",0.875,2.25
3,TRD monotherapy,biokg,kg,llama3.1:8b,1,8,A,3,0.3333333333333333,0,1,1,1,,both,consistent,2.0,"The association of Drug-8 with NMDA receptor antagonism is relevant to depression treatment, but the indirectness and specificity of some other associations raise concerns.",0.625,2.375
3,Reduce MACE in CVD + obesity/overweight,biokg,kg,llama3.1:8b,0,8,H,1,1.0,1,1,1,1,,prior,insufficient,4.0,GLP1R targetability aligns with pharmacological knowledge of GLP1 receptor agonists' cardiovascular benefits.,0.5,1.875
3,Reduce MACE in CVD + obesity/overweight,biokg,kg,llama3.1:8b,1,8,D,1,1.0,1,1,1,1,,both,consistent,4.0,"Drug-8 targets GLP1R, which is relevant to obesity/overweight, and has other metabolic pathway associations.",0.625,2.0
3,Indolent systemic mastocytosis (EMA),biokg,kg,llama3.1:8b,0,8,C,1,1.0,1,1,1,1,,both,consistent,5.0,"Drug-8 targets KIT, which is a known driver mutation in indolent systemic mastocytosis (ISM)",0.375,2.375
3,Indolent systemic mastocytosis (EMA),biokg,kg,llama3.1:8b,1,8,B,1,1.0,1,1,1,1,,both,consistent,4.0,"Drug-8 targets KIT, which is known to be involved in mast cell proliferation and survival.",0.625,2.125
3,IgG4-related disease,biokg,kg,llama3.1:8b,0,8,E,1,1.0,1,1,1,1,,kg,consistent,5.0,"Drug-8 targets CD19, which is a potential therapeutic target for IgG4-related disease.",1.0,2.25
3,IgG4-related disease,biokg,kg,llama3.1:8b,1,8,H,7,0.14285714285714285,0,0,0,1,,kg,insufficient,1.0,"The KG only reports that Drug-8 targets CD19, which is a B-cell surface receptor and may not be directly relevant to IgG4-related disease.",0.75,1.875
3,COVID-19 (expanded population),biokg,kg,llama3.1:8b,0,8,D,2,0.5,0,1,1,1,,both,consistent,4.0,"Drug-8 targets MRP4, which is involved in the transport of pro-inflammatory cytokines, making it a plausible candidate for COVID-19 treatment.",0.625,2.0
3,COVID-19 (expanded population),biokg,kg,llama3.1:8b,1,8,E,1,1.0,1,1,1,1,,both,consistent,4.0,"Drug-8 targets MRP4 and NTCP, which are involved in the immune response.",0.625,2.375
3,Obstructive sleep apnea with obesity,biokg,kg,llama3.1:8b,0,8,D,6,0.16666666666666666,0,0,0,1,,prior,insufficient,1.0,There is no clear connection between this drug and the disease or its associated genes.,0.5,3.125
3,Obstructive sleep apnea with obesity,biokg,kg,llama3.1:8b,1,8,C,5,0.2,0,0,1,1,,prior,insufficient,2.0,"No direct evidence links Drug-3 to EDNRA or related pathways, but it modulates Ferroptosis and Sorafenib Metabolism Pathway, which may be relevant.",0.625,1.75
3,Biliary tract cancer 1L,biokg,kg,llama3.1:8b,0,8,G,3,0.3333333333333333,0,1,1,1,,kg,consistent,2.0,"Drug-8 targets PD1L1 and CD80, which are involved in immune checkpoint regulation, potentially relevant to cancer treatment.",0.875,2.125
3,Biliary tract cancer 1L,biokg,kg,llama3.1:8b,1,8,G,6,0.16666666666666666,0,0,0,1,,kg,insufficient,1.0,PD1L1 and CD80 targets are unrelated to biliary tract cancer or protein kinases inhibition,0.75,2.75
3,Retinal vein occlusion,biokg,kg,llama3.1:8b,0,8,E,7,0.14285714285714285,0,0,0,1,,prior,conflicting,4.0,"While there's no direct evidence linking Drug-8 to Retinal Vein Occlusion, it targets various proteins and may have a plausible mechanism based on prior knowledge.",0.75,2.625
3,Retinal vein occlusion,biokg,kg,llama3.1:8b,1,8,E,5,0.2,0,0,1,1,,kg,insufficient,2.0,There is no direct evidence linking Drug-8 to the disease; further investigation is needed.,0.75,2.125
3,Chorea associated with Huntington's disease,biokg,kg,llama3.1:8b,0,8,G,7,0.14285714285714285,0,0,0,1,,kg,insufficient,1.0,"Drug-6 targets CP3A5, CP2D6, and CP3A4, but this does not provide a clear mechanistic link to the disease.",0.625,2.25
3,Chorea associated with Huntington's disease,biokg,kg,llama3.1:8b,1,8,F,3,0.3333333333333333,0,1,1,1,,kg,consistent,2.0,"Drug-6 targets CP3A4, which is involved in the metabolism of certain drugs and could potentially interact with disease-related pathways.",1.0,1.875
3,High LDL-C with increased CV risk (expanded),biokg,kg,llama3.1:8b,0,8,E,5,0.2,0,0,1,1,,prior,insufficient,1.0,No direct connections to disease-related genes or pathways are provided in the knowledge graph,0.0,1.875
3,High LDL-C with increased CV risk (expanded),biokg,kg,llama3.1:8b,1,8,B,6,0.16666666666666666,0,0,0,1,,prior,insufficient,1.0,No clear connection between Drug-8 and High LDL-C with increased CV risk (expanded).,0.7142857142857143,2.5714285714285716
3,Polycythaemia vera and essential thrombocytopenia,biokg,kg,llama3.1:8b,0,8,E,2,0.5,0,1,1,1,,kg,insufficient,3.0,"Targets INAR1 and INAR2, but no direct association with JAK2 or other relevant genes/pathways.",0.375,1.875
3,Polycythaemia vera and essential thrombocytopenia,biokg,kg,llama3.1:8b,1,8,E,5,0.2,0,0,1,1,,prior,insufficient,2.0,Drug-1's targets do not show any association with JAK2 or other relevant genes.,0.125,2.625
3,Schnitzler syndrome (Japan),biokg,kg,llama3.1:8b,0,8,B,1,1.0,1,1,1,1,,kg,consistent,5.0,"Drug-6 targets IL1B, which is directly related to the disease's genetic association with IL1RA.",0.25,2.25
3,Schnitzler syndrome (Japan),biokg,kg,llama3.1:8b,1,8,D,1,1.0,1,1,1,1,,both,consistent,5.0,"Drug-6 targets IL1B, which is a key regulator of inflammation associated with Schnitzler syndrome.",0.125,2.125
3,COVID-19 updated strain,biokg,kg,llama3.1:8b,0,8,C,6,0.16666666666666666,0,0,0,1,,kg,conflicting,2.0,"The knowledge graph links Drug-2 to several pathways and targets; however, some of these associations conflict with known pharmacology or lack relevance to COVID-19.",0.625,2.875
3,COVID-19 updated strain,biokg,kg,llama3.1:8b,1,8,C,5,0.2,0,0,1,1,,prior,insufficient,2.0,No relevant evidence provided for Drug-3 or COVID-19; its target TY3H is unknown in this context.,0.625,2.375
3,Delay T1D onset in children ≥1yr,biokg,kg,llama3.1:8b,0,8,G,7,0.14285714285714285,0,0,0,1,,prior,insufficient,1.0,No relevant information is available for Drug-7.,0.75,2.625
3,Delay T1D onset in children ≥1yr,biokg,kg,llama3.1:8b,1,8,A,3,0.3333333333333333,0,1,1,1,,prior,insufficient,2.0,"Phenindione Action Pathway is not directly related to T1D onset, based on prior pharmacological knowledge.",0.875,2.25
3,"mCRC BRAF V600E (traditional approval, was accelerated)",biokg,kg,llama3.1:8b,0,8,C,1,1.0,1,1,1,1,,both,consistent,4.0,"Drug-5 targets BRAF, which is a key oncogene in mCRC with the V600E mutation.",0.875,2.0
3,"mCRC BRAF V600E (traditional approval, was accelerated)",biokg,kg,llama3.1:8b,1,8,E,1,1.0,1,1,1,1,,both,consistent,5.0,"Drug-5 targets BRAF, which is directly implicated in mCRC BRAF V600E.",0.875,2.375
3,Diabetic retinopathy/DME (EMA Mar+May 2026),biokg,kg,llama3.1:8b,0,8,H,8,0.125,0,0,0,1,,prior,insufficient,1.0,No information is available for Drug-8 in the knowledge graph or pharmacological knowledge.,0.625,2.375
3,Diabetic retinopathy/DME (EMA Mar+May 2026),biokg,kg,llama3.1:8b,1,8,G,7,0.14285714285714285,0,0,0,1,,kg,insufficient,2.0,No relevant evidence found for Drug-8.,0.75,3.0
3,Cerebral folate transport deficiency,biokg,kg,llama3.1:8b,0,8,H,4,0.25,0,0,1,1,,prior,insufficient,2.0,The target SYLM has no established connection to cerebral folate transport deficiency or related pathways.,0.75,2.25
3,Cerebral folate transport deficiency,biokg,kg,llama3.1:8b,1,8,F,5,0.2,0,0,1,1,,kg,conflicting,4.0,"Drug-1 modulates several antibiotic action pathways and targets various proteins; while some of these are related to cell transport, the knowledge graph evidence is sparse and conflicts with my prior knowledge that these drugs are primarily used for treating bacterial infections.",0.625,2.375
3,Heart failure (broadened),biokg,kg,llama3.1:8b,0,8,H,3,0.3333333333333333,0,1,1,1,,kg,consistent,2.0,Drug-4 modulates an antidiabetic pathway and targets some proteins involved in cardiovascular function.,0.5,1.875
3,Heart failure (broadened),biokg,kg,llama3.1:8b,1,8,H,4,0.25,0,0,1,1,,kg,consistent,2.0,"Targeting CP1A2 is plausible for heart failure given its involvement in lipid metabolism, but other targets are less clear",0.625,2.5
3,Acquired hypofibrinogenemia in cardiovascular surgery,biokg,kg,llama3.1:8b,0,8,G,7,0.14285714285714285,0,0,0,1,,kg,insufficient,1.0,No information was provided for Drug-7; its ranking is based solely on the absence of any evidence or rationale.,0.875,1.75
3,Acquired hypofibrinogenemia in cardiovascular surgery,biokg,kg,llama3.1:8b,1,8,G,7,0.14285714285714285,0,0,0,1,,uncertain,insufficient,,,0.625,2.0
3,COPD,biokg,kg,llama3.1:8b,0,8,B,3,0.3333333333333333,0,1,1,1,,kg,insufficient,3.0,No direct association between IL4RA and COPD is provided in the knowledge graph.,0.75,2.25
3,COPD,biokg,kg,llama3.1:8b,1,8,E,2,0.5,0,1,1,1,,kg,consistent,5.0,"Drug-8 targets IL4RA, which is involved in the regulation of inflammation and may be relevant to COPD.",0.5,2.75
3,Chronic hepatitis B (pediatric),biokg,kg,llama3.1:8b,0,8,A,3,0.3333333333333333,0,1,1,1,,kg,insufficient,2.0,There's no clear link between Drug-6's targets and Chronic hepatitis B based on the provided evidence.,0.875,3.5
3,Chronic hepatitis B (pediatric),biokg,kg,llama3.1:8b,1,8,E,2,0.5,0,1,1,1,,kg,insufficient,3.0,"Drug-6 targets multiple proteins, but none are directly linked to Chronic hepatitis B (pediatric) in the knowledge graph.",0.5,1.875
3,HoFH pediatric (EMA),biokg,kg,llama3.1:8b,0,8,G,7,0.14285714285714285,0,0,0,1,,prior,insufficient,5.0,"Based on pharmacological knowledge, it's unlikely that Drug-8 is relevant to HoFH pediatric.",0.625,3.25
3,HoFH pediatric (EMA),biokg,kg,llama3.1:8b,1,8,B,3,0.3333333333333333,0,1,1,1,,prior,insufficient,2.0,There is no clear connection between Drug-8 and the disease or its associated gene ARH based on available information.,0.375,2.375
3,HR+/HER2- breast cancer,biokg,kg,llama3.1:8b,0,8,E,2,0.5,0,1,1,1,,kg,consistent,4.0,"Drug-8 targets TOP1, which is a known target in breast cancer treatment.",0.875,3.125
3,HR+/HER2- breast cancer,biokg,kg,llama3.1:8b,1,8,A,1,1.0,1,1,1,1,,both,consistent,4.0,"Drug-8 targets TACD2 and FUBP1, which are involved in the regulation of cell cycle progression, a key aspect of HR+/HER2- breast cancer.",0.75,3.25
3,Retinopathy of prematurity,biokg,kg,llama3.1:8b,0,8,D,1,1.0,1,1,1,1,,both,consistent,4.0,"Drug-7 targets VEGFA and PLGF, which are associated with Retinopathy of prematurity.",0.625,1.875
3,Retinopathy of prematurity,biokg,kg,llama3.1:8b,1,8,D,1,1.0,1,1,1,1,,prior,insufficient,3.0,"Drug-7 targets VEGF family proteins, which are involved in angiogenesis and could be relevant to Retinopathy of Prematurity.",0.25,2.25
3,Agitation associated with Alzheimer's dementia,biokg,kg,llama3.1:8b,0,8,G,1,1.0,1,1,1,1,,prior,insufficient,3.0,"Given Drug-7's involvement with histamine pathways, it has some potential as a modulator of immune responses relevant to Alzheimer's disease.",0.875,2.375
3,Agitation associated with Alzheimer's dementia,biokg,kg,llama3.1:8b,1,8,H,8,0.125,0,0,0,1,,kg,conflicting,2.0,"Drug-3's targets (PGRC1 and NCF4) are associated with a different pathway (N-Metyl-D-aspartic acid receptor antagonists), conflicting with the disease profile of agitation in Alzheimer's dementia.",0.75,2.25
3,Heterozygous familial hypercholesterolemia,biokg,kg,llama3.1:8b,0,8,F,1,1.0,1,1,1,1,,both,consistent,5.0,"Drug-5 targets PCSK9, a protein associated with Heterozygous familial hypercholesterolemia.",0.625,2.875
3,Heterozygous familial hypercholesterolemia,biokg,kg,llama3.1:8b,1,8,F,6,0.16666666666666666,0,0,0,1,,prior,insufficient,1.0,"Drug-5 is a duplicate of an already ranked candidate (G), so it will not be considered separately in the ranking.",0.625,2.25
3,Indolent systemic mastocytosis,biokg,kg,llama3.1:8b,0,8,G,1,1.0,1,1,1,1,,both,consistent,5.0,"Drug-8 targets KIT, which has known associations with mast cell diseases.",0.375,3.375
3,Indolent systemic mastocytosis,biokg,kg,llama3.1:8b,1,8,D,1,1.0,1,1,1,1,,both,consistent,4.0,"Drug-8 targets KIT, a key driver in Indolent systemic mastocytosis",0.75,2.0
3,Juvenile idiopathic arthritis (EMA Feb 2026),biokg,kg,llama3.1:8b,0,8,C,2,0.5,0,1,1,1,,kg,consistent,3.0,"Drug-6 targets JAK1 and JAK3, which are involved in inflammatory responses, but the evidence is not as strong as for Drug-4.",1.0,2.375
3,Juvenile idiopathic arthritis (EMA Feb 2026),biokg,kg,llama3.1:8b,1,8,F,3,0.3333333333333333,0,1,1,1,,both,consistent,4.0,"Drug-6 targets JAK3 and JAK1, which are involved in the inflammatory response and could be relevant to JIA.",0.75,3.125
3,Invasive fungal infections pediatric ≥2yr,biokg,kg,llama3.1:8b,0,8,C,1,1.0,1,1,1,1,,kg,consistent,5.0,"Drug-5 modulates the antifungal agents pathway, which is directly related to treating fungal infections.",0.75,2.0
3,Invasive fungal infections pediatric ≥2yr,biokg,kg,llama3.1:8b,1,8,F,1,1.0,1,1,1,1,,both,consistent,4.0,"Drug-5 modulates pathway Antifungal agents, targeting MDR1 and CP3A4, both involved in fungal resistance.",0.625,1.875
3,PKU expanded to ≥12yr,biokg,kg,llama3.1:8b,0,8,B,4,0.25,0,0,1,1,,prior,insufficient,2.0,No direct association between Drug-7 and the disease-related genes or pathways was found.,0.75,1.875
3,PKU expanded to ≥12yr,biokg,kg,llama3.1:8b,1,8,B,3,0.3333333333333333,0,1,1,1,,kg,conflicting,2.0,"Drug-3 targets various CYP enzymes, but its relevance to PKU is unclear.",0.625,2.0
3,HR+/HER2-low breast cancer,biokg,kg,llama3.1:8b,0,8,G,8,0.125,0,0,0,1,,kg,insufficient,1.0,No clear mechanistic link was found between Drug-8's targets and HR+/HER2-low breast cancer.,0.625,2.625
3,HR+/HER2-low breast cancer,biokg,kg,llama3.1:8b,1,8,A,8,0.125,0,0,0,1,,kg,insufficient,1.0,"The targets of Drug-8 (LYAG, CATL1) are involved in various cellular processes, but there is no clear link to HR+/HER2-low breast cancer.",0.875,2.25
3,Spinal muscular atrophy (pediatric expansion),biokg,kg,llama3.1:8b,0,8,H,8,0.125,0,0,0,1,,prior,insufficient,1.0,No relevant information was found in the knowledge graph for Drug-8.,0.75,2.25
3,Spinal muscular atrophy (pediatric expansion),biokg,kg,llama3.1:8b,1,8,B,1,1.0,1,1,1,1,,kg,consistent,5.0,"Drug-8's association with the folate metabolism pathway could be relevant to SMA, as it involves a genetic defect leading to reduced expression of the survival motor neuron protein.",0.875,2.625
3,Chronic kidney disease,biokg,kg,llama3.1:8b,0,8,B,2,0.5,0,1,1,1,,kg,insufficient,3.0,"Drug-5 targets SC5A2 and UD18, but the relevance of these targets to chronic kidney disease is unclear.",0.5,2.375
3,Chronic kidney disease,biokg,kg,llama3.1:8b,1,8,F,2,0.5,0,1,1,1,,prior,insufficient,3.0,"While Drug-5 targets several transporters and enzymes, there's no clear connection to Chronic Kidney Disease in the knowledge graph or my pharmacological knowledge.",0.625,2.0
3,IgE-mediated food allergy,biokg,kg,llama3.1:8b,0,8,E,1,1.0,1,1,1,1,,kg,consistent,5.0,"Drug-1 targets FCERB, which is a key player in IgE-mediated allergic reactions.",1.0,2.375
3,IgE-mediated food allergy,biokg,kg,llama3.1:8b,1,8,H,1,1.0,1,1,1,1,,prior,insufficient,4.0,"Drug-1 targets FCERB and FCERA, which are involved in the allergic response.",0.75,2.125
3,Measles prophylaxis post-exposure,biokg,kg,llama3.1:8b,0,8,E,3,0.3333333333333333,0,1,1,1,,kg,insufficient,2.0,"Drug-1 targets immunoglobulins, which could be related to measles prophylaxis post-exposure.",0.5,1.875
3,Measles prophylaxis post-exposure,biokg,kg,llama3.1:8b,1,8,A,7,0.14285714285714285,0,0,0,1,,both,consistent,5.0,Drug-1 targets FCGRB and FCG2C which are associated with measles (Measles pathway) making it a potential candidate for measles prophylaxis post-exposure.,0.5,2.5
3,CKD in T2D,biokg,kg,llama3.1:8b,0,8,E,1,1.0,1,1,1,1,,both,consistent,5.0,"Drug-8 targets GLP1R, which is associated with CKD in T2D through pathways related to glucose and lipid metabolism.",0.5,1.875
3,CKD in T2D,biokg,kg,llama3.1:8b,1,8,A,1,1.0,1,1,1,1,,both,consistent,4.0,"Drug-8 targets GLP1R and LIPL, which could plausibly impact glucose metabolism and kidney function.",0.25,2.0
3,dMMR recurrent/advanced endometrial cancer,biokg,kg,llama3.1:8b,0,8,F,6,0.16666666666666666,0,0,0,1,,prior,insufficient,1.0,No evidence is available for Drug-8.,0.625,1.5
3,dMMR recurrent/advanced endometrial cancer,biokg,kg,llama3.1:8b,1,8,G,8,0.125,0,0,0,1,,kg,insufficient,1.0,"Drug-6 targets several transporters and MDR1; however, its relevance to dMMR endometrial cancer is uncertain.",0.75,2.875
3,ILD-associated pulmonary hypertension,biokg,kg,llama3.1:8b,0,8,A,4,0.25,0,0,1,1,,prior,insufficient,3.0,"Drug-3 targets PI2R and P2Y12, but their relevance to ILD-associated pulmonary hypertension is unclear.",0.25,3.625
3,ILD-associated pulmonary hypertension,biokg,kg,llama3.1:8b,1,8,B,6,0.16666666666666666,0,0,0,1,,prior,conflicting,1.0,"Drug-3 targets CP2C9, but also targets PI2R and P2Y12, which are not directly related to ILD-associated pulmonary hypertension; this conflicts with pharmacological knowledge.",0.25,2.125
3,Crohn's disease,biokg,kg,llama3.1:8b,0,8,D,1,1.0,1,1,1,1,,both,consistent,4.0,Target JAK1 is associated with the NOD-like receptor signaling pathway relevant to Crohn's disease.,0.75,1.75
3,Crohn's disease,biokg,kg,llama3.1:8b,1,8,D,1,1.0,1,1,1,1,,both,consistent,4.0,"Drug-8 targets JAK1, which is relevant to the JAK-STAT signaling pathway associated with Crohn's disease.",0.625,2.5
3,COVID-19 in severe renal impairment/dialysis,biokg,kg,llama3.1:8b,0,8,H,8,0.125,0,0,0,1,,kg,conflicting,2.0,"Drug-8 targets various transporters, but its relevance to COVID-19 and severe renal impairment/dialysis is uncertain due to conflicting evidence.",0.875,2.875
3,COVID-19 in severe renal impairment/dialysis,biokg,kg,llama3.1:8b,1,8,F,4,0.25,0,0,1,1,,kg,insufficient,2.0,"The knowledge graph links Drug-8 to various transporters, but these are not directly relevant to COVID-19 or severe renal impairment.",0.875,2.0
3,MASH with fibrosis,biokg,kg,llama3.1:8b,0,8,D,1,1.0,1,1,1,1,,both,consistent,4.0,"Drug-8 targets NEP (neutral endopeptidase), which has been implicated in fibrosis pathogenesis.",0.75,2.875
3,MASH with fibrosis,biokg,kg,llama3.1:8b,1,8,E,8,0.125,0,0,0,1,,kg,insufficient,1.0,The targets of Drug-8 are primarily associated with metabolic pathways and do not directly relate to fibrosis.,0.875,1.875
3,Urothelial carcinoma (expanded population),biokg,kg,llama3.1:8b,0,8,E,7,0.14285714285714285,0,0,0,1,,prior,insufficient,1.0,The targets NECT4 and MDR1 of Drug-8 are not directly related to urothelial carcinoma,0.5,1.875
3,Urothelial carcinoma (expanded population),biokg,kg,llama3.1:8b,1,8,B,6,0.16666666666666666,0,0,0,1,,kg,insufficient,2.0,"The targets of Drug-8 (NECT4 and CP3A4) are somewhat relevant to cancer, but the associations are not strong.",0.875,2.5
3,Chronic thromboembolic pulmonary hypertension,biokg,kg,llama3.1:8b,0,8,E,2,0.5,0,1,1,1,,both,consistent,5.0,"Drug-7 modulates pathway Antithrombosis agents, which is related to the disease's vascular component.",0.875,2.5
3,Chronic thromboembolic pulmonary hypertension,biokg,kg,llama3.1:8b,1,8,H,1,1.0,1,1,1,1,,kg,consistent,4.0,"Drug-7 modulates pathway Antithrombosis agents, which is relevant to thromboembolic pulmonary hypertension.",0.875,1.75
3,Crohn's disease,biokg,kg,llama3.1:8b,0,8,D,1,1.0,1,1,1,1,,kg,consistent,4.0,"Drug-8 targets IL23A, which is associated with Crohn's disease.",0.875,2.375
3,Crohn's disease,biokg,kg,llama3.1:8b,1,8,F,1,1.0,1,1,1,1,,kg,consistent,5.0,"Drug-8 targets IL23A, which is involved in inflammatory bowel disease pathogenesis.",0.375,2.375
3,HoFH in children,biokg,kg,llama3.1:8b,0,8,E,2,0.5,0,1,1,1,,prior,insufficient,5.0,GBR-related targets are associated with other diseases but lack direct connection to HoFH in children.,0.375,2.875
3,HoFH in children,biokg,kg,llama3.1:8b,1,8,B,5,0.2,0,0,1,1,,prior,insufficient,1.0,No clear connection between the targets of Drug-8 and HoFH or lipid metabolism pathways,0.375,2.375
3,First-line anemia in lower-risk MDS,biokg,kg,llama3.1:8b,0,8,E,8,0.125,0,0,0,1,,uncertain,insufficient,1.0,No evidence available.,0.375,2.625
3,First-line anemia in lower-risk MDS,biokg,kg,llama3.1:8b,1,8,B,5,0.2,0,0,1,1,,prior,insufficient,2.0,"Prior knowledge suggests that modulators of the renin-angiotensin system may be relevant to anemia treatment, but this is not directly supported by the knowledge graph.",0.75,2.125
3,Generalized myasthenia gravis,biokg,kg,llama3.1:8b,0,8,D,6,0.16666666666666666,0,0,0,1,,kg,consistent,4.0,"Drug-8 targets CD19, a protein associated with B-cell differentiation and potentially relevant in autoimmune diseases like myasthenia gravis.",0.5,2.75
3,Generalized myasthenia gravis,biokg,kg,llama3.1:8b,1,8,G,7,0.14285714285714285,0,0,0,1,,kg,insufficient,2.0,"Drug-8 targets CD19, which is not directly related to the disease.",1.0,2.142857142857143
3,Acquired hypothalamic obesity,biokg,kg,llama3.1:8b,0,8,F,8,0.125,0,0,0,1,,prior,insufficient,1.0,No clear evidence links Drug-7 to relevant pathways or targets for Acquired Hypothalamic Obesity based on prior knowledge.,0.5,2.375
3,Acquired hypothalamic obesity,biokg,kg,llama3.1:8b,1,8,E,6,0.16666666666666666,0,0,0,1,,kg,insufficient,1.0,Unclear how Drug-7's targets relate to acquired hypothalamic obesity.,0.875,2.125
3,HR+/HER2- node-positive high-risk early breast cancer,biokg,kg,llama3.1:8b,0,8,F,7,0.14285714285714285,0,0,0,1,,kg,insufficient,2.0,"The targets CDK6 and CDK4 are relevant to breast cancer, but the knowledge graph's evidence is sparse.",0.75,2.625
3,HR+/HER2- node-positive high-risk early breast cancer,biokg,kg,llama3.1:8b,1,8,A,3,0.3333333333333333,0,1,1,1,,kg,insufficient,2.0,"Drug-8 targets multiple proteins, including CDK4 and CDK6, which are relevant to cell cycle regulation, but the overall relevance to breast cancer is uncertain.",0.875,1.875
3,EGPA,biokg,kg,llama3.1:8b,0,8,G,6,0.16666666666666666,0,0,0,1,,prior,insufficient,1.0,"No relevant evidence from knowledge graph; targets FCERB and FCERA, which are not directly linked to EGPA.",0.5,1.875
3,EGPA,biokg,kg,llama3.1:8b,1,8,D,4,0.25,0,0,1,1,,prior,insufficient,2.0,The FCERB target of Drug-1 is associated with allergic responses and could be relevant to EGPA,0.75,1.875
3,BRAF+ thyroid cancer,biokg,kg,llama3.1:8b,0,8,G,2,0.5,0,1,1,1,,kg,consistent,3.0,"Drug-7 targets S47A1 and S22AB, which are involved in the Hedgehog signaling pathway, but the evidence is not as strong as for Drug-5.",1.0,1.75
3,BRAF+ thyroid cancer,biokg,kg,llama3.1:8b,1,8,E,1,1.0,1,1,1,1,,both,consistent,4.0,"Drug-6 targets M3K1 and MP2K2, involved in cell signaling pathways relevant to thyroid cancer.",0.75,2.375
3,Giant cell arteritis,biokg,kg,llama3.1:8b,0,8,C,1,1.0,1,1,1,1,,prior,insufficient,4.0,Drug-3 targets multiple cytochrome P450 enzymes that are involved in inflammation regulation.,0.5,2.625
3,Giant cell arteritis,biokg,kg,llama3.1:8b,1,8,A,3,0.3333333333333333,0,1,1,1,,kg,insufficient,2.0,"Drug-8 targets several proteins and pathways, but none have a clear link to Giant cell arteritis or PTN22/DRB.",0.75,2.0
3,dMMR/MSI-H primary advanced endometrial cancer,biokg,kg,llama3.1:8b,0,8,G,7,0.14285714285714285,0,0,0,1,,kg,insufficient,1.0,"The knowledge graph links Drug-6 to several targets (MP2K2, MP2K1, CP2C8, and CP3A4), but none of them are associated with the disease.",0.75,1.875
3,dMMR/MSI-H primary advanced endometrial cancer,biokg,kg,llama3.1:8b,1,8,G,7,0.14285714285714285,0,0,0,1,,prior,insufficient,1.0,No relevant information is available for Drug-8; its ranking is based on lack of evidence rather than potential efficacy.,0.875,2.125
3,Polymyalgia rheumatica,biokg,kg,llama3.1:8b,0,8,C,2,0.5,0,1,1,1,,kg,consistent,3.0,"Drug-8 targets IL6RA, which is involved in inflammation; however, the target list is extensive and includes multiple pathways/pathways not directly related to polymyalgia rheumatica.",0.75,2.0
3,Polymyalgia rheumatica,biokg,kg,llama3.1:8b,1,8,H,8,0.125,0,0,0,1,,kg,conflicting,1.0,Targeting various cytokine receptors and enzymes may be unrelated to Polymyalgia rheumatica.,0.75,3.25
3,Ph+ CML-CP frontline (EMA Feb 2026),biokg,kg,llama3.1:8b,0,8,D,1,1.0,1,1,1,1,,both,insufficient,4.0,"The KG evidence shows Drug-4 targets ALBU and modulates sulfite metabolism pathways that are relevant to the disease, but no direct link is provided.",0.5,2.25
3,Ph+ CML-CP frontline (EMA Feb 2026),biokg,kg,llama3.1:8b,1,8,C,2,0.5,0,1,1,1,,kg,consistent,3.0,"Drug-2 modulates pathways related to retinoic acid receptors and vitamin A deficiency, which could be relevant for a disease with tyrosine kinase overexpression.",0.75,2.125
3,Allergic fungal rhinosinusitis (AFRS) ≥6yr,biokg,kg,llama3.1:8b,0,8,G,2,0.5,0,1,1,1,,kg,consistent,5.0,"Drug-8 targets IL4RA, which is involved in Th2 responses and may be relevant to the inflammatory processes in AFRS.",1.0,2.875
3,Allergic fungal rhinosinusitis (AFRS) ≥6yr,biokg,kg,llama3.1:8b,1,8,H,1,1.0,1,1,1,1,,both,consistent,5.0,"Drug-8 targets IL4RA, an essential component of the IL-4/IL-13 pathway.",0.75,2.625
3,RET-fusion NSCLC (expanded),biokg,kg,llama3.1:8b,0,8,B,1,1.0,1,1,1,1,,both,consistent,4.0,"Drug-8 targets RET directly, a key player in RET-fusion NSCLC.",0.75,2.0
3,RET-fusion NSCLC (expanded),biokg,kg,llama3.1:8b,1,8,G,1,1.0,1,1,1,1,,both,consistent,5.0,"Drug-8 targets RET, which is directly associated with the disease in the knowledge graph.",0.625,2.375
3,"Crohn's disease (moderate-severe, refractory)",biokg,kg,llama3.1:8b,0,8,E,1,1.0,1,1,1,1,,kg,consistent,5.0,"Drug-7 targets IL23A, which is relevant to Crohn's disease as it plays a role in the pathogenesis of inflammatory bowel diseases.",0.625,2.375
3,"Crohn's disease (moderate-severe, refractory)",biokg,kg,llama3.1:8b,1,8,C,1,1.0,1,1,1,1,,kg,consistent,4.0,"IL-23A is involved in Crohn's disease pathogenesis, and Drug-7 targets IL23A.",0.75,2.125
3,Follicular lymphoma,biokg,kg,llama3.1:8b,0,8,F,7,0.14285714285714285,0,0,0,1,,uncertain,insufficient,1.0,,0.75,1.875
3,Follicular lymphoma,biokg,kg,llama3.1:8b,1,8,B,3,0.3333333333333333,0,1,1,1,,kg,insufficient,2.0,No clear mechanistic links between Drug-8 and follicular lymphoma were found in the knowledge graph.,0.625,3.125
3,Atopic dermatitis,biokg,kg,llama3.1:8b,0,8,G,2,0.5,0,1,1,1,,kg,consistent,3.0,"Drug-7 targets JAK3, which is involved in the signaling pathways related to atopic dermatitis.",0.75,2.0
3,Atopic dermatitis,biokg,kg,llama3.1:8b,1,8,D,1,1.0,1,1,1,1,,both,consistent,4.0,"Drug-7 targets S22A8 and S22A6, which are associated with Atopic dermatitis (DOID:0110098) through the gene FILA.",0.875,1.875
3,1L biliary tract cancer (+gemcitabine+cisplatin),biokg,kg,llama3.1:8b,0,8,C,4,0.25,0,0,1,1,,prior,insufficient,3.0,PDCD1 is not strongly associated with the disease or pathways involved.,0.375,3.5
3,1L biliary tract cancer (+gemcitabine+cisplatin),biokg,kg,llama3.1:8b,1,8,E,5,0.2,0,0,1,1,,prior,insufficient,1.0,Lack of direct links to the disease or its associated genes makes it difficult to assess Drug-7's mechanistic plausibility.,0.625,2.0
3,IV formulation for rheumatic diseases (EMA),biokg,kg,llama3.1:8b,0,8,D,1,1.0,1,1,1,1,,both,consistent,4.0,"Drug-5 modulates the Antirheumatics - DMARDs and biological agents pathway, which is directly related to rheumatic diseases.",0.7142857142857143,2.4285714285714284
3,IV formulation for rheumatic diseases (EMA),biokg,kg,llama3.1:8b,1,8,A,1,1.0,1,1,1,1,,both,consistent,4.0,Targets IL17 and modulates Antirheumatics - DMARDs pathway,0.5,1.875
3,BRAF+ thyroid cancer,biokg,kg,llama3.1:8b,0,8,F,1,1.0,1,1,1,1,,both,consistent,5.0,"Drug-8 targets BRAF directly, a key driver of the disease.",0.5,1.875
3,BRAF+ thyroid cancer,biokg,kg,llama3.1:8b,1,8,B,1,1.0,1,1,1,1,,both,consistent,5.0,"Drug-8 targets BRAF, which is a key driver of this disease.",0.625,1.875
3,EGPA (expanded),biokg,kg,llama3.1:8b,0,8,B,3,0.3333333333333333,0,1,1,1,,both,consistent,4.0,"Targets IL5RA, which is associated with EGPA (expanded) via the knowledge graph and has a plausible mechanistic link to the disease.",0.5,2.75
3,EGPA (expanded),biokg,kg,llama3.1:8b,1,8,D,1,1.0,1,1,1,1,,both,consistent,4.0,"Drug-8 targets NR1I2 and modulates Macrolides and ketolides pathway, which could be relevant for EGPA given its association with gene IL10.",0.625,2.625
3,Pheochromocytoma/paraganglioma,biokg,kg,llama3.1:8b,0,8,D,3,0.3333333333333333,0,1,1,1,,kg,consistent,4.0,"Drug-8 targets EPAS1, which is a relevant target given the disease's association with hypoxia-inducible factors.",0.5,2.25
3,Pheochromocytoma/paraganglioma,biokg,kg,llama3.1:8b,1,8,D,3,0.3333333333333333,0,1,1,1,,prior,insufficient,5.0,"Given the lack of associations in the knowledge graph, Drug-8's targeting of EPAS1 is not directly linked to Pheochromocytoma/paraganglioma mechanisms.",0.75,3.375
3,Pediatric atopic dermatitis,biokg,kg,llama3.1:8b,0,8,D,3,0.3333333333333333,0,1,1,1,,kg,consistent,4.0,"Drug-8 targets SO1B1, which is part of the cytochrome P450 family involved in atopic dermatitis.",0.75,1.875
3,Pediatric atopic dermatitis,biokg,kg,llama3.1:8b,1,8,F,2,0.5,0,1,1,1,,kg,consistent,4.0,"Drug-8 targets JAK1 and CP3A4, which are involved in immune response and inflammation.",0.625,2.375
3,MSI-H/dMMR solid tumors (full approval conversion),biokg,kg,llama3.1:8b,0,8,D,3,0.3333333333333333,0,1,1,1,,prior,insufficient,2.0,No relevant targets or pathways are identified in the knowledge graph for Drug-6.,0.75,2.0
3,MSI-H/dMMR solid tumors (full approval conversion),biokg,kg,llama3.1:8b,1,8,B,3,0.3333333333333333,0,1,1,1,,kg,insufficient,2.0,"Drug-6 targets PDCD1, but its direct connection to MSI-H/dMMR solid tumors is unclear.",0.875,2.125
3,Psoriasis in children 6-11 (cream),biokg,kg,llama3.1:8b,0,8,A,6,0.16666666666666666,0,0,0,1,,kg,insufficient,3.0,The association between PDE4 targets and psoriasis genes is intriguing but requires further investigation,0.875,2.625
3,Psoriasis in children 6-11 (cream),biokg,kg,llama3.1:8b,1,8,D,1,1.0,1,1,1,1,,prior,insufficient,3.0,PDE4 inhibitors have been explored as a potential treatment for psoriasis.,0.625,2.875
3,Pancreatic NET,biokg,kg,llama3.1:8b,0,8,H,3,0.3333333333333333,0,1,1,1,,prior,insufficient,4.0,"Drug-5's targets involve pathways related to cancer treatment, but the specific relevance to Pancreatic NET is unclear without more context.",0.75,3.125
3,Pancreatic NET,biokg,kg,llama3.1:8b,1,8,E,1,1.0,1,1,1,1,,both,consistent,5.0,"Drug-5 targets MET and RET, both involved in tumor growth and proliferation.",0.75,1.875
3,Ulcerative colitis,biokg,kg,llama3.1:8b,0,8,C,3,0.3333333333333333,0,1,1,1,,kg,consistent,4.0,"Drug-8 targets IL23A and IL12B, which are involved in the immune response associated with Ulcerative colitis.",0.5,2.375
3,Ulcerative colitis,biokg,kg,llama3.1:8b,1,8,C,1,1.0,1,1,1,1,,kg,consistent,5.0,"Drug-8 targets IL23A, which is associated with Ulcerative Colitis through the Inflammatory bowel disease (IBD) pathway.",0.375,2.25
3,Gastric/GEJ adenocarcinoma (1L +chemo),biokg,kg,llama3.1:8b,0,8,E,3,0.3333333333333333,0,1,1,1,,prior,insufficient,4.0,"As CD80 is an immune checkpoint target, Drug-8 could potentially modulate the immune response against gastric/GEJ adenocarcinoma.",0.75,2.375
3,Gastric/GEJ adenocarcinoma (1L +chemo),biokg,kg,llama3.1:8b,1,8,B,2,0.5,0,1,1,1,,kg,insufficient,3.0,"The knowledge graph reports that Drug-8 targets PD1L1 and CD80, but there is no clear connection to gastric/GEJ adenocarcinoma.",0.875,2.0
3,Hidradenitis suppurativa,biokg,kg,llama3.1:8b,0,8,H,1,1.0,1,1,1,1,,prior,insufficient,5.0,"Based on my prior knowledge of immunomodulatory effects, Drug-7 (modulating pathway Antirheumatics - DMARDs and biological agents) has the most plausible mechanistic link to Hidradenitis suppurativa.",0.75,2.375
3,Hidradenitis suppurativa,biokg,kg,llama3.1:8b,1,8,H,1,1.0,1,1,1,1,,both,consistent,4.0,"Drug-7 targets IL17, which is involved in inflammatory responses and has a mechanistic link to Hidradenitis suppurativa.",0.625,2.0
3,Biliary tract cancer,biokg,kg,llama3.1:8b,0,8,H,8,0.125,0,0,0,1,,kg,insufficient,3.0,The target PDCD1 of Drug-6 is not linked to ELF3 or KAPCB in the knowledge graph.,0.75,2.25
3,Biliary tract cancer,biokg,kg,llama3.1:8b,1,8,C,4,0.25,0,0,1,1,,prior,insufficient,1.0,PDCD1 is not directly linked to Biliary tract cancer in the knowledge graph or my pharmacological knowledge,0.375,1.875
3,Antibody-mediated rejection in organ transplantation,biokg,kg,llama3.1:8b,0,8,D,1,1.0,1,1,1,1,,prior,insufficient,5.0,"Drug-1 targets CD20, which is a well-known B-cell marker and potential target for antibody-mediated rejection treatment.",0.5,3.0
3,Antibody-mediated rejection in organ transplantation,biokg,kg,llama3.1:8b,1,8,C,1,1.0,1,1,1,1,,prior,insufficient,5.0,"Drug-1 targets CD20, a B-cell surface receptor; its inhibition could suppress antibody production.",0.875,2.375
3,Neoadj+adj HNSCC,biokg,kg,llama3.1:8b,0,8,D,7,0.14285714285714285,0,0,0,1,,kg,insufficient,1.0,The knowledge graph only mentions that Drug-3 targets PDCD1; I couldn't find any direct connections to the disease-associated genes.,0.875,1.875
3,Neoadj+adj HNSCC,biokg,kg,llama3.1:8b,1,8,D,1,1.0,1,1,1,1,,prior,insufficient,5.0,"Drug-3 targets PDCD1, which is not directly associated with Neoadj+adj HNSCC in the knowledge graph, but its role in immune regulation suggests potential mechanistic plausibility.",0.625,3.0
3,Ulcerative colitis,biokg,kg,llama3.1:8b,0,8,B,1,1.0,1,1,1,1,,both,consistent,4.0,"Drug-7 targets IL23A, which is relevant to the JAK-STAT signaling pathway associated with ulcerative colitis.",0.875,2.0
3,Ulcerative colitis,biokg,kg,llama3.1:8b,1,8,E,1,1.0,1,1,1,1,,kg,consistent,5.0,"Drug-7 targets IL23A, a key cytokine involved in IBD.",0.125,2.375
3,dMMR/MSI-H primary advanced endometrial cancer (+chemo),biokg,kg,llama3.1:8b,0,8,F,8,0.125,0,0,0,1,,kg,insufficient,1.0,"Drug-5 targets several proteins involved in various pathways, but none of them are directly related to the disease.",0.625,2.375
3,dMMR/MSI-H primary advanced endometrial cancer (+chemo),biokg,kg,llama3.1:8b,1,8,A,8,0.125,0,0,0,1,,prior,insufficient,1.0,"No clear connection to endometrial cancer is established, and no relevant evidence from the knowledge graph exists.",0.75,2.125
3,GVHD + pediatric,biokg,kg,llama3.1:8b,0,8,B,1,1.0,1,1,1,1,,both,consistent,4.0,"Drug-5 targets JAK1 and JAK2, which are implicated in GVHD + pediatric through their association with IL17. The modulated pathway Antineoplastics - protein kinases inhibitors is also relevant to this disease.",0.625,1.75
3,GVHD + pediatric,biokg,kg,llama3.1:8b,1,8,D,1,1.0,1,1,1,1,,both,consistent,4.0,"Drug-5 targets JAK1 and JAK2, which are involved in GVHD + pediatric through IL17 signaling.",0.375,1.875
3,Gastric/GEJ adenocarcinoma,biokg,kg,llama3.1:8b,0,8,B,2,0.5,0,1,1,1,,kg,insufficient,3.0,"PD1L1 is a target of Drug-8, but its relevance to gastric adenocarcinoma is uncertain",0.75,2.25
3,Gastric/GEJ adenocarcinoma,biokg,kg,llama3.1:8b,1,8,E,1,1.0,1,1,1,1,,kg,consistent,4.0,"Drug-8 targets PD1L1 and CD80, which are involved in immune response regulation.",0.875,2.25
3,COPD (EMA 2025),biokg,kg,llama3.1:8b,0,8,E,7,0.14285714285714285,0,0,0,1,,prior,insufficient,3.0,IL4RA's role in immune responses may be relevant to COPD's inflammatory component.,0.5,2.125
3,COPD (EMA 2025),biokg,kg,llama3.1:8b,1,8,E,9,0.1111111111111111,0,0,0,1,,,,,,0.6666666666666666,2.8333333333333335
3,RAS wild-type HER2+ metastatic colorectal cancer,biokg,kg,llama3.1:8b,0,8,D,2,0.5,0,1,1,1,,both,consistent,5.0,Several relevant targets including S22A2/5 suggest Drug-8 has a good mechanistic connection to the disease.,0.5,2.75
3,RAS wild-type HER2+ metastatic colorectal cancer,biokg,kg,llama3.1:8b,1,8,B,2,0.5,0,1,1,1,,both,consistent,5.0,"Targets ERBB3, a key receptor in HER2+ cancers",0.7142857142857143,2.857142857142857
3,Primary immunodeficiency pediatric (EMA),biokg,kg,llama3.1:8b,0,8,B,4,0.25,0,0,1,1,,kg,consistent,5.0,"The drug targets FCGRB and FCG2C, which are involved in immune function and may be relevant to the target disease.",0.75,2.875
3,Primary immunodeficiency pediatric (EMA),biokg,kg,llama3.1:8b,1,8,A,5,0.2,0,0,1,1,,kg,insufficient,2.0,"The targets FCGRB and FCG3B are related to immune system function, but the knowledge graph does not provide strong connections to primary immunodeficiency pediatric (EMA).",0.75,3.25
3,BRAF V600E metastatic NSCLC,biokg,kg,llama3.1:8b,0,8,D,1,1.0,1,1,1,1,,both,consistent,4.0,"Drug-7 targets BRAF, which is a key pathway in BRAF V600E metastatic NSCLC.",1.0,1.875
3,BRAF V600E metastatic NSCLC,biokg,kg,llama3.1:8b,1,8,G,1,1.0,1,1,1,1,,both,consistent,5.0,"Drug-7 targets BRAF, which is a key mutation in this disease.",0.75,2.0
3,CRSwNP (eosinophilic chronic rhinosinusitis with nasal polyps),biokg,kg,llama3.1:8b,0,8,H,8,0.125,0,0,0,1,,prior,insufficient,1.0,No information available on this candidate drug.,0.625,2.5
3,CRSwNP (eosinophilic chronic rhinosinusitis with nasal polyps),biokg,kg,llama3.1:8b,1,8,B,4,0.25,0,0,1,1,,prior,insufficient,2.0,"Some targets (ADT) are involved in inflammatory processes, but no direct evidence for a role in CRSwNP.",0.625,2.25
3,Pediatric glioma (EMA),biokg,kg,llama3.1:8b,0,8,G,7,0.14285714285714285,0,0,0,1,,kg,insufficient,2.0,"While Drug-7 targets several proteins involved in cell signaling, there is no clear connection to glioma development.",0.875,2.5
3,Pediatric glioma (EMA),biokg,kg,llama3.1:8b,1,8,C,2,0.5,0,1,1,1,,kg,insufficient,3.0,The knowledge graph does not provide sufficient evidence for Drug-7 to target a pathway related to Pediatric Glioma.,1.0,2.125
3,Primary humoral immunodeficiency pediatric 2-11yr,biokg,kg,llama3.1:8b,0,8,B,1,1.0,1,1,1,1,,both,consistent,4.0,"Drug-1 targets several Fc receptors involved in antibody-dependent cellular cytotoxicity and phagocytosis, which are relevant to humoral immunity.",0.875,2.75
3,Primary humoral immunodeficiency pediatric 2-11yr,biokg,kg,llama3.1:8b,1,8,C,7,0.14285714285714285,0,0,0,1,,kg,conflicting,2.0,"FCGRB targets are involved in immune regulation, but the evidence is sparse and conflicting with prior knowledge",0.75,2.5
3,"ALK+ solid tumors (tissue-agnostic, world-first)",biokg,kg,llama3.1:8b,0,8,H,1,1.0,1,1,1,1,,both,consistent,5.0,Targeting ALK directly as Drug-7 does has strong mechanistic plausibility.,0.875,2.125
3,"ALK+ solid tumors (tissue-agnostic, world-first)",biokg,kg,llama3.1:8b,1,8,B,1,1.0,1,1,1,1,,kg,consistent,5.0,"Drug-7 targets ALK, a key driver in ALK+ solid tumors.",0.875,1.875
3,Primary mediastinal large B-cell lymphoma,biokg,kg,llama3.1:8b,0,8,F,1,1.0,1,1,1,1,,both,consistent,5.0,PDCD1 inhibition is a plausible approach for treating lymphomas,0.875,2.875
3,Primary mediastinal large B-cell lymphoma,biokg,kg,llama3.1:8b,1,8,B,1,1.0,1,1,1,1,,kg,consistent,5.0,"Drug-5 targets PDCD1, which is relevant to lymphoma treatment.",1.0,2.375
3,HR+/HER2- metastatic breast cancer,biokg,kg,llama3.1:8b,0,8,B,4,0.25,0,0,1,1,,prior,insufficient,2.0,No clear connection between the targets of Drug-7 and HR+/HER2- metastatic breast cancer based on prior knowledge.,0.75,2.25
3,HR+/HER2- metastatic breast cancer,biokg,kg,llama3.1:8b,1,8,E,5,0.2,0,0,1,1,,kg,insufficient,3.0,Unclear targets and associations.,0.75,2.75
3,HER2+ early-stage BC (neoadjuvant + adjuvant),biokg,kg,llama3.1:8b,0,8,B,5,0.2,0,0,1,1,,kg,conflicting,2.0,"While some targets (LYAG, CATL1) are not directly linked to breast cancer, others (TOP1, MRP1) have roles in cancer; this conflicting evidence reduces confidence.",0.75,3.5
3,HER2+ early-stage BC (neoadjuvant + adjuvant),biokg,kg,llama3.1:8b,1,8,D,8,0.125,0,0,0,1,,kg,insufficient,1.0,No direct targets related to HER2+ BC are mentioned for Drug-8.,0.625,2.625
3,"Pediatric low-grade glioma (+dabrafenib, BRAF V600E)",biokg,kg,llama3.1:8b,0,8,D,4,0.25,0,0,1,1,,kg,insufficient,3.0,"While Drug-6 targets several proteins, none of them are directly linked to pediatric low-grade glioma or its associated pathways.",0.625,2.375
3,"Pediatric low-grade glioma (+dabrafenib, BRAF V600E)",biokg,kg,llama3.1:8b,1,8,E,3,0.3333333333333333,0,1,1,1,,both,conflicting,2.0,"Drug-6 targets ABCG2, which is associated with chemoresistance in glioma; however, the knowledge graph does not provide a clear connection to pediatric low-grade glioma.",0.75,1.875
3,mHSPC + ADT,biokg,kg,llama3.1:8b,0,8,F,4,0.25,0,0,1,1,,kg,insufficient,1.0,Drug-8's targets are not directly linked to the genes associated with mHSPC + ADT.,0.875,2.125
3,mHSPC + ADT,biokg,kg,llama3.1:8b,1,8,E,6,0.16666666666666666,0,0,0,1,,kg,conflicting,1.0,"The knowledge graph reports associations between Drug-8 and several targets, but these do not directly relate to mHSPC + ADT.",0.875,2.0
3,Pediatric BRAF V600E low-grade glioma,biokg,kg,llama3.1:8b,0,8,E,1,1.0,1,1,1,1,,both,consistent,5.0,Direct targeting of BRAF,0.625,3.0
3,Pediatric BRAF V600E low-grade glioma,biokg,kg,llama3.1:8b,1,8,B,1,1.0,1,1,1,1,,both,consistent,5.0,"Drug-6 targets BRAF directly, which is the mutated protein responsible for this disease.",0.625,2.0
3,HER2-mutant NSCLC (EMA),biokg,kg,llama3.1:8b,0,8,F,4,0.25,0,0,1,1,,kg,insufficient,3.0,"Drug-8 targets several genes and pathways, but none are directly associated with HER2-mutant NSCLC in the knowledge graph.",0.875,2.875
3,HER2-mutant NSCLC (EMA),biokg,kg,llama3.1:8b,1,8,A,3,0.3333333333333333,0,1,1,1,,kg,insufficient,2.0,"While Drug-8 targets various proteins, none are directly linked to the disease pathways or targets associated with HER2-mutant NSCLC",0.75,1.75
3,Ph+ CML-CP after 2+ TKIs,biokg,kg,llama3.1:8b,0,8,A,3,0.3333333333333333,0,1,1,1,,kg,insufficient,2.0,"Limited evidence is available for Drug-7's targets and pathways, making it difficult to assess its mechanistic plausibility.",1.0,1.875
3,Ph+ CML-CP after 2+ TKIs,biokg,kg,llama3.1:8b,1,8,B,8,0.125,0,0,0,1,,kg,insufficient,1.0,There is no relevant evidence for Drug-7 in the knowledge graph.,1.0,2.125
3,HR+/HER2- metastatic breast cancer,biokg,kg,llama3.1:8b,0,8,F,1,1.0,1,1,1,1,,both,consistent,5.0,"Drug-7 targets PARP2 and PARP1, relevant to HR+/HER2- metastatic breast cancer",0.875,3.125
3,HR+/HER2- metastatic breast cancer,biokg,kg,llama3.1:8b,1,8,H,1,1.0,1,1,1,1,,kg,consistent,5.0,"Drug-7 targets PARP2 and PARP1, which are relevant in breast cancer treatment.",0.5,2.375
3,HER2-mutant NSCLC (PMDA),biokg,kg,llama3.1:8b,0,8,B,4,0.25,0,0,1,1,,kg,insufficient,3.0,Some targets of Drug-8 have associations to lung cancer or related pathways but the evidence is limited and comes from multiple targets.,0.75,3.125
3,HER2-mutant NSCLC (PMDA),biokg,kg,llama3.1:8b,1,8,E,1,1.0,1,1,1,1,,both,consistent,4.0,"Drug-8 targets TOP1, which is involved in DNA replication and transcription, a critical process in NSCLC.",0.875,2.75
3,Follicular lymphoma (+obinutuzumab),biokg,kg,llama3.1:8b,0,8,G,6,0.16666666666666666,0,0,0,1,,kg,insufficient,2.0,"While Drug-8 targets several tyrosine kinases, there is no clear link to follicular lymphoma in the knowledge graph.",0.875,2.5
3,Follicular lymphoma (+obinutuzumab),biokg,kg,llama3.1:8b,1,8,B,4,0.25,0,0,1,1,,kg,insufficient,1.0,"Drug-8 targets several tyrosine kinases, but none have a well-established link to follicular lymphoma.",0.5,1.375
3,Platinum-resistant ovarian carcinoma (PD-L1+ CPS≥1),biokg,kg,llama3.1:8b,0,8,C,4,0.25,0,0,1,1,,kg,consistent,3.0,"Drug-6 targets PDCD1, which is relevant to PD-L1+ status in cancer",0.625,2.75
3,Platinum-resistant ovarian carcinoma (PD-L1+ CPS≥1),biokg,kg,llama3.1:8b,1,8,F,1,1.0,1,1,1,1,,kg,consistent,5.0,"Drug-6 targets PDCD1, which is relevant to the PD-L1+ CPS≥1 signature in Platinum-resistant ovarian carcinoma.",1.0,2.5
3,Resectable gastric/GEJ adenocarcinoma (neoadj+adj +FLOT),biokg,kg,llama3.1:8b,0,8,C,2,0.5,0,1,1,1,,kg,insufficient,3.0,"The provided evidence does not directly link Drug-7 to the target disease, but it targets PD1L1 and CD80, which are involved in immune response.",0.75,2.0
3,Resectable gastric/GEJ adenocarcinoma (neoadj+adj +FLOT),biokg,kg,llama3.1:8b,1,8,E,3,0.3333333333333333,0,1,1,1,,prior,insufficient,4.0,"PD-L1 inhibition is a promising strategy for immunotherapy in various cancers, including gastric cancer.",0.875,2.375
3,Advanced RCC after PD-1/PD-L1 + VEGF-TKI,biokg,kg,llama3.1:8b,0,8,C,3,0.3333333333333333,0,1,1,1,,kg,insufficient,2.0,"Drug-8 targets EPAS1, but its relevance to advanced RCC after PD-1/PD-L1 + VEGF-TKI is unclear.",0.875,1.875
3,Advanced RCC after PD-1/PD-L1 + VEGF-TKI,biokg,kg,llama3.1:8b,1,8,E,3,0.3333333333333333,0,1,1,1,,kg,insufficient,2.0,"The sole target listed for Drug-8 is EPAS1, which could be relevant to tumor angiogenesis.",0.75,2.625
3,HER2+ solid tumors (tumor-agnostic),biokg,kg,llama3.1:8b,0,8,E,5,0.2,0,0,1,1,,kg,insufficient,4.0,"Drug-8 targets various transporters and enzymes, but none of them have a clear link to HER2+ solid tumors.",0.625,3.375
3,HER2+ solid tumors (tumor-agnostic),biokg,kg,llama3.1:8b,1,8,F,2,0.5,0,1,1,1,,both,insufficient,3.0,"While Drug-8 targets several proteins, there is no clear connection to HER2+ solid tumors in the knowledge graph.",1.0,1.875
3,HR+/HER2- early breast cancer (adjuvant),biokg,kg,llama3.1:8b,0,8,G,1,1.0,1,1,1,1,,both,consistent,5.0,"Drug-5 targets CDK6 and CDK4, which are key regulators of cell cycle progression in cancer cells.",0.875,2.0
3,HR+/HER2- early breast cancer (adjuvant),biokg,kg,llama3.1:8b,1,8,G,8,0.125,0,0,0,1,,kg,insufficient,1.0,The knowledge graph does not provide sufficient information on Drug-7's mechanism of action to assess its plausibility.,0.875,1.875
3,Chronic lymphocytic leukemia,biokg,kg,llama3.1:8b,0,8,H,1,1.0,1,1,1,1,,kg,consistent,4.0,Drug-8 targets tyrosine kinases involved in cell signaling pathways.,0.875,2.875
3,Chronic lymphocytic leukemia,biokg,kg,llama3.1:8b,1,8,C,2,0.5,0,1,1,1,,kg,consistent,3.0,"Drug-8 targets ITK, which is associated with T-cell activation and proliferation, a relevant process in chronic lymphocytic leukemia.",0.5,2.1666666666666665
3,Unresectable thymic carcinoma (PMDA),biokg,kg,llama3.1:8b,0,8,G,1,1.0,1,1,1,1,,kg,consistent,4.0,"Drug-7 targets FGFR3 and BAP1, which are associated with Unresectable thymic carcinoma.",0.75,2.0
3,Unresectable thymic carcinoma (PMDA),biokg,kg,llama3.1:8b,1,8,A,6,0.16666666666666666,0,0,0,1,,kg,insufficient,2.0,"The knowledge graph reports that Drug-7 targets various FGFRs and RET, but these are not directly related to Unresectable thymic carcinoma.",0.375,2.5
3,IDH1-mutated relapsed/refractory MDS,biokg,kg,llama3.1:8b,0,8,A,4,0.25,0,0,1,1,,prior,insufficient,1.0,"The knowledge graph provides no associations between Drug-8 and the disease, but as an inhibitor of various transporters, it may have some effect on related pathways.",0.25,1.75
3,IDH1-mutated relapsed/refractory MDS,biokg,kg,llama3.1:8b,1,8,E,1,1.0,1,1,1,1,,both,consistent,4.0,"Drug-8 targets IDHC, which is directly associated with the disease through the knowledge graph and shares mechanistic pathways.",0.375,2.75
3,Metastatic colorectal cancer,biokg,kg,llama3.1:8b,0,8,F,5,0.2,0,0,1,1,,kg,insufficient,2.0,No clear mechanistic link to metastatic colorectal cancer was found in the knowledge graph.,0.625,2.625
3,Metastatic colorectal cancer,biokg,kg,llama3.1:8b,1,8,H,8,0.125,0,0,0,1,,kg,conflicting,1.0,Its targets are largely unrelated to the disease or have conflicting roles in other contexts.,0.625,1.875
