seed,disease,kg,condition,model,shuffle,pool_size,positive_letter,rank,reciprocal_rank,hit@1,hit@3,hit@5,parsed,error,pos_basis,pos_agreement,pos_confidence,pos_rationale,frac_basis_kg,mean_confidence
1,TRD monotherapy,none,no_kg,llama3.2:3b,0,8,F,5,0.2,0,0,1,1,,prior,insufficient,2.0,Prior knowledge of Drug-7's mechanism does not directly apply to TRD monotherapy.,0.7142857142857143,2.2857142857142856
1,TRD monotherapy,none,no_kg,llama3.2:3b,1,8,G,7,0.14285714285714285,0,0,0,1,,kg,insufficient,1.0,"Drug-7 has a reported association with TRD monotherapy in the knowledge graph, but no clear mechanistic link.",1.0,1.75
1,ILD-associated pulmonary hypertension,none,no_kg,llama3.2:3b,0,8,B,3,0.3333333333333333,0,1,1,1,,prior,insufficient,2.0,Prior knowledge as vasodilator but no direct evidence for IPAH.,0.625,2.25
1,ILD-associated pulmonary hypertension,none,no_kg,llama3.2:3b,1,8,F,4,0.25,0,0,1,1,,kg,conflicting,2.0,"Direct evidence linking Drug F to this disease is lacking, and its mechanism of action does not strongly suggest a role in pulmonary hypertension",0.625,2.375
1,Indolent systemic mastocytosis (EMA),none,no_kg,llama3.2:3b,0,8,C,6,0.16666666666666666,0,0,0,1,,kg,insufficient,1.0,Insufficient evidence; cannot rule out effectiveness.,1.0,2.0
1,Indolent systemic mastocytosis (EMA),none,no_kg,llama3.2:3b,1,8,F,5,0.2,0,0,1,1,,kg,insufficient,1.0,KG evidence for Drug-F is insufficient to support a link to EMA.,0.5714285714285714,1.8571428571428572
1,Hidradenitis suppurativa,none,no_kg,llama3.2:3b,0,8,C,4,0.25,0,0,1,1,,kg,conflicting,1.0,The drug's anti-inflammatory properties are not clear to be related to Hidradenitis suppurativa,0.625,1.75
1,Hidradenitis suppurativa,none,no_kg,llama3.2:3b,1,8,G,7,0.14285714285714285,0,0,0,1,,kg,insufficient,1.0,The mechanistic link between Drug-7 and the PKP pathway is unclear without further context or evidence linking these pathways to hidradenitis suppurativa.,0.875,1.875
1,Chronic hepatitis B (pediatric),none,no_kg,llama3.2:3b,0,8,F,5,0.2,0,0,1,1,,kg,insufficient,2.0,"The knowledge graph reports a potential association between Drug-6 and hepatitis B treatment, but this has not been extensively studied or validated by pharmacological evidence.",0.7142857142857143,2.2857142857142856
1,Chronic hepatitis B (pediatric),none,no_kg,llama3.2:3b,1,8,E,4,0.25,0,0,1,1,,,,,,,
1,HoFH pediatric (EMA),none,no_kg,llama3.2:3b,0,8,C,8,0.125,0,0,0,1,,prior,insufficient,1.0,"Drug-3 has been explored for its potential therapeutic effects on lipid metabolism, but direct evidence linking it to HoFH is currently lacking.",0.5,2.375
1,HoFH pediatric (EMA),none,no_kg,llama3.2:3b,1,8,H,7,0.14285714285714285,0,0,0,1,,prior,insufficient,2.0,"Although Drug-8 has been investigated for its effects on lipid metabolism, its specific application in HoFH pediatric is not well-established.",0.625,3.125
1,Nephrotic syndrome,none,no_kg,llama3.2:3b,0,8,G,1,1.0,1,1,1,1,,both,consistent,4.0,"Drug-1 has a mechanistic link to the pathway involved in Nephrotic syndrome, and prior knowledge suggests that drugs targeting this pathway may be effective.",0.75,1.75
1,Nephrotic syndrome,none,no_kg,llama3.2:3b,1,8,F,6,0.16666666666666666,0,0,0,1,,kg,insufficient,1.0,"Mechanistic link: Drug-1 -> fibrosis -> proteinuria, but no direct evidence to nephrotic syndrome",0.75,2.25
1,Follicular lymphoma,none,no_kg,llama3.2:3b,0,8,C,2,0.5,0,1,1,1,,both,consistent,3.0,Mechanistic plausibility through association with PI3K/AKT pathway.,0.625,1.875
1,Follicular lymphoma,none,no_kg,llama3.2:3b,1,8,A,3,0.3333333333333333,0,1,1,1,,prior,insufficient,2.0,Lack of clear anti-cancer properties or explicit connections to pathway relevant to follicular lymphoma via KG and prior knowledge,0.5,2.25
1,Retinal vein occlusion,none,no_kg,llama3.2:3b,0,8,C,4,0.25,0,0,1,1,,kg,insufficient,1.0,,0.875,1.75
1,Retinal vein occlusion,none,no_kg,llama3.2:3b,1,8,H,7,0.14285714285714285,0,0,0,1,,prior,insufficient,2.0,"No mechanistic links are provided for Drug-8, and its pharmacological mechanism is not clear from the knowledge graph.",0.2857142857142857,2.4285714285714284
1,Agitation associated with Alzheimer's dementia,none,no_kg,llama3.2:3b,0,8,B,4,0.25,0,0,1,1,,both,conflicting,3.0,"KG evidence supports dopamine pathway link, but mechanism is less clear",0.625,2.375
1,Agitation associated with Alzheimer's dementia,none,no_kg,llama3.2:3b,1,8,D,9,0.1111111111111111,0,0,0,1,,,,,,,
1,High LDL-C with increased CV risk (expanded),none,no_kg,llama3.2:3b,0,8,G,7,0.14285714285714285,0,0,0,1,,uncertain,insufficient,1.0,No reported effects in KG; plausibility uncertain.,0.5,2.75
1,High LDL-C with increased CV risk (expanded),none,no_kg,llama3.2:3b,1,8,F,6,0.16666666666666666,0,0,0,1,,kg,insufficient,1.0,Mechanistic link to LDL receptor upregulation is present in the knowledge graph but lacks clear mechanistic plausibility for lowering LDL-C.,0.75,1.875
1,Indolent systemic mastocytosis,none,no_kg,llama3.2:3b,0,8,A,7,0.14285714285714285,0,0,0,1,,kg,conflicting,2.0,Mechanistic link is unclear and conflicts with my own knowledge.,0.5,2.0
1,Indolent systemic mastocytosis,none,no_kg,llama3.2:3b,1,8,H,7,0.14285714285714285,0,0,0,1,,kg,conflicting,1.0,KG evidence linking Drug-H to indolent systemic mastocytosis conflicts with prior knowledge of its mechanism of action.,0.5,2.375
1,EGPA (expanded),none,no_kg,llama3.2:3b,0,8,D,1,1.0,1,1,1,1,,both,consistent,5.0,Strong mechanistic plausibility with reported associations via relevant pathways.,0.75,2.625
1,EGPA (expanded),none,no_kg,llama3.2:3b,1,8,B,6,0.16666666666666666,0,0,0,1,,kg,conflicting,2.0,"Drug-B targets the complement pathway, which may be relevant to EGPA; however, this is not directly supported by prior knowledge.",0.875,1.875
1,COVID-19 (expanded population),none,no_kg,llama3.2:3b,0,8,A,8,0.125,0,0,0,1,,kg,insufficient,1.0,KG reports inflammation pathway which may not be directly relevant to COVID-19 treatment,0.625,2.25
1,COVID-19 (expanded population),none,no_kg,llama3.2:3b,1,8,A,3,0.3333333333333333,0,1,1,1,,prior,insufficient,2.0,"Drug-5 has been shown to have antiviral properties in vitro, but the mechanistic link to COVID-19 is unclear without further evidence.",0.7142857142857143,1.8571428571428572
1,Obstructive sleep apnea with obesity,none,no_kg,llama3.2:3b,0,8,H,8,0.125,0,0,0,1,,kg,insufficient,1.0,H has limited evidence linking it to obstructive sleep apnea with obesity and its therapeutic effects are unclear.,0.625,2.75
1,Obstructive sleep apnea with obesity,none,no_kg,llama3.2:3b,1,8,E,3,0.3333333333333333,0,1,1,1,,kg,insufficient,2.0,"No clear mechanistic link to sleep apnea in the knowledge graph evidence, but the drug has been reported to have anxiolytic effects.",0.875,2.375
1,KRAS G12C+ mCRC,none,no_kg,llama3.2:3b,0,8,E,6,0.16666666666666666,0,0,0,1,,prior,insufficient,2.0,Drug-8 has been explored as an KRAS inhibitor but lacks evidence for its effectiveness in mCRC.,0.625,2.125
1,KRAS G12C+ mCRC,none,no_kg,llama3.2:3b,1,8,D,9,0.1111111111111111,0,0,0,1,,,,,,,
1,Diabetic retinopathy/DME (EMA Mar+May 2026),none,no_kg,llama3.2:3b,0,8,E,4,0.25,0,0,1,1,,both,insufficient,2.0,Limited mechanistic links to relevant pathways,0.7142857142857143,2.7142857142857144
1,Diabetic retinopathy/DME (EMA Mar+May 2026),none,no_kg,llama3.2:3b,1,8,B,9,0.1111111111111111,0,0,0,1,,,,,,,
1,Chorea associated with Huntington's disease,none,no_kg,llama3.2:3b,0,8,F,4,0.25,0,0,1,1,,uncertain,insufficient,1.0,Insufficient KG evidence; no clear pharmacological rationale for use in HD chorea,0.125,2.125
1,Chorea associated with Huntington's disease,none,no_kg,llama3.2:3b,1,8,G,5,0.2,0,0,1,1,,kg,insufficient,2.0,Limited evidence and mechanism do not suggest potential efficacy in treating chorea associated with Huntington's disease.,0.75,2.0
1,Heart failure (broadened),none,no_kg,llama3.2:3b,0,8,D,2,0.5,0,1,1,1,,kg,conflicting,3.0,Mechanism matches but no direct evidence for heart failure (SYMP:0000292) or pathway.,0.5,3.5
1,Heart failure (broadened),none,no_kg,llama3.2:3b,1,8,E,3,0.3333333333333333,0,1,1,1,,prior,insufficient,3.0,Drug-8 has been investigated for its potential benefits in treating heart failure due to its effects on reducing inflammation and oxidative stress.,0.5,2.5
1,Acquired hypofibrinogenemia in cardiovascular surgery,none,no_kg,llama3.2:3b,0,8,B,3,0.3333333333333333,0,1,1,1,,both,conflicting,2.0,"Knowledge-graph evidence suggests a role for Drug-6 in platelet aggregation pathway, conflicting with prior knowledge of fibrinogen regulation.",0.375,1.875
1,Acquired hypofibrinogenemia in cardiovascular surgery,none,no_kg,llama3.2:3b,1,8,H,3,0.3333333333333333,0,1,1,1,,prior,insufficient,2.0,No direct connection to fibrinogen levels,0.5,2.5
1,Pediatric atopic dermatitis,none,no_kg,llama3.2:3b,0,8,G,7,0.14285714285714285,0,0,0,1,,prior,insufficient,3.0,Prior knowledge highlights potential benefits but lacks clear mechanistic links.,0.625,2.75
1,Pediatric atopic dermatitis,none,no_kg,llama3.2:3b,1,8,D,1,1.0,1,1,1,1,,both,consistent,5.0,"Drug-D has mechanistic links to atopic dermatitis through a known pathway (KG), and its pharmacological action aligns with disease pathophysiology.",0.75,2.0
1,COVID-19 updated strain,none,no_kg,llama3.2:3b,0,8,E,6,0.16666666666666666,0,0,0,1,,kg,conflicting,2.0,"E has been shown in the knowledge graph to interact with a pathway involved in viral entry, but its direct efficacy against COVID-19 is unclear.",0.5,2.875
1,COVID-19 updated strain,none,no_kg,llama3.2:3b,1,8,G,7,0.14285714285714285,0,0,0,1,,prior,insufficient,1.0,,0.625,2.5
1,Delay T1D onset in children ≥1yr,none,no_kg,llama3.2:3b,0,8,C,9,0.1111111111111111,0,0,0,1,,,,,,,
1,Delay T1D onset in children ≥1yr,none,no_kg,llama3.2:3b,1,8,G,7,0.14285714285714285,0,0,0,1,,prior,insufficient,1.0,"Prior knowledge of Drug G's therapeutic effects is limited, with no mechanistic links to the target pathway in the KG.",0.75,2.0
1,Unresectable thymic carcinoma (PMDA),none,no_kg,llama3.2:3b,0,8,D,4,0.25,0,0,1,1,,kg,insufficient,2.0,No mechanistic links provided in the KG for Drug-6 and thymic carcinoma (PMDA). Further investigation required.,0.875,2.5
1,Unresectable thymic carcinoma (PMDA),none,no_kg,llama3.2:3b,1,8,H,8,0.125,0,0,0,1,,prior,insufficient,1.0,No direct association with thymic carcinoma or related pathway,0.875,2.625
1,Retinal vein occlusion,none,no_kg,llama3.2:3b,0,8,C,3,0.3333333333333333,0,1,1,1,,prior,insufficient,1.0,,0.5,1.75
1,Retinal vein occlusion,none,no_kg,llama3.2:3b,1,8,H,8,0.125,0,0,0,1,,prior,insufficient,1.0,No clear link to RVO or related disease mechanisms,0.125,2.125
1,Spinal muscular atrophy (pediatric expansion),none,no_kg,llama3.2:3b,0,8,G,7,0.14285714285714285,0,0,0,1,,kg,conflicting,2.0,"The provided knowledge graph evidence for Drug G suggests a pathway to the disease, but conflicts with prior knowledge on the specific mechanism.",0.5,2.25
1,Spinal muscular atrophy (pediatric expansion),none,no_kg,llama3.2:3b,1,8,B,2,0.5,0,1,1,1,,prior,insufficient,3.0,Prior knowledge suggests therapeutic effects for SMA,0.7142857142857143,2.0
1,Chronic thromboembolic pulmonary hypertension,none,no_kg,llama3.2:3b,0,8,A,1,1.0,1,1,1,1,,prior,insufficient,4.0,Inhibiting endothelin receptors could reduce pulmonary artery pressure and improve symptoms in chronic thromboembolic pulmonary hypertension.,0.875,1.875
1,Chronic thromboembolic pulmonary hypertension,none,no_kg,llama3.2:3b,1,8,A,8,0.125,0,0,0,1,,prior,conflicting,1.0,Primary mechanism of action for Drug-A is unclear and does not directly relate to CTEPH.,0.5,1.875
1,Polycythaemia vera and essential thrombocytopenia,none,no_kg,llama3.2:3b,0,8,F,2,0.5,0,1,1,1,,prior,insufficient,3.0,"Inhibition of JAK pathway by Drug-1, but limited evidence for its use in polycythaemia vera and essential thrombocytopenia.",0.625,2.125
1,Polycythaemia vera and essential thrombocytopenia,none,no_kg,llama3.2:3b,1,8,G,7,0.14285714285714285,0,0,0,1,,kg,conflicting,1.0,"KG evidence suggests a relationship between Drug-1 and the Hedgehog pathway, which has no clear relevance to Polycythaemia vera and essential thrombocytopenia.",0.75,2.125
1,Generalized myasthenia gravis,none,no_kg,llama3.2:3b,0,8,F,6,0.16666666666666666,0,0,0,1,,kg,insufficient,2.0,no clear association with myasthenia gravis in KG or prior knowledge,0.625,2.25
1,Generalized myasthenia gravis,none,no_kg,llama3.2:3b,1,8,C,7,0.14285714285714285,0,0,0,1,,kg-vs-knowledge,insufficient,2.0,No reported evidence linking Drug C to neuromuscular stimulation or myasthenia gravis pathophysiology,0.375,2.375
1,Invasive fungal infections pediatric ≥2yr,none,no_kg,llama3.2:3b,0,8,G,7,0.14285714285714285,0,0,0,1,,kg,insufficient,3.0,"Inhibition of fungal nitric oxide synthase has shown promise in treating fungal infections, but further evidence is needed",0.625,3.125
1,Invasive fungal infections pediatric ≥2yr,none,no_kg,llama3.2:3b,1,8,H,9,0.1111111111111111,0,0,0,1,,,,,,1.0,4.0
1,PKU expanded to ≥12yr,none,no_kg,llama3.2:3b,0,8,F,5,0.2,0,0,1,1,,prior,insufficient,1.0,Drug-8 is a known inhibitor of a related enzyme but its effectiveness in treating PKU is uncertain due to insufficient evidence.,0.7142857142857143,1.8571428571428572
1,PKU expanded to ≥12yr,none,no_kg,llama3.2:3b,1,8,D,5,0.2,0,0,1,1,,prior,insufficient,1.0,Drug-8 has no known mechanism of action for PKU and its association with the target pathway is unclear.,0.75,1.875
1,IDH1-mutated relapsed/refractory MDS,none,no_kg,llama3.2:3b,0,8,C,4,0.25,0,0,1,1,,prior,insufficient,3.0,"Drug C has shown activity against other types of cancer, suggesting potential activity against IDH1-mutated MDS, but no direct evidence is available.",0.75,1.875
1,IDH1-mutated relapsed/refractory MDS,none,no_kg,llama3.2:3b,1,8,C,9,0.1111111111111111,0,0,0,1,,,,,,,
1,Retinopathy of prematurity,none,no_kg,llama3.2:3b,0,8,E,3,0.3333333333333333,0,1,1,1,,prior,insufficient,2.0,Prior pharmacological knowledge suggests potential anti-angiogenic effects that might be beneficial for DOID:13025.,0.75,1.75
1,Retinopathy of prematurity,none,no_kg,llama3.2:3b,1,8,D,9,0.1111111111111111,0,0,0,0,,,,,,,
1,Agitation associated with Alzheimer's dementia,none,no_kg,llama3.2:3b,0,8,H,8,0.125,0,0,0,1,,prior,insufficient,1.0,"Prior knowledge reports that drugs with GABA receptor agonist activity can reduce agitation, but the direct link to Alzheimer's disease is unclear.",0.5,1.625
1,Agitation associated with Alzheimer's dementia,none,no_kg,llama3.2:3b,1,8,E,8,0.125,0,0,0,1,,kg,conflicting,1.0,Reported interaction with NMDA receptor modulation is not directly linked to Alzheimer's disease pathology and conflicts with prior knowledge on this topic,0.75,1.75
1,LDL-C elevation in statin-intolerant dyslipidemia,none,no_kg,llama3.2:3b,0,8,A,1,1.0,1,1,1,1,,kg,consistent,4.0,Drugs that inhibit PCSK9 are known to reduce LDL-C levels.,0.75,1.75
1,LDL-C elevation in statin-intolerant dyslipidemia,none,no_kg,llama3.2:3b,1,8,D,5,0.2,0,0,1,1,,prior,insufficient,1.0,Drug-8 has shown limited evidence supporting its use in treating dyslipidemia.,0.7142857142857143,2.0
1,First-line anemia in lower-risk MDS,none,no_kg,llama3.2:3b,0,8,H,8,0.125,0,0,0,1,,kg,insufficient,1.0,There is limited evidence for Drug-7's efficacy in treating first-line anemia in lower-risk MDS from KGVs.,0.75,1.875
1,First-line anemia in lower-risk MDS,none,no_kg,llama3.2:3b,1,8,H,8,0.125,0,0,0,1,,kg,insufficient,1.0,Less direct association with the disease and insufficient evidence,0.5,2.875
1,Atopic dermatitis,none,no_kg,llama3.2:3b,0,8,A,6,0.16666666666666666,0,0,0,1,,prior,insufficient,1.0,No concrete KG evidence for its association with the disease pathway,0.5,2.0
1,Atopic dermatitis,none,no_kg,llama3.2:3b,1,8,G,6,0.16666666666666666,0,0,0,1,,kg,conflicting,1.0,Targeting CTLA-4 may have some benefits but is primarily used in cancer treatment.,0.625,1.75
1,Acute HCV pediatric,none,no_kg,llama3.2:3b,0,8,F,6,0.16666666666666666,0,0,0,1,,kg,insufficient,2.0,"Drug-8 has some reported activity against HCV, but the mechanistic link to Acute HCV pediatric is unclear.",0.75,2.125
1,Acute HCV pediatric,none,no_kg,llama3.2:3b,1,8,B,5,0.2,0,0,1,1,,prior,insufficient,2.0,,0.5,2.125
1,HoFH in children,none,no_kg,llama3.2:3b,0,8,F,6,0.16666666666666666,0,0,0,1,,prior,insufficient,2.0,"Drug-8's pharmacological profile suggests no obvious mechanism for treating HoFH in children, and KG evidence is lacking.",0.75,1.875
1,HoFH in children,none,no_kg,llama3.2:3b,1,8,G,4,0.25,0,0,1,1,,kg,insufficient,2.0,Lack of direct evidence from the KG,1.0,2.0
1,dMMR/MSI-H primary advanced endometrial cancer (+chemo),none,no_kg,llama3.2:3b,0,8,B,9,0.1111111111111111,0,0,0,1,,,,,,0.5,2.0
1,dMMR/MSI-H primary advanced endometrial cancer (+chemo),none,no_kg,llama3.2:3b,1,8,C,5,0.2,0,0,1,1,,kg,insufficient,2.0,Limited information on the target pathway for Drug-C makes mechanistic plausibility uncertain.,0.5,2.0
1,Cerebral folate transport deficiency,none,no_kg,llama3.2:3b,0,8,A,1,1.0,1,1,1,1,,kg,consistent,4.0,Folate transporters are mechanistically linked to folate deficiency.,0.5,1.875
1,Cerebral folate transport deficiency,none,no_kg,llama3.2:3b,1,8,F,3,0.3333333333333333,0,1,1,1,,prior,insufficient,2.0,Drug-F has been used to treat folate-related conditions but its mechanism is not clearly linked to cerebral folate transport deficiency.,0.625,1.875
1,Reduce MACE in CVD + obesity/overweight,none,no_kg,llama3.2:3b,0,8,B,8,0.125,0,0,0,1,,kg,insufficient,1.0,Drug-6 has reported links to 'Metabolism' pathway which is relevant to CVD but not directly related to obesity/overweight.,0.875,1.75
1,Reduce MACE in CVD + obesity/overweight,none,no_kg,llama3.2:3b,1,8,D,4,0.25,0,0,1,1,,kg,insufficient,1.0,Drug-8 has limited evidence from the KG linking it to the target disease.,0.625,1.875
1,Palmoplantar pustulosis (PMDA),none,no_kg,llama3.2:3b,0,8,F,6,0.16666666666666666,0,0,0,1,,prior,insufficient,4.0,Limited knowledge of Drug-F's relevance to PMDA,0.5,2.75
1,Palmoplantar pustulosis (PMDA),none,no_kg,llama3.2:3b,1,8,E,6,0.16666666666666666,0,0,0,1,,prior,insufficient,2.0,Drug-7 has an unrelated mechanism of action.,0.5,2.25
1,Measles prophylaxis post-exposure,none,no_kg,llama3.2:3b,0,8,E,9,0.1111111111111111,0,0,0,1,,,,,,1.0,4.0
1,Measles prophylaxis post-exposure,none,no_kg,llama3.2:3b,1,8,F,3,0.3333333333333333,0,1,1,1,,prior,insufficient,2.0,"Drug-1 has shown promise in treating viral infections, but its specific efficacy for measles prophylaxis is unclear.",0.75,1.75
1,CKD in T2D,none,no_kg,llama3.2:3b,0,8,G,6,0.16666666666666666,0,0,0,1,,kg,conflicting,1.0,"The KG reports that Drug-8 has a role in the regulation of glucose metabolism, but this is not directly related to CKD.",0.625,2.375
1,CKD in T2D,none,no_kg,llama3.2:3b,1,8,B,4,0.25,0,0,1,1,,kg,conflicting,1.0,"KG reports a mechanistic link between Drug-8 and T2D, but our knowledge suggests a different relationship.",0.875,1.75
1,HER2-mutant NSCLC (PMDA),none,no_kg,llama3.2:3b,0,8,B,1,1.0,1,1,1,1,,both,consistent,4.0,"Drug-8 has evidence suggesting a HER2 pathway inhibition in NSCLC, and prior knowledge supports this mechanism as relevant to the disease.",1.0,1.75
1,HER2-mutant NSCLC (PMDA),none,no_kg,llama3.2:3b,1,8,G,7,0.14285714285714285,0,0,0,1,,kg,conflicting,2.0,It has a reported link to PI3K/AKT pathway but targeting this pathway may be redundant without added specificity.,0.625,3.25
1,Heterozygous familial hypercholesterolemia,none,no_kg,llama3.2:3b,0,8,H,9,0.1111111111111111,0,0,0,1,,,,,,1.0,4.0
1,Heterozygous familial hypercholesterolemia,none,no_kg,llama3.2:3b,1,8,F,1,1.0,1,1,1,1,,prior,insufficient,3.0,"While the drug has a reported effect on similar conditions, direct evidence linking it to hypercholesterolemia is lacking.",0.75,2.0
1,Crohn's disease,none,no_kg,llama3.2:3b,0,8,B,2,0.5,0,1,1,1,,kg,conflicting,3.0,"Candidate B is linked to the inflammatory response pathway in KG, but this isn't strongly supported by pharmacological knowledge.",0.75,2.625
1,Crohn's disease,none,no_kg,llama3.2:3b,1,8,A,1,1.0,1,1,1,1,,,,,,,
1,COVID-19 in severe renal impairment/dialysis,none,no_kg,llama3.2:3b,0,8,C,3,0.3333333333333333,0,1,1,1,,kg,consistent,5.0,"Drug C targets a pathway involved in immune response (KG), which aligns with our understanding of COVID-19 treatment.",0.625,2.75
1,COVID-19 in severe renal impairment/dialysis,none,no_kg,llama3.2:3b,1,8,E,4,0.25,0,0,1,1,,kg,insufficient,1.0,KG evidence is sparse on its potential relevance to COVID-19 in severe renal impairment/dialysis.,0.7142857142857143,2.0
1,MASH with fibrosis,none,no_kg,llama3.2:3b,0,8,A,5,0.2,0,0,1,1,,kg,insufficient,2.0,KG evidence for Drug-8 is sparse and does not provide clear mechanistic links to MASH with fibrosis,0.875,2.0
1,MASH with fibrosis,none,no_kg,llama3.2:3b,1,8,B,5,0.2,0,0,1,1,,kg,insufficient,1.0,Drug-8 has no known mechanism of action for treating fibrotic diseases and lacks relevant knowledge graph evidence.,0.625,1.875
1,mHSPC + ADT,none,no_kg,llama3.2:3b,0,8,B,2,0.5,0,1,1,1,,prior,insufficient,3.0,"Prior knowledge suggests potential for anti-cancer effects in mHSPC + ADT, although evidence is lacking.",0.625,2.125
1,mHSPC + ADT,none,no_kg,llama3.2:3b,1,8,H,5,0.2,0,0,1,1,,kg,insufficient,1.0,KG evidence lacks direct relevance to mHSPC + ADT and conflicts with prior knowledge on the drug's primary mechanism involving CDK4/6 inhibition.,0.6,1.8
1,Chronic kidney disease,none,no_kg,llama3.2:3b,0,8,G,7,0.14285714285714285,0,0,0,1,,kg,conflicting,1.0,"KG suggests Drug-3 interacting with the PI3K/AKT pathway, but prior knowledge indicates that this is not a primary mechanism for treating chronic kidney disease.",0.625,2.25
1,Chronic kidney disease,none,no_kg,llama3.2:3b,1,8,E,5,0.2,0,0,1,1,,prior,insufficient,3.0,"Drug-8 may modulate the renin-angiotensin system, but its effectiveness for chronic kidney disease is unknown.",0.625,2.875
1,Allergic fungal rhinosinusitis (AFRS) ≥6yr,none,no_kg,llama3.2:3b,0,8,H,9,0.1111111111111111,0,0,0,1,,,,,,0.0,2.0
1,Allergic fungal rhinosinusitis (AFRS) ≥6yr,none,no_kg,llama3.2:3b,1,8,F,8,0.125,0,0,0,1,,prior,insufficient,1.0,No direct connections to AFRS in the KG,0.5,1.875
1,Acquired hypothalamic obesity,none,no_kg,llama3.2:3b,0,8,B,7,0.14285714285714285,0,0,0,1,,kg,insufficient,1.0,"The knowledge graph shows a mechanistic link between Drug-8 and the melanocortin receptor pathway, but there is limited direct evidence supporting its use in Acquired Hypothalamic Obesity.",0.75,1.75
1,Acquired hypothalamic obesity,none,no_kg,llama3.2:3b,1,8,C,9,0.1111111111111111,0,0,0,1,,,,,,0.0,4.0
1,Pediatric glioma (EMA),none,no_kg,llama3.2:3b,0,8,B,8,0.125,0,0,0,1,,prior,insufficient,3.0,"While expert consensus suggests potential efficacy for Drug-6 in treating pediatric glioma, the evidence is not yet conclusive.",0.875,2.5
1,Pediatric glioma (EMA),none,no_kg,llama3.2:3b,1,8,C,6,0.16666666666666666,0,0,0,1,,prior,insufficient,1.0,"Prior knowledge on Drug-4 is limited, and no evidence from KG can confirm its mechanistic plausibility for pediatric glioma.",0.5,1.875
1,IV formulation for rheumatic diseases (EMA),none,no_kg,llama3.2:3b,0,8,H,7,0.14285714285714285,0,0,0,1,,kg,conflicting,2.0,KG links show potential but are inconsistent with prior pharmacology knowledge; further investigation is needed.,0.7142857142857143,2.142857142857143
1,IV formulation for rheumatic diseases (EMA),none,no_kg,llama3.2:3b,1,8,F,6,0.16666666666666666,0,0,0,1,,kg,insufficient,2.0,Limited KG evidence for anti-inflammatory effects without clear links to rheumatic diseases.,0.625,2.0
1,Oral tablet formulation for weight management,none,no_kg,llama3.2:3b,0,8,D,4,0.25,0,0,1,1,,kg,insufficient,1.0,Mechanistic link between Drug-8 and pathway for weight management is unclear and not supported by knowledge graph evidence.,0.625,1.75
1,Oral tablet formulation for weight management,none,no_kg,llama3.2:3b,1,8,D,6,0.16666666666666666,0,0,0,1,,kg,insufficient,1.0,"Drug-D has a known effect on serotonin levels, which can influence appetite and weight, but there is no mechanistic link to the target and pathway of weight management in the knowledge graph.",0.875,1.75
1,dMMR recurrent/advanced endometrial cancer,none,no_kg,llama3.2:3b,0,8,A,8,0.125,0,0,0,1,,kg,insufficient,1.0,"Drug-7 has shown some activity in preclinical studies for various types of cancer, but the evidence is limited and its mechanism of action is not well understood.",0.625,1.75
1,dMMR recurrent/advanced endometrial cancer,none,no_kg,llama3.2:3b,1,8,G,7,0.14285714285714285,0,0,0,1,,prior,insufficient,2.0,Mechanism may be relevant based on prior knowledge but lacks concrete evidence from KG,0.625,2.875
1,Primary humoral immunodeficiency pediatric 2-11yr,none,no_kg,llama3.2:3b,0,8,A,6,0.16666666666666666,0,0,0,1,,prior,insufficient,2.0,"Primary target does not align with the disease, and mechanism of action is unclear from KG.",0.375,2.75
1,Primary humoral immunodeficiency pediatric 2-11yr,none,no_kg,llama3.2:3b,1,8,E,1,1.0,1,1,1,1,,kg,conflicting,3.0,Mechanistic link (Drug -> Target -> Pathway) shows association with disease but lacks direct evidence on Drug-8.,0.75,2.0
1,Neoadj+adj HNSCC,none,no_kg,llama3.2:3b,0,8,H,7,0.14285714285714285,0,0,0,1,,kg,conflicting,2.0,"KG links H to VEGFR pathway, which is not directly related to HNSCC",0.5,2.75
1,Neoadj+adj HNSCC,none,no_kg,llama3.2:3b,1,8,B,2,0.5,0,1,1,1,,both,conflicting,4.0,"KG and prior knowledge suggest B's role in HNSCC, but the exact mechanism is unclear.",0.625,2.0
1,Juvenile idiopathic arthritis (EMA Feb 2026),none,no_kg,llama3.2:3b,0,8,A,1,1.0,1,1,1,1,,both,consistent,4.0,"The KG reports a mechanistic link between Drug-7 and the target disease via inflammation pathway, which aligns with prior knowledge of anti-inflammatory effects.",0.625,2.5
1,Juvenile idiopathic arthritis (EMA Feb 2026),none,no_kg,llama3.2:3b,1,8,H,8,0.125,0,0,0,1,,kg,conflicting,1.0,"The knowledge graph reports an association between Drug-7 and the COX-2 pathway, but there is conflicting pharmacological evidence on its effectiveness in treating Juvenile idiopathic arthritis.",0.875,2.25
1,"ALK+ solid tumors (tissue-agnostic, world-first)",none,no_kg,llama3.2:3b,0,8,A,9,0.1111111111111111,0,0,0,1,,,,,,0.42857142857142855,2.5714285714285716
1,"ALK+ solid tumors (tissue-agnostic, world-first)",none,no_kg,llama3.2:3b,1,8,A,1,1.0,1,1,1,1,,kg,conflicting,4.0,"Despite lack of direct evidence, its pathway involvement in cell cycle regulation suggests potential for ALK inhibition",0.75,2.125
1,Ulcerative colitis,none,no_kg,llama3.2:3b,0,8,G,7,0.14285714285714285,0,0,0,1,,kg,insufficient,1.0,No clear mechanistic link to ulcerative colitis,0.7142857142857143,2.0
1,Ulcerative colitis,none,no_kg,llama3.2:3b,1,8,E,3,0.3333333333333333,0,1,1,1,,kg,conflicting,2.0,"While Drug-8 has been reported to modulate immune responses, its specific link to ulcerative colitis in the graph is unclear and may be conflicting with established knowledge.",0.625,1.875
1,Advanced RCC after PD-1/PD-L1 + VEGF-TKI,none,no_kg,llama3.2:3b,0,8,F,6,0.16666666666666666,0,0,0,1,,prior,insufficient,1.0,Lacks KG evidence and has limited antiangiogenic properties.,0.5,2.0
1,Advanced RCC after PD-1/PD-L1 + VEGF-TKI,none,no_kg,llama3.2:3b,1,8,D,2,0.5,0,1,1,1,,kg,conflicting,3.0,"Drug-4's mechanism of action is unclear from the provided evidence, but its reported association with cell cycle regulation could have relevance to RCC treatment.",0.625,1.875
1,Ulcerative colitis,none,no_kg,llama3.2:3b,0,8,D,1,1.0,1,1,1,1,,prior,insufficient,2.0,Prior knowledge suggests anti-inflammatory drugs are effective for ulcerative colitis.,0.875,2.0
1,Ulcerative colitis,none,no_kg,llama3.2:3b,1,8,E,2,0.5,0,1,1,1,,both,consistent,4.0,"Drug-7 has reported mechanistic links to the TGF-beta pathway and inflammation, consistent with known therapeutic targets for ulcerative colitis.",0.875,1.75
1,BRAF V600E metastatic NSCLC,none,no_kg,llama3.2:3b,0,8,E,9,0.1111111111111111,0,0,0,1,,,,,,0.14285714285714285,2.0
1,BRAF V600E metastatic NSCLC,none,no_kg,llama3.2:3b,1,8,A,1,1.0,1,1,1,1,,both,consistent,4.0,Strong KG evidence supports its use for NSCLC.,0.5,2.5
1,Crohn's disease,none,no_kg,llama3.2:3b,0,8,C,5,0.2,0,0,1,1,,kg,insufficient,2.0,Limited mechanistic links and conflicting evidence on efficacy.,0.75,1.75
1,Crohn's disease,none,no_kg,llama3.2:3b,1,8,C,3,0.3333333333333333,0,1,1,1,,kg,insufficient,2.0,"KG indicates an association with cytokine signaling pathway, but KG evidence is sparse.",0.5,2.125
1,dMMR/MSI-H primary advanced endometrial cancer,none,no_kg,llama3.2:3b,0,8,B,2,0.5,0,1,1,1,,prior,insufficient,1.0,No reported links or conflicting evidence with this disease.,0.375,1.625
1,dMMR/MSI-H primary advanced endometrial cancer,none,no_kg,llama3.2:3b,1,8,H,8,0.125,0,0,0,1,,kg,insufficient,2.0,"Drug-8 has been reported to inhibit the VEGFR pathway, but no direct evidence links it to endometrial cancer.",0.75,2.75
1,IgG4-related disease,none,no_kg,llama3.2:3b,0,8,A,6,0.16666666666666666,0,0,0,1,,prior,insufficient,2.0,My knowledge of drug mechanisms does not support the association between Drug-1 and IgG4-related disease.,0.7142857142857143,2.2857142857142856
1,IgG4-related disease,none,no_kg,llama3.2:3b,1,8,E,3,0.3333333333333333,0,1,1,1,,kg,conflicting,2.0,"Although the KG suggests a link between Drug-7 and IgG4-related disease via the Wnt/β-catenin pathway, this is not supported by my knowledge of pharmacology.",0.75,1.875
1,Ph+ CML-CP frontline (EMA Feb 2026),none,no_kg,llama3.2:3b,0,8,C,5,0.2,0,0,1,1,,kg,conflicting,1.0,"Drug-8 is a BCR-ABL inhibitor with conflicting evidence from the knowledge graph, suggesting both activity and lack thereof against CML-CP.",0.875,2.0
1,Ph+ CML-CP frontline (EMA Feb 2026),none,no_kg,llama3.2:3b,1,8,B,3,0.3333333333333333,0,1,1,1,,kg,consistent,4.0,"The KG reports an association with the BCR-ABL pathway, which is a known target for CML-CP.",0.625,2.375
1,EGPA,none,no_kg,llama3.2:3b,0,8,H,8,0.125,0,0,0,1,,prior,insufficient,1.0,Prior knowledge suggests that Candidate Drug-1 has no direct relevance to EGPA.,0.75,2.0
1,EGPA,none,no_kg,llama3.2:3b,1,8,A,3,0.3333333333333333,0,1,1,1,,prior,insufficient,2.0,"Drug-1 has established use in treating a related disease, but its efficacy in EGPA is uncertain without direct evidence.",0.625,1.875
1,Biliary tract cancer,none,no_kg,llama3.2:3b,0,8,B,4,0.25,0,0,1,1,,prior,insufficient,2.0,Lacks reported evidence in the knowledge graph and its mechanism of action does not appear to be relevant to biliary tract cancer.,0.5,2.25
1,Biliary tract cancer,none,no_kg,llama3.2:3b,1,8,E,2,0.5,0,1,1,1,,kg,insufficient,2.0,Drug-E's KG association with 'cell signaling' is unclear and does not directly relate to biliary tract cancer,0.75,2.625
1,COPD,none,no_kg,llama3.2:3b,0,8,D,4,0.25,0,0,1,1,,prior,conflicting,3.0,"While there is some evidence for Drug-8's anti-inflammatory effects, it does not directly relate to COPD pathology and also note that this pathway may be more relevant to asthma.",0.625,3.0
1,COPD,none,no_kg,llama3.2:3b,1,8,D,1,1.0,1,1,1,1,,prior,insufficient,3.0,"While not directly linked to COPD in the KG, Drug-5 has anti-inflammatory properties that could be relevant.",0.5,1.875
1,Primary mediastinal large B-cell lymphoma,none,no_kg,llama3.2:3b,0,8,H,8,0.125,0,0,0,1,,prior,insufficient,1.0,Lack of direct connection to lymphoma mechanisms,0.625,1.75
1,Primary mediastinal large B-cell lymphoma,none,no_kg,llama3.2:3b,1,8,G,4,0.25,0,0,1,1,,kg,uncertain,2.0,Lacks direct association reported in the KG.,0.6666666666666666,2.1666666666666665
1,CRSwNP (eosinophilic chronic rhinosinusitis with nasal polyps),none,no_kg,llama3.2:3b,0,8,D,1,1.0,1,1,1,1,,kg,insufficient,3.0,Lack of information on mechanism,0.5,2.5
1,CRSwNP (eosinophilic chronic rhinosinusitis with nasal polyps),none,no_kg,llama3.2:3b,1,8,B,6,0.16666666666666666,0,0,0,1,,prior,insufficient,2.0,,0.625,2.5
1,RAS wild-type HER2+ metastatic colorectal cancer,none,no_kg,llama3.2:3b,0,8,E,2,0.5,0,1,1,1,,kg,insufficient,3.0,,0.625,1.75
1,RAS wild-type HER2+ metastatic colorectal cancer,none,no_kg,llama3.2:3b,1,8,F,4,0.25,0,0,1,1,,prior,insufficient,1.0,No direct or indirect connection to the RAS wild-type HER2+ metastatic colorectal cancer pathway,0.8571428571428571,2.0
1,Schnitzler syndrome (Japan),none,no_kg,llama3.2:3b,0,8,C,5,0.2,0,0,1,1,,prior,insufficient,1.0,Drug-8 lacks a clear mechanistic link to Schnitzler syndrome based on prior knowledge or KG evidence.,0.625,2.0
1,Schnitzler syndrome (Japan),none,no_kg,llama3.2:3b,1,8,B,2,0.5,0,1,1,1,,both,conflicting,4.0,Lacks direct relevance to Schnitzler syndrome despite complement system involvement,0.75,1.875
1,HR+/HER2- breast cancer,none,no_kg,llama3.2:3b,0,8,B,3,0.3333333333333333,0,1,1,1,,prior,insufficient,2.0,Lack of prior knowledge on drug efficacy for HR+/HER2- breast cancer.,0.625,1.875
1,HR+/HER2- breast cancer,none,no_kg,llama3.2:3b,1,8,A,7,0.14285714285714285,0,0,0,1,,kg,insufficient,1.0,"Drug-A is associated with the NF-κB pathway, which may play a role in HR+/HER2- breast cancer, but there is limited evidence supporting its use for this disease.",0.75,1.75
1,Psoriasis in children 6-11 (cream),none,no_kg,llama3.2:3b,0,8,A,5,0.2,0,0,1,1,,kg,conflicting,1.0,Mechanism of action not clearly aligned with known pathways for the disease target in the knowledge graph for Drug-5,0.625,1.75
1,Psoriasis in children 6-11 (cream),none,no_kg,llama3.2:3b,1,8,B,4,0.25,0,0,1,1,,kg,conflicting,5.0,KG reports VEGF -> Angiogenesis -> Psoriasis; Drug-5 inhibits VEGF but is not primarily used for antiangiogenic effects.,0.625,2.875
1,Resectable gastric/GEJ adenocarcinoma (neoadj+adj +FLOT),none,no_kg,llama3.2:3b,0,8,D,5,0.2,0,0,1,1,,prior,insufficient,1.0,"While prior knowledge suggests potential efficacy of Drug-6 against resectable gastric/GEJ adenocarcinoma, there is limited mechanistic evidence to support its use.",0.75,1.875
1,Resectable gastric/GEJ adenocarcinoma (neoadj+adj +FLOT),none,no_kg,llama3.2:3b,1,8,G,6,0.16666666666666666,0,0,0,1,,kg,insufficient,1.0,"Drug-6 has mechanistic links to the EGFR pathway, but its anti-tumor activity in gastric cancer is unclear.",0.875,1.5
1,COPD (EMA 2025),none,no_kg,llama3.2:3b,0,8,E,5,0.2,0,0,1,1,,kg,insufficient,2.0,Lack of direct evidence and potential irrelevant target,0.75,2.0
1,COPD (EMA 2025),none,no_kg,llama3.2:3b,1,8,E,3,0.3333333333333333,0,1,1,1,,both,consistent,4.0,Drug-7's mechanism as an antioxidant and anti-inflammatory agent suggests potential for COPD treatment.,0.6666666666666666,3.0
1,Ph+ CML-CP after 2+ TKIs,none,no_kg,llama3.2:3b,0,8,A,8,0.125,0,0,0,1,,kg,insufficient,1.0,Limited KG evidence and no prior knowledge of efficacy in treating CML-CP after TKI failure,0.625,1.75
1,Ph+ CML-CP after 2+ TKIs,none,no_kg,llama3.2:3b,1,8,G,4,0.25,0,0,1,1,,kg,conflicting,3.0,"Lacks clear mechanistic link to disease, but is structurally similar to TKI inhibitors",0.5,3.0
1,IgE-mediated food allergy,none,no_kg,llama3.2:3b,0,8,D,1,1.0,1,1,1,1,,both,consistent,5.0,IL-4R pathway inhibition,1.0,3.75
1,IgE-mediated food allergy,none,no_kg,llama3.2:3b,1,8,C,3,0.3333333333333333,0,1,1,1,,prior,insufficient,2.0,"Prior knowledge suggests this drug may inhibit the production of IgE antibodies, but KG does not provide direct evidence.",0.625,1.625
1,BRAF+ thyroid cancer,none,no_kg,llama3.2:3b,0,8,C,3,0.3333333333333333,0,1,1,1,,kg,consistent,4.0,Inhibition of RAF/MEK pathway by Drug-8 is supported by mechanistic links and may be effective in BRAF+ thyroid cancer.,0.625,2.5
1,BRAF+ thyroid cancer,none,no_kg,llama3.2:3b,1,8,F,7,0.14285714285714285,0,0,0,1,,prior,insufficient,1.0,No direct link to BRAF+ thyroid cancer from prior knowledge,0.625,1.75
1,Primary immunodeficiency pediatric (EMA),none,no_kg,llama3.2:3b,0,8,A,4,0.25,0,0,1,1,,prior,insufficient,1.0,Target pathway not explicitly linked to EMA or known mechanisms of action for Drug-1,0.5,1.75
1,Primary immunodeficiency pediatric (EMA),none,no_kg,llama3.2:3b,1,8,A,1,1.0,1,1,1,1,,prior,insufficient,4.0,"Drug-1 is a histamine receptor antagonist with anti-inflammatory properties, which may be beneficial for immune-related disorders.",0.875,1.875
1,Biliary tract cancer 1L,none,no_kg,llama3.2:3b,0,8,E,2,0.5,0,1,1,1,,kg,conflicting,2.0,"Although Drug-E is reported to interact with the Wnt pathway, its role in biliary tract cancer 1L is unclear and may be limited.",0.75,2.375
1,Biliary tract cancer 1L,none,no_kg,llama3.2:3b,1,8,F,6,0.16666666666666666,0,0,0,1,,prior,insufficient,1.0,Drug-4 has limited evidence for association with the pathway involved in cell proliferation and survival.,0.5,1.875
1,Polymyalgia rheumatica,none,no_kg,llama3.2:3b,0,8,D,2,0.5,0,1,1,1,,kg,insufficient,1.0,,0.625,2.125
1,Polymyalgia rheumatica,none,no_kg,llama3.2:3b,1,8,H,5,0.2,0,0,1,1,,kg,insufficient,2.0,"KG reports mechanistic links between Drug-8 and Polymyalgia rheumatica, but the pathway is not clearly established.",0.75,2.5
1,Chronic lymphocytic leukemia,none,no_kg,llama3.2:3b,0,8,F,2,0.5,0,1,1,1,,prior,insufficient,2.0,"Drug-8 is a BCRP inhibitor, but its role in CLL treatment is not well established.",0.75,2.125
1,Chronic lymphocytic leukemia,none,no_kg,llama3.2:3b,1,8,B,7,0.14285714285714285,0,0,0,1,,prior,insufficient,3.0,"While the evidence is uncertain, Drugs with anti-proliferative effects may still hold potential for CLL treatment.",0.5,2.875
1,"Crohn's disease (moderate-severe, refractory)",none,no_kg,llama3.2:3b,0,8,G,6,0.16666666666666666,0,0,0,1,,prior,conflicting,1.0,Drug-6 has been studied for other indications and lacks a clear mechanistic link to Crohn's disease. Its mechanism of action does not seem directly relevant to the disease.,0.5,1.75
1,"Crohn's disease (moderate-severe, refractory)",none,no_kg,llama3.2:3b,1,8,H,8,0.125,0,0,0,1,,kg,insufficient,2.0,"Mechanistic links to the immune response are present in the knowledge graph, but pharmacological evidence is lacking.",0.5,3.125
1,HER2-mutant NSCLC (EMA),none,no_kg,llama3.2:3b,0,8,C,6,0.16666666666666666,0,0,0,1,,kg,conflicting,1.0,KG suggests potential efficacy but prior knowledge does not support and KG evidence conflicts with known pathways,0.5,2.0
1,HER2-mutant NSCLC (EMA),none,no_kg,llama3.2:3b,1,8,G,7,0.14285714285714285,0,0,0,1,,kg,insufficient,1.0,No mechanistic link found; Drug-8's mechanism is unclear and does not directly relate to HER2-mutant NSCLC.,0.75,1.25
1,Giant cell arteritis,none,no_kg,llama3.2:3b,0,8,E,4,0.25,0,0,1,1,,kg,conflicting,1.0,"Drug-8 has been linked to the inhibition of nitric oxide synthase in the KG; however, its role in Giant cell arteritis is not well established.",0.875,1.75
1,Giant cell arteritis,none,no_kg,llama3.2:3b,1,8,G,7,0.14285714285714285,0,0,0,1,,kg,insufficient,1.0,"KG evidence links Drug-8 to Giant cell arteritis via Pathway related to Cell proliferation, but evidence is sparse and conflicts with prior knowledge of anti-inflammatory effects",0.75,1.875
1,First-line anemia in lower-risk MDS,none,no_kg,llama3.2:3b,0,8,B,9,0.1111111111111111,0,0,0,1,,,,,,0.6,2.0
1,First-line anemia in lower-risk MDS,none,no_kg,llama3.2:3b,1,8,A,2,0.5,0,1,1,1,,both,consistent,5.0,Strong association with erythropoiesis and iron metabolism supports its potential as a treatment for MDS-related anemia.,0.25,2.75
1,GVHD + pediatric,none,no_kg,llama3.2:3b,0,8,G,7,0.14285714285714285,0,0,0,1,,kg,insufficient,1.0,"Limited mechanistic links from the knowledge graph suggest a potential link between Drug-6 and GVHD + pediatric disease, but prior pharmacological knowledge is insufficient to draw conclusions.",0.875,1.75
1,GVHD + pediatric,none,no_kg,llama3.2:3b,1,8,D,4,0.25,0,0,1,1,,prior,conflicting,1.0,"Prior knowledge suggests immunosuppressive effects, but KG evidence indicates anti-inflammatory properties.",0.625,2.625
1,MSI-H/dMMR solid tumors (full approval conversion),none,no_kg,llama3.2:3b,0,8,F,2,0.5,0,1,1,1,,prior,insufficient,3.0,"Prior knowledge suggests that certain classes of drugs (e.g., platinum-based compounds) may be effective in treating MSI-H/dMMR solid tumors, but mechanistic links in the knowledge graph are limited.",0.875,2.375
1,MSI-H/dMMR solid tumors (full approval conversion),none,no_kg,llama3.2:3b,1,8,D,7,0.14285714285714285,0,0,0,1,,kg,uncertain,1.0,Lack of direct KG evidence linking Drug-7 to the PI3K/AKT pathway or any other relevant pathways for MSI-H/dMMR solid tumors makes its mechanistic plausibility uncertain.,0.75,2.0
1,Antibody-mediated rejection in organ transplantation,none,no_kg,llama3.2:3b,0,8,F,1,1.0,1,1,1,1,,prior,insufficient,3.0,Inhibiting complement activation could potentially reduce antibody-mediated rejection in organ transplantation.,0.625,2.0
1,Antibody-mediated rejection in organ transplantation,none,no_kg,llama3.2:3b,1,8,E,1,1.0,1,1,1,1,,prior,insufficient,4.0,Drug-1 has immunosuppressive properties commonly used in organ transplantation.,0.75,2.25
1,Pancreatic NET,none,no_kg,llama3.2:3b,0,8,A,7,0.14285714285714285,0,0,0,1,,,,,,,
1,Pancreatic NET,none,no_kg,llama3.2:3b,1,8,G,7,0.14285714285714285,0,0,0,1,,kg,insufficient,1.0,Drug-7 has no clear evidence linking it to Pancreatic NET and its mechanism of action is not well understood.,0.75,1.75
1,Follicular lymphoma (+obinutuzumab),none,no_kg,llama3.2:3b,0,8,F,6,0.16666666666666666,0,0,0,1,,kg,conflicting,3.0,"KG reports pathway association between Drug-F and disease, but mechanism unclear.",0.5,2.75
1,Follicular lymphoma (+obinutuzumab),none,no_kg,llama3.2:3b,1,8,C,2,0.5,0,1,1,1,,both,consistent,4.0,Reported associations with pathway DOID:0040114 and DOID:0039699 provide mechanistic plausibility,0.625,2.5
1,HR+/HER2- node-positive high-risk early breast cancer,none,no_kg,llama3.2:3b,0,8,A,1,1.0,1,1,1,1,,prior,insufficient,3.0,Drug A is a known aromatase inhibitor with activity against HER2-positive breast cancer.,0.625,1.875
1,HR+/HER2- node-positive high-risk early breast cancer,none,no_kg,llama3.2:3b,1,8,F,1,1.0,1,1,1,1,,kg,conflicting,4.0,"KG reports angiogenesis pathway for Drug-F, but lacks explicit evidence linking to HR+/HER2- node-positive high-risk early breast cancer.",0.625,2.375
1,BRAF+ thyroid cancer,none,no_kg,llama3.2:3b,0,8,D,1,1.0,1,1,1,1,,both,consistent,4.0,Drug-7 has mechanistic plausibility due to its association with MEK inhibition pathway.,0.75,2.25
1,BRAF+ thyroid cancer,none,no_kg,llama3.2:3b,1,8,B,3,0.3333333333333333,0,1,1,1,,prior,conflicting,2.0,"Pharmacological profile similar to drugs known to treat BRAF+ thyroid cancer, but conflicting evidence from the knowledge graph",0.625,1.875
1,HER2+ solid tumors (tumor-agnostic),none,no_kg,llama3.2:3b,0,8,F,6,0.16666666666666666,0,0,0,1,,kg,insufficient,2.0,"Drug-8 has mechanistic links to HER2+ solid tumors and pathways related to angiogenesis, but its evidence is limited.",0.75,2.625
1,HER2+ solid tumors (tumor-agnostic),none,no_kg,llama3.2:3b,1,8,F,3,0.3333333333333333,0,1,1,1,,prior,insufficient,2.0,"Bromodomain inhibition has shown promise in various cancers, but there is limited evidence specifically targeting HER2+ solid tumors",0.875,1.75
1,"mCRC BRAF V600E (traditional approval, was accelerated)",none,no_kg,llama3.2:3b,0,8,H,8,0.125,0,0,0,1,,kg,insufficient,1.0,The provided KG evidence for Drug-7's effectiveness against mCRC BRAF V600E is scarce and inconclusive.,0.625,1.75
1,"mCRC BRAF V600E (traditional approval, was accelerated)",none,no_kg,llama3.2:3b,1,8,F,6,0.16666666666666666,0,0,0,1,,prior,insufficient,1.0,Prior knowledge does not support F's mechanism of action against BRAF V600E.,0.5,1.875
1,"Pediatric low-grade glioma (+dabrafenib, BRAF V600E)",none,no_kg,llama3.2:3b,0,8,B,2,0.5,0,1,1,1,,kg,conflicting,3.0,KG reports association with pathway but no clear link to disease.,0.75,2.375
1,"Pediatric low-grade glioma (+dabrafenib, BRAF V600E)",none,no_kg,llama3.2:3b,1,8,B,2,0.5,0,1,1,1,,kg,conflicting,3.0,"Mechanistic link: Drug -> target -> pathway -> disease; however, KG evidence shows no association with BRAF V600E.",0.625,2.25
1,HR+/HER2- metastatic breast cancer,none,no_kg,llama3.2:3b,0,8,F,7,0.14285714285714285,0,0,0,1,,kg,insufficient,1.0,The reported association in the KG does not provide sufficient mechanistic support for Drug-8's use in HR+/HER2- metastatic breast cancer.,0.875,2.25
1,HR+/HER2- metastatic breast cancer,none,no_kg,llama3.2:3b,1,8,D,7,0.14285714285714285,0,0,0,1,,prior,insufficient,1.0,No clear connection between drug D and HR+ breast cancers based on prior knowledge.,0.5,2.125
1,1L biliary tract cancer (+gemcitabine+cisplatin),none,no_kg,llama3.2:3b,0,8,H,5,0.2,0,0,1,1,,both,insufficient,1.0,"Drug-5 targets the WNT pathway, which is involved in cell proliferation and differentiation, but its role in biliary tract cancer is uncertain due to limited evidence.",0.5,1.75
1,1L biliary tract cancer (+gemcitabine+cisplatin),none,no_kg,llama3.2:3b,1,8,H,8,0.125,0,0,0,1,,kg,insufficient,2.0,"The knowledge graph reports potential mechanistic links between Drug-5 and the treatment of 1L biliary tract cancer, but this is not supported by prior pharmacological evidence.",0.75,2.75
1,RET-fusion NSCLC (expanded),none,no_kg,llama3.2:3b,0,8,G,6,0.16666666666666666,0,0,0,1,,prior,insufficient,2.0,Drug-8 lacks clear evidence and annotations suggesting its relevance to cancer drugs targeting RET-fusions.,0.5,2.625
1,RET-fusion NSCLC (expanded),none,no_kg,llama3.2:3b,1,8,A,1,1.0,1,1,1,1,,prior,insufficient,4.0,Drug-A's mechanism of action as an EGFR inhibitor suggests potential relevance to RET-fusion NSCLC.,0.75,2.0
1,HR+/HER2- metastatic breast cancer,none,no_kg,llama3.2:3b,0,8,H,7,0.14285714285714285,0,0,0,1,,kg,insufficient,3.0,"Drug-7 is linked to the Hedgehog pathway in the knowledge graph; however, this association lacks mechanistic support for HR+/HER2- metastatic breast cancer.",0.625,3.625
1,HR+/HER2- metastatic breast cancer,none,no_kg,llama3.2:3b,1,8,D,1,1.0,1,1,1,1,,kg,consistent,4.0,"Drug-7 is associated with the pathway involved in HR+/HER2- metastatic breast cancer (DOID:1612), mechanistic links retrieved from a biomedical knowledge graph.",0.75,1.75
1,Pheochromocytoma/paraganglioma,none,no_kg,llama3.2:3b,0,8,B,9,0.1111111111111111,0,0,0,1,,,,,,0.5714285714285714,1.8571428571428572
1,Pheochromocytoma/paraganglioma,none,no_kg,llama3.2:3b,1,8,D,1,1.0,1,1,1,1,,,,,,,
1,Gastric/GEJ adenocarcinoma (1L +chemo),none,no_kg,llama3.2:3b,0,8,A,3,0.3333333333333333,0,1,1,1,,both,consistent,5.0,"The mechanistic link between Drug-A and the mTOR pathway, combined with its reported anti-cancer activity in preclinical studies, suggests a strong potential for efficacy in gastric/GEJ adenocarcinoma.",0.75,2.75
1,Gastric/GEJ adenocarcinoma (1L +chemo),none,no_kg,llama3.2:3b,1,8,D,1,1.0,1,1,1,1,,both,consistent,4.0,Drug-8 has strong mechanistic links to pathways involved in cancer progression and angiogenesis.,0.8571428571428571,2.142857142857143
1,Metastatic colorectal cancer,none,no_kg,llama3.2:3b,0,8,H,1,1.0,1,1,1,1,,prior,insufficient,1.0,"has anti-anxiety properties, unlikely to have direct effect on cancer cells",0.0,1.0
1,Metastatic colorectal cancer,none,no_kg,llama3.2:3b,1,8,C,3,0.3333333333333333,0,1,1,1,,prior,insufficient,3.0,Prior knowledge suggests its potential role in colorectal cancer treatment.,0.5714285714285714,2.4285714285714284
1,Gastric/GEJ adenocarcinoma,none,no_kg,llama3.2:3b,0,8,H,8,0.125,0,0,0,1,,kg,insufficient,1.0,"With no KG evidence and a lack of reported anti-tumor effects, Drug-7 is the least promising candidate.",0.75,1.75
1,Gastric/GEJ adenocarcinoma,none,no_kg,llama3.2:3b,1,8,H,8,0.125,0,0,0,1,,kg,insufficient,2.0,"The knowledge graph provides limited information on Drug H's mechanism of action, which does not directly correlate with gastric adenocarcinoma.",0.875,2.5
1,Urothelial carcinoma (expanded population),none,no_kg,llama3.2:3b,0,8,E,3,0.3333333333333333,0,1,1,1,,kg,insufficient,2.0,"Although candidate E has been linked to a relevant pathway (e.g., inhibition of mTOR), its direct evidence for urothelial carcinoma is lacking.",0.875,2.125
1,Urothelial carcinoma (expanded population),none,no_kg,llama3.2:3b,1,8,G,8,0.125,0,0,0,1,,kg,insufficient,1.0,KG evidence for association with WNT/β-catenin pathway is limited and conflicting with prior knowledge on cancer treatment targets.,0.75,1.875
1,HER2+ early-stage BC (neoadjuvant + adjuvant),none,no_kg,llama3.2:3b,0,8,D,1,1.0,1,1,1,1,,both,consistent,4.0,"Drug-2 has known anti-angiogenic effects, targeting HER2+ in BC.",0.5714285714285714,2.2857142857142856
1,HER2+ early-stage BC (neoadjuvant + adjuvant),none,no_kg,llama3.2:3b,1,8,C,2,0.5,0,1,1,1,,kg,conflicting,2.0,"Drug-3 has mechanistic plausibility due to its association with the HER2 pathway, but evidence from the KG is limited and does not align with known pharmacology.",1.0,1.625
1,Pediatric BRAF V600E low-grade glioma,none,no_kg,llama3.2:3b,0,8,G,4,0.25,0,0,1,1,,kg,conflicting,1.0,Conflicting KG evidence targeting multiple pathways,0.625,2.125
1,Pediatric BRAF V600E low-grade glioma,none,no_kg,llama3.2:3b,1,8,E,8,0.125,0,0,0,1,,kg,conflicting,1.0,"Drug-5 has a reported mechanism of action against V600E, but the pathway is not directly related to glioma. The knowledge graph suggests an association with other cancers.",0.875,2.125
1,HR+/HER2- early breast cancer (adjuvant),none,no_kg,llama3.2:3b,0,8,H,7,0.14285714285714285,0,0,0,1,,prior,insufficient,1.0,No reported associations with HR+ disease or breast cancer progression,0.625,2.0
1,HR+/HER2- early breast cancer (adjuvant),none,no_kg,llama3.2:3b,1,8,C,3,0.3333333333333333,0,1,1,1,,kg,conflicting,2.0,"The KG links Drug-C to the Wnt/β-catenin pathway in breast cancer, but pharmacological knowledge suggests that it primarily targets EGFR.",0.625,1.875
1,HR+/HER2-low breast cancer,none,no_kg,llama3.2:3b,0,8,B,7,0.14285714285714285,0,0,0,1,,both,conflicting,1.0,Drug-8 has a mechanistic link to the Wnt/β-catenin pathway but KG evidence is limited and conflicting with prior knowledge.,0.5,1.875
1,HR+/HER2-low breast cancer,none,no_kg,llama3.2:3b,1,8,G,5,0.2,0,0,1,1,,kg,insufficient,1.0,Mechanistic links for Drug-8 are not available or directly relevant to HR+/HER2-low breast cancer.,0.75,1.875
1,Platinum-resistant ovarian carcinoma (PD-L1+ CPS≥1),none,no_kg,llama3.2:3b,0,8,D,4,0.25,0,0,1,1,,prior,insufficient,2.0,Prior knowledge suggests that PI3K/AKT pathway inhibitors may be less effective for PD-L1+ CPS≥1.,0.625,2.125
1,Platinum-resistant ovarian carcinoma (PD-L1+ CPS≥1),none,no_kg,llama3.2:3b,1,8,F,3,0.3333333333333333,0,1,1,1,,kg,insufficient,2.0,Lack of mechanistic links from the knowledge graph to support its association with PD-L1+ CPS≥1.,0.625,2.625
1,TRD monotherapy,primekg,kg,llama3.2:3b,0,8,G,8,0.125,0,0,0,1,,kg,insufficient,1.0,Mechanistic plausibility is insufficient due to limited knowledge graph evidence linking Drug-7 to TRD treatment.,0.875,1.75
1,TRD monotherapy,primekg,kg,llama3.2:3b,1,8,E,2,0.5,0,1,1,1,,prior,insufficient,3.0,Prior knowledge suggests potential for neurodevelopmental effects but KG evidence is limited.,0.625,1.875
1,ILD-associated pulmonary hypertension,primekg,kg,llama3.2:3b,0,8,E,1,1.0,1,1,1,1,,both,consistent,5.0,"E targets P2RY12, PPARD, and CYP2C9, which are all involved in the regulation of pulmonary hypertension and have a mechanistic link to ILD-associated pulmonary hypertension.",0.25,2.75
1,ILD-associated pulmonary hypertension,primekg,kg,llama3.2:3b,1,8,E,8,0.125,0,0,0,1,,kg,conflicting,4.0,"Knowledge graph shows associations with PPARD, but its direct connection to ILD-associated pulmonary hypertension is unclear.",0.5,3.625
1,Indolent systemic mastocytosis (EMA),primekg,kg,llama3.2:3b,0,8,A,2,0.5,0,1,1,1,,kg,conflicting,3.0,"Candidate Drug-8 targets KIT, but its target profile includes ABCG2, which may not be directly related to EMA.",1.0,1.875
1,Indolent systemic mastocytosis (EMA),primekg,kg,llama3.2:3b,1,8,G,9,0.1111111111111111,0,0,0,1,,,,,,0.0,3.0
1,Hidradenitis suppurativa,primekg,kg,llama3.2:3b,0,8,B,7,0.14285714285714285,0,0,0,1,,both,conflicting,3.0,"While Drug-7 has a mechanistic link to hidradenitis suppurativa, its direct relevance is uncertain due to limited evidence.",1.0,2.0
1,Hidradenitis suppurativa,primekg,kg,llama3.2:3b,1,8,F,2,0.5,0,1,1,1,,prior,insufficient,3.0,"Targets IL17A, but its use in treating Hidradenitis suppurativa is unknown",0.25,2.375
1,Chronic hepatitis B (pediatric),primekg,kg,llama3.2:3b,0,8,D,1,1.0,1,1,1,1,,prior,conflicting,3.0,"Targets HIF1A, which is relevant to liver function and disease.",0.75,2.0
1,Chronic hepatitis B (pediatric),primekg,kg,llama3.2:3b,1,8,C,6,0.16666666666666666,0,0,0,1,,prior,conflicting,1.0,Targets relevant to liver function but broad profile makes it less targeted than drug-3 and more generic.,0.5,1.75
1,HoFH pediatric (EMA),primekg,kg,llama3.2:3b,0,8,H,8,0.125,0,0,0,1,,kg,insufficient,1.0,KG evidence for Drug-8 is sparse and unclear.,0.625,2.75
1,HoFH pediatric (EMA),primekg,kg,llama3.2:3b,1,8,D,2,0.5,0,1,1,1,,prior,insufficient,1.0,"No direct evidence linking Drug-7 to HoFH pediatric (EMA) in the KG. However, Drug-7 targets ABCG2, which is involved in cholesterol transport.",0.42857142857142855,1.8571428571428572
1,Nephrotic syndrome,primekg,kg,llama3.2:3b,0,8,C,5,0.2,0,0,1,1,,kg,conflicting,1.0,Targeting MS4A1 has uncertain effects on kidney function without direct evidence.,0.5,1.75
1,Nephrotic syndrome,primekg,kg,llama3.2:3b,1,8,B,6,0.16666666666666666,0,0,0,1,,prior,insufficient,1.0,Involves a protein with unknown relevance to nephrotic syndrome.,0.5,1.75
1,Follicular lymphoma,primekg,kg,llama3.2:3b,0,8,E,1,1.0,1,1,1,1,,prior,insufficient,2.0,"Targeting CD19, which is associated with follicular lymphoma in the knowledge graph.",0.2857142857142857,2.5714285714285716
1,Follicular lymphoma,primekg,kg,llama3.2:3b,1,8,B,5,0.2,0,0,1,1,,both,consistent,5.0,Strong mechanistic plausibility due to direct association between CD19 and follicular lymphoma in the KG,0.5714285714285714,3.4285714285714284
1,Retinal vein occlusion,primekg,kg,llama3.2:3b,0,8,C,2,0.5,0,1,1,1,,both,insufficient,3.0,,0.625,1.75
1,Retinal vein occlusion,primekg,kg,llama3.2:3b,1,8,F,6,0.16666666666666666,0,0,0,1,,kg,insufficient,1.0,Drug-7 targets HCN2 but no direct link to retinal vein occlusion was found in the knowledge graph.,1.0,1.875
1,Agitation associated with Alzheimer's dementia,primekg,kg,llama3.2:3b,0,8,H,5,0.2,0,0,1,1,,kg,insufficient,1.0,"the provided evidence shows no clear link to agitation; hence, we cannot determine its relevance solely based on the knowledge graph",0.5,1.875
1,Agitation associated with Alzheimer's dementia,primekg,kg,llama3.2:3b,1,8,D,1,1.0,1,1,1,1,,both,consistent,4.0,Mechanistic link from the knowledge graph supports its relevance.,0.625,1.75
1,High LDL-C with increased CV risk (expanded),primekg,kg,llama3.2:3b,0,8,H,2,0.5,0,1,1,1,,kg,consistent,4.0,"Drug-8 targets PCSK9, the primary regulator of LDL-C levels",0.375,2.125
1,High LDL-C with increased CV risk (expanded),primekg,kg,llama3.2:3b,1,8,B,1,1.0,1,1,1,1,,both,consistent,5.0,"Directly targets PCSK9, a key player in LDL-C regulation.",0.75,1.875
1,Indolent systemic mastocytosis,primekg,kg,llama3.2:3b,0,8,E,1,1.0,1,1,1,1,,both,consistent,4.0,"Drug-8 targets KIT, a known target in systemic mastocytosis, and has a plausible pharmacological mechanism of action for this disease.",0.42857142857142855,2.2857142857142856
1,Indolent systemic mastocytosis,primekg,kg,llama3.2:3b,1,8,E,1,1.0,1,1,1,1,,both,consistent,5.0,"Mechanistic links indicate Drug-8 targets KIT and ABCG2, relevant to indolent systemic mastocytosis.",0.2857142857142857,2.142857142857143
1,EGPA (expanded),primekg,kg,llama3.2:3b,0,8,H,9,0.1111111111111111,0,0,0,1,,,,,,0.4,2.2
1,EGPA (expanded),primekg,kg,llama3.2:3b,1,8,A,1,1.0,1,1,1,1,,,,,,,
1,COVID-19 (expanded population),primekg,kg,llama3.2:3b,0,8,F,3,0.3333333333333333,0,1,1,1,,kg,insufficient,2.0,"Some mechanistic links exist between Drug-8 and COVID-19, but more evidence is needed to confirm its effectiveness",0.5,2.125
1,COVID-19 (expanded population),primekg,kg,llama3.2:3b,1,8,G,3,0.3333333333333333,0,1,1,1,,prior,insufficient,2.0,"Although Drug-G targets multiple proteins with mechanistic links to diseases like gastroenteritis of swine and Coronaviridae infectious disease, its primary target CES1 is only linked to Middle East respiratory syndrome, which shares a similar pathogen but lacks the expanded population context.",0.125,2.25
1,Obstructive sleep apnea with obesity,primekg,kg,llama3.2:3b,0,8,B,6,0.16666666666666666,0,0,0,1,,prior,insufficient,2.0,No direct evidence from the knowledge graph for Drug-8's target APP in obstructive sleep apnea.,0.625,2.625
1,Obstructive sleep apnea with obesity,primekg,kg,llama3.2:3b,1,8,C,3,0.3333333333333333,0,1,1,1,,kg,conflicting,1.0,Targets irrelevant to disease,0.625,2.0
1,KRAS G12C+ mCRC,primekg,kg,llama3.2:3b,0,8,F,7,0.14285714285714285,0,0,0,1,,kg,conflicting,2.0,"Directly targets KRAS, but evidence of therapeutic effect is lacking",0.625,2.375
1,KRAS G12C+ mCRC,primekg,kg,llama3.2:3b,1,8,C,6,0.16666666666666666,0,0,0,1,,kg,conflicting,1.0,Targets KRAS but not specifically G12C+ mCRC,0.625,2.125
1,Diabetic retinopathy/DME (EMA Mar+May 2026),primekg,kg,llama3.2:3b,0,8,D,4,0.25,0,0,1,1,,prior,insufficient,1.0,,0.5,1.5
1,Diabetic retinopathy/DME (EMA Mar+May 2026),primekg,kg,llama3.2:3b,1,8,G,7,0.14285714285714285,0,0,0,1,,kg,insufficient,1.0,"The targets of Drug-6 include multiple transporters and enzymes, but the primary association is with ABCB1, which has limited relevance to Diabetic retinopathy/DME.",0.625,2.375
1,Chorea associated with Huntington's disease,primekg,kg,llama3.2:3b,0,8,G,4,0.25,0,0,1,1,,prior,insufficient,3.0,"Drug-8's targets CYP3A5 and CYP2D6 are associated with various pathways in HD (KG), but the direct connection to chorea is uncertain.",0.125,3.75
1,Chorea associated with Huntington's disease,primekg,kg,llama3.2:3b,1,8,C,5,0.2,0,0,1,1,,kg,conflicting,2.0,"Targeting of ABCB11 and CYP3A4/S5 suggests a plausible link to drug metabolism and transport, but the targeting of other genes like PTGDR2 and SLCO2A1 does not provide direct evidence for its effectiveness for this target.",0.8571428571428571,2.2857142857142856
1,Heart failure (broadened),primekg,kg,llama3.2:3b,0,8,C,6,0.16666666666666666,0,0,0,1,,prior,insufficient,3.0,"Multiple targets related to drug metabolism and transport, but limited evidence linking to heart failure",0.625,3.375
1,Heart failure (broadened),primekg,kg,llama3.2:3b,1,8,C,6,0.16666666666666666,0,0,0,1,,both,insufficient,2.0,,0.625,2.0
1,Acquired hypofibrinogenemia in cardiovascular surgery,primekg,kg,llama3.2:3b,0,8,G,8,0.125,0,0,0,1,,kg,insufficient,1.0,SLC12A3 is involved in electrolyte transport and has limited relevance to fibrinogen regulation and the disease.,0.75,1.875
1,Acquired hypofibrinogenemia in cardiovascular surgery,primekg,kg,llama3.2:3b,1,8,A,6,0.16666666666666666,0,0,0,1,,kg,insufficient,2.0,Drug-6's targets do not show a clear connection to coagulation or fibrinogen metabolism.,0.625,2.625
1,Pediatric atopic dermatitis,primekg,kg,llama3.2:3b,0,8,H,8,0.125,0,0,0,1,,kg,insufficient,1.0,"Similar to Drug-2, the KG provides limited mechanistic links between Drug-8 and atopic dermatitis.",0.625,2.125
1,Pediatric atopic dermatitis,primekg,kg,llama3.2:3b,1,8,D,2,0.5,0,1,1,1,,kg,insufficient,1.0,Lack of clear connections to pediatric atopic dermatitis.,0.75,1.5
1,COVID-19 updated strain,primekg,kg,llama3.2:3b,0,8,F,2,0.5,0,1,1,1,,kg,consistent,5.0,Relevant mechanism of action for COVID-19 replication and pathogenesis,0.42857142857142855,3.2857142857142856
1,COVID-19 updated strain,primekg,kg,llama3.2:3b,1,8,A,7,0.14285714285714285,0,0,0,1,,kg,insufficient,1.0,"Mechanistic links from the KG suggest Drug-8's inhibition of MGAM could impact COVID-19; however, this target is not well-known in relation to COVID-19 and evidence is sparse.",0.75,2.125
1,Delay T1D onset in children ≥1yr,primekg,kg,llama3.2:3b,0,8,B,9,0.1111111111111111,0,0,0,1,,,,,,0.5714285714285714,1.8571428571428572
1,Delay T1D onset in children ≥1yr,primekg,kg,llama3.2:3b,1,8,C,7,0.14285714285714285,0,0,0,1,,prior,insufficient,2.0,SLCO1A2 is involved in drug transport; the link to T1D in children is indirect and lacks direct evidence.,0.375,2.125
1,Unresectable thymic carcinoma (PMDA),primekg,kg,llama3.2:3b,0,8,B,8,0.125,0,0,0,1,,both,conflicting,3.0,"Targets multiple proteins involved in drug transport and metabolism, but evidence for FLT4 is unclear",0.5,2.875
1,Unresectable thymic carcinoma (PMDA),primekg,kg,llama3.2:3b,1,8,A,4,0.25,0,0,1,1,,prior,conflicting,1.0,,0.625,1.75
1,Retinal vein occlusion,primekg,kg,llama3.2:3b,0,8,G,2,0.5,0,1,1,1,,both,consistent,5.0,"KG links Drug-8 to VEGFA and ANGPT2, which are both involved in retinal vascular disease; pharmacological knowledge supports the potential of targeting these pathways for Retinal Vein Occlusion.",0.75,2.0
1,Retinal vein occlusion,primekg,kg,llama3.2:3b,1,8,A,1,1.0,1,1,1,1,,both,consistent,3.0,Drug-8's targets align with RVO's associated pathways.,0.6666666666666666,2.0
1,Spinal muscular atrophy (pediatric expansion),primekg,kg,llama3.2:3b,0,8,D,1,1.0,1,1,1,1,,prior,insufficient,4.0,Prior knowledge suggests Drug-3 may have potential in treating SMA due to its GABRA6 target.,0.375,1.5
1,Spinal muscular atrophy (pediatric expansion),primekg,kg,llama3.2:3b,1,8,B,5,0.2,0,0,1,1,,kg,insufficient,1.0,"Candidate Drug-8 targets SLC47A2, which is associated with Spinal muscular atrophy (pediatric expansion).",0.2857142857142857,1.2857142857142858
1,Chronic thromboembolic pulmonary hypertension,primekg,kg,llama3.2:3b,0,8,B,9,0.1111111111111111,0,0,0,1,,,,,,,
1,Chronic thromboembolic pulmonary hypertension,primekg,kg,llama3.2:3b,1,8,A,2,0.5,0,1,1,1,,prior,conflicting,4.0,Lack of direct evidence linking Drug-7 to DOID:6432 but relevance in drug metabolism pathways.,0.625,2.375
1,Polycythaemia vera and essential thrombocytopenia,primekg,kg,llama3.2:3b,0,8,A,2,0.5,0,1,1,1,,prior,insufficient,3.0,"Targets IFNAR1, a key component of the JAK/STAT pathway implicated in these diseases",0.75,1.75
1,Polycythaemia vera and essential thrombocytopenia,primekg,kg,llama3.2:3b,1,8,H,5,0.2,0,0,1,1,,kg,conflicting,2.0,Conflicts with prior knowledge; IFNAR1/IFNAR2 targets are more relevant to immune-mediated diseases,0.375,1.875
1,Generalized myasthenia gravis,primekg,kg,llama3.2:3b,0,8,D,1,1.0,1,1,1,1,,both,insufficient,3.0,Lack of direct evidence linking the drug to the disease,0.625,2.0
1,Generalized myasthenia gravis,primekg,kg,llama3.2:3b,1,8,G,7,0.14285714285714285,0,0,0,1,,kg,conflicting,1.0,Candidate G's target CD19 is not directly related to myasthenia gravis according to the KG.,0.5,2.75
1,Invasive fungal infections pediatric ≥2yr,primekg,kg,llama3.2:3b,0,8,D,1,1.0,1,1,1,1,,prior,insufficient,4.0,Drug-4 targets multiple receptors and enzymes relevant to fungal infection,0.5,1.625
1,Invasive fungal infections pediatric ≥2yr,primekg,kg,llama3.2:3b,1,8,D,4,0.25,0,0,1,1,,kg,insufficient,1.0,Targets a gene (ABCB1) involved in drug efflux but lacks mechanistic link or evidence related to fungal infections.,0.875,2.0
1,PKU expanded to ≥12yr,primekg,kg,llama3.2:3b,0,8,D,1,1.0,1,1,1,1,,prior,insufficient,3.0,Lack of direct link between targets and PKU disease mechanisms.,0.375,1.875
1,PKU expanded to ≥12yr,primekg,kg,llama3.2:3b,1,8,E,4,0.25,0,0,1,1,,kg,conflicting,1.0,knowledge graph links to multiple pathways but lacks direct relevance to PKU,0.5,2.0
1,IDH1-mutated relapsed/refractory MDS,primekg,kg,llama3.2:3b,0,8,H,8,0.125,0,0,0,1,,kg,consistent,5.0,"Targets multiple enzymes and transporters directly related to drug metabolism and transport, including IDH1, making it the highest ranked candidate",0.625,2.75
1,IDH1-mutated relapsed/refractory MDS,primekg,kg,llama3.2:3b,1,8,G,7,0.14285714285714285,0,0,0,1,,kg,insufficient,2.0,"Targets multiple transporters and enzymes involved in bilirubin metabolism, but no direct link to IDH1 or its pathway",0.75,2.5
1,Retinopathy of prematurity,primekg,kg,llama3.2:3b,0,8,F,3,0.3333333333333333,0,1,1,1,,kg,consistent,4.0,VEGFB and VEGFA inhibition is plausible for treating retinopathy of prematurity based on the KG evidence.,0.5,2.0
1,Retinopathy of prematurity,primekg,kg,llama3.2:3b,1,8,A,1,1.0,1,1,1,1,,both,consistent,4.0,Drug-6's anti-VEGF mechanism is a promising approach to treating Retinopathy of Prematurity.,0.5,2.125
1,Agitation associated with Alzheimer's dementia,primekg,kg,llama3.2:3b,0,8,C,2,0.5,0,1,1,1,,kg,conflicting,3.0,"Targets ADRA1B and HTR2A, which have associations with the disease but lack direct link to agitation.",0.5,1.75
1,Agitation associated with Alzheimer's dementia,primekg,kg,llama3.2:3b,1,8,H,7,0.14285714285714285,0,0,0,1,,kg,insufficient,1.0,"Drug-5 was considered due to its targets including ADRA1B and CYP2D6, but no direct links were found in the knowledge graph relating these targets to this disease",0.5,2.0
1,LDL-C elevation in statin-intolerant dyslipidemia,primekg,kg,llama3.2:3b,0,8,G,4,0.25,0,0,1,1,,kg,conflicting,2.0,The knowledge graph evidence for Drug-6's effectiveness in treating LDL-C elevation is conflicting and unclear.,0.875,2.25
1,LDL-C elevation in statin-intolerant dyslipidemia,primekg,kg,llama3.2:3b,1,8,A,1,1.0,1,1,1,1,,kg,consistent,4.0,Targeting SLCO4C1 is a promising approach for treating LDL-C elevation in statin-intolerant dyslipidemia.,0.375,1.75
1,First-line anemia in lower-risk MDS,primekg,kg,llama3.2:3b,0,8,A,6,0.16666666666666666,0,0,0,1,,kg-vs-knowledge,insufficient,1.0,Mechanistic plausibility lacks clear evidence from the provided knowledge graph,0.5,2.75
1,First-line anemia in lower-risk MDS,primekg,kg,llama3.2:3b,1,8,B,7,0.14285714285714285,0,0,0,1,,kg,conflicting,1.0,Mechanistic link from XDH to first-line anemia in MDS is unclear,0.5,1.5
1,Atopic dermatitis,primekg,kg,llama3.2:3b,0,8,B,4,0.25,0,0,1,1,,prior,insufficient,1.0,"SLC transporters and JAK inhibition have potential anti-inflammatory effects, but evidence for atopic dermatitis is limited",0.25,1.75
1,Atopic dermatitis,primekg,kg,llama3.2:3b,1,8,H,8,0.125,0,0,0,1,,kg,conflicting,1.0,"Targets JAK3 and ABCG2; however, these targets are more commonly associated with immune disorders and transport of compounds, respectively.",0.5,1.875
1,Acute HCV pediatric,primekg,kg,llama3.2:3b,0,8,H,7,0.14285714285714285,0,0,0,1,,kg,conflicting,2.0,Multiple conflicting targets reported in the knowledge graph for Drug-8,0.5714285714285714,2.7142857142857144
1,Acute HCV pediatric,primekg,kg,llama3.2:3b,1,8,G,5,0.2,0,0,1,1,,kg,insufficient,1.0,Sparse evidence on direct relevance to Acute HCV pediatric.,0.375,2.25
1,HoFH in children,primekg,kg,llama3.2:3b,0,8,C,3,0.3333333333333333,0,1,1,1,,kg,consistent,5.0,Drug-8 targets ORM1 which has been linked to cholesterol biosynthesis providing mechanistic plausibility,0.3333333333333333,3.0
1,HoFH in children,primekg,kg,llama3.2:3b,1,8,H,8,0.125,0,0,0,1,,kg,uncertain,1.0,Insufficient information available,0.625,2.125
1,dMMR/MSI-H primary advanced endometrial cancer (+chemo),primekg,kg,llama3.2:3b,0,8,F,5,0.2,0,0,1,1,,kg,conflicting,2.0,Target PDCD1 has no direct association with endometrial cancer,0.375,1.875
1,dMMR/MSI-H primary advanced endometrial cancer (+chemo),primekg,kg,llama3.2:3b,1,8,C,3,0.3333333333333333,0,1,1,1,,prior,conflicting,2.0,"Prior knowledge suggests drug-8 may target different pathways, but no clear mechanism for dMMR/MSI-H primary advanced endometrial cancer (+chemo).",0.625,1.75
1,Cerebral folate transport deficiency,primekg,kg,llama3.2:3b,0,8,H,8,0.125,0,0,0,1,,prior,insufficient,2.0,Prior knowledge of Drug-1's relevance to amino acid metabolism suggests potential irrelevance to folate transport.,0.5,1.875
1,Cerebral folate transport deficiency,primekg,kg,llama3.2:3b,1,8,E,2,0.5,0,1,1,1,,both,consistent,4.0,"Targets SLC16A10, which is a folate transporter and targets XDH, an enzyme involved in folate synthesis",0.8571428571428571,2.142857142857143
1,Reduce MACE in CVD + obesity/overweight,primekg,kg,llama3.2:3b,0,8,B,9,0.1111111111111111,0,0,0,1,,,,,,0.5714285714285714,1.5714285714285714
1,Reduce MACE in CVD + obesity/overweight,primekg,kg,llama3.2:3b,1,8,F,3,0.3333333333333333,0,1,1,1,,both,conflicting,2.0,"Candidate F has some overlapping targets with candidate A, but its additional target GLP1R does not align well with the known mechanisms for reducing MACE in CVD + obesity/overweight.",1.0,1.875
1,Palmoplantar pustulosis (PMDA),primekg,kg,llama3.2:3b,0,8,F,3,0.3333333333333333,0,1,1,1,,prior,insufficient,2.0,"Targeting IL23A with Drug-7 may be beneficial for PMDA, given the role of IL-23 in inflammation and skin disease",0.75,2.0
1,Palmoplantar pustulosis (PMDA),primekg,kg,llama3.2:3b,1,8,B,7,0.14285714285714285,0,0,0,1,,prior,insufficient,1.0,"Targets IL23A, but its drug profile is limited and does not provide direct evidence for PMDA.",0.25,1.875
1,Measles prophylaxis post-exposure,primekg,kg,llama3.2:3b,0,8,C,5,0.2,0,0,1,1,,prior,insufficient,1.0,No direct mechanistic links to measles prophylaxis post-exposure,0.25,1.75
1,Measles prophylaxis post-exposure,primekg,kg,llama3.2:3b,1,8,A,1,1.0,1,1,1,1,,kg,consistent,4.0,"Drug-1 targets FCGR1B, a receptor involved in viral entry into cells.",0.625,1.75
1,CKD in T2D,primekg,kg,llama3.2:3b,0,8,G,3,0.3333333333333333,0,1,1,1,,kg,insufficient,2.0,"Drug-6's broad range of targets does not show direct associations with CKD in T2D, and some targets may be unrelated to the disease.",0.625,1.75
1,CKD in T2D,primekg,kg,llama3.2:3b,1,8,E,1,1.0,1,1,1,1,,both,insufficient,2.0,"No direct evidence linking Drug-8 to CKD in T2D, but GLP1R targets are relevant",1.0,3.5
1,HER2-mutant NSCLC (PMDA),primekg,kg,llama3.2:3b,0,8,A,8,0.125,0,0,0,1,,kg,insufficient,1.0,Lack of direct link to HER2-mutant NSCLC (PMDA) in the knowledge graph,1.0,1.5
1,HER2-mutant NSCLC (PMDA),primekg,kg,llama3.2:3b,1,8,B,7,0.14285714285714285,0,0,0,1,,kg,conflicting,1.0,"Candidate Drug8 has targets related to transporters and immune function, which are not directly linked to PMDA.",0.375,1.75
1,Heterozygous familial hypercholesterolemia,primekg,kg,llama3.2:3b,0,8,E,1,1.0,1,1,1,1,,both,consistent,5.0,Mechanistic plausibility for Heterozygous familial hypercholesterolemia,0.5,2.3333333333333335
1,Heterozygous familial hypercholesterolemia,primekg,kg,llama3.2:3b,1,8,A,1,1.0,1,1,1,1,,kg,insufficient,3.0,"KG reports Drug-7 targets PCSK9, but evidence for its efficacy in treating HCH is limited.",0.75,2.5
1,Crohn's disease,primekg,kg,llama3.2:3b,0,8,A,1,1.0,1,1,1,1,,kg,consistent,4.0,"Drug-7 targets IL23A, which is associated with Crohn's disease in the knowledge graph.",0.625,1.875
1,Crohn's disease,primekg,kg,llama3.2:3b,1,8,C,6,0.16666666666666666,0,0,0,1,,prior,insufficient,1.0,"Candidate C targets multiple enzymes, but no direct connection to Crohn's disease was found in available literature",0.25,2.0
1,COVID-19 in severe renal impairment/dialysis,primekg,kg,llama3.2:3b,0,8,B,4,0.25,0,0,1,1,,prior,insufficient,5.0,No clear mechanistic link between CES1 and COVID-19 in severe renal impairment/dialysis based on provided knowledge graph associations.,0.75,3.375
1,COVID-19 in severe renal impairment/dialysis,primekg,kg,llama3.2:3b,1,8,F,3,0.3333333333333333,0,1,1,1,,prior,insufficient,2.0,"Drug-8 targets various transporters and enzymes, but the direct connection to COVID-19 in severe renal impairment/dialysis is unclear.",0.5,2.375
1,MASH with fibrosis,primekg,kg,llama3.2:3b,0,8,D,1,1.0,1,1,1,1,,prior,insufficient,4.0,LPL's involvement in fatty liver disease pathogenesis,0.375,2.0
1,MASH with fibrosis,primekg,kg,llama3.2:3b,1,8,H,7,0.14285714285714285,0,0,0,1,,prior,insufficient,1.0,"Drug-8 has some targets that could be relevant to drug metabolism and transport, but lacks direct evidence from the knowledge graph for fibrosis.",0.375,1.75
1,mHSPC + ADT,primekg,kg,llama3.2:3b,0,8,A,4,0.25,0,0,1,1,,kg,conflicting,1.0,"No clear mechanistic link to mHSPC + ADT, despite overlapping target sites with SLCO1B3/SLCO1B1",0.5,1.75
1,mHSPC + ADT,primekg,kg,llama3.2:3b,1,8,F,4,0.25,0,0,1,1,,prior,conflicting,2.0,"Prior knowledge suggests CHRM antagonists may be useful for prostate issues, but KG data is limited",0.25,2.375
1,Chronic kidney disease,primekg,kg,llama3.2:3b,0,8,F,3,0.3333333333333333,0,1,1,1,,kg,conflicting,2.0,"SLCO1B3 target associated with CKD in KG, but also linked to other conditions",0.75,2.0
1,Chronic kidney disease,primekg,kg,llama3.2:3b,1,8,E,1,1.0,1,1,1,1,,both,consistent,4.0,UGT enzymes' role in bilirubin metabolism adds plausibility.,0.5,2.75
1,Allergic fungal rhinosinusitis (AFRS) ≥6yr,primekg,kg,llama3.2:3b,0,8,E,5,0.2,0,0,1,1,,kg,conflicting,2.0,"Targets IL4R, which is not associated with aspergillosis or AFRS in the KG",0.5,1.75
1,Allergic fungal rhinosinusitis (AFRS) ≥6yr,primekg,kg,llama3.2:3b,1,8,A,1,1.0,1,1,1,1,,kg,consistent,5.0,Targeting IL4R is mechanistically plausible given its link to aspergillosis,0.625,2.125
1,Acquired hypothalamic obesity,primekg,kg,llama3.2:3b,0,8,G,3,0.3333333333333333,0,1,1,1,,kg,consistent,5.0,"The drug targets MC4R, a well-established receptor for melanocortins involved in regulating energy balance and body weight.",0.5,2.75
1,Acquired hypothalamic obesity,primekg,kg,llama3.2:3b,1,8,G,2,0.5,0,1,1,1,,kg,consistent,4.0,Targeting MC4R with Drug-8 could potentially address the disease's underlying biology related to hypothalamic function and appetite regulation.,1.0,1.875
1,Pediatric glioma (EMA),primekg,kg,llama3.2:3b,0,8,G,5,0.2,0,0,1,1,,,,,,,
1,Pediatric glioma (EMA),primekg,kg,llama3.2:3b,1,8,G,4,0.25,0,0,1,1,,both,consistent,3.0,Targets various genes involved in cellular processes that may impact glioma development and progression.,0.5,2.25
1,IV formulation for rheumatic diseases (EMA),primekg,kg,llama3.2:3b,0,8,G,5,0.2,0,0,1,1,,,,,,,
1,IV formulation for rheumatic diseases (EMA),primekg,kg,llama3.2:3b,1,8,G,4,0.25,0,0,1,1,,kg,insufficient,1.0,IL17A's link to immune dysregulation-inflammatory bowel disease-arthritis-recurrent infections syndrome is not directly related to Drug-6,0.75,1.75
1,Oral tablet formulation for weight management,primekg,kg,llama3.2:3b,0,8,E,3,0.3333333333333333,0,1,1,1,,prior,insufficient,2.0,Based on pharmacological knowledge of GLP1R's role in glucose metabolism and satiety regulation.,0.625,1.875
1,Oral tablet formulation for weight management,primekg,kg,llama3.2:3b,1,8,H,6,0.16666666666666666,0,0,0,1,,kg,conflicting,2.0,"Multiple targets, including GLP1R and DPP4, suggest potential effects on metabolism, but mechanistic links are unclear",0.5,2.25
1,dMMR recurrent/advanced endometrial cancer,primekg,kg,llama3.2:3b,0,8,E,5,0.2,0,0,1,1,,kg,insufficient,2.0,Targets PDCD1 but lacks established connections to dMMR in the KG.,0.42857142857142855,2.2857142857142856
1,dMMR recurrent/advanced endometrial cancer,primekg,kg,llama3.2:3b,1,8,D,3,0.3333333333333333,0,1,1,1,,both,insufficient,2.0,"Candidate D has some relevance via the broader pathway of PDCD1, but its specific relevance is uncertain without more direct connections to genes associated with dMMR recurrent/advanced endometrial cancer.",0.25,2.375
1,Primary humoral immunodeficiency pediatric 2-11yr,primekg,kg,llama3.2:3b,0,8,D,2,0.5,0,1,1,1,,,,,,,
1,Primary humoral immunodeficiency pediatric 2-11yr,primekg,kg,llama3.2:3b,1,8,E,1,1.0,1,1,1,1,,both,consistent,5.0,Mechanism of action on FCGR3A and its role in innate immunity aligns with disease profile.,0.25,2.375
1,Neoadj+adj HNSCC,primekg,kg,llama3.2:3b,0,8,C,3,0.3333333333333333,0,1,1,1,,prior,insufficient,2.0,Targets PDCD1 but lacks direct association with HNSCC target genes; may have indirect effects on the disease.,0.375,2.375
1,Neoadj+adj HNSCC,primekg,kg,llama3.2:3b,1,8,D,2,0.5,0,1,1,1,,kg,conflicting,3.0,Conflict between provided evidence for PDCD1 and its lack of association with Neoadj+adj HNSCC (DOID:5520).,0.5,1.75
1,Juvenile idiopathic arthritis (EMA Feb 2026),primekg,kg,llama3.2:3b,0,8,D,2,0.5,0,1,1,1,,kg,consistent,4.0,"Drug-7 targets JAK3 and JAK1, which are involved in the signaling pathways of immune cells and have been implicated in various autoimmune diseases, including juvenile idiopathic arthritis.",0.5714285714285714,2.0
1,Juvenile idiopathic arthritis (EMA Feb 2026),primekg,kg,llama3.2:3b,1,8,B,8,0.125,0,0,0,1,,kg,conflicting,1.0,"Candidate Drug-7 has some relevant targets but multiple unrelated ones, making the evidence for its use in JIA weak",0.5,1.75
1,"ALK+ solid tumors (tissue-agnostic, world-first)",primekg,kg,llama3.2:3b,0,8,E,1,1.0,1,1,1,1,,kg,consistent,5.0,Direct targeting of ALK provides strong support for its plausibility.,0.125,2.125
1,"ALK+ solid tumors (tissue-agnostic, world-first)",primekg,kg,llama3.2:3b,1,8,B,1,1.0,1,1,1,1,,both,consistent,4.0,"Directly targets ALK, a known driver mutation in ALK+ solid tumors.",0.875,2.125
1,Ulcerative colitis,primekg,kg,llama3.2:3b,0,8,B,4,0.25,0,0,1,1,,kg,insufficient,3.0,"Candidate Drug-8 targets IL23A, which is associated with Ulcerative colitis in the knowledge graph.",0.375,2.625
1,Ulcerative colitis,primekg,kg,llama3.2:3b,1,8,C,7,0.14285714285714285,0,0,0,1,,kg,insufficient,2.0,Candidate C lacks direct evidence from the knowledge graph and no clear link to ulcerative colitis in the provided drug profile.,0.625,2.0
1,Advanced RCC after PD-1/PD-L1 + VEGF-TKI,primekg,kg,llama3.2:3b,0,8,D,3,0.3333333333333333,0,1,1,1,,kg/prior,insufficient,4.0,Targeting EPAS1 may have implications for angiogenesis and hypoxia-related signaling pathways relevant to advanced RCC after PD-1/PD-L1 + VEGF-TKI,0.5,3.375
1,Advanced RCC after PD-1/PD-L1 + VEGF-TKI,primekg,kg,llama3.2:3b,1,8,H,5,0.2,0,0,1,1,,kg,insufficient,2.0,"The KG reports targets relevant to various cellular processes, but no clear connection to Advanced RCC after PD-1/PD-L1 + VEGF-TKI.",1.0,3.5
1,Ulcerative colitis,primekg,kg,llama3.2:3b,0,8,E,3,0.3333333333333333,0,1,1,1,,prior,insufficient,2.0,Target IL23A has limited relevance to ulcerative colitis,0.5,1.75
1,Ulcerative colitis,primekg,kg,llama3.2:3b,1,8,C,1,1.0,1,1,1,1,,prior,insufficient,3.0,Prior knowledge suggests its potential but lacks direct evidence supporting IL23R's role.,0.42857142857142855,2.0
1,BRAF V600E metastatic NSCLC,primekg,kg,llama3.2:3b,0,8,D,2,0.5,0,1,1,1,,prior,insufficient,3.0,Has multiple targets including CYP2C19 associated with BRAF V600E in the knowledge graph,0.625,1.75
1,BRAF V600E metastatic NSCLC,primekg,kg,llama3.2:3b,1,8,G,3,0.3333333333333333,0,1,1,1,,prior,insufficient,4.0,"Targets BRAF itself, suggesting some mechanistic plausibility.",0.5,2.875
1,Crohn's disease,primekg,kg,llama3.2:3b,0,8,F,6,0.16666666666666666,0,0,0,1,,prior,insufficient,1.0,"Drug-5 targets genes (UGT1A3, UGT1A9, UGT1A1) associated with other diseases and conflicts with pharmacological knowledge of Crohn's disease.",0.375,1.75
1,Crohn's disease,primekg,kg,llama3.2:3b,1,8,D,4,0.25,0,0,1,1,,both,insufficient,2.0,"Candidate D targets multiple transporters and enzymes, which could impact drug metabolism and transport. However, the association between Drug-8 and Crohn's disease is not directly supported by evidence.",0.25,2.0
1,dMMR/MSI-H primary advanced endometrial cancer,primekg,kg,llama3.2:3b,0,8,A,7,0.14285714285714285,0,0,0,1,,prior,insufficient,4.0,lacks direct association with dMMR/MSI-H primary advanced endometrial cancer but targets PDCD1 involved in immune regulation,0.5,3.75
1,dMMR/MSI-H primary advanced endometrial cancer,primekg,kg,llama3.2:3b,1,8,C,5,0.2,0,0,1,1,,kg,insufficient,3.0,"Candidate Drug-8 targets PDCD1, which has been implicated in various cancers including endometrial cancer",1.0,3.25
1,IgG4-related disease,primekg,kg,llama3.2:3b,0,8,H,8,0.125,0,0,0,1,,kg,conflicting,3.0,Unclear relevance due to multiple diseases and pathways,0.5,2.75
1,IgG4-related disease,primekg,kg,llama3.2:3b,1,8,B,5,0.2,0,0,1,1,,prior,conflicting,3.0,"Targets CD19, which is involved in B-cell activation; however, its connection to IgG4-related disease is unclear.",0.25,2.25
1,Ph+ CML-CP frontline (EMA Feb 2026),primekg,kg,llama3.2:3b,0,8,F,6,0.16666666666666666,0,0,0,1,,kg,insufficient,1.0,"Drug-3's targets show conflicting evidence, making it difficult to assess its relevance to Ph+ CML-CP frontline.",1.0,1.5
1,Ph+ CML-CP frontline (EMA Feb 2026),primekg,kg,llama3.2:3b,1,8,E,1,1.0,1,1,1,1,,both,consistent,4.0,"Drug-8 targets multiple genes related to leukemia and myeloid pathways, including CYP3A5, NR3C1, and SLC22A11, which are relevant to Ph+ CML-CP frontline disease.",0.375,2.0
1,EGPA,primekg,kg,llama3.2:3b,0,8,C,5,0.2,0,0,1,1,,kg,insufficient,3.0,"Targets MS4A2 and FCER1A, which are not directly linked to EGPA but have roles in other immune disorders.",0.625,3.0
1,EGPA,primekg,kg,llama3.2:3b,1,8,F,6,0.16666666666666666,0,0,0,1,,prior,insufficient,1.0,Drug-1 has the most relevant target MS4A2 related to EGPA.,0.75,1.75
1,Biliary tract cancer,primekg,kg,llama3.2:3b,0,8,A,1,1.0,1,1,1,1,,prior,consistent,4.0,Drug-8's mechanistic link to biliary tract cancer and its relevance to immune checkpoint regulation make it a promising candidate.,0.875,2.125
1,Biliary tract cancer,primekg,kg,llama3.2:3b,1,8,F,5,0.2,0,0,1,1,,prior,insufficient,2.0,"Targets programmed cell death protein 1 (PDCD1), which is involved in immune regulation. While this could potentially impact cancer cells, the connection to biliary tract cancer is not clear.",0.75,3.375
1,COPD,primekg,kg,llama3.2:3b,0,8,B,7,0.14285714285714285,0,0,0,1,,kg,conflicting,1.0,"IL4R is involved in immune responses, but the link to COPD is not clear; some studies suggest a potential role in asthma, not COPD.",0.5714285714285714,2.7142857142857144
1,COPD,primekg,kg,llama3.2:3b,1,8,C,8,0.125,0,0,0,1,,kg,conflicting,1.0,Candidate C targets UGT1A3 and CYP2C8 but the relationship to COPD is unclear due to conflicting information in the knowledge graph.,1.0,2.5
1,Primary mediastinal large B-cell lymphoma,primekg,kg,llama3.2:3b,0,8,G,4,0.25,0,0,1,1,,kg,conflicting,2.0,Targets PDCD1 with potential relevance to lymphoma biology but lacks direct links to PMLB.,0.625,2.75
1,Primary mediastinal large B-cell lymphoma,primekg,kg,llama3.2:3b,1,8,C,7,0.14285714285714285,0,0,0,1,,both,conflicting,1.0,Mechanism unclear due to lack of direct link and conflicting evidence on checkpoint inhibition,0.75,1.75
1,CRSwNP (eosinophilic chronic rhinosinusitis with nasal polyps),primekg,kg,llama3.2:3b,0,8,D,2,0.5,0,1,1,1,,kg,insufficient,2.0,,0.625,1.5
1,CRSwNP (eosinophilic chronic rhinosinusitis with nasal polyps),primekg,kg,llama3.2:3b,1,8,A,1,1.0,1,1,1,1,,prior,insufficient,3.0,Candidate Drug-8 lacks clear evidence for its relevance to CRSwNP.,0.125,1.875
1,RAS wild-type HER2+ metastatic colorectal cancer,primekg,kg,llama3.2:3b,0,8,F,1,1.0,1,1,1,1,,kg,conflicting,3.0,Targeting ERBB3 is promising but has no clear direct link to CEBPA-DT or other genes.,0.625,1.75
1,RAS wild-type HER2+ metastatic colorectal cancer,primekg,kg,llama3.2:3b,1,8,B,2,0.5,0,1,1,1,,kg,conflicting,3.0,"Although the drug targets ERBB3, its association with the target disease is not clear without more evidence.",0.7142857142857143,1.8571428571428572
1,Schnitzler syndrome (Japan),primekg,kg,llama3.2:3b,0,8,E,1,1.0,1,1,1,1,,both,consistent,5.0,Direct mechanistic link between Drug-8 and Schnitzler syndrome (Japan),0.25,2.625
1,Schnitzler syndrome (Japan),primekg,kg,llama3.2:3b,1,8,E,1,1.0,1,1,1,1,,kg,consistent,4.0,Directly targets IL1B associated with Schnitzler syndrome (Japan),0.75,2.125
1,HR+/HER2- breast cancer,primekg,kg,llama3.2:3b,0,8,A,5,0.2,0,0,1,1,,prior,insufficient,1.0,"Although Drug-8 targets multiple enzymes involved in breast cancer cell growth, its mechanistic plausibility for HR+/HER2- breast cancer is low due to a lack of direct connections to key regulators.",0.375,1.625
1,HR+/HER2- breast cancer,primekg,kg,llama3.2:3b,1,8,G,4,0.25,0,0,1,1,,kg,insufficient,3.0,"Targets TACSTD2, UGT1A1, FUBP1, and TOP1 with no direct link to HR+/HER2- breast cancer in the KG.",0.625,2.75
1,Psoriasis in children 6-11 (cream),primekg,kg,llama3.2:3b,0,8,B,7,0.14285714285714285,0,0,0,1,,prior,insufficient,1.0,Lack of direct links to Psoriasis in children 6-11 (cream) but a relevant drug profile.,0.5714285714285714,1.8571428571428572
1,Psoriasis in children 6-11 (cream),primekg,kg,llama3.2:3b,1,8,E,2,0.5,0,1,1,1,,prior,insufficient,3.0,"Candidate E targets PDE4 enzymes which could be relevant for Psoriasis in children 6-11 (cream), but its target genes and their association to the disease require further validation.",0.625,2.0
1,Resectable gastric/GEJ adenocarcinoma (neoadj+adj +FLOT),primekg,kg,llama3.2:3b,0,8,C,6,0.16666666666666666,0,0,0,1,,kg,insufficient,2.0,"The knowledge graph only associates Resectable gastric/GEJ adenocarcinoma with Drug-3's target CD274, but does not provide mechanistic links.",0.875,2.875
1,Resectable gastric/GEJ adenocarcinoma (neoadj+adj +FLOT),primekg,kg,llama3.2:3b,1,8,H,8,0.125,0,0,0,1,,prior,insufficient,1.0,Lack of clear mechanism or direct evidence linking Drug-6 to gastric/GEJ adenocarcinoma.,0.0,1.375
1,COPD (EMA 2025),primekg,kg,llama3.2:3b,0,8,G,5,0.2,0,0,1,1,,prior,insufficient,1.0,"Although Drug-7 targets IL4R, which plays a role in inflammation and immune responses, the link between this target and COPD is not well-established.",0.5,2.25
1,COPD (EMA 2025),primekg,kg,llama3.2:3b,1,8,E,1,1.0,1,1,1,1,,prior,insufficient,3.0,"IL4R targets IL-4, which is involved in inflammatory responses; COPD involves chronic inflammation.",0.75,2.75
1,Ph+ CML-CP after 2+ TKIs,primekg,kg,llama3.2:3b,0,8,G,5,0.2,0,0,1,1,,kg,conflicting,2.0,"KG reports associations with ABCB5 and ORM1, which are not directly linked to PRTN3 or CA9.",0.7142857142857143,2.2857142857142856
1,Ph+ CML-CP after 2+ TKIs,primekg,kg,llama3.2:3b,1,8,H,7,0.14285714285714285,0,0,0,1,,uncertain,insufficient,1.0,Insufficient information provided about Drug-8 and its mechanism of action.,0.125,2.0
1,IgE-mediated food allergy,primekg,kg,llama3.2:3b,0,8,D,6,0.16666666666666666,0,0,0,1,,prior,consistent,5.0,Strong mechanistic plausibility due to direct involvement in IgE-mediated response.,0.625,3.25
1,IgE-mediated food allergy,primekg,kg,llama3.2:3b,1,8,G,5,0.2,0,0,1,1,,kg,insufficient,1.0,FCER1A has no clear connection to IgE-mediated food allergy based on prior knowledge.,0.75,1.875
1,BRAF+ thyroid cancer,primekg,kg,llama3.2:3b,0,8,E,2,0.5,0,1,1,1,,both,conflicting,4.0,"Drug-8 targets several genes, including MAP3K1, which is involved in the BRAF pathway. However, its target UGT1A1 also has connections to other diseases, reducing confidence.",0.25,2.25
1,BRAF+ thyroid cancer,primekg,kg,llama3.2:3b,1,8,F,8,0.125,0,0,0,1,,prior,insufficient,1.0,No known association between Drug-8 and BRAF+ thyroid cancer,0.5,1.75
1,Primary immunodeficiency pediatric (EMA),primekg,kg,llama3.2:3b,0,8,F,1,1.0,1,1,1,1,,both,consistent,4.0,Targets FCGR3A directly associated with Primary immunodeficiency pediatric (EMA),0.42857142857142855,2.142857142857143
1,Primary immunodeficiency pediatric (EMA),primekg,kg,llama3.2:3b,1,8,D,2,0.5,0,1,1,1,,kg,consistent,5.0,Strong mechanistic link to the disease through direct targeting of FCGR3A.,0.5,2.125
1,Biliary tract cancer 1L,primekg,kg,llama3.2:3b,0,8,A,6,0.16666666666666666,0,0,0,1,,kg,conflicting,3.0,"Candidate Drug-8 targets CD274, but prior knowledge suggests that targeting CD274 may not be effective for this disease.",0.625,2.375
1,Biliary tract cancer 1L,primekg,kg,llama3.2:3b,1,8,D,1,1.0,1,1,1,1,,prior,insufficient,4.0,The target gene CD274 is associated with immune regulation and does not show direct or strong mechanistic links to the disease.,0.25,3.375
1,Polymyalgia rheumatica,primekg,kg,llama3.2:3b,0,8,A,3,0.3333333333333333,0,1,1,1,,both,consistent,5.0,Mechanistic links targeting IL6R and FCGRs provide strong evidence for its potential to treat polymyalgia rheumatica.,0.875,2.5
1,Polymyalgia rheumatica,primekg,kg,llama3.2:3b,1,8,C,9,0.1111111111111111,0,0,0,1,,,,,,,
1,Chronic lymphocytic leukemia,primekg,kg,llama3.2:3b,0,8,F,4,0.25,0,0,1,1,,both,conflicting,1.0,Targets multiple kinases but direct links to TEC or TXK are uncertain.,0.375,1.875
1,Chronic lymphocytic leukemia,primekg,kg,llama3.2:3b,1,8,F,2,0.5,0,1,1,1,,kg,insufficient,1.0,"Some targets relevant to CLL, but no direct evidence",0.625,1.75
1,"Crohn's disease (moderate-severe, refractory)",primekg,kg,llama3.2:3b,0,8,E,2,0.5,0,1,1,1,,both,consistent,4.0,"Candidate Drug-6 has a mechanistic link to IL23A, which is associated with Crohn's disease via the knowledge graph.",0.875,1.75
1,"Crohn's disease (moderate-severe, refractory)",primekg,kg,llama3.2:3b,1,8,C,5,0.2,0,0,1,1,,kg,insufficient,2.0,"Mechanistic link to Crohn's disease is available, but prior pharmacological evidence is limited and conflicting.",0.75,2.25
1,HER2-mutant NSCLC (EMA),primekg,kg,llama3.2:3b,0,8,H,3,0.3333333333333333,0,1,1,1,,prior,insufficient,4.0,"Some targets overlap with cancer-related genes, but mechanism is less clear",0.42857142857142855,3.0
1,HER2-mutant NSCLC (EMA),primekg,kg,llama3.2:3b,1,8,F,3,0.3333333333333333,0,1,1,1,,kg,insufficient,1.0,Lacks direct connections to the disease.,0.625,1.625
1,Giant cell arteritis,primekg,kg,llama3.2:3b,0,8,E,1,1.0,1,1,1,1,,prior,insufficient,4.0,Its target JAK1 could be relevant to Giant cell arteritis.,0.625,1.875
1,Giant cell arteritis,primekg,kg,llama3.2:3b,1,8,H,4,0.25,0,0,1,1,,kg,conflicting,2.0,"Drug-8 targets multiple transporters and enzymes, but the knowledge graph's evidence for its efficacy in treating Giant cell arteritis is limited and conflicting.",0.75,1.875
1,First-line anemia in lower-risk MDS,primekg,kg,llama3.2:3b,0,8,E,6,0.16666666666666666,0,0,0,1,,kg,conflicting,4.0,ACSS2 targets are involved in purine metabolism but no direct link to MECOM or GATA2 found; may have other effects on hematopoiesis,0.625,3.125
1,First-line anemia in lower-risk MDS,primekg,kg,llama3.2:3b,1,8,E,2,0.5,0,1,1,1,,kg,insufficient,2.0,Mechanistic link between Drug-7 and UGT2B7 is not directly related to anemia or iron metabolism.,0.375,2.125
1,GVHD + pediatric,primekg,kg,llama3.2:3b,0,8,E,2,0.5,0,1,1,1,,both,consistent,3.0,Mechanistic link established through cytokine signaling pathways,0.25,2.0
1,GVHD + pediatric,primekg,kg,llama3.2:3b,1,8,F,3,0.3333333333333333,0,1,1,1,,kg,insufficient,4.0,Lack of direct association with GVHD + pediatric in the KG,0.5714285714285714,3.2857142857142856
1,MSI-H/dMMR solid tumors (full approval conversion),primekg,kg,llama3.2:3b,0,8,F,5,0.2,0,0,1,1,,kg,conflicting,2.0,Association with PDCD1 is not directly relevant to testicular yolk sac tumor or MSI-H/dMMR solid tumors,0.625,2.125
1,MSI-H/dMMR solid tumors (full approval conversion),primekg,kg,llama3.2:3b,1,8,E,1,1.0,1,1,1,1,,kg,conflicting,3.0,Targets PDCD1 but its relevance to immune system modulation is unclear.,0.375,1.75
1,Antibody-mediated rejection in organ transplantation,primekg,kg,llama3.2:3b,0,8,C,6,0.16666666666666666,0,0,0,1,,kg,uncertain,1.0,target MS4A1 not directly linked to immune response and limited evidence from KG,0.5,2.375
1,Antibody-mediated rejection in organ transplantation,primekg,kg,llama3.2:3b,1,8,A,3,0.3333333333333333,0,1,1,1,,kg,insufficient,2.0,Candidate A targets MS4A1 but no clear mechanistic link to antibody-mediated rejection in organ transplantation.,0.75,2.375
1,Pancreatic NET,primekg,kg,llama3.2:3b,0,8,D,3,0.3333333333333333,0,1,1,1,,prior,insufficient,2.0,Targets RET and other proteins implicated in pancreatic cancer but lacks clear mechanism.,0.42857142857142855,2.4285714285714284
1,Pancreatic NET,primekg,kg,llama3.2:3b,1,8,A,9,0.1111111111111111,0,0,0,1,,,,,,0.42857142857142855,2.857142857142857
1,Follicular lymphoma (+obinutuzumab),primekg,kg,llama3.2:3b,0,8,G,7,0.14285714285714285,0,0,0,1,,kg,insufficient,1.0,targeting multiple kinases and adenosine receptors suggests potential effects on cell proliferation and survival but lacks direct relevance to follicular lymphoma,0.75,1.75
1,Follicular lymphoma (+obinutuzumab),primekg,kg,llama3.2:3b,1,8,F,4,0.25,0,0,1,1,,kg,conflicting,1.0,,0.5,1.75
1,HR+/HER2- node-positive high-risk early breast cancer,primekg,kg,llama3.2:3b,0,8,E,1,1.0,1,1,1,1,,prior,insufficient,4.0,"Drug-8 targets CDK6, which is known to be involved in cell cycle regulation and has been implicated in various cancers.",0.625,1.75
1,HR+/HER2- node-positive high-risk early breast cancer,primekg,kg,llama3.2:3b,1,8,D,1,1.0,1,1,1,1,,both,consistent,4.0,targeting ORM2 and related pathways,0.5,1.75
1,BRAF+ thyroid cancer,primekg,kg,llama3.2:3b,0,8,F,8,0.125,0,0,0,1,,both,conflicting,2.0,"Drug-6 targets BRAF but also CCND1, making its relevance unclear",0.5,2.25
1,BRAF+ thyroid cancer,primekg,kg,llama3.2:3b,1,8,B,6,0.16666666666666666,0,0,0,1,,kg,conflicting,1.0,Targets other pathways that may not be directly relevant to the disease,0.5,1.875
1,HER2+ solid tumors (tumor-agnostic),primekg,kg,llama3.2:3b,0,8,G,8,0.125,0,0,0,1,,kg,conflicting,1.0,Knowledge graph evidence for Drug-6 is limited and conflicts with other information about its mechanism of action.,0.5,1.75
1,HER2+ solid tumors (tumor-agnostic),primekg,kg,llama3.2:3b,1,8,C,6,0.16666666666666666,0,0,0,1,,kg,conflicting,1.0,Conflicting connections between multiple targets and testicular yolk sac tumor,0.42857142857142855,2.0
1,"mCRC BRAF V600E (traditional approval, was accelerated)",primekg,kg,llama3.2:3b,0,8,E,3,0.3333333333333333,0,1,1,1,,prior,insufficient,3.0,Lack of evidence linking Drug-7 to mCRC BRAF V600E despite its target on BRAF.,0.5,2.625
1,"mCRC BRAF V600E (traditional approval, was accelerated)",primekg,kg,llama3.2:3b,1,8,H,4,0.25,0,0,1,1,,kg,conflicting,2.0,The presence of CCND1 as a target for Drug-7 raises concerns about its potential effects on cell cycle regulation in mCRC BRAF V600E.,0.75,2.125
1,"Pediatric low-grade glioma (+dabrafenib, BRAF V600E)",primekg,kg,llama3.2:3b,0,8,F,3,0.3333333333333333,0,1,1,1,,kg,conflicting,2.0,"Knowledge graph suggests possible association between UGT1A3 and glioma, but evidence is uncertain and not well-established in pharmacological literature",0.7142857142857143,1.8571428571428572
1,"Pediatric low-grade glioma (+dabrafenib, BRAF V600E)",primekg,kg,llama3.2:3b,1,8,G,7,0.14285714285714285,0,0,0,1,,kg,conflicting,3.0,"Targets multiple enzymes that could be relevant to dabrafenib's mechanism of action, but its direct relevance to pediatric low-grade glioma is uncertain.",0.625,2.25
1,HR+/HER2- metastatic breast cancer,primekg,kg,llama3.2:3b,0,8,D,1,1.0,1,1,1,1,,prior,insufficient,3.0,Lack of mechanistic link to HR+/HER2- metastatic breast cancer,0.75,2.75
1,HR+/HER2- metastatic breast cancer,primekg,kg,llama3.2:3b,1,8,D,1,1.0,1,1,1,1,,kg,consistent,4.0,UGT1A1 is associated with gene MIR489 in the knowledge graph,0.625,1.875
1,1L biliary tract cancer (+gemcitabine+cisplatin),primekg,kg,llama3.2:3b,0,8,E,6,0.16666666666666666,0,0,0,1,,prior,insufficient,2.0,Drug-5's target PDCD1 has no established role in cancer treatment.,0.625,2.375
1,1L biliary tract cancer (+gemcitabine+cisplatin),primekg,kg,llama3.2:3b,1,8,D,1,1.0,1,1,1,1,,prior,insufficient,4.0,Targeting CDKN2A could inhibit cancer cell proliferation,0.5714285714285714,1.8571428571428572
1,RET-fusion NSCLC (expanded),primekg,kg,llama3.2:3b,0,8,H,7,0.14285714285714285,0,0,0,1,,kg,conflicting,2.0,"Targets multiple proteins involved in drug transport and metabolism, making it a plausible candidate but with limited direct relevance to RET-fusion NSCLC.",0.75,1.875
1,RET-fusion NSCLC (expanded),primekg,kg,llama3.2:3b,1,8,A,3,0.3333333333333333,0,1,1,1,,kg,consistent,3.0,Direct target of RET,0.375,1.75
1,HR+/HER2- metastatic breast cancer,primekg,kg,llama3.2:3b,0,8,D,1,1.0,1,1,1,1,,prior,insufficient,4.0,Prior knowledge suggests that drugs targeting enzymes involved in DNA repair (like PARP2) could be effective against HR+/HER2- metastatic breast cancer.,0.5,2.375
1,HR+/HER2- metastatic breast cancer,primekg,kg,llama3.2:3b,1,8,D,1,1.0,1,1,1,1,,both,consistent,4.0,"Drug-2 targets SLC22A6 and Drug-7 targets PARP1, key enzymes in breast cancer treatment.",1.0,1.6666666666666667
1,Pheochromocytoma/paraganglioma,primekg,kg,llama3.2:3b,0,8,D,7,0.14285714285714285,0,0,0,1,,kg,insufficient,1.0,Lack of association with Pheochromocytoma/paraganglioma or its relevant pathways,0.5,3.25
1,Pheochromocytoma/paraganglioma,primekg,kg,llama3.2:3b,1,8,E,1,1.0,1,1,1,1,,prior,insufficient,4.0,"Mechanistic plausibility is high due to EPAS1's role in hypoxia response, but direct evidence from the knowledge graph is lacking.",0.0,1.75
1,Gastric/GEJ adenocarcinoma (1L +chemo),primekg,kg,llama3.2:3b,0,8,C,6,0.16666666666666666,0,0,0,1,,prior,conflicting,1.0,"Targets CD274, which is involved in cell death pathways, but no clear evidence of this affecting gastric/GEJ adenocarcinoma.",0.5,1.625
1,Gastric/GEJ adenocarcinoma (1L +chemo),primekg,kg,llama3.2:3b,1,8,F,6,0.16666666666666666,0,0,0,1,,prior,insufficient,1.0,"Targets CD274, which is associated with cancer immunotherapy but lacks direct connection to gastric/GEJ adenocarcinoma.",0.25,2.5
1,Metastatic colorectal cancer,primekg,kg,llama3.2:3b,0,8,A,1,1.0,1,1,1,1,,both,consistent,4.0,Both SLC28A1 and TYMS have links to Metastatic colorectal cancer,0.75,1.75
1,Metastatic colorectal cancer,primekg,kg,llama3.2:3b,1,8,F,3,0.3333333333333333,0,1,1,1,,prior,insufficient,2.0,,0.5,2.375
1,Gastric/GEJ adenocarcinoma,primekg,kg,llama3.2:3b,0,8,D,1,1.0,1,1,1,1,,kg,insufficient,4.0,Direct mechanistic link from the knowledge graph to gastric/GEJ adenocarcinoma,0.5,1.75
1,Gastric/GEJ adenocarcinoma,primekg,kg,llama3.2:3b,1,8,H,8,0.125,0,0,0,1,,kg,uncertain,1.0,"No direct evidence linking Drug-7 to gastric/GEJ adenocarcinoma, and its target CD274 is not directly related to the disease's pathways.",0.5,2.25
1,Urothelial carcinoma (expanded population),primekg,kg,llama3.2:3b,0,8,B,9,0.1111111111111111,0,0,0,0,,,,,,,
1,Urothelial carcinoma (expanded population),primekg,kg,llama3.2:3b,1,8,F,4,0.25,0,0,1,1,,kg,insufficient,1.0,Lack of direct mechanistic link and profile lacks relevance to Urothelial carcinoma,0.625,2.125
1,HER2+ early-stage BC (neoadjuvant + adjuvant),primekg,kg,llama3.2:3b,0,8,H,7,0.14285714285714285,0,0,0,1,,kg,conflicting,1.0,"The target of Drug-8 is FCGR1A, which has been associated with various immune disorders. However, the strength of its association to HER2+ early-stage BC is not clear without further research.",0.7142857142857143,2.2857142857142856
1,HER2+ early-stage BC (neoadjuvant + adjuvant),primekg,kg,llama3.2:3b,1,8,G,7,0.14285714285714285,0,0,0,1,,kg,insufficient,1.0,No direct evidence links Drug-8 to HER2+ early-stage BC (neoadjuvant + adjuvant).,0.7142857142857143,1.8571428571428572
1,Pediatric BRAF V600E low-grade glioma,primekg,kg,llama3.2:3b,0,8,G,3,0.3333333333333333,0,1,1,1,,prior,insufficient,2.0,"Implicated in cancer progression, but mechanism against BRAF V600E low-grade glioma is unclear without direct connections.",0.5,2.125
1,Pediatric BRAF V600E low-grade glioma,primekg,kg,llama3.2:3b,1,8,H,8,0.125,0,0,0,1,,prior,insufficient,3.0,Targets relevant pathways for cancer progression but lack of clear connection.,0.5,2.375
1,HR+/HER2- early breast cancer (adjuvant),primekg,kg,llama3.2:3b,0,8,G,4,0.25,0,0,1,1,,both,consistent,4.0,"Targets CDK4 and CDK6, providing strong mechanistic plausibility.",0.42857142857142855,3.2857142857142856
1,HR+/HER2- early breast cancer (adjuvant),primekg,kg,llama3.2:3b,1,8,C,5,0.2,0,0,1,1,,prior,insufficient,3.0,Lack of mechanistic links to HR+/HER2- early breast cancer (adjuvant) based on targets,0.25,3.25
1,HR+/HER2-low breast cancer,primekg,kg,llama3.2:3b,0,8,H,8,0.125,0,0,0,1,,kg,insufficient,1.0,Mechanistic link between Drug-H and SLCO1B3 does not provide direct evidence for plausibility.,0.75,1.875
1,HR+/HER2-low breast cancer,primekg,kg,llama3.2:3b,1,8,G,4,0.25,0,0,1,1,,prior,insufficient,1.0,Lack of direct connection to HR+/HER2-low breast cancer in the knowledge graph and conflicting targets.,0.375,1.75
1,Platinum-resistant ovarian carcinoma (PD-L1+ CPS≥1),primekg,kg,llama3.2:3b,0,8,F,5,0.2,0,0,1,1,,kg,insufficient,2.0,PDCD1 inhibition is not directly linked to PD-L1+ CPS≥1 and lacks relevant pharmacological profiles,1.0,2.4285714285714284
1,Platinum-resistant ovarian carcinoma (PD-L1+ CPS≥1),primekg,kg,llama3.2:3b,1,8,F,1,1.0,1,1,1,1,,prior,insufficient,3.0,"Drug-6 targets PDCD1, which is relevant to PD-L1+ CPS≥1 but lacks strong evidence from the knowledge graph.",0.125,2.625
1,TRD monotherapy,drkg,kg,llama3.2:3b,0,8,C,4,0.25,0,0,1,1,,kg,conflicting,1.0,Conflicting evidence: Drug-7 targets GRIN3B and NTRK2 but also targets other genes with unclear relationships to TRD monotherapy.,0.75,1.75
1,TRD monotherapy,drkg,kg,llama3.2:3b,1,8,A,5,0.2,0,0,1,1,,prior,insufficient,2.0,Lacks direct association with TRD monotherapy.,0.625,3.25
1,ILD-associated pulmonary hypertension,drkg,kg,llama3.2:3b,0,8,F,2,0.5,0,1,1,1,,prior,insufficient,5.0,"Candidate Drug-1 has multiple mechanisms of action that are not directly linked to ILD-associated pulmonary hypertension or related genes, making it difficult to assess its plausibility.",0.25,3.25
1,ILD-associated pulmonary hypertension,drkg,kg,llama3.2:3b,1,8,D,1,1.0,1,1,1,1,,kg,conflicting,3.0,"Drug-1 targets NVA292, which is not directly related to ILD-associated pulmonary hypertension. However, it also upregulates KIAA1109 and downregulates several other genes, suggesting potential off-target effects.",1.0,1.875
1,Indolent systemic mastocytosis (EMA),drkg,kg,llama3.2:3b,0,8,B,7,0.14285714285714285,0,0,0,1,,kg,conflicting,1.0,Conflicts with prior knowledge that EMA (DOID:349) is not directly related to Drug-8's targets.,0.125,2.0
1,Indolent systemic mastocytosis (EMA),drkg,kg,llama3.2:3b,1,8,B,5,0.2,0,0,1,1,,prior,conflicting,4.0,Activation of multiple RXFPs but lacks clear connection to EMA.,0.25,2.625
1,Hidradenitis suppurativa,drkg,kg,llama3.2:3b,0,8,B,3,0.3333333333333333,0,1,1,1,,prior,insufficient,2.0,Inhibition of IL17A may have implications for hidradenitis suppurativa,0.375,1.75
1,Hidradenitis suppurativa,drkg,kg,llama3.2:3b,1,8,C,2,0.5,0,1,1,1,,prior,insufficient,3.0,"Inhibits IL17A, relevant but no established link in KG",0.5,2.5
1,Chronic hepatitis B (pediatric),drkg,kg,llama3.2:3b,0,8,B,5,0.2,0,0,1,1,,prior,conflicting,2.0,Drug-6 primarily targets anti-inflammatory drugs without direct evidence for hepatitis B treatment.,0.5,2.5
1,Chronic hepatitis B (pediatric),drkg,kg,llama3.2:3b,1,8,D,4,0.25,0,0,1,1,,kg,conflicting,5.0,"The target of Drug-6, NVA275, is not directly related to the molecular mechanisms underlying chronic hepatitis B (pediatric), making its potential efficacy uncertain.",0.5,2.875
1,HoFH pediatric (EMA),drkg,kg,llama3.2:3b,0,8,E,2,0.5,0,1,1,1,,kg,conflicting,4.0,The drug's target is not explicitly linked to HoFH pediatric (EMA) but its inhibition of IARS1 may play a role in lipid metabolism.,0.5,3.25
1,HoFH pediatric (EMA),drkg,kg,llama3.2:3b,1,8,A,6,0.16666666666666666,0,0,0,1,,prior,insufficient,1.0,"No direct link between Drug-8 and HoFH pediatric (EMA), despite its wide range of targets",0.375,1.875
1,Nephrotic syndrome,drkg,kg,llama3.2:3b,0,8,C,3,0.3333333333333333,0,1,1,1,,prior,insufficient,2.0,Uncertain relevance due to lack of direct connections to Nephrotic syndrome targets,0.5,2.375
1,Nephrotic syndrome,drkg,kg,llama3.2:3b,1,8,A,1,1.0,1,1,1,1,,prior,insufficient,3.0,"Candidate A's target is XIAP, which has a known role in apoptosis regulation, and some genes associated with nephrotic syndrome (COQ8B, INF2) have been implicated in cellular homeostasis",0.625,1.75
1,Follicular lymphoma,drkg,kg,llama3.2:3b,0,8,G,5,0.2,0,0,1,1,,,,,,,
1,Follicular lymphoma,drkg,kg,llama3.2:3b,1,8,A,9,0.1111111111111111,0,0,0,1,,,,,,0.8571428571428571,2.2857142857142856
1,Retinal vein occlusion,drkg,kg,llama3.2:3b,0,8,F,6,0.16666666666666666,0,0,0,1,,prior,insufficient,2.0,"Candidate F's targets include various transporters and enzymes, but the evidence is not directly linked to retinal vein occlusion.",0.0,2.0
1,Retinal vein occlusion,drkg,kg,llama3.2:3b,1,8,C,6,0.16666666666666666,0,0,0,1,,kg,insufficient,1.0,Mechanistic plausibility is uncertain due to limited evidence from the knowledge graph.,0.75,1.875
1,Agitation associated with Alzheimer's dementia,drkg,kg,llama3.2:3b,0,8,H,7,0.14285714285714285,0,0,0,1,,kg,conflicting,1.0,"Targets GRIN1 and inhibits various receptors, but no clear link to Alzheimer's dementia",0.625,2.125
1,Agitation associated with Alzheimer's dementia,drkg,kg,llama3.2:3b,1,8,G,4,0.25,0,0,1,1,,kg,insufficient,5.0,"While Drug-2 targets several genes involved in neuronal function and survival, the direct link between these targets and Alzheimer's dementia is unclear. Additionally, some of its targets, such as GRIN2C, are not directly related to the disease.",0.875,2.375
1,High LDL-C with increased CV risk (expanded),drkg,kg,llama3.2:3b,0,8,G,7,0.14285714285714285,0,0,0,1,,kg,insufficient,4.0,"No direct evidence from the knowledge graph, and some targets (e.g., GRIN3B) lack clear connections to High LDL-C with increased CV risk.",0.75,3.875
1,High LDL-C with increased CV risk (expanded),drkg,kg,llama3.2:3b,1,8,C,8,0.125,0,0,0,1,,prior,insufficient,1.0,Lack of direct evidence on lipid metabolism or CV risk based on binding profile,0.5,1.875
1,Indolent systemic mastocytosis,drkg,kg,llama3.2:3b,0,8,C,6,0.16666666666666666,0,0,0,1,,kg,conflicting,1.0,"The drug's inhibition of multiple targets, including ABCB5, does not provide clear evidence for its anti-mast cell activity.",1.0,1.875
1,Indolent systemic mastocytosis,drkg,kg,llama3.2:3b,1,8,H,8,0.125,0,0,0,1,,prior,insufficient,1.0,No mechanistic link provided,0.5,1.75
1,EGPA (expanded),drkg,kg,llama3.2:3b,0,8,B,3,0.3333333333333333,0,1,1,1,,both,conflicting,2.0,"Drug-7 targets IL5RA and FCGR3A, but its target IFNL3 is associated with a different disease pathway",0.25,1.75
1,EGPA (expanded),drkg,kg,llama3.2:3b,1,8,E,1,1.0,1,1,1,1,,both,consistent,4.0,"Drug-7 targets IL5RA, which is associated with EGPA (expanded), and its mechanism of action could be relevant to the disease.",0.25,1.875
1,COVID-19 (expanded population),drkg,kg,llama3.2:3b,0,8,D,1,1.0,1,1,1,1,,prior,insufficient,4.0,Lack of direct evidence makes it difficult to assess plausibility,0.625,2.0
1,COVID-19 (expanded population),drkg,kg,llama3.2:3b,1,8,G,8,0.125,0,0,0,1,,kg,insufficient,2.0,"The knowledge-graph evidence on Drug-G shows associations with AKR1C3 and PTGER1, but its connection to COVID-19 is unclear without further context.",0.875,2.75
1,Obstructive sleep apnea with obesity,drkg,kg,llama3.2:3b,0,8,F,4,0.25,0,0,1,1,,kg,conflicting,3.0,Targets drugbank:BE0004644 associated with SERPINF2 but no clear direct link to Obstructive sleep apnea with obesity in the KG,0.75,3.375
1,Obstructive sleep apnea with obesity,drkg,kg,llama3.2:3b,1,8,A,2,0.5,0,1,1,1,,kg,insufficient,3.0,"The target PTGS2 is involved in inflammation, which is a component of obstructive sleep apnea with obesity.",0.5,3.75
1,KRAS G12C+ mCRC,drkg,kg,llama3.2:3b,0,8,H,2,0.5,0,1,1,1,,kg,insufficient,1.0,"Directly targets KRAS, making it a strong candidate, but evidence is sparse beyond this point",0.625,1.5
1,KRAS G12C+ mCRC,drkg,kg,llama3.2:3b,1,8,H,2,0.5,0,1,1,1,,kg,consistent,5.0,"Directly targets KRAS, a known driver mutation in mCRC.",0.25,2.75
1,Diabetic retinopathy/DME (EMA Mar+May 2026),drkg,kg,llama3.2:3b,0,8,D,4,0.25,0,0,1,1,,both,conflicting,1.0,Inconsistent mechanisms and evidence; requires further investigation,0.625,1.75
1,Diabetic retinopathy/DME (EMA Mar+May 2026),drkg,kg,llama3.2:3b,1,8,B,6,0.16666666666666666,0,0,0,1,,prior,insufficient,2.0,Mechanisms are not directly related to Diabetic retinopathy/DME,0.625,2.125
1,Chorea associated with Huntington's disease,drkg,kg,llama3.2:3b,0,8,A,7,0.14285714285714285,0,0,0,1,,kg,insufficient,1.0,"Candidate A's drug profile does not directly relate to the target disease, and its targets are not well-characterized.",0.5,2.0
1,Chorea associated with Huntington's disease,drkg,kg,llama3.2:3b,1,8,G,6,0.16666666666666666,0,0,0,1,,kg,conflicting,3.0,The knowledge graph evidence for Drug-8 is uncertain and may not directly relate to chorea.,0.75,2.25
1,Heart failure (broadened),drkg,kg,llama3.2:3b,0,8,C,7,0.14285714285714285,0,0,0,1,,both,conflicting,1.0,Mechanistic links from the KG and prior knowledge indicate conflicting information regarding Drug-8's efficacy in heart failure.,0.375,2.125
1,Heart failure (broadened),drkg,kg,llama3.2:3b,1,8,H,8,0.125,0,0,0,1,,kg,insufficient,1.0,No clear evidence linking to heart failure.,0.875,1.75
1,Acquired hypofibrinogenemia in cardiovascular surgery,drkg,kg,llama3.2:3b,0,8,E,3,0.3333333333333333,0,1,1,1,,kg,conflicting,2.0,"Candidate E lacks direct evidence linking it to a relevant pathway or disease, and its targets are not directly related to fibrinogen production.",0.75,1.75
1,Acquired hypofibrinogenemia in cardiovascular surgery,drkg,kg,llama3.2:3b,1,8,G,8,0.125,0,0,0,1,,kg,insufficient,2.0,"Targets drugbank:BE0004810 and targets MIR21 with Drug-6, but no clear link to Acquired hypofibrinogenemia in cardiovascular surgery from the provided knowledge graph.",0.625,2.0
1,Pediatric atopic dermatitis,drkg,kg,llama3.2:3b,0,8,H,7,0.14285714285714285,0,0,0,1,,kg,insufficient,1.0,"The provided evidence for Drug-8 inhibiting JAK1 and targeting TYK2 is specific to immune-related diseases, not atopic dermatitis.",0.875,2.375
1,Pediatric atopic dermatitis,drkg,kg,llama3.2:3b,1,8,G,7,0.14285714285714285,0,0,0,1,,prior,insufficient,2.0,Lack of direct evidence linking PRL to pediatric atopic dermatitis,0.5,2.375
1,COVID-19 updated strain,drkg,kg,llama3.2:3b,0,8,B,8,0.125,0,0,0,1,,kg,insufficient,1.0,Candidate Drug-4 lacks mechanistic links directly related to COVID-19.,0.875,1.875
1,COVID-19 updated strain,drkg,kg,llama3.2:3b,1,8,G,7,0.14285714285714285,0,0,0,1,,kg,insufficient,2.0,"Limited information on Drug-8's target is available, and no direct link to COVID-19 is established.",0.875,1.625
1,Delay T1D onset in children ≥1yr,drkg,kg,llama3.2:3b,0,8,F,7,0.14285714285714285,0,0,0,1,,kg,insufficient,2.0,Inhibits several enzymes involved in drug metabolism but lacks direct connection to T1D.,1.0,2.25
1,Delay T1D onset in children ≥1yr,drkg,kg,llama3.2:3b,1,8,B,8,0.125,0,0,0,1,,prior,insufficient,3.0,No clear mechanistic link exists between Drug-7 and T1D delay in children.,0.5,2.75
1,Unresectable thymic carcinoma (PMDA),drkg,kg,llama3.2:3b,0,8,A,9,0.1111111111111111,0,0,0,1,,,,,,0.5714285714285714,2.142857142857143
1,Unresectable thymic carcinoma (PMDA),drkg,kg,llama3.2:3b,1,8,C,2,0.5,0,1,1,1,,kg,conflicting,4.0,"Drug-6 targets various receptor tyrosine kinases, which are involved in signaling pathways related to cancer. However, the specific link between these targets and PMDA is not established.",0.5,1.875
1,Retinal vein occlusion,drkg,kg,llama3.2:3b,0,8,E,4,0.25,0,0,1,1,,kg,insufficient,1.0,"Candidate E lacks mechanistic links to retinal vein occlusion, and the knowledge graph evidence is insufficient to support its use.",0.875,1.875
1,Retinal vein occlusion,drkg,kg,llama3.2:3b,1,8,F,5,0.2,0,0,1,1,,kg,insufficient,2.0,Lacking mechanistic links to the disease.,0.625,2.375
1,Spinal muscular atrophy (pediatric expansion),drkg,kg,llama3.2:3b,0,8,D,2,0.5,0,1,1,1,,both,consistent,4.0,Mechanistic plausibility due to targeting of SLC47A2 and its relevance to SMAT1.,0.25,1.5
1,Spinal muscular atrophy (pediatric expansion),drkg,kg,llama3.2:3b,1,8,C,2,0.5,0,1,1,1,,kg,insufficient,2.0,"The provided knowledge graph evidence for drug-8's target, SMO, is limited and does not directly relate to SMN1 or spinal muscular atrophy.",0.875,2.5
1,Chronic thromboembolic pulmonary hypertension,drkg,kg,llama3.2:3b,0,8,F,6,0.16666666666666666,0,0,0,1,,prior,insufficient,3.0,Lacks direct mechanistic link to the disease.,0.5,2.125
1,Chronic thromboembolic pulmonary hypertension,drkg,kg,llama3.2:3b,1,8,B,7,0.14285714285714285,0,0,0,1,,kg,conflicting,1.0,"Inhibits F10 and F2, which is not directly related to chronic thromboembolic pulmonary hypertension",0.5,2.25
1,Polycythaemia vera and essential thrombocytopenia,drkg,kg,llama3.2:3b,0,8,D,2,0.5,0,1,1,1,,kg,insufficient,3.0,"Activation of IFNAR1/IFNAR2 targets IL11 and CD177, which are associated with the disease through mechanistic links.",0.875,1.875
1,Polycythaemia vera and essential thrombocytopenia,drkg,kg,llama3.2:3b,1,8,G,4,0.25,0,0,1,1,,prior,consistent,5.0,"Activates IFNAR2 and IFNAR1, which could impact IL11 and CD177",0.42857142857142855,3.0
1,Generalized myasthenia gravis,drkg,kg,llama3.2:3b,0,8,F,4,0.25,0,0,1,1,,kg,insufficient,2.0,"Candidate F has limited mechanistic plausibility through inhibition of FGFRs, but the evidence does not align with pharmacological understanding of these targets in this context",0.625,2.625
1,Generalized myasthenia gravis,drkg,kg,llama3.2:3b,1,8,C,4,0.25,0,0,1,1,,kg,conflicting,1.0,Targets various receptors and drugbank targets without clear connections to myasthenia gravis.,0.875,1.875
1,Invasive fungal infections pediatric ≥2yr,drkg,kg,llama3.2:3b,0,8,B,1,1.0,1,1,1,1,,kg,consistent,4.0,"Drug-5 targets SMO, a pathway relevant to fungal infections.",0.75,1.875
1,Invasive fungal infections pediatric ≥2yr,drkg,kg,llama3.2:3b,1,8,F,6,0.16666666666666666,0,0,0,1,,kg,conflicting,1.0,Knowledge graph evidence is limited and conflicts with prior knowledge on drug targets for this disease.,0.5,2.125
1,PKU expanded to ≥12yr,drkg,kg,llama3.2:3b,0,8,E,2,0.5,0,1,1,1,,both,consistent,5.0,"Strong evidence links Drug-2 to downregulation of JMJD6, which is associated with PKU expanded to ≥12yr.",0.625,2.25
1,PKU expanded to ≥12yr,drkg,kg,llama3.2:3b,1,8,G,7,0.14285714285714285,0,0,0,1,,kg,insufficient,3.0,Has no clear connections to the disease,0.5,3.625
1,IDH1-mutated relapsed/refractory MDS,drkg,kg,llama3.2:3b,0,8,F,4,0.25,0,0,1,1,,prior,insufficient,2.0,No mechanistic links or direct evidence linking Drug-8 to IDH1-mutated relapsed/refractory MDS,0.7142857142857143,2.4285714285714284
1,IDH1-mutated relapsed/refractory MDS,drkg,kg,llama3.2:3b,1,8,A,1,1.0,1,1,1,1,,kg,consistent,4.0,"Directly targets IDH1, a key enzyme implicated in the target disease",0.5,2.375
1,Retinopathy of prematurity,drkg,kg,llama3.2:3b,0,8,E,5,0.2,0,0,1,1,,kg,insufficient,1.0,"The knowledge graph only reports targets for Drug-6 (PGF, KDR, VEGFA), but it does not provide a clear mechanistic link to Retinopathy of Prematurity.",0.75,1.375
1,Retinopathy of prematurity,drkg,kg,llama3.2:3b,1,8,A,1,1.0,1,1,1,1,,both,consistent,4.0,"Drug-6 targets both VEGFA and PIGF, which are involved in angiogenesis and vascular remodeling, processes implicated in ROp.",0.375,1.75
1,Agitation associated with Alzheimer's dementia,drkg,kg,llama3.2:3b,0,8,A,2,0.5,0,1,1,1,,both,consistent,4.0,HTR1A activation can induce agitation in Alzheimer's dementia patients,0.625,2.125
1,Agitation associated with Alzheimer's dementia,drkg,kg,llama3.2:3b,1,8,B,3,0.3333333333333333,0,1,1,1,,kg,conflicting,2.0,Drug-5 has conflicting mechanistic links to Alzheimer's dementia and potential off-target effects.,0.625,2.125
1,LDL-C elevation in statin-intolerant dyslipidemia,drkg,kg,llama3.2:3b,0,8,H,8,0.125,0,0,0,1,,kg,insufficient,1.0,Drug-8's targeting of PPARA makes it a less relevant candidate for treating LDL-C elevation.,1.0,1.875
1,LDL-C elevation in statin-intolerant dyslipidemia,drkg,kg,llama3.2:3b,1,8,G,6,0.16666666666666666,0,0,0,1,,kg,insufficient,1.0,Lack of direct evidence linking Drug-8 to LDL-C elevation in statin-intolerant dyslipidemia and potential conflicts with general pharmacological knowledge.,0.7142857142857143,1.8571428571428572
1,First-line anemia in lower-risk MDS,drkg,kg,llama3.2:3b,0,8,H,7,0.14285714285714285,0,0,0,1,,unclear,insufficient,1.0,Profile unclear without further information,0.5714285714285714,1.5714285714285714
1,First-line anemia in lower-risk MDS,drkg,kg,llama3.2:3b,1,8,H,8,0.125,0,0,0,1,,kg,insufficient,1.0,The drug's profile lacks direct connections to genes associated with the disease.,0.625,1.875
1,Atopic dermatitis,drkg,kg,llama3.2:3b,0,8,H,8,0.125,0,0,0,1,,kg,conflicting,4.0,"Inhibition of JAKs could modulate the immune response, but the lack of direct evidence linking it to atopic dermatitis raises concerns.",0.75,3.75
1,Atopic dermatitis,drkg,kg,llama3.2:3b,1,8,E,3,0.3333333333333333,0,1,1,1,,prior,conflicting,2.0,Prior knowledge basis but weak KG evidence,0.625,1.625
1,Acute HCV pediatric,drkg,kg,llama3.2:3b,0,8,D,1,1.0,1,1,1,1,,both,consistent,4.0,Significant mechanistic links and multiple targets implicated in Acute HCV pediatric.,0.375,1.875
1,Acute HCV pediatric,drkg,kg,llama3.2:3b,1,8,H,8,0.125,0,0,0,1,,kg,insufficient,1.0,Lack of mechanistic information prevented a confident ranking.,0.5,1.75
1,HoFH in children,drkg,kg,llama3.2:3b,0,8,C,5,0.2,0,0,1,1,,kg,conflicting,1.0,Conflicting evidence and unclear associations between Drug-8 and HoFH make its ranking uncertain.,0.875,1.75
1,HoFH in children,drkg,kg,llama3.2:3b,1,8,G,7,0.14285714285714285,0,0,0,1,,kg,insufficient,1.0,Lack of direct connection to HoFH or LDLRAP1 makes it uncertain,0.625,1.75
1,dMMR/MSI-H primary advanced endometrial cancer (+chemo),drkg,kg,llama3.2:3b,0,8,C,7,0.14285714285714285,0,0,0,1,,kg,insufficient,2.0,Targets multiple enzymes with unclear links to endometrial cancer or its mechanisms.,0.625,2.5
1,dMMR/MSI-H primary advanced endometrial cancer (+chemo),drkg,kg,llama3.2:3b,1,8,D,1,1.0,1,1,1,1,,prior,insufficient,2.0,Lack of information on the target of Drug-8.,0.5,3.375
1,Cerebral folate transport deficiency,drkg,kg,llama3.2:3b,0,8,E,5,0.2,0,0,1,1,,both,conflicting,2.0,Binding to multiple transporters with no clear relation to FOLR1,0.42857142857142855,2.0
1,Cerebral folate transport deficiency,drkg,kg,llama3.2:3b,1,8,E,3,0.3333333333333333,0,1,1,1,,prior,insufficient,2.0,"Targets SLC7A5 and INS, which could be related to folate metabolism but lacks clear evidence for FOLR1",0.5,1.75
1,Reduce MACE in CVD + obesity/overweight,drkg,kg,llama3.2:3b,0,8,D,3,0.3333333333333333,0,1,1,1,,prior,insufficient,2.0,Lack of direct evidence links targets to MACE reduction in CVD and obesity/overweight,0.625,2.0
1,Reduce MACE in CVD + obesity/overweight,drkg,kg,llama3.2:3b,1,8,E,1,1.0,1,1,1,1,,both,consistent,5.0,Drug-8's activation of GCG and targeting GLP1R provide clear mechanistic plausibility for reducing MACE in CVD + obesity/overweight.,0.5,2.25
1,Palmoplantar pustulosis (PMDA),drkg,kg,llama3.2:3b,0,8,F,5,0.2,0,0,1,1,,prior,insufficient,2.0,Prior knowledge does not strongly support IL23A's role in PMD.,0.375,2.375
1,Palmoplantar pustulosis (PMDA),drkg,kg,llama3.2:3b,1,8,G,7,0.14285714285714285,0,0,0,1,,prior,insufficient,2.0,"Activating OPRM1, a opioid receptor involved in pain modulation, may have therapeutic effects for PMDA, but evidence is limited",0.125,2.875
1,Measles prophylaxis post-exposure,drkg,kg,llama3.2:3b,0,8,B,2,0.5,0,1,1,1,,prior,insufficient,3.0,Drug-1 has some evidence of targeting immune cells but lacks direct links to the target disease.,0.375,2.0
1,Measles prophylaxis post-exposure,drkg,kg,llama3.2:3b,1,8,B,5,0.2,0,0,1,1,,kg,conflicting,4.0,Targets multiple immune-related receptors without direct evidence for measles prophylaxis,0.5714285714285714,3.0
1,CKD in T2D,drkg,kg,llama3.2:3b,0,8,H,8,0.125,0,0,0,1,,prior,conflicting,1.0,Targeted evidence is inconsistent with known pharmacological actions of Drug-1 for CKD in T2D,0.625,2.25
1,CKD in T2D,drkg,kg,llama3.2:3b,1,8,C,3,0.3333333333333333,0,1,1,1,,prior,insufficient,3.0,"GLP1R activation by Drug-8 suggests potential involvement in glucose metabolism, but a direct link to CKD in T2D is uncertain.",0.5,2.0
1,HER2-mutant NSCLC (PMDA),drkg,kg,llama3.2:3b,0,8,B,6,0.16666666666666666,0,0,0,1,,kg,conflicting,3.0,"Drug-8 targets FCGR1A, which is not directly associated with HER2-mutant NSCLC.",0.5,3.375
1,HER2-mutant NSCLC (PMDA),drkg,kg,llama3.2:3b,1,8,H,5,0.2,0,0,1,1,,prior,insufficient,1.0,Drug-8's mechanisms do not appear to have relevance to HER2-mutant NSCLC (PMDA),0.625,1.875
1,Heterozygous familial hypercholesterolemia,drkg,kg,llama3.2:3b,0,8,A,1,1.0,1,1,1,1,,prior,insufficient,3.0,Candidate A has no direct connection to HFH and PCSK9 inhibition is not a primary mechanism for lowering cholesterol,0.5,2.5
1,Heterozygous familial hypercholesterolemia,drkg,kg,llama3.2:3b,1,8,B,3,0.3333333333333333,0,1,1,1,,kg,conflicting,2.0,PCSK9 inhibition is relevant to cholesterol levels but does not directly target Heterozygous familial hypercholesterolemia.,1.0,2.0
1,Crohn's disease,drkg,kg,llama3.2:3b,0,8,F,2,0.5,0,1,1,1,,prior,insufficient,3.0,Targeting IL23A may be relevant to inflammation and immune response in Crohn's disease,0.75,1.75
1,Crohn's disease,drkg,kg,llama3.2:3b,1,8,C,5,0.2,0,0,1,1,,prior,insufficient,1.0,No clear mechanistic links to Crohn's disease despite targeting of IL23A.,0.5,1.75
1,COVID-19 in severe renal impairment/dialysis,drkg,kg,llama3.2:3b,0,8,G,6,0.16666666666666666,0,0,0,1,,kg,uncertain,1.0,,0.7142857142857143,2.0
1,COVID-19 in severe renal impairment/dialysis,drkg,kg,llama3.2:3b,1,8,C,3,0.3333333333333333,0,1,1,1,,kg,insufficient,2.0,Lack of specific associations with COVID-19-related pathways.,0.875,2.625
1,MASH with fibrosis,drkg,kg,llama3.2:3b,0,8,E,3,0.3333333333333333,0,1,1,1,,kg,insufficient,2.0,Activates GCG which targets GLP1R; no direct link to MASH with fibrosis reported,0.5,2.25
1,MASH with fibrosis,drkg,kg,llama3.2:3b,1,8,B,8,0.125,0,0,0,1,,kg,insufficient,2.0,Activation of GCG lacks clear mechanistic plausibility for this disease,0.625,3.125
1,mHSPC + ADT,drkg,kg,llama3.2:3b,0,8,E,2,0.5,0,1,1,1,,prior,insufficient,3.0,"Potential role of PGR and AR in mHSPC + ADT, but no direct evidence link",0.625,2.0
1,mHSPC + ADT,drkg,kg,llama3.2:3b,1,8,G,3,0.3333333333333333,0,1,1,1,,kg,conflicting,2.0,Targeting PGR and AR has mixed evidence on mHSPC + ADT treatment effects; further research is needed to determine its validity.,0.5,2.0
1,Chronic kidney disease,drkg,kg,llama3.2:3b,0,8,E,1,1.0,1,1,1,1,,kg,consistent,4.0,Inhibition of DPP4 has been linked to kidney function in some studies,0.5,1.75
1,Chronic kidney disease,drkg,kg,llama3.2:3b,1,8,A,1,1.0,1,1,1,1,,kg,insufficient,3.0,"Although Drug-8 targets INS, which is associated with MESH:D000740, the direct link to CKD (DOID:784) is unclear.",0.75,2.5
1,Allergic fungal rhinosinusitis (AFRS) ≥6yr,drkg,kg,llama3.2:3b,0,8,G,4,0.25,0,0,1,1,,kg,insufficient,1.0,"Targets IL4R, but lack of mechanistic link to AFRS pathogenesis.",0.7142857142857143,2.142857142857143
1,Allergic fungal rhinosinusitis (AFRS) ≥6yr,drkg,kg,llama3.2:3b,1,8,B,2,0.5,0,1,1,1,,kg,conflicting,4.0,"Direct target on IL4R, but no direct link to AFRS in provided evidence.",0.625,2.0
1,Acquired hypothalamic obesity,drkg,kg,llama3.2:3b,0,8,H,6,0.16666666666666666,0,0,0,1,,kg,conflicting,1.0,Drug-8 has evidence from the knowledge graph targeting MC4R but its pharmacological profile does not directly support this as a primary target.,1.0,2.0
1,Acquired hypothalamic obesity,drkg,kg,llama3.2:3b,1,8,E,1,1.0,1,1,1,1,,prior,insufficient,1.0,Lack of direct evidence linking Drug-8 to Acquired Hypothalamic Obesity targets.,0.375,1.625
1,Pediatric glioma (EMA),drkg,kg,llama3.2:3b,0,8,B,3,0.3333333333333333,0,1,1,1,,both,conflicting,2.0,"While Drug-6 has various mechanistic links, some of its associations are unclear or conflicting with known knowledge.",0.5,1.875
1,Pediatric glioma (EMA),drkg,kg,llama3.2:3b,1,8,B,1,1.0,1,1,1,1,,both,consistent,4.0,Strong mechanistic links from the knowledge graph and pharmacological profiles suggest its potential as a candidate.,0.625,1.75
1,IV formulation for rheumatic diseases (EMA),drkg,kg,llama3.2:3b,0,8,A,3,0.3333333333333333,0,1,1,1,,kg,conflicting,2.0,Mechanism of IL17A inhibition is indirect and may not be directly relevant to IV formulation for rheumatic diseases (EMA).,0.75,1.75
1,IV formulation for rheumatic diseases (EMA),drkg,kg,llama3.2:3b,1,8,A,1,1.0,1,1,1,1,,prior,insufficient,3.0,Inhibition of IL17A may impact rheumatic diseases indirectly.,0.5,2.5
1,Oral tablet formulation for weight management,drkg,kg,llama3.2:3b,0,8,B,4,0.25,0,0,1,1,,kg,consistent,4.0,Drug-8 has strong mechanistic plausibility due to its targeting of GLP1R.,0.875,1.75
1,Oral tablet formulation for weight management,drkg,kg,llama3.2:3b,1,8,C,6,0.16666666666666666,0,0,0,1,,kg,insufficient,1.0,,0.875,2.0
1,dMMR recurrent/advanced endometrial cancer,drkg,kg,llama3.2:3b,0,8,H,8,0.125,0,0,0,1,,kg,conflicting,2.0,Mechanism of action not clearly relevant to cancer biology and conflicting evidence on Drug-3's effect,0.625,2.0
1,dMMR recurrent/advanced endometrial cancer,drkg,kg,llama3.2:3b,1,8,G,5,0.2,0,0,1,1,,prior,insufficient,1.0,Lack of mechanistic links,0.5,1.875
1,Primary humoral immunodeficiency pediatric 2-11yr,drkg,kg,llama3.2:3b,0,8,E,2,0.5,0,1,1,1,,kg,conflicting,2.0,Targets FCGR receptors but no clear link to humoral immunity,0.625,2.25
1,Primary humoral immunodeficiency pediatric 2-11yr,drkg,kg,llama3.2:3b,1,8,B,9,0.1111111111111111,0,0,0,1,,,,,,,
1,Neoadj+adj HNSCC,drkg,kg,llama3.2:3b,0,8,B,5,0.2,0,0,1,1,,both,insufficient,1.0,"Targets multiple genes in DNA repair pathways (PMS2, MSH3, ALK) but lacks clear mechanistic link to HNSCC",0.375,1.75
1,Neoadj+adj HNSCC,drkg,kg,llama3.2:3b,1,8,D,1,1.0,1,1,1,1,,kg,consistent,4.0,"Drug-2 has mechanistic links to several pathways associated with Neoadj+adj HNSCC (IGKV1D-43, STAT5A), suggesting a plausible therapeutic target.",0.625,1.75
1,Juvenile idiopathic arthritis (EMA Feb 2026),drkg,kg,llama3.2:3b,0,8,H,8,0.125,0,0,0,1,,prior,insufficient,1.0,"The KG links between Drug-7 and Juvenile idiopathic arthritis are weak or non-existent, making it a less promising candidate.",0.125,1.75
1,Juvenile idiopathic arthritis (EMA Feb 2026),drkg,kg,llama3.2:3b,1,8,E,2,0.5,0,1,1,1,,both,consistent,4.0,Mechanistic plausibility due to JAK1 and JAK2 inhibition.,0.625,1.875
1,"ALK+ solid tumors (tissue-agnostic, world-first)",drkg,kg,llama3.2:3b,0,8,G,4,0.25,0,0,1,1,,both,consistent,5.0,Most direct links to ALK+ solid tumors.,0.375,2.125
1,"ALK+ solid tumors (tissue-agnostic, world-first)",drkg,kg,llama3.2:3b,1,8,G,7,0.14285714285714285,0,0,0,1,,kg,insufficient,1.0,"Targets multiple pathways, including those related to ALK mutations, but evidence is sparse and conflicts with prior knowledge of ALK inhibitors.",0.625,1.75
1,Ulcerative colitis,drkg,kg,llama3.2:3b,0,8,B,1,1.0,1,1,1,1,,kg,consistent,4.0,Directly targets IL12B associated with Ulcerative Colitis in the knowledge graph,0.625,2.625
1,Ulcerative colitis,drkg,kg,llama3.2:3b,1,8,C,5,0.2,0,0,1,1,,kg,insufficient,1.0,Targets IL12B but lacks direct evidence relating it to ulcerative colitis.,0.75,2.125
1,Advanced RCC after PD-1/PD-L1 + VEGF-TKI,drkg,kg,llama3.2:3b,0,8,A,4,0.25,0,0,1,1,,kg,conflicting,2.0,"Drug-8 targets EPAS1, which is not directly associated with the disease. However, it has a mechanistic link to Advanced RCC after PD-1/PD-L1 + VEGF-TKI through gene MIR1233-1, but this evidence is sparse.",0.6666666666666666,2.6666666666666665
1,Advanced RCC after PD-1/PD-L1 + VEGF-TKI,drkg,kg,llama3.2:3b,1,8,C,5,0.2,0,0,1,1,,both,insufficient,4.0,"Candidate C targets EPAS1 with no direct intersection with the disease genes MIR1233-1, LINC01138, PLOD1;PLOD2;PLOD3.",0.5714285714285714,3.4285714285714284
1,Ulcerative colitis,drkg,kg,llama3.2:3b,0,8,D,1,1.0,1,1,1,1,,kg,insufficient,3.0,Insufficient mechanistic links from the knowledge graph.,0.5,2.75
1,Ulcerative colitis,drkg,kg,llama3.2:3b,1,8,A,1,1.0,1,1,1,1,,prior,insufficient,4.0,Targeting IL-23 with drugs like Ustekinumab can be beneficial for inflammatory diseases like ulcerative colitis.,0.0,2.375
1,BRAF V600E metastatic NSCLC,drkg,kg,llama3.2:3b,0,8,G,7,0.14285714285714285,0,0,0,1,,prior,insufficient,2.0,Mechanism of action plausible based on prior pharmacological knowledge but lacks direct link to BRAF V600E pathway in KG.,0.875,2.125
1,BRAF V600E metastatic NSCLC,drkg,kg,llama3.2:3b,1,8,E,2,0.5,0,1,1,1,,kg,conflicting,3.0,Broad target range and relevant pathways but lacks specificity for BRAF V600E,0.5,1.875
1,Crohn's disease,drkg,kg,llama3.2:3b,0,8,A,1,1.0,1,1,1,1,,kg,insufficient,3.0,"Lack of direct association with Crohn's disease in the knowledge graph, but Drug-8 targets JAK2 and JAK1, which are involved in inflammatory responses.",0.75,2.375
1,Crohn's disease,drkg,kg,llama3.2:3b,1,8,B,1,1.0,1,1,1,1,,both,consistent,4.0,Drug-8 has a clear target in JAK3 and evidence from the knowledge graph for an anti-inflammatory effect.,0.375,2.25
1,dMMR/MSI-H primary advanced endometrial cancer,drkg,kg,llama3.2:3b,0,8,E,4,0.25,0,0,1,1,,prior,insufficient,1.0,"There is limited evidence linking Drug-6 to dMMR/MSI-H primary advanced endometrial cancer, making it a less promising candidate.",0.75,2.0
1,dMMR/MSI-H primary advanced endometrial cancer,drkg,kg,llama3.2:3b,1,8,F,6,0.16666666666666666,0,0,0,1,,kg,insufficient,1.0,Lack of clear mechanistic plausibility based on provided evidence.,0.875,1.875
1,IgG4-related disease,drkg,kg,llama3.2:3b,0,8,F,5,0.2,0,0,1,1,,prior,insufficient,1.0,Targets related to folate metabolism or drug transporters are not directly linked to IgG4-related disease based on prior knowledge.,0.25,1.375
1,IgG4-related disease,drkg,kg,llama3.2:3b,1,8,H,7,0.14285714285714285,0,0,0,1,,kg,conflicting,1.0,"The provided knowledge graph evidence for Drug-7 is unclear and conflicts with general pharmacological knowledge, making its ranking uncertain",0.42857142857142855,2.0
1,Ph+ CML-CP frontline (EMA Feb 2026),drkg,kg,llama3.2:3b,0,8,A,2,0.5,0,1,1,1,,kg,consistent,5.0,Direct inhibition of ABL1 is a plausible mechanism for treating Ph+ CML-CP frontline,0.75,3.0
1,Ph+ CML-CP frontline (EMA Feb 2026),drkg,kg,llama3.2:3b,1,8,F,6,0.16666666666666666,0,0,0,1,,prior,insufficient,1.0,"Candidate F has several potential targets, but the provided KG evidence does not directly link to CML-CP.",0.5,1.75
1,EGPA,drkg,kg,llama3.2:3b,0,8,E,4,0.25,0,0,1,1,,kg,conflicting,1.0,Limited connections to EGPA through gene targets or pathways.,0.375,2.375
1,EGPA,drkg,kg,llama3.2:3b,1,8,E,3,0.3333333333333333,0,1,1,1,,prior,insufficient,2.0,"Lack of direct evidence linking Drug-1 to EGPA, despite its targets.",0.5,2.0
1,Biliary tract cancer,drkg,kg,llama3.2:3b,0,8,C,9,0.1111111111111111,0,0,0,1,,,,,,0.2857142857142857,2.5714285714285716
1,Biliary tract cancer,drkg,kg,llama3.2:3b,1,8,C,2,0.5,0,1,1,1,,kg,conflicting,1.0,,0.5,1.875
1,COPD,drkg,kg,llama3.2:3b,0,8,A,8,0.125,0,0,0,1,,kg,conflicting,2.0,COPD downregulates SMCO2; Drug-8 targets IL4R (no direct relation),0.5,2.0
1,COPD,drkg,kg,llama3.2:3b,1,8,B,3,0.3333333333333333,0,1,1,1,,both,insufficient,2.0,Candidate B targets IL4R but lacks direct connections to COPD pathways.,0.375,3.125
1,Primary mediastinal large B-cell lymphoma,drkg,kg,llama3.2:3b,0,8,G,9,0.1111111111111111,0,0,0,1,,,,,,1.0,2.0
1,Primary mediastinal large B-cell lymphoma,drkg,kg,llama3.2:3b,1,8,A,1,1.0,1,1,1,1,,kg,consistent,4.0,Strong mechanistic link to PDCD1 and immunoregulation.,0.5,1.875
1,CRSwNP (eosinophilic chronic rhinosinusitis with nasal polyps),drkg,kg,llama3.2:3b,0,8,H,5,0.2,0,0,1,1,,prior,insufficient,3.0,"Similar to G, there is no clear connection between GABA modulators and CRSwNP. Drug-5's profile does not appear to have a mechanistic link to the disease.",0.625,2.625
1,CRSwNP (eosinophilic chronic rhinosinusitis with nasal polyps),drkg,kg,llama3.2:3b,1,8,H,9,0.1111111111111111,0,0,0,1,,,,,,0.5714285714285714,2.142857142857143
1,RAS wild-type HER2+ metastatic colorectal cancer,drkg,kg,llama3.2:3b,0,8,A,2,0.5,0,1,1,1,,kg,conflicting,4.0,"While Drug-7 targets ERBB2, which is associated with HER2+ breast cancer, the evidence does not directly link it to colorectal cancer. However, its potential as a candidate cannot be fully ruled out.",0.8571428571428571,1.8571428571428572
1,RAS wild-type HER2+ metastatic colorectal cancer,drkg,kg,llama3.2:3b,1,8,C,3,0.3333333333333333,0,1,1,1,,prior,insufficient,2.0,Direct targeting of ERBB2 with no further mechanistic details provided.,0.625,1.875
1,Schnitzler syndrome (Japan),drkg,kg,llama3.2:3b,0,8,H,7,0.14285714285714285,0,0,0,1,,prior,insufficient,1.0,Lacks mechanistic plausibility for Schnitzler syndrome despite targeting IL1B,0.625,2.125
1,Schnitzler syndrome (Japan),drkg,kg,llama3.2:3b,1,8,H,7,0.14285714285714285,0,0,0,1,,kg,conflicting,3.0,Inhibits IL1B but no evidence of direct binding to the target protein or pathway affecting Schnitzler syndrome.,0.5,2.75
1,HR+/HER2- breast cancer,drkg,kg,llama3.2:3b,0,8,H,3,0.3333333333333333,0,1,1,1,,uncertain,insufficient,1.0,Lack of information available,0.25,2.125
1,HR+/HER2- breast cancer,drkg,kg,llama3.2:3b,1,8,C,9,0.1111111111111111,0,0,0,1,,,,,,0.7142857142857143,1.8571428571428572
1,Psoriasis in children 6-11 (cream),drkg,kg,llama3.2:3b,0,8,G,4,0.25,0,0,1,1,,kg,conflicting,1.0,"Drug-5 targets several genes, including VEGFA and CFTR, which are not directly related to Psoriasis in children 6-11 according to the knowledge graph.",0.875,1.875
1,Psoriasis in children 6-11 (cream),drkg,kg,llama3.2:3b,1,8,E,1,1.0,1,1,1,1,,both,consistent,5.0,Drug-5's inhibition of PDE4C and TNF suggests a plausible mechanism for modulating inflammation in psoriasis.,0.75,2.5
1,Resectable gastric/GEJ adenocarcinoma (neoadj+adj +FLOT),drkg,kg,llama3.2:3b,0,8,G,6,0.16666666666666666,0,0,0,1,,kg,insufficient,1.0,Candidate G's link to CD274 is indirect and lacks direct mechanistic links to gastric adenocarcinoma.,0.875,1.875
1,Resectable gastric/GEJ adenocarcinoma (neoadj+adj +FLOT),drkg,kg,llama3.2:3b,1,8,B,3,0.3333333333333333,0,1,1,1,,both,conflicting,2.0,"Both targeting CD274 and CD80 suggest potential anti-PD-L1 effects, but evidence for gastric/GEJ adenocarcinoma is limited.",0.42857142857142855,2.0
1,COPD (EMA 2025),drkg,kg,llama3.2:3b,0,8,H,6,0.16666666666666666,0,0,0,1,,kg,insufficient,1.0,No direct evidence linking Drug-7 to COPD.,0.5714285714285714,1.5714285714285714
1,COPD (EMA 2025),drkg,kg,llama3.2:3b,1,8,E,3,0.3333333333333333,0,1,1,1,,both,conflicting,2.0,"Mechanistic link to IL4R, but conflicting evidence on ZNF586",0.5,2.625
1,Ph+ CML-CP after 2+ TKIs,drkg,kg,llama3.2:3b,0,8,D,1,1.0,1,1,1,1,,kg,consistent,5.0,Directly targets ABL1 associated with CML-CP,0.5,1.875
1,Ph+ CML-CP after 2+ TKIs,drkg,kg,llama3.2:3b,1,8,C,5,0.2,0,0,1,1,,kg,conflicting,1.0,Mechanistic plausibility is unclear due to conflicting evidence between Drug-3's inhibition and activation; the former suggests a therapeutic effect while the latter indicates an opposite biological context.,0.75,2.0
1,IgE-mediated food allergy,drkg,kg,llama3.2:3b,0,8,A,1,1.0,1,1,1,1,,kg,consistent,3.0,"Drug-1 inhibits IGHE, associated with DOID:3044.",0.625,1.625
1,IgE-mediated food allergy,drkg,kg,llama3.2:3b,1,8,B,4,0.25,0,0,1,1,,kg,insufficient,1.0,Candidate Drug-1 lacks mechanistic links to IgE-mediated food allergy.,0.7142857142857143,2.142857142857143
1,BRAF+ thyroid cancer,drkg,kg,llama3.2:3b,0,8,F,8,0.125,0,0,0,1,,kg,insufficient,2.0,Mechanistic plausibility is uncertain due to sparse knowledge graph evidence.,0.625,2.25
1,BRAF+ thyroid cancer,drkg,kg,llama3.2:3b,1,8,B,3,0.3333333333333333,0,1,1,1,,kg,conflicting,2.0,"Targets drugbank targets potentially related to BRAF+ thyroid cancer, but mechanistic links are unclear.",0.625,1.75
1,Primary immunodeficiency pediatric (EMA),drkg,kg,llama3.2:3b,0,8,B,2,0.5,0,1,1,1,,kg,consistent,5.0,"Drug-1 targets FCGR2C, which is relevant to immune function and has been shown in clinical settings.",0.875,3.25
1,Primary immunodeficiency pediatric (EMA),drkg,kg,llama3.2:3b,1,8,H,8,0.125,0,0,0,1,,prior,insufficient,1.0,No direct links to EMA and unclear mechanism,0.75,2.375
1,Biliary tract cancer 1L,drkg,kg,llama3.2:3b,0,8,F,9,0.1111111111111111,0,0,0,1,,,,,,,
1,Biliary tract cancer 1L,drkg,kg,llama3.2:3b,1,8,D,1,1.0,1,1,1,1,,prior,insufficient,3.0,"lacks mechanistic links to biliary tract cancer 1L but targets CD274, a known therapeutic target in cancer.",0.125,3.375
1,Polymyalgia rheumatica,drkg,kg,llama3.2:3b,0,8,G,9,0.1111111111111111,0,0,0,1,,,,,,0.5,2.5
1,Polymyalgia rheumatica,drkg,kg,llama3.2:3b,1,8,H,8,0.125,0,0,0,1,,kg,consistent,5.0,Drug-8's target FCGR2B is involved in inflammatory responses,0.625,3.375
1,Chronic lymphocytic leukemia,drkg,kg,llama3.2:3b,0,8,A,2,0.5,0,1,1,1,,kg,conflicting,3.0,"Candidate A targets several kinases (BMX, TEC, TXK, FRK, BLK, ITK, PTK6) that are involved in various signaling pathways, some of which may be relevant to CLL. However, the mechanistic links from the knowledge graph do not provide clear evidence supporting this target.",0.75,2.0
1,Chronic lymphocytic leukemia,drkg,kg,llama3.2:3b,1,8,A,1,1.0,1,1,1,1,,both,consistent,4.0,Mechanistic links to BLK provide strong evidence for its plausibility.,0.75,1.875
1,"Crohn's disease (moderate-severe, refractory)",drkg,kg,llama3.2:3b,0,8,D,5,0.2,0,0,1,1,,prior,insufficient,1.0,No clear evidence linking this candidate to Crohn's disease based on pharmacological properties alone.,0.625,1.875
1,"Crohn's disease (moderate-severe, refractory)",drkg,kg,llama3.2:3b,1,8,B,3,0.3333333333333333,0,1,1,1,,both,conflicting,2.0,Mechanistic links conflict with pharmacological knowledge for Crohn's disease treatment.,0.5,2.0
1,HER2-mutant NSCLC (EMA),drkg,kg,llama3.2:3b,0,8,G,8,0.125,0,0,0,1,,kg,insufficient,4.0,"Targets CYP3A5 and CYP2C19, which are not directly associated with HER2-mutant NSCLC (EMA).",0.75,3.5
1,HER2-mutant NSCLC (EMA),drkg,kg,llama3.2:3b,1,8,C,2,0.5,0,1,1,1,,kg,conflicting,2.0,Multiple targets without clear connections to the disease,0.625,2.125
1,Giant cell arteritis,drkg,kg,llama3.2:3b,0,8,H,6,0.16666666666666666,0,0,0,1,,kg,conflicting,1.0,"inhibition of JAK1, but no clear link to Giant cell arteritis in the knowledge graph or pharmacological literature",0.625,1.75
1,Giant cell arteritis,drkg,kg,llama3.2:3b,1,8,H,8,0.125,0,0,0,1,,prior,conflicting,1.0,No direct evidence linking Drug-8 to Giant cell arteritis.,0.5,2.375
1,First-line anemia in lower-risk MDS,drkg,kg,llama3.2:3b,0,8,D,6,0.16666666666666666,0,0,0,1,,prior,insufficient,2.0,No direct evidence linking Drug-7 to disease target genes and mechanisms,0.5,3.0
1,First-line anemia in lower-risk MDS,drkg,kg,llama3.2:3b,1,8,D,1,1.0,1,1,1,1,,kg,consistent,4.0,Direct inhibition of ACLY supports mechanistic plausibility,0.75,2.0
1,GVHD + pediatric,drkg,kg,llama3.2:3b,0,8,F,6,0.16666666666666666,0,0,0,1,,kg,conflicting,1.0,"Drug's associations with downregulating SLC38A6 and inhibiting TYK2 have potential relevance to GVHD + pediatric, but lack direct connections in the knowledge graph.",0.5,1.75
1,GVHD + pediatric,drkg,kg,llama3.2:3b,1,8,C,4,0.25,0,0,1,1,,kg,conflicting,1.0,Conflicting evidence in the knowledge graph regarding its target,0.5,2.0
1,MSI-H/dMMR solid tumors (full approval conversion),drkg,kg,llama3.2:3b,0,8,D,1,1.0,1,1,1,1,,prior,insufficient,4.0,Lack of direct connections to the mismatch repair pathway,0.5,2.0
1,MSI-H/dMMR solid tumors (full approval conversion),drkg,kg,llama3.2:3b,1,8,C,6,0.16666666666666666,0,0,0,1,,prior,conflicting,2.0,"Candidate C targets multiple genes involved in DNA mismatch repair and immune responses. However, the primary evidence points to a role in other cancer types or immune-related disorders.",0.125,1.75
1,Antibody-mediated rejection in organ transplantation,drkg,kg,llama3.2:3b,0,8,G,6,0.16666666666666666,0,0,0,1,,both,insufficient,1.0,Limited mechanistic links to disease mechanism for antibody-mediated rejection,0.5,1.75
1,Antibody-mediated rejection in organ transplantation,drkg,kg,llama3.2:3b,1,8,H,7,0.14285714285714285,0,0,0,1,,prior,insufficient,1.0,Candidate Drug-1's targets include anti-apoptotic and anti-inflammatory pathways but lack direct relevance to antibody-mediated rejection.,0.25,2.25
1,Pancreatic NET,drkg,kg,llama3.2:3b,0,8,F,7,0.14285714285714285,0,0,0,1,,prior,conflicting,1.0,"Drug-7 targets various tyrosine kinases and growth factors, but its direct link to Pancreatic NET is unclear.",0.25,2.0
1,Pancreatic NET,drkg,kg,llama3.2:3b,1,8,H,7,0.14285714285714285,0,0,0,1,,prior,conflicting,4.0,Drugs with anti-cancer mechanisms like Drugs 7 do not provide clear mechanistic links to pancreatic NET.,0.625,2.125
1,Follicular lymphoma (+obinutuzumab),drkg,kg,llama3.2:3b,0,8,E,2,0.5,0,1,1,1,,kg,consistent,4.0,"Downregulates LYRM9 and targets BMX, a protein involved in cell proliferation.",0.5,2.25
1,Follicular lymphoma (+obinutuzumab),drkg,kg,llama3.2:3b,1,8,D,2,0.5,0,1,1,1,,kg,consistent,5.0,Drug-8 targets various kinases and receptors involved in cell signaling pathways relevant to lymphoma.,0.875,1.875
1,HR+/HER2- node-positive high-risk early breast cancer,drkg,kg,llama3.2:3b,0,8,F,5,0.2,0,0,1,1,,kg,insufficient,1.0,Candidate F has inhibition of EGFR and STAT3 but lacks direct connections to relevant signaling pathways in HR+/HER2- node-positive high-risk early breast cancer.,0.875,1.375
1,HR+/HER2- node-positive high-risk early breast cancer,drkg,kg,llama3.2:3b,1,8,C,7,0.14285714285714285,0,0,0,1,,both,consistent,5.0,inhibitor of ERBB2 is relevant to HR+/HER2- node-positive high-risk early breast cancer and includes other targets that may be too broad,0.375,3.625
1,BRAF+ thyroid cancer,drkg,kg,llama3.2:3b,0,8,D,1,1.0,1,1,1,1,,both,consistent,5.0,"Direct inhibition of BRAF, RAF1, and ARAF targets makes Drug-6 a promising candidate.",0.875,1.875
1,BRAF+ thyroid cancer,drkg,kg,llama3.2:3b,1,8,E,1,1.0,1,1,1,1,,both,consistent,5.0,Mechanistic links to BRAF+ thyroid cancer through inhibition of ARAF and BRAF.,0.625,2.125
1,HER2+ solid tumors (tumor-agnostic),drkg,kg,llama3.2:3b,0,8,F,3,0.3333333333333333,0,1,1,1,,kg,conflicting,2.0,"Activation of SIRT3 has been linked to cellular stress and survival pathways, but its direct relevance is uncertain.",0.5,1.75
1,HER2+ solid tumors (tumor-agnostic),drkg,kg,llama3.2:3b,1,8,F,6,0.16666666666666666,0,0,0,1,,kg,insufficient,1.0,Targeting of drugbanks:BE0009558 and BE0003708 lacks clear evidence linking to HER2+ solid tumors.,0.875,1.75
1,"mCRC BRAF V600E (traditional approval, was accelerated)",drkg,kg,llama3.2:3b,0,8,D,1,1.0,1,1,1,1,,both,consistent,5.0,Strong mechanistic links from the knowledge graph and pharmacological knowledge support its efficacy.,0.5,2.125
1,"mCRC BRAF V600E (traditional approval, was accelerated)",drkg,kg,llama3.2:3b,1,8,F,5,0.2,0,0,1,1,,kg,conflicting,2.0,"The knowledge graph shows Drug-7 inhibits ARAF, BRAF, and RAF1, but these targets are more closely related to other signaling pathways.",0.625,2.125
1,"Pediatric low-grade glioma (+dabrafenib, BRAF V600E)",drkg,kg,llama3.2:3b,0,8,F,4,0.25,0,0,1,1,,,,,,,
1,"Pediatric low-grade glioma (+dabrafenib, BRAF V600E)",drkg,kg,llama3.2:3b,1,8,G,6,0.16666666666666666,0,0,0,1,,kg,insufficient,2.0,"While Drug-7 targets several genes involved in glioma development, the evidence is limited and does not provide clear mechanistic links to pediatric low-grade glioma.",0.875,2.125
1,HR+/HER2- metastatic breast cancer,drkg,kg,llama3.2:3b,0,8,B,5,0.2,0,0,1,1,,prior,conflicting,1.0,No clear link between PAH and HR+/HER2- metastatic breast cancer,0.625,1.75
1,HR+/HER2- metastatic breast cancer,drkg,kg,llama3.2:3b,1,8,F,5,0.2,0,0,1,1,,prior,insufficient,1.0,No relevant information is available for Drug-F.,0.42857142857142855,2.0
1,1L biliary tract cancer (+gemcitabine+cisplatin),drkg,kg,llama3.2:3b,0,8,C,7,0.14285714285714285,0,0,0,1,,kg,conflicting,2.0,"Targets multiple genes involved in DNA repair and cell cycle regulation, but its connection to 1L biliary tract cancer + gemcitabine+cisplatin is unclear",0.875,2.0
1,1L biliary tract cancer (+gemcitabine+cisplatin),drkg,kg,llama3.2:3b,1,8,H,5,0.2,0,0,1,1,,prior,insufficient,4.0,"PDCD1 inhibition by Drug-5 suggests potential relevance, but direct evidence linking this mechanism to the target disease is lacking.",0.375,3.5
1,RET-fusion NSCLC (expanded),drkg,kg,llama3.2:3b,0,8,A,1,1.0,1,1,1,1,,prior,insufficient,2.0,Lacks clear mechanistic link to RET-fusion NSCLC (DOID:3908),0.75,2.25
1,RET-fusion NSCLC (expanded),drkg,kg,llama3.2:3b,1,8,C,8,0.125,0,0,0,1,,prior,insufficient,1.0,"Drug-5 has some overlapping targets with drug targets for RET-fusion NSCLC, but direct evidence is lacking",0.125,2.0
1,HR+/HER2- metastatic breast cancer,drkg,kg,llama3.2:3b,0,8,E,2,0.5,0,1,1,1,,both,consistent,5.0,targets genes known to be involved in DNA repair and metastasis,1.0,2.5
1,HR+/HER2- metastatic breast cancer,drkg,kg,llama3.2:3b,1,8,H,8,0.125,0,0,0,1,,kg,insufficient,1.0,"Targets multiple drug targets and pathways, but no direct link to HR+/HER2- metastatic breast cancer",0.75,1.75
1,Pheochromocytoma/paraganglioma,drkg,kg,llama3.2:3b,0,8,H,8,0.125,0,0,0,1,,prior,insufficient,1.0,"Candidate H has prior pharmacological relevance, but limited mechanistic links to Pheochromocytoma/paraganglioma. Although it downregulates CHAC1 and upregulates MSMO1, these pathways are not directly related to the disease.",0.5,1.75
1,Pheochromocytoma/paraganglioma,drkg,kg,llama3.2:3b,1,8,D,4,0.25,0,0,1,1,,prior,conflicting,3.0,"Drug-4 has some plausible targets for pheochromocytoma/paraganglioma, such as EPAS1 and SLC2A4, but the evidence is limited.",0.0,2.25
1,Gastric/GEJ adenocarcinoma (1L +chemo),drkg,kg,llama3.2:3b,0,8,C,3,0.3333333333333333,0,1,1,1,,kg & prior,conflicting,4.0,"Drug-7 targets CD274, but its relationship to gastric/GEJ adenocarcinoma is unclear; Drug-7 also targets CD80, which may have implications for immune modulation.",0.0,2.875
1,Gastric/GEJ adenocarcinoma (1L +chemo),drkg,kg,llama3.2:3b,1,8,E,5,0.2,0,0,1,1,,kg,conflicting,2.0,Targeting CD274 and CD80 may be relevant but mechanistic link to gastric/GEJ adenocarcinoma is unclear.,0.625,2.75
1,Metastatic colorectal cancer,drkg,kg,llama3.2:3b,0,8,B,6,0.16666666666666666,0,0,0,1,,prior,conflicting,1.0,Mechanism unclear; the only link is through drugbank targets without direct evidence from metastatic colorectal cancer research,0.5714285714285714,1.8571428571428572
1,Metastatic colorectal cancer,drkg,kg,llama3.2:3b,1,8,F,5,0.2,0,0,1,1,,kg,insufficient,1.0,Lack of mechanistic links to colorectal cancer in the knowledge graph.,0.625,2.0
1,Gastric/GEJ adenocarcinoma,drkg,kg,llama3.2:3b,0,8,G,7,0.14285714285714285,0,0,0,1,,prior,insufficient,1.0,Lack of direct link to gastric/GEJ adenocarcinoma and unclear mechanisms.,0.625,2.5
1,Gastric/GEJ adenocarcinoma,drkg,kg,llama3.2:3b,1,8,E,3,0.3333333333333333,0,1,1,1,,kg,insufficient,2.0,DRUG-7's targeting of CD274 and DRUG-5's downregulation of LDHB are not directly relevant to gastric/GEJ adenocarcinoma.,0.8571428571428571,2.7142857142857144
1,Urothelial carcinoma (expanded population),drkg,kg,llama3.2:3b,0,8,E,2,0.5,0,1,1,1,,kg,insufficient,3.0,"While Drug-8 targets NECTIN4, the direct link to urothelial carcinoma is not well-established. Additional evidence is needed.",1.0,2.625
1,Urothelial carcinoma (expanded population),drkg,kg,llama3.2:3b,1,8,G,4,0.25,0,0,1,1,,kg,conflicting,2.0,Similar concerns regarding SLC transporters and their potential relevance to urothelial carcinoma.,0.625,1.875
1,HER2+ early-stage BC (neoadjuvant + adjuvant),drkg,kg,llama3.2:3b,0,8,B,5,0.2,0,0,1,1,,prior,insufficient,1.0,Prior knowledge does not suggest a clear connection between Drug-8 targets and HER2+ BC.,0.625,1.875
1,HER2+ early-stage BC (neoadjuvant + adjuvant),drkg,kg,llama3.2:3b,1,8,D,1,1.0,1,1,1,1,,prior,insufficient,2.0,Lacks direct evidence to its target and is not related to HER2+ early-stage BC via known targets.,0.75,2.125
1,Pediatric BRAF V600E low-grade glioma,drkg,kg,llama3.2:3b,0,8,D,4,0.25,0,0,1,1,,both,insufficient,1.0,No clear mechanistic link between Drug-5 and BRAF V600E signaling found in the knowledge graph or known pharmacology.,0.5,1.875
1,Pediatric BRAF V600E low-grade glioma,drkg,kg,llama3.2:3b,1,8,B,5,0.2,0,0,1,1,,kg/prior,insufficient,1.0,The provided evidence for Drug-5 inhibits multiple pathways but does not directly link to pediatric BRAF V600E low-grade glioma.,0.25,1.625
1,HR+/HER2- early breast cancer (adjuvant),drkg,kg,llama3.2:3b,0,8,G,4,0.25,0,0,1,1,,kg,insufficient,1.0,No clear links between CDK4/6 inhibition and downstream signaling pathways relevant to HR+/HER2- early breast cancer.,0.8,2.0
1,HR+/HER2- early breast cancer (adjuvant),drkg,kg,llama3.2:3b,1,8,G,4,0.25,0,0,1,1,,prior,conflicting,3.0,Targets multiple pathways but lacks a clear mechanistic link to HR+/HER2- early breast cancer (adjuvant),0.75,2.0
1,HR+/HER2-low breast cancer,drkg,kg,llama3.2:3b,0,8,F,3,0.3333333333333333,0,1,1,1,,kg,insufficient,3.0,Candidate Drug-5's interactions with transporters and enzymes primarily relate to drug disposition rather than disease pathology.,0.75,2.75
1,HR+/HER2-low breast cancer,drkg,kg,llama3.2:3b,1,8,D,1,1.0,1,1,1,1,,both,consistent,3.0,Drug-4 targets several genes involved in cell growth and metabolism relevant to HR+/HER2-low breast cancer.,0.5,2.375
1,Platinum-resistant ovarian carcinoma (PD-L1+ CPS≥1),drkg,kg,llama3.2:3b,0,8,F,5,0.2,0,0,1,1,,kg,insufficient,2.0,,0.625,2.75
1,Platinum-resistant ovarian carcinoma (PD-L1+ CPS≥1),drkg,kg,llama3.2:3b,1,8,E,2,0.5,0,1,1,1,,both,insufficient,4.0,Drug-6 targets PDCD1 and other immune-related pathways that may be relevant to PD-L1+ CPS≥1.,0.25,2.0
1,TRD monotherapy,biokg,kg,llama3.2:3b,0,8,H,4,0.25,0,0,1,1,,kg,insufficient,1.0,,0.625,2.0
1,TRD monotherapy,biokg,kg,llama3.2:3b,1,8,G,5,0.2,0,0,1,1,,uncertain,insufficient,1.0,,0.625,2.625
1,ILD-associated pulmonary hypertension,biokg,kg,llama3.2:3b,0,8,D,8,0.125,0,0,0,1,,kg,conflicting,2.0,KG evidence does not provide strong support for Drug-1's targets in relation to ILD-associated pulmonary hypertension.,0.625,2.75
1,ILD-associated pulmonary hypertension,biokg,kg,llama3.2:3b,1,8,A,3,0.3333333333333333,0,1,1,1,,kg,conflicting,2.0,"Targets PI2R and P2Y12, which are relevant to pulmonary hypertension but also have off-target effects.",0.875,2.5
1,Indolent systemic mastocytosis (EMA),biokg,kg,llama3.2:3b,0,8,H,8,0.125,0,0,0,1,,prior,insufficient,1.0,"Targeting CP3A4 and ABCG2 may be relevant to mastocytosis, but more evidence is needed.",0.625,2.0
1,Indolent systemic mastocytosis (EMA),biokg,kg,llama3.2:3b,1,8,E,1,1.0,1,1,1,1,,kg,insufficient,3.0,Lack of direct mechanistic link between Drug-6 and EMA,0.625,2.5
1,Hidradenitis suppurativa,biokg,kg,llama3.2:3b,0,8,G,9,0.1111111111111111,0,0,0,1,,,,,,0.7142857142857143,3.7142857142857144
1,Hidradenitis suppurativa,biokg,kg,llama3.2:3b,1,8,D,2,0.5,0,1,1,1,,both,conflicting,3.0,Mechanistic link to Notch signaling pathway but unclear target IL17 in relation to disease.,1.0,1.75
1,Chronic hepatitis B (pediatric),biokg,kg,llama3.2:3b,0,8,C,3,0.3333333333333333,0,1,1,1,,prior,insufficient,4.0,"Candidate C has a broad target profile, but none of the targets are directly associated with hepatitis B.",0.5,3.0
1,Chronic hepatitis B (pediatric),biokg,kg,llama3.2:3b,1,8,E,2,0.5,0,1,1,1,,both,insufficient,3.0,"While Drug-6 has multiple targets, its relevance to hepatitis B is uncertain due to the absence of direct KG evidence",0.42857142857142855,2.0
1,HoFH pediatric (EMA),biokg,kg,llama3.2:3b,0,8,C,2,0.5,0,1,1,1,,kg,insufficient,2.0,Lacking direct evidence linking targets to HoFH pediatric (EMA).,1.0,2.25
1,HoFH pediatric (EMA),biokg,kg,llama3.2:3b,1,8,F,6,0.16666666666666666,0,0,0,1,,kg,insufficient,3.0,No direct evidence from the knowledge graph for Drug-1 targeting ARH or any of its associated pathways in relation to HoFH pediatric (EMA),0.875,2.25
1,Nephrotic syndrome,biokg,kg,llama3.2:3b,0,8,D,5,0.2,0,0,1,1,,prior,insufficient,1.0,"Targets CD20, primarily used in B cell treatment, with no direct connection to nephrotic syndrome in the KG.",0.75,1.25
1,Nephrotic syndrome,biokg,kg,llama3.2:3b,1,8,B,9,0.1111111111111111,0,0,0,1,,,,,,0.2857142857142857,2.4285714285714284
1,Follicular lymphoma,biokg,kg,llama3.2:3b,0,8,D,1,1.0,1,1,1,1,,both,consistent,3.0,Mechanism of action relevant to the disease profile and targets associated with the disease in the knowledge graph.,0.5,2.625
1,Follicular lymphoma,biokg,kg,llama3.2:3b,1,8,A,1,1.0,1,1,1,1,,prior,insufficient,4.0,"Target PADI4, which is associated with Follicular lymphoma in the knowledge graph.",0.625,2.0
1,Retinal vein occlusion,biokg,kg,llama3.2:3b,0,8,F,9,0.1111111111111111,0,0,0,1,,,,,,0.4,3.6
1,Retinal vein occlusion,biokg,kg,llama3.2:3b,1,8,F,6,0.16666666666666666,0,0,0,1,,kg,insufficient,1.0,No clear mechanistic link to retinal vein occlusion despite targeting MDR1 and CP3A4 receptors.,0.625,1.875
1,Agitation associated with Alzheimer's dementia,biokg,kg,llama3.2:3b,0,8,G,7,0.14285714285714285,0,0,0,1,,kg,conflicting,1.0,Targets multiple genes and pathways without clear connections to agitation.,0.5714285714285714,2.5714285714285716
1,Agitation associated with Alzheimer's dementia,biokg,kg,llama3.2:3b,1,8,D,1,1.0,1,1,1,1,,kg,insufficient,3.0,Candidate D has no direct connections to Alzheimer's disease through the provided evidence.,0.625,2.875
1,High LDL-C with increased CV risk (expanded),biokg,kg,llama3.2:3b,0,8,H,5,0.2,0,0,1,1,,kg,insufficient,3.0,"No direct connection to LDL-C or cardiovascular risk; however, targets in drug transport and bile secretion could be relevant if validated by KG.",0.75,2.5
1,High LDL-C with increased CV risk (expanded),biokg,kg,llama3.2:3b,1,8,E,4,0.25,0,0,1,1,,prior,conflicting,3.0,"Targets GSHR; however, direct association with LDL-C or CV risk in KG is lacking",0.375,2.375
1,Indolent systemic mastocytosis,biokg,kg,llama3.2:3b,0,8,E,1,1.0,1,1,1,1,,both,insufficient,3.0,"Drug-8 targets KIT and ABCG2, which are relevant to mastocytosis, but the knowledge graph evidence is sparse.",0.5,2.625
1,Indolent systemic mastocytosis,biokg,kg,llama3.2:3b,1,8,G,3,0.3333333333333333,0,1,1,1,,kg,insufficient,2.0,"Targets KIT and ABCG2, relevant to mastocytosis, but evidence is limited to knowledge graph associations",0.875,2.0
1,EGPA (expanded),biokg,kg,llama3.2:3b,0,8,F,4,0.25,0,0,1,1,,kg,insufficient,2.0,"The targets of Drug-7 include IL5RA and FCG3A, which are not directly related to EGPA (3049). Limited knowledge-graph evidence is available.",0.75,2.25
1,EGPA (expanded),biokg,kg,llama3.2:3b,1,8,C,4,0.25,0,0,1,1,,kg,conflicting,1.0,"The drug targets IL5RA and FCG3A, which are not directly associated with EGPA; however, the drug's profile modulates pathways involved in asthma, a related disease.",0.625,1.875
1,COVID-19 (expanded population),biokg,kg,llama3.2:3b,0,8,A,6,0.16666666666666666,0,0,0,1,,kg,conflicting,1.0,The provided evidence is sparse and unclear how it relates to COVID-19.,0.75,2.25
1,COVID-19 (expanded population),biokg,kg,llama3.2:3b,1,8,G,5,0.2,0,0,1,1,,prior,conflicting,1.0,"Drug-8's transporters may influence viral entry or replication, but direct links to COVID-19 require further confirmation from KG.",0.5,1.625
1,Obstructive sleep apnea with obesity,biokg,kg,llama3.2:3b,0,8,G,7,0.14285714285714285,0,0,0,1,,kg,conflicting,3.0,The provided knowledge graph targets overlap with those of Drug-1 and do not directly relate to the disease mechanism.,0.625,2.25
1,Obstructive sleep apnea with obesity,biokg,kg,llama3.2:3b,1,8,D,1,1.0,1,1,1,1,,prior,insufficient,3.0,Lack of specific targeting and mechanistic link to EDNRA,0.5,2.25
1,KRAS G12C+ mCRC,biokg,kg,llama3.2:3b,0,8,F,1,1.0,1,1,1,1,,kg,no evidence provided,5.0,"No mechanistic links from the knowledge graph, but a potential target identified",0.625,2.25
1,KRAS G12C+ mCRC,biokg,kg,llama3.2:3b,1,8,E,4,0.25,0,0,1,1,,kg,conflicting,3.0,KG shows association with RASK but no clear link to KRAS G12C+ mCRC.,0.42857142857142855,2.4285714285714284
1,Diabetic retinopathy/DME (EMA Mar+May 2026),biokg,kg,llama3.2:3b,0,8,G,5,0.2,0,0,1,1,,kg,insufficient,1.0,Lack of mechanistic link to Diabetic retinopathy/DME,0.75,1.875
1,Diabetic retinopathy/DME (EMA Mar+May 2026),biokg,kg,llama3.2:3b,1,8,B,7,0.14285714285714285,0,0,0,1,,kg,conflicting,2.0,"Candidate Drug-3 targets various transporters and enzymes involved in opioid receptor agonists/antagonists, which may be relevant to Diabetic retinopathy/DME.",0.625,2.25
1,Chorea associated with Huntington's disease,biokg,kg,llama3.2:3b,0,8,E,7,0.14285714285714285,0,0,0,1,,kg,insufficient,1.0,Candidate Drug-8 lacks clear connections to chorea in HD and its targets are not directly linked to the disease.,1.0,1.375
1,Chorea associated with Huntington's disease,biokg,kg,llama3.2:3b,1,8,H,8,0.125,0,0,0,1,,prior,insufficient,1.0,"Although Drug-8 targets several genes and pathways involved in neurotransmitter regulation, its association with Chorea is unclear.",0.25,2.125
1,Heart failure (broadened),biokg,kg,llama3.2:3b,0,8,D,4,0.25,0,0,1,1,,kg,conflicting,3.0,"KG targets SC5A2, UD2B4, and UD19, but no clear connection to Heart failure (SYMP:0000292)",0.625,2.125
1,Heart failure (broadened),biokg,kg,llama3.2:3b,1,8,D,2,0.5,0,1,1,1,,kg,conflicting,2.0,"Some targets like SC5A2 and UD19 may interact with cardiac function, but mechanistic links to heart failure are unclear",0.5,1.75
1,Acquired hypofibrinogenemia in cardiovascular surgery,biokg,kg,llama3.2:3b,0,8,C,2,0.5,0,1,1,1,,kg,conflicting,3.0,Target GPR35 may be relevant but the provided evidence is sparse,0.8571428571428571,2.5714285714285716
1,Acquired hypofibrinogenemia in cardiovascular surgery,biokg,kg,llama3.2:3b,1,8,D,9,0.1111111111111111,0,0,0,1,,,,,,,
1,Pediatric atopic dermatitis,biokg,kg,llama3.2:3b,0,8,B,4,0.25,0,0,1,1,,prior,insufficient,1.0,"The drug's mechanism is not directly related to pediatric atopic dermatitis, and the targets are more closely associated with other diseases.",0.125,1.75
1,Pediatric atopic dermatitis,biokg,kg,llama3.2:3b,1,8,E,4,0.25,0,0,1,1,,prior,insufficient,1.0,targets ABCG2 and MDR1 but lack of clear mechanistic link to atopic dermatitis,0.7142857142857143,1.5714285714285714
1,COVID-19 updated strain,biokg,kg,llama3.2:3b,0,8,A,4,0.25,0,0,1,1,,kg,insufficient,2.0,Drug-8's targets do not align with known pathways for COVID-19; further investigation is needed to determine potential efficacy.,0.625,2.0
1,COVID-19 updated strain,biokg,kg,llama3.2:3b,1,8,D,1,1.0,1,1,1,1,,prior,insufficient,3.0,Lack of direct evidence but targets a protein with no known link to COVID-19,0.5,2.625
1,Delay T1D onset in children ≥1yr,biokg,kg,llama3.2:3b,0,8,D,6,0.16666666666666666,0,0,0,1,,kg,insufficient,1.0,No clear connections to Delay T1D onset in children ≥1yr or any relevant pathway are reported for Drug-7.,1.0,2.2857142857142856
1,Delay T1D onset in children ≥1yr,biokg,kg,llama3.2:3b,1,8,A,8,0.125,0,0,0,1,,both,uncertain,1.0,No explicit KG evidence and mechanism not directly linked to T1D,0.75,2.0
1,Unresectable thymic carcinoma (PMDA),biokg,kg,llama3.2:3b,0,8,G,6,0.16666666666666666,0,0,0,1,,prior,insufficient,1.0,"No direct link between Drug-6 and PMDA was found. Although various targets are implicated in cancer, their role in PMDA is unclear.",0.125,1.875
1,Unresectable thymic carcinoma (PMDA),biokg,kg,llama3.2:3b,1,8,D,3,0.3333333333333333,0,1,1,1,,kg,consistent,4.0,Drug-1's target CP2D6 is associated with thymic carcinoma in the PMDA knowledge graph.,0.625,2.75
1,Retinal vein occlusion,biokg,kg,llama3.2:3b,0,8,E,4,0.25,0,0,1,1,,kg,conflicting,3.0,"Drug-8's pathways are related to cephalosporins, but no clear link is established between cephalosporin-related pathways and DOID:1727.",0.5,2.75
1,Retinal vein occlusion,biokg,kg,llama3.2:3b,1,8,F,7,0.14285714285714285,0,0,0,1,,kg,insufficient,1.0,No clear mechanistic links in the knowledge graph.,0.625,2.0
1,Spinal muscular atrophy (pediatric expansion),biokg,kg,llama3.2:3b,0,8,H,8,0.125,0,0,0,1,,kg,conflicting,1.0,Targets unrelated to SMA pathology and has limited knowledge graph evidence.,0.5,1.75
1,Spinal muscular atrophy (pediatric expansion),biokg,kg,llama3.2:3b,1,8,E,6,0.16666666666666666,0,0,0,1,,kg,uncertain,1.0,Evidence for Drug-5 is sparse and lacks clear connections to SMA in both the knowledge graph and general pharmacology.,0.5,2.125
1,Chronic thromboembolic pulmonary hypertension,biokg,kg,llama3.2:3b,0,8,H,6,0.16666666666666666,0,0,0,1,,both,insufficient,1.0,Insufficient evidence from the knowledge graph and pharmacological knowledge.,0.75,1.75
1,Chronic thromboembolic pulmonary hypertension,biokg,kg,llama3.2:3b,1,8,F,2,0.5,0,1,1,1,,kg,insufficient,3.0,Targets FA10 and MDR1 with no clear relation to chronic thromboembolic pulmonary hypertension.,0.75,1.75
1,Polycythaemia vera and essential thrombocytopenia,biokg,kg,llama3.2:3b,0,8,H,8,0.125,0,0,0,1,,prior,insufficient,1.0,Lacks clear link between targets and JAK2 pathway,0.625,1.625
1,Polycythaemia vera and essential thrombocytopenia,biokg,kg,llama3.2:3b,1,8,B,3,0.3333333333333333,0,1,1,1,,kg,consistent,4.0,Direct association with INAR2 and INAR1 in the knowledge graph,0.5,2.125
1,Generalized myasthenia gravis,biokg,kg,llama3.2:3b,0,8,F,8,0.125,0,0,0,1,,prior,insufficient,1.0,Prior knowledge of Drug-8's target CD19 does not provide clear mechanistic link to Generalized myasthenia gravis.,0.25,1.75
1,Generalized myasthenia gravis,biokg,kg,llama3.2:3b,1,8,F,7,0.14285714285714285,0,0,0,1,,prior,insufficient,1.0,No clear mechanistic link to DOID:437; Drug-8 targets CD19 which does not have any established link to myasthenia gravis.,0.375,2.125
1,Invasive fungal infections pediatric ≥2yr,biokg,kg,llama3.2:3b,0,8,F,5,0.2,0,0,1,1,,kg,conflicting,2.0,"Drug-5 targets MDR1 and modulates pathways related to antifungal agents, but its primary relevance to invasive fungal infections pediatric ≥2yr is uncertain.",0.75,1.5
1,Invasive fungal infections pediatric ≥2yr,biokg,kg,llama3.2:3b,1,8,G,8,0.125,0,0,0,1,,prior,insufficient,2.0,Antifungal agents may have overlapping mechanisms with other drug classes; evidence is limited and unrelated to pediatric fungal infections.,0.5,1.75
1,PKU expanded to ≥12yr,biokg,kg,llama3.2:3b,0,8,C,9,0.1111111111111111,0,0,0,1,,,,,,0.0,1.0
1,PKU expanded to ≥12yr,biokg,kg,llama3.2:3b,1,8,D,6,0.16666666666666666,0,0,0,1,,prior,insufficient,1.0,Lack of mechanistic links to PKU in the knowledge graph or prior knowledge,0.25,1.875
1,IDH1-mutated relapsed/refractory MDS,biokg,kg,llama3.2:3b,0,8,D,3,0.3333333333333333,0,1,1,1,,kg,consistent,5.0,Targets IDHC directly associated with IDH1-mutated relapsed/refractory MDS in the KG.,0.5,2.25
1,IDH1-mutated relapsed/refractory MDS,biokg,kg,llama3.2:3b,1,8,B,2,0.5,0,1,1,1,,prior,insufficient,4.0,Drug-8 targets multiple transporters and enzymes associated with IDH1-mutated relapsed/refractory MDS.,0.125,2.75
1,Retinopathy of prematurity,biokg,kg,llama3.2:3b,0,8,E,4,0.25,0,0,1,1,,kg,consistent,4.0,Targeting PLGF and VEGFA may be relevant to retinopathy of prematurity due to their roles in angiogenesis.,0.5714285714285714,2.142857142857143
1,Retinopathy of prematurity,biokg,kg,llama3.2:3b,1,8,A,1,1.0,1,1,1,1,,kg,consistent,4.0,has targets in angiogenesis-related pathways,0.875,2.0
1,Agitation associated with Alzheimer's dementia,biokg,kg,llama3.2:3b,0,8,B,5,0.2,0,0,1,1,,kg,conflicting,3.0,"Multiple targets do not directly relate to agitation, and prior knowledge does not support its use for this condition",0.625,2.75
1,Agitation associated with Alzheimer's dementia,biokg,kg,llama3.2:3b,1,8,B,4,0.25,0,0,1,1,,kg,insufficient,4.0,drug profile lacks specific connections to neurotransmitter transport pathways relevant to this disease,0.625,3.125
1,LDL-C elevation in statin-intolerant dyslipidemia,biokg,kg,llama3.2:3b,0,8,F,4,0.25,0,0,1,1,,prior,insufficient,2.0,Lacks clear connection to disease pathways,0.5,1.875
1,LDL-C elevation in statin-intolerant dyslipidemia,biokg,kg,llama3.2:3b,1,8,D,2,0.5,0,1,1,1,,prior,insufficient,3.0,No mechanistic link to provided disease profile,0.5,2.75
1,First-line anemia in lower-risk MDS,biokg,kg,llama3.2:3b,0,8,E,5,0.2,0,0,1,1,,uncertain,insufficient,1.0,Lack of evidence and unclear relevance to MDS.,0.0,2.25
1,First-line anemia in lower-risk MDS,biokg,kg,llama3.2:3b,1,8,E,4,0.25,0,0,1,1,,kg,conflicting,1.0,"The knowledge graph shows associations between Drug-6 and pathways Opioid receptor agonists/antagonists and Renin-angiotensin system inhibitors, which do not match the disease profile.",0.625,1.75
1,Atopic dermatitis,biokg,kg,llama3.2:3b,0,8,B,4,0.25,0,0,1,1,,kg,conflicting,4.0,"Targets conflicting with Drug-4, and no clear connection to FILA or atopic dermatitis.",0.25,2.125
1,Atopic dermatitis,biokg,kg,llama3.2:3b,1,8,G,5,0.2,0,0,1,1,,prior,insufficient,1.0,"Although the target pathways for Drug-7 are not directly linked to atopic dermatitis, its modulation of certain kinases may have indirect effects on disease mechanisms.",0.625,1.375
1,Acute HCV pediatric,biokg,kg,llama3.2:3b,0,8,A,2,0.5,0,1,1,1,,both,consistent,4.0,"Targets CP3A7 and CP3A5, which are related to Hepatitis C pathway",0.5714285714285714,2.4285714285714284
1,Acute HCV pediatric,biokg,kg,llama3.2:3b,1,8,H,4,0.25,0,0,1,1,,,,,,,
1,HoFH in children,biokg,kg,llama3.2:3b,0,8,B,6,0.16666666666666666,0,0,0,1,,prior,insufficient,1.0,Candidate B's targets (CFTR and CP2C9) are not directly linked to HoFH in children.,0.25,2.25
1,HoFH in children,biokg,kg,llama3.2:3b,1,8,E,2,0.5,0,1,1,1,,prior,insufficient,3.0,"Drug-6 targets multiple genes involved in steroidogenesis, including CFTR, which could plausibly impact ARH activity.",0.375,2.5
1,dMMR/MSI-H primary advanced endometrial cancer (+chemo),biokg,kg,llama3.2:3b,0,8,D,7,0.14285714285714285,0,0,0,1,,kg,insufficient,1.0,The knowledge-graph evidence for Drug-4 is sparse and does not provide clear mechanistic links to dMMR/MSI-H primary advanced endometrial cancer (+chemo).,0.375,1.75
1,dMMR/MSI-H primary advanced endometrial cancer (+chemo),biokg,kg,llama3.2:3b,1,8,B,4,0.25,0,0,1,1,,kg,insufficient,2.0,Lacks direct mechanistic links to the target disease,0.75,2.0
1,Cerebral folate transport deficiency,biokg,kg,llama3.2:3b,0,8,G,7,0.14285714285714285,0,0,0,1,,kg,insufficient,1.0,Lack of direct evidence linking to Cerebral folate transport deficiency,0.75,1.625
1,Cerebral folate transport deficiency,biokg,kg,llama3.2:3b,1,8,H,8,0.125,0,0,0,1,,kg,conflicting,1.0,Targets multiple proteins with no direct relevance to folate transport,0.5,1.625
1,Reduce MACE in CVD + obesity/overweight,biokg,kg,llama3.2:3b,0,8,C,6,0.16666666666666666,0,0,0,1,,kg,insufficient,2.0,"Targets multiple receptors and pathways, but KG evidence is limited and does not directly support the target.",0.5,2.5
1,Reduce MACE in CVD + obesity/overweight,biokg,kg,llama3.2:3b,1,8,H,8,0.125,0,0,0,1,,kg,insufficient,1.0,The knowledge-graph evidence for Drug-8 is limited and does not provide sufficient mechanistic plausibility for CVD + obesity/overweight.,0.5,2.0
1,Palmoplantar pustulosis (PMDA),biokg,kg,llama3.2:3b,0,8,C,5,0.2,0,0,1,1,,kg,insufficient,1.0,"Drug-7 targets IL23A, which may be related to inflammation or immune responses, but no clear link to PMDA is established.",0.75,2.0
1,Palmoplantar pustulosis (PMDA),biokg,kg,llama3.2:3b,1,8,C,2,0.5,0,1,1,1,,kg,conflicting,2.0,"Targets IL23A, which may be related to immune responses, but evidence is limited and inconsistent with prior knowledge",0.5,1.5
1,Measles prophylaxis post-exposure,biokg,kg,llama3.2:3b,0,8,C,4,0.25,0,0,1,1,,prior,insufficient,3.0,FCGRB and Measles pathways are not directly connected,0.2857142857142857,2.0
1,Measles prophylaxis post-exposure,biokg,kg,llama3.2:3b,1,8,F,4,0.25,0,0,1,1,,kg,conflicting,1.0,Targets multiple immune-related genes with uncertain relevance to Measles,0.5714285714285714,2.0
1,CKD in T2D,biokg,kg,llama3.2:3b,0,8,B,6,0.16666666666666666,0,0,0,1,,kg,conflicting,1.0,"Targets GLP1R, which is not directly related to CKD in T2D according to the knowledge graph.",0.875,1.5
1,CKD in T2D,biokg,kg,llama3.2:3b,1,8,D,5,0.2,0,0,1,1,,kg,conflicting,3.0,Drug-8 targets transporters directly related to CKD in T2D genes but its effects on diuretics pathway are unclear.,0.8571428571428571,2.2857142857142856
1,HER2-mutant NSCLC (PMDA),biokg,kg,llama3.2:3b,0,8,A,4,0.25,0,0,1,1,,prior,insufficient,4.0,Drug-8 lacks direct evidence for HER2-mutant NSCLC but targets some relevant pathways (Neurotransmitter transporters).,0.42857142857142855,3.5714285714285716
1,HER2-mutant NSCLC (PMDA),biokg,kg,llama3.2:3b,1,8,G,3,0.3333333333333333,0,1,1,1,,prior,insufficient,2.0,Drug-8 targets multiple targets relevant for various cellular processes but lacks clear links to HER2-mutant NSCLC.,0.2857142857142857,1.8571428571428572
1,Heterozygous familial hypercholesterolemia,biokg,kg,llama3.2:3b,0,8,H,8,0.125,0,0,0,1,,kg,insufficient,1.0,"No direct associations are reported, and PCSK9 is primarily involved in LDL cholesterol uptake, not efflux.",0.625,1.875
1,Heterozygous familial hypercholesterolemia,biokg,kg,llama3.2:3b,1,8,A,2,0.5,0,1,1,1,,both,insufficient,3.0,"Drug-7 targets PCSK9, which plays a role in cholesterol regulation, but direct link to HCH needs further investigation.",1.0,2.142857142857143
1,Crohn's disease,biokg,kg,llama3.2:3b,0,8,G,7,0.14285714285714285,0,0,0,1,,kg,insufficient,1.0,Targets IL23A which may be relevant to Crohn's disease but lack direct mechanistic links and is more associated with inflammatory responses.,0.75,1.75
1,Crohn's disease,biokg,kg,llama3.2:3b,1,8,C,7,0.14285714285714285,0,0,0,1,,prior,insufficient,1.0,"Candidate C has some targeting pathways related to Alzheimer-type dementia, which is not directly relevant to Crohn's disease.",0.375,1.75
1,COVID-19 in severe renal impairment/dialysis,biokg,kg,llama3.2:3b,0,8,D,1,1.0,1,1,1,1,,prior,insufficient,3.0,Lack of direct mechanistic links and unclear relevance to COVID-19 treatment in severe renal impairment/dialysis.,0.75,1.375
1,COVID-19 in severe renal impairment/dialysis,biokg,kg,llama3.2:3b,1,8,H,5,0.2,0,0,1,1,,prior,insufficient,2.0,Unclear connections to COVID-19 via primary targets and lack of clear pathway association make it less plausible,0.5,2.125
1,MASH with fibrosis,biokg,kg,llama3.2:3b,0,8,H,7,0.14285714285714285,0,0,0,1,,kg,conflicting,2.0,"Drug-8 targets multiple proteins, but no direct connection to MASH with fibrosis is established in the KG",0.75,2.375
1,MASH with fibrosis,biokg,kg,llama3.2:3b,1,8,C,5,0.2,0,0,1,1,,prior,conflicting,4.0,Targets proteins implicated in fibrosis but target profile is broad,0.5714285714285714,3.142857142857143
1,mHSPC + ADT,biokg,kg,llama3.2:3b,0,8,G,4,0.25,0,0,1,1,,kg,conflicting,2.0,Drug-8 targets HRH2 and MDR1 has reported interactions with mHSPC + ADT,0.5,1.625
1,mHSPC + ADT,biokg,kg,llama3.2:3b,1,8,D,3,0.3333333333333333,0,1,1,1,,kg,conflicting,2.0,"While Drug-8 targets ABCG2 and ALBU, its primary mechanism does not align with mHSPC + ADT.",0.75,2.25
1,Chronic kidney disease,biokg,kg,llama3.2:3b,0,8,F,6,0.16666666666666666,0,0,0,1,,prior,insufficient,1.0,Candidate F has no direct evidence linking it to Chronic kidney disease.,0.5,1.75
1,Chronic kidney disease,biokg,kg,llama3.2:3b,1,8,A,2,0.5,0,1,1,1,,kg,conflicting,3.0,"Drug-8 targets multiple pathways and receptors (SC5A2, UD18, UD13, etc.), but the relationships to CKD are unclear.",0.2857142857142857,2.0
1,Allergic fungal rhinosinusitis (AFRS) ≥6yr,biokg,kg,llama3.2:3b,0,8,F,6,0.16666666666666666,0,0,0,1,,kg,conflicting,1.0,Targets ANDR but lacks direct connection to AFRS through prior knowledge,0.625,1.75
1,Allergic fungal rhinosinusitis (AFRS) ≥6yr,biokg,kg,llama3.2:3b,1,8,E,3,0.3333333333333333,0,1,1,1,,kg,insufficient,2.0,"Targets IL4RA, which could be relevant to allergic responses but lacks direct connection to AFRS.",0.875,1.75
1,Acquired hypothalamic obesity,biokg,kg,llama3.2:3b,0,8,E,5,0.2,0,0,1,1,,prior,insufficient,2.0,"Lack of direct evidence linking Drug-8 targets (ADA1D, ADA1B, ADA2A) to Acquired hypothalamic obesity.",0.25,2.125
1,Acquired hypothalamic obesity,biokg,kg,llama3.2:3b,1,8,B,2,0.5,0,1,1,1,,kg,conflicting,3.0,"Relevant targets (ERR2, NCOA2) but lack of clear pathway involvement in Acquired hypothalamic obesity.",0.7142857142857143,2.0
1,Pediatric glioma (EMA),biokg,kg,llama3.2:3b,0,8,B,8,0.125,0,0,0,1,,kg,conflicting,1.0,Extensive targeting of kinases but lack of mechanistic links to pediatric glioma makes its plausibility uncertain,0.5,1.875
1,Pediatric glioma (EMA),biokg,kg,llama3.2:3b,1,8,D,4,0.25,0,0,1,1,,prior,conflicting,1.0,Pathway not directly linked to pediatric glioma,0.625,1.875
1,IV formulation for rheumatic diseases (EMA),biokg,kg,llama3.2:3b,0,8,D,1,1.0,1,1,1,1,,kg,insufficient,2.0,Lack of direct targets and pathways for Drug-6,0.625,2.0
1,IV formulation for rheumatic diseases (EMA),biokg,kg,llama3.2:3b,1,8,D,3,0.3333333333333333,0,1,1,1,,kg,consistent,4.0,The knowledge graph evidence that Drug-6 modulates the pathway Antirheumatics - DMARDs and biological agents is consistent with its potential to treat rheumatic diseases.,0.75,2.5
1,Oral tablet formulation for weight management,biokg,kg,llama3.2:3b,0,8,F,4,0.25,0,0,1,1,,prior,insufficient,3.0,"Targets GLP1R, but no direct link to the disease.",0.625,2.5
1,Oral tablet formulation for weight management,biokg,kg,llama3.2:3b,1,8,E,1,1.0,1,1,1,1,,both,consistent,5.0,"Drugs targeting GLP1R, NEP, and DPP4 are well-known for their role in weight management.",0.5,2.375
1,dMMR recurrent/advanced endometrial cancer,biokg,kg,llama3.2:3b,0,8,F,2,0.5,0,1,1,1,,both,consistent,4.0,"Targets PPBN, a protein involved in cell signaling and proliferation pathways, which may be relevant to dMMR recurrent/advanced endometrial cancer.",0.875,2.375
1,dMMR recurrent/advanced endometrial cancer,biokg,kg,llama3.2:3b,1,8,C,2,0.5,0,1,1,1,,kg,conflicting,4.0,Connections to ADA enzymes and pathways not directly linked to dMMR cancer,0.625,2.0
1,Primary humoral immunodeficiency pediatric 2-11yr,biokg,kg,llama3.2:3b,0,8,F,9,0.1111111111111111,0,0,0,1,,,,,,,
1,Primary humoral immunodeficiency pediatric 2-11yr,biokg,kg,llama3.2:3b,1,8,A,1,1.0,1,1,1,1,,both,consistent,5.0,"Mechanistic links between Drug-1 and FCG receptors (FCGRB, FCG2C, FCG3B, FCG2B) and CO4 proteins are relevant to Primary humoral immunodeficiency.",1.0,3.25
1,Neoadj+adj HNSCC,biokg,kg,llama3.2:3b,0,8,H,7,0.14285714285714285,0,0,0,1,,kg,insufficient,2.0,KG lacks direct links between Drug-7 and pathways/diseases relevant to Neoadj+adj HNSCC.,1.0,2.25
1,Neoadj+adj HNSCC,biokg,kg,llama3.2:3b,1,8,B,6,0.16666666666666666,0,0,0,1,,prior,insufficient,2.0,Lacks direct associations with DOID:5520 in the knowledge graph; potential relevance through PDCD1 pathways,0.625,2.5
1,Juvenile idiopathic arthritis (EMA Feb 2026),biokg,kg,llama3.2:3b,0,8,H,8,0.125,0,0,0,1,,kg,conflicting,2.0,"Drug-7 targets multiple pathways relevant to Juvenile idiopathic arthritis (EMA Feb 2026) (DOID:676), but its specific effects on this disease are uncertain due to lack of KG evidence.",0.5,2.875
1,Juvenile idiopathic arthritis (EMA Feb 2026),biokg,kg,llama3.2:3b,1,8,G,6,0.16666666666666666,0,0,0,1,,prior,insufficient,1.0,Prior knowledge of drug targeting specific receptors or pathways does not provide clear evidence for its use in Juvenile idiopathic arthritis.,0.375,1.875
1,"ALK+ solid tumors (tissue-agnostic, world-first)",biokg,kg,llama3.2:3b,0,8,F,2,0.5,0,1,1,1,,prior,conflicting,3.0,Direct targeting of ALK but potential off-target effects,0.625,2.25
1,"ALK+ solid tumors (tissue-agnostic, world-first)",biokg,kg,llama3.2:3b,1,8,E,1,1.0,1,1,1,1,,both,consistent,4.0,Drug-8 targets ALK and has shown efficacy in preclinical studies,0.625,1.75
1,Ulcerative colitis,biokg,kg,llama3.2:3b,0,8,F,5,0.2,0,0,1,1,,kg,conflicting,1.0,No direct association between IL23A and IL12B targets and Ulcerative colitis in the KG,0.625,2.0
1,Ulcerative colitis,biokg,kg,llama3.2:3b,1,8,H,8,0.125,0,0,0,1,,prior,uncertain,1.0,No mechanistic link provided by knowledge graph,0.5,2.0
1,Advanced RCC after PD-1/PD-L1 + VEGF-TKI,biokg,kg,llama3.2:3b,0,8,H,7,0.14285714285714285,0,0,0,1,,prior,insufficient,1.0,Lack of direct evidence and pharmacological relevance.,0.5714285714285714,2.0
1,Advanced RCC after PD-1/PD-L1 + VEGF-TKI,biokg,kg,llama3.2:3b,1,8,G,4,0.25,0,0,1,1,,prior,insufficient,2.0,Targets relevant to cancer biology but lack specificity towards RCC,0.625,2.0
1,Ulcerative colitis,biokg,kg,llama3.2:3b,0,8,F,3,0.3333333333333333,0,1,1,1,,both,consistent,5.0,"Drugs-6 and G's target IL23A is a key player in IBD, making them highly plausible.",0.75,2.375
1,Ulcerative colitis,biokg,kg,llama3.2:3b,1,8,F,6,0.16666666666666666,0,0,0,1,,kg,conflicting,1.0,Target IL23A is not directly associated with ulcerative colitis in the provided information,0.625,1.75
1,BRAF V600E metastatic NSCLC,biokg,kg,llama3.2:3b,0,8,F,6,0.16666666666666666,0,0,0,1,,kg,conflicting,4.0,"Targets CP3A4 and BRAF, but its other targets (CCND1) lack direct link to the disease.",0.5,2.875
1,BRAF V600E metastatic NSCLC,biokg,kg,llama3.2:3b,1,8,B,1,1.0,1,1,1,1,,both,consistent,4.0,Direct association with BRAF kinase through targeting.,0.625,1.75
1,Crohn's disease,biokg,kg,llama3.2:3b,0,8,C,9,0.1111111111111111,0,0,0,0,"('Connection aborted.', RemoteDisconnected('Remote end closed connection without response'))",,,,,,
1,Crohn's disease,biokg,kg,llama3.2:3b,1,8,B,9,0.1111111111111111,0,0,0,1,"HTTPConnectionPool(host='localhost', port=11434): Max retries exceeded with url: /api/generate (Caused by NewConnectionE",,,,,,
1,dMMR/MSI-H primary advanced endometrial cancer,biokg,kg,llama3.2:3b,0,8,H,9,0.1111111111111111,0,0,0,1,"HTTPConnectionPool(host='localhost', port=11434): Max retries exceeded with url: /api/generate (Caused by NewConnectionE",,,,,,
1,dMMR/MSI-H primary advanced endometrial cancer,biokg,kg,llama3.2:3b,1,8,D,9,0.1111111111111111,0,0,0,1,"HTTPConnectionPool(host='localhost', port=11434): Max retries exceeded with url: /api/generate (Caused by NewConnectionE",,,,,,
1,IgG4-related disease,biokg,kg,llama3.2:3b,0,8,C,9,0.1111111111111111,0,0,0,1,"HTTPConnectionPool(host='localhost', port=11434): Max retries exceeded with url: /api/generate (Caused by NewConnectionE",,,,,,
1,IgG4-related disease,biokg,kg,llama3.2:3b,1,8,B,9,0.1111111111111111,0,0,0,1,"HTTPConnectionPool(host='localhost', port=11434): Max retries exceeded with url: /api/generate (Caused by NewConnectionE",,,,,,
1,Ph+ CML-CP frontline (EMA Feb 2026),biokg,kg,llama3.2:3b,0,8,H,9,0.1111111111111111,0,0,0,1,"HTTPConnectionPool(host='localhost', port=11434): Max retries exceeded with url: /api/generate (Caused by NewConnectionE",,,,,,
1,Ph+ CML-CP frontline (EMA Feb 2026),biokg,kg,llama3.2:3b,1,8,F,9,0.1111111111111111,0,0,0,1,"HTTPConnectionPool(host='localhost', port=11434): Max retries exceeded with url: /api/generate (Caused by NewConnectionE",,,,,,
1,EGPA,biokg,kg,llama3.2:3b,0,8,D,9,0.1111111111111111,0,0,0,1,"HTTPConnectionPool(host='localhost', port=11434): Max retries exceeded with url: /api/generate (Caused by NewConnectionE",,,,,,
1,EGPA,biokg,kg,llama3.2:3b,1,8,G,9,0.1111111111111111,0,0,0,1,"HTTPConnectionPool(host='localhost', port=11434): Max retries exceeded with url: /api/generate (Caused by NewConnectionE",,,,,,
1,Biliary tract cancer,biokg,kg,llama3.2:3b,0,8,C,9,0.1111111111111111,0,0,0,1,"HTTPConnectionPool(host='localhost', port=11434): Max retries exceeded with url: /api/generate (Caused by NewConnectionE",,,,,,
1,Biliary tract cancer,biokg,kg,llama3.2:3b,1,8,D,9,0.1111111111111111,0,0,0,1,"HTTPConnectionPool(host='localhost', port=11434): Max retries exceeded with url: /api/generate (Caused by NewConnectionE",,,,,,
1,COPD,biokg,kg,llama3.2:3b,0,8,E,9,0.1111111111111111,0,0,0,1,"HTTPConnectionPool(host='localhost', port=11434): Max retries exceeded with url: /api/generate (Caused by NewConnectionE",,,,,,
1,COPD,biokg,kg,llama3.2:3b,1,8,C,9,0.1111111111111111,0,0,0,1,"HTTPConnectionPool(host='localhost', port=11434): Max retries exceeded with url: /api/generate (Caused by NewConnectionE",,,,,,
1,Primary mediastinal large B-cell lymphoma,biokg,kg,llama3.2:3b,0,8,F,9,0.1111111111111111,0,0,0,1,"HTTPConnectionPool(host='localhost', port=11434): Max retries exceeded with url: /api/generate (Caused by NewConnectionE",,,,,,
1,Primary mediastinal large B-cell lymphoma,biokg,kg,llama3.2:3b,1,8,A,1,1.0,1,1,1,1,"HTTPConnectionPool(host='localhost', port=11434): Max retries exceeded with url: /api/generate (Caused by NewConnectionE",,,,,,
1,CRSwNP (eosinophilic chronic rhinosinusitis with nasal polyps),biokg,kg,llama3.2:3b,0,8,C,9,0.1111111111111111,0,0,0,1,"HTTPConnectionPool(host='localhost', port=11434): Max retries exceeded with url: /api/generate (Caused by NewConnectionE",,,,,,
1,CRSwNP (eosinophilic chronic rhinosinusitis with nasal polyps),biokg,kg,llama3.2:3b,1,8,H,9,0.1111111111111111,0,0,0,1,"HTTPConnectionPool(host='localhost', port=11434): Max retries exceeded with url: /api/generate (Caused by NewConnectionE",,,,,,
1,RAS wild-type HER2+ metastatic colorectal cancer,biokg,kg,llama3.2:3b,0,8,D,9,0.1111111111111111,0,0,0,1,"HTTPConnectionPool(host='localhost', port=11434): Max retries exceeded with url: /api/generate (Caused by NewConnectionE",,,,,,
1,RAS wild-type HER2+ metastatic colorectal cancer,biokg,kg,llama3.2:3b,1,8,D,9,0.1111111111111111,0,0,0,1,"HTTPConnectionPool(host='localhost', port=11434): Max retries exceeded with url: /api/generate (Caused by NewConnectionE",,,,,,
1,Schnitzler syndrome (Japan),biokg,kg,llama3.2:3b,0,8,B,9,0.1111111111111111,0,0,0,1,"HTTPConnectionPool(host='localhost', port=11434): Max retries exceeded with url: /api/generate (Caused by NewConnectionE",,,,,,
1,Schnitzler syndrome (Japan),biokg,kg,llama3.2:3b,1,8,D,9,0.1111111111111111,0,0,0,1,"HTTPConnectionPool(host='localhost', port=11434): Max retries exceeded with url: /api/generate (Caused by NewConnectionE",,,,,,
1,HR+/HER2- breast cancer,biokg,kg,llama3.2:3b,0,8,B,9,0.1111111111111111,0,0,0,1,"HTTPConnectionPool(host='localhost', port=11434): Max retries exceeded with url: /api/generate (Caused by NewConnectionE",,,,,,
1,HR+/HER2- breast cancer,biokg,kg,llama3.2:3b,1,8,E,9,0.1111111111111111,0,0,0,1,"HTTPConnectionPool(host='localhost', port=11434): Max retries exceeded with url: /api/generate (Caused by NewConnectionE",,,,,,
1,Psoriasis in children 6-11 (cream),biokg,kg,llama3.2:3b,0,8,D,9,0.1111111111111111,0,0,0,1,"HTTPConnectionPool(host='localhost', port=11434): Max retries exceeded with url: /api/generate (Caused by NewConnectionE",,,,,,
1,Psoriasis in children 6-11 (cream),biokg,kg,llama3.2:3b,1,8,A,1,1.0,1,1,1,1,"HTTPConnectionPool(host='localhost', port=11434): Max retries exceeded with url: /api/generate (Caused by NewConnectionE",,,,,,
1,Resectable gastric/GEJ adenocarcinoma (neoadj+adj +FLOT),biokg,kg,llama3.2:3b,0,8,C,9,0.1111111111111111,0,0,0,1,"HTTPConnectionPool(host='localhost', port=11434): Max retries exceeded with url: /api/generate (Caused by NewConnectionE",,,,,,
1,Resectable gastric/GEJ adenocarcinoma (neoadj+adj +FLOT),biokg,kg,llama3.2:3b,1,8,A,1,1.0,1,1,1,1,"HTTPConnectionPool(host='localhost', port=11434): Max retries exceeded with url: /api/generate (Caused by NewConnectionE",,,,,,
1,COPD (EMA 2025),biokg,kg,llama3.2:3b,0,8,E,9,0.1111111111111111,0,0,0,1,"HTTPConnectionPool(host='localhost', port=11434): Max retries exceeded with url: /api/generate (Caused by NewConnectionE",,,,,,
1,COPD (EMA 2025),biokg,kg,llama3.2:3b,1,8,C,9,0.1111111111111111,0,0,0,1,"HTTPConnectionPool(host='localhost', port=11434): Max retries exceeded with url: /api/generate (Caused by NewConnectionE",,,,,,
1,Ph+ CML-CP after 2+ TKIs,biokg,kg,llama3.2:3b,0,8,G,9,0.1111111111111111,0,0,0,1,"HTTPConnectionPool(host='localhost', port=11434): Max retries exceeded with url: /api/generate (Caused by NewConnectionE",,,,,,
1,Ph+ CML-CP after 2+ TKIs,biokg,kg,llama3.2:3b,1,8,C,9,0.1111111111111111,0,0,0,1,"HTTPConnectionPool(host='localhost', port=11434): Max retries exceeded with url: /api/generate (Caused by NewConnectionE",,,,,,
1,IgE-mediated food allergy,biokg,kg,llama3.2:3b,0,8,C,9,0.1111111111111111,0,0,0,1,"HTTPConnectionPool(host='localhost', port=11434): Max retries exceeded with url: /api/generate (Caused by NewConnectionE",,,,,,
1,IgE-mediated food allergy,biokg,kg,llama3.2:3b,1,8,A,1,1.0,1,1,1,1,"HTTPConnectionPool(host='localhost', port=11434): Max retries exceeded with url: /api/generate (Caused by NewConnectionE",,,,,,
1,BRAF+ thyroid cancer,biokg,kg,llama3.2:3b,0,8,B,9,0.1111111111111111,0,0,0,1,"HTTPConnectionPool(host='localhost', port=11434): Max retries exceeded with url: /api/generate (Caused by NewConnectionE",,,,,,
1,BRAF+ thyroid cancer,biokg,kg,llama3.2:3b,1,8,G,9,0.1111111111111111,0,0,0,1,"HTTPConnectionPool(host='localhost', port=11434): Max retries exceeded with url: /api/generate (Caused by NewConnectionE",,,,,,
1,Primary immunodeficiency pediatric (EMA),biokg,kg,llama3.2:3b,0,8,A,1,1.0,1,1,1,1,"HTTPConnectionPool(host='localhost', port=11434): Max retries exceeded with url: /api/generate (Caused by NewConnectionE",,,,,,
1,Primary immunodeficiency pediatric (EMA),biokg,kg,llama3.2:3b,1,8,A,1,1.0,1,1,1,1,"HTTPConnectionPool(host='localhost', port=11434): Max retries exceeded with url: /api/generate (Caused by NewConnectionE",,,,,,
1,Biliary tract cancer 1L,biokg,kg,llama3.2:3b,0,8,D,9,0.1111111111111111,0,0,0,1,"HTTPConnectionPool(host='localhost', port=11434): Max retries exceeded with url: /api/generate (Caused by NewConnectionE",,,,,,
1,Biliary tract cancer 1L,biokg,kg,llama3.2:3b,1,8,H,9,0.1111111111111111,0,0,0,1,"HTTPConnectionPool(host='localhost', port=11434): Max retries exceeded with url: /api/generate (Caused by NewConnectionE",,,,,,
1,Polymyalgia rheumatica,biokg,kg,llama3.2:3b,0,8,C,9,0.1111111111111111,0,0,0,1,"HTTPConnectionPool(host='localhost', port=11434): Max retries exceeded with url: /api/generate (Caused by NewConnectionE",,,,,,
1,Polymyalgia rheumatica,biokg,kg,llama3.2:3b,1,8,C,9,0.1111111111111111,0,0,0,1,"HTTPConnectionPool(host='localhost', port=11434): Max retries exceeded with url: /api/generate (Caused by NewConnectionE",,,,,,
1,Chronic lymphocytic leukemia,biokg,kg,llama3.2:3b,0,8,H,9,0.1111111111111111,0,0,0,1,"HTTPConnectionPool(host='localhost', port=11434): Max retries exceeded with url: /api/generate (Caused by NewConnectionE",,,,,,
1,Chronic lymphocytic leukemia,biokg,kg,llama3.2:3b,1,8,G,9,0.1111111111111111,0,0,0,1,"HTTPConnectionPool(host='localhost', port=11434): Max retries exceeded with url: /api/generate (Caused by NewConnectionE",,,,,,
1,"Crohn's disease (moderate-severe, refractory)",biokg,kg,llama3.2:3b,0,8,A,1,1.0,1,1,1,1,"HTTPConnectionPool(host='localhost', port=11434): Max retries exceeded with url: /api/generate (Caused by NewConnectionE",,,,,,
1,"Crohn's disease (moderate-severe, refractory)",biokg,kg,llama3.2:3b,1,8,A,1,1.0,1,1,1,1,"HTTPConnectionPool(host='localhost', port=11434): Max retries exceeded with url: /api/generate (Caused by NewConnectionE",,,,,,
1,HER2-mutant NSCLC (EMA),biokg,kg,llama3.2:3b,0,8,E,9,0.1111111111111111,0,0,0,1,"HTTPConnectionPool(host='localhost', port=11434): Max retries exceeded with url: /api/generate (Caused by NewConnectionE",,,,,,
1,HER2-mutant NSCLC (EMA),biokg,kg,llama3.2:3b,1,8,E,9,0.1111111111111111,0,0,0,1,"HTTPConnectionPool(host='localhost', port=11434): Max retries exceeded with url: /api/generate (Caused by NewConnectionE",,,,,,
1,Giant cell arteritis,biokg,kg,llama3.2:3b,0,8,D,9,0.1111111111111111,0,0,0,1,"HTTPConnectionPool(host='localhost', port=11434): Max retries exceeded with url: /api/generate (Caused by NewConnectionE",,,,,,
1,Giant cell arteritis,biokg,kg,llama3.2:3b,1,8,G,9,0.1111111111111111,0,0,0,1,"HTTPConnectionPool(host='localhost', port=11434): Max retries exceeded with url: /api/generate (Caused by NewConnectionE",,,,,,
1,First-line anemia in lower-risk MDS,biokg,kg,llama3.2:3b,0,8,C,9,0.1111111111111111,0,0,0,1,"HTTPConnectionPool(host='localhost', port=11434): Max retries exceeded with url: /api/generate (Caused by NewConnectionE",,,,,,
1,First-line anemia in lower-risk MDS,biokg,kg,llama3.2:3b,1,8,A,1,1.0,1,1,1,1,"HTTPConnectionPool(host='localhost', port=11434): Max retries exceeded with url: /api/generate (Caused by NewConnectionE",,,,,,
1,GVHD + pediatric,biokg,kg,llama3.2:3b,0,8,A,1,1.0,1,1,1,1,"HTTPConnectionPool(host='localhost', port=11434): Max retries exceeded with url: /api/generate (Caused by NewConnectionE",,,,,,
1,GVHD + pediatric,biokg,kg,llama3.2:3b,1,8,B,9,0.1111111111111111,0,0,0,1,"HTTPConnectionPool(host='localhost', port=11434): Max retries exceeded with url: /api/generate (Caused by NewConnectionE",,,,,,
1,MSI-H/dMMR solid tumors (full approval conversion),biokg,kg,llama3.2:3b,0,8,B,9,0.1111111111111111,0,0,0,1,"HTTPConnectionPool(host='localhost', port=11434): Max retries exceeded with url: /api/generate (Caused by NewConnectionE",,,,,,
1,MSI-H/dMMR solid tumors (full approval conversion),biokg,kg,llama3.2:3b,1,8,H,9,0.1111111111111111,0,0,0,1,"HTTPConnectionPool(host='localhost', port=11434): Max retries exceeded with url: /api/generate (Caused by NewConnectionE",,,,,,
1,Antibody-mediated rejection in organ transplantation,biokg,kg,llama3.2:3b,0,8,A,1,1.0,1,1,1,1,"HTTPConnectionPool(host='localhost', port=11434): Max retries exceeded with url: /api/generate (Caused by NewConnectionE",,,,,,
1,Antibody-mediated rejection in organ transplantation,biokg,kg,llama3.2:3b,1,8,H,9,0.1111111111111111,0,0,0,1,"HTTPConnectionPool(host='localhost', port=11434): Max retries exceeded with url: /api/generate (Caused by NewConnectionE",,,,,,
1,Pancreatic NET,biokg,kg,llama3.2:3b,0,8,G,9,0.1111111111111111,0,0,0,1,"HTTPConnectionPool(host='localhost', port=11434): Max retries exceeded with url: /api/generate (Caused by NewConnectionE",,,,,,
1,Pancreatic NET,biokg,kg,llama3.2:3b,1,8,E,9,0.1111111111111111,0,0,0,1,"HTTPConnectionPool(host='localhost', port=11434): Max retries exceeded with url: /api/generate (Caused by NewConnectionE",,,,,,
1,Follicular lymphoma (+obinutuzumab),biokg,kg,llama3.2:3b,0,8,E,9,0.1111111111111111,0,0,0,1,"HTTPConnectionPool(host='localhost', port=11434): Max retries exceeded with url: /api/generate (Caused by NewConnectionE",,,,,,
1,Follicular lymphoma (+obinutuzumab),biokg,kg,llama3.2:3b,1,8,G,9,0.1111111111111111,0,0,0,1,"HTTPConnectionPool(host='localhost', port=11434): Max retries exceeded with url: /api/generate (Caused by NewConnectionE",,,,,,
1,HR+/HER2- node-positive high-risk early breast cancer,biokg,kg,llama3.2:3b,0,8,H,9,0.1111111111111111,0,0,0,1,"HTTPConnectionPool(host='localhost', port=11434): Max retries exceeded with url: /api/generate (Caused by NewConnectionE",,,,,,
1,HR+/HER2- node-positive high-risk early breast cancer,biokg,kg,llama3.2:3b,1,8,D,9,0.1111111111111111,0,0,0,1,"HTTPConnectionPool(host='localhost', port=11434): Max retries exceeded with url: /api/generate (Caused by NewConnectionE",,,,,,
1,BRAF+ thyroid cancer,biokg,kg,llama3.2:3b,0,8,E,9,0.1111111111111111,0,0,0,1,"HTTPConnectionPool(host='localhost', port=11434): Max retries exceeded with url: /api/generate (Caused by NewConnectionE",,,,,,
1,BRAF+ thyroid cancer,biokg,kg,llama3.2:3b,1,8,G,9,0.1111111111111111,0,0,0,1,"HTTPConnectionPool(host='localhost', port=11434): Max retries exceeded with url: /api/generate (Caused by NewConnectionE",,,,,,
1,HER2+ solid tumors (tumor-agnostic),biokg,kg,llama3.2:3b,0,8,E,9,0.1111111111111111,0,0,0,1,"HTTPConnectionPool(host='localhost', port=11434): Max retries exceeded with url: /api/generate (Caused by NewConnectionE",,,,,,
1,HER2+ solid tumors (tumor-agnostic),biokg,kg,llama3.2:3b,1,8,G,9,0.1111111111111111,0,0,0,1,"HTTPConnectionPool(host='localhost', port=11434): Max retries exceeded with url: /api/generate (Caused by NewConnectionE",,,,,,
1,"mCRC BRAF V600E (traditional approval, was accelerated)",biokg,kg,llama3.2:3b,0,8,H,9,0.1111111111111111,0,0,0,1,"HTTPConnectionPool(host='localhost', port=11434): Max retries exceeded with url: /api/generate (Caused by NewConnectionE",,,,,,
1,"mCRC BRAF V600E (traditional approval, was accelerated)",biokg,kg,llama3.2:3b,1,8,C,9,0.1111111111111111,0,0,0,1,"HTTPConnectionPool(host='localhost', port=11434): Max retries exceeded with url: /api/generate (Caused by NewConnectionE",,,,,,
1,"Pediatric low-grade glioma (+dabrafenib, BRAF V600E)",biokg,kg,llama3.2:3b,0,8,D,9,0.1111111111111111,0,0,0,1,"HTTPConnectionPool(host='localhost', port=11434): Max retries exceeded with url: /api/generate (Caused by NewConnectionE",,,,,,
1,"Pediatric low-grade glioma (+dabrafenib, BRAF V600E)",biokg,kg,llama3.2:3b,1,8,B,9,0.1111111111111111,0,0,0,1,"HTTPConnectionPool(host='localhost', port=11434): Max retries exceeded with url: /api/generate (Caused by NewConnectionE",,,,,,
1,HR+/HER2- metastatic breast cancer,biokg,kg,llama3.2:3b,0,8,H,9,0.1111111111111111,0,0,0,1,"HTTPConnectionPool(host='localhost', port=11434): Max retries exceeded with url: /api/generate (Caused by NewConnectionE",,,,,,
1,HR+/HER2- metastatic breast cancer,biokg,kg,llama3.2:3b,1,8,D,9,0.1111111111111111,0,0,0,1,"HTTPConnectionPool(host='localhost', port=11434): Max retries exceeded with url: /api/generate (Caused by NewConnectionE",,,,,,
1,1L biliary tract cancer (+gemcitabine+cisplatin),biokg,kg,llama3.2:3b,0,8,G,9,0.1111111111111111,0,0,0,1,"HTTPConnectionPool(host='localhost', port=11434): Max retries exceeded with url: /api/generate (Caused by NewConnectionE",,,,,,
1,1L biliary tract cancer (+gemcitabine+cisplatin),biokg,kg,llama3.2:3b,1,8,E,9,0.1111111111111111,0,0,0,1,"HTTPConnectionPool(host='localhost', port=11434): Max retries exceeded with url: /api/generate (Caused by NewConnectionE",,,,,,
1,RET-fusion NSCLC (expanded),biokg,kg,llama3.2:3b,0,8,H,9,0.1111111111111111,0,0,0,1,"HTTPConnectionPool(host='localhost', port=11434): Max retries exceeded with url: /api/generate (Caused by NewConnectionE",,,,,,
1,RET-fusion NSCLC (expanded),biokg,kg,llama3.2:3b,1,8,F,9,0.1111111111111111,0,0,0,1,"HTTPConnectionPool(host='localhost', port=11434): Max retries exceeded with url: /api/generate (Caused by NewConnectionE",,,,,,
1,HR+/HER2- metastatic breast cancer,biokg,kg,llama3.2:3b,0,8,A,1,1.0,1,1,1,1,"HTTPConnectionPool(host='localhost', port=11434): Max retries exceeded with url: /api/generate (Caused by NewConnectionE",,,,,,
1,HR+/HER2- metastatic breast cancer,biokg,kg,llama3.2:3b,1,8,A,1,1.0,1,1,1,1,"HTTPConnectionPool(host='localhost', port=11434): Max retries exceeded with url: /api/generate (Caused by NewConnectionE",,,,,,
1,Pheochromocytoma/paraganglioma,biokg,kg,llama3.2:3b,0,8,G,9,0.1111111111111111,0,0,0,1,"HTTPConnectionPool(host='localhost', port=11434): Max retries exceeded with url: /api/generate (Caused by NewConnectionE",,,,,,
1,Pheochromocytoma/paraganglioma,biokg,kg,llama3.2:3b,1,8,D,9,0.1111111111111111,0,0,0,1,"HTTPConnectionPool(host='localhost', port=11434): Max retries exceeded with url: /api/generate (Caused by NewConnectionE",,,,,,
1,Gastric/GEJ adenocarcinoma (1L +chemo),biokg,kg,llama3.2:3b,0,8,A,1,1.0,1,1,1,1,"HTTPConnectionPool(host='localhost', port=11434): Max retries exceeded with url: /api/generate (Caused by NewConnectionE",,,,,,
1,Gastric/GEJ adenocarcinoma (1L +chemo),biokg,kg,llama3.2:3b,1,8,G,9,0.1111111111111111,0,0,0,1,"HTTPConnectionPool(host='localhost', port=11434): Max retries exceeded with url: /api/generate (Caused by NewConnectionE",,,,,,
1,Metastatic colorectal cancer,biokg,kg,llama3.2:3b,0,8,H,9,0.1111111111111111,0,0,0,1,"HTTPConnectionPool(host='localhost', port=11434): Max retries exceeded with url: /api/generate (Caused by NewConnectionE",,,,,,
1,Metastatic colorectal cancer,biokg,kg,llama3.2:3b,1,8,A,1,1.0,1,1,1,1,"HTTPConnectionPool(host='localhost', port=11434): Max retries exceeded with url: /api/generate (Caused by NewConnectionE",,,,,,
1,Gastric/GEJ adenocarcinoma,biokg,kg,llama3.2:3b,0,8,C,9,0.1111111111111111,0,0,0,1,"HTTPConnectionPool(host='localhost', port=11434): Max retries exceeded with url: /api/generate (Caused by NewConnectionE",,,,,,
1,Gastric/GEJ adenocarcinoma,biokg,kg,llama3.2:3b,1,8,C,9,0.1111111111111111,0,0,0,1,"HTTPConnectionPool(host='localhost', port=11434): Max retries exceeded with url: /api/generate (Caused by NewConnectionE",,,,,,
1,Urothelial carcinoma (expanded population),biokg,kg,llama3.2:3b,0,8,A,1,1.0,1,1,1,1,"HTTPConnectionPool(host='localhost', port=11434): Max retries exceeded with url: /api/generate (Caused by NewConnectionE",,,,,,
1,Urothelial carcinoma (expanded population),biokg,kg,llama3.2:3b,1,8,F,9,0.1111111111111111,0,0,0,1,"HTTPConnectionPool(host='localhost', port=11434): Max retries exceeded with url: /api/generate (Caused by NewConnectionE",,,,,,
1,HER2+ early-stage BC (neoadjuvant + adjuvant),biokg,kg,llama3.2:3b,0,8,B,9,0.1111111111111111,0,0,0,1,"HTTPConnectionPool(host='localhost', port=11434): Max retries exceeded with url: /api/generate (Caused by NewConnectionE",,,,,,
1,HER2+ early-stage BC (neoadjuvant + adjuvant),biokg,kg,llama3.2:3b,1,8,C,9,0.1111111111111111,0,0,0,1,"HTTPConnectionPool(host='localhost', port=11434): Max retries exceeded with url: /api/generate (Caused by NewConnectionE",,,,,,
1,Pediatric BRAF V600E low-grade glioma,biokg,kg,llama3.2:3b,0,8,D,9,0.1111111111111111,0,0,0,1,"HTTPConnectionPool(host='localhost', port=11434): Max retries exceeded with url: /api/generate (Caused by NewConnectionE",,,,,,
1,Pediatric BRAF V600E low-grade glioma,biokg,kg,llama3.2:3b,1,8,H,9,0.1111111111111111,0,0,0,1,"HTTPConnectionPool(host='localhost', port=11434): Max retries exceeded with url: /api/generate (Caused by NewConnectionE",,,,,,
1,HR+/HER2- early breast cancer (adjuvant),biokg,kg,llama3.2:3b,0,8,B,9,0.1111111111111111,0,0,0,1,"HTTPConnectionPool(host='localhost', port=11434): Max retries exceeded with url: /api/generate (Caused by NewConnectionE",,,,,,
1,HR+/HER2- early breast cancer (adjuvant),biokg,kg,llama3.2:3b,1,8,B,9,0.1111111111111111,0,0,0,1,"HTTPConnectionPool(host='localhost', port=11434): Max retries exceeded with url: /api/generate (Caused by NewConnectionE",,,,,,
1,HR+/HER2-low breast cancer,biokg,kg,llama3.2:3b,0,8,C,9,0.1111111111111111,0,0,0,1,"HTTPConnectionPool(host='localhost', port=11434): Max retries exceeded with url: /api/generate (Caused by NewConnectionE",,,,,,
1,HR+/HER2-low breast cancer,biokg,kg,llama3.2:3b,1,8,D,9,0.1111111111111111,0,0,0,1,"HTTPConnectionPool(host='localhost', port=11434): Max retries exceeded with url: /api/generate (Caused by NewConnectionE",,,,,,
1,Platinum-resistant ovarian carcinoma (PD-L1+ CPS≥1),biokg,kg,llama3.2:3b,0,8,D,9,0.1111111111111111,0,0,0,1,"HTTPConnectionPool(host='localhost', port=11434): Max retries exceeded with url: /api/generate (Caused by NewConnectionE",,,,,,
1,Platinum-resistant ovarian carcinoma (PD-L1+ CPS≥1),biokg,kg,llama3.2:3b,1,8,H,9,0.1111111111111111,0,0,0,1,"HTTPConnectionPool(host='localhost', port=11434): Max retries exceeded with url: /api/generate (Caused by NewConnectionE",,,,,,
