seed,disease,kg,condition,model,shuffle,pool_size,positive_letter,rank,reciprocal_rank,hit@1,hit@3,hit@5,parsed,error,pos_basis,pos_agreement,pos_confidence,pos_rationale,frac_basis_kg,mean_confidence
2,Chorea associated with Huntington's disease,none,no_kg,llama3.2:1b,0,8,D,9,0.1111111111111111,0,0,0,1,,,,,,1.0,5.0
2,Chorea associated with Huntington's disease,none,no_kg,llama3.2:1b,1,8,D,9,0.1111111111111111,0,0,0,0,,,,,,,
2,Chronic thromboembolic pulmonary hypertension,none,no_kg,llama3.2:1b,0,8,F,9,0.1111111111111111,0,0,0,1,,,,,,1.0,4.0
2,Chronic thromboembolic pulmonary hypertension,none,no_kg,llama3.2:1b,1,8,G,5,0.2,0,0,1,1,,kg,insufficient,3.0,"The evidence from the biomedical knowledge graph for DOID:6432 and Drug-7 is sparse, making it difficult to assess its mechanistic plausibility.",1.0,3.75
2,Indolent systemic mastocytosis,none,no_kg,llama3.2:1b,0,8,G,1,1.0,1,1,1,1,,both,consistent,3.0,The mechanistic links provided by the biomedical knowledge graph are consistent with indolent systemic mastocytosis and suggest that Drug-8 may have a role in this disease. The fact that it is listed as one of the candidates and has been shown to inhibit mast cell growth supports its plausibility.,0.75,3.625
2,Indolent systemic mastocytosis,none,no_kg,llama3.2:1b,1,8,F,7,0.14285714285714285,0,0,0,1,,both,insufficient,3.0,"The evidence for Drug-8 is sparse, and its association with DOID:349 may not be directly relevant to mastocytosis.",1.0,3.375
2,EGPA (expanded),none,no_kg,llama3.2:1b,0,8,F,9,0.1111111111111111,0,0,0,1,,,,,,1.0,4.0
2,EGPA (expanded),none,no_kg,llama3.2:1b,1,8,C,9,0.1111111111111111,0,0,0,1,,,,,,0.5,3.0
2,Invasive fungal infections pediatric ≥2yr,none,no_kg,llama3.2:1b,0,8,D,2,0.5,0,1,1,1,,prior,insufficient,2.0,Conflicting evidence from the biomedical knowledge graph with prior knowledge for Drug-3.,0.16666666666666666,2.6666666666666665
2,Invasive fungal infections pediatric ≥2yr,none,no_kg,llama3.2:1b,1,8,C,5,0.2,0,0,1,1,,both,consistent,4.0,"Drug-4 also shows a mechanistic link to Invasive Fungal Infections in Pediatric Patients, although the evidence is less clear than with Drug-3.",0.8571428571428571,2.857142857142857
2,PKU expanded to ≥12yr,none,no_kg,llama3.2:1b,0,8,G,7,0.14285714285714285,0,0,0,1,,both,conflicting,2.0,"Insufficient evidence from the knowledge graph to assess Drug-8, and conflicting prior mechanistic links.",0.7142857142857143,2.2857142857142856
2,PKU expanded to ≥12yr,none,no_kg,llama3.2:1b,1,8,H,1,1.0,1,1,1,1,,kg,conflicting,3.0,"KG evidence is sparse on the pathway, while prior knowledge and mechanistic links are stronger for other candidates",0.6666666666666666,2.6666666666666665
2,Nephrotic syndrome,none,no_kg,llama3.2:1b,0,8,A,9,0.1111111111111111,0,0,0,0,,,,,,,
2,Nephrotic syndrome,none,no_kg,llama3.2:1b,1,8,F,1,1.0,1,1,1,1,,both,consistent,5.0,"The mechanistic links from DOID to both the target and pathway are strong, especially considering the evidence on inflammation.",0.875,3.125
2,HR+/HER2- node-positive high-risk early breast cancer,none,no_kg,llama3.2:1b,0,8,G,3,0.3333333333333333,0,1,1,1,,kg,insufficient,1.0,"There was insufficient evidence in the knowledge graph to confirm Drug-8's relevance, and my prior pharmacological knowledge does not provide a clear mechanistic link.",0.8571428571428571,2.4285714285714284
2,HR+/HER2- node-positive high-risk early breast cancer,none,no_kg,llama3.2:1b,1,8,C,2,0.5,0,1,1,1,,kg,conflicting,3.0,"KG evidence suggests Drug-7 targets HER2, but prior knowledge indicates it targets estrogen receptors. Both sources are uncertain.",0.875,2.375
2,Retinopathy of prematurity,none,no_kg,llama3.2:1b,0,8,H,3,0.3333333333333333,0,1,1,1,,both,consistent,2.0,"Both knowledge graph evidence and prior knowledge suggest Drug-7 might be a viable option, but its mechanistic plausibility is uncertain.",0.5714285714285714,2.0
2,Retinopathy of prematurity,none,no_kg,llama3.2:1b,1,8,G,9,0.1111111111111111,0,0,0,1,,,,,,1.0,2.0
2,Agitation associated with Alzheimer's dementia,none,no_kg,llama3.2:1b,0,8,F,6,0.16666666666666666,0,0,0,1,,both,consistent,3.0,"The knowledge graph reports consistent evidence for Drug-1, but its mechanism is unclear and no prior knowledge suggests it.",0.75,3.0
2,Agitation associated with Alzheimer's dementia,none,no_kg,llama3.2:1b,1,8,B,7,0.14285714285714285,0,0,0,1,,both,conflicting,1.0,"The knowledge graph reports a mechanistic link between Drug-6 and Alzheimer's disease, but my own pharmacological knowledge is uncertain about its relevance to agitation associated with the condition. The provided evidence does not match any well-established pathways or mechanisms in DOID:10652.",0.8571428571428571,2.7142857142857144
2,LDL-C elevation in statin-intolerant dyslipidemia,none,no_kg,llama3.2:1b,0,8,A,9,0.1111111111111111,0,0,0,1,,,,,,1.0,3.0
2,LDL-C elevation in statin-intolerant dyslipidemia,none,no_kg,llama3.2:1b,1,8,F,7,0.14285714285714285,0,0,0,1,,,,,,,
2,First-line anemia in lower-risk MDS,none,no_kg,llama3.2:1b,0,8,B,2,0.5,0,1,1,1,,,,,,,
2,First-line anemia in lower-risk MDS,none,no_kg,llama3.2:1b,1,8,H,9,0.1111111111111111,0,0,0,1,,,,,,1.0,5.0
2,"Crohn's disease (moderate-severe, refractory)",none,no_kg,llama3.2:1b,0,8,H,9,0.1111111111111111,0,0,0,1,,,,,,1.0,4.0
2,"Crohn's disease (moderate-severe, refractory)",none,no_kg,llama3.2:1b,1,8,A,9,0.1111111111111111,0,0,0,1,,,,,,1.0,4.0
2,COVID-19 in severe renal impairment/dialysis,none,no_kg,llama3.2:1b,0,8,G,3,0.3333333333333333,0,1,1,1,,both,consistent,4.0,"While there are some mechanistic links between Drug-8 and the COVID-19 pathogenesis, more research is needed to confirm its impact on renal impairment/dialysis in DOID:0080599.",0.7142857142857143,3.5714285714285716
2,COVID-19 in severe renal impairment/dialysis,none,no_kg,llama3.2:1b,1,8,H,6,0.16666666666666666,0,0,0,1,,both,insufficient,3.0,"KG evidence is sparse and conflicts with prior knowledge links to other types of kidney diseases, making this candidate uncertain at best.",0.75,3.625
2,MASH with fibrosis,none,no_kg,llama3.2:1b,0,8,A,9,0.1111111111111111,0,0,0,1,,,,,,0.6666666666666666,3.3333333333333335
2,MASH with fibrosis,none,no_kg,llama3.2:1b,1,8,C,1,1.0,1,1,1,1,,,,,,,
2,Pancreatic NET,none,no_kg,llama3.2:1b,0,8,A,7,0.14285714285714285,0,0,0,1,,both,consistent,2.0,"The evidence from the biomedical knowledge graph suggests a mechanistic link between Drug-8 and Pancreatic NET, but my own pharmacological knowledge is less certain about its relevance to this disease.",0.8571428571428571,3.4285714285714284
2,Pancreatic NET,none,no_kg,llama3.2:1b,1,8,C,3,0.3333333333333333,0,1,1,1,,both,conflicting,4.0,The provided evidence from the kg on Drug-8's pathway relevance to pancreatic NET is conflicting with our own knowledge. This indicates a moderate confidence level for Drug-8.,0.875,3.375
2,Retinal vein occlusion,none,no_kg,llama3.2:1b,0,8,G,5,0.2,0,0,1,1,,both,consistent,4.0,"The KG reports mechanistic links between Drug-8 and Retinal vein occlusion, as well as prior knowledge suggesting its relevance. My own knowledge is consistent with the KG's evidence for Drug-8.",0.8571428571428571,3.7142857142857144
2,Retinal vein occlusion,none,no_kg,llama3.2:1b,1,8,A,6,0.16666666666666666,0,0,0,1,,both,insufficient,1.0,"The mechanism links drug-8 to retinal vein occlusion and target DOID:1727, but the evidence is sparse in the biomedical knowledge graph.",0.8571428571428571,2.4285714285714284
2,Cerebral folate transport deficiency,none,no_kg,llama3.2:1b,0,8,D,1,1.0,1,1,1,1,,both,conflicting,3.0,"KG reports a mechanism link from Drug-8 to target C. folate transport, but our own knowledge indicates that another drug may have a similar role in the pathway",1.0,3.0
2,Cerebral folate transport deficiency,none,no_kg,llama3.2:1b,1,8,G,1,1.0,1,1,1,1,,,,,,,
2,ILD-associated pulmonary hypertension,none,no_kg,llama3.2:1b,0,8,G,6,0.16666666666666666,0,0,0,1,,both,consistent,5.0,"The mechanistic link from DOID:6432 to ILD-associated pulmonary hypertension via Drug-3 is reported in the biomedical knowledge graph and my prior knowledge, making it a strong candidate for repurposing.",0.875,4.5
2,ILD-associated pulmonary hypertension,none,no_kg,llama3.2:1b,1,8,C,3,0.3333333333333333,0,1,1,1,,both,insufficient,2.0,"While Drug-3's link to the DOID:6432 pathway is plausible, it lacks sufficient evidence from the knowledge graph.",0.75,2.5
2,Indolent systemic mastocytosis (EMA),none,no_kg,llama3.2:1b,0,8,E,7,0.14285714285714285,0,0,0,1,,both,consistent,1.0,Both the knowledge graph and prior knowledge support Drug-8 as a plausible candidate for Indolent systemic mastocytosis.,0.875,1.5
2,Indolent systemic mastocytosis (EMA),none,no_kg,llama3.2:1b,1,8,E,9,0.1111111111111111,0,0,0,1,,,,,,0.5,3.5
2,CRSwNP (eosinophilic chronic rhinosinusitis with nasal polyps),none,no_kg,llama3.2:1b,0,8,C,9,0.1111111111111111,0,0,0,0,,,,,,,
2,CRSwNP (eosinophilic chronic rhinosinusitis with nasal polyps),none,no_kg,llama3.2:1b,1,8,H,8,0.125,0,0,0,1,,,,,,,
2,Chronic hepatitis B (pediatric),none,no_kg,llama3.2:1b,0,8,C,3,0.3333333333333333,0,1,1,1,,,,,,,
2,Chronic hepatitis B (pediatric),none,no_kg,llama3.2:1b,1,8,A,3,0.3333333333333333,0,1,1,1,,,,,,,
2,HoFH in children,none,no_kg,llama3.2:1b,0,8,G,3,0.3333333333333333,0,1,1,1,,,,,,,
2,HoFH in children,none,no_kg,llama3.2:1b,1,8,F,3,0.3333333333333333,0,1,1,1,,both,consistent,4.0,"Similar evidence points to Drug-6 as a plausible candidate, and its mechanistic links with the target pathway are not strongly conflicting with knowledge-graph data.",0.875,2.625
2,Biliary tract cancer 1L,none,no_kg,llama3.2:1b,0,8,G,5,0.2,0,0,1,1,,both,consistent,4.0,The evidence from the biomedical knowledge graph and my own knowledge support Drug-6 as a likely candidate.,0.75,4.125
2,Biliary tract cancer 1L,none,no_kg,llama3.2:1b,1,8,D,1,1.0,1,1,1,1,,both,consistent,3.0,"Both the knowledge graph evidence and prior pharmacological research suggest that Drug-7 has potential in treating Biliary tract cancer, although more high-quality data is needed to confirm its efficacy.",0.625,3.0
2,Diabetic retinopathy/DME (EMA Mar+May 2026),none,no_kg,llama3.2:1b,0,8,F,7,0.14285714285714285,0,0,0,1,,both,consistent,4.0,The evidence from the biomedical knowledge graph for Drug-8 on diabetically-induced retinopathy/pediatric diabetic macular edema (DME) shows consistent associations with the target pathway and provides mechanistic links to inflammation and oxidative stress.,0.875,3.375
2,Diabetic retinopathy/DME (EMA Mar+May 2026),none,no_kg,llama3.2:1b,1,8,A,5,0.2,0,0,1,1,,both,consistent,4.0,"KG evidence indicates potential pathway, but prior DOID suggests this is not a primary mechanism for Diabetic retinopathy/DME.",0.875,3.75
2,Spinal muscular atrophy (pediatric expansion),none,no_kg,llama3.2:1b,0,8,B,8,0.125,0,0,0,1,,both,inconsistent,1.0,The mechanistic links provided do not support the use of Drug-8 for Spinal Muscular Atrophy (pediatric expansion).,0.75,1.75
2,Spinal muscular atrophy (pediatric expansion),none,no_kg,llama3.2:1b,1,8,C,3,0.3333333333333333,0,1,1,1,,both,consistent,5.0,Both evidence from the knowledge graph and prior knowledge suggest Drug-8 could be plausible for this disease.,0.8571428571428571,3.857142857142857
2,High LDL-C with increased CV risk (expanded),none,no_kg,llama3.2:1b,0,8,C,3,0.3333333333333333,0,1,1,1,,prior,insufficient,2.0,Drug-8 has limited mechanistic links from DOID:13810 and lacks sufficient evidence to confidently rank it or Drug-6,0.875,2.625
2,High LDL-C with increased CV risk (expanded),none,no_kg,llama3.2:1b,1,8,G,3,0.3333333333333333,0,1,1,1,,both,conflicting,2.0,"The knowledge graph suggests Drug-8 may interact with pathways relevant to statins, but the prior pharmacological knowledge of drug-6 is more uncertain.",0.5,2.875
2,Polycythaemia vera and essential thrombocytopenia,none,no_kg,llama3.2:1b,0,8,E,1,1.0,1,1,1,1,,both,conflicting,3.0,Conflict with the mechanistic link between Drug-2 and Pathway-12 for DOID:8997.,0.625,2.5
2,Polycythaemia vera and essential thrombocytopenia,none,no_kg,llama3.2:1b,1,8,C,1,1.0,1,1,1,1,,both,consistent,3.0,Consistent associations with DOID and pathway annotations support prior knowledge of its association with polycythaemia vera and essential thrombocytopenia.,0.75,1.5
2,Hidradenitis suppurativa,none,no_kg,llama3.2:1b,0,8,D,1,1.0,1,1,1,1,,both,insufficient,4.0,"The knowledge graph reports some association between Drug-6 and the target disease pathway, but this evidence is not consistent with any prior pharmacological understanding of Hidradenitis suppurativa.",0.5,4.5
2,Hidradenitis suppurativa,none,no_kg,llama3.2:1b,1,8,C,5,0.2,0,0,1,1,,kg,insufficient,2.0,The evidence from DOID:2280 is insufficient to confirm Drug-6's mechanistic plausibility for Hidradenitis suppurativa.,1.0,2.4285714285714284
2,Acute HCV pediatric,none,no_kg,llama3.2:1b,0,8,D,7,0.14285714285714285,0,0,0,1,,both,conflicting,4.0,The evidence from the biomedical graph does not agree with prior knowledge on this topic.,0.75,2.875
2,Acute HCV pediatric,none,no_kg,llama3.2:1b,1,8,A,9,0.1111111111111111,0,0,0,1,,,,,,0.6666666666666666,3.0
2,CKD in T2D,none,no_kg,llama3.2:1b,0,8,F,9,0.1111111111111111,0,0,0,1,,,,,,1.0,4.0
2,CKD in T2D,none,no_kg,llama3.2:1b,1,8,B,2,0.5,0,1,1,1,,both,consistent,4.0,"knowledge graph evidence is consistent and well-established in the context of T2D, but prior knowledge provides additional insights that make it a plausible candidate.",0.875,3.75
2,BRAF V600E metastatic NSCLC,none,no_kg,llama3.2:1b,0,8,C,9,0.1111111111111111,0,0,0,1,,,,,,1.0,3.0
2,BRAF V600E metastatic NSCLC,none,no_kg,llama3.2:1b,1,8,G,4,0.25,0,0,1,1,,,,,,,
2,Retinal vein occlusion,none,no_kg,llama3.2:1b,0,8,E,1,1.0,1,1,1,1,,both,consistent,5.0,"Strong evidence from both knowledge graph and prior reports for mechanistic links, as well as direct interaction with the target disease.",0.5,3.625
2,Retinal vein occlusion,none,no_kg,llama3.2:1b,1,8,G,9,0.1111111111111111,0,0,0,1,,,,,,,
2,Agitation associated with Alzheimer's dementia,none,no_kg,llama3.2:1b,0,8,B,8,0.125,0,0,0,1,,prior,satisfactory,3.0,The link from drug to target pathway is direct and consistent across multiple sources,0.5,2.75
2,Agitation associated with Alzheimer's dementia,none,no_kg,llama3.2:1b,1,8,C,6,0.16666666666666666,0,0,0,1,,both,consistent,4.0,The evidence from the biomedical knowledge graph is consistent with prior knowledge on DOID:10652 for Drug-3.,0.75,2.75
2,Heterozygous familial hypercholesterolemia,none,no_kg,llama3.2:1b,0,8,C,9,0.1111111111111111,0,0,0,1,,,,,,0.5,2.5
2,Heterozygous familial hypercholesterolemia,none,no_kg,llama3.2:1b,1,8,G,8,0.125,0,0,0,1,,both,consistent,3.0,"The KG's evidence is mostly consistent with prior literature on HHH, and the pathways and targets are supported by this knowledge",1.0,3.5
2,Acquired hypofibrinogenemia in cardiovascular surgery,none,no_kg,llama3.2:1b,0,8,G,6,0.16666666666666666,0,0,0,1,,,,,,,
2,Acquired hypofibrinogenemia in cardiovascular surgery,none,no_kg,llama3.2:1b,1,8,H,9,0.1111111111111111,0,0,0,1,,,,,,,
2,Crohn's disease,none,no_kg,llama3.2:1b,0,8,C,2,0.5,0,1,1,1,,both,conflicting,3.0,"Although both share ulcerative colitis as a target, Drug-8's association with Crohn's disease is less clear.",0.625,2.875
2,Crohn's disease,none,no_kg,llama3.2:1b,1,8,C,2,0.5,0,1,1,1,,prior,consistent,4.0,"Although the evidence is less clear-cut, the association with inflammatory pathways makes Drug-3 a plausible candidate.",0.6666666666666666,4.333333333333333
2,COVID-19 updated strain,none,no_kg,llama3.2:1b,0,8,C,2,0.5,0,1,1,1,,both,consistent,4.0,Both evidence graph and prior literature suggest the involvement of C in the COVID-19 DOID:0080599 disease mechanism.,1.0,3.0
2,COVID-19 updated strain,none,no_kg,llama3.2:1b,1,8,C,9,0.1111111111111111,0,0,0,0,,,,,,,
2,HoFH pediatric (EMA),none,no_kg,llama3.2:1b,0,8,D,9,0.1111111111111111,0,0,0,1,,,,,,1.0,2.5
2,HoFH pediatric (EMA),none,no_kg,llama3.2:1b,1,8,E,9,0.1111111111111111,0,0,0,1,,,,,,0.0,
2,Primary mediastinal large B-cell lymphoma,none,no_kg,llama3.2:1b,0,8,A,9,0.1111111111111111,0,0,0,1,,,,,,,
2,Primary mediastinal large B-cell lymphoma,none,no_kg,llama3.2:1b,1,8,H,8,0.125,0,0,0,1,,both,consistent,4.0,"The mechanistic link from drug-7 to primary mediastinal large B-cell lymphoma is consistent in both the knowledge graph and prior literature, but it's unclear what disease pathway this mechanism relates to.",0.75,3.5
2,TRD monotherapy,none,no_kg,llama3.2:1b,0,8,D,4,0.25,0,0,1,1,,both,insufficient,3.0,"Uncertain evidence from Knowledge Graph, and my prior knowledge is insufficient. Drug-8 has no mechanistic link to TRD in the provided pathways.",0.875,3.125
2,TRD monotherapy,none,no_kg,llama3.2:1b,1,8,G,5,0.2,0,0,1,1,,both,consistent,4.0,Consistent with prior knowledge of TRD treatment and mechanistic links,1.0,2.857142857142857
2,Reduce MACE in CVD + obesity/overweight,none,no_kg,llama3.2:1b,0,8,F,5,0.2,0,0,1,1,,both,insufficient,2.0,,0.75,2.75
2,Reduce MACE in CVD + obesity/overweight,none,no_kg,llama3.2:1b,1,8,B,8,0.125,0,0,0,1,,both,consistent,4.0,"KG evidence supports positive effects on MACE in CVD + obesity/overweight, and prior pharmacological knowledge indicates a plausible mechanistic pathway",0.625,3.5
2,Allergic fungal rhinosinusitis (AFRS) ≥6yr,none,no_kg,llama3.2:1b,0,8,D,1,1.0,1,1,1,1,,prior,consistent,4.0,"Evidence from multiple sources, including the DOID report and literature reviews.",0.0,4.0
2,Allergic fungal rhinosinusitis (AFRS) ≥6yr,none,no_kg,llama3.2:1b,1,8,G,9,0.1111111111111111,0,0,0,1,,,,,,1.0,3.5
2,Measles prophylaxis post-exposure,none,no_kg,llama3.2:1b,0,8,G,4,0.25,0,0,1,1,,both,insufficient,1.0,"Drug-1 has a mechanistic link to the pathway, but lacks direct evidence on its application in measles prophylaxis post-exposure.",0.8571428571428571,1.2857142857142858
2,Measles prophylaxis post-exposure,none,no_kg,llama3.2:1b,1,8,E,2,0.5,0,1,1,1,,both,insufficient,1.0,"While Drug-7 has some mechanistic links to measles, the KG evidence is too limited and conflicting with prior knowledge",0.875,2.0
2,Obstructive sleep apnea with obesity,none,no_kg,llama3.2:1b,0,8,D,4,0.25,0,0,1,1,,both,insufficient,2.0,The provided KG evidence is sparse for DOID:0050848; our prior knowledge of the disease suggests multiple pathways and mechanisms.,0.8571428571428571,3.142857142857143
2,Obstructive sleep apnea with obesity,none,no_kg,llama3.2:1b,1,8,B,9,0.1111111111111111,0,0,0,1,,,,,,,
2,HER2+ solid tumors (tumor-agnostic),none,no_kg,llama3.2:1b,0,8,A,3,0.3333333333333333,0,1,1,1,,,,,,,
2,HER2+ solid tumors (tumor-agnostic),none,no_kg,llama3.2:1b,1,8,B,9,0.1111111111111111,0,0,0,1,,,,,,,
2,Heart failure (broadened),none,no_kg,llama3.2:1b,0,8,H,9,0.1111111111111111,0,0,0,0,,,,,,,
2,Heart failure (broadened),none,no_kg,llama3.2:1b,1,8,F,2,0.5,0,1,1,1,,prior,consistent,4.0,"The knowledge graph reports a mechanistic link from Drug-8 to heart failure, and prior pharmacological knowledge does not contradict this",0.8571428571428571,2.142857142857143
2,GVHD + pediatric,none,no_kg,llama3.2:1b,0,8,F,5,0.2,0,0,1,1,,both,insufficient,1.0,"The knowledge graph reports mechanistic links between Drug-6 and target, but these are not directly related to GVHD + pediatric disease.",0.75,1.75
2,GVHD + pediatric,none,no_kg,llama3.2:1b,1,8,F,1,1.0,1,1,1,1,,both,consistent,5.0,"KG reports associations between GVHD and drug-6, but provides a plausible mechanistic link to pediatric disease.",0.75,4.0
2,COVID-19 (expanded population),none,no_kg,llama3.2:1b,0,8,C,4,0.25,0,0,1,1,,both,consistent,4.0,"The knowledge graph provides strong evidence for Drug-8, but my prior knowledge is not as confident in this association.",0.7142857142857143,3.142857142857143
2,COVID-19 (expanded population),none,no_kg,llama3.2:1b,1,8,D,1,1.0,1,1,1,1,,both,consistent,5.0,Both Mechanistic links and knowledge graph evidence support the mechanistic plausibility of D.2 for COVID-19.,1.0,5.0
2,Delay T1D onset in children ≥1yr,none,no_kg,llama3.2:1b,0,8,H,9,0.1111111111111111,0,0,0,1,,,,,,,
2,Delay T1D onset in children ≥1yr,none,no_kg,llama3.2:1b,1,8,H,3,0.3333333333333333,0,1,1,1,,,,,,,
2,BRAF+ thyroid cancer,none,no_kg,llama3.2:1b,0,8,D,1,1.0,1,1,1,1,,both,consistent,5.0,"Both the graph and prior knowledge suggest that Drug-8's pathway could be involved in BRAF+ thyroid cancer, although more research is needed to confirm its mechanism.",1.0,5.0
2,BRAF+ thyroid cancer,none,no_kg,llama3.2:1b,1,8,G,9,0.1111111111111111,0,0,0,1,,,,,,1.0,5.0
2,Chronic kidney disease,none,no_kg,llama3.2:1b,0,8,E,2,0.5,0,1,1,1,,both,consistent,3.0,"Drug-6 is associated with pathways that can increase the risk of kidney disease, and Drug-8 has been shown to affect kidney function.",1.0,3.6666666666666665
2,Chronic kidney disease,none,no_kg,llama3.2:1b,1,8,E,4,0.25,0,0,1,1,,both,insufficient,1.0,"The biomedical knowledge graph provides evidence for a potential link between Drug-8 and chronic kidney disease, but the relationship is unclear and warrants further investigation.",1.0,2.0
2,IgG4-related disease,none,no_kg,llama3.2:1b,0,8,G,9,0.1111111111111111,0,0,0,1,,,,,,0.8571428571428571,2.4285714285714284
2,IgG4-related disease,none,no_kg,llama3.2:1b,1,8,D,2,0.5,0,1,1,1,,prior,conflicting,2.0,Uncertain mechanism not supported by KG evidence,0.5,2.75
2,Oral tablet formulation for weight management,none,no_kg,llama3.2:1b,0,8,D,6,0.16666666666666666,0,0,0,1,,prior,insufficient,1.0,No evidence from DOID:9970 reports Drug-8 as a mechanistic link,0.42857142857142855,2.7142857142857144
2,Oral tablet formulation for weight management,none,no_kg,llama3.2:1b,1,8,A,9,0.1111111111111111,0,0,0,1,,,,,,1.0,2.0
2,Follicular lymphoma,none,no_kg,llama3.2:1b,0,8,F,9,0.1111111111111111,0,0,0,1,,,,,,1.0,5.0
2,Follicular lymphoma,none,no_kg,llama3.2:1b,1,8,F,9,0.1111111111111111,0,0,0,0,,,,,,,
2,Palmoplantar pustulosis (PMDA),none,no_kg,llama3.2:1b,0,8,G,9,0.1111111111111111,0,0,0,0,,,,,,,
2,Palmoplantar pustulosis (PMDA),none,no_kg,llama3.2:1b,1,8,A,9,0.1111111111111111,0,0,0,1,,,,,,1.0,3.0
2,Acquired hypothalamic obesity,none,no_kg,llama3.2:1b,0,8,B,3,0.3333333333333333,0,1,1,1,,both,conflicting,2.0,Conflicting evidence between mechanistic links and prior associations with the target disease.,0.6,3.0
2,Acquired hypothalamic obesity,none,no_kg,llama3.2:1b,1,8,B,9,0.1111111111111111,0,0,0,1,,,,,,0.8333333333333334,3.1666666666666665
2,Pheochromocytoma/paraganglioma,none,no_kg,llama3.2:1b,0,8,D,1,1.0,1,1,1,1,,kg,consistent,5.0,"Based on the evidence retrieved from the biomedical knowledge graph, Drug-4 appears to be a plausible candidate for treating Pheochromocytoma/paraganglioma.",0.75,2.625
2,Pheochromocytoma/paraganglioma,none,no_kg,llama3.2:1b,1,8,C,4,0.25,0,0,1,1,,both,insufficient,2.0,,0.7142857142857143,2.142857142857143
2,IgE-mediated food allergy,none,no_kg,llama3.2:1b,0,8,D,5,0.2,0,0,1,1,,both,insufficient,2.0,"Drug-1 has some evidence of interaction with immune responses or pathways involved in IgE-mediated food allergy from the biomedical knowledge graph, but Drug-7 does not have enough strong prior knowledge to rank.",0.8571428571428571,2.2857142857142856
2,IgE-mediated food allergy,none,no_kg,llama3.2:1b,1,8,A,2,0.5,0,1,1,1,,both,,4.0,,0.875,2.7142857142857144
2,Advanced RCC after PD-1/PD-L1 + VEGF-TKI,none,no_kg,llama3.2:1b,0,8,H,5,0.2,0,0,1,1,,kg,conflicting,3.0,"KG links PD-1/PD-L1 to immune responses, but VEGF-TKIs target the vascular system directly, suggesting a different mechanism of action.",1.0,3.125
2,Advanced RCC after PD-1/PD-L1 + VEGF-TKI,none,no_kg,llama3.2:1b,1,8,E,3,0.3333333333333333,0,1,1,1,,,,,,,
2,COPD,none,no_kg,llama3.2:1b,0,8,B,9,0.1111111111111111,0,0,0,1,,,,,,,
2,COPD,none,no_kg,llama3.2:1b,1,8,C,9,0.1111111111111111,0,0,0,1,,,,,,,
2,mHSPC + ADT,none,no_kg,llama3.2:1b,0,8,G,9,0.1111111111111111,0,0,0,1,,,,,,0.5,3.5
2,mHSPC + ADT,none,no_kg,llama3.2:1b,1,8,B,9,0.1111111111111111,0,0,0,1,,,,,,1.0,4.0
2,COPD (EMA 2025),none,no_kg,llama3.2:1b,0,8,D,7,0.14285714285714285,0,0,0,1,,kg,conflicting,1.0,"Evidence from the DOID:3083 link supports a potential therapeutic target for COPD, but prior reports on mechanistic pathways conflict with it.",1.0,1.875
2,COPD (EMA 2025),none,no_kg,llama3.2:1b,1,8,H,9,0.1111111111111111,0,0,0,1,,,,,,1.0,3.0
2,dMMR/MSI-H primary advanced endometrial cancer,none,no_kg,llama3.2:1b,0,8,H,2,0.5,0,1,1,1,,,,,,,
2,dMMR/MSI-H primary advanced endometrial cancer,none,no_kg,llama3.2:1b,1,8,G,9,0.1111111111111111,0,0,0,1,,,,,,1.0,4.0
2,Generalized myasthenia gravis,none,no_kg,llama3.2:1b,0,8,F,8,0.125,0,0,0,1,,,,,,,
2,Generalized myasthenia gravis,none,no_kg,llama3.2:1b,1,8,F,5,0.2,0,0,1,1,,both,,2.0,Both knowledge graph evidence and prior pharmacological profiles suggest that Drug-4 might be a potential candidate,0.8,4.0
2,Urothelial carcinoma (expanded population),none,no_kg,llama3.2:1b,0,8,E,9,0.1111111111111111,0,0,0,1,,,,,,0.5,2.5
2,Urothelial carcinoma (expanded population),none,no_kg,llama3.2:1b,1,8,D,6,0.16666666666666666,0,0,0,1,,both,consistent,4.0,"Drug-8's evidence links it to an increased risk of urothelial carcinoma, which shares some characteristics with bladder cancer. Its pathway includes the activation of certain genes involved in cell proliferation and survival.",0.75,4.0
2,Crohn's disease,none,no_kg,llama3.2:1b,0,8,B,5,0.2,0,0,1,1,,both,consistent,1.0,"Both Drug-6 and Drug-3 have robust mechanistic links to the inflammatory pathway involved in Crohn's disease, whereas Drug-8 has limited evidence linking it directly to the disease.",0.875,1.875
2,Crohn's disease,none,no_kg,llama3.2:1b,1,8,E,9,0.1111111111111111,0,0,0,1,,,,,,,
2,RAS wild-type HER2+ metastatic colorectal cancer,none,no_kg,llama3.2:1b,0,8,B,2,0.5,0,1,1,1,,prior,consistent,4.0,"Drug-7 has been reported as a potential treatment for RAS wild-type HER2+ metastatic colorectal cancer, with evidence from the biomedical knowledge graph.",0.7142857142857143,3.0
2,RAS wild-type HER2+ metastatic colorectal cancer,none,no_kg,llama3.2:1b,1,8,B,9,0.1111111111111111,0,0,0,1,,,,,,,
2,Atopic dermatitis,none,no_kg,llama3.2:1b,0,8,A,2,0.5,0,1,1,1,,,,,,,
2,Atopic dermatitis,none,no_kg,llama3.2:1b,1,8,C,2,0.5,0,1,1,1,,both,insufficient,3.0,"Insufficient evidence from the biomedical knowledge graph to justify Drug-4's involvement in atopic dermatitis, and lack of mechanistic link.",1.0,3.142857142857143
2,dMMR recurrent/advanced endometrial cancer,none,no_kg,llama3.2:1b,0,8,A,1,1.0,1,1,1,1,,,,,,,
2,dMMR recurrent/advanced endometrial cancer,none,no_kg,llama3.2:1b,1,8,C,9,0.1111111111111111,0,0,0,1,,,,,,1.0,3.0
2,Polymyalgia rheumatica,none,no_kg,llama3.2:1b,0,8,F,6,0.16666666666666666,0,0,0,1,,kg,conflicting,2.0,"KG evidence is sparse, but potential pathway link exists in prior literature",0.625,2.5
2,Polymyalgia rheumatica,none,no_kg,llama3.2:1b,1,8,F,6,0.16666666666666666,0,0,0,1,,,,,,,
2,Metastatic colorectal cancer,none,no_kg,llama3.2:1b,0,8,D,1,1.0,1,1,1,1,,both,consistent,4.0,"KG provides a consistent association of drug -> target -> pathway, while our own knowledge is more uncertain about this mechanism.",0.875,3.125
2,Metastatic colorectal cancer,none,no_kg,llama3.2:1b,1,8,H,5,0.2,0,0,1,1,,both,conflicting,4.0,"While Drug-2 has been investigated for its potential in colorectal cancer treatment based on the biomedical knowledge graph and prior pharmacological research, its pathways to colon cancer are not well understood. Despite this, it shows some evidence of being a mechanistic link.",0.875,3.125
2,Ulcerative colitis,none,no_kg,llama3.2:1b,0,8,H,6,0.16666666666666666,0,0,0,1,,both,consistent,4.0,Both knowledge graph and prior pharmacological knowledge agree that Drug-8 is a potential candidate based on mechanistic links.,0.625,3.5
2,Ulcerative colitis,none,no_kg,llama3.2:1b,1,8,F,4,0.25,0,0,1,1,,,,,,,
2,MSI-H/dMMR solid tumors (full approval conversion),none,no_kg,llama3.2:1b,0,8,E,9,0.1111111111111111,0,0,0,1,,,,,,,
2,MSI-H/dMMR solid tumors (full approval conversion),none,no_kg,llama3.2:1b,1,8,C,2,0.5,0,1,1,1,,both,uncertain,2.0,Prior evidence for Drug-6 does not align with the proposed mechanism and there is no clear link from drug to target or disease in KG,1.0,1.7142857142857142
2,Schnitzler syndrome (Japan),none,no_kg,llama3.2:1b,0,8,H,6,0.16666666666666666,0,0,0,1,,both,consistent,3.0,Both mechanisms suggest a role in immune dysregulation and inflammation which could be relevant to Schnitzler syndrome.,0.6666666666666666,2.6666666666666665
2,Schnitzler syndrome (Japan),none,no_kg,llama3.2:1b,1,8,A,7,0.14285714285714285,0,0,0,1,,prior,insufficient,1.0,"Drug-7 has sparse mechanistic links to Schnitzler syndrome, and its associations with the target pathway are not consistent with current knowledge.",0.7142857142857143,2.2857142857142856
2,HR+/HER2- metastatic breast cancer,none,no_kg,llama3.2:1b,0,8,D,9,0.1111111111111111,0,0,0,1,,,,,,,
2,HR+/HER2- metastatic breast cancer,none,no_kg,llama3.2:1b,1,8,D,7,0.14285714285714285,0,0,0,1,,both,insufficient,1.0,"kg evidence is sparse, but no clear conflicts with prior knowledge of HR+/HER2- metastatic breast cancer",0.625,2.0
2,Giant cell arteritis,none,no_kg,llama3.2:1b,0,8,E,4,0.25,0,0,1,1,,prior,insufficient,1.0,"Drug-3 has some evidence of its involvement in the pathway, but it is unclear how effective it would be as a treatment for Giant cell arteritis.",0.5714285714285714,1.8571428571428572
2,Giant cell arteritis,none,no_kg,llama3.2:1b,1,8,A,1,1.0,1,1,1,1,,both,,2.0,"Both evidence graph and prior knowledge suggest moderate mechanistic plausibility, but no clear consensus.",0.6666666666666666,3.0
2,Neoadj+adj HNSCC,none,no_kg,llama3.2:1b,0,8,D,6,0.16666666666666666,0,0,0,1,,both,consistent,3.0,"The evidence from the biomedical knowledge graph on Drug-2 and Drug-5 is consistent, with Drug-2 being a potential therapeutic target for Neoadjuvant Adjuvant Head and Neck Squamous Cell Carcinoma.",0.8571428571428571,3.4285714285714284
2,Neoadj+adj HNSCC,none,no_kg,llama3.2:1b,1,8,F,3,0.3333333333333333,0,1,1,1,,prior,consistent,4.0,Drug-7 has some indirect evidence from the knowledge graph suggesting a plausible link to Neoadjuvant ADJ HNSCC.,0.75,3.375
2,Psoriasis in children 6-11 (cream),none,no_kg,llama3.2:1b,0,8,G,2,0.5,0,1,1,1,,,,,,,
2,Psoriasis in children 6-11 (cream),none,no_kg,llama3.2:1b,1,8,C,8,0.125,0,0,0,1,,both,insufficient,1.0,"The evidence from the knowledge graph is sparse and lacks consistency with prior knowledge, making Drug-8 a stronger candidate.",0.75,2.625
2,dMMR/MSI-H primary advanced endometrial cancer (+chemo),none,no_kg,llama3.2:1b,0,8,C,9,0.1111111111111111,0,0,0,1,,,,,,,
2,dMMR/MSI-H primary advanced endometrial cancer (+chemo),none,no_kg,llama3.2:1b,1,8,H,3,0.3333333333333333,0,1,1,1,,both,insufficient,2.0,"Drug-7 has some evidence from the knowledge graph, but its mechanistic links to dMMR/MSI-H primary advanced endometrial cancer (+chemo) are weak and not consistently supported.",0.75,3.25
2,Primary immunodeficiency pediatric (EMA),none,no_kg,llama3.2:1b,0,8,B,2,0.5,0,1,1,1,,both,consistent,1.0,"Drug-1 has a consistent mechanism with the DOID graph (cell-mediated immunity) and is supported by multiple evidence sources, but its relation to primary immunodeficiency pediatric is unclear.",1.0,1.3333333333333333
2,Primary immunodeficiency pediatric (EMA),none,no_kg,llama3.2:1b,1,8,H,9,0.1111111111111111,0,0,0,1,,,,,,1.0,4.0
2,HR+/HER2- breast cancer,none,no_kg,llama3.2:1b,0,8,G,7,0.14285714285714285,0,0,0,1,,both,insufficient,1.0,The sparse evidence from the knowledge graph and conflicting prior knowledge on Drug-8's mechanism of action make it uncertain whether this candidate supports mechanistic plausibility for HR+/HER2- breast cancer.,0.75,2.125
2,HR+/HER2- breast cancer,none,no_kg,llama3.2:1b,1,8,B,2,0.5,0,1,1,1,,prior,conflicting,2.0,"Prior association is stronger than evidence agreement, but conflicting KG-vs-knowledge conflict.",0.875,1.625
2,Ulcerative colitis,none,no_kg,llama3.2:1b,0,8,G,2,0.5,0,1,1,1,,kg,insufficient,3.0,"The knowledge graph evidence for DOID:8577 is sparse, and there are no reported mechanistic links between Drug-6 and ulcerative colitis. The only known association is with the pathway 'Toll-like receptor signaling'.",0.7142857142857143,2.5714285714285716
2,Ulcerative colitis,none,no_kg,llama3.2:1b,1,8,D,1,1.0,1,1,1,1,,prior,insufficient,3.0,"The evidence graph reports a mechanistic link from Drug-6 to Ulcerative colitis, but my own pharmacological knowledge does not support this relationship.",0.0,3.0
2,HER2-mutant NSCLC (PMDA),none,no_kg,llama3.2:1b,0,8,A,4,0.25,0,0,1,1,,prior,insufficient,1.0,"kg evidence is sparse on this target, while prior knowledge of EGFR's role in NSCLC supports Drug-2 as a potential candidate.",0.7142857142857143,2.4285714285714284
2,HER2-mutant NSCLC (PMDA),none,no_kg,llama3.2:1b,1,8,E,4,0.25,0,0,1,1,,both,insufficient,2.0,"The mechanistic links from DOID:3908 indicate a plausible mechanism of action, but the lack of target-pathway annotations in the knowledge graph makes it uncertain whether this evidence is sufficient to support Drug-1 as the best candidate.",0.625,3.25
2,Pediatric atopic dermatitis,none,no_kg,llama3.2:1b,0,8,A,4,0.25,0,0,1,1,,both,consistent,4.0,"The mechanistic links are more consistent with my knowledge of the disease, but there is still some evidence in the graph suggesting potential interactions.",0.875,3.375
2,Pediatric atopic dermatitis,none,no_kg,llama3.2:1b,1,8,E,9,0.1111111111111111,0,0,0,0,,,,,,,
2,HER2-mutant NSCLC (EMA),none,no_kg,llama3.2:1b,0,8,A,1,1.0,1,1,1,1,,both,consistent,5.0,Strong mechanistic plausibility from the KG and prior knowledge of EGFR signaling.,1.0,4.0
2,HER2-mutant NSCLC (EMA),none,no_kg,llama3.2:1b,1,8,H,9,0.1111111111111111,0,0,0,1,,,,,,,
2,IV formulation for rheumatic diseases (EMA),none,no_kg,llama3.2:1b,0,8,H,9,0.1111111111111111,0,0,0,0,,,,,,,
2,IV formulation for rheumatic diseases (EMA),none,no_kg,llama3.2:1b,1,8,C,9,0.1111111111111111,0,0,0,1,,,,,,1.0,3.0
2,Resectable gastric/GEJ adenocarcinoma (neoadj+adj +FLOT),none,no_kg,llama3.2:1b,0,8,D,7,0.14285714285714285,0,0,0,1,,prior,consistent,4.0,"Drug-2 has some mechanistic links that may be relevant to gastric adenocarcinoma, but the evidence from the knowledge graph is more supportive for Drug-1.",0.875,3.375
2,Resectable gastric/GEJ adenocarcinoma (neoadj+adj +FLOT),none,no_kg,llama3.2:1b,1,8,B,9,0.1111111111111111,0,0,0,1,,,,,,1.0,5.0
2,Antibody-mediated rejection in organ transplantation,none,no_kg,llama3.2:1b,0,8,E,5,0.2,0,0,1,1,,,,,,,
2,Antibody-mediated rejection in organ transplantation,none,no_kg,llama3.2:1b,1,8,B,9,0.1111111111111111,0,0,0,1,,,,,,,
2,RET-fusion NSCLC (expanded),none,no_kg,llama3.2:1b,0,8,F,7,0.14285714285714285,0,0,0,1,,,,,,,
2,RET-fusion NSCLC (expanded),none,no_kg,llama3.2:1b,1,8,G,1,1.0,1,1,1,1,,kg,,4.0,The knowledge graph provides evidence from multiple sources that Drug-8 is involved in signaling pathways related to RET and has been reported as an activator of the receptor.,0.875,2.75
2,EGPA,none,no_kg,llama3.2:1b,0,8,D,1,1.0,1,1,1,1,,both,consistent,2.0,"The mechanism of EGPA is not clear, and Drug-7's evidence links directly to the DOID:3049 annotation for a disease with unclear mechanisms.",1.0,2.0
2,EGPA,none,no_kg,llama3.2:1b,1,8,H,9,0.1111111111111111,0,0,0,1,,,,,,1.0,3.0
2,HR+/HER2- metastatic breast cancer,none,no_kg,llama3.2:1b,0,8,E,9,0.1111111111111111,0,0,0,1,,,,,,1.0,3.0
2,HR+/HER2- metastatic breast cancer,none,no_kg,llama3.2:1b,1,8,D,5,0.2,0,0,1,1,,prior,conflicting,2.0,"While the DoID report mentions Drug-8 as a potential treatment, our prior knowledge indicates it may not be effective for this disease.",0.75,3.5
2,Primary humoral immunodeficiency pediatric 2-11yr,none,no_kg,llama3.2:1b,0,8,F,9,0.1111111111111111,0,0,0,1,,,,,,0.5,3.0
2,Primary humoral immunodeficiency pediatric 2-11yr,none,no_kg,llama3.2:1b,1,8,F,2,0.5,0,1,1,1,,prior,insufficient,4.0,"While its associations in the KG are limited to pathways related to humoral immunity and target interactions, my prior knowledge of primary immunodeficiencies suggests that Drug-1 has a more established role in this context.",0.6,2.6
2,Pediatric glioma (EMA),none,no_kg,llama3.2:1b,0,8,H,5,0.2,0,0,1,1,,prior,insufficient,1.0,"KG reports sparse evidence linking Drug-3 to pathways in EMA, and prior knowledge suggests potential therapeutic targets.",0.5,1.25
2,Pediatric glioma (EMA),none,no_kg,llama3.2:1b,1,8,A,2,0.5,0,1,1,1,,both,consistent,4.0,The mechanistic links for Drug-8 suggest a potential pathway involving `cytoskeleton` and multiple disease mechanisms. This provides the second strongest evidence among the candidates.,1.0,4.125
2,Juvenile idiopathic arthritis (EMA Feb 2026),none,no_kg,llama3.2:1b,0,8,F,7,0.14285714285714285,0,0,0,1,,,,,,,
2,Juvenile idiopathic arthritis (EMA Feb 2026),none,no_kg,llama3.2:1b,1,8,A,1,1.0,1,1,1,1,,prior,consistent,2.0,Evidence from the biomedical knowledge graph supports its potential mechanistic role in Juvenile Idiopathic Arthritis.,0.7142857142857143,3.0
2,Ph+ CML-CP after 2+ TKIs,none,no_kg,llama3.2:1b,0,8,D,9,0.1111111111111111,0,0,0,1,,,,,,1.0,3.0
2,Ph+ CML-CP after 2+ TKIs,none,no_kg,llama3.2:1b,1,8,G,7,0.14285714285714285,0,0,0,1,,kg,conflicting,2.0,"I relied on the knowledge graph, which reported evidence from Drug-8, but it was inconsistent with my own pharmacological knowledge",0.875,2.0
2,KRAS G12C+ mCRC,none,no_kg,llama3.2:1b,0,8,B,9,0.1111111111111111,0,0,0,0,,,,,,,
2,KRAS G12C+ mCRC,none,no_kg,llama3.2:1b,1,8,H,9,0.1111111111111111,0,0,0,1,,,,,,,
2,HR+/HER2- early breast cancer (adjuvant),none,no_kg,llama3.2:1b,0,8,H,5,0.2,0,0,1,1,,both,consistent,4.0,Both prior knowledge of breast cancer treatment pathways and evidence from the biomedical knowledge graph support Drug-6 as a plausible candidate for HR+/HER2- early breast cancer (adjuvant).,0.875,3.25
2,HR+/HER2- early breast cancer (adjuvant),none,no_kg,llama3.2:1b,1,8,F,6,0.16666666666666666,0,0,0,1,,both,insufficient,1.0,"KG evidence is sparse and conflicting, prior knowledge indicates a well-established disease target for this pathway",0.6666666666666666,2.5
2,First-line anemia in lower-risk MDS,none,no_kg,llama3.2:1b,0,8,E,9,0.1111111111111111,0,0,0,1,,,,,,1.0,2.0
2,First-line anemia in lower-risk MDS,none,no_kg,llama3.2:1b,1,8,B,9,0.1111111111111111,0,0,0,1,,,,,,,
2,Follicular lymphoma (+obinutuzumab),none,no_kg,llama3.2:1b,0,8,F,9,0.1111111111111111,0,0,0,1,,,,,,,
2,Follicular lymphoma (+obinutuzumab),none,no_kg,llama3.2:1b,1,8,C,8,0.125,0,0,0,1,,both,insufficient,2.0,The provided knowledge graph evidence is insufficient to judge the mechanistic plausibility of Drug-8.,1.0,2.125
2,1L biliary tract cancer (+gemcitabine+cisplatin),none,no_kg,llama3.2:1b,0,8,H,5,0.2,0,0,1,1,,both,consistent,2.0,KG evidence is consistent with prior knowledge of gemcitabine+cisplatin synergy.,0.8571428571428571,2.2857142857142856
2,1L biliary tract cancer (+gemcitabine+cisplatin),none,no_kg,llama3.2:1b,1,8,A,2,0.5,0,1,1,1,,prior,consistent,4.0,The mechanistic links between drug-6 and target disease are consistent with prior knowledge of gemcitabine+cisplatin treatment for biliary tract cancers.,0.875,2.25
2,"ALK+ solid tumors (tissue-agnostic, world-first)",none,no_kg,llama3.2:1b,0,8,E,6,0.16666666666666666,0,0,0,1,,both,insufficient,3.0,Uncertain evidence for Drug-8 indicates potential mechanisms but lacks clear associations with ALK+ solid tumors.,0.7142857142857143,3.857142857142857
2,"ALK+ solid tumors (tissue-agnostic, world-first)",none,no_kg,llama3.2:1b,1,8,F,6,0.16666666666666666,0,0,0,1,,both,insufficient,2.0,"The evidence for Drug-8 does not provide a clear mechanistic link to ALK+ solid tumors, and its associations are too sparse.",1.0,2.857142857142857
2,Pediatric BRAF V600E low-grade glioma,none,no_kg,llama3.2:1b,0,8,G,9,0.1111111111111111,0,0,0,1,,,,,,1.0,4.0
2,Pediatric BRAF V600E low-grade glioma,none,no_kg,llama3.2:1b,1,8,B,9,0.1111111111111111,0,0,0,1,,,,,,0.5,3.1666666666666665
2,Platinum-resistant ovarian carcinoma (PD-L1+ CPS≥1),none,no_kg,llama3.2:1b,0,8,G,5,0.2,0,0,1,1,,both,insufficient,2.0,the evidence from the knowledge graph is insufficient to judge its mechanistic plausibility,0.8571428571428571,2.7142857142857144
2,Platinum-resistant ovarian carcinoma (PD-L1+ CPS≥1),none,no_kg,llama3.2:1b,1,8,H,9,0.1111111111111111,0,0,0,1,,,,,,0.0,3.0
2,Ph+ CML-CP frontline (EMA Feb 2026),none,no_kg,llama3.2:1b,0,8,H,7,0.14285714285714285,0,0,0,1,,both,sufficient,2.0,"KG evidence supports the association between Drug-8 and Ph+ CML-CP frontline, but my own knowledge is uncertain due to limited information on the disease mechanism.",0.7142857142857143,3.0
2,Ph+ CML-CP frontline (EMA Feb 2026),none,no_kg,llama3.2:1b,1,8,G,1,1.0,1,1,1,1,,prior,conflicting,2.0,"KG links to CML but do not specify the pathway or disease, prior knowledge about CML-CP frontline suggests a different mechanism",0.625,2.875
2,Gastric/GEJ adenocarcinoma,none,no_kg,llama3.2:1b,0,8,F,6,0.16666666666666666,0,0,0,1,,both,consistent,4.0,"Drug-1 is consistent with prior knowledge suggesting mechanistic plausibility for gastric GEJ adenocarcinoma and has potential therapeutic applications, but requires further research to confirm both KG and prior evidence.",0.75,3.375
2,Gastric/GEJ adenocarcinoma,none,no_kg,llama3.2:1b,1,8,D,6,0.16666666666666666,0,0,0,1,,both,consistent,2.0,"KG evidence on Drug-8 indicates a potential mechanism, but it is not directly related to the target disease.",0.625,2.625
2,Chronic lymphocytic leukemia,none,no_kg,llama3.2:1b,0,8,D,5,0.2,0,0,1,1,,both,sufficient,2.0,"Evidence from DoID:1040, including a mechanistic link to the target CD22 and pathway NOTCH signaling.",1.0,3.0
2,Chronic lymphocytic leukemia,none,no_kg,llama3.2:1b,1,8,E,9,0.1111111111111111,0,0,0,1,,,,,,0.3333333333333333,1.6666666666666667
2,HER2+ early-stage BC (neoadjuvant + adjuvant),none,no_kg,llama3.2:1b,0,8,F,3,0.3333333333333333,0,1,1,1,,both,consistent,4.0,KG evidence supports HER2 amplification and prior knowledge is consistent with an anti-HER2 agent.,0.8571428571428571,3.142857142857143
2,HER2+ early-stage BC (neoadjuvant + adjuvant),none,no_kg,llama3.2:1b,1,8,E,8,0.125,0,0,0,1,,both,insufficient,4.0,Evidence from the DOID graph is sparse and does not directly link to a known pathway or disease mechanism for HER2+ BC.,0.875,4.125
2,HR+/HER2-low breast cancer,none,no_kg,llama3.2:1b,0,8,E,2,0.5,0,1,1,1,,both,consistent,4.0,Drug-8 has been shown to inhibit cell proliferation and induce apoptosis in HER2-positive breast cancer cells.,0.5,3.0
2,HR+/HER2-low breast cancer,none,no_kg,llama3.2:1b,1,8,F,8,0.125,0,0,0,1,,both,consistent,3.0,"The evidence from the knowledge graph suggests a plausible mechanistic link between F and HR+/HER2-low breast cancer, particularly through pathway: apoptosis.",0.5,3.5
2,"Pediatric low-grade glioma (+dabrafenib, BRAF V600E)",none,no_kg,llama3.2:1b,0,8,F,9,0.1111111111111111,0,0,0,1,,,,,,0.7142857142857143,1.7142857142857142
2,"Pediatric low-grade glioma (+dabrafenib, BRAF V600E)",none,no_kg,llama3.2:1b,1,8,B,5,0.2,0,0,1,1,,prior,consistent,4.0,kg's evidence supports Drug-3 as the most plausible option given the target disease and prior knowledge on mechanisms,0.7142857142857143,3.0
2,Unresectable thymic carcinoma (PMDA),none,no_kg,llama3.2:1b,0,8,G,6,0.16666666666666666,0,0,0,1,,both,insufficient,2.0,The evidence retrieved from the biomedical knowledge graph for Drug-8 is insufficient to judge its mechanistic plausibility.,0.8571428571428571,2.0
2,Unresectable thymic carcinoma (PMDA),none,no_kg,llama3.2:1b,1,8,F,6,0.16666666666666666,0,0,0,1,,prior,insufficient,1.0,No direct associations or clear mechanisms via known pathways for Drug-7.,0.7142857142857143,2.4285714285714284
2,BRAF+ thyroid cancer,none,no_kg,llama3.2:1b,0,8,E,7,0.14285714285714285,0,0,0,1,,both,insufficient,1.0,"The knowledge graph provides some evidence linking Drug-7 to BRAF+ thyroid cancer, but it is sparse and conflicting with the provided mechanistic links. Additionally, prior knowledge suggests that Drug-8 may not be as relevant.",0.5714285714285714,2.7142857142857144
2,BRAF+ thyroid cancer,none,no_kg,llama3.2:1b,1,8,E,9,0.1111111111111111,0,0,0,1,,,,,,1.0,2.0
2,IDH1-mutated relapsed/refractory MDS,none,no_kg,llama3.2:1b,0,8,C,8,0.125,0,0,0,1,,both,consistent,3.0,Our prior knowledge on Drug-8 suggests it is not a suitable candidate for IDH1-mutated relapsed/refractory MDS.,0.75,3.0
2,IDH1-mutated relapsed/refractory MDS,none,no_kg,llama3.2:1b,1,8,D,6,0.16666666666666666,0,0,0,1,,both,insufficient,2.0,"The knowledge graph evidence is limited to one mechanistic link, and prior research has shown that inhibition of IDH1 can be an effective treatment strategy for certain types of leukemia. However, it's unclear whether this would apply to relapsed/refractory MDS with IDH1-mutated disease.",0.625,2.625
2,Biliary tract cancer,none,no_kg,llama3.2:1b,0,8,H,4,0.25,0,0,1,1,,prior,insufficient,2.0,"No prior pharmacological studies support the association between Drug-3 and pathways related to cell proliferation, which is a key mechanism in biliary tract cancer.",0.625,2.375
2,Biliary tract cancer,none,no_kg,llama3.2:1b,1,8,E,4,0.25,0,0,1,1,,both,consistent,3.0,"Drug-8 has a mechanistic link to the pathway, but its annotations in DOID:4607 are inconsistent with Biliary tract cancer.",1.0,3.125
2,"mCRC BRAF V600E (traditional approval, was accelerated)",none,no_kg,llama3.2:1b,0,8,D,4,0.25,0,0,1,1,,both,inconsistent,3.0,"Both candidates have associations with BRAF V600E in the mCRC DOID:0080199 node. However, Drug-4's association is not as strong or recent as Drug-2's.",0.5,4.0
2,"mCRC BRAF V600E (traditional approval, was accelerated)",none,no_kg,llama3.2:1b,1,8,F,9,0.1111111111111111,0,0,0,1,,,,,,1.0,4.0
2,Gastric/GEJ adenocarcinoma (1L +chemo),none,no_kg,llama3.2:1b,0,8,A,3,0.3333333333333333,0,1,1,1,,both,consistent,4.0,"Knowledge graph evidence supports potential therapeutic effects, and prior knowledge suggests mechanistic plausibility.",0.75,2.875
2,Gastric/GEJ adenocarcinoma (1L +chemo),none,no_kg,llama3.2:1b,1,8,G,6,0.16666666666666666,0,0,0,1,,both,uncertain,4.0,kg evidence is sparse and uncertain about the mechanisms involved in gastric cancer treatment,0.7142857142857143,3.5714285714285716
2,Chorea associated with Huntington's disease,primekg,kg,llama3.2:1b,0,8,A,1,1.0,1,1,1,1,,both,consistent,5.0,"The presence of targets for CYP3A5, CYP2D6, and CYP3A4 strongly supports its mechanistic plausibility.",0.875,1.625
2,Chorea associated with Huntington's disease,primekg,kg,llama3.2:1b,1,8,E,9,0.1111111111111111,0,0,0,0,,,,,,,
2,Chronic thromboembolic pulmonary hypertension,primekg,kg,llama3.2:1b,0,8,B,9,0.1111111111111111,0,0,0,1,,,,,,,
2,Chronic thromboembolic pulmonary hypertension,primekg,kg,llama3.2:1b,1,8,C,3,0.3333333333333333,0,1,1,1,,,,,,,
2,Indolent systemic mastocytosis,primekg,kg,llama3.2:1b,0,8,G,7,0.14285714285714285,0,0,0,1,,,,,,,
2,Indolent systemic mastocytosis,primekg,kg,llama3.2:1b,1,8,H,8,0.125,0,0,0,1,,prior,inconsistent,5.0,"Drug-8's targets (ABCG2, KIT, CYP2C9, ABCB1, CYP3A4) are consistent with its mechanistic links to Indolent systemic mastocytosis, but Drug-7's association is weak.",0.875,4.0
2,EGPA (expanded),primekg,kg,llama3.2:1b,0,8,D,1,1.0,1,1,1,1,,both,insufficient,2.0,"Evidence from the knowledge graph is sufficient to confirm its involvement, but there are insufficient annotations indicating this.",1.0,3.125
2,EGPA (expanded),primekg,kg,llama3.2:1b,1,8,A,9,0.1111111111111111,0,0,0,1,,,,,,0.6666666666666666,3.3333333333333335
2,Invasive fungal infections pediatric ≥2yr,primekg,kg,llama3.2:1b,0,8,F,9,0.1111111111111111,0,0,0,0,,,,,,,
2,Invasive fungal infections pediatric ≥2yr,primekg,kg,llama3.2:1b,1,8,F,7,0.14285714285714285,0,0,0,1,,both,consistent,4.0,"KG evidence supports the association of Drug-2 with RXRG, RXRB, CYP2C8, and RXRA. Prior knowledge suggests Drug-2 targets related genes but its contribution to pediatric invasive fungal infections is unclear.",0.875,3.625
2,PKU expanded to ≥12yr,primekg,kg,llama3.2:1b,0,8,G,8,0.125,0,0,0,1,,prior,consistent,5.0,The provided evidence links Drug-1 to SCN9A and SCN4A but the knowledge graph evidence is more focused on direct associations with PKU.,0.625,2.875
2,PKU expanded to ≥12yr,primekg,kg,llama3.2:1b,1,8,D,3,0.3333333333333333,0,1,1,1,,both,consistent,5.0,PKU expanded to ≥12yr is related to PAH-responsive hyperphenylalaninemia/phenylketonuria in the DOID entry.,1.0,4.666666666666667
2,Nephrotic syndrome,primekg,kg,llama3.2:1b,0,8,D,4,0.25,0,0,1,1,,,,,,,
2,Nephrotic syndrome,primekg,kg,llama3.2:1b,1,8,H,9,0.1111111111111111,0,0,0,1,,,,,,,
2,HR+/HER2- node-positive high-risk early breast cancer,primekg,kg,llama3.2:1b,0,8,D,4,0.25,0,0,1,1,,both,consistent,5.0,"The mechanistic links between Drug-7 (SLC47A1, CYP2C8) and the target genes are well-established in breast cancer. The evidence for SLC22A2 targets is also plausible.",1.0,3.3333333333333335
2,HR+/HER2- node-positive high-risk early breast cancer,primekg,kg,llama3.2:1b,1,8,C,6,0.16666666666666666,0,0,0,1,,both,conflicting,2.0,"The KG evidence for SLC22A2 is not consistent with prior knowledge, while the provided targets are associated with other genes that have stronger mechanistic plausibility.",0.75,3.375
2,Retinopathy of prematurity,primekg,kg,llama3.2:1b,0,8,E,9,0.1111111111111111,0,0,0,1,,,,,,0.6666666666666666,3.3333333333333335
2,Retinopathy of prematurity,primekg,kg,llama3.2:1b,1,8,A,1,1.0,1,1,1,1,,both,conflicting,2.0,"KG reports an association with LRP5 and FZD4, but prior knowledge only mentions AGT. The evidence for AGT is limited and uncertain; however, the mechanistic links provided by KG are inconsistent with our own pharmacological knowledge.",1.0,3.0
2,Agitation associated with Alzheimer's dementia,primekg,kg,llama3.2:1b,0,8,B,2,0.5,0,1,1,1,,prior,consistent,4.0,"Drug-6 has a broad target profile, including ADRA1B and HTR2A, which are both linked to Alzheimer's disease. This extensive mechanistic plausibility makes Drug-6 a strong candidate.",0.875,2.25
2,Agitation associated with Alzheimer's dementia,primekg,kg,llama3.2:1b,1,8,F,9,0.1111111111111111,0,0,0,1,,,,,,0.6666666666666666,3.0
2,LDL-C elevation in statin-intolerant dyslipidemia,primekg,kg,llama3.2:1b,0,8,H,9,0.1111111111111111,0,0,0,1,,,,,,1.0,3.0
2,LDL-C elevation in statin-intolerant dyslipidemia,primekg,kg,llama3.2:1b,1,8,F,4,0.25,0,0,1,1,,both,consistent,4.0,"Drug-8 targets TPH2 and TPH1, which are involved in serotonin synthesis. While this could have some indirect effects on lipid metabolism, it is not directly related to LDL-C elevation in statin-intolerant dyslipidemia.",0.875,3.5
2,First-line anemia in lower-risk MDS,primekg,kg,llama3.2:1b,0,8,E,7,0.14285714285714285,0,0,0,1,,both,consistent,5.0,"The evidence for Drug-3 is consistent with the provided links, demonstrating a mechanistic plausibility for this disease.",1.0,4.375
2,First-line anemia in lower-risk MDS,primekg,kg,llama3.2:1b,1,8,A,2,0.5,0,1,1,1,,both,insufficient,1.0,"There is insufficient evidence to judge Drug-8, and its mechanistic plausibility cannot be assessed.",1.0,3.0
2,"Crohn's disease (moderate-severe, refractory)",primekg,kg,llama3.2:1b,0,8,H,7,0.14285714285714285,0,0,0,1,,both,insufficient,3.0,"The provided evidence from the knowledge graph is sparse for both Drug-1 and Drug-6; however, Drug-7 targets IL23A. This mechanistic plausibility aligns with Crohn's disease.",1.0,3.375
2,"Crohn's disease (moderate-severe, refractory)",primekg,kg,llama3.2:1b,1,8,B,9,0.1111111111111111,0,0,0,1,,,,,,1.0,4.0
2,COVID-19 in severe renal impairment/dialysis,primekg,kg,llama3.2:1b,0,8,F,9,0.1111111111111111,0,0,0,1,,,,,,1.0,5.0
2,COVID-19 in severe renal impairment/dialysis,primekg,kg,llama3.2:1b,1,8,F,9,0.1111111111111111,0,0,0,1,,,,,,,
2,MASH with fibrosis,primekg,kg,llama3.2:1b,0,8,B,9,0.1111111111111111,0,0,0,0,,,,,,,
2,MASH with fibrosis,primekg,kg,llama3.2:1b,1,8,D,9,0.1111111111111111,0,0,0,1,,,,,,0.6666666666666666,4.0
2,Pancreatic NET,primekg,kg,llama3.2:1b,0,8,E,4,0.25,0,0,1,1,,both,consistent,3.0,"Both the knowledge graph and our own knowledge indicate Drug-2 (PTGIR) is a mechanistic link to pancreatic NET. However, only one of these (Drug-6, PDE4C) has been reported as a direct target.",0.75,3.125
2,Pancreatic NET,primekg,kg,llama3.2:1b,1,8,E,9,0.1111111111111111,0,0,0,1,,,,,,0.0,3.0
2,Retinal vein occlusion,primekg,kg,llama3.2:1b,0,8,A,9,0.1111111111111111,0,0,0,1,,,,,,0.0,4.0
2,Retinal vein occlusion,primekg,kg,llama3.2:1b,1,8,F,6,0.16666666666666666,0,0,0,1,,both,uncertain,1.0,"The provided evidence for Drug-8 is similar to Drug-2, but with some differences in the associations between genes and occlusion processes.",0.75,2.25
2,Cerebral folate transport deficiency,primekg,kg,llama3.2:1b,0,8,G,2,0.5,0,1,1,1,,both,consistent,3.0,"Drug-6 also targets genes (ALPG, GPX1) involved in oxidative stress and antioxidant defenses, which could contribute to the development of cerebral folate transport deficiency. Although the evidence is not as strong as for Drug-6, it suggests a potential mechanistic link.",1.0,1.875
2,Cerebral folate transport deficiency,primekg,kg,llama3.2:1b,1,8,H,2,0.5,0,1,1,1,,both,insufficient,3.0,"KG provides some associations with GRIN3A, GRIN2C, and TRPM7, but these are not directly related to cerebral folate transport deficiency. Additionally, Drug-1's association with LARS2 is also uncertain.",0.875,2.0
2,ILD-associated pulmonary hypertension,primekg,kg,llama3.2:1b,0,8,G,9,0.1111111111111111,0,0,0,0,,,,,,,
2,ILD-associated pulmonary hypertension,primekg,kg,llama3.2:1b,1,8,H,5,0.2,0,0,1,1,,both,uncertain,3.0,The sparse knowledge graph evidence for Drug-3's targets makes it uncertain.,0.6,2.8
2,Indolent systemic mastocytosis (EMA),primekg,kg,llama3.2:1b,0,8,B,9,0.1111111111111111,0,0,0,1,,,,,,1.0,3.0
2,Indolent systemic mastocytosis (EMA),primekg,kg,llama3.2:1b,1,8,D,7,0.14285714285714285,0,0,0,1,,,,,,,
2,CRSwNP (eosinophilic chronic rhinosinusitis with nasal polyps),primekg,kg,llama3.2:1b,0,8,D,9,0.1111111111111111,0,0,0,1,,,,,,,
2,CRSwNP (eosinophilic chronic rhinosinusitis with nasal polyps),primekg,kg,llama3.2:1b,1,8,D,3,0.3333333333333333,0,1,1,1,,both,insufficient,2.0,"The provided evidence only shows associations with ODAD1 and DNAAF6, without any mention of ODAD4 or ODAD3.",1.0,2.2857142857142856
2,Chronic hepatitis B (pediatric),primekg,kg,llama3.2:1b,0,8,D,1,1.0,1,1,1,1,,both,consistent,1.0,KG evidence is sparse and conflicts with DOID:2043; prior knowledge suggests a mechanistic link that Drug-4 offers.,1.0,1.0
2,Chronic hepatitis B (pediatric),primekg,kg,llama3.2:1b,1,8,G,9,0.1111111111111111,0,0,0,1,,,,,,0.5,3.5
2,HoFH in children,primekg,kg,llama3.2:1b,0,8,A,1,1.0,1,1,1,1,,both,consistent,5.0,The knowledge graph reports associations between drug-3 targets ADRB1 and CYP2D6; this is consistent with the mechanistic links provided for HoFH in children.,0.875,3.75
2,HoFH in children,primekg,kg,llama3.2:1b,1,8,E,9,0.1111111111111111,0,0,0,1,,,,,,0.8333333333333334,2.5
2,Biliary tract cancer 1L,primekg,kg,llama3.2:1b,0,8,F,9,0.1111111111111111,0,0,0,0,,,,,,,
2,Biliary tract cancer 1L,primekg,kg,llama3.2:1b,1,8,H,9,0.1111111111111111,0,0,0,1,,,,,,,
2,Diabetic retinopathy/DME (EMA Mar+May 2026),primekg,kg,llama3.2:1b,0,8,F,6,0.16666666666666666,0,0,0,1,,,,,,,
2,Diabetic retinopathy/DME (EMA Mar+May 2026),primekg,kg,llama3.2:1b,1,8,D,1,1.0,1,1,1,1,,both,sufficient,4.0,"Evidence from the knowledge graph is sufficient to judge this candidate's mechanistic plausibility, with associations for all relevant genes. However, its evidence agreement with the disease profile and prior knowledge is also consistent.",1.0,3.857142857142857
2,Spinal muscular atrophy (pediatric expansion),primekg,kg,llama3.2:1b,0,8,D,9,0.1111111111111111,0,0,0,1,,,,,,1.0,4.0
2,Spinal muscular atrophy (pediatric expansion),primekg,kg,llama3.2:1b,1,8,A,2,0.5,0,1,1,1,,both,consistent,4.0,"Both evidence and prior knowledge support the mechanism, but there is a conflict with the gene associations.",0.8333333333333334,3.8333333333333335
2,High LDL-C with increased CV risk (expanded),primekg,kg,llama3.2:1b,0,8,A,9,0.1111111111111111,0,0,0,1,,,,,,,
2,High LDL-C with increased CV risk (expanded),primekg,kg,llama3.2:1b,1,8,B,3,0.3333333333333333,0,1,1,1,,both,consistent,4.0,"Drug-8 targets PCSK9, which is a key regulator of LDL-C levels. While its evidence from the knowledge graph is consistent, it is more direct and has stronger mechanistic relevance to the expanded disease profile.",1.0,2.75
2,Polycythaemia vera and essential thrombocytopenia,primekg,kg,llama3.2:1b,0,8,A,1,1.0,1,1,1,1,,both,satisfactory,4.0,"Drug-6 has mechanistic links to both PLD2 and SLC22A5, indicating a plausible pathway for the disease.",1.0,2.875
2,Polycythaemia vera and essential thrombocytopenia,primekg,kg,llama3.2:1b,1,8,D,4,0.25,0,0,1,1,,,,,,,
2,Hidradenitis suppurativa,primekg,kg,llama3.2:1b,0,8,C,9,0.1111111111111111,0,0,0,1,,,,,,1.0,3.0
2,Hidradenitis suppurativa,primekg,kg,llama3.2:1b,1,8,B,5,0.2,0,0,1,1,,both,insufficient,4.0,The lack of direct associations between Drug-6's targets and hidradenitis suppurativa is a notable limitation.,1.0,4.166666666666667
2,Acute HCV pediatric,primekg,kg,llama3.2:1b,0,8,C,9,0.1111111111111111,0,0,0,0,,,,,,,
2,Acute HCV pediatric,primekg,kg,llama3.2:1b,1,8,D,5,0.2,0,0,1,1,,both,consistent,3.0,"The provided evidence links D with multiple targets in the target disease, including SLCO1A2 and ABCB11. However, there is limited mechanistic information to support this association.",0.75,3.75
2,CKD in T2D,primekg,kg,llama3.2:1b,0,8,B,1,1.0,1,1,1,1,,both,conflicting,2.0,"The evidence for Drug-8 targets AMY1C, GLP1R, and DPP4 is weak or uncertain as per the knowledge graph, which may not directly link to CKD in T2D. However, its targets are associated with metabolic pathways that could potentially contribute to disease progression.",1.0,2.0
2,CKD in T2D,primekg,kg,llama3.2:1b,1,8,D,1,1.0,1,1,1,1,,kg,insufficient,3.0,"KG evidence for ORM2 is weak, and no direct interaction with SLCO1A2.",1.0,3.0
2,BRAF V600E metastatic NSCLC,primekg,kg,llama3.2:1b,0,8,B,9,0.1111111111111111,0,0,0,1,,,,,,1.0,4.0
2,BRAF V600E metastatic NSCLC,primekg,kg,llama3.2:1b,1,8,A,3,0.3333333333333333,0,1,1,1,,kg,conflicting,4.0,"KG evidence suggests associations with other genes, but this is not directly related to BRAF V600E or NSCLC. However, Drug-7 targets CYP2D6 which is a cytochrome P450 enzyme involved in drug metabolism and could potentially affect the activity of drugs targeting BRAF V600E.",1.0,4.857142857142857
2,Retinal vein occlusion,primekg,kg,llama3.2:1b,0,8,G,9,0.1111111111111111,0,0,0,0,,,,,,,
2,Retinal vein occlusion,primekg,kg,llama3.2:1b,1,8,H,9,0.1111111111111111,0,0,0,1,,,,,,,
2,Agitation associated with Alzheimer's dementia,primekg,kg,llama3.2:1b,0,8,E,9,0.1111111111111111,0,0,0,0,,,,,,,
2,Agitation associated with Alzheimer's dementia,primekg,kg,llama3.2:1b,1,8,H,9,0.1111111111111111,0,0,0,1,,,,,,0.0,2.0
2,Heterozygous familial hypercholesterolemia,primekg,kg,llama3.2:1b,0,8,C,5,0.2,0,0,1,1,,,,,,,
2,Heterozygous familial hypercholesterolemia,primekg,kg,llama3.2:1b,1,8,G,5,0.2,0,0,1,1,,,,,,,
2,Acquired hypofibrinogenemia in cardiovascular surgery,primekg,kg,llama3.2:1b,0,8,C,2,0.5,0,1,1,1,,both,insufficient,4.0,KG evidence for SLCO1B3 target is weak; prior knowledge does not support this candidate's mechanistic plausibility.,1.0,2.2857142857142856
2,Acquired hypofibrinogenemia in cardiovascular surgery,primekg,kg,llama3.2:1b,1,8,G,1,1.0,1,1,1,1,,both,consistent,4.0,"Both DOID and knowledge graphs report associations with HTR3B, DRD5, DBH, DRD4, SLC18A2, and CYP7A1. In contrast, Drug-3 targets only HTR7.",1.0,1.875
2,Crohn's disease,primekg,kg,llama3.2:1b,0,8,H,6,0.16666666666666666,0,0,0,1,,both,consistent,4.0,"Drug-1 targets HTR1A and SLC6A3, with both involved in immune system regulation. This suggests a plausible pathway for Crohn's disease.",0.875,3.25
2,Crohn's disease,primekg,kg,llama3.2:1b,1,8,B,9,0.1111111111111111,0,0,0,1,,,,,,0.5714285714285714,2.2857142857142856
2,COVID-19 updated strain,primekg,kg,llama3.2:1b,0,8,B,3,0.3333333333333333,0,1,1,1,,both,consistent,4.0,"Drug-8 targets CYP2C9, which is involved in the metabolism of some antiviral drugs. While there is no direct evidence linking it to COVID-19, its mechanism suggests it may have some level of mechanistic plausibility.",0.7142857142857143,4.0
2,COVID-19 updated strain,primekg,kg,llama3.2:1b,1,8,D,1,1.0,1,1,1,1,,both,insufficient,2.0,"KG evidence links drug 3 to several diseases, including Coronaviridae infectious disease and gastroenteritis; prior knowledge of drug 3 suggests a broader mechanistic role in human diseases, which conflicts with the specific COVID-19 DOID profile. Uncertainty due to limited direct evidence linking drug 8 to COVID-19 disease profile.",1.0,2.0
2,HoFH pediatric (EMA),primekg,kg,llama3.2:1b,0,8,B,9,0.1111111111111111,0,0,0,1,,,,,,1.0,3.0
2,HoFH pediatric (EMA),primekg,kg,llama3.2:1b,1,8,H,8,0.125,0,0,0,1,,both,insufficient,1.0,The provided evidence is insufficient to assess Drug-8's mechanistic plausibility for this disease.,0.875,1.875
2,Primary mediastinal large B-cell lymphoma,primekg,kg,llama3.2:1b,0,8,H,4,0.25,0,0,1,1,,both,consistent,3.0,Drug-2 targets SLC47A2; SLC22A2; SLC47A1; CYP2D6. The evidence from the knowledge graph is consistent with this target profile.,0.875,2.625
2,Primary mediastinal large B-cell lymphoma,primekg,kg,llama3.2:1b,1,8,G,9,0.1111111111111111,0,0,0,1,,,,,,0.0,1.0
2,TRD monotherapy,primekg,kg,llama3.2:1b,0,8,G,2,0.5,0,1,1,1,,,,,,,
2,TRD monotherapy,primekg,kg,llama3.2:1b,1,8,H,4,0.25,0,0,1,1,,prior,insufficient,2.0,KG evidence for DAOA is sparse and insufficient; prior knowledge from the DOID profile suggests TRD monotherapy might be related to anxiety disorder.,0.7142857142857143,3.0
2,Reduce MACE in CVD + obesity/overweight,primekg,kg,llama3.2:1b,0,8,G,7,0.14285714285714285,0,0,0,1,,both,consistent,4.0,"The target of Drug-7 (AMY1C, GLP1R, DPP4, MME, LPL, and ALB) is related to disease by anatomical system, providing a strong mechanistic link to reducing MACE in CVD + obesity/overweight.",1.0,2.7142857142857144
2,Reduce MACE in CVD + obesity/overweight,primekg,kg,llama3.2:1b,1,8,F,7,0.14285714285714285,0,0,0,1,,,,,,,
2,Allergic fungal rhinosinusitis (AFRS) ≥6yr,primekg,kg,llama3.2:1b,0,8,A,3,0.3333333333333333,0,1,1,1,,kg,inconsistent,3.0,"While Drug-8 targets IL4R, there is no evidence from the knowledge graph to link it directly to PTGER1, PTGER2, and PTGER4.",1.0,3.25
2,Allergic fungal rhinosinusitis (AFRS) ≥6yr,primekg,kg,llama3.2:1b,1,8,D,1,1.0,1,1,1,1,,both,consistent,5.0,KG provides a well-established mechanistic link to AFRS ≥6yr via IL4R,1.0,5.0
2,Measles prophylaxis post-exposure,primekg,kg,llama3.2:1b,0,8,A,1,1.0,1,1,1,1,,both,consistent,5.0,Evidence from the biomedical knowledge graph supports CD46 as a target in the context of measles prophylaxis post-exposure,0.875,2.875
2,Measles prophylaxis post-exposure,primekg,kg,llama3.2:1b,1,8,E,2,0.5,0,1,1,1,,both,insufficient,3.0,The evidence on C4B_2 and its relationship to the disease is not directly relevant to Measles prophylaxis post-exposure.,0.875,3.375
2,Obstructive sleep apnea with obesity,primekg,kg,llama3.2:1b,0,8,H,7,0.14285714285714285,0,0,0,1,,both,consistent,2.0,"The evidence for Drug-8 targets HTR1D, FMO3, CYP3A43, and DRD5 is sufficient to include it in the list. However, we do not have prior knowledge of its target UGT1A4.",0.8571428571428571,2.0
2,Obstructive sleep apnea with obesity,primekg,kg,llama3.2:1b,1,8,D,3,0.3333333333333333,0,1,1,1,,both,consistent,4.0,"Drug-3 provides evidence linking SLC14A2 and EDNRA to the disease, with no conflicting evidence from the knowledge graph.",0.8333333333333334,3.1666666666666665
2,HER2+ solid tumors (tumor-agnostic),primekg,kg,llama3.2:1b,0,8,F,2,0.5,0,1,1,1,,both,conflicting,3.0,"While Drug-8 is associated with SLC47A2, its role in HER2+ solid tumors (tumor-agnostic) is unclear. The knowledge graph reports evidence of SLCO1B3 and FCGR1A associations, but these are not directly related to the disease.",1.0,3.5
2,HER2+ solid tumors (tumor-agnostic),primekg,kg,llama3.2:1b,1,8,H,9,0.1111111111111111,0,0,0,1,,,,,,1.0,4.0
2,Heart failure (broadened),primekg,kg,llama3.2:1b,0,8,F,9,0.1111111111111111,0,0,0,1,,,,,,1.0,4.0
2,Heart failure (broadened),primekg,kg,llama3.2:1b,1,8,D,1,1.0,1,1,1,1,,both,conflicting,2.0,"The provided knowledge graph mentions mechanistic links between Drug-4 and UGT2B4, but its relation to heart failure is not clear, making the evidence agreement inconsistent.",1.0,2.0
2,GVHD + pediatric,primekg,kg,llama3.2:1b,0,8,D,1,1.0,1,1,1,1,,both,conflicting,3.0,"Drug-7 targets multiple pathways related to immune system disease and GVHD, but the KG report does not show associations with UGT2B17 or IL10",0.875,1.375
2,GVHD + pediatric,primekg,kg,llama3.2:1b,1,8,E,5,0.2,0,0,1,1,,both,consistent,3.0,"Mechanistic plausibility based on JAK1, IL17A association and no evidence of conflict",1.0,3.125
2,COVID-19 (expanded population),primekg,kg,llama3.2:1b,0,8,B,9,0.1111111111111111,0,0,0,1,,,,,,1.0,4.5
2,COVID-19 (expanded population),primekg,kg,llama3.2:1b,1,8,F,7,0.14285714285714285,0,0,0,1,,both,insufficient,2.0,"The evidence from the knowledge graph suggests mechanistic links between Drug-8 and COVID-19, but my own knowledge does not provide sufficient mechanistic plausibility to support a ranking. Further investigation is needed to confirm or refute these links.",0.875,2.375
2,Delay T1D onset in children ≥1yr,primekg,kg,llama3.2:1b,0,8,H,6,0.16666666666666666,0,0,0,1,,,,,,,
2,Delay T1D onset in children ≥1yr,primekg,kg,llama3.2:1b,1,8,D,9,0.1111111111111111,0,0,0,1,,,,,,,
2,BRAF+ thyroid cancer,primekg,kg,llama3.2:1b,0,8,C,9,0.1111111111111111,0,0,0,1,,,,,,1.0,2.0
2,BRAF+ thyroid cancer,primekg,kg,llama3.2:1b,1,8,C,9,0.1111111111111111,0,0,0,0,,,,,,,
2,Chronic kidney disease,primekg,kg,llama3.2:1b,0,8,D,2,0.5,0,1,1,1,,both,sufficient,3.0,"Drug-6 targets UGT1A8 and UGT1A9, which are involved in the metabolism of several drugs commonly used to treat chronic kidney disease. This association is consistent with what we know about the role of UGT enzymes in drug metabolism.",0.75,2.375
2,Chronic kidney disease,primekg,kg,llama3.2:1b,1,8,C,1,1.0,1,1,1,1,,both,consistent,4.0,"Drug-6 targets UGT1A8 and UGT2B7, which are involved in the metabolism of certain drugs used to treat chronic kidney disease. Drug-3's targets are more directly related to vitamin K metabolism and drug interactions.",0.75,3.25
2,IgG4-related disease,primekg,kg,llama3.2:1b,0,8,D,4,0.25,0,0,1,1,,,,,,,
2,IgG4-related disease,primekg,kg,llama3.2:1b,1,8,E,9,0.1111111111111111,0,0,0,1,,,,,,1.0,3.0
2,Oral tablet formulation for weight management,primekg,kg,llama3.2:1b,0,8,E,9,0.1111111111111111,0,0,0,1,,,,,,0.0,3.0
2,Oral tablet formulation for weight management,primekg,kg,llama3.2:1b,1,8,B,3,0.3333333333333333,0,1,1,1,,both,conflicting,4.0,"The evidence for Drug-8 is incomplete or inconsistent with the provided knowledge graph, making it uncertain to rank.",1.0,3.5714285714285716
2,Follicular lymphoma,primekg,kg,llama3.2:1b,0,8,C,1,1.0,1,1,1,1,,both,consistent,3.0,"Drug-3 targets ACHE and BCHE, which are involved in lipid metabolism. This is consistent with the disease profile of Follicular lymphoma.",1.0,3.25
2,Follicular lymphoma,primekg,kg,llama3.2:1b,1,8,E,9,0.1111111111111111,0,0,0,0,,,,,,,
2,Palmoplantar pustulosis (PMDA),primekg,kg,llama3.2:1b,0,8,G,5,0.2,0,0,1,1,,both,consistent,3.0,"IL23A is involved in epidermal diseases and has been associated with PMDA, but the association with DOID:1119 is plausible. The association with IL36RN may also be direct.",1.0,2.857142857142857
2,Palmoplantar pustulosis (PMDA),primekg,kg,llama3.2:1b,1,8,H,1,1.0,1,1,1,1,,both,insufficient,3.0,"The provided knowledge graph evidence on PTGS2 is sparse and does not conflict with my own pharmacological knowledge. However, the lack of substantial evidence for this association makes it uncertain.",0.875,3.5
2,Acquired hypothalamic obesity,primekg,kg,llama3.2:1b,0,8,F,9,0.1111111111111111,0,0,0,1,,,,,,,
2,Acquired hypothalamic obesity,primekg,kg,llama3.2:1b,1,8,G,3,0.3333333333333333,0,1,1,1,,both,insufficient,4.0,"Drug-6 targets MC4R, which is involved in appetite regulation but not directly related to acquired hypothalamic obesity.",0.875,2.875
2,Pheochromocytoma/paraganglioma,primekg,kg,llama3.2:1b,0,8,A,3,0.3333333333333333,0,1,1,1,,,,,,,
2,Pheochromocytoma/paraganglioma,primekg,kg,llama3.2:1b,1,8,B,9,0.1111111111111111,0,0,0,1,,,,,,,
2,IgE-mediated food allergy,primekg,kg,llama3.2:1b,0,8,B,3,0.3333333333333333,0,1,1,1,,both,consistent,5.0,"The provided evidence reports Drug-1 targets FCER1A and MS4A2, which are mechanistically related to IgE-mediated food allergy.",1.0,3.125
2,IgE-mediated food allergy,primekg,kg,llama3.2:1b,1,8,H,9,0.1111111111111111,0,0,0,0,,,,,,,
2,Advanced RCC after PD-1/PD-L1 + VEGF-TKI,primekg,kg,llama3.2:1b,0,8,A,1,1.0,1,1,1,1,,,,,,,
2,Advanced RCC after PD-1/PD-L1 + VEGF-TKI,primekg,kg,llama3.2:1b,1,8,B,3,0.3333333333333333,0,1,1,1,,both,inconsistent,1.0,"Conflicting associations with gene OR4C13, while the knowledge graph shows associations with SLC49A4.",0.75,2.25
2,COPD,primekg,kg,llama3.2:1b,0,8,B,3,0.3333333333333333,0,1,1,1,,both,consistent,4.0,"Well-established association with IL-4R, consistent across the knowledge graph and our pharmacological understanding.",1.0,2.625
2,COPD,primekg,kg,llama3.2:1b,1,8,A,1,1.0,1,1,1,1,,prior,conflicting,2.0,"The evidence for Drug-8's targets, IL4R, is weak and inconsistent with the effects observed in COPD patients. However, its potential as a therapeutic target is still worth considering.",0.875,3.125
2,mHSPC + ADT,primekg,kg,llama3.2:1b,0,8,E,4,0.25,0,0,1,1,,both,consistent,5.0,The evidence from both knowledge graph and pharmacological databases supports Drug-8's known mechanisms as a potential therapeutic agent for mHSPC + ADT.,0.8571428571428571,3.857142857142857
2,mHSPC + ADT,primekg,kg,llama3.2:1b,1,8,A,1,1.0,1,1,1,1,,both,consistent,3.0,"Drug-8 targets UGT1A9, SLCO1B3, SLCO1B1, PGR, ABCG2, ALB, ABCB1, CYP3A4. The mechanistic links from TPO to SLCO4C1 and SERPINB10 to PCAT1 suggest a plausible biochemical pathway for the disease.",0.8571428571428571,3.0
2,COPD (EMA 2025),primekg,kg,llama3.2:1b,0,8,G,2,0.5,0,1,1,1,,both,consistent,4.0,Both evidence retrieved from the biomedical knowledge graph and mechanistic links provide consistent mechanistic plausibility for COPD (EMA 2025).,1.0,3.375
2,COPD (EMA 2025),primekg,kg,llama3.2:1b,1,8,D,9,0.1111111111111111,0,0,0,0,,,,,,,
2,dMMR/MSI-H primary advanced endometrial cancer,primekg,kg,llama3.2:1b,0,8,A,4,0.25,0,0,1,1,,both,conflicting,2.0,"The provided evidence links PDCD1 to the same drug but does not directly link to endometrial cancer, and there is no mechanistic rationale.",0.7142857142857143,3.0
2,dMMR/MSI-H primary advanced endometrial cancer,primekg,kg,llama3.2:1b,1,8,B,9,0.1111111111111111,0,0,0,1,,,,,,,
2,Generalized myasthenia gravis,primekg,kg,llama3.2:1b,0,8,H,9,0.1111111111111111,0,0,0,1,,,,,,0.0,4.0
2,Generalized myasthenia gravis,primekg,kg,llama3.2:1b,1,8,G,9,0.1111111111111111,0,0,0,1,,,,,,1.0,3.0
2,Urothelial carcinoma (expanded population),primekg,kg,llama3.2:1b,0,8,D,7,0.14285714285714285,0,0,0,1,,both,conflicting,2.0,Conflicting evidence from the knowledge graph and prior knowledge: the knowledge graph reports an association with BCR and KRAS but prior knowledge does not.,1.0,3.5714285714285716
2,Urothelial carcinoma (expanded population),primekg,kg,llama3.2:1b,1,8,G,1,1.0,1,1,1,1,,kg,conflicting,3.0,"The provided knowledge graph evidence for Drug-8 is conflicting with the established mechanistic links (NECTIN4, ABCB1, CYP3A4) associated with Urothelial carcinoma. However, the provided evidence supports the association of Drug-8 with SLCO4C1 and CYP11A1, which may have some relevance to cancer biology.",1.0,4.0
2,Crohn's disease,primekg,kg,llama3.2:1b,0,8,G,9,0.1111111111111111,0,0,0,1,,,,,,1.0,2.5
2,Crohn's disease,primekg,kg,llama3.2:1b,1,8,B,7,0.14285714285714285,0,0,0,1,,both,conflicting,3.0,"Drug-8 targets IL23A, which is an established pathway in Crohn's disease but lacks clear mechanistic plausibility without further study.",0.8571428571428571,3.5714285714285716
2,RAS wild-type HER2+ metastatic colorectal cancer,primekg,kg,llama3.2:1b,0,8,F,3,0.3333333333333333,0,1,1,1,,both,consistent,4.0,"The mechanisms from SLC22A2 and CYP3A7 to Drug-8 are consistent with the KG evidence. However, the association with ABCG2 is not. The provided evidence agrees with the knowledge graph.",1.0,4.0
2,RAS wild-type HER2+ metastatic colorectal cancer,primekg,kg,llama3.2:1b,1,8,A,9,0.1111111111111111,0,0,0,1,,,,,,1.0,4.0
2,Atopic dermatitis,primekg,kg,llama3.2:1b,0,8,A,5,0.2,0,0,1,1,,prior,consistent,4.0,knowledge graph supports FLG association and prior knowledge,0.625,3.125
2,Atopic dermatitis,primekg,kg,llama3.2:1b,1,8,D,1,1.0,1,1,1,1,,both,consistent,5.0,"Both the knowledge graph and prior pharmacological knowledge suggest that drug targets of Atopic dermatitis are involved in pathways related to inflammation and skin barrier function. Drug-8 has a broad range of targets including SLC47A2, which is also targeted by another disease, and its effects on ABCG2 support plausibility.",1.0,5.0
2,dMMR recurrent/advanced endometrial cancer,primekg,kg,llama3.2:1b,0,8,A,9,0.1111111111111111,0,0,0,1,,,,,,1.0,5.0
2,dMMR recurrent/advanced endometrial cancer,primekg,kg,llama3.2:1b,1,8,D,3,0.3333333333333333,0,1,1,1,,both,consistent,4.0,"The provided knowledge graph evidence is consistent and directly related to dMMR recurrent/advanced endometrial cancer, with links to several target genes. The mechanistic links to CYP11A1, HOXA11, ABCC9, AKR1B10, STAR, and SLCO1A2 are plausible targets for this disease.",0.8571428571428571,2.7142857142857144
2,Polymyalgia rheumatica,primekg,kg,llama3.2:1b,0,8,F,3,0.3333333333333333,0,1,1,1,,,,,,,
2,Polymyalgia rheumatica,primekg,kg,llama3.2:1b,1,8,A,2,0.5,0,1,1,1,,kg,conflicting,3.0,"The provided evidence for Drug-8 targets multiple FCGRs and IL6R with weak mechanistic connections to polymyalgia rheumatica. While it's plausible that targeting these pathways could influence the disease, the lack of direct evidence linking them to PMR makes this candidate uncertain.",1.0,3.857142857142857
2,Metastatic colorectal cancer,primekg,kg,llama3.2:1b,0,8,D,9,0.1111111111111111,0,0,0,1,,,,,,,
2,Metastatic colorectal cancer,primekg,kg,llama3.2:1b,1,8,A,9,0.1111111111111111,0,0,0,1,,,,,,0.7142857142857143,3.4285714285714284
2,Ulcerative colitis,primekg,kg,llama3.2:1b,0,8,E,9,0.1111111111111111,0,0,0,1,,,,,,1.0,3.75
2,Ulcerative colitis,primekg,kg,llama3.2:1b,1,8,F,6,0.16666666666666666,0,0,0,1,,both,conflicting,1.0,"Evidence from the knowledge graph for Drug-4 is sparse and conflicts with what is known about ulcerative colitis, and Drug-7 has no targets listed.",1.0,2.875
2,MSI-H/dMMR solid tumors (full approval conversion),primekg,kg,llama3.2:1b,0,8,D,3,0.3333333333333333,0,1,1,1,,,,,,,
2,MSI-H/dMMR solid tumors (full approval conversion),primekg,kg,llama3.2:1b,1,8,C,9,0.1111111111111111,0,0,0,0,,,,,,,
2,Schnitzler syndrome (Japan),primekg,kg,llama3.2:1b,0,8,A,1,1.0,1,1,1,1,,kg,consistent,5.0,Its targets have been associated with periodic fever syndromes and autoimmune urticaria.,0.625,3.375
2,Schnitzler syndrome (Japan),primekg,kg,llama3.2:1b,1,8,G,5,0.2,0,0,1,1,,both,conflicting,2.0,"The knowledge graph does not provide mechanistic links to RDH8; prior knowledge suggests that other targets may also be involved, but the evidence is conflicting with what is known.",1.0,2.4285714285714284
2,HR+/HER2- metastatic breast cancer,primekg,kg,llama3.2:1b,0,8,C,7,0.14285714285714285,0,0,0,1,,both,consistent,4.0,"The evidence for PARP2, ABCG2, and ABCB1 targets is consistent in the knowledge graph but weak in mechanistic links (e.g., Drug-7 targets ABCG2 but also ALOX5).",1.0,2.875
2,HR+/HER2- metastatic breast cancer,primekg,kg,llama3.2:1b,1,8,H,9,0.1111111111111111,0,0,0,1,,,,,,,
2,Giant cell arteritis,primekg,kg,llama3.2:1b,0,8,A,9,0.1111111111111111,0,0,0,1,,,,,,0.0,2.0
2,Giant cell arteritis,primekg,kg,llama3.2:1b,1,8,G,7,0.14285714285714285,0,0,0,1,,both,insufficient,1.0,Drug-8 targets several cytochrome P450 enzymes and has a stronger mechanistic link to Giant cell arteritis. Its profile does not show a direct or indirect evidence for this disease.,0.75,1.875
2,Neoadj+adj HNSCC,primekg,kg,llama3.2:1b,0,8,H,8,0.125,0,0,0,1,,both,consistent,5.0,"The provided knowledge graph for Drug-5 is consistent in its association with Neoadjuvant HNSCC, and Drug-4 targets CACNA1G.",1.0,4.5
2,Neoadj+adj HNSCC,primekg,kg,llama3.2:1b,1,8,F,5,0.2,0,0,1,1,,both,insufficient,4.0,Drug-5 targets a single gene but lacks clear mechanistic links to Neoadj+adj HNSCC in the provided evidence.,0.75,3.75
2,Psoriasis in children 6-11 (cream),primekg,kg,llama3.2:1b,0,8,D,5,0.2,0,0,1,1,,both,consistent,1.0,Drug-4 is associated with CACNA1F and KCNJ12 which are relevant to psoriasis pathophysiology,0.875,3.125
2,Psoriasis in children 6-11 (cream),primekg,kg,llama3.2:1b,1,8,H,7,0.14285714285714285,0,0,0,1,,both,insufficient,1.0,Drug-2 has some relevance due to the role of PDE4A but lacks sufficient strength.,0.7142857142857143,2.0
2,dMMR/MSI-H primary advanced endometrial cancer (+chemo),primekg,kg,llama3.2:1b,0,8,C,2,0.5,0,1,1,1,,both,conflicting,4.0,"While Drug-7 is a plausible candidate, its mechanistic links to dMMR/MSI-H primary advanced endometrial cancer (+chemo) conflict with other evidence, particularly when considering the associations with AKR1B10 and CYP11A1. However, these targets are still relevant to endometrial cancer pathophysiology.",0.75,2.75
2,dMMR/MSI-H primary advanced endometrial cancer (+chemo),primekg,kg,llama3.2:1b,1,8,F,5,0.2,0,0,1,1,,both,consistent,4.0,"Similar to Drug-8, the evidence from the knowledge graph for targets of Drug-3 (SLC22A10, SLC22A11, SLC22A7, AKR1C1, SLC22A8, SLCO2B1) is consistent with our own pharmacological knowledge, indicating a high degree of mechanistic plausibility.",1.0,3.857142857142857
2,Primary immunodeficiency pediatric (EMA),primekg,kg,llama3.2:1b,0,8,D,9,0.1111111111111111,0,0,0,1,,,,,,,
2,Primary immunodeficiency pediatric (EMA),primekg,kg,llama3.2:1b,1,8,C,1,1.0,1,1,1,1,,both,consistent,5.0,"Both knowledge graph evidence and prior knowledge agree on the targets of Drug-1, FCGR1B, C4A, FCGR3A, FCGR2C, FCGR2A, FCGR3B, and FCGR1A. The pharmacological action of Drug-1 is well-documented as targeting these specific immune receptors.",1.0,2.5
2,HR+/HER2- breast cancer,primekg,kg,llama3.2:1b,0,8,F,9,0.1111111111111111,0,0,0,1,,,,,,0.8571428571428571,3.7142857142857144
2,HR+/HER2- breast cancer,primekg,kg,llama3.2:1b,1,8,F,6,0.16666666666666666,0,0,0,1,,both,insufficient,2.0,"While Drug-8 targets a gene associated with breast cancer, its evidence is insufficient to judge its mechanistic plausibility.",0.75,2.75
2,Ulcerative colitis,primekg,kg,llama3.2:1b,0,8,C,4,0.25,0,0,1,1,,both,insufficient,2.0,"The evidence for Drug-6 is limited, and there is no clear mechanistic link between IL23A and ulcerative colitis. However, its other targets (IL18RAP) may contribute to the disease pathology.",0.875,2.25
2,Ulcerative colitis,primekg,kg,llama3.2:1b,1,8,H,9,0.1111111111111111,0,0,0,0,"('Connection aborted.', RemoteDisconnected('Remote end closed connection without response'))",,,,,,
2,HER2-mutant NSCLC (PMDA),primekg,kg,llama3.2:1b,0,8,G,9,0.1111111111111111,0,0,0,1,"HTTPConnectionPool(host='localhost', port=11434): Max retries exceeded with url: /api/generate (Caused by NewConnectionE",,,,,,
2,HER2-mutant NSCLC (PMDA),primekg,kg,llama3.2:1b,1,8,B,9,0.1111111111111111,0,0,0,1,"HTTPConnectionPool(host='localhost', port=11434): Max retries exceeded with url: /api/generate (Caused by NewConnectionE",,,,,,
2,Pediatric atopic dermatitis,primekg,kg,llama3.2:1b,0,8,C,9,0.1111111111111111,0,0,0,1,"HTTPConnectionPool(host='localhost', port=11434): Max retries exceeded with url: /api/generate (Caused by NewConnectionE",,,,,,
2,Pediatric atopic dermatitis,primekg,kg,llama3.2:1b,1,8,B,9,0.1111111111111111,0,0,0,1,"HTTPConnectionPool(host='localhost', port=11434): Max retries exceeded with url: /api/generate (Caused by NewConnectionE",,,,,,
2,HER2-mutant NSCLC (EMA),primekg,kg,llama3.2:1b,0,8,A,1,1.0,1,1,1,1,"HTTPConnectionPool(host='localhost', port=11434): Max retries exceeded with url: /api/generate (Caused by NewConnectionE",,,,,,
2,HER2-mutant NSCLC (EMA),primekg,kg,llama3.2:1b,1,8,C,9,0.1111111111111111,0,0,0,1,"HTTPConnectionPool(host='localhost', port=11434): Max retries exceeded with url: /api/generate (Caused by NewConnectionE",,,,,,
2,IV formulation for rheumatic diseases (EMA),primekg,kg,llama3.2:1b,0,8,B,9,0.1111111111111111,0,0,0,1,"HTTPConnectionPool(host='localhost', port=11434): Max retries exceeded with url: /api/generate (Caused by NewConnectionE",,,,,,
2,IV formulation for rheumatic diseases (EMA),primekg,kg,llama3.2:1b,1,8,F,9,0.1111111111111111,0,0,0,1,"HTTPConnectionPool(host='localhost', port=11434): Max retries exceeded with url: /api/generate (Caused by NewConnectionE",,,,,,
2,Resectable gastric/GEJ adenocarcinoma (neoadj+adj +FLOT),primekg,kg,llama3.2:1b,0,8,B,9,0.1111111111111111,0,0,0,1,"HTTPConnectionPool(host='localhost', port=11434): Max retries exceeded with url: /api/generate (Caused by NewConnectionE",,,,,,
2,Resectable gastric/GEJ adenocarcinoma (neoadj+adj +FLOT),primekg,kg,llama3.2:1b,1,8,F,9,0.1111111111111111,0,0,0,1,"HTTPConnectionPool(host='localhost', port=11434): Max retries exceeded with url: /api/generate (Caused by NewConnectionE",,,,,,
2,Antibody-mediated rejection in organ transplantation,primekg,kg,llama3.2:1b,0,8,H,9,0.1111111111111111,0,0,0,1,"HTTPConnectionPool(host='localhost', port=11434): Max retries exceeded with url: /api/generate (Caused by NewConnectionE",,,,,,
2,Antibody-mediated rejection in organ transplantation,primekg,kg,llama3.2:1b,1,8,A,1,1.0,1,1,1,1,"HTTPConnectionPool(host='localhost', port=11434): Max retries exceeded with url: /api/generate (Caused by NewConnectionE",,,,,,
2,RET-fusion NSCLC (expanded),primekg,kg,llama3.2:1b,0,8,H,9,0.1111111111111111,0,0,0,1,"HTTPConnectionPool(host='localhost', port=11434): Max retries exceeded with url: /api/generate (Caused by NewConnectionE",,,,,,
2,RET-fusion NSCLC (expanded),primekg,kg,llama3.2:1b,1,8,E,9,0.1111111111111111,0,0,0,1,"HTTPConnectionPool(host='localhost', port=11434): Max retries exceeded with url: /api/generate (Caused by NewConnectionE",,,,,,
2,EGPA,primekg,kg,llama3.2:1b,0,8,B,9,0.1111111111111111,0,0,0,1,"HTTPConnectionPool(host='localhost', port=11434): Max retries exceeded with url: /api/generate (Caused by NewConnectionE",,,,,,
2,EGPA,primekg,kg,llama3.2:1b,1,8,D,9,0.1111111111111111,0,0,0,1,"HTTPConnectionPool(host='localhost', port=11434): Max retries exceeded with url: /api/generate (Caused by NewConnectionE",,,,,,
2,HR+/HER2- metastatic breast cancer,primekg,kg,llama3.2:1b,0,8,G,9,0.1111111111111111,0,0,0,1,"HTTPConnectionPool(host='localhost', port=11434): Max retries exceeded with url: /api/generate (Caused by NewConnectionE",,,,,,
2,HR+/HER2- metastatic breast cancer,primekg,kg,llama3.2:1b,1,8,F,9,0.1111111111111111,0,0,0,1,"HTTPConnectionPool(host='localhost', port=11434): Max retries exceeded with url: /api/generate (Caused by NewConnectionE",,,,,,
2,Primary humoral immunodeficiency pediatric 2-11yr,primekg,kg,llama3.2:1b,0,8,B,9,0.1111111111111111,0,0,0,1,"HTTPConnectionPool(host='localhost', port=11434): Max retries exceeded with url: /api/generate (Caused by NewConnectionE",,,,,,
2,Primary humoral immunodeficiency pediatric 2-11yr,primekg,kg,llama3.2:1b,1,8,C,9,0.1111111111111111,0,0,0,1,"HTTPConnectionPool(host='localhost', port=11434): Max retries exceeded with url: /api/generate (Caused by NewConnectionE",,,,,,
2,Pediatric glioma (EMA),primekg,kg,llama3.2:1b,0,8,B,9,0.1111111111111111,0,0,0,1,"HTTPConnectionPool(host='localhost', port=11434): Max retries exceeded with url: /api/generate (Caused by NewConnectionE",,,,,,
2,Pediatric glioma (EMA),primekg,kg,llama3.2:1b,1,8,A,1,1.0,1,1,1,1,"HTTPConnectionPool(host='localhost', port=11434): Max retries exceeded with url: /api/generate (Caused by NewConnectionE",,,,,,
2,Juvenile idiopathic arthritis (EMA Feb 2026),primekg,kg,llama3.2:1b,0,8,F,9,0.1111111111111111,0,0,0,1,"HTTPConnectionPool(host='localhost', port=11434): Max retries exceeded with url: /api/generate (Caused by NewConnectionE",,,,,,
2,Juvenile idiopathic arthritis (EMA Feb 2026),primekg,kg,llama3.2:1b,1,8,H,9,0.1111111111111111,0,0,0,1,"HTTPConnectionPool(host='localhost', port=11434): Max retries exceeded with url: /api/generate (Caused by NewConnectionE",,,,,,
2,Ph+ CML-CP after 2+ TKIs,primekg,kg,llama3.2:1b,0,8,B,9,0.1111111111111111,0,0,0,1,"HTTPConnectionPool(host='localhost', port=11434): Max retries exceeded with url: /api/generate (Caused by NewConnectionE",,,,,,
2,Ph+ CML-CP after 2+ TKIs,primekg,kg,llama3.2:1b,1,8,F,9,0.1111111111111111,0,0,0,1,"HTTPConnectionPool(host='localhost', port=11434): Max retries exceeded with url: /api/generate (Caused by NewConnectionE",,,,,,
2,KRAS G12C+ mCRC,primekg,kg,llama3.2:1b,0,8,G,9,0.1111111111111111,0,0,0,1,"HTTPConnectionPool(host='localhost', port=11434): Max retries exceeded with url: /api/generate (Caused by NewConnectionE",,,,,,
2,KRAS G12C+ mCRC,primekg,kg,llama3.2:1b,1,8,A,1,1.0,1,1,1,1,"HTTPConnectionPool(host='localhost', port=11434): Max retries exceeded with url: /api/generate (Caused by NewConnectionE",,,,,,
2,HR+/HER2- early breast cancer (adjuvant),primekg,kg,llama3.2:1b,0,8,B,9,0.1111111111111111,0,0,0,1,"HTTPConnectionPool(host='localhost', port=11434): Max retries exceeded with url: /api/generate (Caused by NewConnectionE",,,,,,
2,HR+/HER2- early breast cancer (adjuvant),primekg,kg,llama3.2:1b,1,8,C,9,0.1111111111111111,0,0,0,1,"HTTPConnectionPool(host='localhost', port=11434): Max retries exceeded with url: /api/generate (Caused by NewConnectionE",,,,,,
2,First-line anemia in lower-risk MDS,primekg,kg,llama3.2:1b,0,8,E,9,0.1111111111111111,0,0,0,1,"HTTPConnectionPool(host='localhost', port=11434): Max retries exceeded with url: /api/generate (Caused by NewConnectionE",,,,,,
2,First-line anemia in lower-risk MDS,primekg,kg,llama3.2:1b,1,8,F,9,0.1111111111111111,0,0,0,1,"HTTPConnectionPool(host='localhost', port=11434): Max retries exceeded with url: /api/generate (Caused by NewConnectionE",,,,,,
2,Follicular lymphoma (+obinutuzumab),primekg,kg,llama3.2:1b,0,8,B,9,0.1111111111111111,0,0,0,1,"HTTPConnectionPool(host='localhost', port=11434): Max retries exceeded with url: /api/generate (Caused by NewConnectionE",,,,,,
2,Follicular lymphoma (+obinutuzumab),primekg,kg,llama3.2:1b,1,8,G,9,0.1111111111111111,0,0,0,1,"HTTPConnectionPool(host='localhost', port=11434): Max retries exceeded with url: /api/generate (Caused by NewConnectionE",,,,,,
2,1L biliary tract cancer (+gemcitabine+cisplatin),primekg,kg,llama3.2:1b,0,8,D,9,0.1111111111111111,0,0,0,1,"HTTPConnectionPool(host='localhost', port=11434): Max retries exceeded with url: /api/generate (Caused by NewConnectionE",,,,,,
2,1L biliary tract cancer (+gemcitabine+cisplatin),primekg,kg,llama3.2:1b,1,8,E,9,0.1111111111111111,0,0,0,1,"HTTPConnectionPool(host='localhost', port=11434): Max retries exceeded with url: /api/generate (Caused by NewConnectionE",,,,,,
2,"ALK+ solid tumors (tissue-agnostic, world-first)",primekg,kg,llama3.2:1b,0,8,F,9,0.1111111111111111,0,0,0,1,"HTTPConnectionPool(host='localhost', port=11434): Max retries exceeded with url: /api/generate (Caused by NewConnectionE",,,,,,
2,"ALK+ solid tumors (tissue-agnostic, world-first)",primekg,kg,llama3.2:1b,1,8,A,1,1.0,1,1,1,1,"HTTPConnectionPool(host='localhost', port=11434): Max retries exceeded with url: /api/generate (Caused by NewConnectionE",,,,,,
2,Pediatric BRAF V600E low-grade glioma,primekg,kg,llama3.2:1b,0,8,F,9,0.1111111111111111,0,0,0,1,"HTTPConnectionPool(host='localhost', port=11434): Max retries exceeded with url: /api/generate (Caused by NewConnectionE",,,,,,
2,Pediatric BRAF V600E low-grade glioma,primekg,kg,llama3.2:1b,1,8,B,9,0.1111111111111111,0,0,0,1,"HTTPConnectionPool(host='localhost', port=11434): Max retries exceeded with url: /api/generate (Caused by NewConnectionE",,,,,,
2,Platinum-resistant ovarian carcinoma (PD-L1+ CPS≥1),primekg,kg,llama3.2:1b,0,8,E,9,0.1111111111111111,0,0,0,1,"HTTPConnectionPool(host='localhost', port=11434): Max retries exceeded with url: /api/generate (Caused by NewConnectionE",,,,,,
2,Platinum-resistant ovarian carcinoma (PD-L1+ CPS≥1),primekg,kg,llama3.2:1b,1,8,F,9,0.1111111111111111,0,0,0,1,"HTTPConnectionPool(host='localhost', port=11434): Max retries exceeded with url: /api/generate (Caused by NewConnectionE",,,,,,
2,Ph+ CML-CP frontline (EMA Feb 2026),primekg,kg,llama3.2:1b,0,8,B,9,0.1111111111111111,0,0,0,1,"HTTPConnectionPool(host='localhost', port=11434): Max retries exceeded with url: /api/generate (Caused by NewConnectionE",,,,,,
2,Ph+ CML-CP frontline (EMA Feb 2026),primekg,kg,llama3.2:1b,1,8,C,9,0.1111111111111111,0,0,0,1,"HTTPConnectionPool(host='localhost', port=11434): Max retries exceeded with url: /api/generate (Caused by NewConnectionE",,,,,,
2,Gastric/GEJ adenocarcinoma,primekg,kg,llama3.2:1b,0,8,D,9,0.1111111111111111,0,0,0,1,"HTTPConnectionPool(host='localhost', port=11434): Max retries exceeded with url: /api/generate (Caused by NewConnectionE",,,,,,
2,Gastric/GEJ adenocarcinoma,primekg,kg,llama3.2:1b,1,8,F,9,0.1111111111111111,0,0,0,1,"HTTPConnectionPool(host='localhost', port=11434): Max retries exceeded with url: /api/generate (Caused by NewConnectionE",,,,,,
2,Chronic lymphocytic leukemia,primekg,kg,llama3.2:1b,0,8,G,9,0.1111111111111111,0,0,0,1,"HTTPConnectionPool(host='localhost', port=11434): Max retries exceeded with url: /api/generate (Caused by NewConnectionE",,,,,,
2,Chronic lymphocytic leukemia,primekg,kg,llama3.2:1b,1,8,G,9,0.1111111111111111,0,0,0,1,"HTTPConnectionPool(host='localhost', port=11434): Max retries exceeded with url: /api/generate (Caused by NewConnectionE",,,,,,
2,HER2+ early-stage BC (neoadjuvant + adjuvant),primekg,kg,llama3.2:1b,0,8,F,9,0.1111111111111111,0,0,0,1,"HTTPConnectionPool(host='localhost', port=11434): Max retries exceeded with url: /api/generate (Caused by NewConnectionE",,,,,,
2,HER2+ early-stage BC (neoadjuvant + adjuvant),primekg,kg,llama3.2:1b,1,8,B,9,0.1111111111111111,0,0,0,1,"HTTPConnectionPool(host='localhost', port=11434): Max retries exceeded with url: /api/generate (Caused by NewConnectionE",,,,,,
2,HR+/HER2-low breast cancer,primekg,kg,llama3.2:1b,0,8,B,9,0.1111111111111111,0,0,0,1,"HTTPConnectionPool(host='localhost', port=11434): Max retries exceeded with url: /api/generate (Caused by NewConnectionE",,,,,,
2,HR+/HER2-low breast cancer,primekg,kg,llama3.2:1b,1,8,D,9,0.1111111111111111,0,0,0,1,"HTTPConnectionPool(host='localhost', port=11434): Max retries exceeded with url: /api/generate (Caused by NewConnectionE",,,,,,
2,"Pediatric low-grade glioma (+dabrafenib, BRAF V600E)",primekg,kg,llama3.2:1b,0,8,E,9,0.1111111111111111,0,0,0,1,"HTTPConnectionPool(host='localhost', port=11434): Max retries exceeded with url: /api/generate (Caused by NewConnectionE",,,,,,
2,"Pediatric low-grade glioma (+dabrafenib, BRAF V600E)",primekg,kg,llama3.2:1b,1,8,C,9,0.1111111111111111,0,0,0,1,"HTTPConnectionPool(host='localhost', port=11434): Max retries exceeded with url: /api/generate (Caused by NewConnectionE",,,,,,
2,Unresectable thymic carcinoma (PMDA),primekg,kg,llama3.2:1b,0,8,A,1,1.0,1,1,1,1,"HTTPConnectionPool(host='localhost', port=11434): Max retries exceeded with url: /api/generate (Caused by NewConnectionE",,,,,,
2,Unresectable thymic carcinoma (PMDA),primekg,kg,llama3.2:1b,1,8,A,1,1.0,1,1,1,1,"HTTPConnectionPool(host='localhost', port=11434): Max retries exceeded with url: /api/generate (Caused by NewConnectionE",,,,,,
2,BRAF+ thyroid cancer,primekg,kg,llama3.2:1b,0,8,D,9,0.1111111111111111,0,0,0,1,"HTTPConnectionPool(host='localhost', port=11434): Max retries exceeded with url: /api/generate (Caused by NewConnectionE",,,,,,
2,BRAF+ thyroid cancer,primekg,kg,llama3.2:1b,1,8,E,9,0.1111111111111111,0,0,0,1,"HTTPConnectionPool(host='localhost', port=11434): Max retries exceeded with url: /api/generate (Caused by NewConnectionE",,,,,,
2,IDH1-mutated relapsed/refractory MDS,primekg,kg,llama3.2:1b,0,8,F,9,0.1111111111111111,0,0,0,1,"HTTPConnectionPool(host='localhost', port=11434): Max retries exceeded with url: /api/generate (Caused by NewConnectionE",,,,,,
2,IDH1-mutated relapsed/refractory MDS,primekg,kg,llama3.2:1b,1,8,C,9,0.1111111111111111,0,0,0,1,"HTTPConnectionPool(host='localhost', port=11434): Max retries exceeded with url: /api/generate (Caused by NewConnectionE",,,,,,
2,Biliary tract cancer,primekg,kg,llama3.2:1b,0,8,D,9,0.1111111111111111,0,0,0,1,"HTTPConnectionPool(host='localhost', port=11434): Max retries exceeded with url: /api/generate (Caused by NewConnectionE",,,,,,
2,Biliary tract cancer,primekg,kg,llama3.2:1b,1,8,G,9,0.1111111111111111,0,0,0,1,"HTTPConnectionPool(host='localhost', port=11434): Max retries exceeded with url: /api/generate (Caused by NewConnectionE",,,,,,
2,"mCRC BRAF V600E (traditional approval, was accelerated)",primekg,kg,llama3.2:1b,0,8,H,9,0.1111111111111111,0,0,0,1,"HTTPConnectionPool(host='localhost', port=11434): Max retries exceeded with url: /api/generate (Caused by NewConnectionE",,,,,,
2,"mCRC BRAF V600E (traditional approval, was accelerated)",primekg,kg,llama3.2:1b,1,8,E,9,0.1111111111111111,0,0,0,1,"HTTPConnectionPool(host='localhost', port=11434): Max retries exceeded with url: /api/generate (Caused by NewConnectionE",,,,,,
2,Gastric/GEJ adenocarcinoma (1L +chemo),primekg,kg,llama3.2:1b,0,8,C,9,0.1111111111111111,0,0,0,1,"HTTPConnectionPool(host='localhost', port=11434): Max retries exceeded with url: /api/generate (Caused by NewConnectionE",,,,,,
2,Gastric/GEJ adenocarcinoma (1L +chemo),primekg,kg,llama3.2:1b,1,8,E,9,0.1111111111111111,0,0,0,1,"HTTPConnectionPool(host='localhost', port=11434): Max retries exceeded with url: /api/generate (Caused by NewConnectionE",,,,,,
2,Chorea associated with Huntington's disease,drkg,kg,llama3.2:1b,0,8,B,9,0.1111111111111111,0,0,0,1,"HTTPConnectionPool(host='localhost', port=11434): Max retries exceeded with url: /api/generate (Caused by NewConnectionE",,,,,,
2,Chorea associated with Huntington's disease,drkg,kg,llama3.2:1b,1,8,E,9,0.1111111111111111,0,0,0,1,"HTTPConnectionPool(host='localhost', port=11434): Max retries exceeded with url: /api/generate (Caused by NewConnectionE",,,,,,
2,Chronic thromboembolic pulmonary hypertension,drkg,kg,llama3.2:1b,0,8,C,9,0.1111111111111111,0,0,0,1,"HTTPConnectionPool(host='localhost', port=11434): Max retries exceeded with url: /api/generate (Caused by NewConnectionE",,,,,,
2,Chronic thromboembolic pulmonary hypertension,drkg,kg,llama3.2:1b,1,8,A,1,1.0,1,1,1,1,"HTTPConnectionPool(host='localhost', port=11434): Max retries exceeded with url: /api/generate (Caused by NewConnectionE",,,,,,
2,Indolent systemic mastocytosis,drkg,kg,llama3.2:1b,0,8,A,1,1.0,1,1,1,1,"HTTPConnectionPool(host='localhost', port=11434): Max retries exceeded with url: /api/generate (Caused by NewConnectionE",,,,,,
2,Indolent systemic mastocytosis,drkg,kg,llama3.2:1b,1,8,F,9,0.1111111111111111,0,0,0,1,"HTTPConnectionPool(host='localhost', port=11434): Max retries exceeded with url: /api/generate (Caused by NewConnectionE",,,,,,
2,EGPA (expanded),drkg,kg,llama3.2:1b,0,8,E,9,0.1111111111111111,0,0,0,1,"HTTPConnectionPool(host='localhost', port=11434): Max retries exceeded with url: /api/generate (Caused by NewConnectionE",,,,,,
2,EGPA (expanded),drkg,kg,llama3.2:1b,1,8,B,9,0.1111111111111111,0,0,0,1,"HTTPConnectionPool(host='localhost', port=11434): Max retries exceeded with url: /api/generate (Caused by NewConnectionE",,,,,,
2,Invasive fungal infections pediatric ≥2yr,drkg,kg,llama3.2:1b,0,8,B,9,0.1111111111111111,0,0,0,1,"HTTPConnectionPool(host='localhost', port=11434): Max retries exceeded with url: /api/generate (Caused by NewConnectionE",,,,,,
2,Invasive fungal infections pediatric ≥2yr,drkg,kg,llama3.2:1b,1,8,G,9,0.1111111111111111,0,0,0,1,"HTTPConnectionPool(host='localhost', port=11434): Max retries exceeded with url: /api/generate (Caused by NewConnectionE",,,,,,
2,PKU expanded to ≥12yr,drkg,kg,llama3.2:1b,0,8,C,9,0.1111111111111111,0,0,0,1,"HTTPConnectionPool(host='localhost', port=11434): Max retries exceeded with url: /api/generate (Caused by NewConnectionE",,,,,,
2,PKU expanded to ≥12yr,drkg,kg,llama3.2:1b,1,8,C,9,0.1111111111111111,0,0,0,1,"HTTPConnectionPool(host='localhost', port=11434): Max retries exceeded with url: /api/generate (Caused by NewConnectionE",,,,,,
2,Nephrotic syndrome,drkg,kg,llama3.2:1b,0,8,C,9,0.1111111111111111,0,0,0,1,"HTTPConnectionPool(host='localhost', port=11434): Max retries exceeded with url: /api/generate (Caused by NewConnectionE",,,,,,
2,Nephrotic syndrome,drkg,kg,llama3.2:1b,1,8,C,9,0.1111111111111111,0,0,0,1,"HTTPConnectionPool(host='localhost', port=11434): Max retries exceeded with url: /api/generate (Caused by NewConnectionE",,,,,,
2,HR+/HER2- node-positive high-risk early breast cancer,drkg,kg,llama3.2:1b,0,8,H,9,0.1111111111111111,0,0,0,1,"HTTPConnectionPool(host='localhost', port=11434): Max retries exceeded with url: /api/generate (Caused by NewConnectionE",,,,,,
2,HR+/HER2- node-positive high-risk early breast cancer,drkg,kg,llama3.2:1b,1,8,H,9,0.1111111111111111,0,0,0,1,"HTTPConnectionPool(host='localhost', port=11434): Max retries exceeded with url: /api/generate (Caused by NewConnectionE",,,,,,
2,Retinopathy of prematurity,drkg,kg,llama3.2:1b,0,8,H,9,0.1111111111111111,0,0,0,1,"HTTPConnectionPool(host='localhost', port=11434): Max retries exceeded with url: /api/generate (Caused by NewConnectionE",,,,,,
2,Retinopathy of prematurity,drkg,kg,llama3.2:1b,1,8,C,9,0.1111111111111111,0,0,0,1,"HTTPConnectionPool(host='localhost', port=11434): Max retries exceeded with url: /api/generate (Caused by NewConnectionE",,,,,,
2,Agitation associated with Alzheimer's dementia,drkg,kg,llama3.2:1b,0,8,G,9,0.1111111111111111,0,0,0,1,"HTTPConnectionPool(host='localhost', port=11434): Max retries exceeded with url: /api/generate (Caused by NewConnectionE",,,,,,
2,Agitation associated with Alzheimer's dementia,drkg,kg,llama3.2:1b,1,8,A,1,1.0,1,1,1,1,"HTTPConnectionPool(host='localhost', port=11434): Max retries exceeded with url: /api/generate (Caused by NewConnectionE",,,,,,
2,LDL-C elevation in statin-intolerant dyslipidemia,drkg,kg,llama3.2:1b,0,8,G,9,0.1111111111111111,0,0,0,1,"HTTPConnectionPool(host='localhost', port=11434): Max retries exceeded with url: /api/generate (Caused by NewConnectionE",,,,,,
2,LDL-C elevation in statin-intolerant dyslipidemia,drkg,kg,llama3.2:1b,1,8,F,9,0.1111111111111111,0,0,0,1,"HTTPConnectionPool(host='localhost', port=11434): Max retries exceeded with url: /api/generate (Caused by NewConnectionE",,,,,,
2,First-line anemia in lower-risk MDS,drkg,kg,llama3.2:1b,0,8,B,9,0.1111111111111111,0,0,0,1,"HTTPConnectionPool(host='localhost', port=11434): Max retries exceeded with url: /api/generate (Caused by NewConnectionE",,,,,,
2,First-line anemia in lower-risk MDS,drkg,kg,llama3.2:1b,1,8,B,9,0.1111111111111111,0,0,0,1,"HTTPConnectionPool(host='localhost', port=11434): Max retries exceeded with url: /api/generate (Caused by NewConnectionE",,,,,,
2,"Crohn's disease (moderate-severe, refractory)",drkg,kg,llama3.2:1b,0,8,C,9,0.1111111111111111,0,0,0,1,"HTTPConnectionPool(host='localhost', port=11434): Max retries exceeded with url: /api/generate (Caused by NewConnectionE",,,,,,
2,"Crohn's disease (moderate-severe, refractory)",drkg,kg,llama3.2:1b,1,8,H,9,0.1111111111111111,0,0,0,1,"HTTPConnectionPool(host='localhost', port=11434): Max retries exceeded with url: /api/generate (Caused by NewConnectionE",,,,,,
2,COVID-19 in severe renal impairment/dialysis,drkg,kg,llama3.2:1b,0,8,H,9,0.1111111111111111,0,0,0,1,"HTTPConnectionPool(host='localhost', port=11434): Max retries exceeded with url: /api/generate (Caused by NewConnectionE",,,,,,
2,COVID-19 in severe renal impairment/dialysis,drkg,kg,llama3.2:1b,1,8,E,9,0.1111111111111111,0,0,0,1,"HTTPConnectionPool(host='localhost', port=11434): Max retries exceeded with url: /api/generate (Caused by NewConnectionE",,,,,,
2,MASH with fibrosis,drkg,kg,llama3.2:1b,0,8,G,9,0.1111111111111111,0,0,0,1,"HTTPConnectionPool(host='localhost', port=11434): Max retries exceeded with url: /api/generate (Caused by NewConnectionE",,,,,,
2,MASH with fibrosis,drkg,kg,llama3.2:1b,1,8,A,1,1.0,1,1,1,1,"HTTPConnectionPool(host='localhost', port=11434): Max retries exceeded with url: /api/generate (Caused by NewConnectionE",,,,,,
2,Pancreatic NET,drkg,kg,llama3.2:1b,0,8,G,9,0.1111111111111111,0,0,0,1,"HTTPConnectionPool(host='localhost', port=11434): Max retries exceeded with url: /api/generate (Caused by NewConnectionE",,,,,,
2,Pancreatic NET,drkg,kg,llama3.2:1b,1,8,C,9,0.1111111111111111,0,0,0,1,"HTTPConnectionPool(host='localhost', port=11434): Max retries exceeded with url: /api/generate (Caused by NewConnectionE",,,,,,
2,Retinal vein occlusion,drkg,kg,llama3.2:1b,0,8,F,9,0.1111111111111111,0,0,0,1,"HTTPConnectionPool(host='localhost', port=11434): Max retries exceeded with url: /api/generate (Caused by NewConnectionE",,,,,,
2,Retinal vein occlusion,drkg,kg,llama3.2:1b,1,8,D,9,0.1111111111111111,0,0,0,1,"HTTPConnectionPool(host='localhost', port=11434): Max retries exceeded with url: /api/generate (Caused by NewConnectionE",,,,,,
2,Cerebral folate transport deficiency,drkg,kg,llama3.2:1b,0,8,D,9,0.1111111111111111,0,0,0,1,"HTTPConnectionPool(host='localhost', port=11434): Max retries exceeded with url: /api/generate (Caused by NewConnectionE",,,,,,
2,Cerebral folate transport deficiency,drkg,kg,llama3.2:1b,1,8,H,9,0.1111111111111111,0,0,0,1,"HTTPConnectionPool(host='localhost', port=11434): Max retries exceeded with url: /api/generate (Caused by NewConnectionE",,,,,,
2,ILD-associated pulmonary hypertension,drkg,kg,llama3.2:1b,0,8,B,9,0.1111111111111111,0,0,0,1,"HTTPConnectionPool(host='localhost', port=11434): Max retries exceeded with url: /api/generate (Caused by NewConnectionE",,,,,,
2,ILD-associated pulmonary hypertension,drkg,kg,llama3.2:1b,1,8,B,9,0.1111111111111111,0,0,0,1,"HTTPConnectionPool(host='localhost', port=11434): Max retries exceeded with url: /api/generate (Caused by NewConnectionE",,,,,,
2,Indolent systemic mastocytosis (EMA),drkg,kg,llama3.2:1b,0,8,H,9,0.1111111111111111,0,0,0,1,"HTTPConnectionPool(host='localhost', port=11434): Max retries exceeded with url: /api/generate (Caused by NewConnectionE",,,,,,
2,Indolent systemic mastocytosis (EMA),drkg,kg,llama3.2:1b,1,8,A,1,1.0,1,1,1,1,"HTTPConnectionPool(host='localhost', port=11434): Max retries exceeded with url: /api/generate (Caused by NewConnectionE",,,,,,
2,CRSwNP (eosinophilic chronic rhinosinusitis with nasal polyps),drkg,kg,llama3.2:1b,0,8,A,1,1.0,1,1,1,1,"HTTPConnectionPool(host='localhost', port=11434): Max retries exceeded with url: /api/generate (Caused by NewConnectionE",,,,,,
2,CRSwNP (eosinophilic chronic rhinosinusitis with nasal polyps),drkg,kg,llama3.2:1b,1,8,H,9,0.1111111111111111,0,0,0,1,"HTTPConnectionPool(host='localhost', port=11434): Max retries exceeded with url: /api/generate (Caused by NewConnectionE",,,,,,
2,Chronic hepatitis B (pediatric),drkg,kg,llama3.2:1b,0,8,B,9,0.1111111111111111,0,0,0,1,"HTTPConnectionPool(host='localhost', port=11434): Max retries exceeded with url: /api/generate (Caused by NewConnectionE",,,,,,
2,Chronic hepatitis B (pediatric),drkg,kg,llama3.2:1b,1,8,C,9,0.1111111111111111,0,0,0,1,"HTTPConnectionPool(host='localhost', port=11434): Max retries exceeded with url: /api/generate (Caused by NewConnectionE",,,,,,
2,HoFH in children,drkg,kg,llama3.2:1b,0,8,H,9,0.1111111111111111,0,0,0,1,"HTTPConnectionPool(host='localhost', port=11434): Max retries exceeded with url: /api/generate (Caused by NewConnectionE",,,,,,
2,HoFH in children,drkg,kg,llama3.2:1b,1,8,A,1,1.0,1,1,1,1,"HTTPConnectionPool(host='localhost', port=11434): Max retries exceeded with url: /api/generate (Caused by NewConnectionE",,,,,,
2,Biliary tract cancer 1L,drkg,kg,llama3.2:1b,0,8,A,1,1.0,1,1,1,1,"HTTPConnectionPool(host='localhost', port=11434): Max retries exceeded with url: /api/generate (Caused by NewConnectionE",,,,,,
2,Biliary tract cancer 1L,drkg,kg,llama3.2:1b,1,8,G,9,0.1111111111111111,0,0,0,1,"HTTPConnectionPool(host='localhost', port=11434): Max retries exceeded with url: /api/generate (Caused by NewConnectionE",,,,,,
2,Diabetic retinopathy/DME (EMA Mar+May 2026),drkg,kg,llama3.2:1b,0,8,A,1,1.0,1,1,1,1,"HTTPConnectionPool(host='localhost', port=11434): Max retries exceeded with url: /api/generate (Caused by NewConnectionE",,,,,,
2,Diabetic retinopathy/DME (EMA Mar+May 2026),drkg,kg,llama3.2:1b,1,8,G,9,0.1111111111111111,0,0,0,1,"HTTPConnectionPool(host='localhost', port=11434): Max retries exceeded with url: /api/generate (Caused by NewConnectionE",,,,,,
2,Spinal muscular atrophy (pediatric expansion),drkg,kg,llama3.2:1b,0,8,F,9,0.1111111111111111,0,0,0,1,"HTTPConnectionPool(host='localhost', port=11434): Max retries exceeded with url: /api/generate (Caused by NewConnectionE",,,,,,
2,Spinal muscular atrophy (pediatric expansion),drkg,kg,llama3.2:1b,1,8,F,9,0.1111111111111111,0,0,0,1,"HTTPConnectionPool(host='localhost', port=11434): Max retries exceeded with url: /api/generate (Caused by NewConnectionE",,,,,,
2,High LDL-C with increased CV risk (expanded),drkg,kg,llama3.2:1b,0,8,D,9,0.1111111111111111,0,0,0,1,"HTTPConnectionPool(host='localhost', port=11434): Max retries exceeded with url: /api/generate (Caused by NewConnectionE",,,,,,
2,High LDL-C with increased CV risk (expanded),drkg,kg,llama3.2:1b,1,8,G,9,0.1111111111111111,0,0,0,1,"HTTPConnectionPool(host='localhost', port=11434): Max retries exceeded with url: /api/generate (Caused by NewConnectionE",,,,,,
2,Polycythaemia vera and essential thrombocytopenia,drkg,kg,llama3.2:1b,0,8,E,9,0.1111111111111111,0,0,0,1,"HTTPConnectionPool(host='localhost', port=11434): Max retries exceeded with url: /api/generate (Caused by NewConnectionE",,,,,,
2,Polycythaemia vera and essential thrombocytopenia,drkg,kg,llama3.2:1b,1,8,C,9,0.1111111111111111,0,0,0,1,"HTTPConnectionPool(host='localhost', port=11434): Max retries exceeded with url: /api/generate (Caused by NewConnectionE",,,,,,
2,Hidradenitis suppurativa,drkg,kg,llama3.2:1b,0,8,F,9,0.1111111111111111,0,0,0,1,"HTTPConnectionPool(host='localhost', port=11434): Max retries exceeded with url: /api/generate (Caused by NewConnectionE",,,,,,
2,Hidradenitis suppurativa,drkg,kg,llama3.2:1b,1,8,A,1,1.0,1,1,1,1,"HTTPConnectionPool(host='localhost', port=11434): Max retries exceeded with url: /api/generate (Caused by NewConnectionE",,,,,,
2,Acute HCV pediatric,drkg,kg,llama3.2:1b,0,8,A,1,1.0,1,1,1,1,"HTTPConnectionPool(host='localhost', port=11434): Max retries exceeded with url: /api/generate (Caused by NewConnectionE",,,,,,
2,Acute HCV pediatric,drkg,kg,llama3.2:1b,1,8,F,9,0.1111111111111111,0,0,0,1,"HTTPConnectionPool(host='localhost', port=11434): Max retries exceeded with url: /api/generate (Caused by NewConnectionE",,,,,,
2,CKD in T2D,drkg,kg,llama3.2:1b,0,8,B,9,0.1111111111111111,0,0,0,1,"HTTPConnectionPool(host='localhost', port=11434): Max retries exceeded with url: /api/generate (Caused by NewConnectionE",,,,,,
2,CKD in T2D,drkg,kg,llama3.2:1b,1,8,E,9,0.1111111111111111,0,0,0,1,"HTTPConnectionPool(host='localhost', port=11434): Max retries exceeded with url: /api/generate (Caused by NewConnectionE",,,,,,
2,BRAF V600E metastatic NSCLC,drkg,kg,llama3.2:1b,0,8,D,9,0.1111111111111111,0,0,0,1,"HTTPConnectionPool(host='localhost', port=11434): Max retries exceeded with url: /api/generate (Caused by NewConnectionE",,,,,,
2,BRAF V600E metastatic NSCLC,drkg,kg,llama3.2:1b,1,8,F,9,0.1111111111111111,0,0,0,1,"HTTPConnectionPool(host='localhost', port=11434): Max retries exceeded with url: /api/generate (Caused by NewConnectionE",,,,,,
2,Retinal vein occlusion,drkg,kg,llama3.2:1b,0,8,F,9,0.1111111111111111,0,0,0,1,"HTTPConnectionPool(host='localhost', port=11434): Max retries exceeded with url: /api/generate (Caused by NewConnectionE",,,,,,
2,Retinal vein occlusion,drkg,kg,llama3.2:1b,1,8,H,9,0.1111111111111111,0,0,0,1,"HTTPConnectionPool(host='localhost', port=11434): Max retries exceeded with url: /api/generate (Caused by NewConnectionE",,,,,,
2,Agitation associated with Alzheimer's dementia,drkg,kg,llama3.2:1b,0,8,H,9,0.1111111111111111,0,0,0,1,"HTTPConnectionPool(host='localhost', port=11434): Max retries exceeded with url: /api/generate (Caused by NewConnectionE",,,,,,
2,Agitation associated with Alzheimer's dementia,drkg,kg,llama3.2:1b,1,8,H,9,0.1111111111111111,0,0,0,1,"HTTPConnectionPool(host='localhost', port=11434): Max retries exceeded with url: /api/generate (Caused by NewConnectionE",,,,,,
2,Heterozygous familial hypercholesterolemia,drkg,kg,llama3.2:1b,0,8,C,9,0.1111111111111111,0,0,0,1,"HTTPConnectionPool(host='localhost', port=11434): Max retries exceeded with url: /api/generate (Caused by NewConnectionE",,,,,,
2,Heterozygous familial hypercholesterolemia,drkg,kg,llama3.2:1b,1,8,D,9,0.1111111111111111,0,0,0,1,"HTTPConnectionPool(host='localhost', port=11434): Max retries exceeded with url: /api/generate (Caused by NewConnectionE",,,,,,
2,Acquired hypofibrinogenemia in cardiovascular surgery,drkg,kg,llama3.2:1b,0,8,G,9,0.1111111111111111,0,0,0,1,"HTTPConnectionPool(host='localhost', port=11434): Max retries exceeded with url: /api/generate (Caused by NewConnectionE",,,,,,
2,Acquired hypofibrinogenemia in cardiovascular surgery,drkg,kg,llama3.2:1b,1,8,H,9,0.1111111111111111,0,0,0,1,"HTTPConnectionPool(host='localhost', port=11434): Max retries exceeded with url: /api/generate (Caused by NewConnectionE",,,,,,
2,Crohn's disease,drkg,kg,llama3.2:1b,0,8,A,1,1.0,1,1,1,1,"HTTPConnectionPool(host='localhost', port=11434): Max retries exceeded with url: /api/generate (Caused by NewConnectionE",,,,,,
2,Crohn's disease,drkg,kg,llama3.2:1b,1,8,D,9,0.1111111111111111,0,0,0,1,"HTTPConnectionPool(host='localhost', port=11434): Max retries exceeded with url: /api/generate (Caused by NewConnectionE",,,,,,
2,COVID-19 updated strain,drkg,kg,llama3.2:1b,0,8,A,1,1.0,1,1,1,1,"HTTPConnectionPool(host='localhost', port=11434): Max retries exceeded with url: /api/generate (Caused by NewConnectionE",,,,,,
2,COVID-19 updated strain,drkg,kg,llama3.2:1b,1,8,C,9,0.1111111111111111,0,0,0,1,"HTTPConnectionPool(host='localhost', port=11434): Max retries exceeded with url: /api/generate (Caused by NewConnectionE",,,,,,
2,HoFH pediatric (EMA),drkg,kg,llama3.2:1b,0,8,F,9,0.1111111111111111,0,0,0,1,"HTTPConnectionPool(host='localhost', port=11434): Max retries exceeded with url: /api/generate (Caused by NewConnectionE",,,,,,
2,HoFH pediatric (EMA),drkg,kg,llama3.2:1b,1,8,B,9,0.1111111111111111,0,0,0,1,"HTTPConnectionPool(host='localhost', port=11434): Max retries exceeded with url: /api/generate (Caused by NewConnectionE",,,,,,
2,Primary mediastinal large B-cell lymphoma,drkg,kg,llama3.2:1b,0,8,D,9,0.1111111111111111,0,0,0,1,"HTTPConnectionPool(host='localhost', port=11434): Max retries exceeded with url: /api/generate (Caused by NewConnectionE",,,,,,
2,Primary mediastinal large B-cell lymphoma,drkg,kg,llama3.2:1b,1,8,C,9,0.1111111111111111,0,0,0,1,"HTTPConnectionPool(host='localhost', port=11434): Max retries exceeded with url: /api/generate (Caused by NewConnectionE",,,,,,
2,TRD monotherapy,drkg,kg,llama3.2:1b,0,8,D,9,0.1111111111111111,0,0,0,1,"HTTPConnectionPool(host='localhost', port=11434): Max retries exceeded with url: /api/generate (Caused by NewConnectionE",,,,,,
2,TRD monotherapy,drkg,kg,llama3.2:1b,1,8,A,1,1.0,1,1,1,1,"HTTPConnectionPool(host='localhost', port=11434): Max retries exceeded with url: /api/generate (Caused by NewConnectionE",,,,,,
2,Reduce MACE in CVD + obesity/overweight,drkg,kg,llama3.2:1b,0,8,G,9,0.1111111111111111,0,0,0,1,"HTTPConnectionPool(host='localhost', port=11434): Max retries exceeded with url: /api/generate (Caused by NewConnectionE",,,,,,
2,Reduce MACE in CVD + obesity/overweight,drkg,kg,llama3.2:1b,1,8,A,1,1.0,1,1,1,1,"HTTPConnectionPool(host='localhost', port=11434): Max retries exceeded with url: /api/generate (Caused by NewConnectionE",,,,,,
2,Allergic fungal rhinosinusitis (AFRS) ≥6yr,drkg,kg,llama3.2:1b,0,8,G,9,0.1111111111111111,0,0,0,1,"HTTPConnectionPool(host='localhost', port=11434): Max retries exceeded with url: /api/generate (Caused by NewConnectionE",,,,,,
2,Allergic fungal rhinosinusitis (AFRS) ≥6yr,drkg,kg,llama3.2:1b,1,8,G,9,0.1111111111111111,0,0,0,1,"HTTPConnectionPool(host='localhost', port=11434): Max retries exceeded with url: /api/generate (Caused by NewConnectionE",,,,,,
2,Measles prophylaxis post-exposure,drkg,kg,llama3.2:1b,0,8,D,9,0.1111111111111111,0,0,0,1,"HTTPConnectionPool(host='localhost', port=11434): Max retries exceeded with url: /api/generate (Caused by NewConnectionE",,,,,,
2,Measles prophylaxis post-exposure,drkg,kg,llama3.2:1b,1,8,H,9,0.1111111111111111,0,0,0,1,"HTTPConnectionPool(host='localhost', port=11434): Max retries exceeded with url: /api/generate (Caused by NewConnectionE",,,,,,
2,Obstructive sleep apnea with obesity,drkg,kg,llama3.2:1b,0,8,H,9,0.1111111111111111,0,0,0,1,"HTTPConnectionPool(host='localhost', port=11434): Max retries exceeded with url: /api/generate (Caused by NewConnectionE",,,,,,
2,Obstructive sleep apnea with obesity,drkg,kg,llama3.2:1b,1,8,E,9,0.1111111111111111,0,0,0,1,"HTTPConnectionPool(host='localhost', port=11434): Max retries exceeded with url: /api/generate (Caused by NewConnectionE",,,,,,
2,HER2+ solid tumors (tumor-agnostic),drkg,kg,llama3.2:1b,0,8,H,9,0.1111111111111111,0,0,0,1,"HTTPConnectionPool(host='localhost', port=11434): Max retries exceeded with url: /api/generate (Caused by NewConnectionE",,,,,,
2,HER2+ solid tumors (tumor-agnostic),drkg,kg,llama3.2:1b,1,8,H,9,0.1111111111111111,0,0,0,1,"HTTPConnectionPool(host='localhost', port=11434): Max retries exceeded with url: /api/generate (Caused by NewConnectionE",,,,,,
2,Heart failure (broadened),drkg,kg,llama3.2:1b,0,8,C,9,0.1111111111111111,0,0,0,1,"HTTPConnectionPool(host='localhost', port=11434): Max retries exceeded with url: /api/generate (Caused by NewConnectionE",,,,,,
2,Heart failure (broadened),drkg,kg,llama3.2:1b,1,8,F,9,0.1111111111111111,0,0,0,1,"HTTPConnectionPool(host='localhost', port=11434): Max retries exceeded with url: /api/generate (Caused by NewConnectionE",,,,,,
2,GVHD + pediatric,drkg,kg,llama3.2:1b,0,8,A,1,1.0,1,1,1,1,"HTTPConnectionPool(host='localhost', port=11434): Max retries exceeded with url: /api/generate (Caused by NewConnectionE",,,,,,
2,GVHD + pediatric,drkg,kg,llama3.2:1b,1,8,A,1,1.0,1,1,1,1,"HTTPConnectionPool(host='localhost', port=11434): Max retries exceeded with url: /api/generate (Caused by NewConnectionE",,,,,,
2,COVID-19 (expanded population),drkg,kg,llama3.2:1b,0,8,C,9,0.1111111111111111,0,0,0,1,"HTTPConnectionPool(host='localhost', port=11434): Max retries exceeded with url: /api/generate (Caused by NewConnectionE",,,,,,
2,COVID-19 (expanded population),drkg,kg,llama3.2:1b,1,8,A,1,1.0,1,1,1,1,"HTTPConnectionPool(host='localhost', port=11434): Max retries exceeded with url: /api/generate (Caused by NewConnectionE",,,,,,
2,Delay T1D onset in children ≥1yr,drkg,kg,llama3.2:1b,0,8,B,9,0.1111111111111111,0,0,0,1,"HTTPConnectionPool(host='localhost', port=11434): Max retries exceeded with url: /api/generate (Caused by NewConnectionE",,,,,,
2,Delay T1D onset in children ≥1yr,drkg,kg,llama3.2:1b,1,8,A,1,1.0,1,1,1,1,"HTTPConnectionPool(host='localhost', port=11434): Max retries exceeded with url: /api/generate (Caused by NewConnectionE",,,,,,
2,BRAF+ thyroid cancer,drkg,kg,llama3.2:1b,0,8,F,9,0.1111111111111111,0,0,0,1,"HTTPConnectionPool(host='localhost', port=11434): Max retries exceeded with url: /api/generate (Caused by NewConnectionE",,,,,,
2,BRAF+ thyroid cancer,drkg,kg,llama3.2:1b,1,8,H,9,0.1111111111111111,0,0,0,1,"HTTPConnectionPool(host='localhost', port=11434): Max retries exceeded with url: /api/generate (Caused by NewConnectionE",,,,,,
2,Chronic kidney disease,drkg,kg,llama3.2:1b,0,8,A,1,1.0,1,1,1,1,"HTTPConnectionPool(host='localhost', port=11434): Max retries exceeded with url: /api/generate (Caused by NewConnectionE",,,,,,
2,Chronic kidney disease,drkg,kg,llama3.2:1b,1,8,A,1,1.0,1,1,1,1,"HTTPConnectionPool(host='localhost', port=11434): Max retries exceeded with url: /api/generate (Caused by NewConnectionE",,,,,,
2,IgG4-related disease,drkg,kg,llama3.2:1b,0,8,F,9,0.1111111111111111,0,0,0,1,"HTTPConnectionPool(host='localhost', port=11434): Max retries exceeded with url: /api/generate (Caused by NewConnectionE",,,,,,
2,IgG4-related disease,drkg,kg,llama3.2:1b,1,8,G,9,0.1111111111111111,0,0,0,1,"HTTPConnectionPool(host='localhost', port=11434): Max retries exceeded with url: /api/generate (Caused by NewConnectionE",,,,,,
2,Oral tablet formulation for weight management,drkg,kg,llama3.2:1b,0,8,G,9,0.1111111111111111,0,0,0,1,"HTTPConnectionPool(host='localhost', port=11434): Max retries exceeded with url: /api/generate (Caused by NewConnectionE",,,,,,
2,Oral tablet formulation for weight management,drkg,kg,llama3.2:1b,1,8,A,1,1.0,1,1,1,1,"HTTPConnectionPool(host='localhost', port=11434): Max retries exceeded with url: /api/generate (Caused by NewConnectionE",,,,,,
2,Follicular lymphoma,drkg,kg,llama3.2:1b,0,8,B,9,0.1111111111111111,0,0,0,1,"HTTPConnectionPool(host='localhost', port=11434): Max retries exceeded with url: /api/generate (Caused by NewConnectionE",,,,,,
2,Follicular lymphoma,drkg,kg,llama3.2:1b,1,8,G,9,0.1111111111111111,0,0,0,1,"HTTPConnectionPool(host='localhost', port=11434): Max retries exceeded with url: /api/generate (Caused by NewConnectionE",,,,,,
2,Palmoplantar pustulosis (PMDA),drkg,kg,llama3.2:1b,0,8,D,9,0.1111111111111111,0,0,0,1,"HTTPConnectionPool(host='localhost', port=11434): Max retries exceeded with url: /api/generate (Caused by NewConnectionE",,,,,,
2,Palmoplantar pustulosis (PMDA),drkg,kg,llama3.2:1b,1,8,B,9,0.1111111111111111,0,0,0,1,"HTTPConnectionPool(host='localhost', port=11434): Max retries exceeded with url: /api/generate (Caused by NewConnectionE",,,,,,
2,Acquired hypothalamic obesity,drkg,kg,llama3.2:1b,0,8,A,1,1.0,1,1,1,1,"HTTPConnectionPool(host='localhost', port=11434): Max retries exceeded with url: /api/generate (Caused by NewConnectionE",,,,,,
2,Acquired hypothalamic obesity,drkg,kg,llama3.2:1b,1,8,D,9,0.1111111111111111,0,0,0,1,"HTTPConnectionPool(host='localhost', port=11434): Max retries exceeded with url: /api/generate (Caused by NewConnectionE",,,,,,
2,Pheochromocytoma/paraganglioma,drkg,kg,llama3.2:1b,0,8,E,9,0.1111111111111111,0,0,0,1,"HTTPConnectionPool(host='localhost', port=11434): Max retries exceeded with url: /api/generate (Caused by NewConnectionE",,,,,,
2,Pheochromocytoma/paraganglioma,drkg,kg,llama3.2:1b,1,8,F,9,0.1111111111111111,0,0,0,1,"HTTPConnectionPool(host='localhost', port=11434): Max retries exceeded with url: /api/generate (Caused by NewConnectionE",,,,,,
2,IgE-mediated food allergy,drkg,kg,llama3.2:1b,0,8,C,9,0.1111111111111111,0,0,0,1,"HTTPConnectionPool(host='localhost', port=11434): Max retries exceeded with url: /api/generate (Caused by NewConnectionE",,,,,,
2,IgE-mediated food allergy,drkg,kg,llama3.2:1b,1,8,C,9,0.1111111111111111,0,0,0,1,"HTTPConnectionPool(host='localhost', port=11434): Max retries exceeded with url: /api/generate (Caused by NewConnectionE",,,,,,
2,Advanced RCC after PD-1/PD-L1 + VEGF-TKI,drkg,kg,llama3.2:1b,0,8,C,9,0.1111111111111111,0,0,0,1,"HTTPConnectionPool(host='localhost', port=11434): Max retries exceeded with url: /api/generate (Caused by NewConnectionE",,,,,,
2,Advanced RCC after PD-1/PD-L1 + VEGF-TKI,drkg,kg,llama3.2:1b,1,8,F,9,0.1111111111111111,0,0,0,1,"HTTPConnectionPool(host='localhost', port=11434): Max retries exceeded with url: /api/generate (Caused by NewConnectionE",,,,,,
2,COPD,drkg,kg,llama3.2:1b,0,8,B,9,0.1111111111111111,0,0,0,1,"HTTPConnectionPool(host='localhost', port=11434): Max retries exceeded with url: /api/generate (Caused by NewConnectionE",,,,,,
2,COPD,drkg,kg,llama3.2:1b,1,8,C,9,0.1111111111111111,0,0,0,1,"HTTPConnectionPool(host='localhost', port=11434): Max retries exceeded with url: /api/generate (Caused by NewConnectionE",,,,,,
2,mHSPC + ADT,drkg,kg,llama3.2:1b,0,8,E,9,0.1111111111111111,0,0,0,1,"HTTPConnectionPool(host='localhost', port=11434): Max retries exceeded with url: /api/generate (Caused by NewConnectionE",,,,,,
2,mHSPC + ADT,drkg,kg,llama3.2:1b,1,8,F,9,0.1111111111111111,0,0,0,1,"HTTPConnectionPool(host='localhost', port=11434): Max retries exceeded with url: /api/generate (Caused by NewConnectionE",,,,,,
2,COPD (EMA 2025),drkg,kg,llama3.2:1b,0,8,G,9,0.1111111111111111,0,0,0,1,"HTTPConnectionPool(host='localhost', port=11434): Max retries exceeded with url: /api/generate (Caused by NewConnectionE",,,,,,
2,COPD (EMA 2025),drkg,kg,llama3.2:1b,1,8,E,9,0.1111111111111111,0,0,0,1,"HTTPConnectionPool(host='localhost', port=11434): Max retries exceeded with url: /api/generate (Caused by NewConnectionE",,,,,,
2,dMMR/MSI-H primary advanced endometrial cancer,drkg,kg,llama3.2:1b,0,8,A,1,1.0,1,1,1,1,"HTTPConnectionPool(host='localhost', port=11434): Max retries exceeded with url: /api/generate (Caused by NewConnectionE",,,,,,
2,dMMR/MSI-H primary advanced endometrial cancer,drkg,kg,llama3.2:1b,1,8,G,9,0.1111111111111111,0,0,0,1,"HTTPConnectionPool(host='localhost', port=11434): Max retries exceeded with url: /api/generate (Caused by NewConnectionE",,,,,,
2,Generalized myasthenia gravis,drkg,kg,llama3.2:1b,0,8,E,9,0.1111111111111111,0,0,0,1,"HTTPConnectionPool(host='localhost', port=11434): Max retries exceeded with url: /api/generate (Caused by NewConnectionE",,,,,,
2,Generalized myasthenia gravis,drkg,kg,llama3.2:1b,1,8,G,9,0.1111111111111111,0,0,0,1,"HTTPConnectionPool(host='localhost', port=11434): Max retries exceeded with url: /api/generate (Caused by NewConnectionE",,,,,,
2,Urothelial carcinoma (expanded population),drkg,kg,llama3.2:1b,0,8,D,9,0.1111111111111111,0,0,0,1,"HTTPConnectionPool(host='localhost', port=11434): Max retries exceeded with url: /api/generate (Caused by NewConnectionE",,,,,,
2,Urothelial carcinoma (expanded population),drkg,kg,llama3.2:1b,1,8,F,9,0.1111111111111111,0,0,0,1,"HTTPConnectionPool(host='localhost', port=11434): Max retries exceeded with url: /api/generate (Caused by NewConnectionE",,,,,,
2,Crohn's disease,drkg,kg,llama3.2:1b,0,8,B,9,0.1111111111111111,0,0,0,1,"HTTPConnectionPool(host='localhost', port=11434): Max retries exceeded with url: /api/generate (Caused by NewConnectionE",,,,,,
2,Crohn's disease,drkg,kg,llama3.2:1b,1,8,H,9,0.1111111111111111,0,0,0,1,"HTTPConnectionPool(host='localhost', port=11434): Max retries exceeded with url: /api/generate (Caused by NewConnectionE",,,,,,
2,RAS wild-type HER2+ metastatic colorectal cancer,drkg,kg,llama3.2:1b,0,8,C,9,0.1111111111111111,0,0,0,1,"HTTPConnectionPool(host='localhost', port=11434): Max retries exceeded with url: /api/generate (Caused by NewConnectionE",,,,,,
2,RAS wild-type HER2+ metastatic colorectal cancer,drkg,kg,llama3.2:1b,1,8,A,1,1.0,1,1,1,1,"HTTPConnectionPool(host='localhost', port=11434): Max retries exceeded with url: /api/generate (Caused by NewConnectionE",,,,,,
2,Atopic dermatitis,drkg,kg,llama3.2:1b,0,8,H,9,0.1111111111111111,0,0,0,1,"HTTPConnectionPool(host='localhost', port=11434): Max retries exceeded with url: /api/generate (Caused by NewConnectionE",,,,,,
2,Atopic dermatitis,drkg,kg,llama3.2:1b,1,8,A,1,1.0,1,1,1,1,"HTTPConnectionPool(host='localhost', port=11434): Max retries exceeded with url: /api/generate (Caused by NewConnectionE",,,,,,
2,dMMR recurrent/advanced endometrial cancer,drkg,kg,llama3.2:1b,0,8,G,9,0.1111111111111111,0,0,0,1,"HTTPConnectionPool(host='localhost', port=11434): Max retries exceeded with url: /api/generate (Caused by NewConnectionE",,,,,,
2,dMMR recurrent/advanced endometrial cancer,drkg,kg,llama3.2:1b,1,8,B,9,0.1111111111111111,0,0,0,1,"HTTPConnectionPool(host='localhost', port=11434): Max retries exceeded with url: /api/generate (Caused by NewConnectionE",,,,,,
2,Polymyalgia rheumatica,drkg,kg,llama3.2:1b,0,8,C,9,0.1111111111111111,0,0,0,1,"HTTPConnectionPool(host='localhost', port=11434): Max retries exceeded with url: /api/generate (Caused by NewConnectionE",,,,,,
2,Polymyalgia rheumatica,drkg,kg,llama3.2:1b,1,8,H,9,0.1111111111111111,0,0,0,1,"HTTPConnectionPool(host='localhost', port=11434): Max retries exceeded with url: /api/generate (Caused by NewConnectionE",,,,,,
2,Metastatic colorectal cancer,drkg,kg,llama3.2:1b,0,8,D,9,0.1111111111111111,0,0,0,1,"HTTPConnectionPool(host='localhost', port=11434): Max retries exceeded with url: /api/generate (Caused by NewConnectionE",,,,,,
2,Metastatic colorectal cancer,drkg,kg,llama3.2:1b,1,8,F,9,0.1111111111111111,0,0,0,1,"HTTPConnectionPool(host='localhost', port=11434): Max retries exceeded with url: /api/generate (Caused by NewConnectionE",,,,,,
2,Ulcerative colitis,drkg,kg,llama3.2:1b,0,8,F,9,0.1111111111111111,0,0,0,1,"HTTPConnectionPool(host='localhost', port=11434): Max retries exceeded with url: /api/generate (Caused by NewConnectionE",,,,,,
2,Ulcerative colitis,drkg,kg,llama3.2:1b,1,8,E,9,0.1111111111111111,0,0,0,1,"HTTPConnectionPool(host='localhost', port=11434): Max retries exceeded with url: /api/generate (Caused by NewConnectionE",,,,,,
2,MSI-H/dMMR solid tumors (full approval conversion),drkg,kg,llama3.2:1b,0,8,A,1,1.0,1,1,1,1,"HTTPConnectionPool(host='localhost', port=11434): Max retries exceeded with url: /api/generate (Caused by NewConnectionE",,,,,,
2,MSI-H/dMMR solid tumors (full approval conversion),drkg,kg,llama3.2:1b,1,8,C,9,0.1111111111111111,0,0,0,1,"HTTPConnectionPool(host='localhost', port=11434): Max retries exceeded with url: /api/generate (Caused by NewConnectionE",,,,,,
2,Schnitzler syndrome (Japan),drkg,kg,llama3.2:1b,0,8,A,1,1.0,1,1,1,1,"HTTPConnectionPool(host='localhost', port=11434): Max retries exceeded with url: /api/generate (Caused by NewConnectionE",,,,,,
2,Schnitzler syndrome (Japan),drkg,kg,llama3.2:1b,1,8,F,9,0.1111111111111111,0,0,0,1,"HTTPConnectionPool(host='localhost', port=11434): Max retries exceeded with url: /api/generate (Caused by NewConnectionE",,,,,,
2,HR+/HER2- metastatic breast cancer,drkg,kg,llama3.2:1b,0,8,D,9,0.1111111111111111,0,0,0,1,"HTTPConnectionPool(host='localhost', port=11434): Max retries exceeded with url: /api/generate (Caused by NewConnectionE",,,,,,
2,HR+/HER2- metastatic breast cancer,drkg,kg,llama3.2:1b,1,8,H,9,0.1111111111111111,0,0,0,1,"HTTPConnectionPool(host='localhost', port=11434): Max retries exceeded with url: /api/generate (Caused by NewConnectionE",,,,,,
2,Giant cell arteritis,drkg,kg,llama3.2:1b,0,8,D,9,0.1111111111111111,0,0,0,1,"HTTPConnectionPool(host='localhost', port=11434): Max retries exceeded with url: /api/generate (Caused by NewConnectionE",,,,,,
2,Giant cell arteritis,drkg,kg,llama3.2:1b,1,8,D,9,0.1111111111111111,0,0,0,1,"HTTPConnectionPool(host='localhost', port=11434): Max retries exceeded with url: /api/generate (Caused by NewConnectionE",,,,,,
2,Neoadj+adj HNSCC,drkg,kg,llama3.2:1b,0,8,E,9,0.1111111111111111,0,0,0,1,"HTTPConnectionPool(host='localhost', port=11434): Max retries exceeded with url: /api/generate (Caused by NewConnectionE",,,,,,
2,Neoadj+adj HNSCC,drkg,kg,llama3.2:1b,1,8,C,9,0.1111111111111111,0,0,0,1,"HTTPConnectionPool(host='localhost', port=11434): Max retries exceeded with url: /api/generate (Caused by NewConnectionE",,,,,,
2,Psoriasis in children 6-11 (cream),drkg,kg,llama3.2:1b,0,8,H,9,0.1111111111111111,0,0,0,1,"HTTPConnectionPool(host='localhost', port=11434): Max retries exceeded with url: /api/generate (Caused by NewConnectionE",,,,,,
2,Psoriasis in children 6-11 (cream),drkg,kg,llama3.2:1b,1,8,B,9,0.1111111111111111,0,0,0,1,"HTTPConnectionPool(host='localhost', port=11434): Max retries exceeded with url: /api/generate (Caused by NewConnectionE",,,,,,
2,dMMR/MSI-H primary advanced endometrial cancer (+chemo),drkg,kg,llama3.2:1b,0,8,G,9,0.1111111111111111,0,0,0,1,"HTTPConnectionPool(host='localhost', port=11434): Max retries exceeded with url: /api/generate (Caused by NewConnectionE",,,,,,
2,dMMR/MSI-H primary advanced endometrial cancer (+chemo),drkg,kg,llama3.2:1b,1,8,D,9,0.1111111111111111,0,0,0,1,"HTTPConnectionPool(host='localhost', port=11434): Max retries exceeded with url: /api/generate (Caused by NewConnectionE",,,,,,
2,Primary immunodeficiency pediatric (EMA),drkg,kg,llama3.2:1b,0,8,F,9,0.1111111111111111,0,0,0,1,"HTTPConnectionPool(host='localhost', port=11434): Max retries exceeded with url: /api/generate (Caused by NewConnectionE",,,,,,
2,Primary immunodeficiency pediatric (EMA),drkg,kg,llama3.2:1b,1,8,G,9,0.1111111111111111,0,0,0,1,"HTTPConnectionPool(host='localhost', port=11434): Max retries exceeded with url: /api/generate (Caused by NewConnectionE",,,,,,
2,HR+/HER2- breast cancer,drkg,kg,llama3.2:1b,0,8,C,9,0.1111111111111111,0,0,0,1,"HTTPConnectionPool(host='localhost', port=11434): Max retries exceeded with url: /api/generate (Caused by NewConnectionE",,,,,,
2,HR+/HER2- breast cancer,drkg,kg,llama3.2:1b,1,8,G,9,0.1111111111111111,0,0,0,1,"HTTPConnectionPool(host='localhost', port=11434): Max retries exceeded with url: /api/generate (Caused by NewConnectionE",,,,,,
2,Ulcerative colitis,drkg,kg,llama3.2:1b,0,8,F,9,0.1111111111111111,0,0,0,1,"HTTPConnectionPool(host='localhost', port=11434): Max retries exceeded with url: /api/generate (Caused by NewConnectionE",,,,,,
2,Ulcerative colitis,drkg,kg,llama3.2:1b,1,8,G,9,0.1111111111111111,0,0,0,1,"HTTPConnectionPool(host='localhost', port=11434): Max retries exceeded with url: /api/generate (Caused by NewConnectionE",,,,,,
2,HER2-mutant NSCLC (PMDA),drkg,kg,llama3.2:1b,0,8,D,9,0.1111111111111111,0,0,0,1,"HTTPConnectionPool(host='localhost', port=11434): Max retries exceeded with url: /api/generate (Caused by NewConnectionE",,,,,,
2,HER2-mutant NSCLC (PMDA),drkg,kg,llama3.2:1b,1,8,B,9,0.1111111111111111,0,0,0,1,"HTTPConnectionPool(host='localhost', port=11434): Max retries exceeded with url: /api/generate (Caused by NewConnectionE",,,,,,
2,Pediatric atopic dermatitis,drkg,kg,llama3.2:1b,0,8,A,1,1.0,1,1,1,1,"HTTPConnectionPool(host='localhost', port=11434): Max retries exceeded with url: /api/generate (Caused by NewConnectionE",,,,,,
2,Pediatric atopic dermatitis,drkg,kg,llama3.2:1b,1,8,B,9,0.1111111111111111,0,0,0,1,"HTTPConnectionPool(host='localhost', port=11434): Max retries exceeded with url: /api/generate (Caused by NewConnectionE",,,,,,
2,HER2-mutant NSCLC (EMA),drkg,kg,llama3.2:1b,0,8,D,9,0.1111111111111111,0,0,0,1,"HTTPConnectionPool(host='localhost', port=11434): Max retries exceeded with url: /api/generate (Caused by NewConnectionE",,,,,,
2,HER2-mutant NSCLC (EMA),drkg,kg,llama3.2:1b,1,8,E,9,0.1111111111111111,0,0,0,1,"HTTPConnectionPool(host='localhost', port=11434): Max retries exceeded with url: /api/generate (Caused by NewConnectionE",,,,,,
2,IV formulation for rheumatic diseases (EMA),drkg,kg,llama3.2:1b,0,8,E,9,0.1111111111111111,0,0,0,1,"HTTPConnectionPool(host='localhost', port=11434): Max retries exceeded with url: /api/generate (Caused by NewConnectionE",,,,,,
2,IV formulation for rheumatic diseases (EMA),drkg,kg,llama3.2:1b,1,8,H,9,0.1111111111111111,0,0,0,1,"HTTPConnectionPool(host='localhost', port=11434): Max retries exceeded with url: /api/generate (Caused by NewConnectionE",,,,,,
2,Resectable gastric/GEJ adenocarcinoma (neoadj+adj +FLOT),drkg,kg,llama3.2:1b,0,8,D,9,0.1111111111111111,0,0,0,1,"HTTPConnectionPool(host='localhost', port=11434): Max retries exceeded with url: /api/generate (Caused by NewConnectionE",,,,,,
2,Resectable gastric/GEJ adenocarcinoma (neoadj+adj +FLOT),drkg,kg,llama3.2:1b,1,8,H,9,0.1111111111111111,0,0,0,1,"HTTPConnectionPool(host='localhost', port=11434): Max retries exceeded with url: /api/generate (Caused by NewConnectionE",,,,,,
2,Antibody-mediated rejection in organ transplantation,drkg,kg,llama3.2:1b,0,8,C,9,0.1111111111111111,0,0,0,1,"HTTPConnectionPool(host='localhost', port=11434): Max retries exceeded with url: /api/generate (Caused by NewConnectionE",,,,,,
2,Antibody-mediated rejection in organ transplantation,drkg,kg,llama3.2:1b,1,8,E,9,0.1111111111111111,0,0,0,1,"HTTPConnectionPool(host='localhost', port=11434): Max retries exceeded with url: /api/generate (Caused by NewConnectionE",,,,,,
2,RET-fusion NSCLC (expanded),drkg,kg,llama3.2:1b,0,8,C,9,0.1111111111111111,0,0,0,1,"HTTPConnectionPool(host='localhost', port=11434): Max retries exceeded with url: /api/generate (Caused by NewConnectionE",,,,,,
2,RET-fusion NSCLC (expanded),drkg,kg,llama3.2:1b,1,8,H,9,0.1111111111111111,0,0,0,1,"HTTPConnectionPool(host='localhost', port=11434): Max retries exceeded with url: /api/generate (Caused by NewConnectionE",,,,,,
2,EGPA,drkg,kg,llama3.2:1b,0,8,H,9,0.1111111111111111,0,0,0,1,"HTTPConnectionPool(host='localhost', port=11434): Max retries exceeded with url: /api/generate (Caused by NewConnectionE",,,,,,
2,EGPA,drkg,kg,llama3.2:1b,1,8,D,9,0.1111111111111111,0,0,0,1,"HTTPConnectionPool(host='localhost', port=11434): Max retries exceeded with url: /api/generate (Caused by NewConnectionE",,,,,,
2,HR+/HER2- metastatic breast cancer,drkg,kg,llama3.2:1b,0,8,G,9,0.1111111111111111,0,0,0,1,"HTTPConnectionPool(host='localhost', port=11434): Max retries exceeded with url: /api/generate (Caused by NewConnectionE",,,,,,
2,HR+/HER2- metastatic breast cancer,drkg,kg,llama3.2:1b,1,8,E,9,0.1111111111111111,0,0,0,1,"HTTPConnectionPool(host='localhost', port=11434): Max retries exceeded with url: /api/generate (Caused by NewConnectionE",,,,,,
2,Primary humoral immunodeficiency pediatric 2-11yr,drkg,kg,llama3.2:1b,0,8,H,9,0.1111111111111111,0,0,0,1,"HTTPConnectionPool(host='localhost', port=11434): Max retries exceeded with url: /api/generate (Caused by NewConnectionE",,,,,,
2,Primary humoral immunodeficiency pediatric 2-11yr,drkg,kg,llama3.2:1b,1,8,E,9,0.1111111111111111,0,0,0,1,"HTTPConnectionPool(host='localhost', port=11434): Max retries exceeded with url: /api/generate (Caused by NewConnectionE",,,,,,
2,Pediatric glioma (EMA),drkg,kg,llama3.2:1b,0,8,D,9,0.1111111111111111,0,0,0,1,"HTTPConnectionPool(host='localhost', port=11434): Max retries exceeded with url: /api/generate (Caused by NewConnectionE",,,,,,
2,Pediatric glioma (EMA),drkg,kg,llama3.2:1b,1,8,D,9,0.1111111111111111,0,0,0,1,"HTTPConnectionPool(host='localhost', port=11434): Max retries exceeded with url: /api/generate (Caused by NewConnectionE",,,,,,
2,Juvenile idiopathic arthritis (EMA Feb 2026),drkg,kg,llama3.2:1b,0,8,B,9,0.1111111111111111,0,0,0,1,"HTTPConnectionPool(host='localhost', port=11434): Max retries exceeded with url: /api/generate (Caused by NewConnectionE",,,,,,
2,Juvenile idiopathic arthritis (EMA Feb 2026),drkg,kg,llama3.2:1b,1,8,B,9,0.1111111111111111,0,0,0,1,"HTTPConnectionPool(host='localhost', port=11434): Max retries exceeded with url: /api/generate (Caused by NewConnectionE",,,,,,
2,Ph+ CML-CP after 2+ TKIs,drkg,kg,llama3.2:1b,0,8,D,9,0.1111111111111111,0,0,0,1,"HTTPConnectionPool(host='localhost', port=11434): Max retries exceeded with url: /api/generate (Caused by NewConnectionE",,,,,,
2,Ph+ CML-CP after 2+ TKIs,drkg,kg,llama3.2:1b,1,8,A,1,1.0,1,1,1,1,"HTTPConnectionPool(host='localhost', port=11434): Max retries exceeded with url: /api/generate (Caused by NewConnectionE",,,,,,
2,KRAS G12C+ mCRC,drkg,kg,llama3.2:1b,0,8,D,9,0.1111111111111111,0,0,0,1,"HTTPConnectionPool(host='localhost', port=11434): Max retries exceeded with url: /api/generate (Caused by NewConnectionE",,,,,,
2,KRAS G12C+ mCRC,drkg,kg,llama3.2:1b,1,8,G,9,0.1111111111111111,0,0,0,1,"HTTPConnectionPool(host='localhost', port=11434): Max retries exceeded with url: /api/generate (Caused by NewConnectionE",,,,,,
2,HR+/HER2- early breast cancer (adjuvant),drkg,kg,llama3.2:1b,0,8,B,9,0.1111111111111111,0,0,0,1,"HTTPConnectionPool(host='localhost', port=11434): Max retries exceeded with url: /api/generate (Caused by NewConnectionE",,,,,,
2,HR+/HER2- early breast cancer (adjuvant),drkg,kg,llama3.2:1b,1,8,B,9,0.1111111111111111,0,0,0,1,"HTTPConnectionPool(host='localhost', port=11434): Max retries exceeded with url: /api/generate (Caused by NewConnectionE",,,,,,
2,First-line anemia in lower-risk MDS,drkg,kg,llama3.2:1b,0,8,D,9,0.1111111111111111,0,0,0,1,"HTTPConnectionPool(host='localhost', port=11434): Max retries exceeded with url: /api/generate (Caused by NewConnectionE",,,,,,
2,First-line anemia in lower-risk MDS,drkg,kg,llama3.2:1b,1,8,A,1,1.0,1,1,1,1,"HTTPConnectionPool(host='localhost', port=11434): Max retries exceeded with url: /api/generate (Caused by NewConnectionE",,,,,,
2,Follicular lymphoma (+obinutuzumab),drkg,kg,llama3.2:1b,0,8,G,9,0.1111111111111111,0,0,0,1,"HTTPConnectionPool(host='localhost', port=11434): Max retries exceeded with url: /api/generate (Caused by NewConnectionE",,,,,,
2,Follicular lymphoma (+obinutuzumab),drkg,kg,llama3.2:1b,1,8,H,9,0.1111111111111111,0,0,0,1,"HTTPConnectionPool(host='localhost', port=11434): Max retries exceeded with url: /api/generate (Caused by NewConnectionE",,,,,,
2,1L biliary tract cancer (+gemcitabine+cisplatin),drkg,kg,llama3.2:1b,0,8,D,9,0.1111111111111111,0,0,0,1,"HTTPConnectionPool(host='localhost', port=11434): Max retries exceeded with url: /api/generate (Caused by NewConnectionE",,,,,,
2,1L biliary tract cancer (+gemcitabine+cisplatin),drkg,kg,llama3.2:1b,1,8,H,9,0.1111111111111111,0,0,0,1,"HTTPConnectionPool(host='localhost', port=11434): Max retries exceeded with url: /api/generate (Caused by NewConnectionE",,,,,,
2,"ALK+ solid tumors (tissue-agnostic, world-first)",drkg,kg,llama3.2:1b,0,8,A,1,1.0,1,1,1,1,"HTTPConnectionPool(host='localhost', port=11434): Max retries exceeded with url: /api/generate (Caused by NewConnectionE",,,,,,
2,"ALK+ solid tumors (tissue-agnostic, world-first)",drkg,kg,llama3.2:1b,1,8,G,9,0.1111111111111111,0,0,0,1,"HTTPConnectionPool(host='localhost', port=11434): Max retries exceeded with url: /api/generate (Caused by NewConnectionE",,,,,,
2,Pediatric BRAF V600E low-grade glioma,drkg,kg,llama3.2:1b,0,8,H,9,0.1111111111111111,0,0,0,1,"HTTPConnectionPool(host='localhost', port=11434): Max retries exceeded with url: /api/generate (Caused by NewConnectionE",,,,,,
2,Pediatric BRAF V600E low-grade glioma,drkg,kg,llama3.2:1b,1,8,H,9,0.1111111111111111,0,0,0,1,"HTTPConnectionPool(host='localhost', port=11434): Max retries exceeded with url: /api/generate (Caused by NewConnectionE",,,,,,
2,Platinum-resistant ovarian carcinoma (PD-L1+ CPS≥1),drkg,kg,llama3.2:1b,0,8,H,9,0.1111111111111111,0,0,0,1,"HTTPConnectionPool(host='localhost', port=11434): Max retries exceeded with url: /api/generate (Caused by NewConnectionE",,,,,,
2,Platinum-resistant ovarian carcinoma (PD-L1+ CPS≥1),drkg,kg,llama3.2:1b,1,8,G,9,0.1111111111111111,0,0,0,1,"HTTPConnectionPool(host='localhost', port=11434): Max retries exceeded with url: /api/generate (Caused by NewConnectionE",,,,,,
2,Ph+ CML-CP frontline (EMA Feb 2026),drkg,kg,llama3.2:1b,0,8,B,9,0.1111111111111111,0,0,0,1,"HTTPConnectionPool(host='localhost', port=11434): Max retries exceeded with url: /api/generate (Caused by NewConnectionE",,,,,,
2,Ph+ CML-CP frontline (EMA Feb 2026),drkg,kg,llama3.2:1b,1,8,C,9,0.1111111111111111,0,0,0,1,"HTTPConnectionPool(host='localhost', port=11434): Max retries exceeded with url: /api/generate (Caused by NewConnectionE",,,,,,
2,Gastric/GEJ adenocarcinoma,drkg,kg,llama3.2:1b,0,8,H,9,0.1111111111111111,0,0,0,1,"HTTPConnectionPool(host='localhost', port=11434): Max retries exceeded with url: /api/generate (Caused by NewConnectionE",,,,,,
2,Gastric/GEJ adenocarcinoma,drkg,kg,llama3.2:1b,1,8,D,9,0.1111111111111111,0,0,0,1,"HTTPConnectionPool(host='localhost', port=11434): Max retries exceeded with url: /api/generate (Caused by NewConnectionE",,,,,,
2,Chronic lymphocytic leukemia,drkg,kg,llama3.2:1b,0,8,C,9,0.1111111111111111,0,0,0,1,"HTTPConnectionPool(host='localhost', port=11434): Max retries exceeded with url: /api/generate (Caused by NewConnectionE",,,,,,
2,Chronic lymphocytic leukemia,drkg,kg,llama3.2:1b,1,8,B,9,0.1111111111111111,0,0,0,1,"HTTPConnectionPool(host='localhost', port=11434): Max retries exceeded with url: /api/generate (Caused by NewConnectionE",,,,,,
2,HER2+ early-stage BC (neoadjuvant + adjuvant),drkg,kg,llama3.2:1b,0,8,D,9,0.1111111111111111,0,0,0,1,"HTTPConnectionPool(host='localhost', port=11434): Max retries exceeded with url: /api/generate (Caused by NewConnectionE",,,,,,
2,HER2+ early-stage BC (neoadjuvant + adjuvant),drkg,kg,llama3.2:1b,1,8,F,9,0.1111111111111111,0,0,0,1,"HTTPConnectionPool(host='localhost', port=11434): Max retries exceeded with url: /api/generate (Caused by NewConnectionE",,,,,,
2,HR+/HER2-low breast cancer,drkg,kg,llama3.2:1b,0,8,B,9,0.1111111111111111,0,0,0,1,"HTTPConnectionPool(host='localhost', port=11434): Max retries exceeded with url: /api/generate (Caused by NewConnectionE",,,,,,
2,HR+/HER2-low breast cancer,drkg,kg,llama3.2:1b,1,8,G,9,0.1111111111111111,0,0,0,1,"HTTPConnectionPool(host='localhost', port=11434): Max retries exceeded with url: /api/generate (Caused by NewConnectionE",,,,,,
2,"Pediatric low-grade glioma (+dabrafenib, BRAF V600E)",drkg,kg,llama3.2:1b,0,8,C,9,0.1111111111111111,0,0,0,1,"HTTPConnectionPool(host='localhost', port=11434): Max retries exceeded with url: /api/generate (Caused by NewConnectionE",,,,,,
2,"Pediatric low-grade glioma (+dabrafenib, BRAF V600E)",drkg,kg,llama3.2:1b,1,8,B,9,0.1111111111111111,0,0,0,1,"HTTPConnectionPool(host='localhost', port=11434): Max retries exceeded with url: /api/generate (Caused by NewConnectionE",,,,,,
2,Unresectable thymic carcinoma (PMDA),drkg,kg,llama3.2:1b,0,8,A,1,1.0,1,1,1,1,"HTTPConnectionPool(host='localhost', port=11434): Max retries exceeded with url: /api/generate (Caused by NewConnectionE",,,,,,
2,Unresectable thymic carcinoma (PMDA),drkg,kg,llama3.2:1b,1,8,E,9,0.1111111111111111,0,0,0,1,"HTTPConnectionPool(host='localhost', port=11434): Max retries exceeded with url: /api/generate (Caused by NewConnectionE",,,,,,
2,BRAF+ thyroid cancer,drkg,kg,llama3.2:1b,0,8,H,9,0.1111111111111111,0,0,0,1,"HTTPConnectionPool(host='localhost', port=11434): Max retries exceeded with url: /api/generate (Caused by NewConnectionE",,,,,,
2,BRAF+ thyroid cancer,drkg,kg,llama3.2:1b,1,8,B,9,0.1111111111111111,0,0,0,1,"HTTPConnectionPool(host='localhost', port=11434): Max retries exceeded with url: /api/generate (Caused by NewConnectionE",,,,,,
2,IDH1-mutated relapsed/refractory MDS,drkg,kg,llama3.2:1b,0,8,C,9,0.1111111111111111,0,0,0,1,"HTTPConnectionPool(host='localhost', port=11434): Max retries exceeded with url: /api/generate (Caused by NewConnectionE",,,,,,
2,IDH1-mutated relapsed/refractory MDS,drkg,kg,llama3.2:1b,1,8,F,9,0.1111111111111111,0,0,0,1,"HTTPConnectionPool(host='localhost', port=11434): Max retries exceeded with url: /api/generate (Caused by NewConnectionE",,,,,,
2,Biliary tract cancer,drkg,kg,llama3.2:1b,0,8,E,9,0.1111111111111111,0,0,0,1,"HTTPConnectionPool(host='localhost', port=11434): Max retries exceeded with url: /api/generate (Caused by NewConnectionE",,,,,,
2,Biliary tract cancer,drkg,kg,llama3.2:1b,1,8,G,9,0.1111111111111111,0,0,0,1,"HTTPConnectionPool(host='localhost', port=11434): Max retries exceeded with url: /api/generate (Caused by NewConnectionE",,,,,,
2,"mCRC BRAF V600E (traditional approval, was accelerated)",drkg,kg,llama3.2:1b,0,8,B,9,0.1111111111111111,0,0,0,1,"HTTPConnectionPool(host='localhost', port=11434): Max retries exceeded with url: /api/generate (Caused by NewConnectionE",,,,,,
2,"mCRC BRAF V600E (traditional approval, was accelerated)",drkg,kg,llama3.2:1b,1,8,C,9,0.1111111111111111,0,0,0,1,"HTTPConnectionPool(host='localhost', port=11434): Max retries exceeded with url: /api/generate (Caused by NewConnectionE",,,,,,
2,Gastric/GEJ adenocarcinoma (1L +chemo),drkg,kg,llama3.2:1b,0,8,F,9,0.1111111111111111,0,0,0,1,"HTTPConnectionPool(host='localhost', port=11434): Max retries exceeded with url: /api/generate (Caused by NewConnectionE",,,,,,
2,Gastric/GEJ adenocarcinoma (1L +chemo),drkg,kg,llama3.2:1b,1,8,D,9,0.1111111111111111,0,0,0,1,"HTTPConnectionPool(host='localhost', port=11434): Max retries exceeded with url: /api/generate (Caused by NewConnectionE",,,,,,
2,Chorea associated with Huntington's disease,biokg,kg,llama3.2:1b,0,8,F,9,0.1111111111111111,0,0,0,1,"HTTPConnectionPool(host='localhost', port=11434): Max retries exceeded with url: /api/generate (Caused by NewConnectionE",,,,,,
2,Chorea associated with Huntington's disease,biokg,kg,llama3.2:1b,1,8,C,9,0.1111111111111111,0,0,0,1,"HTTPConnectionPool(host='localhost', port=11434): Max retries exceeded with url: /api/generate (Caused by NewConnectionE",,,,,,
2,Chronic thromboembolic pulmonary hypertension,biokg,kg,llama3.2:1b,0,8,H,9,0.1111111111111111,0,0,0,1,"HTTPConnectionPool(host='localhost', port=11434): Max retries exceeded with url: /api/generate (Caused by NewConnectionE",,,,,,
2,Chronic thromboembolic pulmonary hypertension,biokg,kg,llama3.2:1b,1,8,F,9,0.1111111111111111,0,0,0,1,"HTTPConnectionPool(host='localhost', port=11434): Max retries exceeded with url: /api/generate (Caused by NewConnectionE",,,,,,
2,Indolent systemic mastocytosis,biokg,kg,llama3.2:1b,0,8,E,9,0.1111111111111111,0,0,0,1,"HTTPConnectionPool(host='localhost', port=11434): Max retries exceeded with url: /api/generate (Caused by NewConnectionE",,,,,,
2,Indolent systemic mastocytosis,biokg,kg,llama3.2:1b,1,8,E,9,0.1111111111111111,0,0,0,1,"HTTPConnectionPool(host='localhost', port=11434): Max retries exceeded with url: /api/generate (Caused by NewConnectionE",,,,,,
2,EGPA (expanded),biokg,kg,llama3.2:1b,0,8,E,9,0.1111111111111111,0,0,0,1,"HTTPConnectionPool(host='localhost', port=11434): Max retries exceeded with url: /api/generate (Caused by NewConnectionE",,,,,,
2,EGPA (expanded),biokg,kg,llama3.2:1b,1,8,A,1,1.0,1,1,1,1,"HTTPConnectionPool(host='localhost', port=11434): Max retries exceeded with url: /api/generate (Caused by NewConnectionE",,,,,,
2,Invasive fungal infections pediatric ≥2yr,biokg,kg,llama3.2:1b,0,8,D,9,0.1111111111111111,0,0,0,1,"HTTPConnectionPool(host='localhost', port=11434): Max retries exceeded with url: /api/generate (Caused by NewConnectionE",,,,,,
2,Invasive fungal infections pediatric ≥2yr,biokg,kg,llama3.2:1b,1,8,A,1,1.0,1,1,1,1,"HTTPConnectionPool(host='localhost', port=11434): Max retries exceeded with url: /api/generate (Caused by NewConnectionE",,,,,,
2,PKU expanded to ≥12yr,biokg,kg,llama3.2:1b,0,8,C,9,0.1111111111111111,0,0,0,1,"HTTPConnectionPool(host='localhost', port=11434): Max retries exceeded with url: /api/generate (Caused by NewConnectionE",,,,,,
2,PKU expanded to ≥12yr,biokg,kg,llama3.2:1b,1,8,C,9,0.1111111111111111,0,0,0,1,"HTTPConnectionPool(host='localhost', port=11434): Max retries exceeded with url: /api/generate (Caused by NewConnectionE",,,,,,
2,Nephrotic syndrome,biokg,kg,llama3.2:1b,0,8,C,9,0.1111111111111111,0,0,0,1,"HTTPConnectionPool(host='localhost', port=11434): Max retries exceeded with url: /api/generate (Caused by NewConnectionE",,,,,,
2,Nephrotic syndrome,biokg,kg,llama3.2:1b,1,8,E,9,0.1111111111111111,0,0,0,1,"HTTPConnectionPool(host='localhost', port=11434): Max retries exceeded with url: /api/generate (Caused by NewConnectionE",,,,,,
2,HR+/HER2- node-positive high-risk early breast cancer,biokg,kg,llama3.2:1b,0,8,D,9,0.1111111111111111,0,0,0,1,"HTTPConnectionPool(host='localhost', port=11434): Max retries exceeded with url: /api/generate (Caused by NewConnectionE",,,,,,
2,HR+/HER2- node-positive high-risk early breast cancer,biokg,kg,llama3.2:1b,1,8,E,9,0.1111111111111111,0,0,0,1,"HTTPConnectionPool(host='localhost', port=11434): Max retries exceeded with url: /api/generate (Caused by NewConnectionE",,,,,,
2,Retinopathy of prematurity,biokg,kg,llama3.2:1b,0,8,D,9,0.1111111111111111,0,0,0,1,"HTTPConnectionPool(host='localhost', port=11434): Max retries exceeded with url: /api/generate (Caused by NewConnectionE",,,,,,
2,Retinopathy of prematurity,biokg,kg,llama3.2:1b,1,8,E,9,0.1111111111111111,0,0,0,1,"HTTPConnectionPool(host='localhost', port=11434): Max retries exceeded with url: /api/generate (Caused by NewConnectionE",,,,,,
2,Agitation associated with Alzheimer's dementia,biokg,kg,llama3.2:1b,0,8,F,9,0.1111111111111111,0,0,0,1,"HTTPConnectionPool(host='localhost', port=11434): Max retries exceeded with url: /api/generate (Caused by NewConnectionE",,,,,,
2,Agitation associated with Alzheimer's dementia,biokg,kg,llama3.2:1b,1,8,F,9,0.1111111111111111,0,0,0,1,"HTTPConnectionPool(host='localhost', port=11434): Max retries exceeded with url: /api/generate (Caused by NewConnectionE",,,,,,
2,LDL-C elevation in statin-intolerant dyslipidemia,biokg,kg,llama3.2:1b,0,8,B,9,0.1111111111111111,0,0,0,1,"HTTPConnectionPool(host='localhost', port=11434): Max retries exceeded with url: /api/generate (Caused by NewConnectionE",,,,,,
2,LDL-C elevation in statin-intolerant dyslipidemia,biokg,kg,llama3.2:1b,1,8,D,9,0.1111111111111111,0,0,0,1,"HTTPConnectionPool(host='localhost', port=11434): Max retries exceeded with url: /api/generate (Caused by NewConnectionE",,,,,,
2,First-line anemia in lower-risk MDS,biokg,kg,llama3.2:1b,0,8,H,9,0.1111111111111111,0,0,0,1,"HTTPConnectionPool(host='localhost', port=11434): Max retries exceeded with url: /api/generate (Caused by NewConnectionE",,,,,,
2,First-line anemia in lower-risk MDS,biokg,kg,llama3.2:1b,1,8,B,9,0.1111111111111111,0,0,0,1,"HTTPConnectionPool(host='localhost', port=11434): Max retries exceeded with url: /api/generate (Caused by NewConnectionE",,,,,,
2,"Crohn's disease (moderate-severe, refractory)",biokg,kg,llama3.2:1b,0,8,H,9,0.1111111111111111,0,0,0,1,"HTTPConnectionPool(host='localhost', port=11434): Max retries exceeded with url: /api/generate (Caused by NewConnectionE",,,,,,
2,"Crohn's disease (moderate-severe, refractory)",biokg,kg,llama3.2:1b,1,8,B,9,0.1111111111111111,0,0,0,1,"HTTPConnectionPool(host='localhost', port=11434): Max retries exceeded with url: /api/generate (Caused by NewConnectionE",,,,,,
2,COVID-19 in severe renal impairment/dialysis,biokg,kg,llama3.2:1b,0,8,H,9,0.1111111111111111,0,0,0,1,"HTTPConnectionPool(host='localhost', port=11434): Max retries exceeded with url: /api/generate (Caused by NewConnectionE",,,,,,
2,COVID-19 in severe renal impairment/dialysis,biokg,kg,llama3.2:1b,1,8,C,9,0.1111111111111111,0,0,0,1,"HTTPConnectionPool(host='localhost', port=11434): Max retries exceeded with url: /api/generate (Caused by NewConnectionE",,,,,,
2,MASH with fibrosis,biokg,kg,llama3.2:1b,0,8,G,9,0.1111111111111111,0,0,0,1,"HTTPConnectionPool(host='localhost', port=11434): Max retries exceeded with url: /api/generate (Caused by NewConnectionE",,,,,,
2,MASH with fibrosis,biokg,kg,llama3.2:1b,1,8,C,9,0.1111111111111111,0,0,0,1,"HTTPConnectionPool(host='localhost', port=11434): Max retries exceeded with url: /api/generate (Caused by NewConnectionE",,,,,,
2,Pancreatic NET,biokg,kg,llama3.2:1b,0,8,H,9,0.1111111111111111,0,0,0,1,"HTTPConnectionPool(host='localhost', port=11434): Max retries exceeded with url: /api/generate (Caused by NewConnectionE",,,,,,
2,Pancreatic NET,biokg,kg,llama3.2:1b,1,8,E,9,0.1111111111111111,0,0,0,1,"HTTPConnectionPool(host='localhost', port=11434): Max retries exceeded with url: /api/generate (Caused by NewConnectionE",,,,,,
2,Retinal vein occlusion,biokg,kg,llama3.2:1b,0,8,G,9,0.1111111111111111,0,0,0,1,"HTTPConnectionPool(host='localhost', port=11434): Max retries exceeded with url: /api/generate (Caused by NewConnectionE",,,,,,
2,Retinal vein occlusion,biokg,kg,llama3.2:1b,1,8,B,9,0.1111111111111111,0,0,0,1,"HTTPConnectionPool(host='localhost', port=11434): Max retries exceeded with url: /api/generate (Caused by NewConnectionE",,,,,,
2,Cerebral folate transport deficiency,biokg,kg,llama3.2:1b,0,8,E,9,0.1111111111111111,0,0,0,1,"HTTPConnectionPool(host='localhost', port=11434): Max retries exceeded with url: /api/generate (Caused by NewConnectionE",,,,,,
2,Cerebral folate transport deficiency,biokg,kg,llama3.2:1b,1,8,C,9,0.1111111111111111,0,0,0,1,"HTTPConnectionPool(host='localhost', port=11434): Max retries exceeded with url: /api/generate (Caused by NewConnectionE",,,,,,
2,ILD-associated pulmonary hypertension,biokg,kg,llama3.2:1b,0,8,B,9,0.1111111111111111,0,0,0,1,"HTTPConnectionPool(host='localhost', port=11434): Max retries exceeded with url: /api/generate (Caused by NewConnectionE",,,,,,
2,ILD-associated pulmonary hypertension,biokg,kg,llama3.2:1b,1,8,E,9,0.1111111111111111,0,0,0,1,"HTTPConnectionPool(host='localhost', port=11434): Max retries exceeded with url: /api/generate (Caused by NewConnectionE",,,,,,
2,Indolent systemic mastocytosis (EMA),biokg,kg,llama3.2:1b,0,8,G,9,0.1111111111111111,0,0,0,1,"HTTPConnectionPool(host='localhost', port=11434): Max retries exceeded with url: /api/generate (Caused by NewConnectionE",,,,,,
2,Indolent systemic mastocytosis (EMA),biokg,kg,llama3.2:1b,1,8,C,9,0.1111111111111111,0,0,0,1,"HTTPConnectionPool(host='localhost', port=11434): Max retries exceeded with url: /api/generate (Caused by NewConnectionE",,,,,,
2,CRSwNP (eosinophilic chronic rhinosinusitis with nasal polyps),biokg,kg,llama3.2:1b,0,8,D,9,0.1111111111111111,0,0,0,1,"HTTPConnectionPool(host='localhost', port=11434): Max retries exceeded with url: /api/generate (Caused by NewConnectionE",,,,,,
2,CRSwNP (eosinophilic chronic rhinosinusitis with nasal polyps),biokg,kg,llama3.2:1b,1,8,G,9,0.1111111111111111,0,0,0,1,"HTTPConnectionPool(host='localhost', port=11434): Max retries exceeded with url: /api/generate (Caused by NewConnectionE",,,,,,
2,Chronic hepatitis B (pediatric),biokg,kg,llama3.2:1b,0,8,A,1,1.0,1,1,1,1,"HTTPConnectionPool(host='localhost', port=11434): Max retries exceeded with url: /api/generate (Caused by NewConnectionE",,,,,,
2,Chronic hepatitis B (pediatric),biokg,kg,llama3.2:1b,1,8,H,9,0.1111111111111111,0,0,0,1,"HTTPConnectionPool(host='localhost', port=11434): Max retries exceeded with url: /api/generate (Caused by NewConnectionE",,,,,,
2,HoFH in children,biokg,kg,llama3.2:1b,0,8,A,1,1.0,1,1,1,1,"HTTPConnectionPool(host='localhost', port=11434): Max retries exceeded with url: /api/generate (Caused by NewConnectionE",,,,,,
2,HoFH in children,biokg,kg,llama3.2:1b,1,8,E,9,0.1111111111111111,0,0,0,1,"HTTPConnectionPool(host='localhost', port=11434): Max retries exceeded with url: /api/generate (Caused by NewConnectionE",,,,,,
2,Biliary tract cancer 1L,biokg,kg,llama3.2:1b,0,8,E,9,0.1111111111111111,0,0,0,1,"HTTPConnectionPool(host='localhost', port=11434): Max retries exceeded with url: /api/generate (Caused by NewConnectionE",,,,,,
2,Biliary tract cancer 1L,biokg,kg,llama3.2:1b,1,8,F,9,0.1111111111111111,0,0,0,1,"HTTPConnectionPool(host='localhost', port=11434): Max retries exceeded with url: /api/generate (Caused by NewConnectionE",,,,,,
2,Diabetic retinopathy/DME (EMA Mar+May 2026),biokg,kg,llama3.2:1b,0,8,D,9,0.1111111111111111,0,0,0,1,"HTTPConnectionPool(host='localhost', port=11434): Max retries exceeded with url: /api/generate (Caused by NewConnectionE",,,,,,
2,Diabetic retinopathy/DME (EMA Mar+May 2026),biokg,kg,llama3.2:1b,1,8,G,9,0.1111111111111111,0,0,0,1,"HTTPConnectionPool(host='localhost', port=11434): Max retries exceeded with url: /api/generate (Caused by NewConnectionE",,,,,,
2,Spinal muscular atrophy (pediatric expansion),biokg,kg,llama3.2:1b,0,8,A,1,1.0,1,1,1,1,"HTTPConnectionPool(host='localhost', port=11434): Max retries exceeded with url: /api/generate (Caused by NewConnectionE",,,,,,
2,Spinal muscular atrophy (pediatric expansion),biokg,kg,llama3.2:1b,1,8,E,9,0.1111111111111111,0,0,0,1,"HTTPConnectionPool(host='localhost', port=11434): Max retries exceeded with url: /api/generate (Caused by NewConnectionE",,,,,,
2,High LDL-C with increased CV risk (expanded),biokg,kg,llama3.2:1b,0,8,H,9,0.1111111111111111,0,0,0,1,"HTTPConnectionPool(host='localhost', port=11434): Max retries exceeded with url: /api/generate (Caused by NewConnectionE",,,,,,
2,High LDL-C with increased CV risk (expanded),biokg,kg,llama3.2:1b,1,8,D,9,0.1111111111111111,0,0,0,1,"HTTPConnectionPool(host='localhost', port=11434): Max retries exceeded with url: /api/generate (Caused by NewConnectionE",,,,,,
2,Polycythaemia vera and essential thrombocytopenia,biokg,kg,llama3.2:1b,0,8,A,1,1.0,1,1,1,1,"HTTPConnectionPool(host='localhost', port=11434): Max retries exceeded with url: /api/generate (Caused by NewConnectionE",,,,,,
2,Polycythaemia vera and essential thrombocytopenia,biokg,kg,llama3.2:1b,1,8,C,9,0.1111111111111111,0,0,0,1,"HTTPConnectionPool(host='localhost', port=11434): Max retries exceeded with url: /api/generate (Caused by NewConnectionE",,,,,,
2,Hidradenitis suppurativa,biokg,kg,llama3.2:1b,0,8,G,9,0.1111111111111111,0,0,0,1,"HTTPConnectionPool(host='localhost', port=11434): Max retries exceeded with url: /api/generate (Caused by NewConnectionE",,,,,,
2,Hidradenitis suppurativa,biokg,kg,llama3.2:1b,1,8,F,9,0.1111111111111111,0,0,0,1,"HTTPConnectionPool(host='localhost', port=11434): Max retries exceeded with url: /api/generate (Caused by NewConnectionE",,,,,,
2,Acute HCV pediatric,biokg,kg,llama3.2:1b,0,8,G,9,0.1111111111111111,0,0,0,1,"HTTPConnectionPool(host='localhost', port=11434): Max retries exceeded with url: /api/generate (Caused by NewConnectionE",,,,,,
2,Acute HCV pediatric,biokg,kg,llama3.2:1b,1,8,B,9,0.1111111111111111,0,0,0,1,"HTTPConnectionPool(host='localhost', port=11434): Max retries exceeded with url: /api/generate (Caused by NewConnectionE",,,,,,
2,CKD in T2D,biokg,kg,llama3.2:1b,0,8,B,9,0.1111111111111111,0,0,0,1,"HTTPConnectionPool(host='localhost', port=11434): Max retries exceeded with url: /api/generate (Caused by NewConnectionE",,,,,,
2,CKD in T2D,biokg,kg,llama3.2:1b,1,8,A,1,1.0,1,1,1,1,"HTTPConnectionPool(host='localhost', port=11434): Max retries exceeded with url: /api/generate (Caused by NewConnectionE",,,,,,
2,BRAF V600E metastatic NSCLC,biokg,kg,llama3.2:1b,0,8,E,9,0.1111111111111111,0,0,0,1,"HTTPConnectionPool(host='localhost', port=11434): Max retries exceeded with url: /api/generate (Caused by NewConnectionE",,,,,,
2,BRAF V600E metastatic NSCLC,biokg,kg,llama3.2:1b,1,8,C,9,0.1111111111111111,0,0,0,1,"HTTPConnectionPool(host='localhost', port=11434): Max retries exceeded with url: /api/generate (Caused by NewConnectionE",,,,,,
2,Retinal vein occlusion,biokg,kg,llama3.2:1b,0,8,C,9,0.1111111111111111,0,0,0,1,"HTTPConnectionPool(host='localhost', port=11434): Max retries exceeded with url: /api/generate (Caused by NewConnectionE",,,,,,
2,Retinal vein occlusion,biokg,kg,llama3.2:1b,1,8,B,9,0.1111111111111111,0,0,0,1,"HTTPConnectionPool(host='localhost', port=11434): Max retries exceeded with url: /api/generate (Caused by NewConnectionE",,,,,,
2,Agitation associated with Alzheimer's dementia,biokg,kg,llama3.2:1b,0,8,G,9,0.1111111111111111,0,0,0,1,"HTTPConnectionPool(host='localhost', port=11434): Max retries exceeded with url: /api/generate (Caused by NewConnectionE",,,,,,
2,Agitation associated with Alzheimer's dementia,biokg,kg,llama3.2:1b,1,8,A,1,1.0,1,1,1,1,"HTTPConnectionPool(host='localhost', port=11434): Max retries exceeded with url: /api/generate (Caused by NewConnectionE",,,,,,
2,Heterozygous familial hypercholesterolemia,biokg,kg,llama3.2:1b,0,8,B,9,0.1111111111111111,0,0,0,1,"HTTPConnectionPool(host='localhost', port=11434): Max retries exceeded with url: /api/generate (Caused by NewConnectionE",,,,,,
2,Heterozygous familial hypercholesterolemia,biokg,kg,llama3.2:1b,1,8,A,1,1.0,1,1,1,1,"HTTPConnectionPool(host='localhost', port=11434): Max retries exceeded with url: /api/generate (Caused by NewConnectionE",,,,,,
2,Acquired hypofibrinogenemia in cardiovascular surgery,biokg,kg,llama3.2:1b,0,8,A,1,1.0,1,1,1,1,"HTTPConnectionPool(host='localhost', port=11434): Max retries exceeded with url: /api/generate (Caused by NewConnectionE",,,,,,
2,Acquired hypofibrinogenemia in cardiovascular surgery,biokg,kg,llama3.2:1b,1,8,F,9,0.1111111111111111,0,0,0,1,"HTTPConnectionPool(host='localhost', port=11434): Max retries exceeded with url: /api/generate (Caused by NewConnectionE",,,,,,
2,Crohn's disease,biokg,kg,llama3.2:1b,0,8,E,9,0.1111111111111111,0,0,0,1,"HTTPConnectionPool(host='localhost', port=11434): Max retries exceeded with url: /api/generate (Caused by NewConnectionE",,,,,,
2,Crohn's disease,biokg,kg,llama3.2:1b,1,8,G,9,0.1111111111111111,0,0,0,1,"HTTPConnectionPool(host='localhost', port=11434): Max retries exceeded with url: /api/generate (Caused by NewConnectionE",,,,,,
2,COVID-19 updated strain,biokg,kg,llama3.2:1b,0,8,D,9,0.1111111111111111,0,0,0,1,"HTTPConnectionPool(host='localhost', port=11434): Max retries exceeded with url: /api/generate (Caused by NewConnectionE",,,,,,
2,COVID-19 updated strain,biokg,kg,llama3.2:1b,1,8,G,9,0.1111111111111111,0,0,0,1,"HTTPConnectionPool(host='localhost', port=11434): Max retries exceeded with url: /api/generate (Caused by NewConnectionE",,,,,,
2,HoFH pediatric (EMA),biokg,kg,llama3.2:1b,0,8,D,9,0.1111111111111111,0,0,0,1,"HTTPConnectionPool(host='localhost', port=11434): Max retries exceeded with url: /api/generate (Caused by NewConnectionE",,,,,,
2,HoFH pediatric (EMA),biokg,kg,llama3.2:1b,1,8,H,9,0.1111111111111111,0,0,0,1,"HTTPConnectionPool(host='localhost', port=11434): Max retries exceeded with url: /api/generate (Caused by NewConnectionE",,,,,,
2,Primary mediastinal large B-cell lymphoma,biokg,kg,llama3.2:1b,0,8,B,9,0.1111111111111111,0,0,0,1,"HTTPConnectionPool(host='localhost', port=11434): Max retries exceeded with url: /api/generate (Caused by NewConnectionE",,,,,,
2,Primary mediastinal large B-cell lymphoma,biokg,kg,llama3.2:1b,1,8,F,9,0.1111111111111111,0,0,0,1,"HTTPConnectionPool(host='localhost', port=11434): Max retries exceeded with url: /api/generate (Caused by NewConnectionE",,,,,,
2,TRD monotherapy,biokg,kg,llama3.2:1b,0,8,G,9,0.1111111111111111,0,0,0,1,"HTTPConnectionPool(host='localhost', port=11434): Max retries exceeded with url: /api/generate (Caused by NewConnectionE",,,,,,
2,TRD monotherapy,biokg,kg,llama3.2:1b,1,8,G,9,0.1111111111111111,0,0,0,1,"HTTPConnectionPool(host='localhost', port=11434): Max retries exceeded with url: /api/generate (Caused by NewConnectionE",,,,,,
2,Reduce MACE in CVD + obesity/overweight,biokg,kg,llama3.2:1b,0,8,E,9,0.1111111111111111,0,0,0,1,"HTTPConnectionPool(host='localhost', port=11434): Max retries exceeded with url: /api/generate (Caused by NewConnectionE",,,,,,
2,Reduce MACE in CVD + obesity/overweight,biokg,kg,llama3.2:1b,1,8,G,9,0.1111111111111111,0,0,0,1,"HTTPConnectionPool(host='localhost', port=11434): Max retries exceeded with url: /api/generate (Caused by NewConnectionE",,,,,,
2,Allergic fungal rhinosinusitis (AFRS) ≥6yr,biokg,kg,llama3.2:1b,0,8,F,9,0.1111111111111111,0,0,0,1,"HTTPConnectionPool(host='localhost', port=11434): Max retries exceeded with url: /api/generate (Caused by NewConnectionE",,,,,,
2,Allergic fungal rhinosinusitis (AFRS) ≥6yr,biokg,kg,llama3.2:1b,1,8,D,9,0.1111111111111111,0,0,0,1,"HTTPConnectionPool(host='localhost', port=11434): Max retries exceeded with url: /api/generate (Caused by NewConnectionE",,,,,,
2,Measles prophylaxis post-exposure,biokg,kg,llama3.2:1b,0,8,C,9,0.1111111111111111,0,0,0,1,"HTTPConnectionPool(host='localhost', port=11434): Max retries exceeded with url: /api/generate (Caused by NewConnectionE",,,,,,
2,Measles prophylaxis post-exposure,biokg,kg,llama3.2:1b,1,8,G,9,0.1111111111111111,0,0,0,1,"HTTPConnectionPool(host='localhost', port=11434): Max retries exceeded with url: /api/generate (Caused by NewConnectionE",,,,,,
2,Obstructive sleep apnea with obesity,biokg,kg,llama3.2:1b,0,8,D,9,0.1111111111111111,0,0,0,1,"HTTPConnectionPool(host='localhost', port=11434): Max retries exceeded with url: /api/generate (Caused by NewConnectionE",,,,,,
2,Obstructive sleep apnea with obesity,biokg,kg,llama3.2:1b,1,8,A,1,1.0,1,1,1,1,"HTTPConnectionPool(host='localhost', port=11434): Max retries exceeded with url: /api/generate (Caused by NewConnectionE",,,,,,
2,HER2+ solid tumors (tumor-agnostic),biokg,kg,llama3.2:1b,0,8,F,9,0.1111111111111111,0,0,0,1,"HTTPConnectionPool(host='localhost', port=11434): Max retries exceeded with url: /api/generate (Caused by NewConnectionE",,,,,,
2,HER2+ solid tumors (tumor-agnostic),biokg,kg,llama3.2:1b,1,8,G,9,0.1111111111111111,0,0,0,1,"HTTPConnectionPool(host='localhost', port=11434): Max retries exceeded with url: /api/generate (Caused by NewConnectionE",,,,,,
2,Heart failure (broadened),biokg,kg,llama3.2:1b,0,8,H,9,0.1111111111111111,0,0,0,1,"HTTPConnectionPool(host='localhost', port=11434): Max retries exceeded with url: /api/generate (Caused by NewConnectionE",,,,,,
2,Heart failure (broadened),biokg,kg,llama3.2:1b,1,8,F,9,0.1111111111111111,0,0,0,1,"HTTPConnectionPool(host='localhost', port=11434): Max retries exceeded with url: /api/generate (Caused by NewConnectionE",,,,,,
2,GVHD + pediatric,biokg,kg,llama3.2:1b,0,8,A,1,1.0,1,1,1,1,"HTTPConnectionPool(host='localhost', port=11434): Max retries exceeded with url: /api/generate (Caused by NewConnectionE",,,,,,
2,GVHD + pediatric,biokg,kg,llama3.2:1b,1,8,G,9,0.1111111111111111,0,0,0,1,"HTTPConnectionPool(host='localhost', port=11434): Max retries exceeded with url: /api/generate (Caused by NewConnectionE",,,,,,
2,COVID-19 (expanded population),biokg,kg,llama3.2:1b,0,8,G,9,0.1111111111111111,0,0,0,1,"HTTPConnectionPool(host='localhost', port=11434): Max retries exceeded with url: /api/generate (Caused by NewConnectionE",,,,,,
2,COVID-19 (expanded population),biokg,kg,llama3.2:1b,1,8,F,9,0.1111111111111111,0,0,0,1,"HTTPConnectionPool(host='localhost', port=11434): Max retries exceeded with url: /api/generate (Caused by NewConnectionE",,,,,,
2,Delay T1D onset in children ≥1yr,biokg,kg,llama3.2:1b,0,8,A,1,1.0,1,1,1,1,"HTTPConnectionPool(host='localhost', port=11434): Max retries exceeded with url: /api/generate (Caused by NewConnectionE",,,,,,
2,Delay T1D onset in children ≥1yr,biokg,kg,llama3.2:1b,1,8,E,9,0.1111111111111111,0,0,0,1,"HTTPConnectionPool(host='localhost', port=11434): Max retries exceeded with url: /api/generate (Caused by NewConnectionE",,,,,,
2,BRAF+ thyroid cancer,biokg,kg,llama3.2:1b,0,8,D,9,0.1111111111111111,0,0,0,1,"HTTPConnectionPool(host='localhost', port=11434): Max retries exceeded with url: /api/generate (Caused by NewConnectionE",,,,,,
2,BRAF+ thyroid cancer,biokg,kg,llama3.2:1b,1,8,E,9,0.1111111111111111,0,0,0,1,"HTTPConnectionPool(host='localhost', port=11434): Max retries exceeded with url: /api/generate (Caused by NewConnectionE",,,,,,
2,Chronic kidney disease,biokg,kg,llama3.2:1b,0,8,A,1,1.0,1,1,1,1,"HTTPConnectionPool(host='localhost', port=11434): Max retries exceeded with url: /api/generate (Caused by NewConnectionE",,,,,,
2,Chronic kidney disease,biokg,kg,llama3.2:1b,1,8,D,9,0.1111111111111111,0,0,0,1,"HTTPConnectionPool(host='localhost', port=11434): Max retries exceeded with url: /api/generate (Caused by NewConnectionE",,,,,,
2,IgG4-related disease,biokg,kg,llama3.2:1b,0,8,D,9,0.1111111111111111,0,0,0,1,"HTTPConnectionPool(host='localhost', port=11434): Max retries exceeded with url: /api/generate (Caused by NewConnectionE",,,,,,
2,IgG4-related disease,biokg,kg,llama3.2:1b,1,8,H,9,0.1111111111111111,0,0,0,1,"HTTPConnectionPool(host='localhost', port=11434): Max retries exceeded with url: /api/generate (Caused by NewConnectionE",,,,,,
2,Oral tablet formulation for weight management,biokg,kg,llama3.2:1b,0,8,H,9,0.1111111111111111,0,0,0,1,"HTTPConnectionPool(host='localhost', port=11434): Max retries exceeded with url: /api/generate (Caused by NewConnectionE",,,,,,
2,Oral tablet formulation for weight management,biokg,kg,llama3.2:1b,1,8,G,9,0.1111111111111111,0,0,0,1,"HTTPConnectionPool(host='localhost', port=11434): Max retries exceeded with url: /api/generate (Caused by NewConnectionE",,,,,,
2,Follicular lymphoma,biokg,kg,llama3.2:1b,0,8,B,9,0.1111111111111111,0,0,0,1,"HTTPConnectionPool(host='localhost', port=11434): Max retries exceeded with url: /api/generate (Caused by NewConnectionE",,,,,,
2,Follicular lymphoma,biokg,kg,llama3.2:1b,1,8,C,9,0.1111111111111111,0,0,0,1,"HTTPConnectionPool(host='localhost', port=11434): Max retries exceeded with url: /api/generate (Caused by NewConnectionE",,,,,,
2,Palmoplantar pustulosis (PMDA),biokg,kg,llama3.2:1b,0,8,E,9,0.1111111111111111,0,0,0,1,"HTTPConnectionPool(host='localhost', port=11434): Max retries exceeded with url: /api/generate (Caused by NewConnectionE",,,,,,
2,Palmoplantar pustulosis (PMDA),biokg,kg,llama3.2:1b,1,8,H,9,0.1111111111111111,0,0,0,1,"HTTPConnectionPool(host='localhost', port=11434): Max retries exceeded with url: /api/generate (Caused by NewConnectionE",,,,,,
2,Acquired hypothalamic obesity,biokg,kg,llama3.2:1b,0,8,H,9,0.1111111111111111,0,0,0,1,"HTTPConnectionPool(host='localhost', port=11434): Max retries exceeded with url: /api/generate (Caused by NewConnectionE",,,,,,
2,Acquired hypothalamic obesity,biokg,kg,llama3.2:1b,1,8,C,9,0.1111111111111111,0,0,0,1,"HTTPConnectionPool(host='localhost', port=11434): Max retries exceeded with url: /api/generate (Caused by NewConnectionE",,,,,,
2,Pheochromocytoma/paraganglioma,biokg,kg,llama3.2:1b,0,8,D,9,0.1111111111111111,0,0,0,1,"HTTPConnectionPool(host='localhost', port=11434): Max retries exceeded with url: /api/generate (Caused by NewConnectionE",,,,,,
2,Pheochromocytoma/paraganglioma,biokg,kg,llama3.2:1b,1,8,F,9,0.1111111111111111,0,0,0,1,"HTTPConnectionPool(host='localhost', port=11434): Max retries exceeded with url: /api/generate (Caused by NewConnectionE",,,,,,
2,IgE-mediated food allergy,biokg,kg,llama3.2:1b,0,8,H,9,0.1111111111111111,0,0,0,1,"HTTPConnectionPool(host='localhost', port=11434): Max retries exceeded with url: /api/generate (Caused by NewConnectionE",,,,,,
2,IgE-mediated food allergy,biokg,kg,llama3.2:1b,1,8,A,1,1.0,1,1,1,1,"HTTPConnectionPool(host='localhost', port=11434): Max retries exceeded with url: /api/generate (Caused by NewConnectionE",,,,,,
2,Advanced RCC after PD-1/PD-L1 + VEGF-TKI,biokg,kg,llama3.2:1b,0,8,A,1,1.0,1,1,1,1,"HTTPConnectionPool(host='localhost', port=11434): Max retries exceeded with url: /api/generate (Caused by NewConnectionE",,,,,,
2,Advanced RCC after PD-1/PD-L1 + VEGF-TKI,biokg,kg,llama3.2:1b,1,8,E,9,0.1111111111111111,0,0,0,1,"HTTPConnectionPool(host='localhost', port=11434): Max retries exceeded with url: /api/generate (Caused by NewConnectionE",,,,,,
2,COPD,biokg,kg,llama3.2:1b,0,8,E,9,0.1111111111111111,0,0,0,1,"HTTPConnectionPool(host='localhost', port=11434): Max retries exceeded with url: /api/generate (Caused by NewConnectionE",,,,,,
2,COPD,biokg,kg,llama3.2:1b,1,8,F,9,0.1111111111111111,0,0,0,1,"HTTPConnectionPool(host='localhost', port=11434): Max retries exceeded with url: /api/generate (Caused by NewConnectionE",,,,,,
2,mHSPC + ADT,biokg,kg,llama3.2:1b,0,8,C,9,0.1111111111111111,0,0,0,1,"HTTPConnectionPool(host='localhost', port=11434): Max retries exceeded with url: /api/generate (Caused by NewConnectionE",,,,,,
2,mHSPC + ADT,biokg,kg,llama3.2:1b,1,8,G,9,0.1111111111111111,0,0,0,1,"HTTPConnectionPool(host='localhost', port=11434): Max retries exceeded with url: /api/generate (Caused by NewConnectionE",,,,,,
2,COPD (EMA 2025),biokg,kg,llama3.2:1b,0,8,E,9,0.1111111111111111,0,0,0,1,"HTTPConnectionPool(host='localhost', port=11434): Max retries exceeded with url: /api/generate (Caused by NewConnectionE",,,,,,
2,COPD (EMA 2025),biokg,kg,llama3.2:1b,1,8,G,9,0.1111111111111111,0,0,0,1,"HTTPConnectionPool(host='localhost', port=11434): Max retries exceeded with url: /api/generate (Caused by NewConnectionE",,,,,,
2,dMMR/MSI-H primary advanced endometrial cancer,biokg,kg,llama3.2:1b,0,8,D,9,0.1111111111111111,0,0,0,1,"HTTPConnectionPool(host='localhost', port=11434): Max retries exceeded with url: /api/generate (Caused by NewConnectionE",,,,,,
2,dMMR/MSI-H primary advanced endometrial cancer,biokg,kg,llama3.2:1b,1,8,E,9,0.1111111111111111,0,0,0,1,"HTTPConnectionPool(host='localhost', port=11434): Max retries exceeded with url: /api/generate (Caused by NewConnectionE",,,,,,
2,Generalized myasthenia gravis,biokg,kg,llama3.2:1b,0,8,E,9,0.1111111111111111,0,0,0,1,"HTTPConnectionPool(host='localhost', port=11434): Max retries exceeded with url: /api/generate (Caused by NewConnectionE",,,,,,
2,Generalized myasthenia gravis,biokg,kg,llama3.2:1b,1,8,G,9,0.1111111111111111,0,0,0,1,"HTTPConnectionPool(host='localhost', port=11434): Max retries exceeded with url: /api/generate (Caused by NewConnectionE",,,,,,
2,Urothelial carcinoma (expanded population),biokg,kg,llama3.2:1b,0,8,D,9,0.1111111111111111,0,0,0,1,"HTTPConnectionPool(host='localhost', port=11434): Max retries exceeded with url: /api/generate (Caused by NewConnectionE",,,,,,
2,Urothelial carcinoma (expanded population),biokg,kg,llama3.2:1b,1,8,G,9,0.1111111111111111,0,0,0,1,"HTTPConnectionPool(host='localhost', port=11434): Max retries exceeded with url: /api/generate (Caused by NewConnectionE",,,,,,
2,Crohn's disease,biokg,kg,llama3.2:1b,0,8,A,1,1.0,1,1,1,1,"HTTPConnectionPool(host='localhost', port=11434): Max retries exceeded with url: /api/generate (Caused by NewConnectionE",,,,,,
2,Crohn's disease,biokg,kg,llama3.2:1b,1,8,C,9,0.1111111111111111,0,0,0,1,"HTTPConnectionPool(host='localhost', port=11434): Max retries exceeded with url: /api/generate (Caused by NewConnectionE",,,,,,
2,RAS wild-type HER2+ metastatic colorectal cancer,biokg,kg,llama3.2:1b,0,8,B,9,0.1111111111111111,0,0,0,1,"HTTPConnectionPool(host='localhost', port=11434): Max retries exceeded with url: /api/generate (Caused by NewConnectionE",,,,,,
2,RAS wild-type HER2+ metastatic colorectal cancer,biokg,kg,llama3.2:1b,1,8,E,9,0.1111111111111111,0,0,0,1,"HTTPConnectionPool(host='localhost', port=11434): Max retries exceeded with url: /api/generate (Caused by NewConnectionE",,,,,,
2,Atopic dermatitis,biokg,kg,llama3.2:1b,0,8,E,9,0.1111111111111111,0,0,0,1,"HTTPConnectionPool(host='localhost', port=11434): Max retries exceeded with url: /api/generate (Caused by NewConnectionE",,,,,,
2,Atopic dermatitis,biokg,kg,llama3.2:1b,1,8,C,9,0.1111111111111111,0,0,0,1,"HTTPConnectionPool(host='localhost', port=11434): Max retries exceeded with url: /api/generate (Caused by NewConnectionE",,,,,,
2,dMMR recurrent/advanced endometrial cancer,biokg,kg,llama3.2:1b,0,8,G,9,0.1111111111111111,0,0,0,1,"HTTPConnectionPool(host='localhost', port=11434): Max retries exceeded with url: /api/generate (Caused by NewConnectionE",,,,,,
2,dMMR recurrent/advanced endometrial cancer,biokg,kg,llama3.2:1b,1,8,A,1,1.0,1,1,1,1,"HTTPConnectionPool(host='localhost', port=11434): Max retries exceeded with url: /api/generate (Caused by NewConnectionE",,,,,,
2,Polymyalgia rheumatica,biokg,kg,llama3.2:1b,0,8,G,9,0.1111111111111111,0,0,0,1,"HTTPConnectionPool(host='localhost', port=11434): Max retries exceeded with url: /api/generate (Caused by NewConnectionE",,,,,,
2,Polymyalgia rheumatica,biokg,kg,llama3.2:1b,1,8,H,9,0.1111111111111111,0,0,0,1,"HTTPConnectionPool(host='localhost', port=11434): Max retries exceeded with url: /api/generate (Caused by NewConnectionE",,,,,,
2,Metastatic colorectal cancer,biokg,kg,llama3.2:1b,0,8,F,9,0.1111111111111111,0,0,0,1,"HTTPConnectionPool(host='localhost', port=11434): Max retries exceeded with url: /api/generate (Caused by NewConnectionE",,,,,,
2,Metastatic colorectal cancer,biokg,kg,llama3.2:1b,1,8,F,9,0.1111111111111111,0,0,0,1,"HTTPConnectionPool(host='localhost', port=11434): Max retries exceeded with url: /api/generate (Caused by NewConnectionE",,,,,,
2,Ulcerative colitis,biokg,kg,llama3.2:1b,0,8,A,1,1.0,1,1,1,1,"HTTPConnectionPool(host='localhost', port=11434): Max retries exceeded with url: /api/generate (Caused by NewConnectionE",,,,,,
2,Ulcerative colitis,biokg,kg,llama3.2:1b,1,8,E,9,0.1111111111111111,0,0,0,1,"HTTPConnectionPool(host='localhost', port=11434): Max retries exceeded with url: /api/generate (Caused by NewConnectionE",,,,,,
2,MSI-H/dMMR solid tumors (full approval conversion),biokg,kg,llama3.2:1b,0,8,H,9,0.1111111111111111,0,0,0,1,"HTTPConnectionPool(host='localhost', port=11434): Max retries exceeded with url: /api/generate (Caused by NewConnectionE",,,,,,
2,MSI-H/dMMR solid tumors (full approval conversion),biokg,kg,llama3.2:1b,1,8,G,9,0.1111111111111111,0,0,0,1,"HTTPConnectionPool(host='localhost', port=11434): Max retries exceeded with url: /api/generate (Caused by NewConnectionE",,,,,,
2,Schnitzler syndrome (Japan),biokg,kg,llama3.2:1b,0,8,B,9,0.1111111111111111,0,0,0,1,"HTTPConnectionPool(host='localhost', port=11434): Max retries exceeded with url: /api/generate (Caused by NewConnectionE",,,,,,
2,Schnitzler syndrome (Japan),biokg,kg,llama3.2:1b,1,8,H,9,0.1111111111111111,0,0,0,1,"HTTPConnectionPool(host='localhost', port=11434): Max retries exceeded with url: /api/generate (Caused by NewConnectionE",,,,,,
2,HR+/HER2- metastatic breast cancer,biokg,kg,llama3.2:1b,0,8,C,9,0.1111111111111111,0,0,0,1,"HTTPConnectionPool(host='localhost', port=11434): Max retries exceeded with url: /api/generate (Caused by NewConnectionE",,,,,,
2,HR+/HER2- metastatic breast cancer,biokg,kg,llama3.2:1b,1,8,H,9,0.1111111111111111,0,0,0,1,"HTTPConnectionPool(host='localhost', port=11434): Max retries exceeded with url: /api/generate (Caused by NewConnectionE",,,,,,
2,Giant cell arteritis,biokg,kg,llama3.2:1b,0,8,A,1,1.0,1,1,1,1,"HTTPConnectionPool(host='localhost', port=11434): Max retries exceeded with url: /api/generate (Caused by NewConnectionE",,,,,,
2,Giant cell arteritis,biokg,kg,llama3.2:1b,1,8,H,9,0.1111111111111111,0,0,0,1,"HTTPConnectionPool(host='localhost', port=11434): Max retries exceeded with url: /api/generate (Caused by NewConnectionE",,,,,,
2,Neoadj+adj HNSCC,biokg,kg,llama3.2:1b,0,8,C,9,0.1111111111111111,0,0,0,1,"HTTPConnectionPool(host='localhost', port=11434): Max retries exceeded with url: /api/generate (Caused by NewConnectionE",,,,,,
2,Neoadj+adj HNSCC,biokg,kg,llama3.2:1b,1,8,B,9,0.1111111111111111,0,0,0,1,"HTTPConnectionPool(host='localhost', port=11434): Max retries exceeded with url: /api/generate (Caused by NewConnectionE",,,,,,
2,Psoriasis in children 6-11 (cream),biokg,kg,llama3.2:1b,0,8,A,1,1.0,1,1,1,1,"HTTPConnectionPool(host='localhost', port=11434): Max retries exceeded with url: /api/generate (Caused by NewConnectionE",,,,,,
2,Psoriasis in children 6-11 (cream),biokg,kg,llama3.2:1b,1,8,H,9,0.1111111111111111,0,0,0,1,"HTTPConnectionPool(host='localhost', port=11434): Max retries exceeded with url: /api/generate (Caused by NewConnectionE",,,,,,
2,dMMR/MSI-H primary advanced endometrial cancer (+chemo),biokg,kg,llama3.2:1b,0,8,A,1,1.0,1,1,1,1,"HTTPConnectionPool(host='localhost', port=11434): Max retries exceeded with url: /api/generate (Caused by NewConnectionE",,,,,,
2,dMMR/MSI-H primary advanced endometrial cancer (+chemo),biokg,kg,llama3.2:1b,1,8,F,9,0.1111111111111111,0,0,0,1,"HTTPConnectionPool(host='localhost', port=11434): Max retries exceeded with url: /api/generate (Caused by NewConnectionE",,,,,,
2,Primary immunodeficiency pediatric (EMA),biokg,kg,llama3.2:1b,0,8,C,9,0.1111111111111111,0,0,0,1,"HTTPConnectionPool(host='localhost', port=11434): Max retries exceeded with url: /api/generate (Caused by NewConnectionE",,,,,,
2,Primary immunodeficiency pediatric (EMA),biokg,kg,llama3.2:1b,1,8,C,9,0.1111111111111111,0,0,0,1,"HTTPConnectionPool(host='localhost', port=11434): Max retries exceeded with url: /api/generate (Caused by NewConnectionE",,,,,,
2,HR+/HER2- breast cancer,biokg,kg,llama3.2:1b,0,8,C,9,0.1111111111111111,0,0,0,1,"HTTPConnectionPool(host='localhost', port=11434): Max retries exceeded with url: /api/generate (Caused by NewConnectionE",,,,,,
2,HR+/HER2- breast cancer,biokg,kg,llama3.2:1b,1,8,D,9,0.1111111111111111,0,0,0,1,"HTTPConnectionPool(host='localhost', port=11434): Max retries exceeded with url: /api/generate (Caused by NewConnectionE",,,,,,
2,Ulcerative colitis,biokg,kg,llama3.2:1b,0,8,B,9,0.1111111111111111,0,0,0,1,"HTTPConnectionPool(host='localhost', port=11434): Max retries exceeded with url: /api/generate (Caused by NewConnectionE",,,,,,
2,Ulcerative colitis,biokg,kg,llama3.2:1b,1,8,A,1,1.0,1,1,1,1,"HTTPConnectionPool(host='localhost', port=11434): Max retries exceeded with url: /api/generate (Caused by NewConnectionE",,,,,,
2,HER2-mutant NSCLC (PMDA),biokg,kg,llama3.2:1b,0,8,B,9,0.1111111111111111,0,0,0,1,"HTTPConnectionPool(host='localhost', port=11434): Max retries exceeded with url: /api/generate (Caused by NewConnectionE",,,,,,
2,HER2-mutant NSCLC (PMDA),biokg,kg,llama3.2:1b,1,8,H,9,0.1111111111111111,0,0,0,1,"HTTPConnectionPool(host='localhost', port=11434): Max retries exceeded with url: /api/generate (Caused by NewConnectionE",,,,,,
2,Pediatric atopic dermatitis,biokg,kg,llama3.2:1b,0,8,E,9,0.1111111111111111,0,0,0,1,"HTTPConnectionPool(host='localhost', port=11434): Max retries exceeded with url: /api/generate (Caused by NewConnectionE",,,,,,
2,Pediatric atopic dermatitis,biokg,kg,llama3.2:1b,1,8,B,9,0.1111111111111111,0,0,0,1,"HTTPConnectionPool(host='localhost', port=11434): Max retries exceeded with url: /api/generate (Caused by NewConnectionE",,,,,,
2,HER2-mutant NSCLC (EMA),biokg,kg,llama3.2:1b,0,8,A,1,1.0,1,1,1,1,"HTTPConnectionPool(host='localhost', port=11434): Max retries exceeded with url: /api/generate (Caused by NewConnectionE",,,,,,
2,HER2-mutant NSCLC (EMA),biokg,kg,llama3.2:1b,1,8,D,9,0.1111111111111111,0,0,0,1,"HTTPConnectionPool(host='localhost', port=11434): Max retries exceeded with url: /api/generate (Caused by NewConnectionE",,,,,,
2,IV formulation for rheumatic diseases (EMA),biokg,kg,llama3.2:1b,0,8,F,9,0.1111111111111111,0,0,0,1,"HTTPConnectionPool(host='localhost', port=11434): Max retries exceeded with url: /api/generate (Caused by NewConnectionE",,,,,,
2,IV formulation for rheumatic diseases (EMA),biokg,kg,llama3.2:1b,1,8,F,9,0.1111111111111111,0,0,0,1,"HTTPConnectionPool(host='localhost', port=11434): Max retries exceeded with url: /api/generate (Caused by NewConnectionE",,,,,,
2,Resectable gastric/GEJ adenocarcinoma (neoadj+adj +FLOT),biokg,kg,llama3.2:1b,0,8,F,9,0.1111111111111111,0,0,0,1,"HTTPConnectionPool(host='localhost', port=11434): Max retries exceeded with url: /api/generate (Caused by NewConnectionE",,,,,,
2,Resectable gastric/GEJ adenocarcinoma (neoadj+adj +FLOT),biokg,kg,llama3.2:1b,1,8,C,9,0.1111111111111111,0,0,0,1,"HTTPConnectionPool(host='localhost', port=11434): Max retries exceeded with url: /api/generate (Caused by NewConnectionE",,,,,,
2,Antibody-mediated rejection in organ transplantation,biokg,kg,llama3.2:1b,0,8,E,9,0.1111111111111111,0,0,0,1,"HTTPConnectionPool(host='localhost', port=11434): Max retries exceeded with url: /api/generate (Caused by NewConnectionE",,,,,,
2,Antibody-mediated rejection in organ transplantation,biokg,kg,llama3.2:1b,1,8,B,9,0.1111111111111111,0,0,0,1,"HTTPConnectionPool(host='localhost', port=11434): Max retries exceeded with url: /api/generate (Caused by NewConnectionE",,,,,,
2,RET-fusion NSCLC (expanded),biokg,kg,llama3.2:1b,0,8,H,9,0.1111111111111111,0,0,0,1,"HTTPConnectionPool(host='localhost', port=11434): Max retries exceeded with url: /api/generate (Caused by NewConnectionE",,,,,,
2,RET-fusion NSCLC (expanded),biokg,kg,llama3.2:1b,1,8,A,1,1.0,1,1,1,1,"HTTPConnectionPool(host='localhost', port=11434): Max retries exceeded with url: /api/generate (Caused by NewConnectionE",,,,,,
2,EGPA,biokg,kg,llama3.2:1b,0,8,E,9,0.1111111111111111,0,0,0,1,"HTTPConnectionPool(host='localhost', port=11434): Max retries exceeded with url: /api/generate (Caused by NewConnectionE",,,,,,
2,EGPA,biokg,kg,llama3.2:1b,1,8,A,1,1.0,1,1,1,1,"HTTPConnectionPool(host='localhost', port=11434): Max retries exceeded with url: /api/generate (Caused by NewConnectionE",,,,,,
2,HR+/HER2- metastatic breast cancer,biokg,kg,llama3.2:1b,0,8,F,9,0.1111111111111111,0,0,0,1,"HTTPConnectionPool(host='localhost', port=11434): Max retries exceeded with url: /api/generate (Caused by NewConnectionE",,,,,,
2,HR+/HER2- metastatic breast cancer,biokg,kg,llama3.2:1b,1,8,E,9,0.1111111111111111,0,0,0,1,"HTTPConnectionPool(host='localhost', port=11434): Max retries exceeded with url: /api/generate (Caused by NewConnectionE",,,,,,
2,Primary humoral immunodeficiency pediatric 2-11yr,biokg,kg,llama3.2:1b,0,8,D,9,0.1111111111111111,0,0,0,1,"HTTPConnectionPool(host='localhost', port=11434): Max retries exceeded with url: /api/generate (Caused by NewConnectionE",,,,,,
2,Primary humoral immunodeficiency pediatric 2-11yr,biokg,kg,llama3.2:1b,1,8,E,9,0.1111111111111111,0,0,0,1,"HTTPConnectionPool(host='localhost', port=11434): Max retries exceeded with url: /api/generate (Caused by NewConnectionE",,,,,,
2,Pediatric glioma (EMA),biokg,kg,llama3.2:1b,0,8,A,1,1.0,1,1,1,1,"HTTPConnectionPool(host='localhost', port=11434): Max retries exceeded with url: /api/generate (Caused by NewConnectionE",,,,,,
2,Pediatric glioma (EMA),biokg,kg,llama3.2:1b,1,8,E,9,0.1111111111111111,0,0,0,1,"HTTPConnectionPool(host='localhost', port=11434): Max retries exceeded with url: /api/generate (Caused by NewConnectionE",,,,,,
2,Juvenile idiopathic arthritis (EMA Feb 2026),biokg,kg,llama3.2:1b,0,8,B,9,0.1111111111111111,0,0,0,1,"HTTPConnectionPool(host='localhost', port=11434): Max retries exceeded with url: /api/generate (Caused by NewConnectionE",,,,,,
2,Juvenile idiopathic arthritis (EMA Feb 2026),biokg,kg,llama3.2:1b,1,8,C,9,0.1111111111111111,0,0,0,1,"HTTPConnectionPool(host='localhost', port=11434): Max retries exceeded with url: /api/generate (Caused by NewConnectionE",,,,,,
2,Ph+ CML-CP after 2+ TKIs,biokg,kg,llama3.2:1b,0,8,E,9,0.1111111111111111,0,0,0,1,"HTTPConnectionPool(host='localhost', port=11434): Max retries exceeded with url: /api/generate (Caused by NewConnectionE",,,,,,
2,Ph+ CML-CP after 2+ TKIs,biokg,kg,llama3.2:1b,1,8,A,1,1.0,1,1,1,1,"HTTPConnectionPool(host='localhost', port=11434): Max retries exceeded with url: /api/generate (Caused by NewConnectionE",,,,,,
2,KRAS G12C+ mCRC,biokg,kg,llama3.2:1b,0,8,C,9,0.1111111111111111,0,0,0,1,"HTTPConnectionPool(host='localhost', port=11434): Max retries exceeded with url: /api/generate (Caused by NewConnectionE",,,,,,
2,KRAS G12C+ mCRC,biokg,kg,llama3.2:1b,1,8,D,9,0.1111111111111111,0,0,0,1,"HTTPConnectionPool(host='localhost', port=11434): Max retries exceeded with url: /api/generate (Caused by NewConnectionE",,,,,,
2,HR+/HER2- early breast cancer (adjuvant),biokg,kg,llama3.2:1b,0,8,B,9,0.1111111111111111,0,0,0,1,"HTTPConnectionPool(host='localhost', port=11434): Max retries exceeded with url: /api/generate (Caused by NewConnectionE",,,,,,
2,HR+/HER2- early breast cancer (adjuvant),biokg,kg,llama3.2:1b,1,8,C,9,0.1111111111111111,0,0,0,1,"HTTPConnectionPool(host='localhost', port=11434): Max retries exceeded with url: /api/generate (Caused by NewConnectionE",,,,,,
2,First-line anemia in lower-risk MDS,biokg,kg,llama3.2:1b,0,8,A,1,1.0,1,1,1,1,"HTTPConnectionPool(host='localhost', port=11434): Max retries exceeded with url: /api/generate (Caused by NewConnectionE",,,,,,
2,First-line anemia in lower-risk MDS,biokg,kg,llama3.2:1b,1,8,C,9,0.1111111111111111,0,0,0,1,"HTTPConnectionPool(host='localhost', port=11434): Max retries exceeded with url: /api/generate (Caused by NewConnectionE",,,,,,
2,Follicular lymphoma (+obinutuzumab),biokg,kg,llama3.2:1b,0,8,F,9,0.1111111111111111,0,0,0,1,"HTTPConnectionPool(host='localhost', port=11434): Max retries exceeded with url: /api/generate (Caused by NewConnectionE",,,,,,
2,Follicular lymphoma (+obinutuzumab),biokg,kg,llama3.2:1b,1,8,F,9,0.1111111111111111,0,0,0,1,"HTTPConnectionPool(host='localhost', port=11434): Max retries exceeded with url: /api/generate (Caused by NewConnectionE",,,,,,
2,1L biliary tract cancer (+gemcitabine+cisplatin),biokg,kg,llama3.2:1b,0,8,C,9,0.1111111111111111,0,0,0,1,"HTTPConnectionPool(host='localhost', port=11434): Max retries exceeded with url: /api/generate (Caused by NewConnectionE",,,,,,
2,1L biliary tract cancer (+gemcitabine+cisplatin),biokg,kg,llama3.2:1b,1,8,A,1,1.0,1,1,1,1,"HTTPConnectionPool(host='localhost', port=11434): Max retries exceeded with url: /api/generate (Caused by NewConnectionE",,,,,,
2,"ALK+ solid tumors (tissue-agnostic, world-first)",biokg,kg,llama3.2:1b,0,8,B,9,0.1111111111111111,0,0,0,1,"HTTPConnectionPool(host='localhost', port=11434): Max retries exceeded with url: /api/generate (Caused by NewConnectionE",,,,,,
2,"ALK+ solid tumors (tissue-agnostic, world-first)",biokg,kg,llama3.2:1b,1,8,A,1,1.0,1,1,1,1,"HTTPConnectionPool(host='localhost', port=11434): Max retries exceeded with url: /api/generate (Caused by NewConnectionE",,,,,,
2,Pediatric BRAF V600E low-grade glioma,biokg,kg,llama3.2:1b,0,8,F,9,0.1111111111111111,0,0,0,1,"HTTPConnectionPool(host='localhost', port=11434): Max retries exceeded with url: /api/generate (Caused by NewConnectionE",,,,,,
2,Pediatric BRAF V600E low-grade glioma,biokg,kg,llama3.2:1b,1,8,H,9,0.1111111111111111,0,0,0,1,"HTTPConnectionPool(host='localhost', port=11434): Max retries exceeded with url: /api/generate (Caused by NewConnectionE",,,,,,
2,Platinum-resistant ovarian carcinoma (PD-L1+ CPS≥1),biokg,kg,llama3.2:1b,0,8,H,9,0.1111111111111111,0,0,0,1,"HTTPConnectionPool(host='localhost', port=11434): Max retries exceeded with url: /api/generate (Caused by NewConnectionE",,,,,,
2,Platinum-resistant ovarian carcinoma (PD-L1+ CPS≥1),biokg,kg,llama3.2:1b,1,8,C,9,0.1111111111111111,0,0,0,1,"HTTPConnectionPool(host='localhost', port=11434): Max retries exceeded with url: /api/generate (Caused by NewConnectionE",,,,,,
2,Ph+ CML-CP frontline (EMA Feb 2026),biokg,kg,llama3.2:1b,0,8,E,9,0.1111111111111111,0,0,0,1,"HTTPConnectionPool(host='localhost', port=11434): Max retries exceeded with url: /api/generate (Caused by NewConnectionE",,,,,,
2,Ph+ CML-CP frontline (EMA Feb 2026),biokg,kg,llama3.2:1b,1,8,C,9,0.1111111111111111,0,0,0,1,"HTTPConnectionPool(host='localhost', port=11434): Max retries exceeded with url: /api/generate (Caused by NewConnectionE",,,,,,
2,Gastric/GEJ adenocarcinoma,biokg,kg,llama3.2:1b,0,8,A,1,1.0,1,1,1,1,"HTTPConnectionPool(host='localhost', port=11434): Max retries exceeded with url: /api/generate (Caused by NewConnectionE",,,,,,
2,Gastric/GEJ adenocarcinoma,biokg,kg,llama3.2:1b,1,8,C,9,0.1111111111111111,0,0,0,1,"HTTPConnectionPool(host='localhost', port=11434): Max retries exceeded with url: /api/generate (Caused by NewConnectionE",,,,,,
2,Chronic lymphocytic leukemia,biokg,kg,llama3.2:1b,0,8,A,1,1.0,1,1,1,1,"HTTPConnectionPool(host='localhost', port=11434): Max retries exceeded with url: /api/generate (Caused by NewConnectionE",,,,,,
2,Chronic lymphocytic leukemia,biokg,kg,llama3.2:1b,1,8,A,1,1.0,1,1,1,1,"HTTPConnectionPool(host='localhost', port=11434): Max retries exceeded with url: /api/generate (Caused by NewConnectionE",,,,,,
2,HER2+ early-stage BC (neoadjuvant + adjuvant),biokg,kg,llama3.2:1b,0,8,G,9,0.1111111111111111,0,0,0,1,"HTTPConnectionPool(host='localhost', port=11434): Max retries exceeded with url: /api/generate (Caused by NewConnectionE",,,,,,
2,HER2+ early-stage BC (neoadjuvant + adjuvant),biokg,kg,llama3.2:1b,1,8,B,9,0.1111111111111111,0,0,0,1,"HTTPConnectionPool(host='localhost', port=11434): Max retries exceeded with url: /api/generate (Caused by NewConnectionE",,,,,,
2,HR+/HER2-low breast cancer,biokg,kg,llama3.2:1b,0,8,C,9,0.1111111111111111,0,0,0,1,"HTTPConnectionPool(host='localhost', port=11434): Max retries exceeded with url: /api/generate (Caused by NewConnectionE",,,,,,
2,HR+/HER2-low breast cancer,biokg,kg,llama3.2:1b,1,8,B,9,0.1111111111111111,0,0,0,1,"HTTPConnectionPool(host='localhost', port=11434): Max retries exceeded with url: /api/generate (Caused by NewConnectionE",,,,,,
2,"Pediatric low-grade glioma (+dabrafenib, BRAF V600E)",biokg,kg,llama3.2:1b,0,8,F,9,0.1111111111111111,0,0,0,1,"HTTPConnectionPool(host='localhost', port=11434): Max retries exceeded with url: /api/generate (Caused by NewConnectionE",,,,,,
2,"Pediatric low-grade glioma (+dabrafenib, BRAF V600E)",biokg,kg,llama3.2:1b,1,8,H,9,0.1111111111111111,0,0,0,1,"HTTPConnectionPool(host='localhost', port=11434): Max retries exceeded with url: /api/generate (Caused by NewConnectionE",,,,,,
2,Unresectable thymic carcinoma (PMDA),biokg,kg,llama3.2:1b,0,8,B,9,0.1111111111111111,0,0,0,1,"HTTPConnectionPool(host='localhost', port=11434): Max retries exceeded with url: /api/generate (Caused by NewConnectionE",,,,,,
2,Unresectable thymic carcinoma (PMDA),biokg,kg,llama3.2:1b,1,8,H,9,0.1111111111111111,0,0,0,1,"HTTPConnectionPool(host='localhost', port=11434): Max retries exceeded with url: /api/generate (Caused by NewConnectionE",,,,,,
2,BRAF+ thyroid cancer,biokg,kg,llama3.2:1b,0,8,A,1,1.0,1,1,1,1,"HTTPConnectionPool(host='localhost', port=11434): Max retries exceeded with url: /api/generate (Caused by NewConnectionE",,,,,,
2,BRAF+ thyroid cancer,biokg,kg,llama3.2:1b,1,8,B,9,0.1111111111111111,0,0,0,1,"HTTPConnectionPool(host='localhost', port=11434): Max retries exceeded with url: /api/generate (Caused by NewConnectionE",,,,,,
2,IDH1-mutated relapsed/refractory MDS,biokg,kg,llama3.2:1b,0,8,C,9,0.1111111111111111,0,0,0,1,"HTTPConnectionPool(host='localhost', port=11434): Max retries exceeded with url: /api/generate (Caused by NewConnectionE",,,,,,
2,IDH1-mutated relapsed/refractory MDS,biokg,kg,llama3.2:1b,1,8,F,9,0.1111111111111111,0,0,0,1,"HTTPConnectionPool(host='localhost', port=11434): Max retries exceeded with url: /api/generate (Caused by NewConnectionE",,,,,,
2,Biliary tract cancer,biokg,kg,llama3.2:1b,0,8,B,9,0.1111111111111111,0,0,0,1,"HTTPConnectionPool(host='localhost', port=11434): Max retries exceeded with url: /api/generate (Caused by NewConnectionE",,,,,,
2,Biliary tract cancer,biokg,kg,llama3.2:1b,1,8,A,1,1.0,1,1,1,1,"HTTPConnectionPool(host='localhost', port=11434): Max retries exceeded with url: /api/generate (Caused by NewConnectionE",,,,,,
2,"mCRC BRAF V600E (traditional approval, was accelerated)",biokg,kg,llama3.2:1b,0,8,H,9,0.1111111111111111,0,0,0,1,"HTTPConnectionPool(host='localhost', port=11434): Max retries exceeded with url: /api/generate (Caused by NewConnectionE",,,,,,
2,"mCRC BRAF V600E (traditional approval, was accelerated)",biokg,kg,llama3.2:1b,1,8,E,9,0.1111111111111111,0,0,0,1,"HTTPConnectionPool(host='localhost', port=11434): Max retries exceeded with url: /api/generate (Caused by NewConnectionE",,,,,,
2,Gastric/GEJ adenocarcinoma (1L +chemo),biokg,kg,llama3.2:1b,0,8,F,9,0.1111111111111111,0,0,0,1,"HTTPConnectionPool(host='localhost', port=11434): Max retries exceeded with url: /api/generate (Caused by NewConnectionE",,,,,,
2,Gastric/GEJ adenocarcinoma (1L +chemo),biokg,kg,llama3.2:1b,1,8,A,1,1.0,1,1,1,1,"HTTPConnectionPool(host='localhost', port=11434): Max retries exceeded with url: /api/generate (Caused by NewConnectionE",,,,,,
